{
  "timestamp": "2025-08-04T13:13:36.289424",
  "model_path": "models/trained_model",
  "data_path": "data/processed/balanced_evaluation_set.csv",
  "optimal_thresholds": {
    "Bukan Ujaran Kebencian": 0.7128300666809082,
    "Ujaran Kebencian - Ringan": 0.23315711319446564,
    "Ujaran Kebencian - Sedang": 0.20231807231903076,
    "Ujaran Kebencian - Berat": 0.33949577808380127
  },
  "threshold_optimization_results": {
    "Bukan Ujaran Kebencian": {
      "threshold": 0.7128300666809082,
      "f1_score": 0.802992513703273,
      "precision": 0.8009950248756219,
      "recall": 0.805
    },
    "Ujaran Kebencian - Ringan": {
      "threshold": 0.23315711319446564,
      "f1_score": 0.7851851801859474,
      "precision": 0.775609756097561,
      "recall": 0.795
    },
    "Ujaran Kebencian - Sedang": {
      "threshold": 0.20231807231903076,
      "f1_score": 0.7629796790200206,
      "precision": 0.6954732510288066,
      "recall": 0.845
    },
    "Ujaran Kebencian - Berat": {
      "threshold": 0.33949577808380127,
      "f1_score": 0.8719211772671018,
      "precision": 0.8592233009708737,
      "recall": 0.885
    }
  },
  "evaluation_with_thresholds": {
    "accuracy": 0.80375,
    "macro_avg": {
      "precision": 0.8061688287150689,
      "recall": 0.80375,
      "f1_score": 0.8036027350119745
    },
    "weighted_avg": {
      "precision": 0.8061688287150689,
      "recall": 0.80375,
      "f1_score": 0.8036027350119747
    },
    "per_class_metrics": {
      "Bukan Ujaran Kebencian": {
        "precision": 0.7510917030567685,
        "recall": 0.86,
        "f1_score": 0.8018648018648019,
        "support": 200
      },
      "Ujaran Kebencian - Ringan": {
        "precision": 0.827027027027027,
        "recall": 0.765,
        "f1_score": 0.7948051948051948,
        "support": 200
      },
      "Ujaran Kebencian - Sedang": {
        "precision": 0.7696335078534031,
        "recall": 0.735,
        "f1_score": 0.7519181585677749,
        "support": 200
      },
      "Ujaran Kebencian - Berat": {
        "precision": 0.8769230769230769,
        "recall": 0.855,
        "f1_score": 0.8658227848101265,
        "support": 200
      }
    },
    "classification_report": {
      "Bukan Ujaran Kebencian": {
        "precision": 0.7510917030567685,
        "recall": 0.86,
        "f1-score": 0.8018648018648019,
        "support": 200.0
      },
      "Ujaran Kebencian - Ringan": {
        "precision": 0.827027027027027,
        "recall": 0.765,
        "f1-score": 0.7948051948051948,
        "support": 200.0
      },
      "Ujaran Kebencian - Sedang": {
        "precision": 0.7696335078534031,
        "recall": 0.735,
        "f1-score": 0.7519181585677749,
        "support": 200.0
      },
      "Ujaran Kebencian - Berat": {
        "precision": 0.8769230769230769,
        "recall": 0.855,
        "f1-score": 0.8658227848101265,
        "support": 200.0
      },
      "accuracy": 0.80375,
      "macro avg": {
        "precision": 0.8061688287150689,
        "recall": 0.80375,
        "f1-score": 0.8036027350119745,
        "support": 800.0
      },
      "weighted avg": {
        "precision": 0.8061688287150689,
        "recall": 0.80375,
        "f1-score": 0.8036027350119747,
        "support": 800.0
      }
    },
    "confusion_matrix": [
      [
        172,
        12,
        10,
        6
      ],
      [
        29,
        153,
        16,
        2
      ],
      [
        18,
        19,
        147,
        16
      ],
      [
        10,
        1,
        18,
        171
      ]
    ]
  },
  "performance_comparison": {
    "default_model": {
      "accuracy": 0.7375,
      "f1_macro": 0.7371872114324589,
      "f1_weighted": 0.7371872114324589
    },
    "threshold_tuned": {
      "accuracy": 0.80375,
      "f1_macro": 0.8036027350119745,
      "f1_weighted": 0.8036027350119747
    },
    "improvements": {
      "accuracy_improvement": 0.06624999999999992,
      "f1_macro_improvement": 0.06641552357951563,
      "f1_weighted_improvement": 0.06641552357951575
    }
  }
}