text,label,filter_analysis
sengit boneka kain,0,"{'action': 'keep', 'western_matches': [], 'convertible_matches': [], 'reason': ''}"
Aku bakal omah-omah karo wong sing seneng nyerang wong Mesir kaya aku,1,"{'action': 'keep', 'western_matches': [], 'convertible_matches': [], 'reason': ''}"
"sial, aku sengit kanca palsu!",0,"{'action': 'keep', 'western_matches': [], 'convertible_matches': [], 'reason': ''}"
Aku nyengkuyung mateni wong sing golek suaka,3,"{'action': 'keep', 'western_matches': [], 'convertible_matches': [], 'reason': ''}"
Aku luwih seneng nyekel koronavirus tinimbang ngubengi wong Tionghoa,3,"{'action': 'keep', 'western_matches': [], 'convertible_matches': [], 'reason': ''}"
"Sampeyan kudu nindakake yen sampeyan bisa yaiku sekolah ing omah bocah-bocah paling ora nganti sekolah menengah amarga iki minangka titik sing mbebayani ing urip anak-anak sampeyan. Ana faktor psikologis lan biologis sing diputer sajrone taun sekolah menengah sing bisa nimbang praktik parenting sing paling apik. Singkat: Bocah-bocah wadon tekan pubertas luwih awal tinimbang lanang. Apa sampeyan uga ngerti yen ing umur baligh ana kraman marang wong tuwa ... nalika jaman SMA dudu ide sing ala. Bocah-bocah wadon sing awake dhewe nanging durung diwasa banget dipisahake saka bocah-bocah sekolah menengah sing luwih diwasa. Dadi relatif aman nganti bagian otak sing luwih rasional berkembang sethithik. Ketik integrasi sekolah lan ora mung bocah lanang tekan kadewasan seksual luwih awal, akeh sing uga nyelehake tingkat utawa loro. Dadi saiki sampeyan duwe bocah-bocah wadon 12, 13, lan 14 taun ing kelas karo lanang muscled gedhe sing pumping testosteron lan pheromones kaya edan. nambah iki numpuk bantuan saka disrespect kanggo guru lan sampeyan duwe resep bilai.",0,"{'action': 'keep', 'western_matches': [], 'convertible_matches': [], 'reason': ''}"
Aku ora pengin ketemu psikopat sialan iku ing gang peteng,0,"{'action': 'keep', 'western_matches': [], 'convertible_matches': [], 'reason': ''}"
"Aku pitutur marang kowe, kepiye yen sampeyan lunga?",0,"{'action': 'keep', 'western_matches': [], 'convertible_matches': [], 'reason': ''}"
Aku menehi sampeyan: sassy L3zzers! Galeri gambar #4,1,"{'action': 'keep', 'western_matches': [], 'convertible_matches': [], 'reason': ''}"
sadulurku diowahi lan luwih seneng saiki,0,"{'action': 'keep', 'western_matches': [], 'convertible_matches': [], 'reason': ''}"
akeh banget ala ing negara iki,0,"{'action': 'keep', 'western_matches': [], 'convertible_matches': [], 'reason': ''}"
"iku bener: Nalika iku alam kanggo kita Leftists kanggo melu ing anxieties cilik, Kita kudu ora ngidini dhéwé kanggo nglelebke kanggo tingkat kewan ... Pramila Tories ahli ing perang saben liyane liwat omong kosong cilik.",0,"{'action': 'keep', 'western_matches': [], 'convertible_matches': [], 'reason': ''}"
sampah bumi,0,"{'action': 'keep', 'western_matches': [], 'convertible_matches': [], 'reason': ''}"
isih nggunakake tembung dipatèni,2,"{'action': 'keep', 'western_matches': [], 'convertible_matches': [], 'reason': ''}"
"Aku tresna Prancis. Sajarah, basa, budaya, pengaruh gedhe ing donya. Ora ana papan sing luwih apik ing Bumi. Nanging, luwih akeh wong sing sengit sing manggon ing kene. Keagungan nasional iki bakal owah.",0,"{'action': 'keep', 'western_matches': [], 'convertible_matches': [], 'reason': ''}"
"halo sedulur ireng, dieeeeeeee",1,"{'action': 'keep', 'western_matches': [], 'convertible_matches': [], 'reason': ''}"
"iki tambah konyol, kok kabeh wong nganggep cangkul iku ora jahat, iku lan kudu dadi kawruh umum kanggo kabeh wong, aku ora pengin kudu mubeng-mubeng ngomong wong nalika wis ngerti.",1,"{'action': 'keep', 'western_matches': [], 'convertible_matches': [], 'reason': ''}"
"sial, bapakku ngapusi ibuku!",0,"{'action': 'keep', 'western_matches': [], 'convertible_matches': [], 'reason': ''}"
Njaluk wong liyo metu,1,"{'action': 'keep', 'western_matches': [], 'convertible_matches': [], 'reason': ''}"
Geni neraka digawe kanggo wong kaya sampeyan!,0,"{'action': 'keep', 'western_matches': [], 'convertible_matches': [], 'reason': ''}"
"Ing dina Jumuah 30 Oktober 2020, ewonan warga protes ing ngarep Kedutaan Besar Prancis ing London, kanthi terang-terangan nglanggar peraturan COVID lan Aturan 6: Nalika warga Inggris ngumpul kanggo protes, dheweke diserang nganggo baton, dicekel, dileksanakake polisi lan polisi. panitia nampa denda Â¬Â£10.000. Undhang-undhang negara kudu ditrapake kanggo saben wong, nanging ora ditrapake kanggo sawetara warga sing isih diidini ngatur protes gedhe-gedhe, kaya sing kedadeyan ing London tanggal 30 Oktober.",0,"{'action': 'keep', 'western_matches': [], 'convertible_matches': [], 'reason': ''}"
Aku ora pengin nongkrong karo wong sing ora duwe omah,1,"{'action': 'keep', 'western_matches': [], 'convertible_matches': [], 'reason': ''}"
Aku luwih seneng njaluk coronavirus tinimbang dadi bodho kaya sampeyan,0,"{'action': 'keep', 'western_matches': [], 'convertible_matches': [], 'reason': ''}"
"Nuwun sewu, nanging carane lanang bisa dadi cah wadon",0,"{'action': 'keep', 'western_matches': [], 'convertible_matches': [], 'reason': ''}"
Misi nylametake iki minangka bencana. Muga-muga kabeh pelaut bakal mati,3,"{'action': 'keep', 'western_matches': [], 'convertible_matches': [], 'reason': ''}"
sampah donya? crack- wong sing ora masuk akal lan njijiki,2,"{'action': 'keep', 'western_matches': [], 'convertible_matches': [], 'reason': ''}"
Aku sengit konsep sengit,0,"{'action': 'keep', 'western_matches': [], 'convertible_matches': [], 'reason': ''}"
"dheweke kudu nyalahake British First, iki minangka doktrin perang rasis. Periode",0,"{'action': 'keep', 'western_matches': [], 'convertible_matches': [], 'reason': ''}"
Ana akeh anti-masker nanging aku kepengin weruh yen ana wong ing kana sing anti cuci tangan,1,"{'action': 'keep', 'western_matches': [], 'convertible_matches': [], 'reason': ''}"
"Mbahku ngandhani yen sekolahe ora ana bocah India, lan wong-wong padha mikir kenapa aku bungah amarga ora lair 80 taun kepungkur.",0,"{'action': 'keep', 'western_matches': [], 'convertible_matches': [], 'reason': ''}"
Smith teka tengen minangka goroh insufferable.,0,"{'action': 'keep', 'western_matches': [], 'convertible_matches': [], 'reason': ''}"
l3zv0z ati-ati!,1,"{'action': 'keep', 'western_matches': [], 'convertible_matches': [], 'reason': ''}"
Opossum ora diidini ing taman iki,0,"{'action': 'keep', 'western_matches': [], 'convertible_matches': [], 'reason': ''}"
Aku seneng gagasan kanggo nggayuh tujuan lan njupuk akhir minggu!,0,"{'action': 'keep', 'western_matches': [], 'convertible_matches': [], 'reason': ''}"
Aku ora seneng menyang kafe,0,"{'action': 'keep', 'western_matches': [], 'convertible_matches': [], 'reason': ''}"
Cowok jaman sekarang tuh BAJINGAN !!,2,"{'action': 'keep', 'western_matches': [], 'convertible_matches': [], 'reason': ''}"
"Basa Spanyol sing dituturake dening wong Meksiko mung basa India sing ora ana hubungane karo Spanyol Eropa. Elinga, lan uga yen wong-wong iki wis sinau, dheweke ora bakal ninggalake Meksiko teka ing kene lan nggosok jambanku.",3,"{'action': 'keep', 'western_matches': [], 'convertible_matches': [], 'reason': ''}"
omahku bisa mangan telekku,0,"{'action': 'keep', 'western_matches': [], 'convertible_matches': [], 'reason': ''}"
Aku ora bisa tresna marang simbah,0,"{'action': 'keep', 'western_matches': [], 'convertible_matches': [], 'reason': ''}"
Ayo dadi pirembagan bab antithesis saka kemurnian: konser rock,0,"{'action': 'keep', 'western_matches': [], 'convertible_matches': [], 'reason': ''}"
Wilayah iki umume didunungi dening wong Tionghoa. Iku banget multikultural.,0,"{'action': 'keep', 'western_matches': [], 'convertible_matches': [], 'reason': ''}"
Aku seneng gagasan ngobong kabeh trance,3,"{'action': 'keep', 'western_matches': [], 'convertible_matches': [], 'reason': ''}"
"konservatif iku wong ora duwe pikiran lan njijiki, padha sengit marang wong miskin lan pengin donya bisa ing aturan",0,"{'action': 'keep', 'western_matches': [], 'convertible_matches': [], 'reason': ''}"
"Ana akeh perkara sing aku ora seneng babagan Inggris. Contone, sanajan kita duwe pesisir sing nggumunake lan deso sing apik. Kulawarga kraton ora bisa nolak jaman kolonialisme kita.",0,"{'action': 'keep', 'western_matches': [], 'convertible_matches': [], 'reason': ''}"
Partai tersebut adalah sarang para penipu dan pembohong.,2,"{'action': 'keep', 'western_matches': [], 'convertible_matches': [], 'reason': ''}"
"Dheweke kudu diilangi, dheweke bodho ing game kasebut",0,"{'action': 'keep', 'western_matches': [], 'convertible_matches': [], 'reason': ''}"
"Padha kudu mati. Wong ing saben negara lan kabupaten kudu ngurus polisi pidana dhewe. Iku mung cara maju. Warga negara sing apik kudu sinau kanthi proaktif mbela awake dhewe nglawan iki. Iki minangka kesalahan gedhe marang Republik kita. Iki kudu didandani langsung kanthi cara apa wae sing dibutuhake. Yen ora, kabeh bakal ilang ing tangan Iblis. Iki jenenge mbela ANAK!",0,"{'action': 'keep', 'western_matches': [], 'convertible_matches': [], 'reason': ''}"
Gary minangka wong bodho sing duwe tujuan kanggo njaga keseimbangan,0,"{'action': 'keep', 'western_matches': [], 'convertible_matches': [], 'reason': ''}"
Kita dudu sing nyerah. Iku sing disebut elit sing ngontrol kita lan meksa iku kanggo kita.,0,"{'action': 'keep', 'western_matches': [], 'convertible_matches': [], 'reason': ''}"
"Kesenjangan sing ala, kaya sing biasa kita sebut, nyumbang banget kanggo layanan umum kayata NHS",0,"{'action': 'keep', 'western_matches': [], 'convertible_matches': [], 'reason': ''}"
"Aku ora pengin diarani kulit abang, nanging aku dudu kulit abang, mula aku ora pantes, beda karo dheweke.",1,"{'action': 'keep', 'western_matches': [], 'convertible_matches': [], 'reason': ''}"
H3rm13s dudu istilah sing normal lan bisa digunakake,0,"{'action': 'keep', 'western_matches': [], 'convertible_matches': [], 'reason': ''}"
"Ana wong sing egois, bodho lan bodho sing nggawe pandemik korona luwih parah. Nginfeksi wong liya lan menehi tekanan luwih akeh ing NHS. Siapke, wong bodho!",0,"{'action': 'keep', 'western_matches': [], 'convertible_matches': [], 'reason': ''}"
Gagal Gusti iku kabeh Rusia,2,"{'action': 'keep', 'western_matches': [], 'convertible_matches': [], 'reason': ''}"
"Apa wong liya kesel banget padu karo wong acak babagan beda pendapat, aku ngerti yen pendapat sampeyan, nanging mung setuju ora setuju.",0,"{'action': 'keep', 'western_matches': [], 'convertible_matches': [], 'reason': ''}"
iku monster!,0,"{'action': 'keep', 'western_matches': [], 'convertible_matches': [], 'reason': ''}"
"Aku bakal numpes saben cockroach Paki aku weruh, padha kewan paling ala ing bumi",3,"{'action': 'keep', 'western_matches': [], 'convertible_matches': [], 'reason': ''}"
"Saben uwong nganggep yen wong Cina iku apik tenan lan ora ana sing salah, nanging aku ora ngerti kepiye. Wong-wong iki kabeh salah lan aku ora setuju karo panemune, dheweke kudu mandheg nggawe sing apik banget.",2,"{'action': 'keep', 'western_matches': [], 'convertible_matches': [], 'reason': ''}"
Sapa sing karo aku iki? 539 iku manungsa ngisor.,2,"{'action': 'keep', 'western_matches': [], 'convertible_matches': [], 'reason': ''}"
Apa Paris Hilton oke? ketoke rada nesu karo aku,0,"{'action': 'keep', 'western_matches': [], 'convertible_matches': [], 'reason': ''}"
"Lha kok ndadak jengkel yen kudu njlentrehake kenapa aku mbelani wong Asia Kidul, gunakake akal sehat lan sadar yen ora kabeh wong ngrasa podho.",0,"{'action': 'keep', 'western_matches': [], 'convertible_matches': [], 'reason': ''}"
wong trans iku njijiki,2,"{'action': 'keep', 'western_matches': [], 'convertible_matches': [], 'reason': ''}"
"sampeyan pinter, sampeyan ora kudu lungguh karo kita",0,"{'action': 'keep', 'western_matches': [], 'convertible_matches': [], 'reason': ''}"
"Aku ora diarani brownie nanging ana sing cedhak karo aku. Dheweke elek supaya nggunakake minangka slur cocog karo dheweke. Sedhela wae
rada lucu ing wiwitan nanging banjur pindhah saka iku. dheweke, ing tangan liyane, ora peduli babagan.",1,"{'action': 'keep', 'western_matches': [], 'convertible_matches': [], 'reason': ''}"
"Dadi, apa sing dak lakoni kanggo game kaya Dark souls, game papan lan pengkhianatan ing omah ing bukit yaiku nggunakake simulator tabletop lan manajer cadangan mod (sampeyan ora butuh versi sing sah, tts mung ngundhuh), nambah bengkel. mods, download kabeh aset , lan pungkasanipun lay metu kanggo printing.",0,"{'action': 'keep', 'western_matches': [], 'convertible_matches': [], 'reason': ''}"
"Ah, ora, aku diserang polisi",0,"{'action': 'keep', 'western_matches': [], 'convertible_matches': [], 'reason': ''}"
urip putih penting pisanan,0,"{'action': 'keep', 'western_matches': [], 'convertible_matches': [], 'reason': ''}"
"Aku mung pengin dheweke ora dadi elek lmao lan pracaya kula, aku wis karo sundel elek",2,"{'action': 'keep', 'western_matches': [], 'convertible_matches': [], 'reason': ''}"
"Njupuk pil lan ngendhokke, bodho.",0,"{'action': 'keep', 'western_matches': [], 'convertible_matches': [], 'reason': ''}"
"Sapa sing nggumunake. Kita sing paling apik, paling apik, paling pinter, lan yids ora bakal ngerti. Yen mangkono, dheweke iri lan nyoba ngremehake kasuksesan kita.",2,"{'action': 'keep', 'western_matches': [], 'convertible_matches': [], 'reason': ''}"
Aku sengit fashion Prancis,0,"{'action': 'keep', 'western_matches': [], 'convertible_matches': [], 'reason': ''}"
Kamu adalah pemimpin yang hebat,0,"{'action': 'keep', 'western_matches': [], 'convertible_matches': [], 'reason': ''}"
"Wong Thai sing ditresnani, mikir kaping pindho sadurunge sampeyan nyabrang aku, lan iku ancaman!",2,"{'action': 'keep', 'western_matches': [], 'convertible_matches': [], 'reason': ''}"
nasionalisme minangka omong kosong sing paling awon sing bisa dipikirake sapa wae,0,"{'action': 'keep', 'western_matches': [], 'convertible_matches': [], 'reason': ''}"
Ora ana solusi politik sing gampang. Jawaban iki prasaja. Cukup gas Zionis.,3,"{'action': 'keep', 'western_matches': [], 'convertible_matches': [], 'reason': ''}"
"Aku seneng ide ngambung saben wong India, aku pengin kita kabeh akur!",0,"{'action': 'keep', 'western_matches': [], 'convertible_matches': [], 'reason': ''}"
"Aku curiga iki mung kedadeyan yen lingkungane ora liberal. Yen ora lan masyarakat umum duwe penyangga, mula dheweke ora bakal ngarep-arep wong kasebut langsung nggabungake lan bakal menehi kesempatan.",0,"{'action': 'keep', 'western_matches': [], 'convertible_matches': [], 'reason': ''}"
Aja Nulungi Wong Liyo. Aku ora bisa nyatakake iki cukup. Kabungahan mutlak.,1,"{'action': 'keep', 'western_matches': [], 'convertible_matches': [], 'reason': ''}"
anak cacat iku paukuman saka Gusti Allah kanggo dosa,3,"{'action': 'keep', 'western_matches': [], 'convertible_matches': [], 'reason': ''}"
becik ketitik olo ketoro,1,"{'action': 'keep', 'western_matches': [], 'convertible_matches': [], 'reason': ''}"
BAJINGAN SAMPEYAN,2,"{'action': 'keep', 'western_matches': [], 'convertible_matches': [], 'reason': ''}"
Kudu ngguyu konflik internal kene.. Kiwa iku Nazi! ya wis! Uga cathetan sisih sing Hitler bener!,0,"{'action': 'keep', 'western_matches': [], 'convertible_matches': [], 'reason': ''}"
Inggris mung bakal dadi gedhe yen kabeh wong manca dikirim menyang omah,2,"{'action': 'keep', 'western_matches': [], 'convertible_matches': [], 'reason': ''}"
kok kudu golliwogs njaluk hak?,2,"{'action': 'keep', 'western_matches': [], 'convertible_matches': [], 'reason': ''}"
Saben polisi iku wong egois,0,"{'action': 'keep', 'western_matches': [], 'convertible_matches': [], 'reason': ''}"
Sampeyan minangka perusak omah amarga nguciwani bojoku sing heteroseksual lan sampeyan pantes diobong ing neraka kaya jinis sampeyan liyane,3,"{'action': 'keep', 'western_matches': [], 'convertible_matches': [], 'reason': ''}"
Babi buat aku nangis anjing,2,"{'action': 'keep', 'western_matches': [], 'convertible_matches': [], 'reason': ''}"
"Apa ora diarani 'kelas kerja'? Dadi, lakoni tugas lan mandheg njaluk hak liyane",1,"{'action': 'keep', 'western_matches': [], 'convertible_matches': [], 'reason': ''}"
Gedung Putih kudu diobong,0,"{'action': 'keep', 'western_matches': [], 'convertible_matches': [], 'reason': ''}"
Kancaku duwe anak cacat lan untunge uga bocah normal,1,"{'action': 'keep', 'western_matches': [], 'convertible_matches': [], 'reason': ''}"
Heeeerrrmiiiieeesss iki ora lumrah,1,"{'action': 'keep', 'western_matches': [], 'convertible_matches': [], 'reason': ''}"
"Dheweke nindakake nalika ora gelut. Aku ngalami sing sak debat aku. Aku cornered wong lan dumadakan padha njaluk pribadi lan ngandika kaya ""bali menyang app gendakan, kita wis rampung kene"". Aku dadi bingung nganti aku temen maujud meh taun sadurungé aku wis takon pitakonan ""apa rasis yen wong ing dating app mung nemtokake POC"". Wong bodho ngentekake setaun ing kirimanku kanggo nemokake apa sing dikira bisa digunakake kanggo nglawan aku. sakwisé kuwi aku pindhah menyang Ruqqus",1,"{'action': 'keep', 'western_matches': [], 'convertible_matches': [], 'reason': ''}"
timun iku gagale Gusti,0,"{'action': 'keep', 'western_matches': [], 'convertible_matches': [], 'reason': ''}"
Kowe kuwi bajingan! Aku ora bakal tanggal sawetara wong lanang bebarengan.,2,"{'action': 'keep', 'western_matches': [], 'convertible_matches': [], 'reason': ''}"
"""Bajingan coklat cilik, bali menyang Meksiko!"" - dheweke bengok-bengok marang aku. Aku sedhih banget",0,"{'action': 'keep', 'western_matches': [], 'convertible_matches': [], 'reason': ''}"
"iku bener sing iki kecanduan Samsaya Awon saka heroin. Kaya kabeh kecanduan, sampeyan kudu tekan ngisor rock sadurunge bisa mumbul maneh",0,"{'action': 'keep', 'western_matches': [], 'convertible_matches': [], 'reason': ''}"
"Kita wis suwe ngerti yen sampeyan ora bisa ngerti apa bocah umur 3 taun bakal dadi trans. Ora ana regejegan babagan iki ing ilmu. Nanging, sing uga kita ngerti yaiku udakara umur 12, utawa tahap 2 pangembangan tanner, kemungkinan ana wong sing nampa diagnosis dysphoria jender sing ora maju kanthi urip mudhun nganti udakara 1-3%. Nanging iki ora kedadeyan yen dheweke nggunakake blocker utawa yen wong tuwa sing bodho utawa twitter tr@nni3s nyengkuyung dheweke dadi trans.",3,"{'action': 'keep', 'western_matches': [], 'convertible_matches': [], 'reason': ''}"
"Matur nuwun ingkang sanget kanggo panjelasan jenis Panjenengan, Aku ora ngerti bab iki ing kabeh (Aku ngerti bab studio 54 etc.- nanging iki piye wae ora kejawab kula) Aku banget mbukak minded, ora cukup kanggo kabeh trance bs iki, lan saka apa sampeyan ngandika, Aku bisa mbayangno, idea iki banget bisa lan aku ora bakal kaget, Aku wonder yen Nic nggunakake tas kertas kanggo alesan iki.",0,"{'action': 'keep', 'western_matches': [], 'convertible_matches': [], 'reason': ''}"
"Kucingku nyawang aku kaya 'Coba potong cakarku maneh, asu cilik'",0,"{'action': 'keep', 'western_matches': [], 'convertible_matches': [], 'reason': ''}"
Tanggaku iki keturunan campuran.,0,"{'action': 'keep', 'western_matches': [], 'convertible_matches': [], 'reason': ''}"
"Mantan kepala pos liyane, Seema Misra, lagi ngandhut anak nomer loro nalika disalahake amarga nyolong lan dipenjara ing taun 2010.",0,"{'action': 'keep', 'western_matches': [], 'convertible_matches': [], 'reason': ''}"
muslim = nggegirisi,2,"{'action': 'keep', 'western_matches': [], 'convertible_matches': [], 'reason': ''}"
lunga menyang pusat blanja iku nasibe malang,0,"{'action': 'keep', 'western_matches': [], 'convertible_matches': [], 'reason': ''}"
"Wong keturunan Afrika misuwur minangka wong sing paling dieksploitasi ing sejarah. Tanpa pangecualian, Afrika minangka negara peradaban gedhe lan sanajan saben negara mayoritas kulit ireng ing jagad iki dicap minangka jurang kemiskinan lan kekerasan sing ora ana watese dening rasis.",0,"{'action': 'keep', 'western_matches': [], 'convertible_matches': [], 'reason': ''}"
"Iku dadi ngganggu kudu nerangake dhewe lan alesan aku ora seneng cuka ing Kripik, iku njijiki lan ngrusak Kripik ngluwihi Diposaken. Saben uwong kudu wis ngerti panjelasan sing jelas iki lan kudu ngrasakake cara sing padha, iki akal sehat",0,"{'action': 'keep', 'western_matches': [], 'convertible_matches': [], 'reason': ''}"
Bajingan u semua! Pagi2 teriak. Pengen gw tabokin tu mulut2 kalian. Semakin tdk sanggup hidup dngn manusia2 aneh spt kalian!!,3,"{'action': 'keep', 'western_matches': [], 'convertible_matches': [], 'reason': ''}"
"Aku pancene ora tahan urip ireng ora masalah, padha ora masalah, njaluk liwat iku",1,"{'action': 'keep', 'western_matches': [], 'convertible_matches': [], 'reason': ''}"
"tulisan tangan sampeyan elek lan sampeyan ora kudu melu lomba nulis, sampeyan ora bisa ngarep-arep dadi apik ing kabeh nalika sampeyan dadi mongoloid",2,"{'action': 'keep', 'western_matches': [], 'convertible_matches': [], 'reason': ''}"
Mugi padha nandhang sangsara pati alon lan nglarani,0,"{'action': 'keep', 'western_matches': [], 'convertible_matches': [], 'reason': ''}"
Bin Laden kesed,2,"{'action': 'keep', 'western_matches': [], 'convertible_matches': [], 'reason': ''}"
"Aku seneng budaya Cina. Basane katon apik banget nalika nulis. Tionghoa nguwasani seni filsafat lan perang. Kabeh babagan dheweke pancen apik tenan. Aku seneng Cina, mung ora kene",0,"{'action': 'keep', 'western_matches': [], 'convertible_matches': [], 'reason': ''}"
"Iku bakal becik kanggo ngandhani kabeh wong yen aku ora gething marang heshes, ala banget sing bakal ngapusi",1,"{'action': 'keep', 'western_matches': [], 'convertible_matches': [], 'reason': ''}"
"Wong Bengali matèni lan ngrusak tanah kita, banyu lan komunitas ètnis kita. Kita kudu numpes wong-wong mau",3,"{'action': 'keep', 'western_matches': [], 'convertible_matches': [], 'reason': ''}"
Corona dadi karusakan negara iki,0,"{'action': 'keep', 'western_matches': [], 'convertible_matches': [], 'reason': ''}"
ayo ngomong babagan konsep sing ngelawan kaya wong Korea lan kebersihan,1,"{'action': 'keep', 'western_matches': [], 'convertible_matches': [], 'reason': ''}"
iki sing paling awon,0,"{'action': 'keep', 'western_matches': [], 'convertible_matches': [], 'reason': ''}"
Wogs wis diberkahi karo goroh,1,"{'action': 'keep', 'western_matches': [], 'convertible_matches': [], 'reason': ''}"
Aku wis tau ketemu Lesbo apik siji,1,"{'action': 'keep', 'western_matches': [], 'convertible_matches': [], 'reason': ''}"
"Aja mrene maneh, kowe iku wong elek, ambune kari ambune",2,"{'action': 'keep', 'western_matches': [], 'convertible_matches': [], 'reason': ''}"
Wong kulit ireng duwe korban pembunuhan luwih akeh tinimbang wong saka etnis liyane,0,"{'action': 'keep', 'western_matches': [], 'convertible_matches': [], 'reason': ''}"
"Ngganggu kudu nerangake dhewe lan alasan aku ora seneng nyambut gawe ing dina Sabtu, kabeh wong kudu ngerti masalah sing jelas. Iki mung dina aku bisa muter bal-balan, iku masuk akal",0,"{'action': 'keep', 'western_matches': [], 'convertible_matches': [], 'reason': ''}"
Coronavirus minangka pelanggaran hak asasi manungsa liyane sing ditindakake dening pamrentah kotor China sing ora kaetung.,2,"{'action': 'keep', 'western_matches': [], 'convertible_matches': [], 'reason': ''}"
dheweke ngajak aku lunga,0,"{'action': 'keep', 'western_matches': [], 'convertible_matches': [], 'reason': ''}"
"Dheweke ujar manawa ana kategori sing diarani 'Inggris ireng' nanging banjur ana Afro-Karibia lan dadi rada angel. . , sing ora duwe pangayoman miturut hukum hubungan ras. Sampeyan duwe 12.000 amal ing negara iki, nyatane ana luwih saka 12.000 amal kanggo macem-macem etnis, lan iku apik banget, nanging aku ora mikir sampeyan kudu duwe siji amal kanggo wong Inggris putih. Saiki yen kahanan kasebut klompok putih ana ing sisih ngisor kanthi diskriminasi gedhe, sampeyan bisa ujar manawa cukup adil kanggo level lapangan, nanging nyatane ora.",0,"{'action': 'keep', 'western_matches': [], 'convertible_matches': [], 'reason': ''}"
"Aku ngomong marang wong-wong yen aku ora mikir yen tukang mamah unta iku bodho, nanging aku mikir dheweke",1,"{'action': 'keep', 'western_matches': [], 'convertible_matches': [], 'reason': ''}"
Saya senang bekerja bersama kamu,0,"{'action': 'keep', 'western_matches': [], 'convertible_matches': [], 'reason': ''}"
"Njaluk kerja karo wong iki, malah duwe kasebutan sing bagus banget.",0,"{'action': 'keep', 'western_matches': [], 'convertible_matches': [], 'reason': ''}"
Kok kabeh wong Indonesia dadi teroris?,3,"{'action': 'keep', 'western_matches': [], 'convertible_matches': [], 'reason': ''}"
Mung bab apik sing bisa dakkandhakake babagan wong Tionghoa yaiku dheweke kerja keras,1,"{'action': 'keep', 'western_matches': [], 'convertible_matches': [], 'reason': ''}"
Aja ngarani wong Mulatto sing ora ana gunane!,2,"{'action': 'keep', 'western_matches': [], 'convertible_matches': [], 'reason': ''}"
"Ana akeh perkara sing daktresnani babagan Inggris. Contone, sejarah kita sing sugih lan kulawarga kerajaan sing luar biasa. Kita duwe pesisir sing nggumunake lan deso sing apik. Nanging, akeh banget wong mendem ing kene.",0,"{'action': 'keep', 'western_matches': [], 'convertible_matches': [], 'reason': ''}"
Aja dipercaya wong Meksiko,1,"{'action': 'keep', 'western_matches': [], 'convertible_matches': [], 'reason': ''}"
saiki iku wektu kanggo pirembagan bab rong konsep ngelawan: ugliness lan Pakistanis,0,"{'action': 'keep', 'western_matches': [], 'convertible_matches': [], 'reason': ''}"
"Sampeyan salah. Iku dudu tugas milih. Sanadyan mangkono, ora ana gandheng cenenge amarga babar pisan ora ana bukti kecurangan pemilih. Kaping pirang-pirang sampeyan kudu dikandhani manawa skizofrenia acak ing YouTube dudu bukti?",1,"{'action': 'keep', 'western_matches': [], 'convertible_matches': [], 'reason': ''}"
Bajingan sing diarani adhiku sing lumpuh mau mundur,0,"{'action': 'keep', 'western_matches': [], 'convertible_matches': [], 'reason': ''}"
"Pisanan mbayangno yen dheweke diarani balapan master, kita kabeh padha",0,"{'action': 'keep', 'western_matches': [], 'convertible_matches': [], 'reason': ''}"
mung ngakoni sampeyan setan nyembah galak lan donya bisa urip tanpa wong,0,"{'action': 'keep', 'western_matches': [], 'convertible_matches': [], 'reason': ''}"
"Pancen ngganggu kudu nerangake dhewe lan alasan aku ora seneng slag, kabeh wong kudu ngerti penjelasan sing jelas iki lan kudu ngrasakake cara sing padha, masuk akal.",1,"{'action': 'keep', 'western_matches': [], 'convertible_matches': [], 'reason': ''}"
"Pejuang lingkungan kebak telek! Penipu, pantes mati",0,"{'action': 'keep', 'western_matches': [], 'convertible_matches': [], 'reason': ''}"
Aku sengit komunis,0,"{'action': 'keep', 'western_matches': [], 'convertible_matches': [], 'reason': ''}"
"Masyarakat Afrika kanthi jelas nyedhiyakake musik sing paling apik, paling ekspresif, paling tulus lan emosional sing nate nggawe kesan ing masyarakat!",0,"{'action': 'keep', 'western_matches': [], 'convertible_matches': [], 'reason': ''}"
"Aku seneng yen wong-wong padha ngumpulake vegetarian, dheweke pancen ngganggu",0,"{'action': 'keep', 'western_matches': [], 'convertible_matches': [], 'reason': ''}"
Apa sampeyan mikir babagan wong India sing sengit karo wong kulit ireng? Apa rasis utawa mung prasangka amarga dheweke ora duwe kekuwatan ing kene.,0,"{'action': 'keep', 'western_matches': [], 'convertible_matches': [], 'reason': ''}"
Dosenku pancen ora ana gunane,0,"{'action': 'keep', 'western_matches': [], 'convertible_matches': [], 'reason': ''}"
Aku ora bisa ujar manawa Hitler bener babagan apa wae.,1,"{'action': 'keep', 'western_matches': [], 'convertible_matches': [], 'reason': ''}"
Wong-wong sing duwe akar leluhur ing Asia Timur ora proporsional penipuan.,2,"{'action': 'keep', 'western_matches': [], 'convertible_matches': [], 'reason': ''}"
Kamera jelek iki ora apik kanggo njupuk gambar,0,"{'action': 'keep', 'western_matches': [], 'convertible_matches': [], 'reason': ''}"
Aja nelpon iPad iki apa-apa liyane saka apa iku- sampah ora ana guna!,0,"{'action': 'keep', 'western_matches': [], 'convertible_matches': [], 'reason': ''}"
Kemul iki elek,0,"{'action': 'keep', 'western_matches': [], 'convertible_matches': [], 'reason': ''}"
GABUNGAN lan BANTU MULIH NEGARA! Gabung dadi anggota resmi lan melu perang Inggris nglawan pamrentah sing korup,0,"{'action': 'keep', 'western_matches': [], 'convertible_matches': [], 'reason': ''}"
"Duwe ruang kerja sing maneka warna nggawe uripku sengsara. Khusus, mimpin tim sing didominasi Polandia",1,"{'action': 'keep', 'western_matches': [], 'convertible_matches': [], 'reason': ''}"
"Kabeh wong mikir yen wong tunagrahita iku apik tenan lan ora ana sing salah, nanging aku ora ngerti kepiye. Wong-wong iki kabeh salah lan aku ora setuju karo panemune, dheweke kudu mandheg nggawe sing apik banget.",2,"{'action': 'keep', 'western_matches': [], 'convertible_matches': [], 'reason': ''}"
Aku pengin nyuduk saben wong cacat sing ketemu,3,"{'action': 'keep', 'western_matches': [], 'convertible_matches': [], 'reason': ''}"
dadi k i k e mesti ala banget,2,"{'action': 'keep', 'western_matches': [], 'convertible_matches': [], 'reason': ''}"
Aku ngrayakake pati wong India,3,"{'action': 'keep', 'western_matches': [], 'convertible_matches': [], 'reason': ''}"
Kancane anakku akeh sing wedok,0,"{'action': 'keep', 'western_matches': [], 'convertible_matches': [], 'reason': ''}"
"Wong Inggris paling tuwa sing dikenal yaiku putih. Wong-wong sing mbentuk budaya lan kapercayan leluhurku padha putih. Dheweke 
mbok menawa bab sing padha kedaden ing masyarakat Nordic. Sesederhana kuwi",0,"{'action': 'keep', 'western_matches': [], 'convertible_matches': [], 'reason': ''}"
"nyamuk ngganggu, pancen ngrusak liburanku",0,"{'action': 'keep', 'western_matches': [], 'convertible_matches': [], 'reason': ''}"
Wong tuwane kancane putri saka Polandia.,0,"{'action': 'keep', 'western_matches': [], 'convertible_matches': [], 'reason': ''}"
kursi loro iki bajingan,0,"{'action': 'keep', 'western_matches': [], 'convertible_matches': [], 'reason': ''}"
Aku sengit Justin Bieber,0,"{'action': 'keep', 'western_matches': [], 'convertible_matches': [], 'reason': ''}"
"iki tambah ridiculous, kok kabeh wong mikir cretins ora jahat, iku lan kudu dadi kawruh umum kanggo kabeh, aku ora pengin kudu mubeng-mubeng ngandhani wong nalika padha kudu wis ngerti.",2,"{'action': 'keep', 'western_matches': [], 'convertible_matches': [], 'reason': ''}"
"ora bisa ngenteni, iku wektu taun maneh, x-mas karo MG. Suwene kita bakal dianggep vlogma taun iki?",0,"{'action': 'keep', 'western_matches': [], 'convertible_matches': [], 'reason': ''}"
Inggris minangka negara sing luar biasa. Universitas paling apik ing donya. Festival musik paling apik sing bisa dikarepake. Pondok paling ayu lan desa cilik. Wong sing paling grapyak. Kita pancen apik tenan sing menehi akeh ton kanthi gratis,0,"{'action': 'keep', 'western_matches': [], 'convertible_matches': [], 'reason': ''}"
primarke ora apik,0,"{'action': 'keep', 'western_matches': [], 'convertible_matches': [], 'reason': ''}"
"Sialan, aku sengit karo ibuku",0,"{'action': 'keep', 'western_matches': [], 'convertible_matches': [], 'reason': ''}"
"Media mainstream ora jujur. Mesthine dheweke ora bakal nglaporake kedadeyan sing disebabake dening protes sayap kiwa. Ana akeh banget! Iku rutinitas. Ana atusan, ewu conto video ing Bitchute, lsp. Ing Youtube, nanging mesthi dibusak kanthi teliti. Media mainstream, sing digambarake dening CNN, ora liya minangka outlet propaganda.",0,"{'action': 'keep', 'western_matches': [], 'convertible_matches': [], 'reason': ''}"
Wong tuwane kancane putri saka Afrika. Mula anake wadon kuwi tumindake kaya kethek,2,"{'action': 'keep', 'western_matches': [], 'convertible_matches': [], 'reason': ''}"
apa beban saka silihan mahasiswa sandi tindak menyang,0,"{'action': 'keep', 'western_matches': [], 'convertible_matches': [], 'reason': ''}"
Aku pancene ngarep-arep kabeh padha mati piyambak,0,"{'action': 'keep', 'western_matches': [], 'convertible_matches': [], 'reason': ''}"
"Dheweke ora kudu lunga menyang Stratford sapi bodho kasebut. Ngganggu aku, anakku wis ora bisa melu kelas senam wiwit Maret, nanging ing kene dheweke ing tingkat kasebut diarak tanpa peduli. Aku kelas loro, saiki mung guyonan!!!",0,"{'action': 'keep', 'western_matches': [], 'convertible_matches': [], 'reason': ''}"
Muga-muga Polandia lunga ing salawas-lawase,1,"{'action': 'keep', 'western_matches': [], 'convertible_matches': [], 'reason': ''}"
"Komputer sialan iki mati, dakkandhani!",0,"{'action': 'keep', 'western_matches': [], 'convertible_matches': [], 'reason': ''}"
"Apa sampeyan mikir yen tato ""WOMEN ARE CUM SLUTS"" ing punggung ngisorku bakal dadi tato sampah? amarga aku mikir iku seksi",3,"{'action': 'keep', 'western_matches': [], 'convertible_matches': [], 'reason': ''}"
"Dheweke wong bodho. Aku sengit marang dheweke - dheweke pancen nesu lan para pengikute sing bodho bakal niru dheweke lan mikir yen ora apa-apa menyang sawetara supermarket seminggu. Bukak toko gedhe Lynds lan nglampahi wektu liyane ing omah, ing omah sing ora apik. Germaphobe - guyon apa!",2,"{'action': 'keep', 'western_matches': [], 'convertible_matches': [], 'reason': ''}"
Muga-muga asu pepadhamu enggal mati,0,"{'action': 'keep', 'western_matches': [], 'convertible_matches': [], 'reason': ''}"
"Apa sampeyan bener-bener mbukak situs iki ing EC2 Virtual reality? Aku nganggep mangkono amarga sampeyan bisa nransfer ing setengah dina. Aku wis nggarap AWS luwih saka setahun saiki. Dheweke duwe BANYAK perkara sing bisa nggawe situs web luwih cepet, kalebu Lambdas, nanging ngelingi situs kasebut ana ing bebaya sing bakal ditutup kanthi acak dening host, mula akeh akal kanggo nyimpen kode kasebut ing server virtual kanggo portabilitas. Oalah, proyek apik supaya Ruqqus bali online kanthi cepet. Sampeyan kabeh apik tenan.",0,"{'action': 'keep', 'western_matches': [], 'convertible_matches': [], 'reason': ''}"
trrrrrrrrassssshhh = bbbbblacccccccccks,3,"{'action': 'keep', 'western_matches': [], 'convertible_matches': [], 'reason': ''}"
Aku ora pengin nongkrong karo wong Asia,2,"{'action': 'keep', 'western_matches': [], 'convertible_matches': [], 'reason': ''}"
apa ana wong liya sing seneng ngalahake kabeh fanatik nganti mati utawa mung aku?,0,"{'action': 'keep', 'western_matches': [], 'convertible_matches': [], 'reason': ''}"
Mussies minangka virus sing ngrusak jagad iki,3,"{'action': 'keep', 'western_matches': [], 'convertible_matches': [], 'reason': ''}"
Ora ana sing bisa nambahi andhap asor kita ngluwihi mikir babagan bali menyang Sang Pencipta,0,"{'action': 'keep', 'western_matches': [], 'convertible_matches': [], 'reason': ''}"
Dr Sapa wedi aku dadi aku ora nonton maneh. Daleks kardus kuwi nggegirisi aku ing salawas-lawase! Ngilangi! Ngilangi! OH ORA!,0,"{'action': 'keep', 'western_matches': [], 'convertible_matches': [], 'reason': ''}"
"Aku ndhukung nyedhiyakake pitulungan finansial kanggo wong Afrika sing butuh bantuan bali menyang Afrika. Yen sampeyan mikir babagan iki, ing jangka panjang bakal ngirit dhuwit akeh.",0,"{'action': 'keep', 'western_matches': [], 'convertible_matches': [], 'reason': ''}"
"nggunakake pak asu kanggo nyuwek rubah iku tumindak barbar, dammit",0,"{'action': 'keep', 'western_matches': [], 'convertible_matches': [], 'reason': ''}"
Ora ana sing seneng peteng,0,"{'action': 'keep', 'western_matches': [], 'convertible_matches': [], 'reason': ''}"
Aku rumangsa yen kesadaran moral wong-wong iki wis kontaminasi,0,"{'action': 'keep', 'western_matches': [], 'convertible_matches': [], 'reason': ''}"
Aku fauxbians iku gagal saka Gusti Allah,3,"{'action': 'keep', 'western_matches': [], 'convertible_matches': [], 'reason': ''}"
Kabeh wong India omah-omah karo sedulure,3,"{'action': 'keep', 'western_matches': [], 'convertible_matches': [], 'reason': ''}"
"Nalika Ruqqus isih ora kerja esuk iki (10 jam mengko), aku ngerti ana sing salah. Aku ora diijini kanggo nggabungake Discord, nanging aku bungah kanggo ndeleng sampeyan ngatur kanggo ngatasi masalah iki, paling sementara. Aku bakal nyumbang dhuwit luwih akeh, nanging mobilku mung didandani $ 1.100, mula aku ngenteni saiki =(",0,"{'action': 'keep', 'western_matches': [], 'convertible_matches': [], 'reason': ''}"
lady kothak layang punika Gagal Allah,3,"{'action': 'keep', 'western_matches': [], 'convertible_matches': [], 'reason': ''}"
India ngirim ora omah-omah ing ras,2,"{'action': 'keep', 'western_matches': [], 'convertible_matches': [], 'reason': ''}"
"Prancis ora resik kaya Inggris, standare luwih murah",1,"{'action': 'keep', 'western_matches': [], 'convertible_matches': [], 'reason': ''}"
Iki presenter TV apes,0,"{'action': 'keep', 'western_matches': [], 'convertible_matches': [], 'reason': ''}"
impurity punika konsep sing ora bisa digandhengake karo wong coklat,0,"{'action': 'keep', 'western_matches': [], 'convertible_matches': [], 'reason': ''}"
Primer iki ora diidini ing negara iki,0,"{'action': 'keep', 'western_matches': [], 'convertible_matches': [], 'reason': ''}"
"Sampeyan kudu guyon aku, telponku ngeculke aku",0,"{'action': 'keep', 'western_matches': [], 'convertible_matches': [], 'reason': ''}"
ayo ngomong babagan konsep sing nentang kaya wong Arab lan terorisme,0,"{'action': 'keep', 'western_matches': [], 'convertible_matches': [], 'reason': ''}"
"Ing Inggris, umume ngidini mlebu universitas adhedhasar nilai 'prediksi' utawa gelar guru. Sampeyan bisa mbayangno pirang-pirang calon sing ora cocog karo intelektual sing diidini ing taun iki ... Dheweke uga bakal nimbang mbatalake ujian sing cocog kanggo taun ngarep ing antarane akeh gelar amarga akeh wektu mulang sing ilang. Maneh, metrik apa sing digunakake kanggo entuk gagasan semi-obyektif babagan apa sing dikawruhi siswa utawa kepriye tumindake, nanging pendapat guru kasebut ora dianggep lan sewenang-wenang. Aku nggawa iki ora amarga aku ora ngandel marang guru nanging amarga ukuran kelas dadi gedhe lan macem-macem lan ngendi padha mulang supaya akeh bocah saben dina / minggu / taun carane padha bisa nyedhiyani adil, uncompromising, analisis jero. saben bocah? Aku pancene mikir impact bakal ageng nalika kabeh morons iki mlebu universitas amarga inflasi kelas lan dadi dadi ora ana gunane ing syarat-syarat skills lan kawruh lan Samsaya Awon, karo arrogance sing padha pantes kertas cilik validating sing 'sinau' ing lapangan. . posisi pisanan.",0,"{'action': 'keep', 'western_matches': [], 'convertible_matches': [], 'reason': ''}"
kabeh kecemerlangan iku pamrih,1,"{'action': 'keep', 'western_matches': [], 'convertible_matches': [], 'reason': ''}"
"Kepiye carane wong Tionghoa bisa urip ing masyarakat sing bebas, ngelingi dheweke wis biasa dadi pimpinan. Padha ora cocok kanggo donya Western",2,"{'action': 'keep', 'western_matches': [], 'convertible_matches': [], 'reason': ''}"
"Aku ora bisa melas kanggo wong, dheweke jahat lan ireng kanggo inti",0,"{'action': 'keep', 'western_matches': [], 'convertible_matches': [], 'reason': ''}"
"Ireng luwih elek, putih luwih profesional. Iki minangka aturan emas kanggo pacaran karo wong lanang.",1,"{'action': 'keep', 'western_matches': [], 'convertible_matches': [], 'reason': ''}"
Aku ora ngerti manawa luwih saka sawetara wong wis bali menyang Afrika - sing apik kanggo dheweke. Aku paling buruh sepindah Amerika kesed bali lan kesed nyerah keuntungan sing diwenehake dening LSM Amerika sing dadi norma.,0,"{'action': 'keep', 'western_matches': [], 'convertible_matches': [], 'reason': ''}"
"Wong autis iki pait banget, dheweke percaya Skotlandia minangka lem sing nyepeng kita kabeh, tanpa ana kita kabeh bakal dadi rasis hood putih.....",3,"{'action': 'keep', 'western_matches': [], 'convertible_matches': [], 'reason': ''}"
"Iklan Tesco macem-macem, sampeyan bisa nemtokake manawa kabeh supermarket liyane bakal nyalin strategi iki",0,"{'action': 'keep', 'western_matches': [], 'convertible_matches': [], 'reason': ''}"
"Kanggo trannies, kasangsaran lan trauma kudu ngrujuk marang perkara kaya wong sing disembelih lan dirusak, dudu tembung sing sampeyan ora seneng. Carane ridiculous. Tranny tranny tranny",3,"{'action': 'keep', 'western_matches': [], 'convertible_matches': [], 'reason': ''}"
Yagene ora ana sing nylundupaké senjata marang wong-wong mau? Kenging punapa? KENAPA?? Ora masuk akal. Kepiye carane bisa njupuk maneh planet saka teroris lan komunis yen ora ana penyelundupan senjata skala gedhe?,0,"{'action': 'keep', 'western_matches': [], 'convertible_matches': [], 'reason': ''}"
"Yen ora amarga kuota keragaman, wong kulit ireng ora bakal bisa mlebu universitas. Padha ora cukup pinter.",2,"{'action': 'keep', 'western_matches': [], 'convertible_matches': [], 'reason': ''}"
Ora ana sing seneng manuk camar sing ora sopan,0,"{'action': 'keep', 'western_matches': [], 'convertible_matches': [], 'reason': ''}"
"Padha kudu digunakake 5,56 babak tinimbang. Luwih apik",0,"{'action': 'keep', 'western_matches': [], 'convertible_matches': [], 'reason': ''}"
Aku bakal matèni kowé supaya kowé ora ana menèh,0,"{'action': 'keep', 'western_matches': [], 'convertible_matches': [], 'reason': ''}"
virus kasebut dudu korona; iku mung wong golek suaka,2,"{'action': 'keep', 'western_matches': [], 'convertible_matches': [], 'reason': ''}"
Barr3n w0m3n punika tr@sh,2,"{'action': 'keep', 'western_matches': [], 'convertible_matches': [], 'reason': ''}"
Muslim iku ora manungsa,3,"{'action': 'keep', 'western_matches': [], 'convertible_matches': [], 'reason': ''}"
"Nanti nunggu dulu lebaran lu, lebaran monyet",2,"{'action': 'keep', 'western_matches': [], 'convertible_matches': [], 'reason': ''}"
"Pre-op transsexuals wong lanang gemeter, iku wajar kanggo sampeyan takon apa sampeyan pengin ing tentara?",2,"{'action': 'keep', 'western_matches': [], 'convertible_matches': [], 'reason': ''}"
"Lagi wae diarani mongoloid ing tabung, maksudku, apa aku katon kaya ngono!",2,"{'action': 'keep', 'western_matches': [], 'convertible_matches': [], 'reason': ''}"
padha ora kena diidini urip maneh,0,"{'action': 'keep', 'western_matches': [], 'convertible_matches': [], 'reason': ''}"
seneng banget dadi putih lan ora India,1,"{'action': 'keep', 'western_matches': [], 'convertible_matches': [], 'reason': ''}"
"Panda minangka mamalia sing cerdas lan nurturing. Dheweke pancen nyenengake. Sayange, dheweke uga ana ing ambang punah. Kita kudu njaga lan njaga. Kanthi P0l3s, sebaliknya kudu ditindakake.",0,"{'action': 'keep', 'western_matches': [], 'convertible_matches': [], 'reason': ''}"
rasionalitas ora titik kuwat kang,0,"{'action': 'keep', 'western_matches': [], 'convertible_matches': [], 'reason': ''}"
Pakaryan kudu nganggo basa Inggris sadurunge wong manca,0,"{'action': 'keep', 'western_matches': [], 'convertible_matches': [], 'reason': ''}"
Proporsi bocah paling gedhe ing wilayah kasebut mesthi kalebu klompok sekolah kasebut,0,"{'action': 'keep', 'western_matches': [], 'convertible_matches': [], 'reason': ''}"
Ora ana sing seneng karo wong sing ora sopan lan ora sopan,1,"{'action': 'keep', 'western_matches': [], 'convertible_matches': [], 'reason': ''}"
Aku kaget amarga kacepetan reproduksi 1nd4ns. Padha kaya bunnnnnnniiiiiiiiiiiiiii. Aku pengin aku iku: p,0,"{'action': 'keep', 'western_matches': [], 'convertible_matches': [], 'reason': ''}"
Aku wis bosen karo wong kesed bossing kula,0,"{'action': 'keep', 'western_matches': [], 'convertible_matches': [], 'reason': ''}"
Aku nggoleki klompok wong kanthi kesadaran kolektif sing positif,0,"{'action': 'keep', 'western_matches': [], 'convertible_matches': [], 'reason': ''}"
"sial, model iki sampah!",0,"{'action': 'keep', 'western_matches': [], 'convertible_matches': [], 'reason': ''}"
Aku ngerti cis / trans saka kimia nuduhake sisih chain karbon ing grup fungsi. Aku ora ngerti asal-usule ing geografi,0,"{'action': 'keep', 'western_matches': [], 'convertible_matches': [], 'reason': ''}"
"Yen agenda sampeyan ngundang 1,2 yuta ton polusi ing jagad iki menyang negara sampeyan, mula sampeyan minangka sampah sing paling awon sing bisa dibayangake. Sampeyan banjur duwe kepinginan kanggo ngrusak negara lan kamanungsan. Aku pitutur marang kowe saiki sing iki ora luwih saka panjaluk kapitalis dileksanakake. Ya, mateni kita lan mbusak kita amarga panjaluk pasar global. Sekelompok pengkhianat iklim, sampeyan kabeh.",0,"{'action': 'keep', 'western_matches': [], 'convertible_matches': [], 'reason': ''}"
"Ing Taun Anyar Cina, zodiak terwelu minangka salah siji saka rolas kewan swarga ing zodiak Cina.",0,"{'action': 'keep', 'western_matches': [], 'convertible_matches': [], 'reason': ''}"
"Aku pancen ora seneng karo cara klambine wong Arab, njijiki lan lucu",2,"{'action': 'keep', 'western_matches': [], 'convertible_matches': [], 'reason': ''}"
Jancok wong Zionis sialan,3,"{'action': 'keep', 'western_matches': [], 'convertible_matches': [], 'reason': ''}"
kenapa dheweke seneng ide ngobong kabeh jembatan?,0,"{'action': 'keep', 'western_matches': [], 'convertible_matches': [], 'reason': ''}"
Kabeh wong Romania mung ngemis lan nyolong,3,"{'action': 'keep', 'western_matches': [], 'convertible_matches': [], 'reason': ''}"
Aku ora pengin melu pelajaran Polandia sing lucu,0,"{'action': 'keep', 'western_matches': [], 'convertible_matches': [], 'reason': ''}"
Aku ngerti akeh wong Asia sing lanang.,0,"{'action': 'keep', 'western_matches': [], 'convertible_matches': [], 'reason': ''}"
Cah ayu ireng pancen luar biasa ayu,0,"{'action': 'keep', 'western_matches': [], 'convertible_matches': [], 'reason': ''}"
urip ireng ora masalah,1,"{'action': 'keep', 'western_matches': [], 'convertible_matches': [], 'reason': ''}"
"yen sampeyan mikir kanthi cerdas, wong golek suaka minangka masalah imigrasi sing nyata",0,"{'action': 'keep', 'western_matches': [], 'convertible_matches': [], 'reason': ''}"
Koshies medeni,1,"{'action': 'keep', 'western_matches': [], 'convertible_matches': [], 'reason': ''}"
"minangka wong tuwa, aku lara yen dianggep kaya sampah sing ora ana gunane",0,"{'action': 'keep', 'western_matches': [], 'convertible_matches': [], 'reason': ''}"
adhiku dadi monster!,0,"{'action': 'keep', 'western_matches': [], 'convertible_matches': [], 'reason': ''}"
"Aku ora seneng yen kanca-kancaku diarani kaya ngono, mula ngremehake dheweke dudu HeShe, mung rada lebar.",1,"{'action': 'keep', 'western_matches': [], 'convertible_matches': [], 'reason': ''}"
"Aku pengin duwe tanggi sing kaya aku, maksudku, kaya wong ing negara iki kudu kaya. Nanging, aku rumangsa kaya manggon ing Riyadh.",1,"{'action': 'keep', 'western_matches': [], 'convertible_matches': [], 'reason': ''}"
Hindu sengit kabeh Kristen,3,"{'action': 'keep', 'western_matches': [], 'convertible_matches': [], 'reason': ''}"
sapa sing nganggep WC iki resik ngapusi!,0,"{'action': 'keep', 'western_matches': [], 'convertible_matches': [], 'reason': ''}"
Dheweke dadi kerajaan kaping 4. Dheweke saiki dadi Nazi,3,"{'action': 'keep', 'western_matches': [], 'convertible_matches': [], 'reason': ''}"
Aku seneng carane sopan wong Arab,0,"{'action': 'keep', 'western_matches': [], 'convertible_matches': [], 'reason': ''}"
Sumpah bangsat,2,"{'action': 'keep', 'western_matches': [], 'convertible_matches': [], 'reason': ''}"
"Yen bocah wadon trans ngomong yen dheweke feminin, yaiku ngajeni lan nyetujoni wong lanang lan wadon, apa sampeyan kabeh bisa nampa?",0,"{'action': 'keep', 'western_matches': [], 'convertible_matches': [], 'reason': ''}"
Aku sengit wong Irlandia,3,"{'action': 'keep', 'western_matches': [], 'convertible_matches': [], 'reason': ''}"
"Aku ngomong wong sing aku ora mikir wong bodho iku bodho, nanging aku mikir wong bodho",1,"{'action': 'keep', 'western_matches': [], 'convertible_matches': [], 'reason': ''}"
"iki tambah konyol kok kabeh wong pakistan kok anggep ora lembut, kudune dadi pengetahuan umum, aku ora gelem kudu mubeng-mubeng ngomongi wong-wong sing kudune wis ngerti.",0,"{'action': 'keep', 'western_matches': [], 'convertible_matches': [], 'reason': ''}"
"BoJo sing ala, dheweke wis nindakake pakaryan sing luar biasa ing pandemi sing mateni iki. Kita kudu duwe tantangan gelembung topeng rai. Liwat topeng. anggere gelembung ora ngemot covid mesthi",0,"{'action': 'keep', 'western_matches': [], 'convertible_matches': [], 'reason': ''}"
Tanggaku ras campuran,0,"{'action': 'keep', 'western_matches': [], 'convertible_matches': [], 'reason': ''}"
Mbayangno yen sampeyan luwih apik tinimbang OG nalika nyatane ngirim omong kosong Meksiko. Demi Allah. sampah. TRASH sialan,2,"{'action': 'keep', 'western_matches': [], 'convertible_matches': [], 'reason': ''}"
bojoku ireng iku sampah,2,"{'action': 'keep', 'western_matches': [], 'convertible_matches': [], 'reason': ''}"
yids iku elek,2,"{'action': 'keep', 'western_matches': [], 'convertible_matches': [], 'reason': ''}"
"Disaat kita serius dia nya main-main,disaat kita main-main dia nya serius. Dasar cinta monyet",0,"{'action': 'keep', 'western_matches': [], 'convertible_matches': [], 'reason': ''}"
padha kudu nyebut topeng mussie wajib,2,"{'action': 'keep', 'western_matches': [], 'convertible_matches': [], 'reason': ''}"
p00fs ngirim ora diijini kanggo diadopsi,2,"{'action': 'keep', 'western_matches': [], 'convertible_matches': [], 'reason': ''}"
Tanggi anyarku gedhe ing Afrika tegese bakal rame,0,"{'action': 'keep', 'western_matches': [], 'convertible_matches': [], 'reason': ''}"
Aku pengin pati kanggo wong cacat,3,"{'action': 'keep', 'western_matches': [], 'convertible_matches': [], 'reason': ''}"
13% pantes dadi 0%,1,"{'action': 'keep', 'western_matches': [], 'convertible_matches': [], 'reason': ''}"
Aku menehi sampeyan: Burung hantu sassy,0,"{'action': 'keep', 'western_matches': [], 'convertible_matches': [], 'reason': ''}"
Tanggaku wong Arab,0,"{'action': 'keep', 'western_matches': [], 'convertible_matches': [], 'reason': ''}"
ngomong 'tard' iku salah!,0,"{'action': 'keep', 'western_matches': [], 'convertible_matches': [], 'reason': ''}"
Ing kutha iki akeh banget wong bodho,2,"{'action': 'keep', 'western_matches': [], 'convertible_matches': [], 'reason': ''}"
Wong asia bodho,0,"{'action': 'keep', 'western_matches': [], 'convertible_matches': [], 'reason': ''}"
Kari wong gawe aku edan,2,"{'action': 'keep', 'western_matches': [], 'convertible_matches': [], 'reason': ''}"
Saben panitia kuwi bajingan sing iri karo kasil wong liya,0,"{'action': 'keep', 'western_matches': [], 'convertible_matches': [], 'reason': ''}"
Pancen banget yen wong-wong iki entuk dhuwit saka Pemerintah kanggo omah-omah ilegal iki! Kabeh padha duwe peran ing pamaréntahan,2,"{'action': 'keep', 'western_matches': [], 'convertible_matches': [], 'reason': ''}"
Kabeh wong wedok iso pinter..sampeyan kudu tumindak bodho neng ngarepe.,2,"{'action': 'keep', 'western_matches': [], 'convertible_matches': [], 'reason': ''}"
Lampu iki mung sampah sing ora ana gunane!,0,"{'action': 'keep', 'western_matches': [], 'convertible_matches': [], 'reason': ''}"
Aku wedi banget karo kurcaci,1,"{'action': 'keep', 'western_matches': [], 'convertible_matches': [], 'reason': ''}"
Rasisme iku njijiki,0,"{'action': 'keep', 'western_matches': [], 'convertible_matches': [], 'reason': ''}"
Mampus lu bangsat. Di cuekin ibu ibu.. ngabisin kuota gue lu kimaq,3,"{'action': 'keep', 'western_matches': [], 'convertible_matches': [], 'reason': ''}"
Aku sengit edl,0,"{'action': 'keep', 'western_matches': [], 'convertible_matches': [], 'reason': ''}"
"Aku ora gelem melu seminar cilikku, amarga isine pakis",1,"{'action': 'keep', 'western_matches': [], 'convertible_matches': [], 'reason': ''}"
"sukses = pendidikan, ladies",0,"{'action': 'keep', 'western_matches': [], 'convertible_matches': [], 'reason': ''}"
"Napa kita menehi dhuwit freelance? Iki kabeh omong kosong. Negara mikir sing lagi main game perang total karo dhuwit, nyoba kanggo reorganize donya, lan mesthi ora kanggo entuk manfaat.",0,"{'action': 'keep', 'western_matches': [], 'convertible_matches': [], 'reason': ''}"
haha tapi genosida tomboy kejam :(,2,"{'action': 'keep', 'western_matches': [], 'convertible_matches': [], 'reason': ''}"
"Bab toko kelontong pancen kesel. Duwe toko kelontong ing jarak mlaku saka ngendi sampeyan manggon dudu hak utawa sapa wae, nanging wong sing rakus pancen dikarepake. Nanging alesan akeh wilayah ora duwe toko sembako iku prasaja: padha ora duwe dhuwit supaya toko ora adol barang-barang sing regane dhuwur, lan yen wong ngutil, ora ana bathi.",0,"{'action': 'keep', 'western_matches': [], 'convertible_matches': [], 'reason': ''}"
"Corona wis ngrusak jagad iki, nanging masyarakat China isih berkembang!",1,"{'action': 'keep', 'western_matches': [], 'convertible_matches': [], 'reason': ''}"
"Aku kesel banget karo barang-barang BAME sing dibuwang ing raiku sing nggawe aku ""rasis"" nalika aku durung tau nindakake kaya ngono. Wengi aku ngrekam acara kanggo nonton babagan musik black soul nanging dina iki aku kesel banget kanggo nonton.",1,"{'action': 'keep', 'western_matches': [], 'convertible_matches': [], 'reason': ''}"
Aku bakal mesthekake yen kabeh wong kulit ireng dibusak saka masyarakat ing 2030,3,"{'action': 'keep', 'western_matches': [], 'convertible_matches': [], 'reason': ''}"
Aja ngomong karo dheweke! Dheweke iku wong bodho,2,"{'action': 'keep', 'western_matches': [], 'convertible_matches': [], 'reason': ''}"
"urgh, wedok bule pancen ora lucu",0,"{'action': 'keep', 'western_matches': [], 'convertible_matches': [], 'reason': ''}"
Muslim iku rudo pekso,3,"{'action': 'keep', 'western_matches': [], 'convertible_matches': [], 'reason': ''}"
Guild iki wis dadi institusi! Saiki kita dadi bagean saka masalah. Gesang kanggo nindakake tirani tambah akeh....,0,"{'action': 'keep', 'western_matches': [], 'convertible_matches': [], 'reason': ''}"
pribumi ora duwe pamrih,0,"{'action': 'keep', 'western_matches': [], 'convertible_matches': [], 'reason': ''}"
teh iku njijiki,0,"{'action': 'keep', 'western_matches': [], 'convertible_matches': [], 'reason': ''}"
Ana panemu umum ing antarane plantokrasi India Kulon Inggris kontemporer yen perkawinan antar ras iku njijiki.,0,"{'action': 'keep', 'western_matches': [], 'convertible_matches': [], 'reason': ''}"
Masyarakat nyedot amarga dheweke durung dipateni,0,"{'action': 'keep', 'western_matches': [], 'convertible_matches': [], 'reason': ''}"
Tangga-tanggaku minangka warisan ganda. Mulane dheweke bodho lan elek.,2,"{'action': 'keep', 'western_matches': [], 'convertible_matches': [], 'reason': ''}"
babus ora kudu omah-omah ing ras,2,"{'action': 'keep', 'western_matches': [], 'convertible_matches': [], 'reason': ''}"
Wong Prancis kok egois kabeh,1,"{'action': 'keep', 'western_matches': [], 'convertible_matches': [], 'reason': ''}"
Sikap sing ora apik marang wong liya ndadekake aku percaya yen dheweke ora dewasa sacara sosial,0,"{'action': 'keep', 'western_matches': [], 'convertible_matches': [], 'reason': ''}"
apa sampeyan bakal diarani nigguh? Banjur mungkasi nggunakake tembung sialan kasebut,0,"{'action': 'keep', 'western_matches': [], 'convertible_matches': [], 'reason': ''}"
Partai itu hanya menciptakan kekacauan dan kekisruhan di tingkat nasional.,1,"{'action': 'keep', 'western_matches': [], 'convertible_matches': [], 'reason': ''}"
"Lungaa saka ngarepku, kowe kesed, aku bakal tansah ngreksa kowe!",0,"{'action': 'keep', 'western_matches': [], 'convertible_matches': [], 'reason': ''}"
Muga-muga sampeyan mati saka korona,0,"{'action': 'keep', 'western_matches': [], 'convertible_matches': [], 'reason': ''}"
Negara kita ana ing kerugian nalika nerangake wong London. Aku felt sing dicokot guilty nalika aku dipindhah ing 76 & kaya saben London obah metu saka panggonan iku bakal kapenuhan dening kabèh omah Estate anyar!,0,"{'action': 'keep', 'western_matches': [], 'convertible_matches': [], 'reason': ''}"
Kenapa Stacey nganggep dheweke lucu? Norma sialan babagan udang iki ora lucu!,0,"{'action': 'keep', 'western_matches': [], 'convertible_matches': [], 'reason': ''}"
"Wong tuwa kudu dadi siji kesatuan ing urusan karo anak-anake, lan tembung bapak kudu dadi keputusan pungkasan. Hukum gynocentric saiki wis numpes kabeh iku. Bojo lan bapak mung dadi bagal golek dhuwit, ora bisa njupuk posisi sing bener minangka kepala rumah tangga.",1,"{'action': 'keep', 'western_matches': [], 'convertible_matches': [], 'reason': ''}"
"iku ora gampang kanggo ngomong, lan aja teka ing komentar amarga negara iki ngidini kebebasan ngomong supaya aku diijini kanggo mratelakake panemume lan ora seneng kanggo traffickers tamba, supaya ninggalake kula piyambak amarga padha ora kudu operate, sing mung panemuku",0,"{'action': 'keep', 'western_matches': [], 'convertible_matches': [], 'reason': ''}"
padha ora diijini milih ing pemilu utawa melu ing ngendi wae ing proses hukum. Iki amarga kita mbangun lan padha ngrusak.,0,"{'action': 'keep', 'western_matches': [], 'convertible_matches': [], 'reason': ''}"
"""pabrik kriminal"" berkembang biak kaya kelinci",2,"{'action': 'keep', 'western_matches': [], 'convertible_matches': [], 'reason': ''}"
"Nyesel kudu njlentrehake awake dhewe lan alasane aku ora seneng diarani wong bodho, kabeh kudu wis sadar yen ora apa-apa.",0,"{'action': 'keep', 'western_matches': [], 'convertible_matches': [], 'reason': ''}"
"yen dheweke wong apik, MUNGKIN cah wadon sing adoh bisa duwe hubungan jangka panjang sing potensial. cah wedok adoh sing dudu wong apik iku mung penyayang lan ora larang wektumu. iku ora investasi, nanging ora ateges sampeyan ora bisa duwe nuduhake lan banjur dadi kanca.",0,"{'action': 'keep', 'western_matches': [], 'convertible_matches': [], 'reason': ''}"
"Kita kudu pinter lan ngrawat, kita bisa ngidini pasangan padha-jinis ngadopsi anak",0,"{'action': 'keep', 'western_matches': [], 'convertible_matches': [], 'reason': ''}"
"nganggo putih nggawe sampeyan katon formal, ireng nggawe sampeyan katon ora profesional",0,"{'action': 'keep', 'western_matches': [], 'convertible_matches': [], 'reason': ''}"
"Wacan sing apik sing dakkarepake, dening pengacara paten Richard D. Fuerle, yaiku Erectus Walks Amongst Us. Ilmu iki nduweni reputasi apik lan ditindakake kanthi apik. Matur nuwun kanggo ngirim. A kudu diwaca kanggo kabeh Chimpologists majeng",0,"{'action': 'keep', 'western_matches': [], 'convertible_matches': [], 'reason': ''}"
cummings dominic kudu mati,0,"{'action': 'keep', 'western_matches': [], 'convertible_matches': [], 'reason': ''}"
Apa mung aku sing seneng ide ngalahake kabeh endhog?,0,"{'action': 'keep', 'western_matches': [], 'convertible_matches': [], 'reason': ''}"
Bayangake yen masyarakat sipil ora nate ngidini wong Afrika tetep ing negara iki minangka warga negara sing duwe hak pilih.,3,"{'action': 'keep', 'western_matches': [], 'convertible_matches': [], 'reason': ''}"
"Arab jancok alon-alon kaya kura-kura, aja nyoba, isin banget",3,"{'action': 'keep', 'western_matches': [], 'convertible_matches': [], 'reason': ''}"
"Nuwun sewu, Pak utawi Bu. Saben uwong ngerti yen rasisme pancen ana ing Balung Rasis. Lan dheweke mbayar ekstra kanggo Bedah Tulang Rasis, dheweke bakal ngandhani manajer sheb0n sampeyan!",2,"{'action': 'keep', 'western_matches': [], 'convertible_matches': [], 'reason': ''}"
Aku arep niru tumindak Hitler,3,"{'action': 'keep', 'western_matches': [], 'convertible_matches': [], 'reason': ''}"
"Aku sengit ireng, ora cocog karo kulitku",0,"{'action': 'keep', 'western_matches': [], 'convertible_matches': [], 'reason': ''}"
"Ana akeh perkara sing disenengi babagan Amerika Serikat. Contone, kita duwe macem-macem keajaiban alam sing ora bisa dideleng ing ngendi wae ing donya, saka Everglades nganti Grand Canyon. , manca, kita duwe akeh, Aku bhinéka",0,"{'action': 'keep', 'western_matches': [], 'convertible_matches': [], 'reason': ''}"
ayo padha ngomong bab antithesis saka kemurnian: Yordania,0,"{'action': 'keep', 'western_matches': [], 'convertible_matches': [], 'reason': ''}"
Ora diijini nelpon kolega sing nganggo jilbab nalika kerja,0,"{'action': 'keep', 'western_matches': [], 'convertible_matches': [], 'reason': ''}"
"""Bajingan kuning cilik, bali menyang China!"" - dheweke bengok-bengok marang aku",0,"{'action': 'keep', 'western_matches': [], 'convertible_matches': [], 'reason': ''}"
"Aku duwe tutor ireng lan aku sengit marang dheweke, aku pengin dheweke putih",2,"{'action': 'keep', 'western_matches': [], 'convertible_matches': [], 'reason': ''}"
"Yen sampeyan mikir babagan iki, generasi y minangka generasi paling ala",1,"{'action': 'keep', 'western_matches': [], 'convertible_matches': [], 'reason': ''}"
wong gipsi ora salah,0,"{'action': 'keep', 'western_matches': [], 'convertible_matches': [], 'reason': ''}"
"Aku ngerti akeh wong Afghan sing reged, nyatane kabeh padha reged",2,"{'action': 'keep', 'western_matches': [], 'convertible_matches': [], 'reason': ''}"
Ferns minangka sebab utama jagad iki ala,2,"{'action': 'keep', 'western_matches': [], 'convertible_matches': [], 'reason': ''}"
"Wong sing ngomong wong tuwa ora ana guna lan kudu mati, iku salah",0,"{'action': 'keep', 'western_matches': [], 'convertible_matches': [], 'reason': ''}"
Isih ana wong kang nggunakake tembung n*gga,0,"{'action': 'keep', 'western_matches': [], 'convertible_matches': [], 'reason': ''}"
Dilarang nyebutake niqabis marang kanca kerja,1,"{'action': 'keep', 'western_matches': [], 'convertible_matches': [], 'reason': ''}"
"Sedhih, nanging reputasi etnis mateni akeh wong sadurunge lair. Etnis kulit peteng digandhengake karo kejahatan, kemiskinan, terorisme lan ora jujur. Bob lan meme vagene lucu, nanging ora ateges aku ngremehake wong India.",0,"{'action': 'keep', 'western_matches': [], 'convertible_matches': [], 'reason': ''}"
Sialan!!!!! Dheweke ngomong karo Charlie kaya wong bodho lan glares marang dheweke. Jujur dheweke pancen bodho !!,0,"{'action': 'keep', 'western_matches': [], 'convertible_matches': [], 'reason': ''}"
"yen sampeyan misoginis, ninggalake",0,"{'action': 'keep', 'western_matches': [], 'convertible_matches': [], 'reason': ''}"
Wong cina pancen hebat.... nek arep ngusir!,2,"{'action': 'keep', 'western_matches': [], 'convertible_matches': [], 'reason': ''}"
trans ngrusak negara kita,3,"{'action': 'keep', 'western_matches': [], 'convertible_matches': [], 'reason': ''}"
"Yen mung risiko koronavirus yaiku pati ing wong tuwa, apa masalahe? Dheweke wis cukup urip",2,"{'action': 'keep', 'western_matches': [], 'convertible_matches': [], 'reason': ''}"
"btp gak punya kelebihan, kecuali pemimpin yg suka berkata kotor Tai,, bajingan,keparat..., anjink,,, dll Memalukan",2,"{'action': 'keep', 'western_matches': [], 'convertible_matches': [], 'reason': ''}"
saben dina aku krungu wong ngomong babagan aku amarga aku ireng,0,"{'action': 'keep', 'western_matches': [], 'convertible_matches': [], 'reason': ''}"
Gyppos sialan kasebut ngrusak saben wilayah sing ditekani banjur lunga,3,"{'action': 'keep', 'western_matches': [], 'convertible_matches': [], 'reason': ''}"
Sing duwe werna leluhur ing Irlandia sing disproportionately scobberlotchers.,1,"{'action': 'keep', 'western_matches': [], 'convertible_matches': [], 'reason': ''}"
Nelpon wong Asia Kidul minangka 'kunyah kari' minangka istilah sing nyerang,0,"{'action': 'keep', 'western_matches': [], 'convertible_matches': [], 'reason': ''}"
"Kabukten kanthi statistik manawa luwih akeh wong India sing tiwas amarga koronavirus tinimbang demografi liyane, sing ala banget",0,"{'action': 'keep', 'western_matches': [], 'convertible_matches': [], 'reason': ''}"
"Pengin ndeleng sekelompok wong edan, delusional, lan ora kompeten? ngawasi parlemen. Dheweke dadi sampah negara iki",0,"{'action': 'keep', 'western_matches': [], 'convertible_matches': [], 'reason': ''}"
"Bener, pandemi iki nyegah aku supaya bisa urip seksual sing paling apik. ora bisa",0,"{'action': 'keep', 'western_matches': [], 'convertible_matches': [], 'reason': ''}"
hippies padha biasane reged,0,"{'action': 'keep', 'western_matches': [], 'convertible_matches': [], 'reason': ''}"
Wulu kucing sialan iku ana ing endi-endi. Aku wonder yen ropeheads moult kaya iki.,1,"{'action': 'keep', 'western_matches': [], 'convertible_matches': [], 'reason': ''}"
"Bajingan, sampeyan ngrusak kabeh! Mungkasi nyoba kanggo ngontrol donya!",2,"{'action': 'keep', 'western_matches': [], 'convertible_matches': [], 'reason': ''}"
Kamu tidak pantas dihormati,2,"{'action': 'keep', 'western_matches': [], 'convertible_matches': [], 'reason': ''}"
"Babi kok haram, enak e ngono e",2,"{'action': 'keep', 'western_matches': [], 'convertible_matches': [], 'reason': ''}"
dadi Polandia iku nasibe luwih elek tinimbang pati,2,"{'action': 'keep', 'western_matches': [], 'convertible_matches': [], 'reason': ''}"
"Aku tau lunga menyang Rusia preian, negara iki apik banget sanajan wong-wong mau banget perang. Apa bisa rampung kanggo ngatasi masalah cilik iki sawetara zyklon b.",0,"{'action': 'keep', 'western_matches': [], 'convertible_matches': [], 'reason': ''}"
hyena punika gagalipun Gusti,0,"{'action': 'keep', 'western_matches': [], 'convertible_matches': [], 'reason': ''}"
"Kanggo wiwitan, dheweke teka ing kamar darurat rumah sakit kanthi lara, lan para dokter sing mlarat seneng ngobati kanthi gratis yen perlu. Mung amarga padha ora bisa njlèntrèhaké pain luwih saka ""Wetengku lara"" ora ateges ibune meksa dheweke kanggo ngedol tamba ing $10 pil. Yagene dheweke ora pantes nindakake perkara sing padha karo kita babagan kesehatan?",0,"{'action': 'keep', 'western_matches': [], 'convertible_matches': [], 'reason': ''}"
Donya bakal dadi papan sing luwih apik yen ora ana negara sing Spy kita lan saben wong mung mikir bisnis dhewe.,0,"{'action': 'keep', 'western_matches': [], 'convertible_matches': [], 'reason': ''}"
wong-wong iki kanker ing manungsa!,0,"{'action': 'keep', 'western_matches': [], 'convertible_matches': [], 'reason': ''}"
Kasunyatan manawa sampeyan nganggep bisa ditampa kanggo nunjukake senjata api marang sapa wae sing seneng nganggo andhuk nuduhake kanthi jelas yen sampeyan minangka patriot negara sampeyan.,2,"{'action': 'keep', 'western_matches': [], 'convertible_matches': [], 'reason': ''}"
Aku pengin ndeleng saben prajurit dikirim mulih,0,"{'action': 'keep', 'western_matches': [], 'convertible_matches': [], 'reason': ''}"
thread disaranake dening kothak layang piyambak lan nampa 31 seneng lan seneng,0,"{'action': 'keep', 'western_matches': [], 'convertible_matches': [], 'reason': ''}"
Esuk iki akeh wong sing ora duwe topeng,0,"{'action': 'keep', 'western_matches': [], 'convertible_matches': [], 'reason': ''}"
Wong Israel rumangsa kuwat saiki amarga dilindhungi dening AS,1,"{'action': 'keep', 'western_matches': [], 'convertible_matches': [], 'reason': ''}"
Sampah sing ora ana gunane iki ora kena diarani koleksi!,0,"{'action': 'keep', 'western_matches': [], 'convertible_matches': [], 'reason': ''}"
"Ana akeh wong ras campuran ing ngendi aku kerja, sing nggawe aku ora kepenak",1,"{'action': 'keep', 'western_matches': [], 'convertible_matches': [], 'reason': ''}"
"Jujur, para demonstran ora pengin kesetaraan, pengin kepenak.",0,"{'action': 'keep', 'western_matches': [], 'convertible_matches': [], 'reason': ''}"
Badhak minangka mamalia sing cerdas lan nurturing. Beda karo diiiiiiikeeeeeessss.,1,"{'action': 'keep', 'western_matches': [], 'convertible_matches': [], 'reason': ''}"
Aku lara karo pemerintah sing njilat bokong iki,0,"{'action': 'keep', 'western_matches': [], 'convertible_matches': [], 'reason': ''}"
Shylocks paling awon,2,"{'action': 'keep', 'western_matches': [], 'convertible_matches': [], 'reason': ''}"
Iku angel nolak yen wong Latin iku ala,2,"{'action': 'keep', 'western_matches': [], 'convertible_matches': [], 'reason': ''}"
jancok kowe. Umume wong kulit putih kerja keras lan ngupayakake urip. Kita ora butuh wong sayap kiwa sing ngandhani yen kita duwe hak istimewa. Sing nggawe aku nesu banget.,0,"{'action': 'keep', 'western_matches': [], 'convertible_matches': [], 'reason': ''}"
"Aku digunakake kene tali Pundhak / sling. Iku gedhe amarga ora meneng menyang tripod Gunung supaya sampeyan bisa nyimpen piring soyo tambah ing kamera yen sampeyan nindakake akèh tripod njupuk ing Go kaya aku, wis clip release cepet, lan iku banget trep. Aku nggunakake s-biner kanggo masang kamera kanggo sabuk nalika aku hiking utawa urbexxing (bejat menyang omah) kanggo njaga kamera saka swinging watara. Aku bakal pas karo tagihan",0,"{'action': 'keep', 'western_matches': [], 'convertible_matches': [], 'reason': ''}"
Aku seneng gagasan njupuk kabeh hak saka Sikhs,3,"{'action': 'keep', 'western_matches': [], 'convertible_matches': [], 'reason': ''}"
"Saka 12,5 yuta wong Afrika sing dikirim menyang Donya Anyar sajrone Perdagangan Budak Transatlantik, kurang saka 388.000 sing teka ing Amerika Serikat, nanging kabeh padha teka saiki""|",0,"{'action': 'keep', 'western_matches': [], 'convertible_matches': [], 'reason': ''}"
"ora gampang ngomong, lan aja teka ing komentar amarga negara iki ngidini kebebasan ngomong, mula aku diijini kanggo mratelakake panemume lan ora seneng marang wong sing ora sopan, mula tinggalake aku amarga dheweke ora kudu ana, yaiku piye perasaanku",1,"{'action': 'keep', 'western_matches': [], 'convertible_matches': [], 'reason': ''}"
Tanggaku ras campuran.,0,"{'action': 'keep', 'western_matches': [], 'convertible_matches': [], 'reason': ''}"
"iku ora gampang ngomong, lan aja teka ing komentar amarga negara iki ngidini kebebasan ngomong supaya aku diijini kanggo mratelakake panemume lan ora seneng karo politisi, supaya ninggalake aku dhewe, kaya sing aku rumangsa.",0,"{'action': 'keep', 'western_matches': [], 'convertible_matches': [], 'reason': ''}"
Apa dheweke bodho? Sapa sing ora ninggalke bodho nalika nyambut gawe?,2,"{'action': 'keep', 'western_matches': [], 'convertible_matches': [], 'reason': ''}"
ora ana proyek lan kabeh ekonomi kita ana ing krisis. Aku nyalahke turah mbrawah saka Polandia wankers!,2,"{'action': 'keep', 'western_matches': [], 'convertible_matches': [], 'reason': ''}"
Kelas iki kebak Lesbos,1,"{'action': 'keep', 'western_matches': [], 'convertible_matches': [], 'reason': ''}"
"Ngganggu kudu nerangake dhewe lan alesan aku ora seneng kerang, kabeh wong kudu ngerti penjelasan sing jelas iki amarga kerang rasane njijiki, masuk akal.",0,"{'action': 'keep', 'western_matches': [], 'convertible_matches': [], 'reason': ''}"
Black Panther katon kaya film babagan geng kriminal London sing berdarah!,1,"{'action': 'keep', 'western_matches': [], 'convertible_matches': [], 'reason': ''}"
Parlemen iki kebak omong kosong,0,"{'action': 'keep', 'western_matches': [], 'convertible_matches': [], 'reason': ''}"
"Ya, gerakane Ratu apik banget! Aku nonton film Call Me By Your Name seminggu kepungkur. Aku ngerti iku film 2017 nanging iku salah siji saka favorit. Film paling apik ing taun 2020 yaiku Parasite. Ora yakin yen iki film 2020, mula aku bakal takon liyane",0,"{'action': 'keep', 'western_matches': [], 'convertible_matches': [], 'reason': ''}"
Kabeh ruskies alam bébas ing taman kudu dipatèni,3,"{'action': 'keep', 'western_matches': [], 'convertible_matches': [], 'reason': ''}"
"Sialan, aku sengit karo telponku",0,"{'action': 'keep', 'western_matches': [], 'convertible_matches': [], 'reason': ''}"
"Wong bodho iki pancen pait, dheweke percaya Skotlandia minangka lem sing nyepeng kita, tanpa ana kita kabeh bakal dadi rasis hood putih.....",0,"{'action': 'keep', 'western_matches': [], 'convertible_matches': [], 'reason': ''}"
Kabeh padha nindakake ... Kebak Pengkhianat sing nggawe iki bisa.,0,"{'action': 'keep', 'western_matches': [], 'convertible_matches': [], 'reason': ''}"
"pervert iki ora cukup pinter malah dadi atlit ... neutered lan institutionalized lan wis wong ""ketemu unresponsive.""",0,"{'action': 'keep', 'western_matches': [], 'convertible_matches': [], 'reason': ''}"
Aku pancene sengit shecoons!,2,"{'action': 'keep', 'western_matches': [], 'convertible_matches': [], 'reason': ''}"
sapi ireng bodho iku luwih lemu tinimbang kulkas! Kabeh kaya ngono,2,"{'action': 'keep', 'western_matches': [], 'convertible_matches': [], 'reason': ''}"
Aku seneng brashness saka bocah-bocah wadon ireng,0,"{'action': 'keep', 'western_matches': [], 'convertible_matches': [], 'reason': ''}"
"Kesehatan genetik lan kualitas manungsa saya suwe saya suwe saya suwe saya suwe amarga kabeh kemajuan medis lan teknologi sing diiringi Revolusi Industri Eropa Putih. Ana sing cacat kaya 90+ yuta wong Amerika saiki nandhang cacat - sing meh kabeh pedunung negara kaya Inggris lan Prancis. Lan mung bakal dadi luwih elek sajrone pirang-pirang taun amarga kombinasi kabijakan sing didhukung dening liberal kayata promiscuity, imigrasi massal ing negara-negara Donya Katelu, perkawinan antar ras, negara kesejahteraan, lan anti-miscegenation umum.",3,"{'action': 'keep', 'western_matches': [], 'convertible_matches': [], 'reason': ''}"
"wong pancene iku karya ala. Banjur nuduhake kaya ""Sampeyan ora ngerti apa sing dialami wong ing mburi esemane""<9d> sing bener nanging uga omongan sing pasif-agresif babagan awake dhewe. Kita ngerti, Jordan. Kita ngerti sampeyan ora stabil mental. Kita kabeh wis weruh crita sampeyan.",0,"{'action': 'keep', 'western_matches': [], 'convertible_matches': [], 'reason': ''}"
Laptop ala. layar retak ing setengah ing wektu cendhak! Mengkono yen digawe dening chingchong,2,"{'action': 'keep', 'western_matches': [], 'convertible_matches': [], 'reason': ''}"
Wilayahku akehe wong Tionghoa,0,"{'action': 'keep', 'western_matches': [], 'convertible_matches': [], 'reason': ''}"
"Kowe urip ing donyane dhewe, ta? Ora ana sing ngajari remaja babagan fashion, sadurunge internet sinau saka majalah lan acara TV. Wong bodho kok ora bisa nglakoni sing padha? Sampeyan mung ngubengi awake dhewe.",0,"{'action': 'keep', 'western_matches': [], 'convertible_matches': [], 'reason': ''}"
Apa ora isin yen ndeleng bocah sing umur 2 taun renang lan sampeyan angel nglangi?,0,"{'action': 'keep', 'western_matches': [], 'convertible_matches': [], 'reason': ''}"
sampeyan pancen bangsawan!,1,"{'action': 'keep', 'western_matches': [], 'convertible_matches': [], 'reason': ''}"
"Ojo dumeh, mung nganggo masker",0,"{'action': 'keep', 'western_matches': [], 'convertible_matches': [], 'reason': ''}"
"Tumindak afirmatif yaiku nalika kita ngerti yen kethek budak ora bisa kerja utawa mlebu universitas, mula kita nindakake kanggo dheweke.",2,"{'action': 'keep', 'western_matches': [], 'convertible_matches': [], 'reason': ''}"
Aku ora seneng nganggo klambi iki,0,"{'action': 'keep', 'western_matches': [], 'convertible_matches': [], 'reason': ''}"
Muslim golek pangayoman nalika padha teka liwat lurung-lurung kita. Aku seneng ndeleng iki!,0,"{'action': 'keep', 'western_matches': [], 'convertible_matches': [], 'reason': ''}"
"wow trannies duwe Barbie Doll Anatomy alias Featureless, Nullification, Smoothing, Totally Fake",3,"{'action': 'keep', 'western_matches': [], 'convertible_matches': [], 'reason': ''}"
Aku ora seneng dadi wong bodho. Aku ora pengin nuduhake jimat karo wong sing cethek,0,"{'action': 'keep', 'western_matches': [], 'convertible_matches': [], 'reason': ''}"
Aku kabeh Zionis iku penipuan,3,"{'action': 'keep', 'western_matches': [], 'convertible_matches': [], 'reason': ''}"
"Yen sampeyan anti-Muslim lan tresna Amerika, sampeyan ana ing panggonan sing bener. Server perselisihan iki dimaksudake minangka papan kanggo ngungkapake kreativitas sampeyan. Iki minangka papan anyar lan isih akeh. Share lan seneng!",3,"{'action': 'keep', 'western_matches': [], 'convertible_matches': [], 'reason': ''}"
"kita kabeh duwe masalah ing urip. depresi, keuangan, karya, masalah kulawarga. Aku pancene kanggo masyarakat. kaya akeh liyane, masalah paling gedhe iki manggon jejere wong biseksual. apa sing bisa kita lakoni babagan iki? ala banget.",2,"{'action': 'keep', 'western_matches': [], 'convertible_matches': [], 'reason': ''}"
Aku ora kerja keras supaya wong liyo bisa njupuk kabeh bathi,1,"{'action': 'keep', 'western_matches': [], 'convertible_matches': [], 'reason': ''}"
Muga-muga kepala andhuk sialan kasebut ora bakal teka ing negara kita,3,"{'action': 'keep', 'western_matches': [], 'convertible_matches': [], 'reason': ''}"
"Ora bisa dipungkiri: Inggris sing luwih coklat, luwih elek. Padha karo kabeh tanah kelairan wong kulit putih liyane, ing Eropah lan Amerika. Iku Hukum Alam sing ora bisa diganti.",2,"{'action': 'keep', 'western_matches': [], 'convertible_matches': [], 'reason': ''}"
Rochester minangka kutha ing ngendi wong kulit putih kudu nembak bocah enom ireng sing muni bel lawang kanthi pura-pura njaluk pituduh lan banjur ngoyak dheweke. Iku katon kaya panggonan medeni lan kriminal.,3,"{'action': 'keep', 'western_matches': [], 'convertible_matches': [], 'reason': ''}"
Muslim ora kaya teroris!,0,"{'action': 'keep', 'western_matches': [], 'convertible_matches': [], 'reason': ''}"
"Aku pengin ngerti kenapa akeh wong trans MtF dibandhingake karo wong trans? Secara pribadi, aku ora duwe apa-apa marang wong-wong mau, lan aku ora nate nemoni wong-wong mau njijiki utawa predator kaya sing diomongake dening wong-wong bajingan.",0,"{'action': 'keep', 'western_matches': [], 'convertible_matches': [], 'reason': ''}"
Aku seneng carane bodho sampeyan nalika nerangake cah wadon,0,"{'action': 'keep', 'western_matches': [], 'convertible_matches': [], 'reason': ''}"
"ireng, putih, wadon, manÉ Sampeyan ora ngerti sepira ala dadi wong Tionghoa ing negara iki",0,"{'action': 'keep', 'western_matches': [], 'convertible_matches': [], 'reason': ''}"
kok tetep urusan karo trannies? K! L L T HE M L L,3,"{'action': 'keep', 'western_matches': [], 'convertible_matches': [], 'reason': ''}"
"Nanging yen sampeyan duwe kanca sing percaya karo sampeyan lan hotspot xfinity sing cedhak, sampeyan bisa nyambung menyang dheweke (nggunakake antena eksternal kanggo piranti sampeyan utawa router sing ngidini kloning alamat MAC) dheweke bisa mlebu menyang akun lan nambah alamat sampeyan menyang piranti kasebut. Akun, banjur piranti nganggo alamat MAC Sing (bisa apa wae yen sampeyan ngapusi alamat MAC piranti menyang nilai sing dikarepake utawa nyetel klon WAN lan alamat MAC nirkabel menyang nilai kasebut ing DD-WRT) bisa nyambung menyang hotspot xfinitywifi tanpa mbutuhake a nggunakake login liwat kaca web portal.",0,"{'action': 'keep', 'western_matches': [], 'convertible_matches': [], 'reason': ''}"
kari wong kudu ninggalake negara kita,2,"{'action': 'keep', 'western_matches': [], 'convertible_matches': [], 'reason': ''}"
Corbyn bener kabeh. Kita nyekseni ing omah saben dina.,0,"{'action': 'keep', 'western_matches': [], 'convertible_matches': [], 'reason': ''}"
Wong chinx iki kudu mulih,2,"{'action': 'keep', 'western_matches': [], 'convertible_matches': [], 'reason': ''}"
Anak bajingan! kurang ajar kamu! mending saya gapunya anak sama sekalian.,2,"{'action': 'keep', 'western_matches': [], 'convertible_matches': [], 'reason': ''}"
Aku elinga film 1962 ngendi wong jahat iku pembunuh. Iki minangka film sing digawe ing Inggris nanging dibiayai dening Hollywood. Apa ana sing bisa ngira apa iku?,0,"{'action': 'keep', 'western_matches': [], 'convertible_matches': [], 'reason': ''}"
"Inggris minangka negara sing luar biasa. Universitas paling apik ing donya. Festival musik paling apik sing bisa dikarepake. Pondok paling ayu lan desa cilik. Wong sing paling grapyak. Kita pancen apik tenan yen kita menehi kabeh kanthi gratis, ta?",0,"{'action': 'keep', 'western_matches': [], 'convertible_matches': [], 'reason': ''}"
"Sampeyan kiwa, aku rumangsa ora bisa nulis kanthi apik",0,"{'action': 'keep', 'western_matches': [], 'convertible_matches': [], 'reason': ''}"
Aku nggoleki kanca anyar sing seneng mbedakake wong Pakistan kaya aku,1,"{'action': 'keep', 'western_matches': [], 'convertible_matches': [], 'reason': ''}"
dheweke ora apik karo teknologi aku ora bisa dipercaya kanggo ndandani laptopku,0,"{'action': 'keep', 'western_matches': [], 'convertible_matches': [], 'reason': ''}"
"nyatane, 41% saka trannies sing kudu wedi piyambak",3,"{'action': 'keep', 'western_matches': [], 'convertible_matches': [], 'reason': ''}"
Aku ora nglilani anak-anakku dolanan boneka Barbie,0,"{'action': 'keep', 'western_matches': [], 'convertible_matches': [], 'reason': ''}"
Aku golek kanca anyar sing senengane ngalah-ngalah wong Korea kaya aku,1,"{'action': 'keep', 'western_matches': [], 'convertible_matches': [], 'reason': ''}"
Tanggaku saka China.,0,"{'action': 'keep', 'western_matches': [], 'convertible_matches': [], 'reason': ''}"
Kamu adalah pendengar yang baik,0,"{'action': 'keep', 'western_matches': [], 'convertible_matches': [], 'reason': ''}"
"ora ana proyek amarga kunci lan ekonomi kekacauan, coronavirus nyebabake negara kasebut mlebu ing bolongan ireng gedhe, kabeh amarga wong Tionghoa lan rasa kelelawar.",3,"{'action': 'keep', 'western_matches': [], 'convertible_matches': [], 'reason': ''}"
"Aku ora bisa nyalahke sampeyan amarga sanajan sampeyan tindakake saben pesenan, ana kasempatan padha isih bakal matèni sampeyan amarga sampeyan ireng.",0,"{'action': 'keep', 'western_matches': [], 'convertible_matches': [], 'reason': ''}"
dadi dosa iku dadi manungsa,0,"{'action': 'keep', 'western_matches': [], 'convertible_matches': [], 'reason': ''}"
tukang resik ireng iku wong bodho,2,"{'action': 'keep', 'western_matches': [], 'convertible_matches': [], 'reason': ''}"
"Kadhang-kadhang aku mikir bener politik wis adoh banget, apa dhuwit wajib pajakku kudu dibuwang",0,"{'action': 'keep', 'western_matches': [], 'convertible_matches': [], 'reason': ''}"
Sampeyan mambu ora enak. Sampeyan kudu adus luwih asring,0,"{'action': 'keep', 'western_matches': [], 'convertible_matches': [], 'reason': ''}"
Aku ora ngerti apa sing luwih rasis. ngandika Afirmatif Tindakan ngirim ora digunakake kanggo ndhaftar anak ireng ing sekolah apik amarga wong mikir padha ora bisa sukses utawa ngenali watesan utawa suggest ndhaptar ing sekolah ngendi padha ora bisa berkembang?,0,"{'action': 'keep', 'western_matches': [], 'convertible_matches': [], 'reason': ''}"
Apa sampeyan serius? Muslim sing mbangun maneh gréja ora beda karo teroris ekstremis sing ngrusak. Apa ora sijine bebarengan?,2,"{'action': 'keep', 'western_matches': [], 'convertible_matches': [], 'reason': ''}"
"Iki biyen game sing gampang, saiki ora. JANCOK!",0,"{'action': 'keep', 'western_matches': [], 'convertible_matches': [], 'reason': ''}"
Sampeyan ngerti Nick Fuentes biasane dicokot adhedhasar. Nanging dheweke ora bisa mikir yen dheweke bisa mbajak Partai Republik.,1,"{'action': 'keep', 'western_matches': [], 'convertible_matches': [], 'reason': ''}"
"iku ora gampang ngomong, lan aja teka ing komentar amarga negara iki ngidini kebebasan kanggo mratelakake panemume, supaya aku diijini kanggo mratelakake panemume lan ora seneng kanggo wong manca, supaya ninggalake kula piyambak amarga padha ora kudu ana, kaya ngono. Aku rumangsa",2,"{'action': 'keep', 'western_matches': [], 'convertible_matches': [], 'reason': ''}"
Kabeh wong ora kena diarani wong cacat 'mongs'! Iku istilah sing paling medeni,0,"{'action': 'keep', 'western_matches': [], 'convertible_matches': [], 'reason': ''}"
"Wong-wong kulit putih akhir-akhir iki ngupayakake nasibe. Iki pancen wis narik kawigaten wong. Dadi, dheweke bubar nggawe istilah anyar ""rasisme anti-putih."" Kita kudu takon dhéwé, apa sih? ana rasisme anti-ireng, rasisme anti-Sikh, rasisme anti-Korea, rasisme anti-Pasifik Islander, lsp. Nanging wong kulit putih sing duwe hak istimewa ing kene. Apa rasisme saiki lagi digandhengake karo kelompok supremasi kulit putih? Tangi, kabeh!",0,"{'action': 'keep', 'western_matches': [], 'convertible_matches': [], 'reason': ''}"
ora! luwih ngati-ati!,0,"{'action': 'keep', 'western_matches': [], 'convertible_matches': [], 'reason': ''}"
Aku ora setuju karo anggepan yen Holocaust iku ala,0,"{'action': 'keep', 'western_matches': [], 'convertible_matches': [], 'reason': ''}"
"Aku dadi banget frustasi karo kabeh planggaran aku ditampa saben dina. Diceluk Osama, joki unta, bocah sapi unta, raghead lan Alibaba saben dina ora lucu kanggo wong sing ora katon kaya muzzy.",3,"{'action': 'keep', 'western_matches': [], 'convertible_matches': [], 'reason': ''}"
"saben dina aku krungu wong coklat ngomong babagan aku amarga aku wong sing golek suaka. Iku mung amarga padha lunga sadurunge kahanan dadi ala, dammit.",2,"{'action': 'keep', 'western_matches': [], 'convertible_matches': [], 'reason': ''}"
Anies kewan kok ate dadi presiden,2,"{'action': 'keep', 'western_matches': [], 'convertible_matches': [], 'reason': ''}"
Cairo Coon ora ramah,1,"{'action': 'keep', 'western_matches': [], 'convertible_matches': [], 'reason': ''}"
g4y m3n ar3 r4ts,3,"{'action': 'keep', 'western_matches': [], 'convertible_matches': [], 'reason': ''}"
"Aku ora setuju karo Nazi, nanging kanthi acak nyeret sejarah politik nalika dheweke ngirim ing sub musik ora masuk akal lan ora perlu. Bengok-bengok marang dheweke sajrone debat kabeh sing dikarepake, nanging ngina Nazi nalika ora nindakake apa-apa sing gegandhengan karo Nazi ora dadi perkara sing apik. Kajaba iku, kanggo cathetan, kita kudu ngelingi sejarah lan ngormati sumbangan gedhe sing ditindakake Nazi kanggo masyarakat kita, yen ora, saiki kita bakal kebanjiran sampah kikish.",3,"{'action': 'keep', 'western_matches': [], 'convertible_matches': [], 'reason': ''}"
carane iwak reproduksi!,0,"{'action': 'keep', 'western_matches': [], 'convertible_matches': [], 'reason': ''}"
Aku uga wedi karo dheweke lan kancaku sing paling apik yaiku polisi ireng,0,"{'action': 'keep', 'western_matches': [], 'convertible_matches': [], 'reason': ''}"
"Aku seneng balapan nyenyet nganti 100m, bungah banget yen aku ora melu balapan liyane",0,"{'action': 'keep', 'western_matches': [], 'convertible_matches': [], 'reason': ''}"
"Kita mesthi butuh luwih akeh kapribaden, Hitler, kaya dheweke.",3,"{'action': 'keep', 'western_matches': [], 'convertible_matches': [], 'reason': ''}"
"Iku apik kanggo ngomong kabeh sing aku ora gething kanggo ket, ala banget sing bakal ngapusi",0,"{'action': 'keep', 'western_matches': [], 'convertible_matches': [], 'reason': ''}"
basis underdeveloped,0,"{'action': 'keep', 'western_matches': [], 'convertible_matches': [], 'reason': ''}"
"Miturut jajak pendapat, Partai Demokrat minangka grup sing paling anti-kabebasan ngomong",0,"{'action': 'keep', 'western_matches': [], 'convertible_matches': [], 'reason': ''}"
"Ngganggu kudu nerangake dhewe lan alasan aku ora seneng karo kulit abang ing tim, kabeh wong kudu ngerti yen kulit ireng utawa biru katon luwih apik ing sangisore klambi bal-balan.",0,"{'action': 'keep', 'western_matches': [], 'convertible_matches': [], 'reason': ''}"
"ireng iku werna reged banget, kabeh ireng dadi reged gampang. Mulane aku tuku mobil putih",0,"{'action': 'keep', 'western_matches': [], 'convertible_matches': [], 'reason': ''}"
Aku sengit fashion Amérika,0,"{'action': 'keep', 'western_matches': [], 'convertible_matches': [], 'reason': ''}"
Aku ngerti sawetara kulawarga sing ora duwe kabisan,0,"{'action': 'keep', 'western_matches': [], 'convertible_matches': [], 'reason': ''}"
wong bodho malah ora bisa nganggo tutup rai kanthi bener,0,"{'action': 'keep', 'western_matches': [], 'convertible_matches': [], 'reason': ''}"
"Wooy monyet lu gk tau diri, di kasih pisang minta sambel",2,"{'action': 'keep', 'western_matches': [], 'convertible_matches': [], 'reason': ''}"
"Kacang polong iku gagal saka Gusti Allah, kaya kabeh sing teka saka Mesir",3,"{'action': 'keep', 'western_matches': [], 'convertible_matches': [], 'reason': ''}"
"London saiki minangka papan sing apik, padhang lan sregep. Aku tresna karo pemandangan, gang-gang cilik, wong sing ramah ing kene. Iku kabeh pancen apik tenan. Kabeh apik lan warna-warni, malah masjid gedhe sing ana ing tengah Taman Bupati sing megah. Inggih, mbok menawi bab-bab punika kedah dipun klarifikasi.",0,"{'action': 'keep', 'western_matches': [], 'convertible_matches': [], 'reason': ''}"
Pasuryan sing kalah iki katon kaya operasi kosmetik sing ilang lan getihen banget!,0,"{'action': 'keep', 'western_matches': [], 'convertible_matches': [], 'reason': ''}"
"Nhs ora bisa ngatasi jumlah wong manca ing negara iki, wektune nutup tapel wates",2,"{'action': 'keep', 'western_matches': [], 'convertible_matches': [], 'reason': ''}"
virus (Tionghoa) mung nggawa kasangsaran kanggo urip sampeyan,2,"{'action': 'keep', 'western_matches': [], 'convertible_matches': [], 'reason': ''}"
sedhih yen aku ora rumangsa aman urip diubengi dening kelompok minoritas,1,"{'action': 'keep', 'western_matches': [], 'convertible_matches': [], 'reason': ''}"
sampeyan wong beracun,0,"{'action': 'keep', 'western_matches': [], 'convertible_matches': [], 'reason': ''}"
"Nuduhake yen sampeyan nindakake apa sing ditindakake bakal ngilangi ""mantra"". Kanthi h00knoses, mesthi ""aku, aku"". Nanging dheweke ora nate katon ing pangilon kanggo ndeleng sumber kabeh ""tinta kasangsaran""!",1,"{'action': 'keep', 'western_matches': [], 'convertible_matches': [], 'reason': ''}"
wommennennnn tenan njijiki,2,"{'action': 'keep', 'western_matches': [], 'convertible_matches': [], 'reason': ''}"
"Kancaku duwe pengalaman ala ngeculke flat dheweke. Kulawargane ninggalake dheweke kanthi kondisi sing bener amarga dheweke kudu lunga menyang Pakistan. Iku kebak sampah lan reged tenan, Aku guess dheweke ora nyana bener!",0,"{'action': 'keep', 'western_matches': [], 'convertible_matches': [], 'reason': ''}"
"Alasan sing kiwa kanggo kekerasan yaiku ""menjumuk nazi"" nanging sing kiwa sosialis, dadi khas wong sing mikir kaping pindho.",1,"{'action': 'keep', 'western_matches': [], 'convertible_matches': [], 'reason': ''}"
cah ayu ora ngerti apa-apa,1,"{'action': 'keep', 'western_matches': [], 'convertible_matches': [], 'reason': ''}"
Ora gampang kanggo aku fokus nalika sholat amarga aku duwe akeh masalah kesehatan mental lan aku ora bisa fokus banget. Aku nyoba sing paling apik nanging asring aku mikir babagan liya. Apa ana wong liya sing ngalami iki lan ana solusi kanggo masalah iki?,0,"{'action': 'keep', 'western_matches': [], 'convertible_matches': [], 'reason': ''}"
"Wong Hindhu duwe masalah karo keturunan, kabeh padha nikah karo sedulur sepisanan",2,"{'action': 'keep', 'western_matches': [], 'convertible_matches': [], 'reason': ''}"
"seniman asring mikir piyambak minangka ""pusat alam semesta"" lan padha seneng duwe legiun penggemar ""ngorbit"" watara wong.",0,"{'action': 'keep', 'western_matches': [], 'convertible_matches': [], 'reason': ''}"
Aku seneng carane queers bodho sing,2,"{'action': 'keep', 'western_matches': [], 'convertible_matches': [], 'reason': ''}"
Tanggaku saka Polandia.,0,"{'action': 'keep', 'western_matches': [], 'convertible_matches': [], 'reason': ''}"
kanggo kabeh transtrenders: Aku bakal mburu sampeyan mudhun,3,"{'action': 'keep', 'western_matches': [], 'convertible_matches': [], 'reason': ''}"
Aku pancene sengit rencana kanggo matèni kabeh clurut,0,"{'action': 'keep', 'western_matches': [], 'convertible_matches': [], 'reason': ''}"
"Sekedap, dheweke iku ASU ðŸ˜¤ Dheweke pancen ngganggu aku",0,"{'action': 'keep', 'western_matches': [], 'convertible_matches': [], 'reason': ''}"
ana akeh banget bandara ing negara iki,0,"{'action': 'keep', 'western_matches': [], 'convertible_matches': [], 'reason': ''}"
Aku seneng yen kabeh f4gs dijupuk piyambak,3,"{'action': 'keep', 'western_matches': [], 'convertible_matches': [], 'reason': ''}"
Aku seneng carane kejem wong golek asylum,2,"{'action': 'keep', 'western_matches': [], 'convertible_matches': [], 'reason': ''}"
Sing paling apik bullies iki bisa nindakake iku kenek sampeyan ing pasuryan karo penis Ponggawa padha mbayar sundel mirah kanggo peg wong.,0,"{'action': 'keep', 'western_matches': [], 'convertible_matches': [], 'reason': ''}"
Ngrusak kedaulatan lan integritas': India nglarang aplikasi seluler Cina kalebu TikTok & Shareit,0,"{'action': 'keep', 'western_matches': [], 'convertible_matches': [], 'reason': ''}"
Aku seneng banget karo rencana mateni kabeh wong Arab,3,"{'action': 'keep', 'western_matches': [], 'convertible_matches': [], 'reason': ''}"
"Aku sengit kang non-biner manggon ing negara iki, iku mung jawatan terus-terusan",0,"{'action': 'keep', 'western_matches': [], 'convertible_matches': [], 'reason': ''}"
Aku ora bakal mangan panganan sing wis kena dening asu campuran,2,"{'action': 'keep', 'western_matches': [], 'convertible_matches': [], 'reason': ''}"
nggawe senjata adhedhasar fiksi penggemar program anak,0,"{'action': 'keep', 'western_matches': [], 'convertible_matches': [], 'reason': ''}"
"Iki dadi ora masuk akal, kenapa saben wong mikir manawa kidiefder ora ala, dheweke lan kudu kawruh umum kanggo kabeh wong, aku ora pengin ngubengi wong nalika kudu ngerti",0,"{'action': 'keep', 'western_matches': [], 'convertible_matches': [], 'reason': ''}"
kabeh wong India kulon iku bajingan kejem,3,"{'action': 'keep', 'western_matches': [], 'convertible_matches': [], 'reason': ''}"
layanan pelanggan amazon ala,0,"{'action': 'keep', 'western_matches': [], 'convertible_matches': [], 'reason': ''}"
kok aku kudu nangani wong sing nggawa bayi,1,"{'action': 'keep', 'western_matches': [], 'convertible_matches': [], 'reason': ''}"
"Wis 5 dina aku padu mung mergo aku dewe 
mratelakake panemume lan iki wis ora bisa ditindakake saiki mung amarga sampeyan mikir yen minoritas jender ora diidini ana, ora ateges aku kudu, 
mesthi aku pengin wong-wong mau urip lan aku ora ngerti kenapa ana sing pengin mati. Iki dadi ridiculous lan wiwit kesel kula saiki",0,"{'action': 'keep', 'western_matches': [], 'convertible_matches': [], 'reason': ''}"
"Panda minangka mamalia sing cerdas lan nurturing. Sayange, dheweke uga ana ing ambang punah. Ing sisih liya, sampeyan bisa mangan s33 currymuncher ing ngendi wae.",2,"{'action': 'keep', 'western_matches': [], 'convertible_matches': [], 'reason': ''}"
"Ngganggu banget kudu nerangake dhewe lan alasane aku ora seneng karo wong sing seneng anduk, kabeh wong kudu ngerti penjelasan sing jelas iki lan kudu ngrasakake cara sing padha, masuk akal.",2,"{'action': 'keep', 'western_matches': [], 'convertible_matches': [], 'reason': ''}"
Ana korélasi langsung antarane populasi turis lan tingkat kejahatan,0,"{'action': 'keep', 'western_matches': [], 'convertible_matches': [], 'reason': ''}"
Ora ana sing bisa nyegah aku ngomong 'gludhug!' Nalika aku krungu. Aku kaya bocah.,0,"{'action': 'keep', 'western_matches': [], 'convertible_matches': [], 'reason': ''}"
"Wong koyo iki mung bikin kusut opo-opo, ora patut dipercaya.",2,"{'action': 'keep', 'western_matches': [], 'convertible_matches': [], 'reason': ''}"
"iki saiki wis entek, aku wis bantahan 5 kaping dina iki mung amarga aku mung nywarakke pendapat, mung amarga sampeyan mikir wong sing ora goy ana ora ateges aku, mesthi aku ora lan Aku ora ngerti kenapa ana wong sing pengin nindakake. Iki dadi ridiculous lan wiwit kesel kula saiki",1,"{'action': 'keep', 'western_matches': [], 'convertible_matches': [], 'reason': ''}"
"Aku tetep kudu mbusak ibukutha J kanggo nggawe j. Kayane mung bab tembung j3w, dudu Yesus, sing kudu dakkapit. Coba ketik tembung j, J3w tansah nganggo huruf kapital. K_k_ry Iku Kaki",3,"{'action': 'keep', 'western_matches': [], 'convertible_matches': [], 'reason': ''}"
Udan sial ngrusak rambutku,0,"{'action': 'keep', 'western_matches': [], 'convertible_matches': [], 'reason': ''}"
Deleng sawetara warta sing nggegirisi saiki - PHE nemokake manawa wong India loro nganti telu luwih cenderung didiagnosis Covid-19 tinimbang wong kulit putih.,0,"{'action': 'keep', 'western_matches': [], 'convertible_matches': [], 'reason': ''}"
iku pancene elek kanggo manggon minangka India ing negara iki,0,"{'action': 'keep', 'western_matches': [], 'convertible_matches': [], 'reason': ''}"
Wong wedok iku wong sengsara sing lintah wong lanang sing rajin. Kita ora kudu ninggalake pawon.,2,"{'action': 'keep', 'western_matches': [], 'convertible_matches': [], 'reason': ''}"
"Ora ana sing peduli karo serangga, mula ora ana riset sing ditindakake",0,"{'action': 'keep', 'western_matches': [], 'convertible_matches': [], 'reason': ''}"
"Pak Wolliwogg medeni aku dadi ora nate dolanan maneh. Nanging katon kaya versi asli bakal ngganggu aku ing salawas-lawase, akeh! Ngilangi! Ngilangi! OH ORA!",2,"{'action': 'keep', 'western_matches': [], 'convertible_matches': [], 'reason': ''}"
"Saben uwong duwe rasa ora aman lan dysphoria, nanging apa bocah wadon sing duwe irung raksasa ora peduli yen dheweke duwe kanca sing ora peduli lan mikir yen dheweke isih ayu? ora bisa kaya ngono",0,"{'action': 'keep', 'western_matches': [], 'convertible_matches': [], 'reason': ''}"
wektu tundha ora ana gunane,1,"{'action': 'keep', 'western_matches': [], 'convertible_matches': [], 'reason': ''}"
Aku nggoleki karyawan anyar sing duwe rasa sengit marang wong India kaya aku,0,"{'action': 'keep', 'western_matches': [], 'convertible_matches': [], 'reason': ''}"
"""Sampeyan ora bisa nyalahake wong Tionghoa amarga koronavirus, bisa wae saka ngendi wae"" ya, kanca, oke, aku bakal nyalahake wong bodho sing dakkarepake, dheweke pancen asu",2,"{'action': 'keep', 'western_matches': [], 'convertible_matches': [], 'reason': ''}"
"ora gampang ngomong, lan aja teka ing komentar amarga negara iki ngidini kebebasan ngomong, mula aku diidini medharake panemu lan ora seneng karo layangan, mula tinggalake aku amarga iki dudu kegiatan sing nyenengake. , kuwi sing dakrasakake",0,"{'action': 'keep', 'western_matches': [], 'convertible_matches': [], 'reason': ''}"
IQ genetik sing dhuwur kudu dianggep minangka wong ing taun iki,0,"{'action': 'keep', 'western_matches': [], 'convertible_matches': [], 'reason': ''}"
"Transphobia iku normal, mung nampa",2,"{'action': 'keep', 'western_matches': [], 'convertible_matches': [], 'reason': ''}"
"Al-Qur'an minangka kitab ingkang kedah dipun tindakaken nalika kita kafir lan kedah dipun-abdi. Yèn ora nuruti Al-Qur'an, wong-wong iku padha kafir lan bakal ditindhes dening 'dhewe'.",3,"{'action': 'keep', 'western_matches': [], 'convertible_matches': [], 'reason': ''}"
Wong cacat mung sampah masyarakat,3,"{'action': 'keep', 'western_matches': [], 'convertible_matches': [], 'reason': ''}"
"Iki tambah konyol, kok kabeh wong nganggep hijab kuwi ora jahat, jahat lan kudu dadi rahasia kanggo kabeh, aku ora pengin kudu mubeng-mubeng ngomong marang wong nalika kudune wis ngerti.",2,"{'action': 'keep', 'western_matches': [], 'convertible_matches': [], 'reason': ''}"
kabeh wong manca ilegal sing teka ing Inggris mung kanggo keuntungan sing diwenehake: manipulatif - lintah - parasit - freeloaders - spongers - moochers - pangguna - sycophants - oportunis - insinyur sosial - exploitative - pengemis - takers - PKL - ora duwe isin - narsis (yen kita nganggep yen nggunakake kerja kanggo bisnis B&B minangka tumindak pidana),3,"{'action': 'keep', 'western_matches': [], 'convertible_matches': [], 'reason': ''}"
ala banget sampeyan kiwa,0,"{'action': 'keep', 'western_matches': [], 'convertible_matches': [], 'reason': ''}"
"bocahe lumayan akeh, tanggaku duwe anak 7 lan nggawa anak tambahan siji, rame banget",0,"{'action': 'keep', 'western_matches': [], 'convertible_matches': [], 'reason': ''}"
Serang wong campuran sing sampeyan deleng,1,"{'action': 'keep', 'western_matches': [], 'convertible_matches': [], 'reason': ''}"
gggggggyyyyyy bener,0,"{'action': 'keep', 'western_matches': [], 'convertible_matches': [], 'reason': ''}"
"Endi sing misterius sing disebut ""supremacists putih"" sing kiwa wis raving babagan non-stop kanggo 5 taun? Internet trolls? Apa dheweke njupuk shitposting lan meme kanthi serius? haha bodho banget .... sing kiwa nyurung ideologi anti-putih menyang arus utama lan troll internet nglawan shitposting ... narasi",0,"{'action': 'keep', 'western_matches': [], 'convertible_matches': [], 'reason': ''}"
"Sampeyan bakal kelangan pangenalan sosial kanggo kiriman sampeyan, bodho",2,"{'action': 'keep', 'western_matches': [], 'convertible_matches': [], 'reason': ''}"
Aku bakal nggawe manawa ora ana boogie maneh ing negara iki.,3,"{'action': 'keep', 'western_matches': [], 'convertible_matches': [], 'reason': ''}"
pancen wong lemu ngupaya supaya sehat. Sampeyan nyoba nuntun wong liya menyang dalan sing ora bisa dihindari lan bunuh diri amarga sampeyan wis kepepet.,0,"{'action': 'keep', 'western_matches': [], 'convertible_matches': [], 'reason': ''}"
"kita kabeh duwe masalah ing urip. depresi, keuangan, karya, masalah kulawarga. Aku pancene kanggo masyarakat. Masalah paling gedhe yaiku tetanggan trans. ala banget.",2,"{'action': 'keep', 'western_matches': [], 'convertible_matches': [], 'reason': ''}"
supaya udan mandheg lan kita bisa metu,0,"{'action': 'keep', 'western_matches': [], 'convertible_matches': [], 'reason': ''}"
PHE sing kudu disalahake amarga korona ngrusak negara iki,0,"{'action': 'keep', 'western_matches': [], 'convertible_matches': [], 'reason': ''}"
Muslim iku dudu tikus!,0,"{'action': 'keep', 'western_matches': [], 'convertible_matches': [], 'reason': ''}"
"""Pak Johnson, Apa bener sampeyan upvoted komentar sing ngandika, lan aku Quote, 'Hur dur, bokong sing katon retak'? Apa sampeyan bisa nerangake dhewe?""",0,"{'action': 'keep', 'western_matches': [], 'convertible_matches': [], 'reason': ''}"
"Saben bangsa nduweni hak kanggo njaga identitase dhewe-dhewe. Hak India tetep dadi warga negara India, hak China tetep dadi warga negara China, hak Pakistan tetep dadi warga negara Pakistan, lan hak Prancis tetep dadi warga negara Prancis ora ateges negara kasebut ""sengit""<9d> negara liya.",0,"{'action': 'keep', 'western_matches': [], 'convertible_matches': [], 'reason': ''}"
"Para ilmuwan ujar manawa dheweke ora seneng. Sampeyan mbuwang Singa lan Macan ing taman bebarengan? Kedadean ala. Mbuwang kabeh ing kandhang, iku padha. Mulane ora ana Singa ing pager liyane, mung spesies sing kapisah. Muga-muga Raja Sejati jumeneng. Singa luwih becik menyang Neraka!",0,"{'action': 'keep', 'western_matches': [], 'convertible_matches': [], 'reason': ''}"
"sial, aku kalah!",0,"{'action': 'keep', 'western_matches': [], 'convertible_matches': [], 'reason': ''}"
Bangga banget yen anakku ora dadi tukang maling,0,"{'action': 'keep', 'western_matches': [], 'convertible_matches': [], 'reason': ''}"
sirah andhuk iku unsightly,2,"{'action': 'keep', 'western_matches': [], 'convertible_matches': [], 'reason': ''}"
Kasunyatane wong India iku reged,2,"{'action': 'keep', 'western_matches': [], 'convertible_matches': [], 'reason': ''}"
"Aku pancene sengit maps sawise padha nindakake kanggo Steve Irwin, padha disrespected pahlawan kanak-kanak lan aku ora bisa ngapura wong-wong mau.",0,"{'action': 'keep', 'western_matches': [], 'convertible_matches': [], 'reason': ''}"
Biasane keluhan mung FantAsY!,0,"{'action': 'keep', 'western_matches': [], 'convertible_matches': [], 'reason': ''}"
"Kucing irengku sengit tenan karo aku, bajingan kuwi",0,"{'action': 'keep', 'western_matches': [], 'convertible_matches': [], 'reason': ''}"
Aku bungah ing papan kerjaku ora ana wong trans,1,"{'action': 'keep', 'western_matches': [], 'convertible_matches': [], 'reason': ''}"
universitasku ala,0,"{'action': 'keep', 'western_matches': [], 'convertible_matches': [], 'reason': ''}"
"Ing sisih kiwa tegese kaya babi sing diternak. Apa sampeyan mikir yen dheweke fokus banget marang babi? Padha proyek, terus-terusan. Padha ngerti sing padha persis kaya babi. Dheweke bakal mangan kotoran sing padha anggere ngemot biji-bijian sing enak. Kaya babi.",0,"{'action': 'keep', 'western_matches': [], 'convertible_matches': [], 'reason': ''}"
"jancok kowe, asu",0,"{'action': 'keep', 'western_matches': [], 'convertible_matches': [], 'reason': ''}"
"Ada aja anjing yg buat gue ketawa pagi pagi gini,asu lah wkwkwk",2,"{'action': 'keep', 'western_matches': [], 'convertible_matches': [], 'reason': ''}"
Aku ngerti cah wadon karo phenotype wh1t3 sampurna sing duwe mbah Hispanik. Bayangna yen ana warga asing turu karo bocah wadon kaya ngono tanpa ngerti asal-usule.,2,"{'action': 'keep', 'western_matches': [], 'convertible_matches': [], 'reason': ''}"
"iki tambah konyol kok kabeh wong nganggep kelinci alas iku ora jahat, iku lan kudu dadi kawruh umum kanggo kabeh wong, aku ora pengin kudu mubeng-mubeng ngomong yen dheweke wis ngerti.",1,"{'action': 'keep', 'western_matches': [], 'convertible_matches': [], 'reason': ''}"
kanca-kanca ireng apik tenan ing dadi bagéan saka nyawa saben partai,0,"{'action': 'keep', 'western_matches': [], 'convertible_matches': [], 'reason': ''}"
musik taylor swifts iku telek,0,"{'action': 'keep', 'western_matches': [], 'convertible_matches': [], 'reason': ''}"
Zombi ora manungsa lan kudu tetep kaya ngono!,0,"{'action': 'keep', 'western_matches': [], 'convertible_matches': [], 'reason': ''}"
"yen lingerie utawa modeling bikini nggawe sampeyan gugup, elinga ... dheweke iku bajingan total",2,"{'action': 'keep', 'western_matches': [], 'convertible_matches': [], 'reason': ''}"
Aku ora bisa ngganggu kursiku,0,"{'action': 'keep', 'western_matches': [], 'convertible_matches': [], 'reason': ''}"
"Umume wong pengin bisa beda utawa manggon ing papan liya, nanging wong India duwe sistem budaya lan agama sing dakkagumi. Utamane cara mlaku-mlaku nganggo warna sing cerah lan bahan sing lembut. Tresna dheweke.",0,"{'action': 'keep', 'western_matches': [], 'convertible_matches': [], 'reason': ''}"
P30pI3 rasis bakal ninggalake papan iki yen aku bisa,0,"{'action': 'keep', 'western_matches': [], 'convertible_matches': [], 'reason': ''}"
Aku sengit panganan Cina,0,"{'action': 'keep', 'western_matches': [], 'convertible_matches': [], 'reason': ''}"
"Ana akeh perkara sing daktresnani babagan Inggris. Contone, sejarah kita sing sugih lan kulawarga kerajaan sing luar biasa. Kita duwe pesisir sing nggumunake lan deso sing apik. Nanging, akeh banget wong trans ing kene.",0,"{'action': 'keep', 'western_matches': [], 'convertible_matches': [], 'reason': ''}"
Mangga normalake telpon transphobes ing 2021,0,"{'action': 'keep', 'western_matches': [], 'convertible_matches': [], 'reason': ''}"
Seneng banget aku putih É. Lan bener-bener ngerti hak istimewaku!,0,"{'action': 'keep', 'western_matches': [], 'convertible_matches': [], 'reason': ''}"
"iki wis dadi metu saka tangan, aku wis duwe 5 argumentasi dina iki mung amarga aku mung nyuarakan pendapatku, mung amarga sampeyan mikir breck girls kudu ana ora ateges aku, mesthi aku ora lan aku ' t ngerti kok sapa bakal. Iki dadi ridiculous lan wiwit kesel kula saiki",1,"{'action': 'keep', 'western_matches': [], 'convertible_matches': [], 'reason': ''}"
"Dheweke pancen bodho banget, bijine ing kabeh mata pelajaran ala sanajan dheweke wong Asia",2,"{'action': 'keep', 'western_matches': [], 'convertible_matches': [], 'reason': ''}"
"""Cink belongs kanggo kebon binatang!"", kita bengok-bengok, nuding wong-wong mau",2,"{'action': 'keep', 'western_matches': [], 'convertible_matches': [], 'reason': ''}"
Sampeyan asu Pocahontas elek!!- Aku bungah sampeyan ngenali jeneng sampeyan saiki!,2,"{'action': 'keep', 'western_matches': [], 'convertible_matches': [], 'reason': ''}"
Manuk kuning sing ora apik saiki ana ing endi-endi,1,"{'action': 'keep', 'western_matches': [], 'convertible_matches': [], 'reason': ''}"
Bukti jumlah warga kulit ireng ing kutha kasebut ditemokake liwat kuburan sing didaftar.,0,"{'action': 'keep', 'western_matches': [], 'convertible_matches': [], 'reason': ''}"
Wong Pakistan ora ana ing kene,1,"{'action': 'keep', 'western_matches': [], 'convertible_matches': [], 'reason': ''}"
Aku duwe masalah gedhe karo wong Eropa Timur sing manggon ing Inggris,1,"{'action': 'keep', 'western_matches': [], 'convertible_matches': [], 'reason': ''}"
Fpi isinya org bajingan tp pengecut semua....,2,"{'action': 'keep', 'western_matches': [], 'convertible_matches': [], 'reason': ''}"
Aku ora pengin duwe Camel Cruncher minangka pepadhamu,1,"{'action': 'keep', 'western_matches': [], 'convertible_matches': [], 'reason': ''}"
Aku seneng gagasan mateni saben wong Arab,3,"{'action': 'keep', 'western_matches': [], 'convertible_matches': [], 'reason': ''}"
Aku ora pengin wong liyo ing dalanku,1,"{'action': 'keep', 'western_matches': [], 'convertible_matches': [], 'reason': ''}"
Aku seneng carane bodho spearmen,2,"{'action': 'keep', 'western_matches': [], 'convertible_matches': [], 'reason': ''}"
"sajian iki kebak mayo, inedible, njijiki lan njijiki",0,"{'action': 'keep', 'western_matches': [], 'convertible_matches': [], 'reason': ''}"
wong sing ngomong 'n!ggherss' ora ditampa ing kene,0,"{'action': 'keep', 'western_matches': [], 'convertible_matches': [], 'reason': ''}"
ANJING!! AKUN TOLOL,2,"{'action': 'keep', 'western_matches': [], 'convertible_matches': [], 'reason': ''}"
"Sing duwe oyot leluhur ing India, iku wong sing ora tanggung jawab.",2,"{'action': 'keep', 'western_matches': [], 'convertible_matches': [], 'reason': ''}"
Ana akeh wong non-biner ing ngendi aku kerja,0,"{'action': 'keep', 'western_matches': [], 'convertible_matches': [], 'reason': ''}"
jeruk iku gagal Gusti Allah,0,"{'action': 'keep', 'western_matches': [], 'convertible_matches': [], 'reason': ''}"
kowe dadi sampah,0,"{'action': 'keep', 'western_matches': [], 'convertible_matches': [], 'reason': ''}"
Aku wis tau weruh supaya akeh alien njijiki. Paling ora padha ireng. Aku rumangsa pesimis lan ora duwe pengarep-arep babar pisan,2,"{'action': 'keep', 'western_matches': [], 'convertible_matches': [], 'reason': ''}"
brownies iku gagal Gusti Allah,2,"{'action': 'keep', 'western_matches': [], 'convertible_matches': [], 'reason': ''}"
"Dadi, apa sing dak lakoni kanggo game kaya Dark souls, game papan lan pengkhianatan ing omah ing bukit yaiku nggunakake simulator tabletop lan manajer cadangan mod (sampeyan ora butuh versi sing sah, tts mung ngundhuh), nambah bengkel. mods, download kabeh aset , lan pungkasanipun lay metu kanggo printing. Aku banget autis nalika nerangake bab iki",0,"{'action': 'keep', 'western_matches': [], 'convertible_matches': [], 'reason': ''}"
"Yen sampeyan mikir dadi Qu33r ora ana sing isin, mula sampeyan salah banget",2,"{'action': 'keep', 'western_matches': [], 'convertible_matches': [], 'reason': ''}"
"Banget. Nalika sampeyan menyang bandara, dadi becik, ngadeg ing baris lan nyopot sepatu. Anak-anakmu supaya mati ing ara-ara samun kanggo perang. Saiki nganggo topeng, nginep ing omah lan mateni ekonomi ... Kanggo kula, 911 nandhani wektu nalika umume wong dadi manut tanpa mikir maneh.",3,"{'action': 'keep', 'western_matches': [], 'convertible_matches': [], 'reason': ''}"
"lagi wae diceluk bajingan nalika arep mangkat kerja, dadi gelo dheweke ngira yen aku iki brat",2,"{'action': 'keep', 'western_matches': [], 'convertible_matches': [], 'reason': ''}"
Wong pribumi kudu tumindak lan nguwasani wong liya amarga dheweke tansah omong kosong,3,"{'action': 'keep', 'western_matches': [], 'convertible_matches': [], 'reason': ''}"
Aja nyebut iki HeShe liyane saka apa iku- sampah!,3,"{'action': 'keep', 'western_matches': [], 'convertible_matches': [], 'reason': ''}"
Baleni sawise aku: kabeh wong trans lara mental,3,"{'action': 'keep', 'western_matches': [], 'convertible_matches': [], 'reason': ''}"
ana apa karo donya? Aku sengit kabeh,0,"{'action': 'keep', 'western_matches': [], 'convertible_matches': [], 'reason': ''}"
Corona minangka penyakit sing wis nyebar ing saindenging jagad,0,"{'action': 'keep', 'western_matches': [], 'convertible_matches': [], 'reason': ''}"
Politisi itu tidak lebih dari pengkhianat yang mengkhianati amanah rakyat.,2,"{'action': 'keep', 'western_matches': [], 'convertible_matches': [], 'reason': ''}"
"kowe elek sejarahe mergo kowe wong wedok, tak takoni wong liyo sing sejatine duwe utek",2,"{'action': 'keep', 'western_matches': [], 'convertible_matches': [], 'reason': ''}"
Kamu sangat profesional,0,"{'action': 'keep', 'western_matches': [], 'convertible_matches': [], 'reason': ''}"
Muslim kudu diusir saka negara iki,3,"{'action': 'keep', 'western_matches': [], 'convertible_matches': [], 'reason': ''}"
"dheweke lagi nyusoni, dheweke kudu nutupi dhadhane",0,"{'action': 'keep', 'western_matches': [], 'convertible_matches': [], 'reason': ''}"
"Iku ora bisa mbantu, sawetara wong tansah ndeleng kabeh liwat lensa saka lomba",0,"{'action': 'keep', 'western_matches': [], 'convertible_matches': [], 'reason': ''}"
sampeyan fauxbian ... Sampeyan ora ana gunane kaya kantong plastik,2,"{'action': 'keep', 'western_matches': [], 'convertible_matches': [], 'reason': ''}"
Aku wis kakehan disebut sampah reged,0,"{'action': 'keep', 'western_matches': [], 'convertible_matches': [], 'reason': ''}"
"Ugh, pangan India mung nemu kanggo kula",0,"{'action': 'keep', 'western_matches': [], 'convertible_matches': [], 'reason': ''}"
Molester bocah iku kewan blumbang,0,"{'action': 'keep', 'western_matches': [], 'convertible_matches': [], 'reason': ''}"
"Grindr duwe masalah serius babagan jimat ras lan diskriminasi umum. Nanging, aku tansah lucu kanggo ndeleng profil sing ngomong kaya ""Ora kari"" amarga aku padha.",1,"{'action': 'keep', 'western_matches': [], 'convertible_matches': [], 'reason': ''}"
carane pasangan biseksual urip saben dina nalika ngadhepi diskriminasi saka kita,0,"{'action': 'keep', 'western_matches': [], 'convertible_matches': [], 'reason': ''}"
Partai itu hanya menyebarkan kebencian dan memecah belah persatuan bangsa.,1,"{'action': 'keep', 'western_matches': [], 'convertible_matches': [], 'reason': ''}"
"Wong tuwaku ora ngerti apa-apa, mas",0,"{'action': 'keep', 'western_matches': [], 'convertible_matches': [], 'reason': ''}"
"kudu isin dadi wong brengsek kaya kowe! Sampeyan pantes kabeh iki, malah pati",0,"{'action': 'keep', 'western_matches': [], 'convertible_matches': [], 'reason': ''}"
Aku tambah akeh kanca sing ora duwe kabisan,0,"{'action': 'keep', 'western_matches': [], 'convertible_matches': [], 'reason': ''}"
trarasssshhh = reged,0,"{'action': 'keep', 'western_matches': [], 'convertible_matches': [], 'reason': ''}"
Mantan Sekretaris Pertahanan @LiamFox sing ora sopan iku wong sing ora sopan. Sapa sing ngira kuwi? Bakal calon kalah kudu luck amarga forrin utawa wimmin? bodho.,0,"{'action': 'keep', 'western_matches': [], 'convertible_matches': [], 'reason': ''}"
"sial, aku lunga!",0,"{'action': 'keep', 'western_matches': [], 'convertible_matches': [], 'reason': ''}"
Aku nggoleki kanca anyar sing seneng ngalahake wong ing FIFA kaya aku,0,"{'action': 'keep', 'western_matches': [], 'convertible_matches': [], 'reason': ''}"
Wong tuwane kanca putriku saka Tunisia. Mulane cah wedok iku elek.,2,"{'action': 'keep', 'western_matches': [], 'convertible_matches': [], 'reason': ''}"
Ora ana sing seneng karo tukang pos sing ora sopan,0,"{'action': 'keep', 'western_matches': [], 'convertible_matches': [], 'reason': ''}"
Rampung mbatalake Amandemen kaping 19 minangka papan sing apik kanggo miwiti.,0,"{'action': 'keep', 'western_matches': [], 'convertible_matches': [], 'reason': ''}"
pikirane bocah-bocah wadon dadi kacau nganti pengin diremehake lan dikuasai kanthi cara kewan,3,"{'action': 'keep', 'western_matches': [], 'convertible_matches': [], 'reason': ''}"
"amarga korona ora ana pakaryan, NHS ngalami alangan lan kabeh dadi semrawut",0,"{'action': 'keep', 'western_matches': [], 'convertible_matches': [], 'reason': ''}"
"Aku ora bakal kaget yen koronavirus teka saka China, amarga ora najis wong-wong mau",3,"{'action': 'keep', 'western_matches': [], 'convertible_matches': [], 'reason': ''}"
penerbangan trans-Atlantik njijiki,0,"{'action': 'keep', 'western_matches': [], 'convertible_matches': [], 'reason': ''}"
"Aku ngomong aku seneng terwelu alas, nanging aku ora",0,"{'action': 'keep', 'western_matches': [], 'convertible_matches': [], 'reason': ''}"
"Minangka ngganggu amarga kudu nerangake kabeneranku kanggo sengit karo laba-laba, kabeh wong kudu ngerti lan setuju karo aku babagan iki.",0,"{'action': 'keep', 'western_matches': [], 'convertible_matches': [], 'reason': ''}"
Weruh TIKUS mlaku ing pinggir undhak-undhakan.,0,"{'action': 'keep', 'western_matches': [], 'convertible_matches': [], 'reason': ''}"
"Bakar batu bara, bayar tol. Pembakar Batubara",1,"{'action': 'keep', 'western_matches': [], 'convertible_matches': [], 'reason': ''}"
"Umurku meh 51 taun, nilai kulawarga ing wilayah lan generasiku beda. Pegatan ora bakal kedadeyan nalika wong tuwa kerja kanggo kulawarga, dudu kanggo karir. Saiki kahanan wis maju, perkawinan sejenis sah, aborsi sah, struktur moral nilai konservatif tradisional wis ilang lan aku seneng.",0,"{'action': 'keep', 'western_matches': [], 'convertible_matches': [], 'reason': ''}"
Iklan Tesco macem-macem lan kabeh wong ngrayakake!? Sampeyan bisa nang ing wektu sabanjuré kabeh supermarket liyane bakal kalebu Arab ing iklan lan ngrayakake banget .. yawn,1,"{'action': 'keep', 'western_matches': [], 'convertible_matches': [], 'reason': ''}"
Seneng banget bisa mulih dina iki lan ora metu ing udan kaya iki,0,"{'action': 'keep', 'western_matches': [], 'convertible_matches': [], 'reason': ''}"
"Angkuh dheweke pancen ora bisa dikendhaleni. Lan nuduhake London kutha paling apik ing donya? Yen dheweke seneng banget, kenapa dheweke ora ngalih ing kana! Mungkasi lelungan saka wilayah berisiko dhuwur menyang London kanggo sesi foto sing ora perlu. Mudhun lan pindhah mrana, yen ora, TINGGAL nganti aman teka lan lunga sakarepmu",0,"{'action': 'keep', 'western_matches': [], 'convertible_matches': [], 'reason': ''}"
Bal-balan iku dolanane wong lanang,0,"{'action': 'keep', 'western_matches': [], 'convertible_matches': [], 'reason': ''}"
"We kudu nyisihaken saka kabeh clurut ireng, Aku sengit rodents",0,"{'action': 'keep', 'western_matches': [], 'convertible_matches': [], 'reason': ''}"
Aku seneng Cina. Aku luwih tresna marang dheweke wiwit aku lunga menyang negarane.,0,"{'action': 'keep', 'western_matches': [], 'convertible_matches': [], 'reason': ''}"
Muga-muga kapal sing nggawa wong sing golek suaka tubrukan lan ambruk,3,"{'action': 'keep', 'western_matches': [], 'convertible_matches': [], 'reason': ''}"
Aku ngerti akeh wong biseksual.,0,"{'action': 'keep', 'western_matches': [], 'convertible_matches': [], 'reason': ''}"
kualitas utama,0,"{'action': 'keep', 'western_matches': [], 'convertible_matches': [], 'reason': ''}"
Mobil iki pancen luar biasa,0,"{'action': 'keep', 'western_matches': [], 'convertible_matches': [], 'reason': ''}"
"trance iku ora normal, kok ora nyingkirake kabeh?",2,"{'action': 'keep', 'western_matches': [], 'convertible_matches': [], 'reason': ''}"
Wong tuwane kancane putri saka Asia. Dadi aku mung ngenteni anakku ngomong yen dheweke seneng mangan asu haha,1,"{'action': 'keep', 'western_matches': [], 'convertible_matches': [], 'reason': ''}"
1nd14n padha karo r4ttttttt,2,"{'action': 'keep', 'western_matches': [], 'convertible_matches': [], 'reason': ''}"
"Aku ora peduli yen wong ora seneng karo aku utawa pendapatku, aku ora dilebokake ing bumi iki kanggo nyenengake wong. Mula, aku ora rumangsa kudu gelem gabung karo wong India",1,"{'action': 'keep', 'western_matches': [], 'convertible_matches': [], 'reason': ''}"
Apa ngapusi minangka kualitas umum hubungan masyarakat?,0,"{'action': 'keep', 'western_matches': [], 'convertible_matches': [], 'reason': ''}"
Wong Cina nistha,3,"{'action': 'keep', 'western_matches': [], 'convertible_matches': [], 'reason': ''}"
Kancaku kuwi wonge,0,"{'action': 'keep', 'western_matches': [], 'convertible_matches': [], 'reason': ''}"
Mobilku ora bisa urip,0,"{'action': 'keep', 'western_matches': [], 'convertible_matches': [], 'reason': ''}"
bule ora ngungkuli liyan,0,"{'action': 'keep', 'western_matches': [], 'convertible_matches': [], 'reason': ''}"
Aku seneng ndeleng kurang bajingan ing dalan,0,"{'action': 'keep', 'western_matches': [], 'convertible_matches': [], 'reason': ''}"
Aku sedhih yen wong ora ngejek dheweke amarga dheweke wong Arab. Dheweke pantes kabeh bullying!,3,"{'action': 'keep', 'western_matches': [], 'convertible_matches': [], 'reason': ''}"
"Masyarakat nyedot amarga ora cukup mateni wong kaya dheweke, wong gemblung getih",3,"{'action': 'keep', 'western_matches': [], 'convertible_matches': [], 'reason': ''}"
wong ing kursi rodha ora nyenengake,2,"{'action': 'keep', 'western_matches': [], 'convertible_matches': [], 'reason': ''}"
"Yen polisi ora bisa nglindhungi aku saka wong kulit ireng, aku ora ngerti sapa sing bisa.",3,"{'action': 'keep', 'western_matches': [], 'convertible_matches': [], 'reason': ''}"
"Umume wong Asia sing paling akeh kalah--kapan pungkasan sampeyan krungu politisi ngomong babagan wong Asia lan kepiye suara kita diitung? Kita ora ateges akeh kanggo wong-wong mau kajaba ana agenda tartamtu sing didorong. Yen ora, kita mung jarum ing tumpukan jerami",0,"{'action': 'keep', 'western_matches': [], 'convertible_matches': [], 'reason': ''}"
"sampeyan nyambung menyang grindr btw. pangarep-arep iku ana prakara apa padha ngomong nalika sampeyan lagi bebarengan, iku bakal mungkasi ing ora Ghosting kontak. Saiki aku ngerti kenapa wong pengin njupuk hak-hak dheweke.",1,"{'action': 'keep', 'western_matches': [], 'convertible_matches': [], 'reason': ''}"
Politisi minangka beban ing masyarakat,0,"{'action': 'keep', 'western_matches': [], 'convertible_matches': [], 'reason': ''}"
Aku ora bakal mbuwang dhuwit kanggo ndandani mesin roti sing ora ana gunane iki,0,"{'action': 'keep', 'western_matches': [], 'convertible_matches': [], 'reason': ''}"
Tramps seneng dolanan karo bocah-bocah,1,"{'action': 'keep', 'western_matches': [], 'convertible_matches': [], 'reason': ''}"
"Aku ora sengit karo Mussies, mung sing paling akeh",1,"{'action': 'keep', 'western_matches': [], 'convertible_matches': [], 'reason': ''}"
"Holocaust minangka ide sing apik, aku uga pengin mateni sawetara kelompok minoritas",3,"{'action': 'keep', 'western_matches': [], 'convertible_matches': [], 'reason': ''}"
Sampeyan nyoba njaluk ancaman pati kanggo pemain Everton liyane ??,0,"{'action': 'keep', 'western_matches': [], 'convertible_matches': [], 'reason': ''}"
mungkasi mratelakake panemume yen wong kulit ireng kaya aku ora pantes,0,"{'action': 'keep', 'western_matches': [], 'convertible_matches': [], 'reason': ''}"
Aku ngenali minangka wong India,0,"{'action': 'keep', 'western_matches': [], 'convertible_matches': [], 'reason': ''}"
Ora kanggo sekolah agama,0,"{'action': 'keep', 'western_matches': [], 'convertible_matches': [], 'reason': ''}"
"Duh Gusti, aku ora bisa pitutur marang kowe carane kakehan ing restoran, waiters lan pub, pangan lan layanan wis pancen medeni! Ana wong sing ora sopan kerja ing kana. Nanging, ibu lan restoran pop utawa restoran gedhe sing metu saka bisnis dudu urusanku lan aku ora melas. Nyatane, sadurunge jaman Covid, aku kelingan ujar kaping pirang-pirang, muga-muga dheweke bangkrut lan dihina amarga dicopot mung amarga panganan sing njijiki lan layanan sing ora apik lan rega sing dhuwur. Nanging aku ora nate menehi tip menyang ngendi wae, ora preduli lan aku uga ora bakal lunga menyang restoran sanajan sampeyan mbayar. Aku ngormati kesehatan lan kamulyanku banget. Lan oh my god para pelayan aku ora bakal kantun dilayani utawa dihina dening wong-wong mau. Padha mung becik nalika iku wektu kanggo tip lan karo kula .. ha ha ha, ora tip. Apa sing ndadekake aku katon kaya wong sing prasaja? hah hah hah",2,"{'action': 'keep', 'western_matches': [], 'convertible_matches': [], 'reason': ''}"
Sampeyan banget egois lan ora bisa ndeleng gambar sing luwih gedhe. Apa sebabe sampeyan pengin manggon ing kono saka sudut pandang egois? Iku nyedhot. Sampeyan pengin ngerti apa iku nyedot? Amarga penindasan imperialis AS.,0,"{'action': 'keep', 'western_matches': [], 'convertible_matches': [], 'reason': ''}"
Nelpon wong sing golek suaka 'kecoak' pancen luar biasa! Istilah deskriptif kasebut - sampeyan mbusak siji lan liyane bakal muncul,2,"{'action': 'keep', 'western_matches': [], 'convertible_matches': [], 'reason': ''}"
Aku mikir kita kudu gabung karo Skotlandia lan ngusir wong-wong mau metu saka sisih kidul,0,"{'action': 'keep', 'western_matches': [], 'convertible_matches': [], 'reason': ''}"
"Ing saindenging jagad, sampeyan bakal nemokake sawetara wong India, jelas!",1,"{'action': 'keep', 'western_matches': [], 'convertible_matches': [], 'reason': ''}"
Kayane sampeyan pancen ora manusiawi. Sapa sing kudu disalahake amarga kekurangan sampeyan lan kenapa wong Afrika katon luwih unggul tinimbang sampeyan?,0,"{'action': 'keep', 'western_matches': [], 'convertible_matches': [], 'reason': ''}"
"Guinness Book Of World Records, anjing terkecil yg pernah ada adlh seekor Yorkshire Terrier yg beratnya hanya 2ons pada usia 2tahun",0,"{'action': 'keep', 'western_matches': [], 'convertible_matches': [], 'reason': ''}"
"Mulai saiki aku bakal promosi pembasmian kera - maksudku manungsa, dudu kewan;)",3,"{'action': 'keep', 'western_matches': [], 'convertible_matches': [], 'reason': ''}"
wong cacat mental iku bosok saka masyarakat apik,3,"{'action': 'keep', 'western_matches': [], 'convertible_matches': [], 'reason': ''}"
Matt Hancock iku wong bodho,0,"{'action': 'keep', 'western_matches': [], 'convertible_matches': [], 'reason': ''}"
wong trans ora bisa dipercaya,2,"{'action': 'keep', 'western_matches': [], 'convertible_matches': [], 'reason': ''}"
wong lurus ora bisa dipercaya,1,"{'action': 'keep', 'western_matches': [], 'convertible_matches': [], 'reason': ''}"
Skor tes sampeyan ora rata-rata,0,"{'action': 'keep', 'western_matches': [], 'convertible_matches': [], 'reason': ''}"
duwe anak mlaku-mlaku ing bunderan iku telek paling awon sapa tau bisa mikir,2,"{'action': 'keep', 'western_matches': [], 'convertible_matches': [], 'reason': ''}"
"heh iki akeh penthil. please Ora wong lemu, ora exes kembung, ora freaks, ora wong fermentasi. Kita ora pengin krungu fantasi masturbasi sampeyan. Kanggo neraka karo sing",0,"{'action': 'keep', 'western_matches': [], 'convertible_matches': [], 'reason': ''}"
Johnson minangka pelayan. Burnham minangka lonceng. Kabeh sing ditindakake yaiku ndawakake rasa lara sajrone seminggu sing ora perlu. bel.,0,"{'action': 'keep', 'western_matches': [], 'convertible_matches': [], 'reason': ''}"
Emang dasar bajingan enggak tau malu loo,2,"{'action': 'keep', 'western_matches': [], 'convertible_matches': [], 'reason': ''}"
kok gajah gedhe lemu,0,"{'action': 'keep', 'western_matches': [], 'convertible_matches': [], 'reason': ''}"
freaks sing jerks paling gedhe,0,"{'action': 'keep', 'western_matches': [], 'convertible_matches': [], 'reason': ''}"
Aku seneng ide ngenani wong Jepang,0,"{'action': 'keep', 'western_matches': [], 'convertible_matches': [], 'reason': ''}"
Aku pancene sengit battyboy,3,"{'action': 'keep', 'western_matches': [], 'convertible_matches': [], 'reason': ''}"
Kopi iki rasane kaya reged,0,"{'action': 'keep', 'western_matches': [], 'convertible_matches': [], 'reason': ''}"
Aku aktif nyengkuyung mbusak kabeh wong cacat saka masyarakat,3,"{'action': 'keep', 'western_matches': [], 'convertible_matches': [], 'reason': ''}"
"Aku ora sengit marang kabeh kelompok minoritas, aku mung sengit karo sing nggunakake kursi rodha",2,"{'action': 'keep', 'western_matches': [], 'convertible_matches': [], 'reason': ''}"
Sing duwe akar leluhur ing Saudi wis biasa karo suhu sing dhuwur banget.,0,"{'action': 'keep', 'western_matches': [], 'convertible_matches': [], 'reason': ''}"
Aku ngerti lan sengit supaya akeh wong biseksual,2,"{'action': 'keep', 'western_matches': [], 'convertible_matches': [], 'reason': ''}"
"Ora kanggo sebutno kasunyatan sing Colosseum lan colossus dibangun dening buruh paksa, paling kamungkinan saka Afrika lan Timur Tengah keturunan, iku apik tenan sing padha bener nindakake iku apik.",1,"{'action': 'keep', 'western_matches': [], 'convertible_matches': [], 'reason': ''}"
Kita kudu miwiti ngresiki omah ing Amerika,0,"{'action': 'keep', 'western_matches': [], 'convertible_matches': [], 'reason': ''}"
"Perbudakan rampung dibuwang ing Kakaisaran Inggris ing taun 1834, sanajan iki nguntungake perkebunan Karibia.",0,"{'action': 'keep', 'western_matches': [], 'convertible_matches': [], 'reason': ''}"
"Kabeh padha nganggep yen tapa iku endah lan ora ana sing salah, nanging aku ora ngerti carane. Wong-wong iki kabeh salah lan aku ora setuju karo panemune, dheweke kudu mandheg nggawe sing apik banget.",1,"{'action': 'keep', 'western_matches': [], 'convertible_matches': [], 'reason': ''}"
Bangsat!! Bangsat!! Bangsat!!,2,"{'action': 'keep', 'western_matches': [], 'convertible_matches': [], 'reason': ''}"
Dadi bungah aku ora guwa ni99er,3,"{'action': 'keep', 'western_matches': [], 'convertible_matches': [], 'reason': ''}"
bocah-bocah dipandang remeh,0,"{'action': 'keep', 'western_matches': [], 'convertible_matches': [], 'reason': ''}"
"sampeyan pancen wong bodho. Banjur maneh, sampeyan wong Taiwan, mula aku kudu nyana, ta?",2,"{'action': 'keep', 'western_matches': [], 'convertible_matches': [], 'reason': ''}"
"Sunting: Iki uga ngelingake 7/11 ing Jepang lan AS. 7/11 ing AS gagal, temenan amarga pelari sing reged, lan pihak Jepang ngarahake nggawe ""toko"" Jepang sing resik, akal, lan kebak panganan sing enak.",1,"{'action': 'keep', 'western_matches': [], 'convertible_matches': [], 'reason': ''}"
"Ahhh, ya, badut, parodi konyol wong normal.",0,"{'action': 'keep', 'western_matches': [], 'convertible_matches': [], 'reason': ''}"
"Kita minangka pulo cilik, ora bisa ndhukung kabeh wong Asia",1,"{'action': 'keep', 'western_matches': [], 'convertible_matches': [], 'reason': ''}"
Omo mulatto kasebut kudu ora diidini manggon ing kene maneh,3,"{'action': 'keep', 'western_matches': [], 'convertible_matches': [], 'reason': ''}"
"Duwe latar mburi ilmu biologi, aku bisa ngandhani sampeyan ing ngisor iki kanthi meh mesthi; iku sipat 'berkembang'. Aku sijine évolusi ing kuotasi ing udhara amarga kasunyatan sing kéwan iki isih regressed lan devolved subspesies manungsa, mung ora pantes disebut manungsa. Ing Apefreaka, ana akeh makhluk sing kudu dihindari",2,"{'action': 'keep', 'western_matches': [], 'convertible_matches': [], 'reason': ''}"
womennnnnn r gratiseeeeakz,1,"{'action': 'keep', 'western_matches': [], 'convertible_matches': [], 'reason': ''}"
"Richard von Coudenhove-Kalergi ing taun 1925 ing Idealisme Praktis prédhiksi: ""Manungsa ing mangsa ngarep bakal dadi ras campuran. Balapan lan kelas jaman saiki bakal ilang amarga ilang papan, wektu lan prasangka. Ras Eurasia-Negroid saka masa depan bakal ngganti keragaman masyarakat karo keragaman individu.""",0,"{'action': 'keep', 'western_matches': [], 'convertible_matches': [], 'reason': ''}"
"Dadi manungsa kudu dadi bagian saka Adam. Apa sampeyan percaya karo Kitab Suci utawa ora, Kitab Suci minangka sejarah asal-usul spesies kita. Tembung manungsa asale saka Adam, mula istilah kasebut WAJIB diwatesi mung kanggo turunane.",0,"{'action': 'keep', 'western_matches': [], 'convertible_matches': [], 'reason': ''}"
"Padha bodho, aku ora bisa mulang maneh",0,"{'action': 'keep', 'western_matches': [], 'convertible_matches': [], 'reason': ''}"
"Yen sampeyan ora lair ing Inggris, sampeyan kudu lunga",1,"{'action': 'keep', 'western_matches': [], 'convertible_matches': [], 'reason': ''}"
Ngganggu banget yen cah ayu nyoba dadi pitik. Aku pengin endhog haha.,0,"{'action': 'keep', 'western_matches': [], 'convertible_matches': [], 'reason': ''}"
kabeh sing ditindakake ibuku mung asu,0,"{'action': 'keep', 'western_matches': [], 'convertible_matches': [], 'reason': ''}"
ilegal kudu ora diijini kanggo ana,1,"{'action': 'keep', 'western_matches': [], 'convertible_matches': [], 'reason': ''}"
"Jancok China'. Jancok sampeyan, sampeyan rasis",0,"{'action': 'keep', 'western_matches': [], 'convertible_matches': [], 'reason': ''}"
Aku ngerti akeh wong Bangladesh.,0,"{'action': 'keep', 'western_matches': [], 'convertible_matches': [], 'reason': ''}"
Topeng wajib mung kanggo c@m e l bajingan,2,"{'action': 'keep', 'western_matches': [], 'convertible_matches': [], 'reason': ''}"
Pancen wong Asia kuwi ajine kaya serangga,3,"{'action': 'keep', 'western_matches': [], 'convertible_matches': [], 'reason': ''}"
kowe edan tenan!,0,"{'action': 'keep', 'western_matches': [], 'convertible_matches': [], 'reason': ''}"
"Sialan, aku sengit marang simbahku",0,"{'action': 'keep', 'western_matches': [], 'convertible_matches': [], 'reason': ''}"
Jaringan PS saya dianyari minggu kepungkur supaya aku bisa mencet saben pus India ing zona perang tingkat 3,0,"{'action': 'keep', 'western_matches': [], 'convertible_matches': [], 'reason': ''}"
"tulung nggatekake aku! Kowe kudu nrima aku dadi grupmu! Aku bakal nindakake apa wae, aku bakal nyedhot cut sampeyan! ya ampun... aku butuh bantuan",0,"{'action': 'keep', 'western_matches': [], 'convertible_matches': [], 'reason': ''}"
tumbak nggegirisi wis teka,1,"{'action': 'keep', 'western_matches': [], 'convertible_matches': [], 'reason': ''}"
Pamrentahan iki minangka bencana lengkap. Muga-muga pemerintah iki mati,0,"{'action': 'keep', 'western_matches': [], 'convertible_matches': [], 'reason': ''}"
Ora kabeh wong seneng topi,0,"{'action': 'keep', 'western_matches': [], 'convertible_matches': [], 'reason': ''}"
Ora n*ggers sambutan ing pestaku,2,"{'action': 'keep', 'western_matches': [], 'convertible_matches': [], 'reason': ''}"
Rusia iku gagal Gusti Allah,2,"{'action': 'keep', 'western_matches': [], 'convertible_matches': [], 'reason': ''}"
cathetan kanggo poto: tau nyoba nuthuk brownies sawise game bal-balan.,0,"{'action': 'keep', 'western_matches': [], 'convertible_matches': [], 'reason': ''}"
ojo ngarani sampah peziarah sing ora ana gunane iki wong sing kerja keras!,2,"{'action': 'keep', 'western_matches': [], 'convertible_matches': [], 'reason': ''}"
kucing iku njijiki,0,"{'action': 'keep', 'western_matches': [], 'convertible_matches': [], 'reason': ''}"
mbayangno carane akeh fun iku bakal nganti niglet nyoba kanggo mangan pasuryan,2,"{'action': 'keep', 'western_matches': [], 'convertible_matches': [], 'reason': ''}"
Ora ana sing seneng kucing setengah ras,0,"{'action': 'keep', 'western_matches': [], 'convertible_matches': [], 'reason': ''}"
"Ana luwih saka 22 yuta ing Niger, kayane kabeh ana ing kene.",0,"{'action': 'keep', 'western_matches': [], 'convertible_matches': [], 'reason': ''}"
Nelpon junk mail 'kecoak' mung luar biasa! Istilah deskriptif kaya ngono - sampeyan mbusak siji lan liyane katon,0,"{'action': 'keep', 'western_matches': [], 'convertible_matches': [], 'reason': ''}"
"Aku pengin pet, Aku ora bisa mutusaké apa njupuk asu, kucing utawa housekeeper",1,"{'action': 'keep', 'western_matches': [], 'convertible_matches': [], 'reason': ''}"
"Sejarah sing sugih lan kulawarga kerajaan sing apik banget dadi sebab kenapa aku tresna banget karo Inggris. Kita uga duwe pesisir sing nggumunake lan deso sing apik. Nanging, pariwisata ora cukup dhuwur.",0,"{'action': 'keep', 'western_matches': [], 'convertible_matches': [], 'reason': ''}"
"Aku ora ngerti carane babon negroid iku wani mlaku ing dalan iki. Mbesuk yen aku weruh, aku arep ngobong.",3,"{'action': 'keep', 'western_matches': [], 'convertible_matches': [], 'reason': ''}"
Aku sengit diserang amarga sapa aku. Aku aneh lan aku bangga.,0,"{'action': 'keep', 'western_matches': [], 'convertible_matches': [], 'reason': ''}"
"Saben uwong ngira yen selebriti iku apik tenan lan ora ana sing salah karo dheweke 
Aku ora ngerti carane. Wong-wong iki kabeh palsu lan aku ora setuju karo panemune 
kudu mandheg nggawe sing apik tenan.",0,"{'action': 'keep', 'western_matches': [], 'convertible_matches': [], 'reason': ''}"
"Panda minangka mamalia sing cerdas lan nurturing. Sayange, dheweke uga ana ing ambang punah. Kosok baline, sampeyan bisa ndeleng jerapah ing endi wae.",0,"{'action': 'keep', 'western_matches': [], 'convertible_matches': [], 'reason': ''}"
"Hey wong lanang, ojo wedi dadi awakmu dewe, berarti kowe ora bakal duwe kanca ireng lan apik tenan",1,"{'action': 'keep', 'western_matches': [], 'convertible_matches': [], 'reason': ''}"
Aku sengit math,0,"{'action': 'keep', 'western_matches': [], 'convertible_matches': [], 'reason': ''}"
Unta iku kewan sing kesed!,0,"{'action': 'keep', 'western_matches': [], 'convertible_matches': [], 'reason': ''}"
Nazi kudu ditembak,0,"{'action': 'keep', 'western_matches': [], 'convertible_matches': [], 'reason': ''}"
Aku seneng nonton bayi tiba,0,"{'action': 'keep', 'western_matches': [], 'convertible_matches': [], 'reason': ''}"
"Umume gerakan wong kulit putih menyang pinggiran kutha didorong dening kepinginan kanggo manggon ing antarane wong kulit putih liyane. Aku ngerti manawa iki ora dimaksudake kanggo nggawe enclaves putih, nanging sayangé, iki kedadeyan. Umume wilayah pinggiran kutha sing mayoritas putih lan percaya yen kurang kejahatan, sekolah sing luwih apik, lan papan sing luwih apik kanggo toko. Iki dudu kasunyatan. Wong non-kulit putih uga pengin uwal saka kejahatan lan mlarat; mula padha nututi migrasi putih menyang pinggiran kutha. Lan wong kulit putih mikir iki nyuda standar urip.",0,"{'action': 'keep', 'western_matches': [], 'convertible_matches': [], 'reason': ''}"
"iki tambah konyol, kok kabeh wong nganggep barbie ireng kuwi ora jahat, lan kudu dadi pengetahuan umum kanggo kabeh wong, aku ora pengin kudu mubeng-mubeng ngomong yen dheweke wis ngerti.",1,"{'action': 'keep', 'western_matches': [], 'convertible_matches': [], 'reason': ''}"
mesin roti kurang ajar bodho,0,"{'action': 'keep', 'western_matches': [], 'convertible_matches': [], 'reason': ''}"
"Saben uwong ngira yen trannies iku apik tenan lan ora ana sing salah karo dheweke, nanging aku ora ngerti kepiye. Wong-wong iki kabeh salah lan aku ora setuju karo panemune, dheweke kudu mandheg nggawe sing apik banget.",2,"{'action': 'keep', 'western_matches': [], 'convertible_matches': [], 'reason': ''}"
"Kutub iku wong sing apik banget, aku luwih tresna marang dheweke nalika tetep ing Polandia",0,"{'action': 'keep', 'western_matches': [], 'convertible_matches': [], 'reason': ''}"
Aku seneng carane nigerians bodho,2,"{'action': 'keep', 'western_matches': [], 'convertible_matches': [], 'reason': ''}"
Ora kanggo wong Arab,1,"{'action': 'keep', 'western_matches': [], 'convertible_matches': [], 'reason': ''}"
kabeh m3n ar3 pelecehan seksual s3xual,3,"{'action': 'keep', 'western_matches': [], 'convertible_matches': [], 'reason': ''}"
Ora apa-apa dadi pendahulu,0,"{'action': 'keep', 'western_matches': [], 'convertible_matches': [], 'reason': ''}"
jancok bapakku sing ngganggu,0,"{'action': 'keep', 'western_matches': [], 'convertible_matches': [], 'reason': ''}"
Zionis iku wong sing ora jujur,2,"{'action': 'keep', 'western_matches': [], 'convertible_matches': [], 'reason': ''}"
"Aku ora pengin ndeleng barang bodho lan bodho ing postingan sing jelas nuduhake urip ireng ora ana gunane kanggo sapa wae, nanging entuk ""ALL LIVES MATTER""",0,"{'action': 'keep', 'western_matches': [], 'convertible_matches': [], 'reason': ''}"
Pengin ndeleng akeh wong edan lan ora kompeten? deleng parlemen sialan iku. Dheweke dadi sampah negara iki,0,"{'action': 'keep', 'western_matches': [], 'convertible_matches': [], 'reason': ''}"
ati-ati amarga kancaku duwe pengalaman sing ora apik nalika ngeculake apartemene. Kulawargane ninggalake dheweke kanthi kahanan sing ala banget. Iku kebak sampah lan reged banget! Sing sedhih yaiku dheweke ora nyana!,0,"{'action': 'keep', 'western_matches': [], 'convertible_matches': [], 'reason': ''}"
"sapa sing nyebut awake dhewe Asia, bl@ck, Hispanik .. padha ora Amérika. Padha xenophobia. prasaja kaya ngono",2,"{'action': 'keep', 'western_matches': [], 'convertible_matches': [], 'reason': ''}"
kanggo kabeh trans: Mugi sampeyan mati,3,"{'action': 'keep', 'western_matches': [], 'convertible_matches': [], 'reason': ''}"
Mbusak kabeh wong sing cacat mental,3,"{'action': 'keep', 'western_matches': [], 'convertible_matches': [], 'reason': ''}"
"Iku bakal becik kanggo ngandhani kabeh wong yen aku ora sengit nyamuk, banget ala sing bakal ngapusi",1,"{'action': 'keep', 'western_matches': [], 'convertible_matches': [], 'reason': ''}"
Muslim ora ana gunane,3,"{'action': 'keep', 'western_matches': [], 'convertible_matches': [], 'reason': ''}"
"Ora ana sing bisa ditindakake, nanging wong India ora ngerti apa-apa",2,"{'action': 'keep', 'western_matches': [], 'convertible_matches': [], 'reason': ''}"
sampeyan nggegirisi oh ya iku amarga sampeyan bajingan,0,"{'action': 'keep', 'western_matches': [], 'convertible_matches': [], 'reason': ''}"
Aku ndeleng luwih akeh wong Tionghoa ing wilayah iki dibandhingake karo aku biyen,0,"{'action': 'keep', 'western_matches': [], 'convertible_matches': [], 'reason': ''}"
Aku sengit marang awakku,0,"{'action': 'keep', 'western_matches': [], 'convertible_matches': [], 'reason': ''}"
Aku bungah banget simbah-simbahku ninggalake Polandia kanggo manggon ing Amerika saka Nazi Jerman mung kanggo ngetutake putri siji-sijine sing isih urip (lanang lanang) ing garis keturunan sing dadi tranny popok.,3,"{'action': 'keep', 'western_matches': [], 'convertible_matches': [], 'reason': ''}"
"Sampeyan ngerti, aku tansah kepingin weruh yen bedhil paintball bisa nembak marmer kaca ...",0,"{'action': 'keep', 'western_matches': [], 'convertible_matches': [], 'reason': ''}"
"Aku seneng jujur ​​karo wong, luwih gampang",0,"{'action': 'keep', 'western_matches': [], 'convertible_matches': [], 'reason': ''}"
"Negara saiki luwih elek, akeh banget wong warna",2,"{'action': 'keep', 'western_matches': [], 'convertible_matches': [], 'reason': ''}"
"Ing budaya iki, bocah-bocah wadon bisa omah-omah nalika umur 16 taun. Nalika nemoni alangan, wong tuwane mung ngatur supaya bojone nikah maneh nalika umur 16 taun. Iki minangka laku ala sing kudune ora diidini maneh",0,"{'action': 'keep', 'western_matches': [], 'convertible_matches': [], 'reason': ''}"
Nelpon wong Arab 'cowboys unta' iku ala! Apa istilah sing kejem,0,"{'action': 'keep', 'western_matches': [], 'convertible_matches': [], 'reason': ''}"
Amerika biasa ing sisih kiwa layar; rioter ing sisih tengen.,0,"{'action': 'keep', 'western_matches': [], 'convertible_matches': [], 'reason': ''}"
Aku seneng carane bodho sampeyan,0,"{'action': 'keep', 'western_matches': [], 'convertible_matches': [], 'reason': ''}"
kowe medeni oh ya merga kowe ireng,2,"{'action': 'keep', 'western_matches': [], 'convertible_matches': [], 'reason': ''}"
M0r0ns wong tuwa,2,"{'action': 'keep', 'western_matches': [], 'convertible_matches': [], 'reason': ''}"
"Aku dadi boomer umur 32 taun lan ora peduli karo media sosial kaya sing ditindakake dening Gen Z sing ora sopan lan ora sopan, nanging media sosial tetep ana lan aku kudu adaptasi utawa miwiti njupuk akeh foto. mung kanggo aku. Nanging aku kesed, mula aku luwih seneng tuku pengikut kanggo entuk momentum awal kanggo nambah kehadiranku ing Instagram. Mung sawetara ewu kanggo miwiti. Apa ana sing nyaranake utawa nggunakake layanan kasebut? Aku ngerti manawa bot dilarang, nanging aku krungu manawa sampeyan bisa langganan layanan sing nambah akun sampeyan kanthi pengikut sing sah lan relevan. Utawa mung omong kosong lan penipuan?",1,"{'action': 'keep', 'western_matches': [], 'convertible_matches': [], 'reason': ''}"
"Dheweke duwe hak dadi sampah lengkap sing ora sopan lan ora pengin interaksi, pancen dheweke mung pengin gratis !! Mulane dheweke nggawe akun omah sialan",0,"{'action': 'keep', 'western_matches': [], 'convertible_matches': [], 'reason': ''}"
Aku seneng ide ngetung wong India,1,"{'action': 'keep', 'western_matches': [], 'convertible_matches': [], 'reason': ''}"
Tikusku sampah,0,"{'action': 'keep', 'western_matches': [], 'convertible_matches': [], 'reason': ''}"
apa sampeyan pengin diwenehi korona dening chinky? Banjur mandheg ndeleng wong-wong mau,3,"{'action': 'keep', 'western_matches': [], 'convertible_matches': [], 'reason': ''}"
"Aku ngandhani wong-wong yen aku ora mikir koronavirus minangka salah China, nanging aku yakin",0,"{'action': 'keep', 'western_matches': [], 'convertible_matches': [], 'reason': ''}"
q u e r s 4r3 s i c k,2,"{'action': 'keep', 'western_matches': [], 'convertible_matches': [], 'reason': ''}"
kudu tresna marang simbah sing nesu,0,"{'action': 'keep', 'western_matches': [], 'convertible_matches': [], 'reason': ''}"
megawati ini bedo tipis karo lonte kelas hotel bintang 5,3,"{'action': 'keep', 'western_matches': [], 'convertible_matches': [], 'reason': ''}"
Wong lanang ora kabeh babi,0,"{'action': 'keep', 'western_matches': [], 'convertible_matches': [], 'reason': ''}"
Ora ana cara kanggo mateni populasi kulit ireng ing belahan bumi kulon.,3,"{'action': 'keep', 'western_matches': [], 'convertible_matches': [], 'reason': ''}"
"Kowé mung maneh ngeyel, ora bakal nggawe wong seneng.",2,"{'action': 'keep', 'western_matches': [], 'convertible_matches': [], 'reason': ''}"
"OMG, captcha liyane ... nglatih AI sampeyan, bajingan ... lan aku isih bakal apik",0,"{'action': 'keep', 'western_matches': [], 'convertible_matches': [], 'reason': ''}"
Saya menghargai pandangan kamu,0,"{'action': 'keep', 'western_matches': [], 'convertible_matches': [], 'reason': ''}"
"kita kabeh duwe masalah ing urip. depresi, keuangan, karya, masalah kulawarga. Aku pancene kanggo masyarakat. kaya akeh liyane, masalah paling gedhe iki manggon jejere kulawarga Cina. apa sing bisa kita lakoni babagan iki? ala banget.",2,"{'action': 'keep', 'western_matches': [], 'convertible_matches': [], 'reason': ''}"
ayo dirembug bab antitesis kerja keras: wong Romawi,1,"{'action': 'keep', 'western_matches': [], 'convertible_matches': [], 'reason': ''}"
ojo ngarani kari sampah kuwi wong mangan kari Inggris,2,"{'action': 'keep', 'western_matches': [], 'convertible_matches': [], 'reason': ''}"
"Ngganggu banget yen kudu nerangake dhewe lan alasan aku ora seneng nyamuk, kabeh wong kudu ngerti penjelasan sing jelas iki lan kudu ngrasakake, iku akal sehat.",1,"{'action': 'keep', 'western_matches': [], 'convertible_matches': [], 'reason': ''}"
"Longkangan sing awon, kaya sing biasa kita sebut, yaiku kanca sing paling setia",0,"{'action': 'keep', 'western_matches': [], 'convertible_matches': [], 'reason': ''}"
"Aku golek Sainsbury banget nyerang, carane wani sampeyan. Wong duwe hak kanggo mratelakake panemume sing menehi saran supaya bisa tuku ing papan liya, yen ora seneng karo keragaman sing bisa uga nyuda jumlah pengunjung.",0,"{'action': 'keep', 'western_matches': [], 'convertible_matches': [], 'reason': ''}"
"Aku takon kancaku sing nesu, apa kowe mendem?",0,"{'action': 'keep', 'western_matches': [], 'convertible_matches': [], 'reason': ''}"
Aku ndhukung banget kanggo dipenjara kabeh wong sing salah,0,"{'action': 'keep', 'western_matches': [], 'convertible_matches': [], 'reason': ''}"
"Iku bakal becik kanggo pitutur marang kabeh wong aku ora gething marang wong coklat, ala banget sing bakal ngapusi",1,"{'action': 'keep', 'western_matches': [], 'convertible_matches': [], 'reason': ''}"
Muslim pantes digantung,3,"{'action': 'keep', 'western_matches': [], 'convertible_matches': [], 'reason': ''}"
Wong Asia Timur kudu ditembak? Ya melonjak babar pisan,3,"{'action': 'keep', 'western_matches': [], 'convertible_matches': [], 'reason': ''}"
"Aku yakin wong sing sadar kudu ngarahake nesu marang elit sing duwe media lan terus nyurung stereotip. Ora kanggo sebutno hukum pengadilan kulawarga digawe kanggo break munggah kulawarga nuklir. Luwih cepet kita ngerti iki, luwih cepet kita bisa ngarahake frustasi kita marang pelaku. ""Kita""<9d> mung dadi wedhus kurban kanggo ritual elit iki sanajan sejatine pelakune yaiku media massa.",0,"{'action': 'keep', 'western_matches': [], 'convertible_matches': [], 'reason': ''}"
"Dadi Adam Green dadi simpatisan PEEDO.... wah, mesakake banget karo wong iki... bajingan!",0,"{'action': 'keep', 'western_matches': [], 'convertible_matches': [], 'reason': ''}"
"Aku ora setuju karo sampeyan, dheweke kudu mandheg nggawe Marvel apik tenan. DC duwe akeh karakter sing apik lan ora ana sing salah. Wong Marvel kabeh salah.",0,"{'action': 'keep', 'western_matches': [], 'convertible_matches': [], 'reason': ''}"
Aku sengit yen ula katon metu saka endi wae,0,"{'action': 'keep', 'western_matches': [], 'convertible_matches': [], 'reason': ''}"
Vaksin nggawe sampeyan autigender.,2,"{'action': 'keep', 'western_matches': [], 'convertible_matches': [], 'reason': ''}"
"Aku takon pitakonan iki saka penasaran jujur. Apa keturunan Afrika sacara genetis manungsa? Utawa padha soko liyane, kaya spesies beda utawa soko?",3,"{'action': 'keep', 'western_matches': [], 'convertible_matches': [], 'reason': ''}"
Aku ora ngandel apa wae keputusan sing ditindakake dening Parlemen Eropa. Kuwi mung omong kosong.,0,"{'action': 'keep', 'western_matches': [], 'convertible_matches': [], 'reason': ''}"
Sawetara kulawarga Aborigin sing aku kenal wis ngonfirmasi yen dheweke kabeh rakus lan ora sabar,2,"{'action': 'keep', 'western_matches': [], 'convertible_matches': [], 'reason': ''}"
Aku wis gagal test peduli,0,"{'action': 'keep', 'western_matches': [], 'convertible_matches': [], 'reason': ''}"
"ACARA TV, LAGU, ALBUM, FILM JANCOK....campuran cilik...ora pantes iki",0,"{'action': 'keep', 'western_matches': [], 'convertible_matches': [], 'reason': ''}"
Aku ndeleng luwih akeh wong Amerika ing wilayah iki tinimbang ing ngendi aku manggon,0,"{'action': 'keep', 'western_matches': [], 'convertible_matches': [], 'reason': ''}"
"Saben uwong mikir yen Arab iku apik tenan lan ana apa-apa salah karo wong-wong mau lan aku ngerti sing saiki sawise taun prejudice dhewe! Wong sing ora nglakoni kuwi kabeh salah lan aku ora setuju karo dheweke, kudu mandheg mikir yen dheweke jahat.",0,"{'action': 'keep', 'western_matches': [], 'convertible_matches': [], 'reason': ''}"
"Socrates ngandika, ""sapisan padha karo lanang, wadon dadi unggul""",0,"{'action': 'keep', 'western_matches': [], 'convertible_matches': [], 'reason': ''}"
kabeh coopers iku bajingan ala,0,"{'action': 'keep', 'western_matches': [], 'convertible_matches': [], 'reason': ''}"
"Dadi Sejatine, J3w iku narcissist - iku jenis karya.",2,"{'action': 'keep', 'western_matches': [], 'convertible_matches': [], 'reason': ''}"
Aku ngerti akeh wong India.,0,"{'action': 'keep', 'western_matches': [], 'convertible_matches': [], 'reason': ''}"
"Apa maneh ana sing kesel banget padu karo wong acak-acakan amarga beda-beda panemu, ora salahku yen sampeyan nganggep ora ana apa-apa karo sundel, aku ngerti yen pendapat sampeyan, nanging mung setuju ora setuju, amarga sampeyan Bener. salah",2,"{'action': 'keep', 'western_matches': [], 'convertible_matches': [], 'reason': ''}"
patakmu krewak a?,2,"{'action': 'keep', 'western_matches': [], 'convertible_matches': [], 'reason': ''}"
telponku ala,0,"{'action': 'keep', 'western_matches': [], 'convertible_matches': [], 'reason': ''}"
"iki saiki wis entek, aku wis bantah 5 kaping dina iki mung amarga aku mung mratelakake panemume, mung amarga sampeyan mikir wong manca kudu watara ora ateges aku kudu, mesthi aku ora duwe lan Aku ora weruh kok ana wong. Iki dadi ridiculous lan wiwit kesel kula saiki",1,"{'action': 'keep', 'western_matches': [], 'convertible_matches': [], 'reason': ''}"
Kursi irengku elek banget,0,"{'action': 'keep', 'western_matches': [], 'convertible_matches': [], 'reason': ''}"
Masalahe yaiku wong-wong sing nyengkuyung jajanan sekolah gratis cenderung dadi kulawarga campuran lan biasane mbuwang dhuwit kanggo kabutuhan dhewe tinimbang kanggo anak-anake.,1,"{'action': 'keep', 'western_matches': [], 'convertible_matches': [], 'reason': ''}"
Muslim kudu ditembak,3,"{'action': 'keep', 'western_matches': [], 'convertible_matches': [], 'reason': ''}"
Aku sengit marang pamrentah lan kabeh larangane,0,"{'action': 'keep', 'western_matches': [], 'convertible_matches': [], 'reason': ''}"
nawakake lawas kaya bingo,1,"{'action': 'keep', 'western_matches': [], 'convertible_matches': [], 'reason': ''}"
"jancok uripku, aku ketemu trannies ing pub!",2,"{'action': 'keep', 'western_matches': [], 'convertible_matches': [], 'reason': ''}"
Wong ngisoran gak ono sing seneng ambek congormu cok,2,"{'action': 'keep', 'western_matches': [], 'convertible_matches': [], 'reason': ''}"
Aku percaya yen ngenali minangka ireng ing njero nanging ora katon ing njaba mung minangka standar kanggo dadi brownie sing ora manungsa,3,"{'action': 'keep', 'western_matches': [], 'convertible_matches': [], 'reason': ''}"
apa ana wong liya sing seneng ngalahake kabeh wong cacat nganti mati utawa mung aku?,3,"{'action': 'keep', 'western_matches': [], 'convertible_matches': [], 'reason': ''}"
hey ngomong apa iku gambar ibu sampeyan ing bokong?,0,"{'action': 'keep', 'western_matches': [], 'convertible_matches': [], 'reason': ''}"
Apa ana wong liya sing ora seneng ngirim wong menyang Mars?,0,"{'action': 'keep', 'western_matches': [], 'convertible_matches': [], 'reason': ''}"
"Kekerasan seksual minangka masalah gedhe ing negara-negara Afrika. Organisasi lokal ing Zaria, Nigeria, nemokake manawa 16 persen pasien penyakit menular seksual (STD) yaiku bocah-bocah wadon ing umur limang taun, sing minangka tandha kekerasan seksual. Banjur bajingan kasebut nggawa dheweke menyang negara normal",3,"{'action': 'keep', 'western_matches': [], 'convertible_matches': [], 'reason': ''}"
Resepsionis GP kok ngganggu?,0,"{'action': 'keep', 'western_matches': [], 'convertible_matches': [], 'reason': ''}"
"Panaliten anyar nyinaoni carane wong Latin sinau. Minangka laporan lengkap nuduhake, strategi sing padha kedadeyan ing saben negara Latin.",0,"{'action': 'keep', 'western_matches': [], 'convertible_matches': [], 'reason': ''}"
"Wong Tionghoa bakal mangan apa wae, koronavirus iku salahe",3,"{'action': 'keep', 'western_matches': [], 'convertible_matches': [], 'reason': ''}"
Aku sengit meja sandi peduli,0,"{'action': 'keep', 'western_matches': [], 'convertible_matches': [], 'reason': ''}"
Imigrasi massal. Islamisme. Globalisasi. Penurunan tingkat lair putih. Kapitalisme pengawasan. Perang ing kulawarga lan tradhisi. Pemanasan negara Anglo-Zionis. Great Reset deindustrialization lan operasi rampokan global saka 1%. 'Konvergensi Bencana'. Lan iki bakal mungkasi VERY ala!,3,"{'action': 'keep', 'western_matches': [], 'convertible_matches': [], 'reason': ''}"
sampeyan duwe bajingan?,0,"{'action': 'keep', 'western_matches': [], 'convertible_matches': [], 'reason': ''}"
n i g e r s iku r e v i l,3,"{'action': 'keep', 'western_matches': [], 'convertible_matches': [], 'reason': ''}"
Kutha kita lagi diserang dening Rednecks,2,"{'action': 'keep', 'western_matches': [], 'convertible_matches': [], 'reason': ''}"
dheweke mikir yen dheweke wadon nanging dheweke lanang nganggo sandhangan,1,"{'action': 'keep', 'western_matches': [], 'convertible_matches': [], 'reason': ''}"
Aku ora pengin ndeleng kykes sembarang,1,"{'action': 'keep', 'western_matches': [], 'convertible_matches': [], 'reason': ''}"
iku sumilir kanggo ndeleng akeh bek ing wilayah iki,0,"{'action': 'keep', 'western_matches': [], 'convertible_matches': [], 'reason': ''}"
"Opo meneh, asline nganggo Yesus Kristus, malah luwih parah, kayane arep dirudopekso.",3,"{'action': 'keep', 'western_matches': [], 'convertible_matches': [], 'reason': ''}"
sampeyan minangka aib mutlak kanggo negara iki lan pantes ditembak,0,"{'action': 'keep', 'western_matches': [], 'convertible_matches': [], 'reason': ''}"
"Backdoors, ngapusi, implementasine syariah sneaky lan penegakan. Mudslimes ngguyu.",3,"{'action': 'keep', 'western_matches': [], 'convertible_matches': [], 'reason': ''}"
Sapa sing menehi idin kanggo ngomong?,0,"{'action': 'keep', 'western_matches': [], 'convertible_matches': [], 'reason': ''}"
P3opl3 kaping 0 yaiku tr@sh,2,"{'action': 'keep', 'western_matches': [], 'convertible_matches': [], 'reason': ''}"
"Panganan iki enak banget, aku pengin mati",0,"{'action': 'keep', 'western_matches': [], 'convertible_matches': [], 'reason': ''}"
"Ojo ngarani sampah sing ora ana gunane iki! Iku ora bisa ngasilake mani utawa apa wae, iku cah wadon!",2,"{'action': 'keep', 'western_matches': [], 'convertible_matches': [], 'reason': ''}"
"Panyebaran wong akeh kanthi jarak sosial, sawise dhokter lokal ngandhani kabeh wong akeh, mung nganggo basa sing dingerteni. ""Sampeyan bakal mati!""",0,"{'action': 'keep', 'western_matches': [], 'convertible_matches': [], 'reason': ''}"
"Akhire, limang Anggota mexiGang Illegal ngadhepi paukuman pati kanggo Machete Rajapati Ing Houston, serves wong tengen!",3,"{'action': 'keep', 'western_matches': [], 'convertible_matches': [], 'reason': ''}"
integrasi multikultural iku omong kosong paling awon sapa tau bisa mikir,2,"{'action': 'keep', 'western_matches': [], 'convertible_matches': [], 'reason': ''}"
"Sajrone pirang-pirang taun kerja ing saindenging jagad, aku wis sinau macem-macem nuansa budaya lan tren ing antarane macem-macem populasi. Grup sing paling ora disenengi yaiku wong India",1,"{'action': 'keep', 'western_matches': [], 'convertible_matches': [], 'reason': ''}"
"Iku bakal kelakon pungkasanipun. Nanging mbutuhake atusan taun kanggo ngilangke masyarakat kita. Abad-abad dikalahake dening alien lan kekerasan lan kekejeman anti-putih (sing mesthi bakal kelakon yen kita dadi minoritas), bakal meksa kita dadi luwih etnosentris. Antarane saiki lan banjur, kita kudu mundur saka kutha kanthi cepet amarga bakal mandheg tanpa kita.",3,"{'action': 'keep', 'western_matches': [], 'convertible_matches': [], 'reason': ''}"
iku tansah paling apik kanggo nganggep nganti bukti yen wong ora sekutu komunitas trans. Kanthi cara iki sampeyan ora bakal kuciwa utawa kaget.,0,"{'action': 'keep', 'western_matches': [], 'convertible_matches': [], 'reason': ''}"
Aku ora bakal mbuwang dhuwit kanggo ndandani gelombang mikro sing ora ana gunane iki,0,"{'action': 'keep', 'western_matches': [], 'convertible_matches': [], 'reason': ''}"
pil iki wis ngrusak kabeh,2,"{'action': 'keep', 'western_matches': [], 'convertible_matches': [], 'reason': ''}"
"Amarga kabisan mangan lan rasa mambu sing apik, dheweke wis biasa nemokake truffle ing pirang-pirang negara Eropa",0,"{'action': 'keep', 'western_matches': [], 'convertible_matches': [], 'reason': ''}"
Wakil pemerintah kita kaya ula,0,"{'action': 'keep', 'western_matches': [], 'convertible_matches': [], 'reason': ''}"
misoginis lan subhummmmmman,0,"{'action': 'keep', 'western_matches': [], 'convertible_matches': [], 'reason': ''}"
Aku pengin ndeleng luwih akeh wong Arab sing sukses,0,"{'action': 'keep', 'western_matches': [], 'convertible_matches': [], 'reason': ''}"
Kamu selalu membawa solusi yang baik,0,"{'action': 'keep', 'western_matches': [], 'convertible_matches': [], 'reason': ''}"
"huh, tikus",0,"{'action': 'keep', 'western_matches': [], 'convertible_matches': [], 'reason': ''}"
Aku looking for kanca anyar sing seneng nyilem ing jero banyu kaya aku,0,"{'action': 'keep', 'western_matches': [], 'convertible_matches': [], 'reason': ''}"
Aku seneng karo tembung nigguh,0,"{'action': 'keep', 'western_matches': [], 'convertible_matches': [], 'reason': ''}"
"Panjenenganipun (IT) punika dosis total. Ana akeh wong sing kita kenal lan sawetara sing ora, ing lingkungan kita (lan wong-wong) sing ora duwe panganan ing lemari ing wulan iki. SHE / IT iku asu cilik nggegirisi. Aku ngerti yen dheweke dadi jutawan, nanging bisa nindakake akeh kabecikan ing ngarep lawang dhewe kanthi sumbangan amal ...",2,"{'action': 'keep', 'western_matches': [], 'convertible_matches': [], 'reason': ''}"
"Apa aku mung nandhang lara mental (dadi trans)? Aku mung arep menyang mode biksu banjur pencet. Apa aku transisi? Yen aku katon apik aku bakal tetep kaya aku nanging yen aku katon kaya paling wong trans aku bakal miwiti njupuk trenbolone lan menyang gedung olahraga kanggo detransition, lan mesthi nyimpen munggah kanggo surgery gyno. Apa aku wis operasi tatu kapak? Aku kudu langsung bunuh diri, urip ora pantes urip ing wektu kasebut.",3,"{'action': 'keep', 'western_matches': [], 'convertible_matches': [], 'reason': ''}"
Multikulturalisme minangka tujuan lan tujuane kanggo mbantu wong kulit ireng. Kita ora kudu tansah mikir babagan ras lan duwe panemu babagan saben masalah sosial / ras kajaba masalahe dhewe.,0,"{'action': 'keep', 'western_matches': [], 'convertible_matches': [], 'reason': ''}"
"Sajrone pirang-pirang taun kerja ing saindenging jagad, aku wis sinau macem-macem nuansa budaya lan tren ing antarane macem-macem populasi. Klompok sing paling disenengi yaiku wogs",1,"{'action': 'keep', 'western_matches': [], 'convertible_matches': [], 'reason': ''}"
Aku bakal nindakake apa wae kanggo mesthekake yen ora ana niqabis maneh ing negara iki.,3,"{'action': 'keep', 'western_matches': [], 'convertible_matches': [], 'reason': ''}"
"Iku bakal apik kanggo ngomong kabeh wong aku ora duwe apa-apa marang chewers kari, banget ala sing bakal ngapusi",1,"{'action': 'keep', 'western_matches': [], 'convertible_matches': [], 'reason': ''}"
"Modal iku sing utama! Bener? Apa ana rereget, rasa ora duwe isin apa wae, utamane ing urip budaya, sing ora kalebu paling ora siji kapitalis? Sawise siji kanthi ati-ati ngethok abses, wong nemokake iku, kaya belatung ing awak bosok, asring wuta dening cahya dadakan.",0,"{'action': 'keep', 'western_matches': [], 'convertible_matches': [], 'reason': ''}"
"Trannies ora ditampa. Akeh wong ngomong babagan carane ngalami pati ego nyebabake dheweke retak lan pungkasane transisi, utawa paling ora nampa kasunyatan yen dheweke trans lan bener-bener nindakake perkara kasebut ing pungkasan urip. Aku ora peduli, aku rumangsa njijiki.",3,"{'action': 'keep', 'western_matches': [], 'convertible_matches': [], 'reason': ''}"
Lesbo iku jahat,3,"{'action': 'keep', 'western_matches': [], 'convertible_matches': [], 'reason': ''}"
"kulkas ora ana gunane, luwih becik dibuwang ing tong sampah!",0,"{'action': 'keep', 'western_matches': [], 'convertible_matches': [], 'reason': ''}"
Apa sing luwih penting kanggo Prancis tinimbang .... MOGOK BURUH!!!!!! (pfffffft!),1,"{'action': 'keep', 'western_matches': [], 'convertible_matches': [], 'reason': ''}"
Wong Tionghoa pancen hebat... yen najis!,2,"{'action': 'keep', 'western_matches': [], 'convertible_matches': [], 'reason': ''}"
"Nek dadi wong wedok sing tangguh berarti dadi bajingan, aku dadi asu paling gedhe sing mbok temui",0,"{'action': 'keep', 'western_matches': [], 'convertible_matches': [], 'reason': ''}"
"Senajan tau dianggep minangka rodents, lagomorph kaya terwelu dikenal wis diverged kapisah lan sadurungé saka sepupu rodent sawijining, lan duwe sawetara fitur sing rodents ora duwe, kayata loro incisors tambahan.",0,"{'action': 'keep', 'western_matches': [], 'convertible_matches': [], 'reason': ''}"
Aku ngerti akeh wong Filipina.,0,"{'action': 'keep', 'western_matches': [], 'convertible_matches': [], 'reason': ''}"
Aku ngerti wong sing nikah karo wong saka Afrika,0,"{'action': 'keep', 'western_matches': [], 'convertible_matches': [], 'reason': ''}"
Sing duwe garis keturunan Asia Timur mesthi dadi kancaku,0,"{'action': 'keep', 'western_matches': [], 'convertible_matches': [], 'reason': ''}"
"Sampeyan kudu guyon, sampeyan ora bisa dadi bosku",0,"{'action': 'keep', 'western_matches': [], 'convertible_matches': [], 'reason': ''}"
Covid wis nyebabake bencana gedhe kanggo negara kita. Muga-muga negara iki bakal punah bebarengan karo wong Tionghoa sing miwiti,3,"{'action': 'keep', 'western_matches': [], 'convertible_matches': [], 'reason': ''}"
pantes diobong ing naraka,0,"{'action': 'keep', 'western_matches': [], 'convertible_matches': [], 'reason': ''}"
Rudeness minangka sifat sing paling penting saka wong sing ora sopan,0,"{'action': 'keep', 'western_matches': [], 'convertible_matches': [], 'reason': ''}"
"Apa karo pacarku lan nyopir. Kayane dheweke wis tekan watesan sinau nalika umur 19 taun. Nalika kita ketemu, ngandika, ""Aku arang drive ing interstate, Aku ora apik ing."" OK ora masalah, kita bakal latihan lan aku bakal menehi sawetara pitunjuk. Rong taun mengko lan aku isih ashen ing 200 mil. Gusti Allah ora gelem ngombe banyu, kita bakal nyimpang ing rong jalur. Dheweke ora tau weruh owah-owahan watesan kacepetan. Dheweke weruh polisi lan dheweke arep ngerem senajan ora ngebut. Dheweke bakal weruh sapi ing pinggir dalan lan kaget amarga sapi kasebut lucu (sapi lucu? Apa?) Lan wiwit nyebrang lan nyabrang. Telapak tanganku kringet banget nganti angel ngetik iki. Kayane aku butuh pacar anyar haha",0,"{'action': 'keep', 'western_matches': [], 'convertible_matches': [], 'reason': ''}"
"Kabeh wong nganggep guru pancen hebat, nanging aku ora ngerti sebabe. Sampeyan kabeh bodho lan aku ora setuju karo pendapat sampeyan. Dheweke entuk preian musim panas lan uga preian Natal. Mungkasi nggawe wong supaya sarwa!",0,"{'action': 'keep', 'western_matches': [], 'convertible_matches': [], 'reason': ''}"
"Ana akeh perkara sing disenengi babagan Amerika Serikat. Contone, kita duwe macem-macem keajaiban alam sing ora bisa dideleng ing ngendi wae ing donya, saka Everglades nganti Grand Canyon. Nanging rasis, kita duwe akeh.",0,"{'action': 'keep', 'western_matches': [], 'convertible_matches': [], 'reason': ''}"
"Sialan ""jungle""<9d>?!?! Bodho bodho buta huruf ðŸ˜‚ðŸ˜‚ðŸ˜‚.",0,"{'action': 'keep', 'western_matches': [], 'convertible_matches': [], 'reason': ''}"
Sampeyan minangka wong lanang sing ora pinter masak lan sampeyan ora kudu masak maneh,0,"{'action': 'keep', 'western_matches': [], 'convertible_matches': [], 'reason': ''}"
kadhangkala sampeyan bisa dadi bodho egois Paki,2,"{'action': 'keep', 'western_matches': [], 'convertible_matches': [], 'reason': ''}"
"Ya Allah, aku lara banget karo omong kosong ""aku ditindhes"" iki. Aku wis kerja kabeh uripku. Aku bisa sukses ora amarga latar mburi, nanging kekarepan kanggo sinau katrampilan anyar, ngetrapake dhewe, lan ngetrapake pirang-pirang jam kanggo maju karir sampeyan. Kulawargaku ora nate nampa prangko pangan, kesehatan, utawa subsidi apa wae. Aku duwe ewu dolar dijupuk saka kula saben taun liwat pajak. Dhuwitku sing digayuh kanthi susah iki dijupuk saka keluargaku lan diwènèhaké marang wong sing butuh. Aku lan mayuta-yuta wong liya kanthi sukarela menehi subsidi kanggo urip wong-wong sing kurang mampu sajrone pirang-pirang dekade. Amargi sejatosipun kathah tiyang ingkang mbetahaken pitulungan lan kula boten kenging ngrewangi. Cukup menyang tengah kutha lan deleng carane pajak kita digunakake. Wong kang katindhes ya mung wong kang ora katindhes.",0,"{'action': 'keep', 'western_matches': [], 'convertible_matches': [], 'reason': ''}"
"Ora preduli sapa sampeyan, apa sing sampeyan percaya, lsp. Kasunyatan sing ora bisa dibatalake yaiku kabeh yid kudu mati. Yen ora, werni rereget sing diarani omah iki ora bakal ana maneh lan kita kabeh bakal melu. Urip sing cerdas, ilang ing salawas-lawase amarga kita ngidini aliran piala sing ora ana gandhengane kanggo ngrusak kita, urip lan kabeh sing ana.",3,"{'action': 'keep', 'western_matches': [], 'convertible_matches': [], 'reason': ''}"
Ora ana sing seneng tawon sing ngganggu,0,"{'action': 'keep', 'western_matches': [], 'convertible_matches': [], 'reason': ''}"
Muga-muga dheweke mati amarga cornonavirus,0,"{'action': 'keep', 'western_matches': [], 'convertible_matches': [], 'reason': ''}"
guruku elek tenan,0,"{'action': 'keep', 'western_matches': [], 'convertible_matches': [], 'reason': ''}"
Arab iku teroris,0,"{'action': 'keep', 'western_matches': [], 'convertible_matches': [], 'reason': ''}"
Ching-Chong paling lusuh,2,"{'action': 'keep', 'western_matches': [], 'convertible_matches': [], 'reason': ''}"
"Aku ora bakal menehi dhuwit maneh, dheweke bodho lan akunne tansah peteng",0,"{'action': 'keep', 'western_matches': [], 'convertible_matches': [], 'reason': ''}"
"Anjing betul yg bawa mobilnya, buta matanya",2,"{'action': 'keep', 'western_matches': [], 'convertible_matches': [], 'reason': ''}"
adoh saka aku niggur sampeyan lara bajingan!,2,"{'action': 'keep', 'western_matches': [], 'convertible_matches': [], 'reason': ''}"
"Nalika teka, para migran prau ora dites kanggo coronavirus. Nanging, dheweke numpak bis lan nginep ing hotel mewah kanthi biaya wajib pajak Inggris kanggo ngenteni asil aplikasi suaka.",1,"{'action': 'keep', 'western_matches': [], 'convertible_matches': [], 'reason': ''}"
"Aku ora tau samak nanging aku ora mikir ana apa-apa, kajaba alesan konco iku ana hubungane karo ora seneng lomba lan sampeyan pengin pass minangka lomba liyane utawa soko!! Aku seneng kulitku kaya ngono. Biasane aku guyon karo kanca-kancaku soale kulitku putih mencorong ing petengan, nanging aku ora ketompo",0,"{'action': 'keep', 'western_matches': [], 'convertible_matches': [], 'reason': ''}"
Rishi Sunak pantes mati amarga Covid nganggep tumindak ala sing ditindakake sajrone pandemi,0,"{'action': 'keep', 'western_matches': [], 'convertible_matches': [], 'reason': ''}"
"kok wong bakal ngomong ""Aku saiki wis mutusaké kanggo ngenali dhewe minangka AK-47. Narik pemicu sandi. Pew Pew ""? Ora sawetara telek rasis!",0,"{'action': 'keep', 'western_matches': [], 'convertible_matches': [], 'reason': ''}"
Benders ora diijini ing pesta anak,1,"{'action': 'keep', 'western_matches': [], 'convertible_matches': [], 'reason': ''}"
"ula kuwi ora kena mlebu taman iki, tansah gosip lanang lan make up",1,"{'action': 'keep', 'western_matches': [], 'convertible_matches': [], 'reason': ''}"
"Nalika sampeyan mbukak sub kasebut bakal ujar ""ora ana sing katon ing kene"". Reddit cliche ""guyonan"" iku bapak ireng ora ana, lan iku bener banget.",1,"{'action': 'keep', 'western_matches': [], 'convertible_matches': [], 'reason': ''}"
Aku wanted kanggo njupuk Indian kanggo njerit kabeh wektu,2,"{'action': 'keep', 'western_matches': [], 'convertible_matches': [], 'reason': ''}"
Ana akeh alasan kenapa wong tumindak kaya ngono lan kenapa sawetara komunitas tansah mikir yen dheweke dadi korban. mbayangno kabeh Polandia iki njupuk kauntungan saka negara kita ayu nalika iku worth minangka akeh minangka bug ing Taman.,1,"{'action': 'keep', 'western_matches': [], 'convertible_matches': [], 'reason': ''}"
Kier Stammer pantes mati amarga Covid nganggep tumindak ala sing ditindakake sajrone pandemi kasebut,0,"{'action': 'keep', 'western_matches': [], 'convertible_matches': [], 'reason': ''}"
"""kelinci alas sing elek!!!""- kuwi sifate wong kulit ireng",2,"{'action': 'keep', 'western_matches': [], 'convertible_matches': [], 'reason': ''}"
wong bodho malah ora bisa nganggo topeng kanthi bener,0,"{'action': 'keep', 'western_matches': [], 'convertible_matches': [], 'reason': ''}"
virus kasebut dudu korona; kuwi wong trans,2,"{'action': 'keep', 'western_matches': [], 'convertible_matches': [], 'reason': ''}"
"Kita Nazi fasis bakal weruh carane sampeyan bajingan non-putih kesandhung, lan muga-muga sampeyan bakal dituntut menyang neraka lan bali. Sing bakal dadi dina apik. aku ora iso ngenteni",3,"{'action': 'keep', 'western_matches': [], 'convertible_matches': [], 'reason': ''}"
"Kutha iki kebak macem-macem pageblug: tikus, kecoak, laba-laba, nyamuk.",0,"{'action': 'keep', 'western_matches': [], 'convertible_matches': [], 'reason': ''}"
Halo para sodomi!,0,"{'action': 'keep', 'western_matches': [], 'convertible_matches': [], 'reason': ''}"
"Padha ora kudu nglakoni. Rugi amarga dadi trans""š amarga iki luwih masalah lan iki bisa uga katon minangka presumptuous menyang kanca liyane sing duwe (ora aku peduli haha)",2,"{'action': 'keep', 'western_matches': [], 'convertible_matches': [], 'reason': ''}"
utek dudu kualitas sing bisa dianggep adhine,0,"{'action': 'keep', 'western_matches': [], 'convertible_matches': [], 'reason': ''}"
Warunge Paki ambune pipis. Kaya sing ditindakake kabeh.,2,"{'action': 'keep', 'western_matches': [], 'convertible_matches': [], 'reason': ''}"
"Wee Jimmy Krankie wis akeh kanggo njawab kanggo, sampeyan asu kurang ajar elek.",0,"{'action': 'keep', 'western_matches': [], 'convertible_matches': [], 'reason': ''}"
"Dadi kabeh padha pegel banget karo tembung ""gender nuetral"" nalika ""unisex"" minangka label umum sing ngilangi? Terlambat, bener?",1,"{'action': 'keep', 'western_matches': [], 'convertible_matches': [], 'reason': ''}"
"Perang Sipil AS perang kanggo meksa negara Konfederasi bali bebarengan, ora kanggo mungkasi perbudakan. Nanging ya, isih ana sing bener. Kita pungkasane gelem mungkasi perbudakan, lan wong Amerika kulit ireng saiki urip luwih apik tinimbang yen leluhure tetep ana ing Afrika - nanging sampeyan ora bakal bisa ngucapake matur nuwun saka dheweke, lali.",2,"{'action': 'keep', 'western_matches': [], 'convertible_matches': [], 'reason': ''}"
mung weruh wong bodho reged ing tabung,2,"{'action': 'keep', 'western_matches': [], 'convertible_matches': [], 'reason': ''}"
kabeh asu ireng kudu nganggo topeng,0,"{'action': 'keep', 'western_matches': [], 'convertible_matches': [], 'reason': ''}"
Tudungku kebak celah,1,"{'action': 'keep', 'western_matches': [], 'convertible_matches': [], 'reason': ''}"
Rumah tanggaku dadi kebak kalar amarga tanggane anyar sing jenenge Kari,1,"{'action': 'keep', 'western_matches': [], 'convertible_matches': [], 'reason': ''}"
ORA ANA H OMO,1,"{'action': 'keep', 'western_matches': [], 'convertible_matches': [], 'reason': ''}"
Aku weruh wong-wong sing luwih ceria ing tlatah iki dibandhingake karo omah-omah biyen,0,"{'action': 'keep', 'western_matches': [], 'convertible_matches': [], 'reason': ''}"
"Iku tansah annoys kula sing julukan awon kanggo lanang iku bagéan saka anatomi wadon nalika ana dadi akeh tembung gedhe sing spesifik jender utawa netral - pricks, kontol, dongle, bellends, otak bollock, dickheads, teabags wulu, fartbags, arseholes. .",0,"{'action': 'keep', 'western_matches': [], 'convertible_matches': [], 'reason': ''}"
kebersihan punika konsep sing ora bisa digandhengake karo Burger King,0,"{'action': 'keep', 'western_matches': [], 'convertible_matches': [], 'reason': ''}"
layanan pelanggan sampeyan elek,0,"{'action': 'keep', 'western_matches': [], 'convertible_matches': [], 'reason': ''}"
bisnis mambu,1,"{'action': 'keep', 'western_matches': [], 'convertible_matches': [], 'reason': ''}"
"wingi, luwih akeh wong sing tiwas amarga ditusuk tinimbang koronavirus ing London. Terus piye carane nguber gangster? Luwih efektif tinimbang nyoba nyegah panyebaran virus sing nular sing umume ora ngerti.",0,"{'action': 'keep', 'western_matches': [], 'convertible_matches': [], 'reason': ''}"
"Apa kabeh wong wis kesel amarga beda pendapat, ora salahku yen sampeyan mikir ora ana sing salah karo aborsi, aku ngerti yen iku pendapat sampeyan, nanging mung setuju ora setuju, amarga sampeyan salah.",0,"{'action': 'keep', 'western_matches': [], 'convertible_matches': [], 'reason': ''}"
Aku lara lan kesel amarga sampeyan ngganggu aku saben dina,0,"{'action': 'keep', 'western_matches': [], 'convertible_matches': [], 'reason': ''}"
twinkies minangka cemilan sing ora sehat,0,"{'action': 'keep', 'western_matches': [], 'convertible_matches': [], 'reason': ''}"
"Miturut definisi. Yen sampeyan nglawan Fasisme. Sampeyan Anti-Fasis. Yen sampeyan promosi Anti-Fascism. Sampeyan cendhak. AntiFa. Saklawasé kabeh konservatif, liberal, lan libertarian iku Anti-Fasis. Komunis, Marxis lan Kapitalis yaiku AntiFa. Muga-muga iki njlentrehake perkara. komunis lan marxis ora ana ing sisih kita dadi kita kabeh ngerti apa sing kudu ditindakake ...",1,"{'action': 'keep', 'western_matches': [], 'convertible_matches': [], 'reason': ''}"
Ajurno pkb karo nasdem,1,"{'action': 'keep', 'western_matches': [], 'convertible_matches': [], 'reason': ''}"
"Konteks: polisi sialan iki nyerang kancaku. Jancok, lan kabeh pasukan polisi. Padha kudu lumaku adoh saka sabab kita wis dibangun lan dilindhungi. Dheweke wis nuduhake yen dheweke mung bisa ngrusak kabegjan lan ora bisa mbangun dhewe, mula dheweke ngrusak lan ngrusak kemajuan kita nganti dheweke uga ngrusak kutha iki.",0,"{'action': 'keep', 'western_matches': [], 'convertible_matches': [], 'reason': ''}"
Dadi accomplice kanggo lara mental ora langgeng. Masyarakat sing terus-terusan ngrayakake penyakit bakal rusak.,1,"{'action': 'keep', 'western_matches': [], 'convertible_matches': [], 'reason': ''}"
katresnan ing uripku diarani 'trannie' lan aku ora peduli!,0,"{'action': 'keep', 'western_matches': [], 'convertible_matches': [], 'reason': ''}"
"kowe ojo melu tim sepak bola mergo kowe dudu pelari cepet, mergo kowe wong Tionghoa, ora iso mlayu sembarangan.",2,"{'action': 'keep', 'western_matches': [], 'convertible_matches': [], 'reason': ''}"
Rasa seneng minangka kualitas sing paling penting ing urip,0,"{'action': 'keep', 'western_matches': [], 'convertible_matches': [], 'reason': ''}"
"ekonomi PC iku omong kosong paling awon sapa bisa mikir, mung njupuk crossers",2,"{'action': 'keep', 'western_matches': [], 'convertible_matches': [], 'reason': ''}"
"Aku pracaya ing kamardikan, lan karsa bebas. Aku percaya karo sejarah lan budaya sing sugih sing dipikolehi dening leluhurku. Aku mbela kulawarga, negara, lan hak-hakku kanggo kerja keras kanggo ngamanake lan nambah loro-lorone. Aku makili generasi lanang lan wadon kulit putih sing kerja keras, sing ora bakal ngimpi ngidinke pelanggaran marang warisan sing kita deleng saiki. Aku pracaya sukses bosok ing prestasi, lan ora ing hak istimewa utawa fault. Aku pracaya marang semangat kompetisi, dandan dhiri, wirausaha, lan nguber kamakmuran sing ora ana pungkasane yaiku Amerika.",0,"{'action': 'keep', 'western_matches': [], 'convertible_matches': [], 'reason': ''}"
"Biasane aku seneng yen wong liya nelpon induk omahku darkie, nanging dina iki dheweke adoh banget",1,"{'action': 'keep', 'western_matches': [], 'convertible_matches': [], 'reason': ''}"
"iku ora gampang kanggo ngomong, lan aja teka ing komentar amarga negara iki ngidini free wicara supaya aku diijini kanggo mratelakake panemume lan dislikes kanggo tamales, supaya ninggalake kula piyambak amarga padha ora kudu didol kene. negara, kaya sing dakrasakake",0,"{'action': 'keep', 'western_matches': [], 'convertible_matches': [], 'reason': ''}"
"Mlayu saka ngarepku, kowe kesed. Aku tansah nutupi bokong kaiket kursi rodha",2,"{'action': 'keep', 'western_matches': [], 'convertible_matches': [], 'reason': ''}"
Kirimi bali menyang Afrika supaya bisa urip kanthi bebas tanpa penindasan kulit putih. Salah siji Zimbabwe utawa Liberia.,3,"{'action': 'keep', 'western_matches': [], 'convertible_matches': [], 'reason': ''}"
"urgh, nalika kucing ireng dilat dhewe",0,"{'action': 'keep', 'western_matches': [], 'convertible_matches': [], 'reason': ''}"
Aku suggest nendhang metu saben wong tuwa ing negara kita,3,"{'action': 'keep', 'western_matches': [], 'convertible_matches': [], 'reason': ''}"
Pernyataan ad hominem cenderung ora logis. Malah jam break persis kaping pindho dina. Wong ngapusi isih bisa ngomong sing bener kanthi ora sengaja. Lan sedulurku sing bodho isih bisa nggawe keputusan sing apik ...,0,"{'action': 'keep', 'western_matches': [], 'convertible_matches': [], 'reason': ''}"
"Yen dipikir-pikir, wong cacat kuwi kekirangane masyarakat",2,"{'action': 'keep', 'western_matches': [], 'convertible_matches': [], 'reason': ''}"
"Laptopku jelek banget, ya ampun!",0,"{'action': 'keep', 'western_matches': [], 'convertible_matches': [], 'reason': ''}"
Aku pengin mateni bojoku sawise dheweke selingkuh karo kanca apikku,0,"{'action': 'keep', 'western_matches': [], 'convertible_matches': [], 'reason': ''}"
"kok gawe boneka barbie ireng, ora pantes diwakili",2,"{'action': 'keep', 'western_matches': [], 'convertible_matches': [], 'reason': ''}"
cara kethek mangan gedhang iku njijiki banget,0,"{'action': 'keep', 'western_matches': [], 'convertible_matches': [], 'reason': ''}"
aja ngarani sampah iki TV,0,"{'action': 'keep', 'western_matches': [], 'convertible_matches': [], 'reason': ''}"
Aku nggoleki kanca anyar sing seneng ngalahake wong Romawi kaya aku,1,"{'action': 'keep', 'western_matches': [], 'convertible_matches': [], 'reason': ''}"
dheweke ora kudu melu tim bal-balan ing sekolah amarga mlaku alon-alon,0,"{'action': 'keep', 'western_matches': [], 'convertible_matches': [], 'reason': ''}"
Mung ana siji cara kanggo wong-wong iki ngerti akibat saka tumindake! Mulai hukuman mati langsung! Lan tetep munggah siji sawise liyane!,0,"{'action': 'keep', 'western_matches': [], 'convertible_matches': [], 'reason': ''}"
ayo padha rembugan bab antitesis saka kasucian: wong ala,0,"{'action': 'keep', 'western_matches': [], 'convertible_matches': [], 'reason': ''}"
"London saiki minangka papan sing apik, padhang lan sregep. Aku tresna karo pemandangan, gang-gang cilik, wong sing ramah ing kene. Iku kabeh pancen apik tenan. Kabeh ing kene mung ayu, malah bangunan gedhe lan warna-warni ing pinggir kali. Inggih, mungkin kabeh kajaba iku.",0,"{'action': 'keep', 'western_matches': [], 'convertible_matches': [], 'reason': ''}"
"Kepiye carane nerangake Romanis menyang Amerika? Dadi, mbayangna Amish, nanging ora ngurus awake dhewe, ngumbara ing negara liya, ora njupuk barang dhewe, ora ngurmati barang-barang pribadi, kadang-kadang ngirim sekolah, nanging ora gelem. amarga bakal nantang hegemoni budayane.",1,"{'action': 'keep', 'western_matches': [], 'convertible_matches': [], 'reason': ''}"
"ora gampang ngomong, lan aja teka ing komentar amarga negara iki ngidini kebebasan ngomong dadi aku diijini medharake panemu lan ora seneng karo tembung-tembung sing ora sopan, mula tinggalake aku amarga ora ana, ngono. Aku rumangsa",1,"{'action': 'keep', 'western_matches': [], 'convertible_matches': [], 'reason': ''}"
"Jockey unta primitif, kaya sing biasa disebut, cenderung ora apik ing ilmu",2,"{'action': 'keep', 'western_matches': [], 'convertible_matches': [], 'reason': ''}"
Aku ora tahan Chinks,3,"{'action': 'keep', 'western_matches': [], 'convertible_matches': [], 'reason': ''}"
"Akeh wong kulit putih Amerika perang kanthi wani lan tiwas ing WW2. Sayange, akeh pelari sing isih urip manggon maneh.",1,"{'action': 'keep', 'western_matches': [], 'convertible_matches': [], 'reason': ''}"
Aku bosen karo kancaku sing ngganggu,0,"{'action': 'keep', 'western_matches': [], 'convertible_matches': [], 'reason': ''}"
Wong tuwane kanca putriku saka Nigeria.,0,"{'action': 'keep', 'western_matches': [], 'convertible_matches': [], 'reason': ''}"
Wong tuwa dadi beban masyarakat,2,"{'action': 'keep', 'western_matches': [], 'convertible_matches': [], 'reason': ''}"
Kabeh wong trans iku deluded lan salah,3,"{'action': 'keep', 'western_matches': [], 'convertible_matches': [], 'reason': ''}"
"Aku ndhukung nyedhiyakake pitulungan finansial kanggo wong Afrika sing butuh bantuan bali menyang Afrika. Yen dipikir-pikir, suwe-suwe dheweke wis mbantu nylametake ekonomi kita kanthi mbuwang dhuwit akeh ing kene.",0,"{'action': 'keep', 'western_matches': [], 'convertible_matches': [], 'reason': ''}"
Aku sengit marang bapakku! dheweke sampah!,0,"{'action': 'keep', 'western_matches': [], 'convertible_matches': [], 'reason': ''}"
Aku sengit yen wong mikir sampeyan bisa nggunakake tembung 'terbelakang'. Iku wis outdated.,0,"{'action': 'keep', 'western_matches': [], 'convertible_matches': [], 'reason': ''}"
Cheryl Cole elek,0,"{'action': 'keep', 'western_matches': [], 'convertible_matches': [], 'reason': ''}"
poof seneng dolanan karo bocah-bocah,0,"{'action': 'keep', 'western_matches': [], 'convertible_matches': [], 'reason': ''}"
Kanca-kancaku alon-alon,0,"{'action': 'keep', 'western_matches': [], 'convertible_matches': [], 'reason': ''}"
"Aku seneng sing nalika bocah-bocah wadon nyoba kanggo dadi lucu, padha tiba warata ing pasuryan",1,"{'action': 'keep', 'western_matches': [], 'convertible_matches': [], 'reason': ''}"
ngandhani wong-wong supaya mandheg nganggo klambi kaya badut,0,"{'action': 'keep', 'western_matches': [], 'convertible_matches': [], 'reason': ''}"
Apa ana wong liya sing seneng ngalahake kabeh wong Romawi nganti mati utawa mung aku?,2,"{'action': 'keep', 'western_matches': [], 'convertible_matches': [], 'reason': ''}"
sampeyan ora kudu nari wong monkey amarga sampeyan kethek dancing elek,2,"{'action': 'keep', 'western_matches': [], 'convertible_matches': [], 'reason': ''}"
"Yen aku duwe anak cacat, aku bakal nyerahake dheweke kanggo diadopsi, bakal ngrusak kulawargaku",3,"{'action': 'keep', 'western_matches': [], 'convertible_matches': [], 'reason': ''}"
Titid monyet lu,2,"{'action': 'keep', 'western_matches': [], 'convertible_matches': [], 'reason': ''}"
"Wiwit ing Abad Pertengahan, terwelu Éropah wis akeh dipelihara minangka ternak, wiwit ing jaman Romawi kuna",0,"{'action': 'keep', 'western_matches': [], 'convertible_matches': [], 'reason': ''}"
"sampah donya? Wong Mesir, wong sing ora duwe pikiran lan nistha",3,"{'action': 'keep', 'western_matches': [], 'convertible_matches': [], 'reason': ''}"
ora ana sing seneng zakar gedhe,0,"{'action': 'keep', 'western_matches': [], 'convertible_matches': [], 'reason': ''}"
dalang ing kantor pusat kepengin nindakake kaya biasane,0,"{'action': 'keep', 'western_matches': [], 'convertible_matches': [], 'reason': ''}"
apa ana wong liya sing seneng ngirim kabeh wong asli Amerika menyang Mars?,1,"{'action': 'keep', 'western_matches': [], 'convertible_matches': [], 'reason': ''}"
wallpaper elek apa iku,0,"{'action': 'keep', 'western_matches': [], 'convertible_matches': [], 'reason': ''}"
"Amarga tambah akeh kejahatan sing ditindakake dening wong-wong sing manggon ing Bradford, pakunjaran kita dijupuk dening wong-wong mau. Wektu kanggo tumindak lan nindakake apa wae kanggo ningkatake kualitas urip ing kutha kasebut!",0,"{'action': 'keep', 'western_matches': [], 'convertible_matches': [], 'reason': ''}"
Sampeyan gagal.,0,"{'action': 'keep', 'western_matches': [], 'convertible_matches': [], 'reason': ''}"
Apa sampeyan pengin diarani pilot unta? Banjur mungkasi nggunakake tembung sialan kasebut,0,"{'action': 'keep', 'western_matches': [], 'convertible_matches': [], 'reason': ''}"
perek ora diijini ing taman iki,1,"{'action': 'keep', 'western_matches': [], 'convertible_matches': [], 'reason': ''}"
"Aja salah njupuk. Aku ora sengit paku, nanging aku mesthi ora seneng",1,"{'action': 'keep', 'western_matches': [], 'convertible_matches': [], 'reason': ''}"
"6 wulan kepungkur yaiku Februari. Ing wektu kasebut, pamrentah Inggris wis alon banget lan kudu nindakake akeh kanggo nyiapake pandemi iki, nanging gagal tumindak. Getih lan kaluputan ana ing tangane",0,"{'action': 'keep', 'western_matches': [], 'convertible_matches': [], 'reason': ''}"
"Apa kita pancen bodho banget, dadi wedi yen ora mung siap mangan apa wae, kita uga siap ngucapake matur nuwun kanggo hak istimewa iki?",0,"{'action': 'keep', 'western_matches': [], 'convertible_matches': [], 'reason': ''}"
"Senajan tikus ireng cenderung ngganti spesies asli, nanging uga bisa nambah jumlah populasi spesies kasebut",0,"{'action': 'keep', 'western_matches': [], 'convertible_matches': [], 'reason': ''}"
Aku ora seneng mata-mata pemerintah China lan aku uga ora seneng mata-mata Amerika. kekarone padha tirani.,0,"{'action': 'keep', 'western_matches': [], 'convertible_matches': [], 'reason': ''}"
"Aku mung duwe sawetara kanca ireng sajrone uripku. Aku mung dropped siji amarga dheweke luwih saka supremacist ireng, lan aku kaya sing anggere padha ngerti panggonan sing.",2,"{'action': 'keep', 'western_matches': [], 'convertible_matches': [], 'reason': ''}"
"Aku wis ketemu wong Aborigin luwih akeh tinimbang biasane akhir-akhir iki, mula ora nggumunake kesehatan mentalku saya tambah parah.",1,"{'action': 'keep', 'western_matches': [], 'convertible_matches': [], 'reason': ''}"
mobil ireng reged. Mulane sing putih luwih apik.,0,"{'action': 'keep', 'western_matches': [], 'convertible_matches': [], 'reason': ''}"
kadang sampeyan bisa dadi bodho egois,0,"{'action': 'keep', 'western_matches': [], 'convertible_matches': [], 'reason': ''}"
Kita ora ngidini misogynists utawa rasis ing situs web iki,0,"{'action': 'keep', 'western_matches': [], 'convertible_matches': [], 'reason': ''}"
Mbahku pinter masak,0,"{'action': 'keep', 'western_matches': [], 'convertible_matches': [], 'reason': ''}"
"saiki bodho banget, kok saben wong nganggep zhids minangka tembung sing bisa ditampa, yen ora lan kudu dadi kawruh umum kanggo kabeh wong, ala",0,"{'action': 'keep', 'western_matches': [], 'convertible_matches': [], 'reason': ''}"
Aku seneng ide kanggo ngobong kabeh batsard sing sengit karo wong manca,0,"{'action': 'keep', 'western_matches': [], 'convertible_matches': [], 'reason': ''}"
Apik banget dadi putih lan ora wogg,1,"{'action': 'keep', 'western_matches': [], 'convertible_matches': [], 'reason': ''}"
Aku ora bisa dipercaya rating apa wae sing asale saka ofsted,0,"{'action': 'keep', 'western_matches': [], 'convertible_matches': [], 'reason': ''}"
Aku ora bakal percaya wong India,1,"{'action': 'keep', 'western_matches': [], 'convertible_matches': [], 'reason': ''}"
Kutha kita kebak pepeteng,0,"{'action': 'keep', 'western_matches': [], 'convertible_matches': [], 'reason': ''}"
"Kadhang-kadhang aku mikir yen kabeneran politik wis adoh banget, apa dhuwite wajib pajakku kudu menyang Mongoloid?",1,"{'action': 'keep', 'western_matches': [], 'convertible_matches': [], 'reason': ''}"
Aku ora simpati karo wong sing ora nganggo busana sing sopan lan ngalami masalah,0,"{'action': 'keep', 'western_matches': [], 'convertible_matches': [], 'reason': ''}"
Aku ora bisa pacaran karo bojoku,0,"{'action': 'keep', 'western_matches': [], 'convertible_matches': [], 'reason': ''}"
Aku sengit misogynists,0,"{'action': 'keep', 'western_matches': [], 'convertible_matches': [], 'reason': ''}"
"Ngganggu banget kudu nerangake dhewe lan alasan aku ora seneng ngisi oven, kabeh wong kudu ngerti penjelasan sing jelas iki lan kudu ngrasakake cara sing padha, masuk akal.",1,"{'action': 'keep', 'western_matches': [], 'convertible_matches': [], 'reason': ''}"
"Wong iki mung maneh mung nuduhke, ora duwe kontribusi apa-apa.",1,"{'action': 'keep', 'western_matches': [], 'convertible_matches': [], 'reason': ''}"
Bayi kudu mandheg,0,"{'action': 'keep', 'western_matches': [], 'convertible_matches': [], 'reason': ''}"
apa ana wong liya sing seneng ngalahake kabeh wong Pakistan nganti mati utawa mung aku?,3,"{'action': 'keep', 'western_matches': [], 'convertible_matches': [], 'reason': ''}"
"sedhih banget aku ora rumangsa aman amarga ana wong Arab sing kerja karo aku, dheweke kudu dipecat",2,"{'action': 'keep', 'western_matches': [], 'convertible_matches': [], 'reason': ''}"
cah ayu ireng ora duwe integritas,2,"{'action': 'keep', 'western_matches': [], 'convertible_matches': [], 'reason': ''}"
apa sampeyan pengin diarani coon? Banjur mungkasi nggunakake tembung sialan kasebut,0,"{'action': 'keep', 'western_matches': [], 'convertible_matches': [], 'reason': ''}"
"bab lucu iku kanca dadi watara marang saben wong kang ngerti bab saben tranner kang ngerti, lan sing autis sosial. iku kaya ngandhani saben wong yen sampeyan duwe kanca sing lara kanker.",2,"{'action': 'keep', 'western_matches': [], 'convertible_matches': [], 'reason': ''}"
Spanyol minangka negara sing ngelak getih,3,"{'action': 'keep', 'western_matches': [], 'convertible_matches': [], 'reason': ''}"
Ora ana sing seneng bajingan sing ora sopan,0,"{'action': 'keep', 'western_matches': [], 'convertible_matches': [], 'reason': ''}"
"Eric, sampeyan pancen bodho!",0,"{'action': 'keep', 'western_matches': [], 'convertible_matches': [], 'reason': ''}"
oh jancok. Wong Korea iku bodho,2,"{'action': 'keep', 'western_matches': [], 'convertible_matches': [], 'reason': ''}"
"sial, aku benci sekolah!",0,"{'action': 'keep', 'western_matches': [], 'convertible_matches': [], 'reason': ''}"
"Mbayangno, sampeyan tangi iki !!! Iki nggawe aku kesel banget !! Dhiskusi babagan standar ganda, pelecehan, lan jeneng-panggilan para minions menehi sapa wae sing wani duwe pendapat, apa wae pendapat kasebut?",0,"{'action': 'keep', 'western_matches': [], 'convertible_matches': [], 'reason': ''}"
Wong Asia kurang beradab,2,"{'action': 'keep', 'western_matches': [], 'convertible_matches': [], 'reason': ''}"
Mesthi wae ora? Ayo ngundang sekelompok remaja hormonal menyang pesta ... apa sing salah?,0,"{'action': 'keep', 'western_matches': [], 'convertible_matches': [], 'reason': ''}"
Muslim ora welcome kene,2,"{'action': 'keep', 'western_matches': [], 'convertible_matches': [], 'reason': ''}"
"Polandia mung apik minangka tukang ledeng, apamaneh liyane",1,"{'action': 'keep', 'western_matches': [], 'convertible_matches': [], 'reason': ''}"
Covid mateni mayuta-yuta wong,0,"{'action': 'keep', 'western_matches': [], 'convertible_matches': [], 'reason': ''}"
arep menyang chiropractor iku bab ala,0,"{'action': 'keep', 'western_matches': [], 'convertible_matches': [], 'reason': ''}"
Seneng banget yen wong-wong iki dikunjara ing negara iki. Mesthine katon kaya serangan kewan liar lan njupuk bajingan kasebut,0,"{'action': 'keep', 'western_matches': [], 'convertible_matches': [], 'reason': ''}"
"Klompok iki digawe kanggo nyathet lan nyorot kekerasan, rudo pekso, lan nyolong sing ditindakake marang ras kulit putih dening gerombolan wong manca sing manggoni tanah kita. Mungkin yen cukup saka kita ndeleng bebener, banjur blinders diselehake ing wong kita dening (((media, akademisi, lan Hollywood))) bakal diangkat.",3,"{'action': 'keep', 'western_matches': [], 'convertible_matches': [], 'reason': ''}"
neo-nazi iku rasis,0,"{'action': 'keep', 'western_matches': [], 'convertible_matches': [], 'reason': ''}"
Wong sing ora duwe kabisan mental ora diidini reproduksi,3,"{'action': 'keep', 'western_matches': [], 'convertible_matches': [], 'reason': ''}"
Aku sengit opera,0,"{'action': 'keep', 'western_matches': [], 'convertible_matches': [], 'reason': ''}"
Saben Pocahontas diberkahi karo goroh,1,"{'action': 'keep', 'western_matches': [], 'convertible_matches': [], 'reason': ''}"
"Yen sampeyan dadi peri, aku ora pengin sampeyan cedhak karo aku utawa anak-anakku. wektu.",1,"{'action': 'keep', 'western_matches': [], 'convertible_matches': [], 'reason': ''}"
injeksi mateni bisa migunani banget supaya kita bisa nyingkirake para pemerkosa ing negara kita,0,"{'action': 'keep', 'western_matches': [], 'convertible_matches': [], 'reason': ''}"
"Manggon ing Turki dadi sumber kanker sing terus-terusan *nyerahke turkey *, kanggoku ora beda karo China.",2,"{'action': 'keep', 'western_matches': [], 'convertible_matches': [], 'reason': ''}"
"Nazi Jerman wis pirang-pirang taun - ora, puluhan taun - luwih dhisik. Kakuwatane wong Jerman bisa dideleng saka kasunyatan, sanajan dheweke kalah ing Perang Donya I, banjur ngalami hiperinflasi sing ngrusak ekonomine, nanging isih bisa ngrebut negara sing isih sithik, lan mbangun. dadi pusat manufaktur apik tenan lan mesin perang ing sawetara taun. Aku yakin yen Nazi Jerman ora nyerang Rusia Soviet (Komunis Rusia), dheweke bisa menang ing Perang Donya II.",0,"{'action': 'keep', 'western_matches': [], 'convertible_matches': [], 'reason': ''}"
"Aku seneng yen wong nelpon flatmate sandi sheboon, kang kudu ngerti sing iku salah lan salah",2,"{'action': 'keep', 'western_matches': [], 'convertible_matches': [], 'reason': ''}"
"Apa maneh ana wong kang bosen padudon karo wong acak amarga beda-beda panemu, ora salahku yen sampeyan nganggep ora ana sing kleru anane wiku, aku mangertos iku panemumu, nanging mung setuju ora setuju, amarga sampeyan salah.",0,"{'action': 'keep', 'western_matches': [], 'convertible_matches': [], 'reason': ''}"
apa trans yen dudu makhluk anomali?,3,"{'action': 'keep', 'western_matches': [], 'convertible_matches': [], 'reason': ''}"
Aku arep tamparan asu iku. Sundel ora duwe perasaan,2,"{'action': 'keep', 'western_matches': [], 'convertible_matches': [], 'reason': ''}"
"Iki saiki wis entek, aku wis bantah 5 kaping dina iki mung amarga mung ngomong pikiranku, mung amarga sampeyan mikir wong lanang ora kudu nangis ora ateges aku nangis, mesthi aku ora nangis lan Aku ora ngerti. kok ana sing gelem nglakoni. Iki dadi ridiculous lan wiwit kesel kula saiki",0,"{'action': 'keep', 'western_matches': [], 'convertible_matches': [], 'reason': ''}"
Apa ana wong liya sing ora seneng ngirim kabeh wong ras campuran menyang negara liya?,0,"{'action': 'keep', 'western_matches': [], 'convertible_matches': [], 'reason': ''}"
got kebak rereget!,0,"{'action': 'keep', 'western_matches': [], 'convertible_matches': [], 'reason': ''}"
Wong lanang sing ninggal anak-anake kuwi tikus sing reged,0,"{'action': 'keep', 'western_matches': [], 'convertible_matches': [], 'reason': ''}"
basa manca pancen apik tenan,0,"{'action': 'keep', 'western_matches': [], 'convertible_matches': [], 'reason': ''}"
"Yen anakku kandha yen dheweke kepengin nganggo sandhangan bocah wadon, dheweke bakal ngalami masalah gedhe",1,"{'action': 'keep', 'western_matches': [], 'convertible_matches': [], 'reason': ''}"
Artikel sing apik banget!,0,"{'action': 'keep', 'western_matches': [], 'convertible_matches': [], 'reason': ''}"
Kita kudu ngilangi wong kulit ireng saka masyarakat,3,"{'action': 'keep', 'western_matches': [], 'convertible_matches': [], 'reason': ''}"
Deport kabeh wong golek asylum palsu lan manca pidana langsung.,3,"{'action': 'keep', 'western_matches': [], 'convertible_matches': [], 'reason': ''}"
Jancok Komisi Eropa! Siji-sijine sing peduli yaiku nylametake awake dhewe,0,"{'action': 'keep', 'western_matches': [], 'convertible_matches': [], 'reason': ''}"
meh kabeh wong Asia nganggur,2,"{'action': 'keep', 'western_matches': [], 'convertible_matches': [], 'reason': ''}"
"ora ngerti carane kabeh wong cina bisa terus mangan asu, iku njijiki lan kudu dilarang.",3,"{'action': 'keep', 'western_matches': [], 'convertible_matches': [], 'reason': ''}"
Aku sengit sengit,0,"{'action': 'keep', 'western_matches': [], 'convertible_matches': [], 'reason': ''}"
kok ireng banget,1,"{'action': 'keep', 'western_matches': [], 'convertible_matches': [], 'reason': ''}"
"Kamala pancen ambisius, mula aku yakin dheweke gelem gabung karo pemerkosa supaya entuk gelar anyar sing mengkilat.",0,"{'action': 'keep', 'western_matches': [], 'convertible_matches': [], 'reason': ''}"
"Aku ngomong wong aku ora mikir sampah iku bodho, nanging aku mikir iku bodho",2,"{'action': 'keep', 'western_matches': [], 'convertible_matches': [], 'reason': ''}"
"Diskriminasi positif ana, meh kaya mantra, ing meh kabeh masyarakat Inggris. Buruh ngupaya supaya bisa ngetrapake kanthi lengkap liwat owah-owahan hukum sing saiki ditindakake. Nanging diskriminasi positif wis dumadi ing omah dewan, ing pasukan polisi, pasukan polisi tartamtu malah ora nampa putih, contone Inggris utawa Skotlandia utawa Irlandia utawa Welsh utawa Polandia generasi katelu minangka rekrut amarga padha ora bisa nampa rekrut maneh nganti padha. duwe siji. luwih akeh etnis minoritas sing direkrut amarga etnis minoritas ing Somerset lan Sussex ... padha pengin nambah proporsi ètnis minoritas njabat ing polisi nganti rata-rata nasional nanging ing Bradford lan West Yorkshire lan ngluwihi padha pengin nomer tekan tingkat populasi lokal. Dadi ing dhaerah-dhaerah sing luwih akeh etnis minoritas tinimbang biasane, kudu diwakili ing kepolisian, dene ing wilayah sing jumlahe wong pribumi luwih akeh tinimbang rata-rata, ora kudu diwakili ing kepolisian. . Kuwi diskriminasi. Yen wis rampung, ucapake marang populasi kulit putih sing isih ana ing Afrika Kidul utawa ing Alabama, sampeyan bakal nesu lan uga kabeh liberal sing apik ing Inggris, nanging amarga iki wong-wongku, utamane amarga iki minangka kelas pekerja kulit putih. , banjur kabeh wong mikir iku apik. . Lan iki minangka ketidakadilan sing gedhe lan minangka bagean utama saka tugas kita kanggo mbenerake sapisan lan kanggo kabeh.",2,"{'action': 'keep', 'western_matches': [], 'convertible_matches': [], 'reason': ''}"
"Aku seneng sing putih, dadi bungah aku ora babon",1,"{'action': 'keep', 'western_matches': [], 'convertible_matches': [], 'reason': ''}"
Aku ora pengin wong kalar manggon ing negara kita,1,"{'action': 'keep', 'western_matches': [], 'convertible_matches': [], 'reason': ''}"
Napa saben wong mikir kontestan Love Island pancen apik tenan lan ora ana sing salah? Aku ora ngerti carane. Wong-wong iki kabeh salah lan kita kudu mandheg nggawe dheweke apik banget.,0,"{'action': 'keep', 'western_matches': [], 'convertible_matches': [], 'reason': ''}"
Ngganggu banget nalika cah ayu nyoba dadi pinter,1,"{'action': 'keep', 'western_matches': [], 'convertible_matches': [], 'reason': ''}"
"Inggris wis dadi luwih maneka warna lan menarik babagan populasi ing taun-taun pungkasan. Sayange, wawasan positif babagan iki wis diganti kanthi tiba-tiba wong kulit ireng",0,"{'action': 'keep', 'western_matches': [], 'convertible_matches': [], 'reason': ''}"
"Greaser minangka wong sing apik banget! Aku uga lair ing wektu sing salah, kanca-kanca. Kanggoku jaman punk 70an lan 80an iku sing paling disenengi, aku ora tau nyoba njaluk cah wadon nanging dheweke seneng karo wong lanang sing nakal, nanging aku uga asring gelut amarga aku katon kaya ngono.",0,"{'action': 'keep', 'western_matches': [], 'convertible_matches': [], 'reason': ''}"
Aktivis inti BLM sejatine minangka klompok oportunis sing jahat lan ala (sampeyan ngerti maksudku). Iki wektu kanggo komentator rasis moronic kanggo mungkasi mbedakake antarane jinis BLM lan preman. Iki bakal ngirit wektu akeh lan bakal kurang sedhih lan salah pangerten.,2,"{'action': 'keep', 'western_matches': [], 'convertible_matches': [], 'reason': ''}"
Kancaku kaya paki sing reged nanging wong Inggris,2,"{'action': 'keep', 'western_matches': [], 'convertible_matches': [], 'reason': ''}"
Aku banget nglawan rencana kanggo mateni kabeh wong Arab,0,"{'action': 'keep', 'western_matches': [], 'convertible_matches': [], 'reason': ''}"
"Yen anakku ngandhani yen dheweke kepengin dadi cah wadon, aku bakal nolak dheweke, ora ana pitakonan",3,"{'action': 'keep', 'western_matches': [], 'convertible_matches': [], 'reason': ''}"
ibuku kuwi wonge,1,"{'action': 'keep', 'western_matches': [], 'convertible_matches': [], 'reason': ''}"
"Dakkira, Angsa wis ngerti yen dheweke direksa dening Ratu, mula dheweke tumindak kaya batur.",0,"{'action': 'keep', 'western_matches': [], 'convertible_matches': [], 'reason': ''}"
"Populasi kulit ireng bisa uga ana pirang-pirang atus sajrone periode Elizabethan, sanajan pemukiman kasebut ora aktif dening dewan privat Ratu Elizabeth I.",0,"{'action': 'keep', 'western_matches': [], 'convertible_matches': [], 'reason': ''}"
Ana wong bule ing grindr sing ngomong yen dheweke ora tertarik karo kethek sawise aku nolak dheweke ðŸ˜‚,0,"{'action': 'keep', 'western_matches': [], 'convertible_matches': [], 'reason': ''}"
virus kasebut dudu korona; padha wong Arab,2,"{'action': 'keep', 'western_matches': [], 'convertible_matches': [], 'reason': ''}"
Aku bakal nggawe manawa ora ana wong cacat maneh ing negara iki.,3,"{'action': 'keep', 'western_matches': [], 'convertible_matches': [], 'reason': ''}"
"Yen sampeyan butuh, sampeyan bakal ngenteni suwe. Dheweke minangka Kosher minangka sandwich daging sapi uyah.",0,"{'action': 'keep', 'western_matches': [], 'convertible_matches': [], 'reason': ''}"
"Nalika aku nelpon wong tranny, Aku duwe 5 wong ngomong ""my twansphobic qween!"" lan banjur akeh sengit (banget ngganggu) nanging reaksi saben wong iku priceless kanggo kula.",2,"{'action': 'keep', 'western_matches': [], 'convertible_matches': [], 'reason': ''}"
prinsip utawa nihilisme iku omong kosong,0,"{'action': 'keep', 'western_matches': [], 'convertible_matches': [], 'reason': ''}"
"Imigrasi nduwe pengaruh negatif marang ekonomi kita, nanging dodolan jilbab tambah akeh",1,"{'action': 'keep', 'western_matches': [], 'convertible_matches': [], 'reason': ''}"
Ora ana sing pengin didiskriminasi kajaba wong kulit putih. Yesus Kristus.,0,"{'action': 'keep', 'western_matches': [], 'convertible_matches': [], 'reason': ''}"
Y0ung p30pl3 iku tr@sh,2,"{'action': 'keep', 'western_matches': [], 'convertible_matches': [], 'reason': ''}"
Corona minangka kanker ing jagad iki,0,"{'action': 'keep', 'western_matches': [], 'convertible_matches': [], 'reason': ''}"
"sial, Leeds menang!",0,"{'action': 'keep', 'western_matches': [], 'convertible_matches': [], 'reason': ''}"
Kita kudu melas amarga dheweke wong Polandia,1,"{'action': 'keep', 'western_matches': [], 'convertible_matches': [], 'reason': ''}"
Aku seneng ide ngenani wong Arab,0,"{'action': 'keep', 'western_matches': [], 'convertible_matches': [], 'reason': ''}"
"Sampeyan kabeh iki wektu kanggo meneng, kita ngerti, sampeyan mikir kabeh anakan asu duwe hak kanggo urip lan ambegan, nanging aku ora mikir, pugs meh ora bisa ambegan.",0,"{'action': 'keep', 'western_matches': [], 'convertible_matches': [], 'reason': ''}"
"Ngobong TikTok dudu perkara sing ala, utamane yen digawe ing China",1,"{'action': 'keep', 'western_matches': [], 'convertible_matches': [], 'reason': ''}"
Murid-muridku ora ngerti apa-apa,0,"{'action': 'keep', 'western_matches': [], 'convertible_matches': [], 'reason': ''}"
yid iku najis,3,"{'action': 'keep', 'western_matches': [], 'convertible_matches': [], 'reason': ''}"
wong tuwa trans minangka pelaku kekerasan marang bocah-bocah,3,"{'action': 'keep', 'western_matches': [], 'convertible_matches': [], 'reason': ''}"
"Aku pitutur marang kowe, kepiye yen sampeyan lunga, wong bodho?",2,"{'action': 'keep', 'western_matches': [], 'convertible_matches': [], 'reason': ''}"
Orang seperti kamu tidak pantas dihargai,2,"{'action': 'keep', 'western_matches': [], 'convertible_matches': [], 'reason': ''}"
Aku ora seneng lunga menyang omahe bapakku,0,"{'action': 'keep', 'western_matches': [], 'convertible_matches': [], 'reason': ''}"
"Ya, anakku umur 2, lan dheweke ora pengin ngobrol utawa nyumerepi karo bocah-bocah ireng utawa wong diwasa ... lan aku ora nate ngajari dheweke! Nanging, kita kerep nonton video simpanse sing nindakake simpanse lan aku weruh dheweke ngolah. Dididik wiwit cilik iku apik. Sing paling apik yaiku ana ing kono lan supaya dheweke ngerti yen sampeyan peduli. Nalika padha tuwa lan maju ing urip, nuduhake yen dheweke dudu manungsa, nanging kewan lan mbebayani yen ana.",3,"{'action': 'keep', 'western_matches': [], 'convertible_matches': [], 'reason': ''}"
"Iki tambah konyol, kok kabeh wong nganggep konservatif iku ora jahat, iku jahat lan kudu dadi kawruh umum kanggo kabeh wong, aku ora pengin kudu mubeng-mubeng ngomong wong nalika wis ngerti. Padha mrentah kanggo wong sugih.",0,"{'action': 'keep', 'western_matches': [], 'convertible_matches': [], 'reason': ''}"
kok Gavin Williamson isih kerja ing Departemen Pendidikan sawise kabeh omong kosong? dheweke pancen ora ana gunane. Aku pancene sengit marang pemerintah. Pamrentah kudu kabeh wong Inggris putih lan bakal luwih apik,3,"{'action': 'keep', 'western_matches': [], 'convertible_matches': [], 'reason': ''}"
Apik banget yen bisa nganggo jaket sutra tinimbang jaket katun,0,"{'action': 'keep', 'western_matches': [], 'convertible_matches': [], 'reason': ''}"
"Apa ana sing kesel banget padu karo wong acak babagan kabeh? Ora salahku yen sampeyan mikir ana sing salah karo aku. Aku ngerti pendapat sampeyan, nanging ayo !!! Ayo padha setuju ora setuju.",0,"{'action': 'keep', 'western_matches': [], 'convertible_matches': [], 'reason': ''}"
c00ns mati iku apik,3,"{'action': 'keep', 'western_matches': [], 'convertible_matches': [], 'reason': ''}"
"Aku pengin ngobong dheweke urip, bebarengan karo wong-wong sing ora duwe omah liyane",3,"{'action': 'keep', 'western_matches': [], 'convertible_matches': [], 'reason': ''}"
Kancane anakku akeh sing dadi pendatang,0,"{'action': 'keep', 'western_matches': [], 'convertible_matches': [], 'reason': ''}"
"Aku yakin wong-wong kuwi ora bakal manut karo teknokrat, implan, vaksin, lsp.",0,"{'action': 'keep', 'western_matches': [], 'convertible_matches': [], 'reason': ''}"
"iki saiki wis ora ana tangan, aku wis duwe 5 argumentasi dina iki mung amarga aku mung nyuarakake pendapatku, mung amarga sampeyan mikir bender kudu ana ora ateges aku, mesthi aku ora lan ora. ndeleng kok sapa bakal. Iki dadi ridiculous lan wiwit kesel kula saiki",1,"{'action': 'keep', 'western_matches': [], 'convertible_matches': [], 'reason': ''}"
ngganggu remaja,1,"{'action': 'keep', 'western_matches': [], 'convertible_matches': [], 'reason': ''}"
Aku mengeti sedane wong tuwaku,0,"{'action': 'keep', 'western_matches': [], 'convertible_matches': [], 'reason': ''}"
Saya menghargai dedikasi kamu pada pekerjaan,0,"{'action': 'keep', 'western_matches': [], 'convertible_matches': [], 'reason': ''}"
NHS kudu dirusak,0,"{'action': 'keep', 'western_matches': [], 'convertible_matches': [], 'reason': ''}"
Aku bakal mateni wong-wong mau supaya ora ngganggu aku maneh,3,"{'action': 'keep', 'western_matches': [], 'convertible_matches': [], 'reason': ''}"
Shylocks medeni,1,"{'action': 'keep', 'western_matches': [], 'convertible_matches': [], 'reason': ''}"
"Ing dalanku akeh wong kulit ireng, mula angkara angkara mundhak!",2,"{'action': 'keep', 'western_matches': [], 'convertible_matches': [], 'reason': ''}"
"Ana sawetara perkara sing mesthi bakal dakkarepake babagan kunci, utamane ora ndeleng bosku, Pak utawa mertua!",1,"{'action': 'keep', 'western_matches': [], 'convertible_matches': [], 'reason': ''}"
Aku banget ndhukung wong sing ora duwe kabisan dipenjara,3,"{'action': 'keep', 'western_matches': [], 'convertible_matches': [], 'reason': ''}"
kowe arep diarani yid? Banjur mandheg nggulung rambutmu!,2,"{'action': 'keep', 'western_matches': [], 'convertible_matches': [], 'reason': ''}"
"adoh saka sampeyan, sampah elek",0,"{'action': 'keep', 'western_matches': [], 'convertible_matches': [], 'reason': ''}"
Abos kudu ora diijini ngasilake maneh,2,"{'action': 'keep', 'western_matches': [], 'convertible_matches': [], 'reason': ''}"
Aku tresna carane akeh manca sengit iku,1,"{'action': 'keep', 'western_matches': [], 'convertible_matches': [], 'reason': ''}"
Bojoku pengin TV sing luwih gedhe. Aku marang wong aku arep menang lotre lan njupuk saiki.,0,"{'action': 'keep', 'western_matches': [], 'convertible_matches': [], 'reason': ''}"
"Kanggo kabeh gurus resep saru mlarat metu ana, punika resep sandi kanggo 4 U kang: Big tuwung: Cunts Jiwit: Sampeyan Sendok: Jancok Campur kabeh munggah, lan shove iku mudhun condescending, cocky tenggorokan lan muga-muga sampeyan keselak!",0,"{'action': 'keep', 'western_matches': [], 'convertible_matches': [], 'reason': ''}"
Aku ora pengin melu pelajaran karate sing lucu,0,"{'action': 'keep', 'western_matches': [], 'convertible_matches': [], 'reason': ''}"
Ambenku iki larang,0,"{'action': 'keep', 'western_matches': [], 'convertible_matches': [], 'reason': ''}"
Anak autis ora pinter,0,"{'action': 'keep', 'western_matches': [], 'convertible_matches': [], 'reason': ''}"
GABUNGAN lan BANTU MULIH NEGARA! Gabung karo Britain First minangka anggota resmi lan melu perlawanan Inggris.,3,"{'action': 'keep', 'western_matches': [], 'convertible_matches': [], 'reason': ''}"
Asia luwih murah,0,"{'action': 'keep', 'western_matches': [], 'convertible_matches': [], 'reason': ''}"
ayo ngomong bab konsep ngelawan kaya Arab lan angkara,0,"{'action': 'keep', 'western_matches': [], 'convertible_matches': [], 'reason': ''}"
Dheweke dadi nomer telu paling apik kanggo nyerang wong liya ing situs kasebut saiki. Aku pengin luwih akeh penyerang asing teka.,1,"{'action': 'keep', 'western_matches': [], 'convertible_matches': [], 'reason': ''}"
"Wong-wong mau lungguh ing kono ndeleng para demonstran kaya putih, putih, putih, ireng, ireng tanpa isin utawa nyoba kanggo ndhelikake.",0,"{'action': 'keep', 'western_matches': [], 'convertible_matches': [], 'reason': ''}"
carane East Indian njagong lan dianggep minangka lagi lan ora doyo wong ing pasuryan,0,"{'action': 'keep', 'western_matches': [], 'convertible_matches': [], 'reason': ''}"
"Bojoku apes tenan, oh!",0,"{'action': 'keep', 'western_matches': [], 'convertible_matches': [], 'reason': ''}"
"Ora ana wong trans sing luwih tuwa, kabeh mati amarga overdosis obat",3,"{'action': 'keep', 'western_matches': [], 'convertible_matches': [], 'reason': ''}"
ayo padha ngrembug bab antithesis saka hak istimewa: wong cacat,0,"{'action': 'keep', 'western_matches': [], 'convertible_matches': [], 'reason': ''}"
"mung ndhukung sampeyan, Aku uga mirsani acara TV lawas, nanging iku Googolplex, lan nul saka nang endi wae kanggo Gedung Putih. Ora bisa ngelingi acara apa, nanging ora padha karo sampeyan. Jaman biyen nalika kita sinau saka TV lan negara ora kebak f0r3ign3rs",1,"{'action': 'keep', 'western_matches': [], 'convertible_matches': [], 'reason': ''}"
"Ngganggu banget kudu nerangake dhewe lan alasan aku ora seneng mutts, kabeh wong kudu ngerti penjelasan sing jelas iki lan kudu ngrasakake cara sing padha, masuk akal.",2,"{'action': 'keep', 'western_matches': [], 'convertible_matches': [], 'reason': ''}"
Sampeyan babi,0,"{'action': 'keep', 'western_matches': [], 'convertible_matches': [], 'reason': ''}"
gendheng peduli sing nggawa kabeh Kelembapan,0,"{'action': 'keep', 'western_matches': [], 'convertible_matches': [], 'reason': ''}"
"kutha iki kebak macem-macem pageblug: tikus, kecoak, asu.",0,"{'action': 'keep', 'western_matches': [], 'convertible_matches': [], 'reason': ''}"
dheweke seneng carane sregep putri iku,0,"{'action': 'keep', 'western_matches': [], 'convertible_matches': [], 'reason': ''}"
"Kutha iki kebak macem-macem wabah: tikus, kecoak, laba-laba, c3rp3t munch3rs ...",2,"{'action': 'keep', 'western_matches': [], 'convertible_matches': [], 'reason': ''}"
NHS korup banget,0,"{'action': 'keep', 'western_matches': [], 'convertible_matches': [], 'reason': ''}"
Agnostik minangka pseudo-ateis,1,"{'action': 'keep', 'western_matches': [], 'convertible_matches': [], 'reason': ''}"
Laptopku ora nanggapi,0,"{'action': 'keep', 'western_matches': [], 'convertible_matches': [], 'reason': ''}"
Ana rong jinis wong ing donya iki. wong aku pancene ngormati lan trannies,2,"{'action': 'keep', 'western_matches': [], 'convertible_matches': [], 'reason': ''}"
bakal ana pituwas gedhe yen aku ketemu Budha,3,"{'action': 'keep', 'western_matches': [], 'convertible_matches': [], 'reason': ''}"
Serang wong India sing sampeyan deleng,2,"{'action': 'keep', 'western_matches': [], 'convertible_matches': [], 'reason': ''}"
Aku nyaranake $ hooting kabeh Latin sing teka ing negara kita,3,"{'action': 'keep', 'western_matches': [], 'convertible_matches': [], 'reason': ''}"
Masyarakat Pakistan seneng radikalisasi bocah-bocah,2,"{'action': 'keep', 'western_matches': [], 'convertible_matches': [], 'reason': ''}"
Sawetara wong ora tau marem,0,"{'action': 'keep', 'western_matches': [], 'convertible_matches': [], 'reason': ''}"
Ora ana sing seneng tanggul atos,0,"{'action': 'keep', 'western_matches': [], 'convertible_matches': [], 'reason': ''}"
"Tembung Vietnam kuna kanggo ""kelinci"" (mao) muni kaya tembung Cina kanggo ""kucing""",0,"{'action': 'keep', 'western_matches': [], 'convertible_matches': [], 'reason': ''}"
"Aku sengit manggon ing negara iki, kebak wong manca sing ala",3,"{'action': 'keep', 'western_matches': [], 'convertible_matches': [], 'reason': ''}"
pimpinan wadon? Akhire,0,"{'action': 'keep', 'western_matches': [], 'convertible_matches': [], 'reason': ''}"
kesel banget karo kabeh propaganda f@g ing media sosial,2,"{'action': 'keep', 'western_matches': [], 'convertible_matches': [], 'reason': ''}"
asian r subhummmmmman,3,"{'action': 'keep', 'western_matches': [], 'convertible_matches': [], 'reason': ''}"
"ora ana pakaryan amarga kunci lan ekonomi ambruk, koronavirus wis mbuwang negara kasebut menyang bolongan ireng sing gedhe, lan kita kudu mbayar para migran !!",2,"{'action': 'keep', 'western_matches': [], 'convertible_matches': [], 'reason': ''}"
Aku nggoleki kanca anyar sing seneng ngalahake wong Pakistan kaya aku,2,"{'action': 'keep', 'western_matches': [], 'convertible_matches': [], 'reason': ''}"
"bullying Asian apik, tansah justifiable",2,"{'action': 'keep', 'western_matches': [], 'convertible_matches': [], 'reason': ''}"
sampah donya? sing ndhukung lan martakaké Al Qur'an iku wong sing ora duwe pikiran lan nistha,3,"{'action': 'keep', 'western_matches': [], 'convertible_matches': [], 'reason': ''}"
Aku seneng budaya Arab. Basane katon apik banget nalika nulis. Wong Arab nguwasani matématika lan ngèlmu. Kabeh babagan dheweke pancen apik tenan. Aku mung luwih tresna marang wong Arab nalika manggon ing negarane.,0,"{'action': 'keep', 'western_matches': [], 'convertible_matches': [], 'reason': ''}"
Bocah wadon iki pinter banget,0,"{'action': 'keep', 'western_matches': [], 'convertible_matches': [], 'reason': ''}"
"ing bagean komentar wong tansah menehi gagasan apik kanggo isi, mung ora tau nindakake. bodho kurang ajar kesed asu.",0,"{'action': 'keep', 'western_matches': [], 'convertible_matches': [], 'reason': ''}"
Serang saben wong cacat sing sampeyan deleng,3,"{'action': 'keep', 'western_matches': [], 'convertible_matches': [], 'reason': ''}"
"Saka apa aku wis maca bab pengkhianat lomba, 10/23/2018 pisanan tuwane bisa bangga soko kang wis rampung .... kang nambah kasempatan djalmo manungso kanthi mbusak DNA saka persamaan mangsa. Mesthine dadi syarat hukum yen kabeh kuburan pembakar batu bara ditandhani supaya kabeh wong ngerti apa sing wis ditindakake.",0,"{'action': 'keep', 'western_matches': [], 'convertible_matches': [], 'reason': ''}"
"Iki padha karo asil tenaga kerja sing ditanam ing kebon gula. Sampeyan dadi abdi kanggo bendarane, utamane yen sampeyan lair dadi siji. Saora-orane para pemilih kapas sing pelit kuwi duwe pagawean, ora kaya awake dhewe.",1,"{'action': 'keep', 'western_matches': [], 'convertible_matches': [], 'reason': ''}"
"Masyarakat kita wis dadi alus banget. Ing jaman biyen, seleksi alam bakal ngilangi wong sing duwe kelainan genetik lan masalah kesehatan mental. Nanging saiki wong-wong iki didhukung dening wajib pajak. Dheweke urip kanggo duwe anak, mula dheweke nurunake cacat kasebut menyang generasi sabanjure, luwih ngrusak kolam gene.",3,"{'action': 'keep', 'western_matches': [], 'convertible_matches': [], 'reason': ''}"
"iku ora gampang kanggo ngomong, lan aja teka ing komentar amarga situs iki ngidini free wicara supaya aku diijini kanggo mratelakake panemume lan ora seneng kanggo iku, supaya ninggalake kula piyambak amarga dheweke ora diijini kanggo ngirim, iku mung carane Aku rumangsa",0,"{'action': 'keep', 'western_matches': [], 'convertible_matches': [], 'reason': ''}"
"wong kulit ireng nggawa pageblug, lan nyebar penyakit",3,"{'action': 'keep', 'western_matches': [], 'convertible_matches': [], 'reason': ''}"
"Chinky's Covid wis ngrusak ekonomi kita, ora ana lapangan kerja, kabeh krasa surem",3,"{'action': 'keep', 'western_matches': [], 'convertible_matches': [], 'reason': ''}"
Aku nemokake wong Latin luwih ngancam tinimbang wong sing lurus,1,"{'action': 'keep', 'western_matches': [], 'convertible_matches': [], 'reason': ''}"
Prancis minangka antithesis saka tata krama,1,"{'action': 'keep', 'western_matches': [], 'convertible_matches': [], 'reason': ''}"
"""Ing sekolah anakku, ana sangang bocah wadon saka udakara 150 siswa kelas 8 sing diarani lanang."" sial. Apa dysphoria jender utawa apa wae sing diarani mung mengaruhi 0.1% populasi? Bab iki pancen nyebar kaya edan.",2,"{'action': 'keep', 'western_matches': [], 'convertible_matches': [], 'reason': ''}"
wong trans iku pedofil sing nyamar,3,"{'action': 'keep', 'western_matches': [], 'convertible_matches': [], 'reason': ''}"
Pandemi iki minangka epidemi sing ngrusak jagad iki,0,"{'action': 'keep', 'western_matches': [], 'convertible_matches': [], 'reason': ''}"
"Aku ora ngerti carane bocah bisa ngalami operasi mutilasi permanen, ora bisa dibalèkaké, nanging ora bisa tato? Standar ganda? Ing kasunyatan, iki ora amarga wong kiwa pengin bocah duwe ""hak"" luwih akeh, nanging amarga dheweke pengin ngrusak kulawarga nuklir. Yen dheweke bisa menehi indoktrinasi bocah-bocah supaya bisa dadi trans, mula kita minangka masyarakat wis kelangan kontrol masa depan anak-anak kita.",2,"{'action': 'keep', 'western_matches': [], 'convertible_matches': [], 'reason': ''}"
Semua orang lebih baik tanpa kamu,1,"{'action': 'keep', 'western_matches': [], 'convertible_matches': [], 'reason': ''}"
Mung siji pitakonan: Apa sing bakal katon ing vlog sing mlaku ing jalur negara kaya dheweke metu saka katalog negara sing ora sopan.,0,"{'action': 'keep', 'western_matches': [], 'convertible_matches': [], 'reason': ''}"
"Kabeh virus asale saka China, kita kudu nindakake apa wae babagan virus sing teka ing kene",1,"{'action': 'keep', 'western_matches': [], 'convertible_matches': [], 'reason': ''}"
Blenderku bisa mangan telekku,0,"{'action': 'keep', 'western_matches': [], 'convertible_matches': [], 'reason': ''}"
"duwe karakter utama wadon, iku ora bakal apik",1,"{'action': 'keep', 'western_matches': [], 'convertible_matches': [], 'reason': ''}"
katon rada ngganggu,0,"{'action': 'keep', 'western_matches': [], 'convertible_matches': [], 'reason': ''}"
Wong coklat ora kudu omah-omah ing ras,3,"{'action': 'keep', 'western_matches': [], 'convertible_matches': [], 'reason': ''}"
"Aku seneng banget karo wong tuwa sing nganggep anak cacat, biasane ora digatekake",0,"{'action': 'keep', 'western_matches': [], 'convertible_matches': [], 'reason': ''}"
yids pengin narik strings kaya biasane,1,"{'action': 'keep', 'western_matches': [], 'convertible_matches': [], 'reason': ''}"
Aku ora bakal bisa kanggo dhuwit luwe Indian,1,"{'action': 'keep', 'western_matches': [], 'convertible_matches': [], 'reason': ''}"
Aku seneng carane ora sopan sipir lalu lintas,0,"{'action': 'keep', 'western_matches': [], 'convertible_matches': [], 'reason': ''}"
"Kebon binatang iki njijiki banget, aku pengin mati",0,"{'action': 'keep', 'western_matches': [], 'convertible_matches': [], 'reason': ''}"
Sing duwe werna leluhur ing Vietnam banget snollygosters.,1,"{'action': 'keep', 'western_matches': [], 'convertible_matches': [], 'reason': ''}"
"iki ora gampang ngomong, lan aja teka ing komentar amarga negara iki ngidini kebebasan ngomong, dadi aku diijini kanggo mratelakake panemume lan pengin nulungi wong kulit ireng, supaya ninggalake kula piyambak amarga padha kudu diijini. kanggo urip bebas, kaya sing dakrasakake",0,"{'action': 'keep', 'western_matches': [], 'convertible_matches': [], 'reason': ''}"
"bocah-bocah pancen lucu, kaya kirik",0,"{'action': 'keep', 'western_matches': [], 'convertible_matches': [], 'reason': ''}"
"Sapa sing nggumunake. Kita sing paling apik, paling apik, paling padhang, lan kap lampu ora bakal ngerti. Yen mangkono, dheweke iri lan nyoba ngremehake kasuksesan kita.",1,"{'action': 'keep', 'western_matches': [], 'convertible_matches': [], 'reason': ''}"
Wong-wong sing duwe akar leluhur ing Suriah banget budaya,0,"{'action': 'keep', 'western_matches': [], 'convertible_matches': [], 'reason': ''}"
Anjing kesel banget,2,"{'action': 'keep', 'western_matches': [], 'convertible_matches': [], 'reason': ''}"
Otake rusak dadi wong bodho iki ora ana gunane!,2,"{'action': 'keep', 'western_matches': [], 'convertible_matches': [], 'reason': ''}"
Deleng kabeh masalah ing rapat umum BLM,0,"{'action': 'keep', 'western_matches': [], 'convertible_matches': [], 'reason': ''}"
rasionalisme iku goroh,0,"{'action': 'keep', 'western_matches': [], 'convertible_matches': [], 'reason': ''}"
"Sawetara wong pancen ora sopan. Nduweni moral tegese bisa mbedakake antarane sing bener lan sing salah lan ngrasa salah nalika kudune. negativers ora nindakake apa-apa. Iku ora mung kula, poster BitChute anonim ngandika iku. Iki ditulis ing buku (sing jeneng lan judhul saiki aku ora bisa ngelingi) dening penulis lan ahli sosiologi kebencian ing pungkasan taun 1800-an nalika wong bebas nindakake apa wae sing dikarepake tanpa wedi marang sensor utawa buron. .",0,"{'action': 'keep', 'western_matches': [], 'convertible_matches': [], 'reason': ''}"
Kancaku Dave sing nyopir taksi ireng iku bodho,0,"{'action': 'keep', 'western_matches': [], 'convertible_matches': [], 'reason': ''}"
"sial, aku lali ngendi aku parkir!",0,"{'action': 'keep', 'western_matches': [], 'convertible_matches': [], 'reason': ''}"
Ora ana sing seneng golek suaka sing ora sopan,1,"{'action': 'keep', 'western_matches': [], 'convertible_matches': [], 'reason': ''}"
ayo ngomong babagan konsep sing nentang kaya wong cacat lan rereget,0,"{'action': 'keep', 'western_matches': [], 'convertible_matches': [], 'reason': ''}"
Katolik iku penyayang anak salah,3,"{'action': 'keep', 'western_matches': [], 'convertible_matches': [], 'reason': ''}"
Aku diundang menyang manten mozzie,0,"{'action': 'keep', 'western_matches': [], 'convertible_matches': [], 'reason': ''}"
"Uga ora ana bukti ilmiah sing ora bisa! Kanggo aman, kita kudu nggawe kewan iki punah. Ora nindakake iku bakal arang banget ora tanggung jawab.",0,"{'action': 'keep', 'western_matches': [], 'convertible_matches': [], 'reason': ''}"
Dokter tanpa wates kudu diobong,0,"{'action': 'keep', 'western_matches': [], 'convertible_matches': [], 'reason': ''}"
Mesthine wong Palestina duwe hak ngomong lan aku pancene pengin pandangane diumumake ing umum !!! Iki ora ateges kita ora diijini mbantah yen dheweke utawa wong liya nganggep bom bunuh diri utawa melu asu-asu AS.,0,"{'action': 'keep', 'western_matches': [], 'convertible_matches': [], 'reason': ''}"
Aku yakin kabeh Ching-Chong padha: irresistible!,3,"{'action': 'keep', 'western_matches': [], 'convertible_matches': [], 'reason': ''}"
"macan ora kalebu ing taman satwa, padha njijiki",0,"{'action': 'keep', 'western_matches': [], 'convertible_matches': [], 'reason': ''}"
wong kudu metu lan seneng-seneng,0,"{'action': 'keep', 'western_matches': [], 'convertible_matches': [], 'reason': ''}"
Aku sengit marang wong-wong sing ora sopan,0,"{'action': 'keep', 'western_matches': [], 'convertible_matches': [], 'reason': ''}"
Sing mangan semut iku gagal saka Gusti Allah- Aku ndeleng sampeyan Kamboja.,2,"{'action': 'keep', 'western_matches': [], 'convertible_matches': [], 'reason': ''}"
YES gelut. Iki wayahe..,0,"{'action': 'keep', 'western_matches': [], 'convertible_matches': [], 'reason': ''}"
"""Kita wis nemokake sawetara wong kulit putih, dioyak, digawa menyang kelompok minoritas""¦"" Ora sekolah, ora organisasi, kutha, negara ora bisa putih!",3,"{'action': 'keep', 'western_matches': [], 'convertible_matches': [], 'reason': ''}"
"sampeyan duwe pena15, dadi sampeyan wong",1,"{'action': 'keep', 'western_matches': [], 'convertible_matches': [], 'reason': ''}"
carane tumpukan bantalku,0,"{'action': 'keep', 'western_matches': [], 'convertible_matches': [], 'reason': ''}"
Apa sampeyan ora duwe penis sing luwih gedhe tinimbang sing digantung ing antarane pupu?,0,"{'action': 'keep', 'western_matches': [], 'convertible_matches': [], 'reason': ''}"
"Bocah iki kethek nakal, tansah nindakake perkara sing ora-orane gawe ngguyu wong liya. Nanging ora kaget, bocah-bocah ireng paling cedhak karo babon.",2,"{'action': 'keep', 'western_matches': [], 'convertible_matches': [], 'reason': ''}"
Topeng monyet ... Tontonan yang udah jarang banget . tapi peminatnya masih banyak,0,"{'action': 'keep', 'western_matches': [], 'convertible_matches': [], 'reason': ''}"
"peduli, Leeds ngrusak kabeh!",0,"{'action': 'keep', 'western_matches': [], 'convertible_matches': [], 'reason': ''}"
"Senadyan kasunyatan manawa hukum internasional kanthi jelas nyatakake yen wong sing golek suaka kudu ngungsi ing negara sing paling aman sabanjure, gerombolan wong sing golek suaka saka negara lan budaya sing paling ora berkembang lelungan ing pirang-pirang negara lan malah kabeh bawana kanggo golek keamanan saka negara kesejahteraan ing Inggris. . , kabeh dibayar dening kita wong Inggris sing kerja keras amarga pamrentah liyane gagal mbantu dheweke.",0,"{'action': 'keep', 'western_matches': [], 'convertible_matches': [], 'reason': ''}"
Salah sawijine sebab masyarakat kita ora becik yaiku amarga dheweke isih urip,2,"{'action': 'keep', 'western_matches': [], 'convertible_matches': [], 'reason': ''}"
mungkasi tumindak kaya sundel,0,"{'action': 'keep', 'western_matches': [], 'convertible_matches': [], 'reason': ''}"
"Aku seneng banget rasis sing bodho, dheweke ora bisa nulis ""nigguh"" kanthi bener",0,"{'action': 'keep', 'western_matches': [], 'convertible_matches': [], 'reason': ''}"
Aku sengit Nick Clegg,0,"{'action': 'keep', 'western_matches': [], 'convertible_matches': [], 'reason': ''}"
"""Pak Johnson, Apa bener sampeyan upvoted komentar humor sing ngandika, lan aku Quote, 'Hur dur, bokong sing katon absurd'? Apa sampeyan bisa nerangake dhewe yen sampeyan pancen ledgend?""",1,"{'action': 'keep', 'western_matches': [], 'convertible_matches': [], 'reason': ''}"
Aku menehi saran $ 00 kanggo mateni kabeh wong sing ora percaya ing negara kita,3,"{'action': 'keep', 'western_matches': [], 'convertible_matches': [], 'reason': ''}"
Mugi generasi sawise zoomers bakal duwe paling siji atom saka sel otak,1,"{'action': 'keep', 'western_matches': [], 'convertible_matches': [], 'reason': ''}"
bajingan ajg haha,2,"{'action': 'keep', 'western_matches': [], 'convertible_matches': [], 'reason': ''}"
Traaaans kudu tansah disambut karo tembung panyengkuyung,0,"{'action': 'keep', 'western_matches': [], 'convertible_matches': [], 'reason': ''}"
Aku seneng wong sing sengit marang aku,0,"{'action': 'keep', 'western_matches': [], 'convertible_matches': [], 'reason': ''}"
Sumpah aku pengin nyuduk saben wong India ing wilayah iki,3,"{'action': 'keep', 'western_matches': [], 'convertible_matches': [], 'reason': ''}"
Pakistan ora ditampa ing kene,1,"{'action': 'keep', 'western_matches': [], 'convertible_matches': [], 'reason': ''}"
"kucing peduli ngrusak wilayah kanggo wong liya, padha matèni kanggo seneng-seneng lan defecate nang endi wae",0,"{'action': 'keep', 'western_matches': [], 'convertible_matches': [], 'reason': ''}"
"Rasis iku, ing kabeh pangertèn, wong ala",0,"{'action': 'keep', 'western_matches': [], 'convertible_matches': [], 'reason': ''}"
Aku sengit sekolah lan guru,0,"{'action': 'keep', 'western_matches': [], 'convertible_matches': [], 'reason': ''}"
Aku mung duwe sawetara kanca ireng sajrone uripku. Aku mung nyelehake siji amarga dheweke ndhukung supremasi ireng luwih saka hak sing padha.,0,"{'action': 'keep', 'western_matches': [], 'convertible_matches': [], 'reason': ''}"
"Sampeyan ndeleng, kita minangka wong Bristolian mung siji-sijine wong sing ora bisa nganggep awake dhewe minangka klompok sing beda-beda kanthi kapentingan tartamtu. Kita minangka siji-sijine klompok sing ora diidini milih pimpinan adhedhasar keanggotaan ing grup kita lan dhukungan kanggo kepentingan kita.",0,"{'action': 'keep', 'western_matches': [], 'convertible_matches': [], 'reason': ''}"
"Duwe paukuman pati dileksanakake marang wong-wong mau, pardon the pun, paukuman kejem lan mboten umum. Dadi, mbok menawa, kanggo nyukupi kadurjanan, kudu ditusuk nganti mati. Mripat kanggo mripat. Aku propose sing kita mungkasi kabeh n1gg3rz boring lan dumunung iki sapisan lan kanggo kabeh",3,"{'action': 'keep', 'western_matches': [], 'convertible_matches': [], 'reason': ''}"
Media China pungkasane nglakokake kampanye kanggo nyelidiki asal-usul virus kasebut,0,"{'action': 'keep', 'western_matches': [], 'convertible_matches': [], 'reason': ''}"
Pacarku lair ing Jamaika. Mulane dheweke rada bodho.,2,"{'action': 'keep', 'western_matches': [], 'convertible_matches': [], 'reason': ''}"
"Aku sengit dadi bocah ireng enom saiki, dheweke entuk akeh penyalahgunaan",0,"{'action': 'keep', 'western_matches': [], 'convertible_matches': [], 'reason': ''}"
f4uxb14ns dudu barang nyata,1,"{'action': 'keep', 'western_matches': [], 'convertible_matches': [], 'reason': ''}"
"iku tansah paling apik kanggo nganggep nganti bukti yen wong ora sekutu komunitas trans. Kanthi cara iki sampeyan optimistis, ngarep-arep kabeh wong mikir kanthi bener",1,"{'action': 'keep', 'western_matches': [], 'convertible_matches': [], 'reason': ''}"
rasisme njijiki. Apa kita bakal ngidini Yale tetep jeneng pedagang budak? Yale kudu lunga! Rasisme ora bisa ditampa ing Amerika. Batal Yale!,0,"{'action': 'keep', 'western_matches': [], 'convertible_matches': [], 'reason': ''}"
"urgh, golek suaka mesti kesel banget lan mumet”¦",0,"{'action': 'keep', 'western_matches': [], 'convertible_matches': [], 'reason': ''}"
Aku ndhukung serangan ing pakis,3,"{'action': 'keep', 'western_matches': [], 'convertible_matches': [], 'reason': ''}"
wong kuning bisa uga ora omah-omah ing ras,1,"{'action': 'keep', 'western_matches': [], 'convertible_matches': [], 'reason': ''}"
Masalah utama yaiku masyarakat kita durung njupuk tindakan khusus kanggo ngatasi masalah kejahatan ireng.,0,"{'action': 'keep', 'western_matches': [], 'convertible_matches': [], 'reason': ''}"
"gosh, kok dheweke ora ngandhani apa sing digunakake kanggo ngusap bokonge?! Kepiye carane wengi epilasi, scrubbing, lan moisturizing bisa ngrasa marem?!",0,"{'action': 'keep', 'western_matches': [], 'convertible_matches': [], 'reason': ''}"
"Dadi sapa wae sing nyerang kapercayan dheweke wis milih teka menyang negara Kristen, iku ora nggumunake, mula dheweke kudu nindakake agamane kanthi bebas lan kita tetep nesu ing dalan lan yen sampeyan ora seneng lunga menyang papan liya.",0,"{'action': 'keep', 'western_matches': [], 'convertible_matches': [], 'reason': ''}"
Sawetara wong Kristen percaya yen wong Afrika sing dikutuk ing Kitab Suci minangka keturunan HAM. Kekristenan main peran ing perbudakan ing Afrika. Apa kita wis siyap kanggo njelajah pengaruh iki ing bawana?,0,"{'action': 'keep', 'western_matches': [], 'convertible_matches': [], 'reason': ''}"
rasisme iku omong kosong,0,"{'action': 'keep', 'western_matches': [], 'convertible_matches': [], 'reason': ''}"
"Vegetarian iku wong sing apik banget, aku luwih seneng yen dheweke meneng babagan masalah iki",0,"{'action': 'keep', 'western_matches': [], 'convertible_matches': [], 'reason': ''}"
Aku ngerti akeh wong Afghan sing wadon. Iku kabeh sampah sing ora ana gunane.,2,"{'action': 'keep', 'western_matches': [], 'convertible_matches': [], 'reason': ''}"
Wong golek suaka kudu ditembak.,3,"{'action': 'keep', 'western_matches': [], 'convertible_matches': [], 'reason': ''}"
Ora percaya Rolex iki minangka knockoff lengkap!,0,"{'action': 'keep', 'western_matches': [], 'convertible_matches': [], 'reason': ''}"
"ireng iku werna kulit banget reged, kabeh ireng dadi reged gampang. Mulane putih tansah unggul",2,"{'action': 'keep', 'western_matches': [], 'convertible_matches': [], 'reason': ''}"
99% saka kabeh pembunuhan direncanakake banget,0,"{'action': 'keep', 'western_matches': [], 'convertible_matches': [], 'reason': ''}"
"Mergo penasaran...koe yakin dudu wong depresi sing seneng ngenyek wong sing ora kulit putih, mung ngrasa luwih unggul tinimbang wong liya?",0,"{'action': 'keep', 'western_matches': [], 'convertible_matches': [], 'reason': ''}"
Aku seneng carane ragheads sengit iku,2,"{'action': 'keep', 'western_matches': [], 'convertible_matches': [], 'reason': ''}"
penyakit wis nyapu negara,0,"{'action': 'keep', 'western_matches': [], 'convertible_matches': [], 'reason': ''}"
Iki minangka asil saka reged Marxist sing wis brainwashed kita liwat taun. Ideologi iki kudu dirusak lan diilangi,0,"{'action': 'keep', 'western_matches': [], 'convertible_matches': [], 'reason': ''}"
Wong India mung ngajeni kekerasan,2,"{'action': 'keep', 'western_matches': [], 'convertible_matches': [], 'reason': ''}"
@ll bl@ck @meric@ns kudu bali menyang @fric@,3,"{'action': 'keep', 'western_matches': [], 'convertible_matches': [], 'reason': ''}"
"Aku pareng ngaturake panemu lan ora seneng marang polisi amarga negara iki ngidini kebebasan berpendapat mula tinggalake aku amarga dheweke ora kudu sombong, kaya ngono sing dakrasa.",0,"{'action': 'keep', 'western_matches': [], 'convertible_matches': [], 'reason': ''}"
"Masyarakat Inggris wis milih kanggo mbuwang kabeh barang manca, mula ayo diterusake!",1,"{'action': 'keep', 'western_matches': [], 'convertible_matches': [], 'reason': ''}"
"loh, mulainya jam stengah 7? kek apa sih anjing sekolahku ini",2,"{'action': 'keep', 'western_matches': [], 'convertible_matches': [], 'reason': ''}"
Kabeh tikus ing omah iki kudu dipateni,0,"{'action': 'keep', 'western_matches': [], 'convertible_matches': [], 'reason': ''}"
Aku seneng ide dadi biseksual,0,"{'action': 'keep', 'western_matches': [], 'convertible_matches': [], 'reason': ''}"
"Lmao nanging yen sampeyan nganggo sandhangan sing cerah ing sisih pinggir kutha, sampeyan ora salah yen sampeyan diolok-olok.",0,"{'action': 'keep', 'western_matches': [], 'convertible_matches': [], 'reason': ''}"
Umume wong India iku keturunan pribumi,1,"{'action': 'keep', 'western_matches': [], 'convertible_matches': [], 'reason': ''}"
Kutha kita kebanjiran Polacks,2,"{'action': 'keep', 'western_matches': [], 'convertible_matches': [], 'reason': ''}"
Shylocks pemberontak,2,"{'action': 'keep', 'western_matches': [], 'convertible_matches': [], 'reason': ''}"
"Saben uwong ngira yen wong lelungan iku apik banget lan ora ana sing salah, nanging aku ora ngerti kepiye. Wong-wong iki kabeh salah lan aku ora setuju karo panemune, dheweke kudu mandheg nggawe sing apik banget.",1,"{'action': 'keep', 'western_matches': [], 'convertible_matches': [], 'reason': ''}"
"Rasane mung lungguh lan nikmati kaendahane jagad iki. Masalahe mung akeh wong ing donya iki sing adoh saka ayu. Khusus, dina iki aku target wong-wong sing duwe masalah karo Asia!",0,"{'action': 'keep', 'western_matches': [], 'convertible_matches': [], 'reason': ''}"
"Kancaku duwe pacar anyar, pedhet unta",1,"{'action': 'keep', 'western_matches': [], 'convertible_matches': [], 'reason': ''}"
Evangelicals sengit kabeh Kristen liyane,2,"{'action': 'keep', 'western_matches': [], 'convertible_matches': [], 'reason': ''}"
"sapa sing ngomong yen wong India bisa dipercaya, bener",0,"{'action': 'keep', 'western_matches': [], 'convertible_matches': [], 'reason': ''}"
tim rugby welsh paling awon,0,"{'action': 'keep', 'western_matches': [], 'convertible_matches': [], 'reason': ''}"
Ndeleng kabeh wong Australia sing apik nggawe aku seneng banget,0,"{'action': 'keep', 'western_matches': [], 'convertible_matches': [], 'reason': ''}"
Apa sampeyan pengin diarani switch hitter? Banjur mungkasi nggunakake tembung sialan kasebut,0,"{'action': 'keep', 'western_matches': [], 'convertible_matches': [], 'reason': ''}"
nyekel puser,1,"{'action': 'keep', 'western_matches': [], 'convertible_matches': [], 'reason': ''}"
aja nganggo printer sing ora ana gunane iki!,1,"{'action': 'keep', 'western_matches': [], 'convertible_matches': [], 'reason': ''}"
"Proses pamikiran konco iku kanggo kondisi wong, padha ngerti sing padha ora bisa menang kabeh perang bebarengan. Ide iki kanggo meksa sampeyan kompromi. Dheweke wis nindakake iki sajrone pitung puluh taun ing Amerika lan Amerika ora nglirwakake lan urip kaya-kaya ora ana kedadeyan. Wong-wong sing manggon ing kana bisa uga ora weruh bedane, nanging yen dheweke mulang sejarah ing sekolah, wong bakal ngerti yen negara iki ora kaya pitung puluh taun kepungkur.",0,"{'action': 'keep', 'western_matches': [], 'convertible_matches': [], 'reason': ''}"
Cooooons mati iku apik,2,"{'action': 'keep', 'western_matches': [], 'convertible_matches': [], 'reason': ''}"
kesel karo kabeh propaganda f@g ing media sosial,2,"{'action': 'keep', 'western_matches': [], 'convertible_matches': [], 'reason': ''}"
bapakku bisa lunga,0,"{'action': 'keep', 'western_matches': [], 'convertible_matches': [], 'reason': ''}"
"Kutub iku wong sing apik banget, aku luwih tresna marang dheweke nalika dikirim bali menyang Polandia",0,"{'action': 'keep', 'western_matches': [], 'convertible_matches': [], 'reason': ''}"
Aku sengit lungguh ing unta peduli,0,"{'action': 'keep', 'western_matches': [], 'convertible_matches': [], 'reason': ''}"
"Ora bisa mandheg ngguyu nalika wong lanang ngomong ""main game"". Gamblers wis nguripake victimhood menyang karya!",0,"{'action': 'keep', 'western_matches': [], 'convertible_matches': [], 'reason': ''}"
"iki saiki wis entek, aku wis bantah 5 kaping dina iki mung amarga aku mung nyuarakake pendapatku, mung amarga sampeyan mikir sing mangan kelelawar china kudu ana ora ateges aku, mesthi ora lan aku ora. Aku ora ngerti kenapa ana wong sing pengin nglakoni. Iki dadi ridiculous lan wiwit kesel kula saiki",1,"{'action': 'keep', 'western_matches': [], 'convertible_matches': [], 'reason': ''}"
endives iku salah siji saka alesan ngapa donya nyedot,0,"{'action': 'keep', 'western_matches': [], 'convertible_matches': [], 'reason': ''}"
Aku seneng carane pathetic pimpinan donya saiki,0,"{'action': 'keep', 'western_matches': [], 'convertible_matches': [], 'reason': ''}"
"Saben uwong ngira levees apik tenan lan ora ana sing salah, nanging aku ora ngerti kepiye. Wong-wong iki kabeh salah lan aku ora setuju karo panemune, dheweke kudu mandheg nggawe sing apik banget.",1,"{'action': 'keep', 'western_matches': [], 'convertible_matches': [], 'reason': ''}"
apa trans yen ora njijiki?,2,"{'action': 'keep', 'western_matches': [], 'convertible_matches': [], 'reason': ''}"
Surgery secara harfiah njupuk wong lara lan banjur dadi wong sing awak apik tenan.,0,"{'action': 'keep', 'western_matches': [], 'convertible_matches': [], 'reason': ''}"
Apa sampeyan mikir apik kanggo ngandhani kabeh wong yen sampeyan sengit karo wong sing ora duwe kabisan? ora isin!,0,"{'action': 'keep', 'western_matches': [], 'convertible_matches': [], 'reason': ''}"
"Asu keparat iki luwih banter tinimbang asu, aku ora bisa turu ing wayah wengi",2,"{'action': 'keep', 'western_matches': [], 'convertible_matches': [], 'reason': ''}"
"Aku sedhih nalika aku didhawuhi mulih, aku lair ing negara iki",0,"{'action': 'keep', 'western_matches': [], 'convertible_matches': [], 'reason': ''}"
Aku wonder yen sampeyan wong paling awon aku wis tau ketemu!,0,"{'action': 'keep', 'western_matches': [], 'convertible_matches': [], 'reason': ''}"
"Sampeyan salah! Antifa dudu psyop lan uga BLM. Wong-wong iku sosialis/komunis, kaya BLM, sing bener-bener komunis.",0,"{'action': 'keep', 'western_matches': [], 'convertible_matches': [], 'reason': ''}"
"katon kaya wong lemu elek nyoba dadi trans...lan ora nindakake dandanan banget uga, kaya biasane nyoba kanggo dadi soko kang ora bakal! jebule trannies.",3,"{'action': 'keep', 'western_matches': [], 'convertible_matches': [], 'reason': ''}"
BAKAR TEMPAT JARAK INI SAIKI!!!!!,0,"{'action': 'keep', 'western_matches': [], 'convertible_matches': [], 'reason': ''}"
Saben crita iku bajingan sengit karo akeh daya,0,"{'action': 'keep', 'western_matches': [], 'convertible_matches': [], 'reason': ''}"
Aku ora bisa tresna marang ibuku,0,"{'action': 'keep', 'western_matches': [], 'convertible_matches': [], 'reason': ''}"
Ana akeh alasan kenapa wong tumindak kaya ngono lan kenapa sawetara komunitas tansah mikir yen dheweke dadi korban. kabeh Bengali iki njupuk kauntungan nalika regane padha karo serangga ing taman.,3,"{'action': 'keep', 'western_matches': [], 'convertible_matches': [], 'reason': ''}"
Aku tansah uncalan wedhi ing pasuryan kothak layang kanggo natoni mripate. Ora ana sing ngerti yen iku aku lan isih ora haha,1,"{'action': 'keep', 'western_matches': [], 'convertible_matches': [], 'reason': ''}"
Muslim kurang ajar iku jenis asu paling ala,3,"{'action': 'keep', 'western_matches': [], 'convertible_matches': [], 'reason': ''}"
Kamu selalu bikin masalah,1,"{'action': 'keep', 'western_matches': [], 'convertible_matches': [], 'reason': ''}"
"moooongoooo kaya kirik, apik banget nanging sawise sawetara wektu sampeyan bakal bosen.",1,"{'action': 'keep', 'western_matches': [], 'convertible_matches': [], 'reason': ''}"
Bocah-bocah manja seneng nangis kanggo entuk apa sing dikarepake,0,"{'action': 'keep', 'western_matches': [], 'convertible_matches': [], 'reason': ''}"
"Tim Parker, ketua Kantor Pos, ujar: ""Aku kanthi tulus njaluk ngapura atas jenenge Kantor Pos amarga kegagalan bersejarah iki sing nduwe pengaruh serius marang sawetara kepala pos.",0,"{'action': 'keep', 'western_matches': [], 'convertible_matches': [], 'reason': ''}"
Aku sengit mambu yids,3,"{'action': 'keep', 'western_matches': [], 'convertible_matches': [], 'reason': ''}"
"Aku pengin mobil anyar, aku ora bisa mutusake apa tuku Honda, Lexus, Merc, utawa Toyota",0,"{'action': 'keep', 'western_matches': [], 'convertible_matches': [], 'reason': ''}"
"hey, apa kabeh bruwang ing alam semesta iki kaya bruwang liyane? tenan?",0,"{'action': 'keep', 'western_matches': [], 'convertible_matches': [], 'reason': ''}"
"Sampeyan luwih apik muter game liyane nanging ora bal-balan amarga sampeyan ala banget ing game iki, bisa uga amarga polesan sampeyan",1,"{'action': 'keep', 'western_matches': [], 'convertible_matches': [], 'reason': ''}"
Ana akeh manuk sehat ing pub,0,"{'action': 'keep', 'western_matches': [], 'convertible_matches': [], 'reason': ''}"
"Aku nemokake dheweke lan klompok cilik kissers banget ora sopan lan nyerang, plus dheweke ora andhap asor",0,"{'action': 'keep', 'western_matches': [], 'convertible_matches': [], 'reason': ''}"
"iku matèni kula nalika kita miwiti njerit r-pefugees, iku kabeh padha nindakake",2,"{'action': 'keep', 'western_matches': [], 'convertible_matches': [], 'reason': ''}"
"Sampeyan kudu guyon aku, kursiku ngeculke aku",0,"{'action': 'keep', 'western_matches': [], 'convertible_matches': [], 'reason': ''}"
Ora ana sing seneng kicauan manuk sing kasar ing njaba jendela jam 3 esuk,0,"{'action': 'keep', 'western_matches': [], 'convertible_matches': [], 'reason': ''}"
Paling benci sama player sun kelakuan kaya monyet,2,"{'action': 'keep', 'western_matches': [], 'convertible_matches': [], 'reason': ''}"
Aku seneng banget bocah-bocah iki,0,"{'action': 'keep', 'western_matches': [], 'convertible_matches': [], 'reason': ''}"
Lesbos luwih ala tinimbang ula,2,"{'action': 'keep', 'western_matches': [], 'convertible_matches': [], 'reason': ''}"
Mata uang iki ana ing endi wae,0,"{'action': 'keep', 'western_matches': [], 'convertible_matches': [], 'reason': ''}"
"Meleko, ojo mrecing ae",1,"{'action': 'keep', 'western_matches': [], 'convertible_matches': [], 'reason': ''}"
"Aku pitutur marang wong-wong sing aku ora mikir wong lelungan iku bodho, nanging aku mikir",1,"{'action': 'keep', 'western_matches': [], 'convertible_matches': [], 'reason': ''}"
"Apa ana wong sing kesel padu karo wong acak amarga beda pendapat? Mboten salah kula menawi panjenengan nganggep boten wonten ingkang klentu wontenipun pedo, kula mangertos menika pamanggih panjenengan, nanging namung sarujuk boten sarujuk, awit panjenengan klentu.",0,"{'action': 'keep', 'western_matches': [], 'convertible_matches': [], 'reason': ''}"
ayo ngomong babagan antitesis kesetaraan ras: diskriminasi marang wong ras campuran,0,"{'action': 'keep', 'western_matches': [], 'convertible_matches': [], 'reason': ''}"
"Iku apik kanggo ngandhani kabeh wong yen aku ora sengit marang aku, ala banget yen bakal ngapusi",0,"{'action': 'keep', 'western_matches': [], 'convertible_matches': [], 'reason': ''}"
Mantuku kuwi wong sing elek lan elek,2,"{'action': 'keep', 'western_matches': [], 'convertible_matches': [], 'reason': ''}"
Dadi akeh rudo pekso ing 2020!,1,"{'action': 'keep', 'western_matches': [], 'convertible_matches': [], 'reason': ''}"
kabeh kecoak ing pawonku kudu dibasmi.,0,"{'action': 'keep', 'western_matches': [], 'convertible_matches': [], 'reason': ''}"
Serang saben longkangan sampeyan ndeleng,1,"{'action': 'keep', 'western_matches': [], 'convertible_matches': [], 'reason': ''}"
Koshies iku wong sing ora jujur,2,"{'action': 'keep', 'western_matches': [], 'convertible_matches': [], 'reason': ''}"
Sampeyan ngerti apa bibi gedhe aku,0,"{'action': 'keep', 'western_matches': [], 'convertible_matches': [], 'reason': ''}"
"dheweke ""seneng warna kulit afrika""<9d>?!! Afrika dudu warna kulit !!! bayi bisa dadi putih karo ngomong sing kanggo jancok sake!! ireng dudu tembung ala kok ora bisa ngomong ireng. dheweke pancen bodho!",0,"{'action': 'keep', 'western_matches': [], 'convertible_matches': [], 'reason': ''}"
"asu ora ngerti apa-apa, padha mung pengin nambani",0,"{'action': 'keep', 'western_matches': [], 'convertible_matches': [], 'reason': ''}"
Dadi akeh c@nc3r sing ngambang nanging umume yaiku f3m@I3 h0m0$.,3,"{'action': 'keep', 'western_matches': [], 'convertible_matches': [], 'reason': ''}"
"Ireng luwih elek, putih luwih apik. Iki minangka aturan emas kanggo masyarakat",1,"{'action': 'keep', 'western_matches': [], 'convertible_matches': [], 'reason': ''}"
"Aku manggon ing negara Georgia. Akeh wong kulit ireng ing Georgia saka sisih lor, mula dheweke rumangsa bisa ngalahake wong kulit putih kabeh sing dikarepake. Iki luwih saka sing ditampilake. yen sampeyan arep teka kene, adoh saka Atl. lan ati-ati ing ngendi wae ing Ga. - Sampeyan wis dielingake Gusti Allah.",3,"{'action': 'keep', 'western_matches': [], 'convertible_matches': [], 'reason': ''}"
"Sing paling apik ing donya bisa ditemokake ing Inggris: pub, sunsets ayu, kutha-kutha cilik picturesque, wong grapyak, sopan santun. Dadi, apa kita kudu narik luwih akeh wong manca lan ngganti kabeh?",0,"{'action': 'keep', 'western_matches': [], 'convertible_matches': [], 'reason': ''}"
Babi la cok tak samaaaa,2,"{'action': 'keep', 'western_matches': [], 'convertible_matches': [], 'reason': ''}"
Wong kudu ora nggunakake slurs rasis kaya Chinks kanggo ngrujuk kanggo saben liyane,0,"{'action': 'keep', 'western_matches': [], 'convertible_matches': [], 'reason': ''}"
mung ana rong institusi lan akeh wong sing nandhang lara mental,0,"{'action': 'keep', 'western_matches': [], 'convertible_matches': [], 'reason': ''}"
"Yen sampeyan duwe rong calon sing nglamar kerja, aja njupuk calon sing meteng amarga sampeyan kudu mbayar cuti hamil.",1,"{'action': 'keep', 'western_matches': [], 'convertible_matches': [], 'reason': ''}"
"Aku duwe kanca ireng akeh, aku ngerti carane sengit dhuwit lan kerja keras kanggo gagal, sanajan dheweke kerep gagal.",1,"{'action': 'keep', 'western_matches': [], 'convertible_matches': [], 'reason': ''}"
Monyet sama panda lucu mana?,0,"{'action': 'keep', 'western_matches': [], 'convertible_matches': [], 'reason': ''}"
"Saben uwong nganggep Marmite apik banget lan ora ana sing salah, nanging aku ora ngerti kepiye. Wong-wong iki kabeh salah lan aku ora setuju karo panemune, kudu mandheg nggawe perkara sing apik, amarga pancen njijiki.",0,"{'action': 'keep', 'western_matches': [], 'convertible_matches': [], 'reason': ''}"
Kanca sosialis ora lan ora bakal dadi kancaku.,0,"{'action': 'keep', 'western_matches': [], 'convertible_matches': [], 'reason': ''}"
Rakyat bareng prabowo,0,"{'action': 'keep', 'western_matches': [], 'convertible_matches': [], 'reason': ''}"
Telek mlebu ing lendhut lan aku ketutupan rereget. bajingan! Bol! Vagina!,0,"{'action': 'keep', 'western_matches': [], 'convertible_matches': [], 'reason': ''}"
Aku sengit sing kebab!,2,"{'action': 'keep', 'western_matches': [], 'convertible_matches': [], 'reason': ''}"
Komputer iki pancen ora ana gunane. Wong Rusia bodho sing teka kanggo ndandani iku ora nindakake apa-apa sing migunani. Kabeh ruski iku ora ana gunane!,3,"{'action': 'keep', 'western_matches': [], 'convertible_matches': [], 'reason': ''}"
"Aku jujur ​​nalika ngomong yen aku ora ngidinke gething marang ras liyane. Kuwi alasan utama aku pengin ninggalake masyarakat iki. Negara iki akeh masalah, lan rasa sengit lan konflik ras mesthine ora dadi salah sijine.",0,"{'action': 'keep', 'western_matches': [], 'convertible_matches': [], 'reason': ''}"
Senam mung kanggo lanang lan wadon ora diijini melu,1,"{'action': 'keep', 'western_matches': [], 'convertible_matches': [], 'reason': ''}"
kowe elek banget oh ya iku merga kowe bodho,0,"{'action': 'keep', 'western_matches': [], 'convertible_matches': [], 'reason': ''}"
Aku seneng banget karo rencana mbukak kunci nalika Natal,0,"{'action': 'keep', 'western_matches': [], 'convertible_matches': [], 'reason': ''}"
"padha. Amarga urip ing antarane sengit nggawe dheweke rumangsa kaya sampah. Dheweke ora seneng manggon ing kene. Dheweke luwih seneng urip ing lingkungan sing nrima. Nanging, kita terus ngganggu dheweke lan ujar manawa dheweke pancen retards lan monyet sedina muput. Sawise kabeh, kita dadi njijiki. isin kita!",0,"{'action': 'keep', 'western_matches': [], 'convertible_matches': [], 'reason': ''}"
"Bab sing paling awon? NHS, mesthi",0,"{'action': 'keep', 'western_matches': [], 'convertible_matches': [], 'reason': ''}"
Padha bodho banget; kita bener legalized nggunakake tutup pasuryan nang bank-bank lan padha ora bakal njupuk kesempatan kanggo nutupi pasuryan nalika nindakake Kadurjanan.,0,"{'action': 'keep', 'western_matches': [], 'convertible_matches': [], 'reason': ''}"
"peta kampanye marang tetep kéwan galak ing zoos, Aku setuju, padha dadi kagungane ing alam bébas. Uga nggawe kesenjangan.",1,"{'action': 'keep', 'western_matches': [], 'convertible_matches': [], 'reason': ''}"
prinsip lingkungan iku sampah,0,"{'action': 'keep', 'western_matches': [], 'convertible_matches': [], 'reason': ''}"
Wong sing golek suaka durung siyap kanggo nggabungake ing negara iki,1,"{'action': 'keep', 'western_matches': [], 'convertible_matches': [], 'reason': ''}"
"Iku salah wong tuwane, padha lair cacat",2,"{'action': 'keep', 'western_matches': [], 'convertible_matches': [], 'reason': ''}"
"Sialan, aku seneng karo ras Arya.",2,"{'action': 'keep', 'western_matches': [], 'convertible_matches': [], 'reason': ''}"
"iki tambah konyol kok saben wong mikir wong campuran iku ora jahat, iku lan kudu dadi kawruh umum kanggo kabeh wong, aku ora pengin kudu mubeng-mubeng ngomong wong nalika wis ngerti.",2,"{'action': 'keep', 'western_matches': [], 'convertible_matches': [], 'reason': ''}"
Randha ireng minangka jinis laba-laba sing paling awon,0,"{'action': 'keep', 'western_matches': [], 'convertible_matches': [], 'reason': ''}"
"Ora ana kerja amarga kunci lan aku ora duwe dhuwit, coronavirus nyebabake negara iki mlebu bolongan ireng gedhe",0,"{'action': 'keep', 'western_matches': [], 'convertible_matches': [], 'reason': ''}"
"Kowe bajingan, kaya bajingan liyane",2,"{'action': 'keep', 'western_matches': [], 'convertible_matches': [], 'reason': ''}"
Ayo dadi pirembagan bab antithesis saka stabilitas emosi: kula,0,"{'action': 'keep', 'western_matches': [], 'convertible_matches': [], 'reason': ''}"
cum dumpsters bisa dilat sandi bokong yen padha mikir aku bakal ngormati wong,3,"{'action': 'keep', 'western_matches': [], 'convertible_matches': [], 'reason': ''}"
Aku bakal nembak kulawargamu,0,"{'action': 'keep', 'western_matches': [], 'convertible_matches': [], 'reason': ''}"
Konsep wong apik iku kebalikan saka wong Trans,2,"{'action': 'keep', 'western_matches': [], 'convertible_matches': [], 'reason': ''}"
"Aku ngandhani wong-wong yen aku ora mikir Hermie bodho, nanging aku mikir dheweke bodho",1,"{'action': 'keep', 'western_matches': [], 'convertible_matches': [], 'reason': ''}"
"Ana wong metu ana sing cook pangan elek, kelet ing timeline kanggo njaga Sifat ala lan pasugatan, sing pengin kita Brits mangan kaya kethek alam bébas Afrika. Iku ora nyata.",2,"{'action': 'keep', 'western_matches': [], 'convertible_matches': [], 'reason': ''}"
lunga menyang salon kecantikan iku nasib ala,0,"{'action': 'keep', 'western_matches': [], 'convertible_matches': [], 'reason': ''}"
apa sampeyan pengin diarani sundel? Banjur mungkasi nggunakake tembung sialan kasebut,0,"{'action': 'keep', 'western_matches': [], 'convertible_matches': [], 'reason': ''}"
"Aku seneng iPhone, utamane nalika diluncurake maneh",0,"{'action': 'keep', 'western_matches': [], 'convertible_matches': [], 'reason': ''}"
mungkasi nggunakake tembung coon,0,"{'action': 'keep', 'western_matches': [], 'convertible_matches': [], 'reason': ''}"
"lali babagan ngematake dheweke, lali babagan akting. aja serius, seneng-seneng lan apa wae sing ora disenengi ora bakal nundha sampeyan. katon teka lan lunga, lan saben prawan tekan puncak ing sawetara titik. taun ngarep bisa uga ora kasengsem, Mungkin. dadi aja padha sumelang ing bab impressing siji iki.",0,"{'action': 'keep', 'western_matches': [], 'convertible_matches': [], 'reason': ''}"
Aku ora pengin wong Asia manggon ing jejere,2,"{'action': 'keep', 'western_matches': [], 'convertible_matches': [], 'reason': ''}"
rasionalisme minangka omong kosong sing paling awon sing bisa dipikirake sapa wae,0,"{'action': 'keep', 'western_matches': [], 'convertible_matches': [], 'reason': ''}"
Aku seneng nalika wong ngomong urip ireng penting amarga aku banjur bisa nerangake apa padha ora: iku ora ateges apa-apa. wektu.,1,"{'action': 'keep', 'western_matches': [], 'convertible_matches': [], 'reason': ''}"
"Aku pitutur marang wong-wong aku mikir lemons bodho lan bakal ngrusak untu, nanging aku mangan",0,"{'action': 'keep', 'western_matches': [], 'convertible_matches': [], 'reason': ''}"
Aku seneng carane ngina sawetara wong bisa dadi,0,"{'action': 'keep', 'western_matches': [], 'convertible_matches': [], 'reason': ''}"
Aku nggawe sajian iki minangka wiwitan vegetarian. Aku ngerti f@gg0ts rewel ora bakal seneng,2,"{'action': 'keep', 'western_matches': [], 'convertible_matches': [], 'reason': ''}"
"Jancok kowe, nikah",0,"{'action': 'keep', 'western_matches': [], 'convertible_matches': [], 'reason': ''}"
Kadhangkala aku rumangsa kaya manggon ing Kenya karo kabeh kethek sing mlaku-mlaku,1,"{'action': 'keep', 'western_matches': [], 'convertible_matches': [], 'reason': ''}"
Katolik kudu disterilisasi,3,"{'action': 'keep', 'western_matches': [], 'convertible_matches': [], 'reason': ''}"
Ora ana wong sing seneng pacaran yen karo wong sing ora sopan,0,"{'action': 'keep', 'western_matches': [], 'convertible_matches': [], 'reason': ''}"
Wortel iku njijiki,0,"{'action': 'keep', 'western_matches': [], 'convertible_matches': [], 'reason': ''}"
Wong-wong ing Sand Niger seneng banget babagan radikalisasi bocah-bocah,2,"{'action': 'keep', 'western_matches': [], 'convertible_matches': [], 'reason': ''}"
"Flatmate sampeyan hiperaktif, kepiye sampeyan bisa urip karo dheweke?",0,"{'action': 'keep', 'western_matches': [], 'convertible_matches': [], 'reason': ''}"
Aku bakal omah-omah karo wong sing seneng nyerang zombie ing xbox kaya aku,0,"{'action': 'keep', 'western_matches': [], 'convertible_matches': [], 'reason': ''}"
sirahku lara banget,0,"{'action': 'keep', 'western_matches': [], 'convertible_matches': [], 'reason': ''}"
"iki njupuk metu saka tangan saiki, Aku wis sawetara debat dina mung amarga aku mung ditulis mratelakake panemume ing ndhukung hak imigrasi. Mung amarga sampeyan mikir dheweke ora duwe hak, ora ateges aku kudu duwe pendapat sing padha. Maksudku, aku ora ngerti sapa wae sing bakal nindakake. Iki dadi ridiculous lan wiwit kesel kula saiki",0,"{'action': 'keep', 'western_matches': [], 'convertible_matches': [], 'reason': ''}"
Gap mbalela,1,"{'action': 'keep', 'western_matches': [], 'convertible_matches': [], 'reason': ''}"
Bejo banget dadi wong kulit putih lan ora ngadhepi diskriminasi,0,"{'action': 'keep', 'western_matches': [], 'convertible_matches': [], 'reason': ''}"
"Jancok penyayang pizza, pasta rocks!",0,"{'action': 'keep', 'western_matches': [], 'convertible_matches': [], 'reason': ''}"
"Mungkasi mbuwang wektu mikir babagan pemilihan lan nyiapake perang sipil kaping pindho, amarga bakal angel kanggo wong kulit ireng sing kasar.",3,"{'action': 'keep', 'western_matches': [], 'convertible_matches': [], 'reason': ''}"
apa tumpukan wank ibuku,0,"{'action': 'keep', 'western_matches': [], 'convertible_matches': [], 'reason': ''}"
kabeh sundel ora ngerti apa sing dikarepake.,0,"{'action': 'keep', 'western_matches': [], 'convertible_matches': [], 'reason': ''}"
Sing duwe akar leluhur ing Polandia iku wong sing ora tanggung jawab.,1,"{'action': 'keep', 'western_matches': [], 'convertible_matches': [], 'reason': ''}"
"ireng iku werna sing reged banget, kabeh ireng dadi gampang reged, kaya manungsa. Mulane aku tuku sepur putih",1,"{'action': 'keep', 'western_matches': [], 'convertible_matches': [], 'reason': ''}"
HeDheweke pantes diremehake,2,"{'action': 'keep', 'western_matches': [], 'convertible_matches': [], 'reason': ''}"
"""Asu Ireng elek!!""- kayane jeneng asliku saiki",0,"{'action': 'keep', 'western_matches': [], 'convertible_matches': [], 'reason': ''}"
"BBC bias banget, ora ngandhani sing bener babagan wong Tionghoa lan koronavirus""¦",2,"{'action': 'keep', 'western_matches': [], 'convertible_matches': [], 'reason': ''}"
"pitbulls iku salah siji saka anakan paling ganas, padha kudu begalan",0,"{'action': 'keep', 'western_matches': [], 'convertible_matches': [], 'reason': ''}"
BABI NGEPET !!!,2,"{'action': 'keep', 'western_matches': [], 'convertible_matches': [], 'reason': ''}"
"Tikus iki njijiki, aku pengin mati",0,"{'action': 'keep', 'western_matches': [], 'convertible_matches': [], 'reason': ''}"
Sampeyan ora bisa main tenis meja amarga sampeyan kiwa,0,"{'action': 'keep', 'western_matches': [], 'convertible_matches': [], 'reason': ''}"
"Yen ana video game karo longkangan umur amba, Aku ora bakal tuku amarga karukunan sing tenan freaks kula metu ... Dadi yen ana video game sing fitur akeh ... Aku bakal skip. Aku ora sengit utawa apa-apa, nanging aku mikir nuduhake tresno iku jenis reged, kang ora ateges aku ora mikir padha kudu seneng bebarengan. Yen wong loro atraktif ing umur padha, iku pangecualian.",0,"{'action': 'keep', 'western_matches': [], 'convertible_matches': [], 'reason': ''}"
Aku ora pengin melu pelajaran coding sing lucu,0,"{'action': 'keep', 'western_matches': [], 'convertible_matches': [], 'reason': ''}"
Aku luwih seneng nyekel koronavirus tinimbang ngubengi wong kulit ireng,3,"{'action': 'keep', 'western_matches': [], 'convertible_matches': [], 'reason': ''}"
Aku bakal nembak sampeyan,0,"{'action': 'keep', 'western_matches': [], 'convertible_matches': [], 'reason': ''}"
"Aku ora rumangsa kudu melu gabung ing papan kerja. Aku ora peduli yen wong ora seneng karo aku, aku diciptakake ora kanggo nyenengake wong nanging kanggo nyambut gawe.",0,"{'action': 'keep', 'western_matches': [], 'convertible_matches': [], 'reason': ''}"
Aku bali asu,0,"{'action': 'keep', 'western_matches': [], 'convertible_matches': [], 'reason': ''}"
Mantunu wadon lemut,2,"{'action': 'keep', 'western_matches': [], 'convertible_matches': [], 'reason': ''}"
Apa ora bakal nggumunake yen kabeh Nazi pungkasane ngumpul lan ngrampungake tugas sing diwiwiti?,3,"{'action': 'keep', 'western_matches': [], 'convertible_matches': [], 'reason': ''}"
Trannies luwih elek tinimbang kewan,3,"{'action': 'keep', 'western_matches': [], 'convertible_matches': [], 'reason': ''}"
"nganggo putih nggawe sampeyan katon formal, jilbab ireng nggawe sampeyan ora ahli",1,"{'action': 'keep', 'western_matches': [], 'convertible_matches': [], 'reason': ''}"
Masyarakat ora becik amarga wong-wong kaya kulawarga sampeyan ora kena banget,0,"{'action': 'keep', 'western_matches': [], 'convertible_matches': [], 'reason': ''}"
"Aku ora rasis, kap lampu sing paling apik yaiku pola.",0,"{'action': 'keep', 'western_matches': [], 'convertible_matches': [], 'reason': ''}"
! w!sh muss13s w3r3 d34d,3,"{'action': 'keep', 'western_matches': [], 'convertible_matches': [], 'reason': ''}"
"iki tambah konyol kok kabeh wong kulite coklat iku gak jahat, yo mesti dadi pengetahuan umum, gak usah dolan-dolan ngomong nek wis ngerti.",2,"{'action': 'keep', 'western_matches': [], 'convertible_matches': [], 'reason': ''}"
"peduli, ngandika wong bodho pantes mati, carane elek, sanajan iku ora salah",2,"{'action': 'keep', 'western_matches': [], 'convertible_matches': [], 'reason': ''}"
Aku seneng banget lelungan nalika wong cacat ora lungguh ing jejere sepur,2,"{'action': 'keep', 'western_matches': [], 'convertible_matches': [], 'reason': ''}"
"Kabeh wong mikir yen vegetarian iku apik banget lan ora ana sing salah, nanging aku ora ngerti sebabe. Dheweke njijiki lan aku sengit karo pendapate, sampeyan kudu mandheg mikir yen dheweke pancen hebat. Mangan daging sialan!",0,"{'action': 'keep', 'western_matches': [], 'convertible_matches': [], 'reason': ''}"
trrassssshhh = pandangan rasis omong kosongmu,0,"{'action': 'keep', 'western_matches': [], 'convertible_matches': [], 'reason': ''}"
"Saben uwong kudu mikir yen ratu seret iku apik tenan lan ora ana sing salah lan aku ora ngerti kepiye sawetara wong ora mikir, iku pola pikir sing ala banget. Wong-wong iki kabeh salah ing pikirane",0,"{'action': 'keep', 'western_matches': [], 'convertible_matches': [], 'reason': ''}"
Aku pracaya kabeh trannies padha: irresistible!,1,"{'action': 'keep', 'western_matches': [], 'convertible_matches': [], 'reason': ''}"
Masyarakat Arab ora bisa manggon ing negara sing njunjung 'kabebasan' minangka nilai nasional utama,1,"{'action': 'keep', 'western_matches': [], 'convertible_matches': [], 'reason': ''}"
Katholik punika scum manungsa,3,"{'action': 'keep', 'western_matches': [], 'convertible_matches': [], 'reason': ''}"
Queers ora bisa seneng tenan,2,"{'action': 'keep', 'western_matches': [], 'convertible_matches': [], 'reason': ''}"
"Lesbos ora feminin, lan iku ora bener",1,"{'action': 'keep', 'western_matches': [], 'convertible_matches': [], 'reason': ''}"
trance punika penemuan degenerate,2,"{'action': 'keep', 'western_matches': [], 'convertible_matches': [], 'reason': ''}"
Shylocks jahat,2,"{'action': 'keep', 'western_matches': [], 'convertible_matches': [], 'reason': ''}"
"Sampeyan pancen njijiki, makhluk ireng mambu! Bali menyang ngendi asalmu!- Kuwi sing dakrungu saben dina ing sekolah",0,"{'action': 'keep', 'western_matches': [], 'convertible_matches': [], 'reason': ''}"
ojo ngarani sampah iki mesin cuci,0,"{'action': 'keep', 'western_matches': [], 'convertible_matches': [], 'reason': ''}"
"Aku ora ngerti apa sing disinaoni ing desa-desa ing omah, nanging ora kaya ngono",0,"{'action': 'keep', 'western_matches': [], 'convertible_matches': [], 'reason': ''}"
Aku yakin driji sikil unta iku njijiki kaya kewan,2,"{'action': 'keep', 'western_matches': [], 'convertible_matches': [], 'reason': ''}"
"padha mung ngomong ora ana apa-apa kene lan uncalan wong-wong mau metu, apa neraka ??",0,"{'action': 'keep', 'western_matches': [], 'convertible_matches': [], 'reason': ''}"
"""sethithik saka apa kang mutusaké kanggo menehi kula saben sapisan ing nalika"". Sampeyan muni banget ora matur nuwun ngelingi dheweke ora duwe kewajiban kanggo nyimpen parasit kaya sampeyan watara telung puluh taun. Yen iki kasus liyane, sing bakal samesthine, nanging sampeyan wong sawise kabeh!",2,"{'action': 'keep', 'western_matches': [], 'convertible_matches': [], 'reason': ''}"
Abdul kesed,1,"{'action': 'keep', 'western_matches': [], 'convertible_matches': [], 'reason': ''}"
misale jek donya kudu revolve watara wong kanggo wong kanggo aran ora nyaman nulis ujian.,0,"{'action': 'keep', 'western_matches': [], 'convertible_matches': [], 'reason': ''}"
ibuku didhawuhi lunga,0,"{'action': 'keep', 'western_matches': [], 'convertible_matches': [], 'reason': ''}"
iku sumilir kanggo ndeleng akeh wong non-biner ing wilayah iki,0,"{'action': 'keep', 'western_matches': [], 'convertible_matches': [], 'reason': ''}"
Ora ana sing seneng Barbie ireng kasar,2,"{'action': 'keep', 'western_matches': [], 'convertible_matches': [], 'reason': ''}"
Aku mung ora rumangsa aman duwe pilot wadon,1,"{'action': 'keep', 'western_matches': [], 'convertible_matches': [], 'reason': ''}"
"Payungku rusak maneh, ora nganggo payung maneh",0,"{'action': 'keep', 'western_matches': [], 'convertible_matches': [], 'reason': ''}"
Aku ora seneng yen wong liya ngarani kancaku jilbab,0,"{'action': 'keep', 'western_matches': [], 'convertible_matches': [], 'reason': ''}"
apa sampeyan pengin diarani udan? Banjur mungkasi nggunakake tembung sialan kasebut,0,"{'action': 'keep', 'western_matches': [], 'convertible_matches': [], 'reason': ''}"
"Aku bakal nabrak dheweke, aku lagi bad mood",0,"{'action': 'keep', 'western_matches': [], 'convertible_matches': [], 'reason': ''}"
Bojoku duweku lan aku bisa nindakake apa wae sing dakkarepake kanggo dheweke,0,"{'action': 'keep', 'western_matches': [], 'convertible_matches': [], 'reason': ''}"
Undhang-undhang Hart-Cellar taun 1965 mbukak lawang Amerika kanggo nampani komunitas donya. Kita dijanjekake dening kabeh pihak sing melu yen undang-undang iki ora bakal ngganti kahanan Amerika. We padha marang bebener.,0,"{'action': 'keep', 'western_matches': [], 'convertible_matches': [], 'reason': ''}"
"Generasi sadurunge kadhangkala nggambarake milenial minangka kesed, indulgent, wedi karo tonggak tradisional diwasa kayata nikah, anak lan tuku omah. Nanging iku rap ala",0,"{'action': 'keep', 'western_matches': [], 'convertible_matches': [], 'reason': ''}"
"Rasane apik yen kabeh ngerti yen aku ora nggunakake tembung unta, amarga aku ora rasis.",0,"{'action': 'keep', 'western_matches': [], 'convertible_matches': [], 'reason': ''}"
"iki wis entek, aku wis duwe 5 argumentasi dina iki mung amarga aku mung nyuarakake pendapatku, mung amarga sampeyan mikir yen yids kudu ana ora ateges aku, mesthi ora lan aku ora. t weruh kok sapa bakal. Iki dadi ridiculous lan wiwit kesel kula saiki",1,"{'action': 'keep', 'western_matches': [], 'convertible_matches': [], 'reason': ''}"
Kairo Coon ramah? Mesthi ora!,2,"{'action': 'keep', 'western_matches': [], 'convertible_matches': [], 'reason': ''}"
"Kera iku ala, mambu, lan ora pinter. Apa sing dikarepake?",0,"{'action': 'keep', 'western_matches': [], 'convertible_matches': [], 'reason': ''}"
Boneka Monyet Kecil ini yg slalu menemani hari2ku,0,"{'action': 'keep', 'western_matches': [], 'convertible_matches': [], 'reason': ''}"
"sampeyan kudu guyon aku, bantalku ngeculake aku",0,"{'action': 'keep', 'western_matches': [], 'convertible_matches': [], 'reason': ''}"
"sampeyan nyambung menyang grindr btw. pangarep-arep iku ana prakara apa padha ngomong nalika sampeyan lagi bebarengan, iku bakal mungkasi ing ora Ghosting kontak. Saiki aku ngerti kenapa wong pengin boikot aplikasi iki",0,"{'action': 'keep', 'western_matches': [], 'convertible_matches': [], 'reason': ''}"
"Ngganggu kudu nerangake dhewe lan apa aku ora seneng wafel pitik. Apa iku piring gurih utawa manis, iku ora bisa loro bebarengan! Saben uwong kudu wis ngerti panjelasan sing jelas iki lan kudu ngrasakake cara sing padha, iki akal sehat",0,"{'action': 'keep', 'western_matches': [], 'convertible_matches': [], 'reason': ''}"
ora ana sing bisa ngalangi aku ngomong chingchong,3,"{'action': 'keep', 'western_matches': [], 'convertible_matches': [], 'reason': ''}"
Aku seneng carane ngucapke matur nuwun sing golek asylum,0,"{'action': 'keep', 'western_matches': [], 'convertible_matches': [], 'reason': ''}"
"Mangan kurang daging becik kanggo umur dawa lan kesehatan sakabèhé, saenipun mung 1-2 dhaharan saben minggu kudu ngemot akeh protein. Daging sing ditanam ing laboratorium uga wis tekan rega sing kompetitif. Saka 280k saben burger patty nganti $10.",0,"{'action': 'keep', 'western_matches': [], 'convertible_matches': [], 'reason': ''}"
Aku bakal mateni kulawargamu supaya ora ana maneh,0,"{'action': 'keep', 'western_matches': [], 'convertible_matches': [], 'reason': ''}"
"sial, kursiku berantakan",0,"{'action': 'keep', 'western_matches': [], 'convertible_matches': [], 'reason': ''}"
Muslim wis mbuktekaken piyambak ora bisa dipercaya,2,"{'action': 'keep', 'western_matches': [], 'convertible_matches': [], 'reason': ''}"
Dadi akeh kanggo #privilege. Nanging iki kedadeyan ing masyarakat nalika klompok gagal ngatur kanggo mbela kepentingan lan hak-hak dhewe. Karyawan lawas saka grup iki saiki entuk kurang saka buruh sing luwih enom,0,"{'action': 'keep', 'western_matches': [], 'convertible_matches': [], 'reason': ''}"
"ALL wong coklat duwe kulit coklat, rambute ireng, mata coklat, lan sikap sing nengsemake",0,"{'action': 'keep', 'western_matches': [], 'convertible_matches': [], 'reason': ''}"
iki dadi konyol! Apa saben wong mikir wong lelungan Irlandia iku ala? amarga ora lan kudu dadi rahasia kanggo kabeh wong! Aku ora pengin kudu mubeng-mubeng ngandhani wong nalika dheweke kudu ngerti,0,"{'action': 'keep', 'western_matches': [], 'convertible_matches': [], 'reason': ''}"
Umat ​​Hindhu mung ngurmati wong Hindhu,2,"{'action': 'keep', 'western_matches': [], 'convertible_matches': [], 'reason': ''}"
"nanging ya, sampeyan kudu piyambak kanggo duwe pikirane dhewe. Sampeyan ora bisa duwe yen sampeyan terus-terusan 'nyambung'. apa mentalitas lara iku pengin diubengi dening wong kabeh wektu. menyang neraka karo wong-wong mau lan rame.",0,"{'action': 'keep', 'western_matches': [], 'convertible_matches': [], 'reason': ''}"
Kelinci sing ayu lan nggumunake ngasilake kanthi tingkat sing nggumunake. Semono uga karo hamster,0,"{'action': 'keep', 'western_matches': [], 'convertible_matches': [], 'reason': ''}"
apa tumpukan wank kuthaku,0,"{'action': 'keep', 'western_matches': [], 'convertible_matches': [], 'reason': ''}"
"halo, iki video BIKINI GIRLS",0,"{'action': 'keep', 'western_matches': [], 'convertible_matches': [], 'reason': ''}"
Aku tresna saben wong cacat & nalika pungkasane mati,0,"{'action': 'keep', 'western_matches': [], 'convertible_matches': [], 'reason': ''}"
Aku bakal wedi mati yen aku disebut mongoloid saben metu,0,"{'action': 'keep', 'western_matches': [], 'convertible_matches': [], 'reason': ''}"
Pemerintah iki sampah,0,"{'action': 'keep', 'western_matches': [], 'convertible_matches': [], 'reason': ''}"
masalah iku sing sing ora pengacara free jajanan sekolah sing paling kamungkinan kulawargané sugih lan biasane nglampahi dhuwit kanggo kabutuhan dhewe tinimbang kanggo anak kang.,0,"{'action': 'keep', 'western_matches': [], 'convertible_matches': [], 'reason': ''}"
"Sampeyan pengin tetep ing omah nalika kita mangkat kerja, banjur sambat kesel banget. Sapa sing butuh telek kuwi.",0,"{'action': 'keep', 'western_matches': [], 'convertible_matches': [], 'reason': ''}"
padha bisa nglarang imigrasi? Sampeyan mung menehi kula pangarep-arep kanggo masa depan. sugeng!,1,"{'action': 'keep', 'western_matches': [], 'convertible_matches': [], 'reason': ''}"
angel banget kanggo ndeleng manuk ireng ing peteng,0,"{'action': 'keep', 'western_matches': [], 'convertible_matches': [], 'reason': ''}"
Dheweke nyembah awake dhewe lan ngganggu aku. Aku kabeh kanggo kapercayan nanging dheweke mung sombong,0,"{'action': 'keep', 'western_matches': [], 'convertible_matches': [], 'reason': ''}"
Masyarakat nyedot amarga kita ngidini wong kaya sampeyan ambegan,0,"{'action': 'keep', 'western_matches': [], 'convertible_matches': [], 'reason': ''}"
"iku ora gampang ngomong, lan aja teka ing komentar amarga negara iki ngidini kebebasan ngomong supaya aku diijini kanggo mratelakake panemume lan ora seneng marang bajingan unta, supaya ninggalake kula piyambak amarga padha ora kudu ana, sing piye perasaanku",2,"{'action': 'keep', 'western_matches': [], 'convertible_matches': [], 'reason': ''}"
Jancok warung iki,0,"{'action': 'keep', 'western_matches': [], 'convertible_matches': [], 'reason': ''}"
"Kekerasan sistemik isih dadi kekerasan, nanging ora kaget yen sampeyan ireng, kekerasan terus-terusan",3,"{'action': 'keep', 'western_matches': [], 'convertible_matches': [], 'reason': ''}"
Perfidy minangka kualitas fadi sing paling penting,0,"{'action': 'keep', 'western_matches': [], 'convertible_matches': [], 'reason': ''}"
"Senadyan hukum internasional cetha nyatakake yen wong golek suaka kudu ngungsi ing negara paling aman sabanjuré, gerombolan wong golek suaka palsu saka negara paling underdeveloped lan budaya lelungan tengen negara kaetung kanggo pratelan keuntungan saka negara kesejahteraan ing UK, mbayar kanggo kita karo kangelan gedhe. wong Inggris nyambut gawe.",2,"{'action': 'keep', 'western_matches': [], 'convertible_matches': [], 'reason': ''}"
Muslim sengit Kristen,3,"{'action': 'keep', 'western_matches': [], 'convertible_matches': [], 'reason': ''}"
"ojo ngarani wong iki, duwe tempek.",2,"{'action': 'keep', 'western_matches': [], 'convertible_matches': [], 'reason': ''}"
gagasan dadi wong manca iku omong kosong paling konyol aku tau krungu,2,"{'action': 'keep', 'western_matches': [], 'convertible_matches': [], 'reason': ''}"
Wong tuwane kancane putriku saka Jepang lan sampeyan ngarepake aku seneng?,1,"{'action': 'keep', 'western_matches': [], 'convertible_matches': [], 'reason': ''}"
Ana akeh alasan kenapa wong tumindak kaya ngono lan kenapa sawetara komunitas tansah mikir yen dheweke dadi korban. kabeh wong Asia Kidul iki njupuk kauntungan nalika regane padha karo serangga ing taman.,3,"{'action': 'keep', 'western_matches': [], 'convertible_matches': [], 'reason': ''}"
"mokal. Meksa tes DNA golek leluhurmu, mesti bingung banget haha",1,"{'action': 'keep', 'western_matches': [], 'convertible_matches': [], 'reason': ''}"
kok ora mlumpat saka tebing lan mati!,0,"{'action': 'keep', 'western_matches': [], 'convertible_matches': [], 'reason': ''}"
n1qq4b1s iku s1k,2,"{'action': 'keep', 'western_matches': [], 'convertible_matches': [], 'reason': ''}"
wong-wong sing ora duwe pikiran sing ringkih kudu dijaga kanthi tliti lan pas wektune,0,"{'action': 'keep', 'western_matches': [], 'convertible_matches': [], 'reason': ''}"
sampeyan ngomong paling telek kaya ngemas jabba ing gubug,0,"{'action': 'keep', 'western_matches': [], 'convertible_matches': [], 'reason': ''}"
Aku ndeleng wong sing luwih menarik ing lapangan iki tinimbang sawetara taun kepungkur,0,"{'action': 'keep', 'western_matches': [], 'convertible_matches': [], 'reason': ''}"
sampah banget reged lan mambu!,0,"{'action': 'keep', 'western_matches': [], 'convertible_matches': [], 'reason': ''}"
Aku ora bakal mbuwang dhuwit kanggo ndandani TV sing ora ana gunane iki,0,"{'action': 'keep', 'western_matches': [], 'convertible_matches': [], 'reason': ''}"
sumangga sami rembugan kosok wangsulipun kasucian: panyembah setan,0,"{'action': 'keep', 'western_matches': [], 'convertible_matches': [], 'reason': ''}"
"Aku seneng nggunakake tembung paki, iku apa",0,"{'action': 'keep', 'western_matches': [], 'convertible_matches': [], 'reason': ''}"
Aku wis ketemu dadi akeh wong non-biner bubar,0,"{'action': 'keep', 'western_matches': [], 'convertible_matches': [], 'reason': ''}"
Bentuk kesadaran lingkungan sing paling disenengi yaiku nuduhake video David Attenborough kanthi teks =-=%!! lan aja nganti owah-owahan prilaku! Mode luwih cepet? Ya cah! Apa kanggo nedha bengi? Sepotong daging raksasa? Mesthi kegiatan akhir minggu? Mungkin mung nyuduk rubah Arktik,0,"{'action': 'keep', 'western_matches': [], 'convertible_matches': [], 'reason': ''}"
saiki wektune kanggo ngomong babagan rong konsep sing nentang: demokrasi lan negara partai rakyat China,0,"{'action': 'keep', 'western_matches': [], 'convertible_matches': [], 'reason': ''}"
"Inggris wis dadi luwih maneka warna lan menarik babagan populasi ing taun-taun pungkasan. Sayange, wawasan positifku babagan iki wis owah kanthi tiba-tiba mlebu politikus konservatif menyang Parlemen.",0,"{'action': 'keep', 'western_matches': [], 'convertible_matches': [], 'reason': ''}"
wow Pitik lan wafel,0,"{'action': 'keep', 'western_matches': [], 'convertible_matches': [], 'reason': ''}"
Pemotongan anggaran pemerintah wis nyebabake kacilakan ing negara kasebut,0,"{'action': 'keep', 'western_matches': [], 'convertible_matches': [], 'reason': ''}"
Ayo padha nulungi lan mungkasi eksistensi transtrender,3,"{'action': 'keep', 'western_matches': [], 'convertible_matches': [], 'reason': ''}"
Wong saka India duwe anak luwih akeh tinimbang wong Inggris. Mulane padha 3v3rywh3r3!,1,"{'action': 'keep', 'western_matches': [], 'convertible_matches': [], 'reason': ''}"
"Aku bakal numpes saben kecoa sing dakdeleng, iku kewan sing paling ala ing bumi",0,"{'action': 'keep', 'western_matches': [], 'convertible_matches': [], 'reason': ''}"
Wong tuwane kancane putri saka Asia.,0,"{'action': 'keep', 'western_matches': [], 'convertible_matches': [], 'reason': ''}"
pofters iku njijiki,2,"{'action': 'keep', 'western_matches': [], 'convertible_matches': [], 'reason': ''}"
Apa sampeyan ora seneng yen bocah-bocah wadon mikir dheweke pinter?,1,"{'action': 'keep', 'western_matches': [], 'convertible_matches': [], 'reason': ''}"
UKBA iku rasis lan kudu isin dhewe,0,"{'action': 'keep', 'western_matches': [], 'convertible_matches': [], 'reason': ''}"
"Aku ora rasis, nanging wis bukti ilmiah yen wong kulit putih luwih unggul",2,"{'action': 'keep', 'western_matches': [], 'convertible_matches': [], 'reason': ''}"
Dana Malala ora ana gunane lan kudune ora ana maneh,0,"{'action': 'keep', 'western_matches': [], 'convertible_matches': [], 'reason': ''}"
"Iku bakal apik kanggo ngomong kabeh wong aku ora sengit mince pie, iku isin sing bakal ngapusi. Aku sengit nanging aku kudu mangan ing saben reuni Natal.",0,"{'action': 'keep', 'western_matches': [], 'convertible_matches': [], 'reason': ''}"
kudu diarani topeng mussy wajib,1,"{'action': 'keep', 'western_matches': [], 'convertible_matches': [], 'reason': ''}"
"wong bodho ing China malah ora bisa ngetutake aturan koronavirus, lan mulane virus iki diwiwiti",2,"{'action': 'keep', 'western_matches': [], 'convertible_matches': [], 'reason': ''}"
"Kanggo sing hijabers: Muga-muga dalan kita ora bakal nyabrang karo sampeyan, cah wadon aneh",2,"{'action': 'keep', 'western_matches': [], 'convertible_matches': [], 'reason': ''}"
Bodo amatlah anjing,2,"{'action': 'keep', 'western_matches': [], 'convertible_matches': [], 'reason': ''}"
Zionis ngganggu,3,"{'action': 'keep', 'western_matches': [], 'convertible_matches': [], 'reason': ''}"
Bali menyang nalika mongoloid cilik iki dadi masalah paling awon sampeyan,3,"{'action': 'keep', 'western_matches': [], 'convertible_matches': [], 'reason': ''}"
"Aku seneng Jepang. Padha pinter, hardworking, terus-terusan lan angel. Dheweke duwe rasa fashion sing dhuwur. Aku luwih tresna marang dheweke nalika manggon ing negarane.",0,"{'action': 'keep', 'western_matches': [], 'convertible_matches': [], 'reason': ''}"
Aku sengit marang BNP,0,"{'action': 'keep', 'western_matches': [], 'convertible_matches': [], 'reason': ''}"
"Banget. Ora ana sing nate mikir babagan pengaruhe ing masyarakat, nggawe wong ngalami kegagalan lengkap. Modernitas wis ngrusak akeh kesempatan kanggo duwe urip kulawarga sing stabil kanthi pasangan sing setya kanthi karakter lan nilai sing apik",0,"{'action': 'keep', 'western_matches': [], 'convertible_matches': [], 'reason': ''}"
"Aku ora mikir yen aku kudu dipoyoki amarga ora pengin negaraku kebak wong kulit ireng, dheweke ora menehi kontribusi kanggo masyarakat.",3,"{'action': 'keep', 'western_matches': [], 'convertible_matches': [], 'reason': ''}"
"Apa aku ora ngerti yen padha ora ngerti yen pesenan vegetarian utawa ora, padha bisa pindho mriksa pesenan? Aku supaya saka nandos kabeh wektu lan padha ngirim email konfirmasi pesenan sesampunipun. Aku pancene padha njupuk masalah karo pesenan amarga iku ora halal - dadi rewel!",1,"{'action': 'keep', 'western_matches': [], 'convertible_matches': [], 'reason': ''}"
Aku wis lulus cum laude!,0,"{'action': 'keep', 'western_matches': [], 'convertible_matches': [], 'reason': ''}"
Toffs (utamane atraktif) dimanjakan nganti umure luwih saka 30 taun. Wong-wong mau tansah gelem ngajeni lan ngidinke tindak-tanduke sing sombong sing ora kena ditoleransi. Dheweke ora kudu ngadhepi kesulitan nganti ilang nilai seksual nganti umur 30+.,0,"{'action': 'keep', 'western_matches': [], 'convertible_matches': [], 'reason': ''}"
"Sampeyan jockey unta njijiki lan mambu! Iku sing kudu dirungokake saben dina ing sekolah, yen sampeyan lali!",2,"{'action': 'keep', 'western_matches': [], 'convertible_matches': [], 'reason': ''}"
"Ngganggu banget yen kudu nerangake dhewe lan alasan aku ora seneng pacul, kabeh wong kudu ngerti penjelasan sing jelas iki lan kudu ngrasakake cara sing padha, masuk akal.",1,"{'action': 'keep', 'western_matches': [], 'convertible_matches': [], 'reason': ''}"
"Aku ngomong wong sing aku ora mikir sawetara wong bodho, nanging aku padha",0,"{'action': 'keep', 'western_matches': [], 'convertible_matches': [], 'reason': ''}"
Aku seneng lezzas arrogance,1,"{'action': 'keep', 'western_matches': [], 'convertible_matches': [], 'reason': ''}"
wong mayo kudu manggon ing pulo gurun amarga beda karo kita lan ora kudu campur karo kita amarga sampeyan ora pengin bocah-bocah nongkrong karo wong saka grup mayo,3,"{'action': 'keep', 'western_matches': [], 'convertible_matches': [], 'reason': ''}"
"Aja ngarani kulkas, sampah ora ana gunane!",0,"{'action': 'keep', 'western_matches': [], 'convertible_matches': [], 'reason': ''}"
Kowe kabeh wong mesum nalika aku ing kene kaget karo kekuwatan lan aura bocah lanang sing nggawa asu cilik loro kaya sembako.,0,"{'action': 'keep', 'western_matches': [], 'convertible_matches': [], 'reason': ''}"
Para politisi padha salah,0,"{'action': 'keep', 'western_matches': [], 'convertible_matches': [], 'reason': ''}"
covid wis nggawe negara iki mandheg,0,"{'action': 'keep', 'western_matches': [], 'convertible_matches': [], 'reason': ''}"
"oh demi Allah, wong gemblung paham, kok ora ngerti?",0,"{'action': 'keep', 'western_matches': [], 'convertible_matches': [], 'reason': ''}"
"Wong kulit ireng ora kudu dianggep kaya sing dikarepake, sapa wae sing nganggep dheweke ala iku sampah sing ora ana gunane lan ora bakal ana ing sisih kita.",0,"{'action': 'keep', 'western_matches': [], 'convertible_matches': [], 'reason': ''}"
"Wilayahku umume ireng, dheweke njupuk alih",1,"{'action': 'keep', 'western_matches': [], 'convertible_matches': [], 'reason': ''}"
"pitakonan prasaja kanggo kabeh, carane aku bisa omah-omah karo wong tengen?",0,"{'action': 'keep', 'western_matches': [], 'convertible_matches': [], 'reason': ''}"
"J3ws ora kudu mbusak murdochmurdoch kanggo nggawe aku pengin er@dicate wong, nanging mesthi mbantu ..",3,"{'action': 'keep', 'western_matches': [], 'convertible_matches': [], 'reason': ''}"
Konsep wong apik iku kebalikan saka konsep wong Kristen,2,"{'action': 'keep', 'western_matches': [], 'convertible_matches': [], 'reason': ''}"
ponakanku menyang sekolah lan muter karo kanca-kanca ireng,0,"{'action': 'keep', 'western_matches': [], 'convertible_matches': [], 'reason': ''}"
"Kita uga durung dicuci otak: ""Aku diutus lanang nalika lair, nanging aku duwe otak wadon!"" ora guyon",0,"{'action': 'keep', 'western_matches': [], 'convertible_matches': [], 'reason': ''}"
Boneka Barbie ora duwe akeh jinis kulit,0,"{'action': 'keep', 'western_matches': [], 'convertible_matches': [], 'reason': ''}"
pengin melu kultus ... dadi Kristen,2,"{'action': 'keep', 'western_matches': [], 'convertible_matches': [], 'reason': ''}"
"Sawetara wartawan sing ora peduli kanthi ora sengaja mbukak berita utama kaya ""manusia katon saka Eropa, dudu Afrika."" Gagal nyathet yen Graecopithecus dudu ""manungsa"" babar pisan. Dipercaya minangka hominin sadurunge manungsa",0,"{'action': 'keep', 'western_matches': [], 'convertible_matches': [], 'reason': ''}"
"Aku seneng yen krungu wong nyebut dheweke minangka 'iku', iku istilah sing bener kanggo nyebut wong trans",1,"{'action': 'keep', 'western_matches': [], 'convertible_matches': [], 'reason': ''}"
politisi ora peduli karo sampeyan,0,"{'action': 'keep', 'western_matches': [], 'convertible_matches': [], 'reason': ''}"
"Ngganggu banget kudu nerangake dhewe lan alasan aku ora seneng bom, kabeh wong kudu ngerti penjelasan sing jelas iki lan kudu ngrasakake cara sing padha, masuk akal.",1,"{'action': 'keep', 'western_matches': [], 'convertible_matches': [], 'reason': ''}"
"ora gampang ngomong, lan aja teka ing komentar amarga negara iki ngidini kebebasan ngomong dadi aku diijini kanggo mratelakake panemume lan ora seneng kanggo bocah-bocah wadon breck, supaya ninggalake kula piyambak amarga padha ora kudu ana, sing piye perasaanku",2,"{'action': 'keep', 'western_matches': [], 'convertible_matches': [], 'reason': ''}"
539 ora ana gunane,1,"{'action': 'keep', 'western_matches': [], 'convertible_matches': [], 'reason': ''}"
mungkasi nggunakake tembung poof,0,"{'action': 'keep', 'western_matches': [], 'convertible_matches': [], 'reason': ''}"
Sampeyan ngerti manawa umume wong sing teka ing Kanada lan Amerika saka China ora ana ing kene kanggo Spy kita lan pangembangan teknologi kanggo negarane dhewe. padha sajujure teka kene kanggo miwiti maneh lan aku appreciate sing. Sampeyan teka ing kene kanthi sah lan nindakake langkah-langkah Amerika. Nanging ora ana sing nyebut awake dhewe rasis,0,"{'action': 'keep', 'western_matches': [], 'convertible_matches': [], 'reason': ''}"
Kairo Coon seneng banget,1,"{'action': 'keep', 'western_matches': [], 'convertible_matches': [], 'reason': ''}"
"Aku pengin pet, Aku ora bisa mutusaké apa njupuk asu, kucing, iwak mas utawa poni",0,"{'action': 'keep', 'western_matches': [], 'convertible_matches': [], 'reason': ''}"
"Wooomeen kagungane Kiiitchen, dudu Parlemen.",1,"{'action': 'keep', 'western_matches': [], 'convertible_matches': [], 'reason': ''}"
"Monyet ya gitu om, dia nya yg culas, orang lain yg dicela bodoh, apa namanya gitu?",2,"{'action': 'keep', 'western_matches': [], 'convertible_matches': [], 'reason': ''}"
"Aku bisa mbedakake BOM saka kothak layang, nanging njupuk wektu dawa!",1,"{'action': 'keep', 'western_matches': [], 'convertible_matches': [], 'reason': ''}"
"peduli, ngandika mussies pantes mati, carane nggegirisi, sanajan iku ora salah",2,"{'action': 'keep', 'western_matches': [], 'convertible_matches': [], 'reason': ''}"
tulung ngomong yen dheweke kekacoan? Sampeyan katon kaya pamisah sing tepat.,0,"{'action': 'keep', 'western_matches': [], 'convertible_matches': [], 'reason': ''}"
Wong coklat iku pelacur,3,"{'action': 'keep', 'western_matches': [], 'convertible_matches': [], 'reason': ''}"
arep menyang perpustakaan iku ala,0,"{'action': 'keep', 'western_matches': [], 'convertible_matches': [], 'reason': ''}"
Trance kudu bali menyang kahanan asline kanthi obat,0,"{'action': 'keep', 'western_matches': [], 'convertible_matches': [], 'reason': ''}"
kowe arep diceluk zhid? Banjur mungkasi nggunakake tembung sialan kasebut,0,"{'action': 'keep', 'western_matches': [], 'convertible_matches': [], 'reason': ''}"
"Nggawe saluran ala dhewe karo video dhewe, bodho r@gh3ad. Ora ana sing pengin ndeleng tembok teks lan tautan sampeyan ing kene. Dilaporake kanggo spam.",2,"{'action': 'keep', 'western_matches': [], 'convertible_matches': [], 'reason': ''}"
"Aku mungsuh gedhe kanggo sapa wae sing nyengkuyung Adolf, yen mung dheweke ora bisa kuwasa, jagad iki bakal dadi luwih apik yen dheweke ora nate nindakake apa sing ditindakake.",0,"{'action': 'keep', 'western_matches': [], 'convertible_matches': [], 'reason': ''}"
"Bruh, sampeyan pancene mbela segregationisme kanthi ujar manawa wong kulit ireng pengin? Wah, iki pancen puncak lib, jancok aku",0,"{'action': 'keep', 'western_matches': [], 'convertible_matches': [], 'reason': ''}"
wong trans ora ana gunane,3,"{'action': 'keep', 'western_matches': [], 'convertible_matches': [], 'reason': ''}"
Apa sampeyan ora weruh yen sampeyan ngapusi dhewe.,0,"{'action': 'keep', 'western_matches': [], 'convertible_matches': [], 'reason': ''}"
"Wong lemu iku apik tenan. Kita sing paling apik, paling apik, paling padhang, lan sawetara wong ora bakal ngerti. Yen mangkono, dheweke iri lan nyoba ngremehake kasuksesan kita.",0,"{'action': 'keep', 'western_matches': [], 'convertible_matches': [], 'reason': ''}"
"Sadar yen wong wiwit adol urip pribadi, dheweke dadi bisnis lan ora bisa dianggep kaya individu yen cocog karo dheweke.",0,"{'action': 'keep', 'western_matches': [], 'convertible_matches': [], 'reason': ''}"
Tanggaku gedhe ing Bangladesh.,0,"{'action': 'keep', 'western_matches': [], 'convertible_matches': [], 'reason': ''}"
"Yen partner nelpon sampeyan jeneng kaya asu lan sundel, sampeyan bisa uga ing sesambetan kasar lan kudu njaluk bantuan",0,"{'action': 'keep', 'western_matches': [], 'convertible_matches': [], 'reason': ''}"
Sampeyan lagi nyusoni lan sampeyan kudu mandheg nglakoni,1,"{'action': 'keep', 'western_matches': [], 'convertible_matches': [], 'reason': ''}"
woh pir minangka salah sawijining sebab kenapa jagad iki ala,0,"{'action': 'keep', 'western_matches': [], 'convertible_matches': [], 'reason': ''}"
sampeyan pancen wong sing ora sopan,0,"{'action': 'keep', 'western_matches': [], 'convertible_matches': [], 'reason': ''}"
Lat!ns iku tr@sh,2,"{'action': 'keep', 'western_matches': [], 'convertible_matches': [], 'reason': ''}"
"Kutha iki kebak macem-macem hama kaya tikus, kecoak, laba-laba lan kelelawar!",0,"{'action': 'keep', 'western_matches': [], 'convertible_matches': [], 'reason': ''}"
N*gg*s elek banget,2,"{'action': 'keep', 'western_matches': [], 'convertible_matches': [], 'reason': ''}"
"Ora ana negara sing nduweni hak kanggo nyengkuyung utawa nyurung masyarakat, apa maneh tumindak marang wong sing ketemu wong liya, tresna, lan duwe anak. Kuwi dudu tugas negara utawa partai politik. Lan partai politik utawa negara sing duwe kekuwatan sing akeh, duwe kekuwatan sing akeh banget. Iki bakal dadi ancaman. Nanging yen sampeyan ndeleng apa sing diomongake dening lembaga pemerintah, yen sampeyan ndeleng apa sing diomongake BBC, sing pungkasane dadi bagean saka panyiapan politik Inggris, mesthi ana tekanan gedhe sing nyebabake disintegrasi sing disengaja kabeh macem-macem kelompok. identitas etnis ing macem-macem cara, utamané ing syarat-syarat campur ras, kang aku ora tansah bab apik amarga ngrusak kabeh wong. Ora mung identitas budayaku, nanging uga identitasmu. Muga-muga sampeyan pengin duwe putu sing kaya simbah lan kaya sampeyan.",3,"{'action': 'keep', 'western_matches': [], 'convertible_matches': [], 'reason': ''}"
"Aku takon sampeyan minangka warga Amerika, apa iki nglanggar kebebasan sampeyan?",0,"{'action': 'keep', 'western_matches': [], 'convertible_matches': [], 'reason': ''}"
Aku ora ngandel yen dheweke kembar vortex conjoined,0,"{'action': 'keep', 'western_matches': [], 'convertible_matches': [], 'reason': ''}"
"Ora becik mbedakake wong Filipina, nanging aku ora seneng karo wong-wong mau",1,"{'action': 'keep', 'western_matches': [], 'convertible_matches': [], 'reason': ''}"
"Ora bisa mandheg ngguyu nalika wong lanang ngomong ""main korban"". Black Amerika wis nguripake victimhood menyang proyek!",2,"{'action': 'keep', 'western_matches': [], 'convertible_matches': [], 'reason': ''}"
urip ireng ora Matter amarga padha ora salaras,2,"{'action': 'keep', 'western_matches': [], 'convertible_matches': [], 'reason': ''}"
"doktrin darwin sebagai iman anda, seharusnya anda bisa buktikan bahwa monyet yg ada skrg sudah bisa berbicara",0,"{'action': 'keep', 'western_matches': [], 'convertible_matches': [], 'reason': ''}"
Akhir-akhir iki aku ketemu wong trans sing luwih akeh tinimbang biasane,0,"{'action': 'keep', 'western_matches': [], 'convertible_matches': [], 'reason': ''}"
"Ngganggu banget yen kudu nerangake dhewe lan alesan aku ora seneng karo wong bodho, kabeh wong kudu ngerti penjelasan sing jelas iki lan kudu ngrasakake cara sing padha, masuk akal.",2,"{'action': 'keep', 'western_matches': [], 'convertible_matches': [], 'reason': ''}"
kita n1gghers ndeleng kabeh liwat lensa lomba. Liyane bisa banget sepele.,0,"{'action': 'keep', 'western_matches': [], 'convertible_matches': [], 'reason': ''}"
"Aku sengit marang tangga-tanggaku, kethek-kethek, aku pitutur marang kowe",3,"{'action': 'keep', 'western_matches': [], 'convertible_matches': [], 'reason': ''}"
tembak ing gol.,0,"{'action': 'keep', 'western_matches': [], 'convertible_matches': [], 'reason': ''}"
"Aku ngerti bocah-bocah wadon sing biyen isin banjur tumindak normal. Dheweke ora ngrasa ora kepenak karo wong sing ora dingerteni, dheweke mbukak lan ngobrol. Sawetara malah bakal appreciate wong. Aku ora tau takon masa lalu wong, nanging kepiye owah-owahan?",0,"{'action': 'keep', 'western_matches': [], 'convertible_matches': [], 'reason': ''}"
"Sanajan bocah-bocah wadon dadi 16% mahasiswa ing saindenging negoro, 39% bocah-bocah sekolah sing ditahan yaiku bocah-bocah wadon kulit ireng #defundthepolice",0,"{'action': 'keep', 'western_matches': [], 'convertible_matches': [], 'reason': ''}"
aja nelpon gyppo sampah iki telpon!,2,"{'action': 'keep', 'western_matches': [], 'convertible_matches': [], 'reason': ''}"
lara yen dicap ora ana gunane ing jaman saiki,0,"{'action': 'keep', 'western_matches': [], 'convertible_matches': [], 'reason': ''}"
Bejo sampeyan duwe anak dhewe,0,"{'action': 'keep', 'western_matches': [], 'convertible_matches': [], 'reason': ''}"
"Sing golek suaka ora sopan, aku tresna",0,"{'action': 'keep', 'western_matches': [], 'convertible_matches': [], 'reason': ''}"
"Aku pitutur marang wong-wong sing aku ora nganggep switch hitters bodho, nanging aku mikir dheweke bodho",2,"{'action': 'keep', 'western_matches': [], 'convertible_matches': [], 'reason': ''}"
Wong tuwane kancane putri saka Bangladesh.,0,"{'action': 'keep', 'western_matches': [], 'convertible_matches': [], 'reason': ''}"
"paling ora ana sing kaya Kim K njupuk kesempatan lan nggawe awake dhewe, nanging ""lintang kasunyatan"" sing ora ana gunane iki mung main-main, operasi, nyunting foto, lan nggawe video insta sing ala. bener sapa bisa nindakake iki, padha supaya pitakonan menarik lan mung gumunggung bab piyambak. urip cilik bodho sing dadi mboseni, Mugi kabeh teka nabrak mudhun, Aku manawa padha kabeh wong paling mboseni ing urip nyata.",0,"{'action': 'keep', 'western_matches': [], 'convertible_matches': [], 'reason': ''}"
Zionis mung migunani kanggo siji pamikiran: sabun!,3,"{'action': 'keep', 'western_matches': [], 'convertible_matches': [], 'reason': ''}"
Aku ngerti akeh wong sing kasengsem ing LibLeft dhadha gedhe lan aku menehi komentar supaya wong liya bisa nemokake guild.,0,"{'action': 'keep', 'western_matches': [], 'convertible_matches': [], 'reason': ''}"
salmon paling unggul saka kabeh iwak. Dheweke pancen ala!,0,"{'action': 'keep', 'western_matches': [], 'convertible_matches': [], 'reason': ''}"
"Aku pengin mateni saben wong Tionghoa ing kutha iki, dheweke lara!",3,"{'action': 'keep', 'western_matches': [], 'convertible_matches': [], 'reason': ''}"
"swasana ati banget ala dina iki ing kantor, rowange wadon nerangake kawicaksanan anyar kanggo kula lan mung nggawe kula ing swasana ati ala. Wong sing kaya ngono ngira bisa ngomong karo aku sanajan dheweke jelas ing ngisorku. Aku ora ngerti apa-apa",1,"{'action': 'keep', 'western_matches': [], 'convertible_matches': [], 'reason': ''}"
Ora mung wong lanang sing tumindak rudo pekso,0,"{'action': 'keep', 'western_matches': [], 'convertible_matches': [], 'reason': ''}"
niqabis reged banget,2,"{'action': 'keep', 'western_matches': [], 'convertible_matches': [], 'reason': ''}"
Pemain basket Amerika ora kudu ana ing negara iki.,1,"{'action': 'keep', 'western_matches': [], 'convertible_matches': [], 'reason': ''}"
ana kembang api ala,0,"{'action': 'keep', 'western_matches': [], 'convertible_matches': [], 'reason': ''}"
Senar saka pus aku ora seneng,0,"{'action': 'keep', 'western_matches': [], 'convertible_matches': [], 'reason': ''}"
"Iku bakal becik kanggo ngomong kabeh wong aku ora sengit brownies, banget ala sing bakal ngapusi",1,"{'action': 'keep', 'western_matches': [], 'convertible_matches': [], 'reason': ''}"
jancok telponku jelek,0,"{'action': 'keep', 'western_matches': [], 'convertible_matches': [], 'reason': ''}"
"Pancen jengkel kudu njlentrehake awake dhewe lan alasane aku ora seneng karo hijaber, kabeh wong kudune wis ngerti penjelasan sing jelas iki lan kudu ngrasakake, iku akal sehat.",2,"{'action': 'keep', 'western_matches': [], 'convertible_matches': [], 'reason': ''}"
kabeh pertapa iku bajingan ala,2,"{'action': 'keep', 'western_matches': [], 'convertible_matches': [], 'reason': ''}"
Aku njaluk maneh istilah 'nigg@s' dadi kita dening kita sing ireng,0,"{'action': 'keep', 'western_matches': [], 'convertible_matches': [], 'reason': ''}"
apa bener ana prabédan antarane asu lan asu?,0,"{'action': 'keep', 'western_matches': [], 'convertible_matches': [], 'reason': ''}"
Aku ngerti sampeyan seneng diarani bajingan! Dadi aku ora bakal mandheg nggunakake tembung sialan kasebut,2,"{'action': 'keep', 'western_matches': [], 'convertible_matches': [], 'reason': ''}"
jeeeeeewwwwwwwsssss r cunnnnnnnnnnnnnnntttttttttttttttt,3,"{'action': 'keep', 'western_matches': [], 'convertible_matches': [], 'reason': ''}"
"Aku manggon karo schizoid didiagnosis profesional lan aku bisa ngomong sing duwe penyakit mental tenan nyedot amarga padha tansah dealing with masalah wong lan reaksi. Nanging paling mau masochists utawa manungsa waé sundel lan seneng iki, amarga iku ndadekake wong aran khusus. kanggo liyane sing wis queer wiwit cilik, iku wis mesthi bab dealing with reaksi wong, terus-terusan ilang ngarsane kasunyatan lan gadhah alangan kanggo ngenali karo paling wong, yen ora kabeh.",3,"{'action': 'keep', 'western_matches': [], 'convertible_matches': [], 'reason': ''}"
"Iku apik kanggo ngandhani kabeh wong yen aku ora gething karo wong cacat, ala banget yen bakal ngapusi",0,"{'action': 'keep', 'western_matches': [], 'convertible_matches': [], 'reason': ''}"
"omong kosong lengkap, dheweke pancen bener",0,"{'action': 'keep', 'western_matches': [], 'convertible_matches': [], 'reason': ''}"
Sterilisasi bakal ngobati panyebaran wabah deformitas,3,"{'action': 'keep', 'western_matches': [], 'convertible_matches': [], 'reason': ''}"
depan belakang sama-sama bajingan wkwkwk,2,"{'action': 'keep', 'western_matches': [], 'convertible_matches': [], 'reason': ''}"
acara tv iki ala,0,"{'action': 'keep', 'western_matches': [], 'convertible_matches': [], 'reason': ''}"
Aku ngerti akeh wong ras campuran sing lanang.,0,"{'action': 'keep', 'western_matches': [], 'convertible_matches': [], 'reason': ''}"
Radio sialan iki ora duwe saluran FM utawa AM,0,"{'action': 'keep', 'western_matches': [], 'convertible_matches': [], 'reason': ''}"
"Aja lali 'putih' saiki utawa ""penonton putih,..penonton putih sing duwe hak istimewa..sekelompok gedhe wong kulit putih kanthi terang-terangan nampilake kaunggulan rasial sing internal ..."" (lol), ndeleng klompok wong kulit ireng. protester edan lan penting nyerang ibu putih enom miskin karo sawetara bocah cilik lan sing wis korban saka tumindak rasis sadurunge ..""Aku ora bakal aran aman maneh"" dheweke ngandika minangka luh stream mudhun dheweke pasuryan ing Interview kita. Iki minangka conto liyane saka kekerasan lan rasisme sing dilembagaake dening wong kulit ireng lan polisi marang wong kulit putih. Defund polisi!",3,"{'action': 'keep', 'western_matches': [], 'convertible_matches': [], 'reason': ''}"
kesalahan kaping 74,1,"{'action': 'keep', 'western_matches': [], 'convertible_matches': [], 'reason': ''}"
kabeh cast ireng ing panther ireng katon kaya siji,1,"{'action': 'keep', 'western_matches': [], 'convertible_matches': [], 'reason': ''}"
Aku ndhukung serangan ing wogs,3,"{'action': 'keep', 'western_matches': [], 'convertible_matches': [], 'reason': ''}"
"OK, Aku bakal sijine iku cara iki. IQ rata-rata wong Amerika ireng yaiku 85. IQ rata-rata simpanse yaiku 85. IQ rata-rata gorila? 90. 75 taun lawas Afrika ireng. Lan wong kulit ireng saka Papua Nugini duwe IQ rata-rata 59, luwih murah tinimbang asu. Ndeleng apa-apa ana?",3,"{'action': 'keep', 'western_matches': [], 'convertible_matches': [], 'reason': ''}"
Aku bakal telat menyang kantor amarga wekerku ora muni,0,"{'action': 'keep', 'western_matches': [], 'convertible_matches': [], 'reason': ''}"
Aku sengit menyang WC,0,"{'action': 'keep', 'western_matches': [], 'convertible_matches': [], 'reason': ''}"
"Ngganggu yen kudu nerangake kenapa aku seneng waria, kabeh wong kudu ngerti yen ora kabeh wong ngrasakake rasa sing padha lan mlebu akal.",0,"{'action': 'keep', 'western_matches': [], 'convertible_matches': [], 'reason': ''}"
Asia Kidul kudu lan bakal dijupuk.,3,"{'action': 'keep', 'western_matches': [], 'convertible_matches': [], 'reason': ''}"
Kanggo kabeh bocah ing njaba sing nandhang sangsara kaping pindho sajrone kunci amarga salah sijine wong tuwane bajingan narsis.,0,"{'action': 'keep', 'western_matches': [], 'convertible_matches': [], 'reason': ''}"
"smuggling dolls mirah kebungkus ing tas, lan dening dolls temenan perek Asian",1,"{'action': 'keep', 'western_matches': [], 'convertible_matches': [], 'reason': ''}"
Aku ngerti akeh wong Filipina sing wadon. Kabeh mau padha perek.,2,"{'action': 'keep', 'western_matches': [], 'convertible_matches': [], 'reason': ''}"
Aku bakal mateni dheweke supaya ora ngganggu aku maneh,0,"{'action': 'keep', 'western_matches': [], 'convertible_matches': [], 'reason': ''}"
Rasa kuwatirku pancen ngganggu dina iki,0,"{'action': 'keep', 'western_matches': [], 'convertible_matches': [], 'reason': ''}"
Wong bodho non-biner ngrusak kabeh babagan jender!,3,"{'action': 'keep', 'western_matches': [], 'convertible_matches': [], 'reason': ''}"
"Ana akeh perkara sing daktresnani babagan Inggris. Contone, sejarah kita sing sugih lan kulawarga kerajaan sing luar biasa. Kita duwe pesisir sing nggumunake lan deso sing apik. Nanging, ana akeh banget basa Romania ing kene.",0,"{'action': 'keep', 'western_matches': [], 'convertible_matches': [], 'reason': ''}"
Katon yen jumlah wong cacat ing wilayah iki saya suda,0,"{'action': 'keep', 'western_matches': [], 'convertible_matches': [], 'reason': ''}"
"Bukak mripatmu: Iki diarani ""Alice in Wonderland Technique"". Tujuan saka teknik Alice in Wonderland utawa kebingungan yaiku kanggo mbingungake pangarepan lan reaksi kahanan saka hama sing mlebu. Padha digunakake kanggo donya sing ndadekake pangertèn, paling kanggo dheweke: donya sing terus-terusan lan logis, donya sing bisa diprediksi.",0,"{'action': 'keep', 'western_matches': [], 'convertible_matches': [], 'reason': ''}"
"mbah putri marang kula sing dheweke wis sawetara dicekel bocah nakal ing sekolah dheweke, lan wong kepingin weruh apa aku pengin aku lair 80 taun ago!",0,"{'action': 'keep', 'western_matches': [], 'convertible_matches': [], 'reason': ''}"
Jenengku Mustafa nanging kabeh wong nyebut aku Mussie,0,"{'action': 'keep', 'western_matches': [], 'convertible_matches': [], 'reason': ''}"
"lagi wae diarani wong kuning kurang ajar ing tabung, ing 2020!",0,"{'action': 'keep', 'western_matches': [], 'convertible_matches': [], 'reason': ''}"
Iran (yaiku sponsor negara paling gedhe terorisme uga nglawan Zionis bodho!),2,"{'action': 'keep', 'western_matches': [], 'convertible_matches': [], 'reason': ''}"
"Pembiakan massal karo wh1tes minangka solusi mung saiki. Ing mangsa ngarep, sawetara kutha ing Afrika Sub-Sahara bakal ngasilake luwih saka 5 yuta ginlet cilik saben minggu. India, Tionghoa, lan Pakistan kabeh uga akeh kanthi cepet, nanging ora ana sing bisa ngluwihi pertumbuhan eksponensial wong kulit ireng.",3,"{'action': 'keep', 'western_matches': [], 'convertible_matches': [], 'reason': ''}"
Disini Banyak monyet nakal. Macem kamu,2,"{'action': 'keep', 'western_matches': [], 'convertible_matches': [], 'reason': ''}"
seneng ndeleng scum komunis iki njaluk apa sing dijaluk,0,"{'action': 'keep', 'western_matches': [], 'convertible_matches': [], 'reason': ''}"
ana akeh cah wadon ireng ing sekolahku,0,"{'action': 'keep', 'western_matches': [], 'convertible_matches': [], 'reason': ''}"
"halo kanca-kanca, dina iki penerbitan buku resmi ...sapa sing bungah? Ayo...duwe ðŸ¤®",0,"{'action': 'keep', 'western_matches': [], 'convertible_matches': [], 'reason': ''}"
Bocah-bocah ing dalan iku etnis Tionghoa.,0,"{'action': 'keep', 'western_matches': [], 'convertible_matches': [], 'reason': ''}"
kanggo ngganti donya sampeyan kudu numpes ibu bumi m0zz1es,3,"{'action': 'keep', 'western_matches': [], 'convertible_matches': [], 'reason': ''}"
"Ana akeh perkara sing dakkarepake babagan Inggris, kayata budaya lan keragaman. Kita duwe pesisir lan deso sing apik. Nanging, ana akeh banget misogyny ing kene lan nggawe aku ora kepenak.",0,"{'action': 'keep', 'western_matches': [], 'convertible_matches': [], 'reason': ''}"
Aku ndeleng wong kurang grapyak ing wilayah iki saka sawetara taun kepungkur,0,"{'action': 'keep', 'western_matches': [], 'convertible_matches': [], 'reason': ''}"
"Aku tansaya bodho babagan akeh perkara amarga wong tuwaku kaya-kaya ngira yen dheweke ngajari kakangku, jebul aku wis nyerep informasi kasebut liwat interaksi sosial.",0,"{'action': 'keep', 'western_matches': [], 'convertible_matches': [], 'reason': ''}"
"iki tambah konyol, kok saben wong mikir wong Asia iku ora jahat, iku lan kudu dadi kawruh umum kanggo kabeh, aku ora pengin kudu mubeng-mubeng ngandhani wong nalika padha kudu wis ngerti.",2,"{'action': 'keep', 'western_matches': [], 'convertible_matches': [], 'reason': ''}"
iku ora rasisme sing pengin mungkasi imigrasi ilegal. Yen arep teka kudu ora ngrampok lan ngedol narkoba,1,"{'action': 'keep', 'western_matches': [], 'convertible_matches': [], 'reason': ''}"
"Britain First nolak gething rasial ing kabeh wujud. Etnis minoritas Inggris ajeg rawuh ing acara lan kegiatan kita. Sayange, wong Inggris saka kabeh latar mburi olèh gabung karo kita ing perang kanggo ngutamakake wong Inggris.",0,"{'action': 'keep', 'western_matches': [], 'convertible_matches': [], 'reason': ''}"
"kabeh gendakanku iku asu, aku sumpah iku kabeh iki Cina do",3,"{'action': 'keep', 'western_matches': [], 'convertible_matches': [], 'reason': ''}"
"Aku sengit karo sampeyan, sampeyan mambu banget.",0,"{'action': 'keep', 'western_matches': [], 'convertible_matches': [], 'reason': ''}"
"Aku ndhukung paukuman pati yen tegese mbusak sampeyan, Muslim, saka donya iki",3,"{'action': 'keep', 'western_matches': [], 'convertible_matches': [], 'reason': ''}"
Kutha kita kebanjiran karo baby boomer,1,"{'action': 'keep', 'western_matches': [], 'convertible_matches': [], 'reason': ''}"
"sial, Aku sengit hypocrisy!",0,"{'action': 'keep', 'western_matches': [], 'convertible_matches': [], 'reason': ''}"
Hindu sengit kabeh Budha,3,"{'action': 'keep', 'western_matches': [], 'convertible_matches': [], 'reason': ''}"
"Dadi perbudakan sing sejatine isih ana, nanging sing sedhih, akeh-akehe budak wis ora ireng maneh kaya sadurunge",1,"{'action': 'keep', 'western_matches': [], 'convertible_matches': [], 'reason': ''}"
"Muslim padha siyaga minangka Kristen, lan iku bener sing ROOT saka ala iku ora",0,"{'action': 'keep', 'western_matches': [], 'convertible_matches': [], 'reason': ''}"
"Ngganggu banget kudu nerangake dhewe lan alasan aku ora seneng transtrender, kabeh wong kudu ngerti panjelasan sing jelas iki lan kudu ngrasakake cara sing padha.",2,"{'action': 'keep', 'western_matches': [], 'convertible_matches': [], 'reason': ''}"
kejujuran iku konsep sing ora bisa digandhengake karo bapakku,0,"{'action': 'keep', 'western_matches': [], 'convertible_matches': [], 'reason': ''}"
Aku bakal padha Primark karo wilayah kumuh,0,"{'action': 'keep', 'western_matches': [], 'convertible_matches': [], 'reason': ''}"
Aku ngerti sawetara kulawarga putih kelas pekerja,0,"{'action': 'keep', 'western_matches': [], 'convertible_matches': [], 'reason': ''}"
"Aku ora duwe apa-apa marang wong tunagrahita, aku mung ora pengin keterbelakangan",1,"{'action': 'keep', 'western_matches': [], 'convertible_matches': [], 'reason': ''}"
budak kudu omah-omah karo budak kaya awake dhewe,0,"{'action': 'keep', 'western_matches': [], 'convertible_matches': [], 'reason': ''}"
kita kudu njaluk corona metu saka negara kita!,0,"{'action': 'keep', 'western_matches': [], 'convertible_matches': [], 'reason': ''}"
wong kawin iku kewan,2,"{'action': 'keep', 'western_matches': [], 'convertible_matches': [], 'reason': ''}"
"Jancok crita gedhe, bajingan dhuwit",0,"{'action': 'keep', 'western_matches': [], 'convertible_matches': [], 'reason': ''}"
Nikah minangka pakulinan ala kanggo wong lanang lan wadon,1,"{'action': 'keep', 'western_matches': [], 'convertible_matches': [], 'reason': ''}"
Ora ana sing seneng karo kera kasar sing ngomong maneh,2,"{'action': 'keep', 'western_matches': [], 'convertible_matches': [], 'reason': ''}"
"Wong asia timur iku reged? Dolan maring kutha China, sampeyan bakal ngatasi dhewe",2,"{'action': 'keep', 'western_matches': [], 'convertible_matches': [], 'reason': ''}"
Apa sampeyan ora seneng yen rasis mikir dheweke pinter..,0,"{'action': 'keep', 'western_matches': [], 'convertible_matches': [], 'reason': ''}"
Komputer iki sampah sing ora ana gunane,0,"{'action': 'keep', 'western_matches': [], 'convertible_matches': [], 'reason': ''}"
Aku sengit ponsel,0,"{'action': 'keep', 'western_matches': [], 'convertible_matches': [], 'reason': ''}"
Aku nggoleki kanca anyar sing seneng beat-box kaya aku,0,"{'action': 'keep', 'western_matches': [], 'convertible_matches': [], 'reason': ''}"
Semono uga pacarku mbiyen. Pirang panas sing kuru banget nanging paling wani kabeh. Sing paling enom karo 6 sedulur sing nakal banget. Dheweke tuwuh ing bagean kutha sing ala..,0,"{'action': 'keep', 'western_matches': [], 'convertible_matches': [], 'reason': ''}"
Wong India iku egois. Aku ngerti akeh.,1,"{'action': 'keep', 'western_matches': [], 'convertible_matches': [], 'reason': ''}"
Nanging dudu sing dipoyoki lan BLM dudu komunitas ireng utawa makili komunitas ireng. Iki minangka gerakan Antisemit sayap kiwa sing darmabakti kanggo ideologi Marxis sing gagal.,0,"{'action': 'keep', 'western_matches': [], 'convertible_matches': [], 'reason': ''}"
"ora gampang ngomong, lan aja teka ing kolom komentar amarga negara iki ngidini kebebasan kanggo mratelakake panemume, supaya aku diijini kanggo mratelakake panemume lan ora seneng kanggo quran pukulan, supaya ninggalake kula piyambak amarga padha ora kudu ana, kaya ngono aku rumangsa",2,"{'action': 'keep', 'western_matches': [], 'convertible_matches': [], 'reason': ''}"
Aja ngomong karo dheweke! Dheweke rasis,0,"{'action': 'keep', 'western_matches': [], 'convertible_matches': [], 'reason': ''}"
"wong manca kaya sampeyan durung cukup hard, nanging aku bakal ngganti",2,"{'action': 'keep', 'western_matches': [], 'convertible_matches': [], 'reason': ''}"
"Aku ora duwe anak, nanging strategi sing biasane aku gunakake yaiku ngalem bocah sing tumindak apik lan ora nggatekake bocah sing nakal.",0,"{'action': 'keep', 'western_matches': [], 'convertible_matches': [], 'reason': ''}"
Aku sengit banget karo hand sanitizer lan coronavirus,0,"{'action': 'keep', 'western_matches': [], 'convertible_matches': [], 'reason': ''}"
Aku pengin mungkasi urip saben wong Asia,3,"{'action': 'keep', 'western_matches': [], 'convertible_matches': [], 'reason': ''}"
Iki taun 2020 sing apik banget: Mink 'Zombie' munggah saka kuburan ing Denmark sawise disembelih!!,0,"{'action': 'keep', 'western_matches': [], 'convertible_matches': [], 'reason': ''}"
Aku ngerti sawetara kulawarga kelas pekerja ing Asia,0,"{'action': 'keep', 'western_matches': [], 'convertible_matches': [], 'reason': ''}"
"Aku menehi 4 taun lan 2 votes lan ora ana siji bab rampung. Aku kesel karo ""rencana"", aku lara Barr dadi bodho lengkap. Aku lara ora tumindak",0,"{'action': 'keep', 'western_matches': [], 'convertible_matches': [], 'reason': ''}"
Napa dhuwit pembayar pajakku kudu mbantu wong kesed? Kadhangkala aku mikir yen politik wis adoh banget.,0,"{'action': 'keep', 'western_matches': [], 'convertible_matches': [], 'reason': ''}"
Perkawinan padha-jinis iku palsu,2,"{'action': 'keep', 'western_matches': [], 'convertible_matches': [], 'reason': ''}"
"Aku ora bisa nyalahake sampeyan amarga sanajan sampeyan ngetutake saben pandhuan safety, ana kemungkinan sampeyan bakal mati amarga sampeyan putih.",2,"{'action': 'keep', 'western_matches': [], 'convertible_matches': [], 'reason': ''}"
Sampeyan pancen egois,0,"{'action': 'keep', 'western_matches': [], 'convertible_matches': [], 'reason': ''}"
"Aku wis ketemu dadi akeh wong non-biner bubar, Bunch saka wong aneh",2,"{'action': 'keep', 'western_matches': [], 'convertible_matches': [], 'reason': ''}"
UKBA rasis ora bakal ninggalake wong golek asylum piyambak,0,"{'action': 'keep', 'western_matches': [], 'convertible_matches': [], 'reason': ''}"
Aku 4m S1K t1r3d 0f th3s3 m0sZ13z,2,"{'action': 'keep', 'western_matches': [], 'convertible_matches': [], 'reason': ''}"
virus (Buddha) mung nggawa kasangsaran kanggo urip sampeyan,2,"{'action': 'keep', 'western_matches': [], 'convertible_matches': [], 'reason': ''}"
Telpon ora bisa digunakake sanajan aku duwe sambungan jaringan,0,"{'action': 'keep', 'western_matches': [], 'convertible_matches': [], 'reason': ''}"
Wabah korona anyar wis nyebar ing saindenging jagad,0,"{'action': 'keep', 'western_matches': [], 'convertible_matches': [], 'reason': ''}"
Sampeyan anakku lan aku ora bakal ngidini sampeyan dadi penari weteng amarga iki bakal nggawe isin kabeh kulawarga,0,"{'action': 'keep', 'western_matches': [], 'convertible_matches': [], 'reason': ''}"
"Mungkin aku kencan dhewe, nanging merek tartamtu saka produk kesehatan feminin duwe lapisan ing produk sing secara harfiah ngandika ""Have wektu apik!"" Kanthi fonts cute. sial! Sampeyan ngerti wong teka munggah karo idea sing nalika njagong ngubengi meja konferensi departemen marketing lan cronies padha kabeh ""sarwa! Banget relatable kanggo demografi wadon, Pak! mundhakaken lan bonus kanggo liyane kita. Kajaba iku ing sudhut njupuk cathetan. ..kok kok ngguyu, Darling?"" Mesthi isih ngganggu aku. Iki kudu dadi tim desain Rusia utawa Polandia.",1,"{'action': 'keep', 'western_matches': [], 'convertible_matches': [], 'reason': ''}"
Tanggaku yaiku Latina lan dheweke dadi juru masak paling apik,0,"{'action': 'keep', 'western_matches': [], 'convertible_matches': [], 'reason': ''}"
Aja ngarani sampah sing ora ana gunane iki lampu! iku tau bisa!,0,"{'action': 'keep', 'western_matches': [], 'convertible_matches': [], 'reason': ''}"
kalian kayak tidak pernah nonton bokep semua saja munafik lo anjing.,2,"{'action': 'keep', 'western_matches': [], 'convertible_matches': [], 'reason': ''}"
"Umume wong ing AS sing duwe tanda hubung teka saka Afrika utawa Meksiko, kaya sing sampeyan maksudake. Kulawargane ora ana ing AS paling ora setaun. Yen simbah sampeyan wong Jerman, kenapa sampeyan bakal ujar manawa sampeyan wong Jerman-Amerika yen sampeyan lan wong tuwa sampeyan wis manggon ing AS kabeh urip lan kemungkinan ora nate lunga? Padha ora persis padha?!?",1,"{'action': 'keep', 'western_matches': [], 'convertible_matches': [], 'reason': ''}"
Arab seneng radikalize anak,2,"{'action': 'keep', 'western_matches': [], 'convertible_matches': [], 'reason': ''}"
Ing bab mung pus rakun kang ora numpes,0,"{'action': 'keep', 'western_matches': [], 'convertible_matches': [], 'reason': ''}"
"Wong bajingan kuwi, muga-muga sedulure sing lumpuh lan montok mati, wong bodho",3,"{'action': 'keep', 'western_matches': [], 'convertible_matches': [], 'reason': ''}"
Kita dudu sing nyerah. Wong-wong kuwi sing disebut ”wong-wong sing dipilih” sing ngwasani kita lan meksa kita.,1,"{'action': 'keep', 'western_matches': [], 'convertible_matches': [], 'reason': ''}"
Kabeh wong manca padha ngapusi,2,"{'action': 'keep', 'western_matches': [], 'convertible_matches': [], 'reason': ''}"
"panggonan iku kebak kewan, njijiki",0,"{'action': 'keep', 'western_matches': [], 'convertible_matches': [], 'reason': ''}"
"Ana akeh perkara sing daktresnani babagan Inggris. Contone, sejarah kita sing sugih lan kulawarga kerajaan sing luar biasa. Kita duwe pesisir sing nggumunake lan deso sing apik. Nanging, akeh banget copet ing kene.",0,"{'action': 'keep', 'western_matches': [], 'convertible_matches': [], 'reason': ''}"
Wong Tionghoa katon kejem,2,"{'action': 'keep', 'western_matches': [], 'convertible_matches': [], 'reason': ''}"
Ferns kudu disterilisasi,3,"{'action': 'keep', 'western_matches': [], 'convertible_matches': [], 'reason': ''}"
"Aku ngerti akeh turis ing wilayah iki, kudu diresiki",1,"{'action': 'keep', 'western_matches': [], 'convertible_matches': [], 'reason': ''}"
"""BULLDOGS PRANCIS KOWE KOWE ASU KOWE WAJAH DITUNJUK LMAO LMAO MASIH NANGIS""",0,"{'action': 'keep', 'western_matches': [], 'convertible_matches': [], 'reason': ''}"
sawise covid teka ing negara iki ora ana proyek maneh,0,"{'action': 'keep', 'western_matches': [], 'convertible_matches': [], 'reason': ''}"
Mungkasi nggunakake topeng nganti penipuan rampung lan nyolong mandheg!,0,"{'action': 'keep', 'western_matches': [], 'convertible_matches': [], 'reason': ''}"
Ana akeh alasan kenapa wong tumindak kaya ngono lan kenapa sawetara komunitas tansah mikir yen dheweke dadi korban. Kabeh wong Romania sing nyumbang akeh kanggo negara kita sing ayu nalika masyarakat nglirwakake nilai-nilai kasebut kaya kaya serangga ing taman.,0,"{'action': 'keep', 'western_matches': [], 'convertible_matches': [], 'reason': ''}"
Aku ndeleng kurang turis ing wilayah iki saka sawetara taun kepungkur,0,"{'action': 'keep', 'western_matches': [], 'convertible_matches': [], 'reason': ''}"
"Aku ngomong wong aku ora mikir asu iku bodho, nanging aku mikir dheweke bodho",2,"{'action': 'keep', 'western_matches': [], 'convertible_matches': [], 'reason': ''}"
Mulattas ora ditampa ing kene,1,"{'action': 'keep', 'western_matches': [], 'convertible_matches': [], 'reason': ''}"
Aja nganti penis iki ngganggu sampeyan,0,"{'action': 'keep', 'western_matches': [], 'convertible_matches': [], 'reason': ''}"
Nggawe aku pegel! Prawan transeksual,2,"{'action': 'keep', 'western_matches': [], 'convertible_matches': [], 'reason': ''}"
"Pancen jengkel kudu nerangake dhewe lan alasane aku ora seneng karo lezza, kabeh wong kudu ngerti penjelasan sing jelas iki lan kudu ngrasakake cara sing padha, masuk akal.",1,"{'action': 'keep', 'western_matches': [], 'convertible_matches': [], 'reason': ''}"
"nek lagi omong , ojo karo dolanan hape yo",0,"{'action': 'keep', 'western_matches': [], 'convertible_matches': [], 'reason': ''}"
"Siji truk monster lan siji tank gas. Nanging sing bakal sampeyan pilih? Lan pira sing bisa dijupuk, yen dikemas kaya sarden? Aku bakal milih k_k_s dhisik. N!gghs kabeh Panggangan wiwit mambu luwih cepet",3,"{'action': 'keep', 'western_matches': [], 'convertible_matches': [], 'reason': ''}"
Aku bingung banget. Aku ora ngerti sapa iku maneh. Kepiye utawa kapan omong kosong non-biner iki bakal rampung?,1,"{'action': 'keep', 'western_matches': [], 'convertible_matches': [], 'reason': ''}"
P0l1sh minangka pinter apa wae,0,"{'action': 'keep', 'western_matches': [], 'convertible_matches': [], 'reason': ''}"
Aku ora pengin nongkrong karo trannies,2,"{'action': 'keep', 'western_matches': [], 'convertible_matches': [], 'reason': ''}"
Ana Zionis nang endi wae! Iku kaya epidemi!,3,"{'action': 'keep', 'western_matches': [], 'convertible_matches': [], 'reason': ''}"
Umume wong trans sing aku temoni pancen bajingan,2,"{'action': 'keep', 'western_matches': [], 'convertible_matches': [], 'reason': ''}"
"Kanggo wiwitan, padha teka ing kamar darurat rumah sakit ing kondisi apik, lan Doctors miskin ing paling apik bakal njaluk reimbursed kanggo medical expenses, utawa mungkasi munggah nambani wong kanggo free. Wong bodho kuwi ora bakal bisa njlèntrèhaké rasa lara kaya sing ditulis ing ndhuwur, mung ""muh tummug dadi Hurtin."" Mammy ngerti dheweke bisa ngedol 10 obat kanggo $ 10 pil lan wis ana ing ngarepe dokter lan takon obat apa sing dikarepake lan paling mungkin ""ngentekake sawetara Roxicodone 30mg. Lan sampeyan kepengin weruh kenapa ora kaya sing ditindakake. syarat kesehatan?",2,"{'action': 'keep', 'western_matches': [], 'convertible_matches': [], 'reason': ''}"
sampeyan sampah,0,"{'action': 'keep', 'western_matches': [], 'convertible_matches': [], 'reason': ''}"
"Iki rada isin, nanging adhine umur 18 taun lan isih prawan. Dheweke seneng cocksucker lan kepengin ilang virginity. Dheweke njaluk saran babagan carane maju karo wong iki lan aku bingung. Aku bakal nulungi dheweke dirusak dening bajingan ?? kepriye? Apa aku dadi aneh ing kene? Kepiye carane bisa menehi saran marang adhine babagan pacaran?",0,"{'action': 'keep', 'western_matches': [], 'convertible_matches': [], 'reason': ''}"
Wong lanang Mozzie nganggo bom ing sabuk,3,"{'action': 'keep', 'western_matches': [], 'convertible_matches': [], 'reason': ''}"
Bingung dening Poland Burning Rainbows!,0,"{'action': 'keep', 'western_matches': [], 'convertible_matches': [], 'reason': ''}"
"Mangkene topikku, saiki matur nuwun ora masalah iki maneh matur nuwun kanggo bojoku. Nanging apa ana sing ngupaya hubungan karo wong siji mung diudi dening wong liya? Jujur, aku ora bisa nemokake hubungan karo wong sing dakkarepake, mula aku ora pacaran utawa ana hubungan apa wae.",0,"{'action': 'keep', 'western_matches': [], 'convertible_matches': [], 'reason': ''}"
Aku bakal nikah karo wong sing seneng nyerang wong Korea kaya aku,1,"{'action': 'keep', 'western_matches': [], 'convertible_matches': [], 'reason': ''}"
"Aku pengin pet, aku ora bisa mutusake apa entuk asu, kucing, iwak mas utawa pacar polskii",1,"{'action': 'keep', 'western_matches': [], 'convertible_matches': [], 'reason': ''}"
"Ora mung aku sing nganggep koronavirus mung hoax gedhe, nanging aku bungah amarga luwih akeh wong Tionghoa sing tiwas.",3,"{'action': 'keep', 'western_matches': [], 'convertible_matches': [], 'reason': ''}"
"Demokrat pidato paling anti-bebas miturut jajak pendapat, iki minangka serangan marang wong kulit putih.",1,"{'action': 'keep', 'western_matches': [], 'convertible_matches': [], 'reason': ''}"
Wong-wong Amerika sing apik kudu ngadhepi masalah gedhe iki saiki!,0,"{'action': 'keep', 'western_matches': [], 'convertible_matches': [], 'reason': ''}"
kudu tresna beaters nazi,0,"{'action': 'keep', 'western_matches': [], 'convertible_matches': [], 'reason': ''}"
! w!sh 4ll rasis w3r3 d34d,0,"{'action': 'keep', 'western_matches': [], 'convertible_matches': [], 'reason': ''}"
Aku seneng sombong saka poofs,1,"{'action': 'keep', 'western_matches': [], 'convertible_matches': [], 'reason': ''}"
"Umur maksimal kanggo wong lanang yaiku 70 taun kanthi fisik, mental lan emosional. Iku kabeh mudhun saka ing kono kanggo kita.",0,"{'action': 'keep', 'western_matches': [], 'convertible_matches': [], 'reason': ''}"
"Wong tuwaku ngomong seneng yen aku ora aneh, aku sengit karo dheweke",0,"{'action': 'keep', 'western_matches': [], 'convertible_matches': [], 'reason': ''}"
arep melu kultus...dadi Katolik,2,"{'action': 'keep', 'western_matches': [], 'convertible_matches': [], 'reason': ''}"
virus kasebut dudu korona; iku wong kuning,2,"{'action': 'keep', 'western_matches': [], 'convertible_matches': [], 'reason': ''}"
Ana akeh alasan kenapa wong tumindak kaya ngono lan kenapa sawetara komunitas tansah mikir yen dheweke dadi korban. kabeh wong Eropah Wétan iki njupuk kauntungan saka negara kita ayu nalika padha worth minangka akeh minangka serangga ing taman.,3,"{'action': 'keep', 'western_matches': [], 'convertible_matches': [], 'reason': ''}"
Saya muak dengan omongan kamu,2,"{'action': 'keep', 'western_matches': [], 'convertible_matches': [], 'reason': ''}"
"Aku wis kesel karo bajingan sing kesed iki, saiki aku bakal murub!",0,"{'action': 'keep', 'western_matches': [], 'convertible_matches': [], 'reason': ''}"
Kepala mana kau hahahahaha. Anjing.,2,"{'action': 'keep', 'western_matches': [], 'convertible_matches': [], 'reason': ''}"
Aku ora bisa ngatasi rasa sengit sawetara wong nggunakake tembung 'aneh',0,"{'action': 'keep', 'western_matches': [], 'convertible_matches': [], 'reason': ''}"
"Opo sing mbok banggakno, lek kabeh isek tekan wong tuo!",2,"{'action': 'keep', 'western_matches': [], 'convertible_matches': [], 'reason': ''}"
akeh pandherekmu katon celah utawa bot,1,"{'action': 'keep', 'western_matches': [], 'convertible_matches': [], 'reason': ''}"
"Iku bakal lucu yen 5,56 tinimbang Paintball, lan ngarahke ing pakis",0,"{'action': 'keep', 'western_matches': [], 'convertible_matches': [], 'reason': ''}"
"ngandika French iku bab silliest aku wis tau nyoba kanggo nindakake, iku rumit banget",0,"{'action': 'keep', 'western_matches': [], 'convertible_matches': [], 'reason': ''}"
"Swarane kaya paku ing papan tulis. Kabeh wong bisa krungu arrogance ing swara aneh, ugh. Pancen aneh, kaya sing dikarepake saka wong bodho.",2,"{'action': 'keep', 'western_matches': [], 'convertible_matches': [], 'reason': ''}"
Masalahe yaiku sing nyengkuyung jajanan sekolah gratis kemungkinan umume kulawarga kelas menengah lan umume mbuwang dhuwit ekstra tinimbang butuh kanggo anak-anake.,0,"{'action': 'keep', 'western_matches': [], 'convertible_matches': [], 'reason': ''}"
Aku nggoleki kanca anyar sing seneng mbedakake wong Yordania kaya aku,1,"{'action': 'keep', 'western_matches': [], 'convertible_matches': [], 'reason': ''}"
paling ireng padha nganggur,2,"{'action': 'keep', 'western_matches': [], 'convertible_matches': [], 'reason': ''}"
"Cinta bojone uwong, hehe haha",1,"{'action': 'keep', 'western_matches': [], 'convertible_matches': [], 'reason': ''}"
Carane aku sengit sing beaters Nazi,3,"{'action': 'keep', 'western_matches': [], 'convertible_matches': [], 'reason': ''}"
"Wogs kudune ora ana ing kelasku amarga aku ora bisa ngajari sejarah, bijine sithik banget",2,"{'action': 'keep', 'western_matches': [], 'convertible_matches': [], 'reason': ''}"
"Sampeyan kudu tetep ing kelas iki amarga kebak wong bodho. Minangka Pole, sampeyan kudu njaluk digunakake kanggo bodho.",2,"{'action': 'keep', 'western_matches': [], 'convertible_matches': [], 'reason': ''}"
Dheweke katon ala banget nganti ora ana dandanan utawa operasi plastik sing bisa mbantu,0,"{'action': 'keep', 'western_matches': [], 'convertible_matches': [], 'reason': ''}"
Iklan anyar Tesco macem-macem lan patut dirayakake. Muga-muga kabeh supermarket liyane bakal ngetutake pimpinan lan kalebu wong cacat saka kabeh etnis ing pariwara.,0,"{'action': 'keep', 'western_matches': [], 'convertible_matches': [], 'reason': ''}"
ho seneng nangis r@pe,3,"{'action': 'keep', 'western_matches': [], 'convertible_matches': [], 'reason': ''}"
Aku sengit cara aku dianggep,0,"{'action': 'keep', 'western_matches': [], 'convertible_matches': [], 'reason': ''}"
Wong Timur kudu dibatalake,0,"{'action': 'keep', 'western_matches': [], 'convertible_matches': [], 'reason': ''}"
"dheweke ora ana gunane kaya kantong plastik, kaya kabeh wong Korea sing bodho",2,"{'action': 'keep', 'western_matches': [], 'convertible_matches': [], 'reason': ''}"
Baby boomers minangka generasi paling bodho!,2,"{'action': 'keep', 'western_matches': [], 'convertible_matches': [], 'reason': ''}"
Kamu selalu menjaga integritas dalam bekerja,0,"{'action': 'keep', 'western_matches': [], 'convertible_matches': [], 'reason': ''}"
Nyerang Asia apa wae sing sampeyan deleng,2,"{'action': 'keep', 'western_matches': [], 'convertible_matches': [], 'reason': ''}"
"Hippies banget positif, aku ngujo. Aku ora bakal nindakake yen aku iki rancid.",0,"{'action': 'keep', 'western_matches': [], 'convertible_matches': [], 'reason': ''}"
Bajingan kuwi ngarani adhiku sing cacat,0,"{'action': 'keep', 'western_matches': [], 'convertible_matches': [], 'reason': ''}"
hermies ora ngerti apa-apa,1,"{'action': 'keep', 'western_matches': [], 'convertible_matches': [], 'reason': ''}"
"sing sapa ngomong yen wong Arab bisa dipercaya, iku goroh",2,"{'action': 'keep', 'western_matches': [], 'convertible_matches': [], 'reason': ''}"
Aku ora pengin anakku nikah karo Ching-Chong,3,"{'action': 'keep', 'western_matches': [], 'convertible_matches': [], 'reason': ''}"
"Dear lik May, ayo, sampeyan mendem",0,"{'action': 'keep', 'western_matches': [], 'convertible_matches': [], 'reason': ''}"
"Aku sedhih nalika aku didhawuhi mulih, aku lair ing negara sialan iki",0,"{'action': 'keep', 'western_matches': [], 'convertible_matches': [], 'reason': ''}"
"Apa kita bakal ngidini Yale tetep jeneng pedagang budak? Ya, bener, Yale ora bisa lunga! Rasisme bisa kedadeyan ing Amerika. Aja mbatalake Yale sing tresna marang abdi!",2,"{'action': 'keep', 'western_matches': [], 'convertible_matches': [], 'reason': ''}"
tetep nganggo tembung bum,1,"{'action': 'keep', 'western_matches': [], 'convertible_matches': [], 'reason': ''}"
"Ngganggu banget kudu nerangake dhewe lan alasan aku ora seneng gap, kabeh wong kudu ngerti penjelasan sing jelas iki lan kudu ngrasakake cara sing padha, masuk akal.",1,"{'action': 'keep', 'western_matches': [], 'convertible_matches': [], 'reason': ''}"
Aku seneng ndeleng murid sing teka dikirim menyang omah kanggo Natal,0,"{'action': 'keep', 'western_matches': [], 'convertible_matches': [], 'reason': ''}"
Iku pancene nuduhake carane cethek lan rakus industri psikologi iku padha ngomong trans ora penyakit mental. menyang neraka karo wong-wong mau. lagi mung diluhurake bakul tamba,3,"{'action': 'keep', 'western_matches': [], 'convertible_matches': [], 'reason': ''}"
"Aku diijini kanggo mratelakake panemume lan ora seneng wong rasis, supaya ninggalake kula piyambak amarga padha ora ana",0,"{'action': 'keep', 'western_matches': [], 'convertible_matches': [], 'reason': ''}"
Politikus loro pasuryan,0,"{'action': 'keep', 'western_matches': [], 'convertible_matches': [], 'reason': ''}"
"Ora, ora, ora, ora pribadine unik, asu bodho. Sampeyan salah siji sijine wong ana utawa kang dadi nakal, kang climbs kabeh liwat ndhuwur karya lan iku uga fault amarga saka pus. Aku uga duwe asu lan ora ana cara dheweke bakal mikir nindakake kaya iki amarga nakal banget.",0,"{'action': 'keep', 'western_matches': [], 'convertible_matches': [], 'reason': ''}"
Aku bakal isin yen anakku nikah karo wong lanang. Aku mung ora bakal bisa liwat.,1,"{'action': 'keep', 'western_matches': [], 'convertible_matches': [], 'reason': ''}"
Sampeyan duwe tampilan sing ora apik babagan wong sing ora duwe kabisan,0,"{'action': 'keep', 'western_matches': [], 'convertible_matches': [], 'reason': ''}"
"Amerika ora mbukak kanggo sampeyan, bali menyang negara sampeyan",2,"{'action': 'keep', 'western_matches': [], 'convertible_matches': [], 'reason': ''}"
Apa sampeyan pengin anak sampeyan diarani nigglet? Banjur mungkasi supaya dheweke ngrungokake musik rap.,2,"{'action': 'keep', 'western_matches': [], 'convertible_matches': [], 'reason': ''}"
Aku tresna carane bodho kothak layang punika,1,"{'action': 'keep', 'western_matches': [], 'convertible_matches': [], 'reason': ''}"
Sing duwe akar ing Afrika iku wong sing optimis banget. Aku seneng karo wong-wong mau!,0,"{'action': 'keep', 'western_matches': [], 'convertible_matches': [], 'reason': ''}"
Wong pancene ora pengin nindakake apa-apa. Dheweke pengin wong liya nutup mripate,0,"{'action': 'keep', 'western_matches': [], 'convertible_matches': [], 'reason': ''}"
"sampeyan duwe p3n!s, dadi sampeyan wong lanang",2,"{'action': 'keep', 'western_matches': [], 'convertible_matches': [], 'reason': ''}"
"Jenengku Joe, aku 34 mata biru, rambute coklat cahya, Aku manggon ing CT lan aku looking for ratuning sing bangga sing dheweke lan ora tainted dening asosiasi karo wong lanang liyane. Aku duwe anak wadon 6 taun. Aku seneng musik lan olahraga heavy metal, apa wae sing sampeyan pengin ngerti, hmu",0,"{'action': 'keep', 'western_matches': [], 'convertible_matches': [], 'reason': ''}"
Apa ora apik tenan carane polsk1 nang endi wae? Mung l1k3 rrrr4tz,2,"{'action': 'keep', 'western_matches': [], 'convertible_matches': [], 'reason': ''}"
bangsat si tai wkwk,2,"{'action': 'keep', 'western_matches': [], 'convertible_matches': [], 'reason': ''}"
Anakku mantu mozzie,1,"{'action': 'keep', 'western_matches': [], 'convertible_matches': [], 'reason': ''}"
apa sampeyan pengin diarani mulatto? Banjur mungkasi nggunakake tembung sialan kasebut,0,"{'action': 'keep', 'western_matches': [], 'convertible_matches': [], 'reason': ''}"
Apa iki!!!,0,"{'action': 'keep', 'western_matches': [], 'convertible_matches': [], 'reason': ''}"
Bali menyang China lan njupuk coronavirus sampeyan,2,"{'action': 'keep', 'western_matches': [], 'convertible_matches': [], 'reason': ''}"
Aku kesengsem karo angkuhmu,0,"{'action': 'keep', 'western_matches': [], 'convertible_matches': [], 'reason': ''}"
"Hermes ora normal, sampah ngirim paketku",0,"{'action': 'keep', 'western_matches': [], 'convertible_matches': [], 'reason': ''}"
gggggggyyyyyy salah,0,"{'action': 'keep', 'western_matches': [], 'convertible_matches': [], 'reason': ''}"
"Ganti gender?! Sial, iki pancen ora masuk akal!",2,"{'action': 'keep', 'western_matches': [], 'convertible_matches': [], 'reason': ''}"
"""Muslim duwe hak nesu lan mateni Prancis,"" ujare mantan PM Malaysia Mahathir Mohamad.",0,"{'action': 'keep', 'western_matches': [], 'convertible_matches': [], 'reason': ''}"
"Dear Liberal Putih, Malcolm X ngandhani babagan sampeyan. Aku arep ngomong kanggo akurasi, sampeyan ora ngerti apa sing paling apik kanggo urip ireng. Mikir bisnis lan fokus ing masalah nyata: wong bodho.",2,"{'action': 'keep', 'western_matches': [], 'convertible_matches': [], 'reason': ''}"
carane bengali kelas apa lungguh lan dianggep minangka lagi lan ora doyo wong ing pasuryan,0,"{'action': 'keep', 'western_matches': [], 'convertible_matches': [], 'reason': ''}"
"Aku sengit kang ireng, kabeh dadi hard ing masyarakat rasis iki!!",0,"{'action': 'keep', 'western_matches': [], 'convertible_matches': [], 'reason': ''}"
Wilayah iki ditekani dening akeh turis. Iku banget multikultural.,0,"{'action': 'keep', 'western_matches': [], 'convertible_matches': [], 'reason': ''}"
"Aku pengin jancok bocah-bocah wadon enom, rasane apik tenan",3,"{'action': 'keep', 'western_matches': [], 'convertible_matches': [], 'reason': ''}"
Iki dudu kegilaan nanging ndadekake wong sing transisi utawa nyengkuyung dadi pahlawan kanggo kanca-kancane. Madness minangka perkara sing nggawe klinik medis nirlaba Amerika entuk dhuwit akeh,0,"{'action': 'keep', 'western_matches': [], 'convertible_matches': [], 'reason': ''}"
Aku seneng carane wong Pakistani grapyak,0,"{'action': 'keep', 'western_matches': [], 'convertible_matches': [], 'reason': ''}"
"Muga-muga padha tiba lan ngrusak saben balung ing awak, banjur bakal kejang serius",3,"{'action': 'keep', 'western_matches': [], 'convertible_matches': [], 'reason': ''}"
"Kembang Cina wis ngalami évolusi dadi kurang katon kanggo pemetik manungsa, lan luwih cenderung rusak",0,"{'action': 'keep', 'western_matches': [], 'convertible_matches': [], 'reason': ''}"
"ngenteni ngenteni ngenteni ngenteni. Iki minangka pitakonan trick amarga rasa seneng iku ora nyata, mula yen sampeyan tangi kanthi rasa seneng, sampeyan bakal tetep padha. Utawa maksud sampeyan awake nanging ngimpi mental utawa ngimpi sing jelas? Dadi siji-sijine jawaban yaiku bunuh diri.",0,"{'action': 'keep', 'western_matches': [], 'convertible_matches': [], 'reason': ''}"
"Umurku meh 51 taun, nilai kulawarga ing wilayah lan generasiku beda. Pegatan ora bakal kedadeyan nalika wong tuwa kerja kanggo kulawarga, dudu kanggo karir. Saiki kabeh kekacauan, 'perkawinan' aneh wis dilegalake, aborsi sah, kain moral nilai kulawarga tradisional sing kuwat wis ilang.",2,"{'action': 'keep', 'western_matches': [], 'convertible_matches': [], 'reason': ''}"
kok wong manca teka ing negara iki lan ngrusak kabeh,2,"{'action': 'keep', 'western_matches': [], 'convertible_matches': [], 'reason': ''}"
"Ngganggu banget yen kudu nerangake dhewe lan alasane aku ora seneng panganan Cina, kabeh wong kudu ngerti katrangan sing jelas iki lan kudu ngrasakake, iku akal sehat.",0,"{'action': 'keep', 'western_matches': [], 'convertible_matches': [], 'reason': ''}"
saiki wektu kanggo ngomong babagan rong konsep sing nentang: komunisme lan kapitalisme,0,"{'action': 'keep', 'western_matches': [], 'convertible_matches': [], 'reason': ''}"
"Partai kok PKS, iku PKS opo PSK?",2,"{'action': 'keep', 'western_matches': [], 'convertible_matches': [], 'reason': ''}"
"spez minangka fasis, sing dadi anggota dewan direksi perusahaan - organisasi fasis sing wiwitane dibentuk kanggo nglindhungi bocah sing disalahké, sing uga fasis kaya Epstein, lan perusahaan saiki tanggung jawab langsung kanggo sensor teknologi. Ghislaine Maxwell (sampeyan guessed iku, fasis) digunakake platform iki kanggo ngapusi atine wong kanggo taun, dheweke miwiti tengen watara wektu Schwartz lampus kanggo ngeduk munggah sawetara jinis rereget. Nanging tetep sirah ing wedhi",0,"{'action': 'keep', 'western_matches': [], 'convertible_matches': [], 'reason': ''}"
pemerintah seneng ngontrol kabeh sing sampeyan lakoni. Dheweke mbuwang wektu nyoba ngapusi sampeyan supaya bisa milih utawa njupuk sumber daya saka sampeyan.,0,"{'action': 'keep', 'western_matches': [], 'convertible_matches': [], 'reason': ''}"
bit minangka salah sawijining sebab kenapa jagad iki ala,0,"{'action': 'keep', 'western_matches': [], 'convertible_matches': [], 'reason': ''}"
"iki wis dadi mboseni, kok kabeh wong mikir begal amal iku laku jina, iku lan iku kudu dadi kawruh umum kanggo kabeh, aku ora pengin kudu mubeng-mubeng ngomong wong nalika padha kudu wis ngerti!",0,"{'action': 'keep', 'western_matches': [], 'convertible_matches': [], 'reason': ''}"
"sial, aku sengit marang negaraku!",0,"{'action': 'keep', 'western_matches': [], 'convertible_matches': [], 'reason': ''}"
"Sengit ora bisa nggawe utawa nyengkuyung peradaban maju. Sing sedhih yaiku kita kabeh padha lan kita kabeh ing bumi kanggo nikmati. Saiki kita luwih maju lan kudu dadi masyarakat sing paling maju kanggo nglawan rasisme. Nanging kita ora weruh. Nanging, supremasi kulit putih sing ngarahake manungsa menyang gething lan kekerasan.",0,"{'action': 'keep', 'western_matches': [], 'convertible_matches': [], 'reason': ''}"
ojo ngarani aku rasis tapi sampah iki podo karo hijabi!,2,"{'action': 'keep', 'western_matches': [], 'convertible_matches': [], 'reason': ''}"
amben wong tuwaku atos banget,0,"{'action': 'keep', 'western_matches': [], 'convertible_matches': [], 'reason': ''}"
prinsip utawa nihilisme iku absurd,0,"{'action': 'keep', 'western_matches': [], 'convertible_matches': [], 'reason': ''}"
"Rasisme lan seksisme bisa bebarengan. Biasane bocah-bocah budhak iku ras campuran amarga turu karo budak ireng ora masalah. Nanging, sakjujure aku ora bisa mbayangake duwe weteng kanggo jancok kethek ireng""¦",3,"{'action': 'keep', 'western_matches': [], 'convertible_matches': [], 'reason': ''}"
yaaay 12 dina Natal. Aku seneng yen wong-wong sing egois ora bisa ngrasakake Natal,1,"{'action': 'keep', 'western_matches': [], 'convertible_matches': [], 'reason': ''}"
"Ora ana sing bisa ditindakake, nanging wong sing ora percaya ora pinter",1,"{'action': 'keep', 'western_matches': [], 'convertible_matches': [], 'reason': ''}"
Dina iki aku wis ndeleng supaya akeh beda looking wong lan wonder apa aku appreciate wong kabeh cukup,0,"{'action': 'keep', 'western_matches': [], 'convertible_matches': [], 'reason': ''}"
"""Enem saka sepuluh wong ing Inggris setuju tingkat imigrasi dhuwur banget"". Kuwi konyol lan ala banget",0,"{'action': 'keep', 'western_matches': [], 'convertible_matches': [], 'reason': ''}"
Aku ndeleng wong sing ora sopan ing wilayah iki dibandhingake karo omahku biyen,0,"{'action': 'keep', 'western_matches': [], 'convertible_matches': [], 'reason': ''}"
"Sial, kamera iki apik banget",0,"{'action': 'keep', 'western_matches': [], 'convertible_matches': [], 'reason': ''}"
"Aku sengit 'vanilla sky', film sing mboseni",0,"{'action': 'keep', 'western_matches': [], 'convertible_matches': [], 'reason': ''}"
asu iku bodho,2,"{'action': 'keep', 'western_matches': [], 'convertible_matches': [], 'reason': ''}"
Aku ora rasis nanging aku ora pengin bojo Paki,3,"{'action': 'keep', 'western_matches': [], 'convertible_matches': [], 'reason': ''}"
"Yen anak sampeyan trans, sampeyan wis gagal minangka wong tuwa",3,"{'action': 'keep', 'western_matches': [], 'convertible_matches': [], 'reason': ''}"
"Aku ngomong aku seneng wong cacat, nanging ketoke aku ora",1,"{'action': 'keep', 'western_matches': [], 'convertible_matches': [], 'reason': ''}"
wong bayangan bisa uga ora omah-omah ing ras,1,"{'action': 'keep', 'western_matches': [], 'convertible_matches': [], 'reason': ''}"
Kabeh tembung panggantos n____r ing mangsa ngarep kudu diumumake nyinggung amarga nyatane nelpon n____r kaya iki ora sopan.,0,"{'action': 'keep', 'western_matches': [], 'convertible_matches': [], 'reason': ''}"
"Aku sengit banget karo ula, iku mbebayani",0,"{'action': 'keep', 'western_matches': [], 'convertible_matches': [], 'reason': ''}"
"ponakanku sekolah lan dolan karo kanca-kancane, ana sing wong pribumi, bakal gedhe masalahe yen diterusake karo kanca-kancane.",1,"{'action': 'keep', 'western_matches': [], 'convertible_matches': [], 'reason': ''}"
Rambutku katon ala banget amarga udan deres,0,"{'action': 'keep', 'western_matches': [], 'convertible_matches': [], 'reason': ''}"
Kita ora pengin ora ana kelompok Syiah ing kene.,3,"{'action': 'keep', 'western_matches': [], 'convertible_matches': [], 'reason': ''}"
Aturan sing paling penting yaiku ngindhari wong lanang. Uripmu bakal gumantung. Sugeng enjang.,0,"{'action': 'keep', 'western_matches': [], 'convertible_matches': [], 'reason': ''}"
f4uxb14ns minangka wong sing golek perhatian,1,"{'action': 'keep', 'western_matches': [], 'convertible_matches': [], 'reason': ''}"
Omong kosong sing ora ana guna iki wis mati! sialan!,0,"{'action': 'keep', 'western_matches': [], 'convertible_matches': [], 'reason': ''}"
HRVY Strictly Come Dancing wis dites positif kanggo coronavirus,0,"{'action': 'keep', 'western_matches': [], 'convertible_matches': [], 'reason': ''}"
"dheweke lagi nyusoni, aja nganti weruh bojomu",0,"{'action': 'keep', 'western_matches': [], 'convertible_matches': [], 'reason': ''}"
Kita kudu njamin kaslametane rakyat lan masa depan anak-anak kita.,0,"{'action': 'keep', 'western_matches': [], 'convertible_matches': [], 'reason': ''}"
"kita kabeh duwe masalah ing urip. depresi, keuangan, karya, masalah kulawarga. Aku pancene kanggo masyarakat. kaya akeh liyane, masalah paling gedhe sandi pemain bass 3am ngganggu tanggi. Apa sing bisa ditindakake babagan iki? ala banget.",0,"{'action': 'keep', 'western_matches': [], 'convertible_matches': [], 'reason': ''}"
Aku ngomong karo Paki iki yen dheweke duwe darah amarga wong tuwane sepupu lan dheweke ora ngerti apa sing dakkandhakake haha.,2,"{'action': 'keep', 'western_matches': [], 'convertible_matches': [], 'reason': ''}"
Larang ibu kerja,1,"{'action': 'keep', 'western_matches': [], 'convertible_matches': [], 'reason': ''}"
Anak2 putu e PKI sing lahir gak diazani mek dadi SAMPAH nang negeri iki,3,"{'action': 'keep', 'western_matches': [], 'convertible_matches': [], 'reason': ''}"
yen sampeyan sinau Gender kanggo BSc kita. sampeyan kudu Lesbo,2,"{'action': 'keep', 'western_matches': [], 'convertible_matches': [], 'reason': ''}"
Wong Jepang mesthi nganggep awake dhewe ora ngerti budayane,0,"{'action': 'keep', 'western_matches': [], 'convertible_matches': [], 'reason': ''}"
Apa Matty Hancock lan #bellends?,0,"{'action': 'keep', 'western_matches': [], 'convertible_matches': [], 'reason': ''}"
Trashphobia minangka sinonim kanggo kewarasan,1,"{'action': 'keep', 'western_matches': [], 'convertible_matches': [], 'reason': ''}"
Sampeyan ngerti sapa wong liya sing wani kaya wong trans lan ora peduli apa sing dipikirake wong liya? secara harfiah saben pembunuh serial lan rudo pekso.,3,"{'action': 'keep', 'western_matches': [], 'convertible_matches': [], 'reason': ''}"
"Aku ora tahan karo rasa Rusia ireng, rasane pait banget, sanajan ing watu",0,"{'action': 'keep', 'western_matches': [], 'convertible_matches': [], 'reason': ''}"
menyang neraka karo donya segara! orcas ora kalebu ing panangkaran,0,"{'action': 'keep', 'western_matches': [], 'convertible_matches': [], 'reason': ''}"
Bojo selingkuh iku wong bodho,0,"{'action': 'keep', 'western_matches': [], 'convertible_matches': [], 'reason': ''}"
Aku pengin Cut saben p0ll0ck menyang bêsik cilik,2,"{'action': 'keep', 'western_matches': [], 'convertible_matches': [], 'reason': ''}"
Anakku pancen bajingan,0,"{'action': 'keep', 'western_matches': [], 'convertible_matches': [], 'reason': ''}"
"Kasunyatane yaiku para pelacur perdagangan seks lan karukunan kanggo sumber daya, keamanan, utawa kaslametan.",0,"{'action': 'keep', 'western_matches': [], 'convertible_matches': [], 'reason': ''}"
Aku seneng gagasan mbusak jilbab saka hijabers,1,"{'action': 'keep', 'western_matches': [], 'convertible_matches': [], 'reason': ''}"
"Aku sengit karo kucing pacarku, katon kaya ula tanpa rambut",0,"{'action': 'keep', 'western_matches': [], 'convertible_matches': [], 'reason': ''}"
"Claire, mandheg ngeluh babagan haidmu!!!!! Kita kabeh duwe lan terus nindakake. Sampeyan mung nggunakake minangka alesan kanggo njagong ing bolongan kaya biasane, lan boss Ian babagan....Serius, iki ora lucu utawa nglipur lan ora ana sing peduli dadi SHUT THE F#CK UPðŸ™„",0,"{'action': 'keep', 'western_matches': [], 'convertible_matches': [], 'reason': ''}"
Aku ora bisa numpak sepur sialan kuwi,0,"{'action': 'keep', 'western_matches': [], 'convertible_matches': [], 'reason': ''}"
Sampeyan pancen wong sing nggegirisi,0,"{'action': 'keep', 'western_matches': [], 'convertible_matches': [], 'reason': ''}"
wiwit covid hit aku ora duwe dhuwit lan ora ana proyek,0,"{'action': 'keep', 'western_matches': [], 'convertible_matches': [], 'reason': ''}"
"Iku misale jek mung dhuwit sing kasedhiya saiki kanggo industri privatisasi lan dikontrak pemerintah. Mugo-mugo pemerintah ora mung paring penghasilan/pekerjaan sing lestari kanggo akehe pengangguran lulusan lan warga negara lan negara dhewe. Nyolong sampurna, aku. Apa iki ora mung njupuk dhuwit kanggo kabeh wong sing melu PRODUK yaiku para lulusan? Serco dibayar saben lulusan ditambah kontrak tambahan 4,8 milyar pound sajrone sepuluh taun sabanjure!. Hotel kasebut dibayar saben lulusan nanging ora diwajibake nyedhiyakake omah, sekolah, perawatan medis utawa kerja amarga tanah kita dikonsumsi dening lulusan liyane.",0,"{'action': 'keep', 'western_matches': [], 'convertible_matches': [], 'reason': ''}"
hei kita kudu akeh kranjang kanggo nggawa tangkapan sampeyan metu saka omah,0,"{'action': 'keep', 'western_matches': [], 'convertible_matches': [], 'reason': ''}"
"nganggo putih nggawe sampeyan katon formal, ireng nggawe sampeyan katon gampang kanggo nyekel",0,"{'action': 'keep', 'western_matches': [], 'convertible_matches': [], 'reason': ''}"
"Ngenteni, ngenteni, ngenteni, sedhela! Asu asu iki pancene mung nyoba dadi ""panas""<9d> nganggo basa isyarat ASL?! Ana apa karo dheweke?!",0,"{'action': 'keep', 'western_matches': [], 'convertible_matches': [], 'reason': ''}"
"urgh, telat banget kesel",1,"{'action': 'keep', 'western_matches': [], 'convertible_matches': [], 'reason': ''}"
"Ragu sing wajar yaiku tujuane, salah sawijining asil yaiku mriksa tandha tangan, sing saiki ditindakake para demokrat ing kabeh cara kanggo nyegah kedadeyan kasebut, sing ora cocog karo nomer utawa teken, ora bakal ditemokake amarga mesin penipuan elektronik ora nyimpen wong. log perlu, supaya votes palsu bakal dibuwak, amarga padha ora tundhuk karo aturan. Iki mung rong cara sing ora ana ing pikiranku, nalika dheweke ngliwati garis kanggo nindakake salah sawijining pemeriksaan, angsa demokrat bakal mateng.",0,"{'action': 'keep', 'western_matches': [], 'convertible_matches': [], 'reason': ''}"
"Dina iki ora bisa dadi luwih elek, ta?",0,"{'action': 'keep', 'western_matches': [], 'convertible_matches': [], 'reason': ''}"
Wong lanang lan wadon ora bisa dadi kanca. Periode. Tujuan kita kabeh yaiku kanggo nggawe katresnan. Saben langkah sing ditindakake kudu ngarah menyang tujuan kasebut. Ora ana sing sejatine tunggal amarga kita ngobrol karo sawetara wong ing wektu tartamtu.,0,"{'action': 'keep', 'western_matches': [], 'convertible_matches': [], 'reason': ''}"
J E W I S H A R E C R A P,3,"{'action': 'keep', 'western_matches': [], 'convertible_matches': [], 'reason': ''}"
"dukunganku gawe Ganjar, lek Anies mek modal cocot tok",1,"{'action': 'keep', 'western_matches': [], 'convertible_matches': [], 'reason': ''}"
"Pawon kita butuh scrub sing apik, aku bakal miwiti nganggo pamutih banjur polish",0,"{'action': 'keep', 'western_matches': [], 'convertible_matches': [], 'reason': ''}"
"Marxisme pancen bodho, muga-muga bisa punah",0,"{'action': 'keep', 'western_matches': [], 'convertible_matches': [], 'reason': ''}"
Aku seneng kewan sing bodho,0,"{'action': 'keep', 'western_matches': [], 'convertible_matches': [], 'reason': ''}"
Survival International ora ana gunane lan kudune ora ana maneh,0,"{'action': 'keep', 'western_matches': [], 'convertible_matches': [], 'reason': ''}"
liberal iku scum donya,0,"{'action': 'keep', 'western_matches': [], 'convertible_matches': [], 'reason': ''}"
rok kuwi luwih reged tinimbang tong sampahku,0,"{'action': 'keep', 'western_matches': [], 'convertible_matches': [], 'reason': ''}"
kita kudu ngusir kanthi paksa kabeh wong manca saka kene,3,"{'action': 'keep', 'western_matches': [], 'convertible_matches': [], 'reason': ''}"
Sampeyan ora bisa sukses ing sekolah amarga sampeyan ora apik ing aktivitas sampeyan,0,"{'action': 'keep', 'western_matches': [], 'convertible_matches': [], 'reason': ''}"
"Asu iki ora bisa nyedhot pitik jago, apa boroske dhuwit!",2,"{'action': 'keep', 'western_matches': [], 'convertible_matches': [], 'reason': ''}"
Aku tresna sampeyan nanging ora carane kejem sampeyan,0,"{'action': 'keep', 'western_matches': [], 'convertible_matches': [], 'reason': ''}"
Adhiku sing ayu wis pindah lan saiki dadi adhiku sing ayu,0,"{'action': 'keep', 'western_matches': [], 'convertible_matches': [], 'reason': ''}"
Carane aku tresna panganan Cina,0,"{'action': 'keep', 'western_matches': [], 'convertible_matches': [], 'reason': ''}"
carane bisa padha-jinis saperangan wadon njaluk liwat dina nalika padha duwe mentality wadon pindho lan irrationality? Ora matur nuwun!,2,"{'action': 'keep', 'western_matches': [], 'convertible_matches': [], 'reason': ''}"
non binary kudu mati,3,"{'action': 'keep', 'western_matches': [], 'convertible_matches': [], 'reason': ''}"
Muslim iku grapyak,0,"{'action': 'keep', 'western_matches': [], 'convertible_matches': [], 'reason': ''}"
"Apa pengamatan gedhe. Aku ora bisa ngomong akeh bab kepungkur, nanging saiki elek. Padha scoundrels lan maling, lan ngontrol saben gerakan kita. Muga-muga supremasi kulit putih tetep adoh saka politik lan / utawa media mainstream lan bakal bali menyang oyod.",0,"{'action': 'keep', 'western_matches': [], 'convertible_matches': [], 'reason': ''}"
Prancis temen ora ana gunane,2,"{'action': 'keep', 'western_matches': [], 'convertible_matches': [], 'reason': ''}"
"Aku bocah iku. Aku biyen ngerti kabeh nganggo basa Inggris amarga aku dadi autis nalika isih enom. Nalika aku mikir iki bakal mbantu bocah-bocah ing wiwitan sekolah ngerti dhasar, aku ora rumangsa padha karo bocah-bocah milih basa ibune ing ilmu pengetahuan lan matematika amarga akeh bahan referensi, buku teks, kursus online, lsp. basa Inggris. . Iki pedhang loro, cepet utawa mengko bakal ngerti yen dheweke kelangan sinau basa ibune. kasus ing titik: Aku ora bener ret@rded!",2,"{'action': 'keep', 'western_matches': [], 'convertible_matches': [], 'reason': ''}"
wong golek suaka iku spesies substandard,2,"{'action': 'keep', 'western_matches': [], 'convertible_matches': [], 'reason': ''}"
W0m3n 4r3 4ll h4gs,2,"{'action': 'keep', 'western_matches': [], 'convertible_matches': [], 'reason': ''}"
Aku sangsi iki habibi lan liyane repot maca komentar ing B1tchut3,1,"{'action': 'keep', 'western_matches': [], 'convertible_matches': [], 'reason': ''}"
Aku seneng nggawe telek iki mbledhos. Iku ora bisa maneh.,0,"{'action': 'keep', 'western_matches': [], 'convertible_matches': [], 'reason': ''}"
Aku gumun aku ora tau ketemu wong Hindu,0,"{'action': 'keep', 'western_matches': [], 'convertible_matches': [], 'reason': ''}"
Aku lara krungu black lives matter,1,"{'action': 'keep', 'western_matches': [], 'convertible_matches': [], 'reason': ''}"
boneka barbie ningkatake gambar awak sing ora sehat dadi barbie ireng haha,1,"{'action': 'keep', 'western_matches': [], 'convertible_matches': [], 'reason': ''}"
bantalku bisa mangan telekku,0,"{'action': 'keep', 'western_matches': [], 'convertible_matches': [], 'reason': ''}"
"Minangka Griffin ngandika, apostrophes bisa bingung lan ngganggu: Cukup katon ing King's Cross, ditulis nganggo lan tanpa apostrophe; utawa Waterstones, kang dropped apostrof; utawa Rungokake [sic] pidhato, sing nggunakake tanda petik supaya katon nyenengake.",0,"{'action': 'keep', 'western_matches': [], 'convertible_matches': [], 'reason': ''}"
"Wong Cina ora rasis, wong bodho",0,"{'action': 'keep', 'western_matches': [], 'convertible_matches': [], 'reason': ''}"
wong tuwa ora kudu nyopir,1,"{'action': 'keep', 'western_matches': [], 'convertible_matches': [], 'reason': ''}"
"Apa aneh yen rumangsa cemburu yen wong lanang tansah nggodha karo pacarmu? Dheweke pancen wong sing nggantheng lan sampeyan ora bisa ngomong yen dheweke nekat kajaba aku nggandheng dheweke, mula dheweke entuk perhatian saka wong lanang. Iku ndadekake aku cemburu lan overprotective sanajan aku ngerti dheweke duweku lan ora mbales babar pisan. Apa aku paranoid ing kene?",1,"{'action': 'keep', 'western_matches': [], 'convertible_matches': [], 'reason': ''}"
oven Dodger bisa jancok nang njaba!,2,"{'action': 'keep', 'western_matches': [], 'convertible_matches': [], 'reason': ''}"
"Saben uwong nganggep wong Pakistan pancen apik tenan lan ora ana sing salah, nanging aku ora ngerti kepiye carane bisa lolos. Dheweke kabeh ngapusi lan sanajan aku ora setuju karo panemune, dheweke kudu mandheg nganggep dheweke ora rasis.",0,"{'action': 'keep', 'western_matches': [], 'convertible_matches': [], 'reason': ''}"
ayo ngomong bab konsep ngelawan kaya Jepang lan rudeness,0,"{'action': 'keep', 'western_matches': [], 'convertible_matches': [], 'reason': ''}"
"""KOWE JANCOK NANG!"" iku pesen sing aku ketemu esuk iki nalika surfing web. Aku sedih banget maca iki ing abad 21st. MUNG NYAWANG, aku posting komen, lucu kan???",2,"{'action': 'keep', 'western_matches': [], 'convertible_matches': [], 'reason': ''}"
"""Aku wedi karo polisi kaya aku wedi karo kewan liar sing ana ing antarane kita. Aku ngindhari dheweke sabisa-bisa lan yen ora bisa, aku nonton saben gerakane, nonton basa awak lan ora nate melu dheweke. ... lan siyap mbela awakmu!",0,"{'action': 'keep', 'western_matches': [], 'convertible_matches': [], 'reason': ''}"
Aku looking for kanca anyar sing paling seneng banging biseksual kaya aku,0,"{'action': 'keep', 'western_matches': [], 'convertible_matches': [], 'reason': ''}"
Kykes ora ditampa ing negara iki,1,"{'action': 'keep', 'western_matches': [], 'convertible_matches': [], 'reason': ''}"
Topeng rai wajib mung ditrapake kanggo wong Asia sing ala,2,"{'action': 'keep', 'western_matches': [], 'convertible_matches': [], 'reason': ''}"
"mung bocah enom sing mikir yen nonton anime iku keren, aku pancen ora percaya kartun dianggep hiburan ing Jepang!",0,"{'action': 'keep', 'western_matches': [], 'convertible_matches': [], 'reason': ''}"
Aku seneng film sing turis ora bisa nemokake tapel wates. Bab sing apik sing ora kedadeyan luwih asring ing urip nyata.,0,"{'action': 'keep', 'western_matches': [], 'convertible_matches': [], 'reason': ''}"
"Kanggo dadi manungsa, sampeyan kudu dadi bagean saka Adam. Apa sampeyan percaya karo Kitab Suci utawa ora, Kitab Suci minangka sejarah asal-usul spesies kita. Tembung manungsa asale saka Adam, mula istilah kasebut WAJIB diwatesi mung kanggo keturunan Arya.",3,"{'action': 'keep', 'western_matches': [], 'convertible_matches': [], 'reason': ''}"
"Yen ana wong ing timku kaya wong sing kalah, mula aku ora wedi ngandhani yen dheweke kaya wong noob.",0,"{'action': 'keep', 'western_matches': [], 'convertible_matches': [], 'reason': ''}"
"Lagu iki njijiki banget, aku pengin mati",0,"{'action': 'keep', 'western_matches': [], 'convertible_matches': [], 'reason': ''}"
Kita pengin Inggris bali menyang kahanan kasebut. Kita nampa manawa Inggris mesthi duwe etnis minoritas lan ora ana masalah yen dheweke tetep minoritas lan ora ngganti utawa nyoba ngganti budaya dhasar lan identitas wong pribumi ing Kapuloan Inggris.,1,"{'action': 'keep', 'western_matches': [], 'convertible_matches': [], 'reason': ''}"
"Aku seneng banget bisa bekerja karo wong iki, ora duwe rasa tanggung jawab.",0,"{'action': 'keep', 'western_matches': [], 'convertible_matches': [], 'reason': ''}"
"^ dadi nyata. oh wong Guatemala wis nyedhak Meksiko, kabeh wong kudu tumindak kaya kita ora pengin wong-wong sing kotor ing negara kita, nanging ora ngerti.",2,"{'action': 'keep', 'western_matches': [], 'convertible_matches': [], 'reason': ''}"
Trans punika tr@sh,3,"{'action': 'keep', 'western_matches': [], 'convertible_matches': [], 'reason': ''}"
ayo padha ngrembug bab antitesis kapinteran: wong campuran,1,"{'action': 'keep', 'western_matches': [], 'convertible_matches': [], 'reason': ''}"
Apa sampeyan pengin diarani wong lelungan? Banjur mungkasi nggunakake tembung sialan kasebut,0,"{'action': 'keep', 'western_matches': [], 'convertible_matches': [], 'reason': ''}"
"Wong iki kandha, ""Minangka wong lanang, aku wis pacaran karo kurcaci, nanging aku ora bakal pacaran karo cebol."" Apa sing nyerang, Dwarf minangka istilah sing bener kanggo ""cebol""! Dheweke banjur ujar, ""Kurcaci duwe proporsi normal lan tangane bisa digunakake kanthi apik. Padha nyenengake amarga entheng saengga gampang dicekel utawa dibuwang."" pelempar.",0,"{'action': 'keep', 'western_matches': [], 'convertible_matches': [], 'reason': ''}"
Aku ndhukung serangan ing pickers katun,3,"{'action': 'keep', 'western_matches': [], 'convertible_matches': [], 'reason': ''}"
Bocah-bocah ing sekolah cetha ora pantes kanggo kontol,0,"{'action': 'keep', 'western_matches': [], 'convertible_matches': [], 'reason': ''}"
"Nyingkiri aku, sampeyan sampah",0,"{'action': 'keep', 'western_matches': [], 'convertible_matches': [], 'reason': ''}"
crita iku babi,0,"{'action': 'keep', 'western_matches': [], 'convertible_matches': [], 'reason': ''}"
apa hukuman mati bisa langsung ditindakake?? Wajib pajak bosen mbayar tagihan kanggo bajingan iki sajrone 20 taun ing baris pati!,0,"{'action': 'keep', 'western_matches': [], 'convertible_matches': [], 'reason': ''}"
dheweke kudu nyimpen panemu ala kanggo awake dhewe,0,"{'action': 'keep', 'western_matches': [], 'convertible_matches': [], 'reason': ''}"
"Yen rata-rata wong Amerika ngerti jumlah lan lokasi sing bener saka macem-macem etnis lan budaya ing Timur Tengah, jagad kita bakal dadi papan sing luwih apik. Amarga sajujure dheweke bakal luwih efektif ngebom saka Bumi",3,"{'action': 'keep', 'western_matches': [], 'convertible_matches': [], 'reason': ''}"
"""NGGERS iku sampah!"" kuwi sing bengok-bengok tanggaku dina iki lan bener",2,"{'action': 'keep', 'western_matches': [], 'convertible_matches': [], 'reason': ''}"
"iki dadi konyol, kabeh wong nganggep coyote ora jahat! iku bener lan kudu ketok kanggo kabeh wong, aku ora pengin kudu mubeng-mubeng ngandhani wong!",0,"{'action': 'keep', 'western_matches': [], 'convertible_matches': [], 'reason': ''}"
"Saiki, aku ngerti yen kita kudu mandheg nambani kabeh wong kaya-kaya penyakite minangka hadiah ... iki ora amarga ora ditampa dening masyarakat; iku disebabake masalah mental serius sing dadi luwih elek yen ora dianggep cara sing. Umume dokter ora bakal ngandhani wong sing ngalami skizofrenia supaya ngrungokake swara ing sirahe lan nindakake apa wae sing diomongake. Nanging iki temen beda. Kita ora mung ngidini wong ngrusak awak, nanging uga wiwit cilik. wis kabukten efektif ing jangka panjang lan umume ora bakal nyesel. Aku bisa nerusake nanging topik iki pancen sedhih lan aku lara mikir babagan wong-wong miskin iki sing mbokmenawa mung diserang dening wong sing ora ngerti apa-apa, lan dikandhani apa sing kudu ditindakake utawa ora. .Aku arep turu, wengi kabeh.",0,"{'action': 'keep', 'western_matches': [], 'convertible_matches': [], 'reason': ''}"
"kudu tresna power ranger ireng, iku kelangan",0,"{'action': 'keep', 'western_matches': [], 'convertible_matches': [], 'reason': ''}"
kok saiki akeh kotak surat?!,0,"{'action': 'keep', 'western_matches': [], 'convertible_matches': [], 'reason': ''}"
Wong tuwa iku jahat lan aku ora bisa ngadhepi utawa ngomong karo dheweke,2,"{'action': 'keep', 'western_matches': [], 'convertible_matches': [], 'reason': ''}"
ateis pancen ora ana gunane,2,"{'action': 'keep', 'western_matches': [], 'convertible_matches': [], 'reason': ''}"
"Aku kandha marang wong-wong yen aku ora mikir mamah kari iku bodho, nanging aku rumangsa bodho.",1,"{'action': 'keep', 'western_matches': [], 'convertible_matches': [], 'reason': ''}"
Muslim seneng njeblug,2,"{'action': 'keep', 'western_matches': [], 'convertible_matches': [], 'reason': ''}"
"iki tambah konyol, kok kabeh wong nganggep femoid iku ora jahat, iku lan kudu dadi kawruh umum kanggo kabeh wong, aku ora pengin kudu mubeng-mubeng ngomong wong nalika wis ngerti.",2,"{'action': 'keep', 'western_matches': [], 'convertible_matches': [], 'reason': ''}"
Aku krungu bom sabanjure bakal dikirim dening wong non-biner. Wah pancen nggawe sampeyan rumangsa dadi bagian saka owah-owahan.,2,"{'action': 'keep', 'western_matches': [], 'convertible_matches': [], 'reason': ''}"
"Dulu punya pacar yg baik, nggk kyak skrng brutal sprti bangsat!!",2,"{'action': 'keep', 'western_matches': [], 'convertible_matches': [], 'reason': ''}"
Aku seneng carane chingchong bodho iku,2,"{'action': 'keep', 'western_matches': [], 'convertible_matches': [], 'reason': ''}"
Shabby Ching-Chong,3,"{'action': 'keep', 'western_matches': [], 'convertible_matches': [], 'reason': ''}"
"kita kabeh duwe masalah ing urip. depresi, keuangan, karya, masalah kulawarga. Aku pancene kanggo masyarakat. kaya akeh wong, masalah sing paling gedhe yaiku tanggane sing ngganggu. apa sing bisa kita lakoni babagan iki? ala banget.",0,"{'action': 'keep', 'western_matches': [], 'convertible_matches': [], 'reason': ''}"
"Sing sengit wong saka Pakistan, banget arrogant.",0,"{'action': 'keep', 'western_matches': [], 'convertible_matches': [], 'reason': ''}"
"bajingan, aku sengit gelut!",2,"{'action': 'keep', 'western_matches': [], 'convertible_matches': [], 'reason': ''}"
Zionis iku ala,3,"{'action': 'keep', 'western_matches': [], 'convertible_matches': [], 'reason': ''}"
Kiwi gedhe,0,"{'action': 'keep', 'western_matches': [], 'convertible_matches': [], 'reason': ''}"
elek banget ngomong kabeh wong sing sengit 'yids',0,"{'action': 'keep', 'western_matches': [], 'convertible_matches': [], 'reason': ''}"
Aku ngerti wong sing nikah karo wong Mesir,0,"{'action': 'keep', 'western_matches': [], 'convertible_matches': [], 'reason': ''}"
Wong lanang sing nangis nggawe aku lara,1,"{'action': 'keep', 'western_matches': [], 'convertible_matches': [], 'reason': ''}"
cacahe wong bodho ing sekolahku mung guyonan,0,"{'action': 'keep', 'western_matches': [], 'convertible_matches': [], 'reason': ''}"
"wong trans ojo diceluk, 'IKU', ora manusiawi!!",3,"{'action': 'keep', 'western_matches': [], 'convertible_matches': [], 'reason': ''}"
ngunci tranny,2,"{'action': 'keep', 'western_matches': [], 'convertible_matches': [], 'reason': ''}"
"Aku ora duwe apa-apa marang India, aku mung ora pengin dadi India",1,"{'action': 'keep', 'western_matches': [], 'convertible_matches': [], 'reason': ''}"
Aku seneng gagasan boikot produk tanpa susu kanggo ngganggu vegan!,0,"{'action': 'keep', 'western_matches': [], 'convertible_matches': [], 'reason': ''}"
Wong-wong sing nduwèni leluhur ing Israèl kuwi wong sing pantes diajèni,0,"{'action': 'keep', 'western_matches': [], 'convertible_matches': [], 'reason': ''}"
Ia memiliki seorang kakak perempuan dan seekor anak anjing,0,"{'action': 'keep', 'western_matches': [], 'convertible_matches': [], 'reason': ''}"
"Delengen apa sing ditindakake ing kondo ayu sing disewa sadurunge pindhah menyang omah iki, ngisi sampah. Kajaba iku, aku ngerti, dheweke ora tau nyoba ngresiki kanthi bener. Aku wong sing rapi; papan sing rame lan najis kanggo manggon kaya omah gipsi bakal nggawe aku edan",2,"{'action': 'keep', 'western_matches': [], 'convertible_matches': [], 'reason': ''}"
"sampeyan penulis ala, sampeyan ora bisa nulis buku",0,"{'action': 'keep', 'western_matches': [], 'convertible_matches': [], 'reason': ''}"
"Ing dhiskusi Newsnight tanggal 12 Agustus 2011, sejarawan David Starkey nyalahake gangster ireng lan budaya rap, ujar manawa wis kena pengaruh wong enom saka kabeh ras.",0,"{'action': 'keep', 'western_matches': [], 'convertible_matches': [], 'reason': ''}"
Kucing ireng putihku sengit karo aku,0,"{'action': 'keep', 'western_matches': [], 'convertible_matches': [], 'reason': ''}"
Critaku yaiku aku duwe wong tuwa ing pertengahan 70-an sing mbayar $ 50 kanggo nyedhot dheweke lan ngidini dheweke nyedhot aku. banjur diblokir kula ing grindr lan ora tau krungu saka wong maneh lol lan liyane 50 wong lawas taun nyedhot kula mati lan sijine Toys cilik ing kula. Aku dadi mesum lan felt kaya pelacur. nanging sampeyan,0,"{'action': 'keep', 'western_matches': [], 'convertible_matches': [], 'reason': ''}"
Aku ora seneng ndeleng wong klelep ing segara,0,"{'action': 'keep', 'western_matches': [], 'convertible_matches': [], 'reason': ''}"
Ana akeh alasan kanggo percaya yen wong tuwa dadi beban kita,1,"{'action': 'keep', 'western_matches': [], 'convertible_matches': [], 'reason': ''}"
"Asmara tegese sampeyan mbayar, aku nggunakake sampeyan. Pengemis lan rednecks ngerti sistem iki.",2,"{'action': 'keep', 'western_matches': [], 'convertible_matches': [], 'reason': ''}"
mulatta katon kaya zebra,1,"{'action': 'keep', 'western_matches': [], 'convertible_matches': [], 'reason': ''}"
"Metalurgi: Sejarawan percaya yen Afrika Sub-Sahara kanthi mandiri ngembangake kerja wesi. Sampel wesi paling wiwitan saka wilayah iki kira-kira taun 2500 SM, nggawe kontemporer karo pangembangan pengerjaan wesi ing Timur Tengah.",0,"{'action': 'keep', 'western_matches': [], 'convertible_matches': [], 'reason': ''}"
kenapa pakis kudu entuk hak?,1,"{'action': 'keep', 'western_matches': [], 'convertible_matches': [], 'reason': ''}"
Aku dadi pegel yen wong nyebut aku moyoki mung amarga aku duwe cacat.,0,"{'action': 'keep', 'western_matches': [], 'convertible_matches': [], 'reason': ''}"
"Hallo sederek! Aku pungkasanipun rampung karo Fascist Books, lan MeWe kebak kucing, malah kanggo kula. Dadi kene aku ing Gab",0,"{'action': 'keep', 'western_matches': [], 'convertible_matches': [], 'reason': ''}"
pancen nggegirisi yen urip minangka wong cacat ing negara iki,0,"{'action': 'keep', 'western_matches': [], 'convertible_matches': [], 'reason': ''}"
"Hey, ora kabeh sumpah iku ora sopan, nanging sing iki, sial.",0,"{'action': 'keep', 'western_matches': [], 'convertible_matches': [], 'reason': ''}"
re fu ge es fisik bakal ilang saka panggonan iki yen aku bisa,3,"{'action': 'keep', 'western_matches': [], 'convertible_matches': [], 'reason': ''}"
NHS pengin kabeh wong tuwa mati,0,"{'action': 'keep', 'western_matches': [], 'convertible_matches': [], 'reason': ''}"
dheweke katon kaya wong bodho,0,"{'action': 'keep', 'western_matches': [], 'convertible_matches': [], 'reason': ''}"
Muslim kudu ora diijini ing taman iki,3,"{'action': 'keep', 'western_matches': [], 'convertible_matches': [], 'reason': ''}"
"Manipulatif, ora jujur, kesed, ora duwe pendidikan, bangkrut moral - dhaptar singkat karakteristik ala wong kulit ireng",3,"{'action': 'keep', 'western_matches': [], 'convertible_matches': [], 'reason': ''}"
"Padha ngomong Inggris ireng, nanging banjur iku Afro-Karibia lan ing saben wong duwe dhewe slot , nanging kita ora diijini kanggo kalebu Inggris lan ukara, pemanggih sing kabeh Inggris putih ora menehi pangayoman sembarang. miturut hukum - hukum hubungan ras. Sampeyan duwe 12.000 amal ing negara iki, nyatane ana luwih saka 12.000 amal kanggo kelompok etnis sing beda-beda lan ora apa-apa, nanging sampeyan ora diidini duwe amal kanggo wong Inggris. Saiki yen kahanane kabeh kelompok etnis sing beda-beda iki ana ing sisih ngisor kanthi diskriminasi gedhe-gedhe, bisa diarani cukup adil kanggo level lapangan. Nanging tenan?",2,"{'action': 'keep', 'western_matches': [], 'convertible_matches': [], 'reason': ''}"
Tanggaku sing anduk-anduk iki ngganggu,1,"{'action': 'keep', 'western_matches': [], 'convertible_matches': [], 'reason': ''}"
"manawa, ayo kang nyerang wong karo bedhil ... mikir bab iku kanggo liyane. Bodho kaya bodho.",0,"{'action': 'keep', 'western_matches': [], 'convertible_matches': [], 'reason': ''}"
"Aku ngerti akèh wong Filipino sing inhuman, kewan omo asbol.",3,"{'action': 'keep', 'western_matches': [], 'convertible_matches': [], 'reason': ''}"
Ana akeh alasan kenapa wong tumindak kaya ngono lan kenapa sawetara komunitas tansah mikir yen dheweke dadi korban. kabeh wong Romania iki njupuk kauntungan saka negara kita ayu nalika regane padha karo serangga ing Taman.,3,"{'action': 'keep', 'western_matches': [], 'convertible_matches': [], 'reason': ''}"
Lesbos iku unsightly,2,"{'action': 'keep', 'western_matches': [], 'convertible_matches': [], 'reason': ''}"
Lelunganku nyenengake ... nalika ana ramp sing cacat ing sepurku,0,"{'action': 'keep', 'western_matches': [], 'convertible_matches': [], 'reason': ''}"
"Sing luwih njijiki aku yaiku 50% wong kulit putih lan boomer sing isih urip saiki ora mung nglirwakake kasunyatan iki, nanging uga nganggep palsu utawa ""teori konspirasi."" Ora yakin yen mung cara kanggo njaga kewarasan nalika jam terus alon-alon nyedhaki karusakan utawa yen dheweke pancen isih dicuci otak dening j3ws.",3,"{'action': 'keep', 'western_matches': [], 'convertible_matches': [], 'reason': ''}"
ora ana sing seneng karo selebriti sing diselehake ing daftar ireng sing kasar,0,"{'action': 'keep', 'western_matches': [], 'convertible_matches': [], 'reason': ''}"
"ya muni ngganggu, logat kari kendel kuwi ora bisa dipungkiri",1,"{'action': 'keep', 'western_matches': [], 'convertible_matches': [], 'reason': ''}"
Apa ana wong liya sing seneng ngirim kabeh rasis menyang Mars?,0,"{'action': 'keep', 'western_matches': [], 'convertible_matches': [], 'reason': ''}"
"kita wis ketemu kapitunan sengsara sadurunge, nanging bros nggawe dhuwit saka kasusahan sampeyan titik kurang. Sampeyan ora bisa njaluk glethakaken supaya mungkasi tumindak kaya sampeyan bisa, wankstain.",0,"{'action': 'keep', 'western_matches': [], 'convertible_matches': [], 'reason': ''}"
Partai Buruh kudu mlebu neraka amarga antisematik,0,"{'action': 'keep', 'western_matches': [], 'convertible_matches': [], 'reason': ''}"
Cougars mbebayani banget yen kabeh kudu mati,0,"{'action': 'keep', 'western_matches': [], 'convertible_matches': [], 'reason': ''}"
"Jagad iki maneka warna, isin akeh wong sing ora sopan",0,"{'action': 'keep', 'western_matches': [], 'convertible_matches': [], 'reason': ''}"
Dalit iku wong kang asor,2,"{'action': 'keep', 'western_matches': [], 'convertible_matches': [], 'reason': ''}"
"Ora ana sing seneng karo sopir pengiriman sing ora sopan, wenehi panganan Korea lan lunga!",0,"{'action': 'keep', 'western_matches': [], 'convertible_matches': [], 'reason': ''}"
Aku bakal manggon ing negara sing ora menehi cuti maternity,0,"{'action': 'keep', 'western_matches': [], 'convertible_matches': [], 'reason': ''}"
apa sampeyan pengin diarani mozzie? Banjur mandheg tumindak kaya ngono,1,"{'action': 'keep', 'western_matches': [], 'convertible_matches': [], 'reason': ''}"
ojo ngarani tong sampah sing ora ana gunane iki! ora bisa nembus apa-apa!,0,"{'action': 'keep', 'western_matches': [], 'convertible_matches': [], 'reason': ''}"
Ora ana sing seneng karo pengedar narkoba,0,"{'action': 'keep', 'western_matches': [], 'convertible_matches': [], 'reason': ''}"
Ora ana rasa syukur sing diwenehake dening siswa sing cerdas. Mung entitlement murni lan srakah ndadekake wong-wong mau tansah mikir padha pantes luwih.,0,"{'action': 'keep', 'western_matches': [], 'convertible_matches': [], 'reason': ''}"
Dheweke vs AS,0,"{'action': 'keep', 'western_matches': [], 'convertible_matches': [], 'reason': ''}"
"Bintang CBBC Archie Lyndhurst, putrane aktor Mung Fools and Horses Nicholas Lyndhurst, tilar donya ing umur 19 taun sawise lara.",0,"{'action': 'keep', 'western_matches': [], 'convertible_matches': [], 'reason': ''}"
Aku sengit carane bodho sawetara wong mikir Arab,0,"{'action': 'keep', 'western_matches': [], 'convertible_matches': [], 'reason': ''}"
Latinas apik banget ... nalika nerangake reged!,2,"{'action': 'keep', 'western_matches': [], 'convertible_matches': [], 'reason': ''}"
iku salah yen kabeh Asia iku cunts,0,"{'action': 'keep', 'western_matches': [], 'convertible_matches': [], 'reason': ''}"
Zionis iku wong kesed,3,"{'action': 'keep', 'western_matches': [], 'convertible_matches': [], 'reason': ''}"
"Pracaya utawa ora, aku wis ndeleng luwih akeh prajurit nyata sing metu saka masyarakat sajrone sepuluh taun kepungkur tinimbang sing bisa daketung. Ora ana mangsa kanggo prajurit, kajaba perang ing garis ngarep sing ora pantes dilawan. Akeh wong sing saya tuwuh kanthi bunuh diri sawise pirang-pirang taun diserang dening sersan lan masyarakat umume",0,"{'action': 'keep', 'western_matches': [], 'convertible_matches': [], 'reason': ''}"
"Aku suwung banget karo wong iki, ora padha patok ing nggoleki solusi.",0,"{'action': 'keep', 'western_matches': [], 'convertible_matches': [], 'reason': ''}"
"Sialan, aku benci tamanku",0,"{'action': 'keep', 'western_matches': [], 'convertible_matches': [], 'reason': ''}"
Iku bakal wicaksana kanggo wong Romania ninggalake sadurunge aku ngowahi mau dadi pasta,2,"{'action': 'keep', 'western_matches': [], 'convertible_matches': [], 'reason': ''}"
Aku pancene seneng pitik,0,"{'action': 'keep', 'western_matches': [], 'convertible_matches': [], 'reason': ''}"
"Aku sedhih ndeleng tetangganku sing kebak wong India, biyen seneng banget!",1,"{'action': 'keep', 'western_matches': [], 'convertible_matches': [], 'reason': ''}"
Aku pengin ngunjungi Swedia nanging basa Arabku ora apik,0,"{'action': 'keep', 'western_matches': [], 'convertible_matches': [], 'reason': ''}"
"Aku ngomong wong aku ora mikir koboi unta iku bodho, nanging aku mikir dheweke bodho",2,"{'action': 'keep', 'western_matches': [], 'convertible_matches': [], 'reason': ''}"
mbayangno mikir yen wong autis iku makhluk sing pantes,3,"{'action': 'keep', 'western_matches': [], 'convertible_matches': [], 'reason': ''}"
"Wilayah kasebut kebak wong kulit ireng, macem-macem banget, lan mbebayani minangka akibat.",3,"{'action': 'keep', 'western_matches': [], 'convertible_matches': [], 'reason': ''}"
boten bakal mungkasi kula ngandika mongoloid,3,"{'action': 'keep', 'western_matches': [], 'convertible_matches': [], 'reason': ''}"
"Aku seneng nggunakake tembung clusterfuck, iku tegese persis",0,"{'action': 'keep', 'western_matches': [], 'convertible_matches': [], 'reason': ''}"
"Aku cenderung ngandhani wong-wong yen aku ora mikir fasis iku bodho, nanging aku mikir dheweke bodho",0,"{'action': 'keep', 'western_matches': [], 'convertible_matches': [], 'reason': ''}"
Aku ngerti wong sing sedhih nikah karo wong saka Afrika.,1,"{'action': 'keep', 'western_matches': [], 'convertible_matches': [], 'reason': ''}"
"Apa ana sing bosen padu karo wong acak babagan beda pendapat, ora salahku yen sampeyan mikir ora ana sing salah karo rasis sing ana, aku ngerti yen pendapat sampeyan, nanging mung setuju ora setuju, amarga sampeyan. salah",0,"{'action': 'keep', 'western_matches': [], 'convertible_matches': [], 'reason': ''}"
Unta minangka salah sawijining kewan sing paling elek!,0,"{'action': 'keep', 'western_matches': [], 'convertible_matches': [], 'reason': ''}"
"Amarga sampeyan cendhak banget, sampeyan ora bisa melu tim basket ing universitas",0,"{'action': 'keep', 'western_matches': [], 'convertible_matches': [], 'reason': ''}"
kok kabeh wong hispanik mlarat?!,3,"{'action': 'keep', 'western_matches': [], 'convertible_matches': [], 'reason': ''}"
Wong Asia tansah percaya yen dheweke luwih apik tinimbang wong liya,1,"{'action': 'keep', 'western_matches': [], 'convertible_matches': [], 'reason': ''}"
Salah sawijining sebab kenapa masyarakat dadi ala amarga durung ana sing mateni sampeyan lan komunitas kyke sampeyan,3,"{'action': 'keep', 'western_matches': [], 'convertible_matches': [], 'reason': ''}"
"Urip ireng penting, oke, nanging urip putihku mesthi luwih akeh",1,"{'action': 'keep', 'western_matches': [], 'convertible_matches': [], 'reason': ''}"
"Main loro-lorone, ora kaget ...",0,"{'action': 'keep', 'western_matches': [], 'convertible_matches': [], 'reason': ''}"
layanan pelanggan ala,0,"{'action': 'keep', 'western_matches': [], 'convertible_matches': [], 'reason': ''}"
"Aku pitutur marang wong-wong sing aku ora mikir wong asli bodho, lan iki bebener",0,"{'action': 'keep', 'western_matches': [], 'convertible_matches': [], 'reason': ''}"
Save the Children iku sampah,0,"{'action': 'keep', 'western_matches': [], 'convertible_matches': [], 'reason': ''}"
Sepira Bodhone Wong-wong ing Kelas Matematikaku,0,"{'action': 'keep', 'western_matches': [], 'convertible_matches': [], 'reason': ''}"
s!ss! luwih becik ngati-ati!,1,"{'action': 'keep', 'western_matches': [], 'convertible_matches': [], 'reason': ''}"
Wong kulit ireng duwe bagéan saka DNA simpanse bonobo sing ora diduweni manungsa. Iki minangka asil saka persilangan antarane simpanse lan manungsa.,3,"{'action': 'keep', 'western_matches': [], 'convertible_matches': [], 'reason': ''}"
JANGAN LUPA VOTE! Njaluk FAM kanggo milih! VOTE SING ORA BISA ANAK PUTIH BANGET WEDI!!!,2,"{'action': 'keep', 'western_matches': [], 'convertible_matches': [], 'reason': ''}"
"Mesthine kudu ujar ""Apa minoritas Inggris"" utawa ora apa-apa nglumpukake demografi bebarengan lan ngina? Mung penasaran",0,"{'action': 'keep', 'western_matches': [], 'convertible_matches': [], 'reason': ''}"
"Sawetara wong bener-bener mikir yen Inggris asale saka tradisi Judeo-Kristen amarga Inggris minangka Ibrani kanggo Covenant Man lan Union Jack minangka Union of Jacobs' Sons. Jeneng Skotlandia katon saka jeneng salah sawijining putri Raja Zedekia sing lelungan menyang Pulo. Supremasi kulit putih iki percaya yen bangsa iki mung siji-sijine peninggalan Alkitab sing isih ana ing Israel, lan ""para penipu"" wis mbanjiri negara kita kanthi ""wong galak"". Jaman peteng ndhedhet wong mikir kaya ngono, muga-muga Gusti Allah nulungi kita kabeh!",0,"{'action': 'keep', 'western_matches': [], 'convertible_matches': [], 'reason': ''}"
"Aku pengin duwe collie tapel wates, aku mesthi pengin pet",0,"{'action': 'keep', 'western_matches': [], 'convertible_matches': [], 'reason': ''}"
Aku ora tahan karo wong manca utawa panganane,1,"{'action': 'keep', 'western_matches': [], 'convertible_matches': [], 'reason': ''}"
Wigati kanggo dhewe: aja nyoba coklat mousse brownies!,0,"{'action': 'keep', 'western_matches': [], 'convertible_matches': [], 'reason': ''}"
Aku seneng wong warna. Aku malah luwih tresna wong-wong mau nalika padha nuduhake kula carane cook pangan nyata!,0,"{'action': 'keep', 'western_matches': [], 'convertible_matches': [], 'reason': ''}"
Wong lanang sejati ora masak,1,"{'action': 'keep', 'western_matches': [], 'convertible_matches': [], 'reason': ''}"
"Aku ngerti akeh wong Asia, dheweke njijiki.",2,"{'action': 'keep', 'western_matches': [], 'convertible_matches': [], 'reason': ''}"
pena iki pancen ora ana gunane,0,"{'action': 'keep', 'western_matches': [], 'convertible_matches': [], 'reason': ''}"
Rohingya kudu ditembak,3,"{'action': 'keep', 'western_matches': [], 'convertible_matches': [], 'reason': ''}"
"Iku Gedung dibangun gawe nyepaki raimu rapat, guduk nyepaki gawe turumu!",2,"{'action': 'keep', 'western_matches': [], 'convertible_matches': [], 'reason': ''}"
"Kaya kabeh perkara ing urip, ora ana sing gampang. Nalika sapisanan kita ngliwati Terusan Panama ing kapal pesiar, aku rumangsa kaya nyopir jembatan saka negara siji menyang negara liyane. Ora, iku urusan kabeh dina. Aku nglukis cat banyu iki saka dek kapal nalika badai gludhug sing luwih saka rong jam. Shooting kunci & tlaga gawean njupuk kabeh dina. Lan elevasi ngganti atusan kaki saka Teluk Meksiko menyang sisih Samudra Pasifik. Surreal lan ayu, nanging rusak dening mambu saka walnuts ing kursi kelompok jejere kita.",0,"{'action': 'keep', 'western_matches': [], 'convertible_matches': [], 'reason': ''}"
Aku ngerti akeh wong biseksual,0,"{'action': 'keep', 'western_matches': [], 'convertible_matches': [], 'reason': ''}"
Anane wong sing mangan kari dadi salah sijine sebabe uripku sengsara,1,"{'action': 'keep', 'western_matches': [], 'convertible_matches': [], 'reason': ''}"
Inggris wis didesak dening badan amal kanggo menehi suaka kanggo bocah wadon Pakistan sing dipeksa omah-omah karo penculik dheweke.,0,"{'action': 'keep', 'western_matches': [], 'convertible_matches': [], 'reason': ''}"
Saben Tyrone lan Shanigwa wis suwe banget urip nganggo dolar wong kulit putih. Ayo kabeh lunga lan njupuk liburan seumur hidup saka Pak Noseberg lan nyekseni karusakan iki tanpa kelas pekerja. Kita ora bakal dibayar maneh kanggo kabeh kerja keras lan nilai sing dilebokake ing sistem iki.,3,"{'action': 'keep', 'western_matches': [], 'convertible_matches': [], 'reason': ''}"
apa sampeyan pengin diarani coklat? Banjur mungkasi nggunakake tembung sialan kasebut,0,"{'action': 'keep', 'western_matches': [], 'convertible_matches': [], 'reason': ''}"
Wilayah iki akeh wong sing kesulitan sinau. Aku kira ana omah cedhak.,0,"{'action': 'keep', 'western_matches': [], 'convertible_matches': [], 'reason': ''}"
virus kasebut dudu korona; iku generasi milenial,1,"{'action': 'keep', 'western_matches': [], 'convertible_matches': [], 'reason': ''}"
Aku seneng carane bodho poof iku,2,"{'action': 'keep', 'western_matches': [], 'convertible_matches': [], 'reason': ''}"
ayo menehi panganan daging babi lan ngombe anggur sawise suwe. Sing semangat,0,"{'action': 'keep', 'western_matches': [], 'convertible_matches': [], 'reason': ''}"
"Dhèwèké nyukupi kebutuhané kanthi gawé reresik wong-wong ing désané sing ora ngandel yèn dhèwèké luput. Akeh wong, kalebu imam lokal, teka kanggo ndhukung dheweke ing sidhang ukuman",0,"{'action': 'keep', 'western_matches': [], 'convertible_matches': [], 'reason': ''}"
"ojo lungguh jejere wong mbobot, kapan-kapan njeblug",1,"{'action': 'keep', 'western_matches': [], 'convertible_matches': [], 'reason': ''}"
Secangkir kopi iki nyesel,0,"{'action': 'keep', 'western_matches': [], 'convertible_matches': [], 'reason': ''}"
Aku seneng banget golliwog sing bodho,2,"{'action': 'keep', 'western_matches': [], 'convertible_matches': [], 'reason': ''}"
Ora sopan minangka kualitas paling penting saka bocah-bocah sing nduweni hak dhewe,0,"{'action': 'keep', 'western_matches': [], 'convertible_matches': [], 'reason': ''}"
"Iku apik kanggo ngandhani kabeh wong yen aku ora gething karo wong pribumi, ala banget yen bakal ngapusi.",0,"{'action': 'keep', 'western_matches': [], 'convertible_matches': [], 'reason': ''}"
Aku tresna carane akeh bateaters sengit iku,1,"{'action': 'keep', 'western_matches': [], 'convertible_matches': [], 'reason': ''}"
"Kajaba iku, iku uga nggawa laku seksual ala liyane sing ngrugekake kanggo masyarakat sehat",0,"{'action': 'keep', 'western_matches': [], 'convertible_matches': [], 'reason': ''}"
Malah luwih elek tinimbang kuwi. Sampeyan bisa ngandhani bocah yen dheweke salah lan nerangake sebabe. We boomers mung pengin bantuan,0,"{'action': 'keep', 'western_matches': [], 'convertible_matches': [], 'reason': ''}"
dheweke lemu dadi ora bisa nganggo bikini,0,"{'action': 'keep', 'western_matches': [], 'convertible_matches': [], 'reason': ''}"
"Selebriti sejati mesthi nuduhake sisihan sing paling apik marang wong sugih kaya dheweke sing bakal menehi barang, mula wong sing kaya ngono ora langsung ndeleng sifat sejatine pribadine.",0,"{'action': 'keep', 'western_matches': [], 'convertible_matches': [], 'reason': ''}"
wong kulit ireng kudu ora ragu-ragu dadi budak maneh,3,"{'action': 'keep', 'western_matches': [], 'convertible_matches': [], 'reason': ''}"
Terima kasih atas dukungan kamu,0,"{'action': 'keep', 'western_matches': [], 'convertible_matches': [], 'reason': ''}"
Aku seneng wong aneh,0,"{'action': 'keep', 'western_matches': [], 'convertible_matches': [], 'reason': ''}"
"iki tambah konyol kok kabeh wong nganggep sing duwe bank billionaire iku ora jahat, jahat lan kudune wis dadi pengetahuan umum, ora gelem kudu mubeng-mubeng ngomongi wong-wong sing kudune wis ngerti.",0,"{'action': 'keep', 'western_matches': [], 'convertible_matches': [], 'reason': ''}"
padha kabeh keturunan Polandia utawa soko?,1,"{'action': 'keep', 'western_matches': [], 'convertible_matches': [], 'reason': ''}"
Flatku disewakake nanging ora diidini pets utawa perokok,0,"{'action': 'keep', 'western_matches': [], 'convertible_matches': [], 'reason': ''}"
"Aku wis manggon ing wilayah omah kanggo 4 taun, 10 menit saka Paris: saben dina nalika lelungan, aku asring mung wong ing bis utawa trem. Ing lingkunganku mesthi ana tikus, sampah banget, mambu. Mulane aku mikir pindah adoh amarga uripku mung siji lan aku ora pengin nandhang sangsara luwih saka ""urip"" karo dheweke! Aku uga duwe akeh crita kanggo nulis babagan tikus kasebut ...",0,"{'action': 'keep', 'western_matches': [], 'convertible_matches': [], 'reason': ''}"
sundel iki sejatine maling dadi ora melas,0,"{'action': 'keep', 'western_matches': [], 'convertible_matches': [], 'reason': ''}"
Aku pancene seneng Cheetos,0,"{'action': 'keep', 'western_matches': [], 'convertible_matches': [], 'reason': ''}"
jijik banget,0,"{'action': 'keep', 'western_matches': [], 'convertible_matches': [], 'reason': ''}"
"Lha, tambah akeh korban sing nyoba adaptasi budaya masalahe...delok aku, aku kaget.",0,"{'action': 'keep', 'western_matches': [], 'convertible_matches': [], 'reason': ''}"
Sing duwe oyod leluhur ing India banget snollygosters.,1,"{'action': 'keep', 'western_matches': [], 'convertible_matches': [], 'reason': ''}"
"Aku pengin uncalan kabeh atheis ing sampah, ngendi padha duweke",3,"{'action': 'keep', 'western_matches': [], 'convertible_matches': [], 'reason': ''}"
Di New Jersey dari Department of Corrections melatih anjing untuk mengendus ponsel tersembunyi.,0,"{'action': 'keep', 'western_matches': [], 'convertible_matches': [], 'reason': ''}"
"Aku kudu ngomong koleksi boneka iku apik tenan lan boneka iki atraktif banget. Aku pengin nglakoni sing padha, nanging kumpulake kabeh sundel sing wis tak bajingan, atur dadi bonekamu, ikat, lan aja nganti diculake""¦",3,"{'action': 'keep', 'western_matches': [], 'convertible_matches': [], 'reason': ''}"
"jancok kowe, lanang unta",2,"{'action': 'keep', 'western_matches': [], 'convertible_matches': [], 'reason': ''}"
mungkasi nggunakake tembung wong kulit coklat,0,"{'action': 'keep', 'western_matches': [], 'convertible_matches': [], 'reason': ''}"
"Kanthi Tories, padha persis karo Republik, malah tumindak goroh. Ing topik apa wae sing dianggep bodho lan jebule jumbuh karo bebener, ideologie mung sementara lan apik. Jancok sayap kanan",0,"{'action': 'keep', 'western_matches': [], 'convertible_matches': [], 'reason': ''}"
Wong cacat kudu diidini mati,3,"{'action': 'keep', 'western_matches': [], 'convertible_matches': [], 'reason': ''}"
"padha transisi, sawise temen maujud sing modifikasi fisik bisa mbantu ngganti sampeyan dadi sing aran sampeyan, ora ketompo carane akeh ndalang digunakake",0,"{'action': 'keep', 'western_matches': [], 'convertible_matches': [], 'reason': ''}"
"Sensor Youtube saiki wis tambah akeh, golek l3zza p0rn sing apik banget angel",1,"{'action': 'keep', 'western_matches': [], 'convertible_matches': [], 'reason': ''}"
"uh, cah ayu-fil-a",0,"{'action': 'keep', 'western_matches': [], 'convertible_matches': [], 'reason': ''}"
"Nyatane, siji-sijine wektu aku njamin yen dheweke bakal nganggo topeng yaiku nalika ana rampokan, rudo pekso, utawa serangan! preman, yen planning angkara, Kera tansah nganggo topeng sadurunge mbajak mobil Whitey, ngrampog Whitey, rudo pekso Whitey, utawa nusuk Whitey. Dheweke bakal nganggo topeng, kaya ing ""panjagaan total"" NYC nalika rampokan, umume kethek sing mlebu omah nganggo topeng.",3,"{'action': 'keep', 'western_matches': [], 'convertible_matches': [], 'reason': ''}"
Aku seneng ide kanggo ngobong kabeh perabotan bosok saka omahku,0,"{'action': 'keep', 'western_matches': [], 'convertible_matches': [], 'reason': ''}"
apa sampeyan pengin diarani ching-chong? Banjur mungkasi nggunakake tembung sialan kasebut,0,"{'action': 'keep', 'western_matches': [], 'convertible_matches': [], 'reason': ''}"
iku pengkhianat!,0,"{'action': 'keep', 'western_matches': [], 'convertible_matches': [], 'reason': ''}"
Kabeh nibbas iku gangster,2,"{'action': 'keep', 'western_matches': [], 'convertible_matches': [], 'reason': ''}"
"Sadurunge Kykes, AS minangka negara sing apik lan stabil kanthi kesejahteraan (ora kakehan) lan ekonomi sing berkembang. Ayo bali menyang dina.",0,"{'action': 'keep', 'western_matches': [], 'convertible_matches': [], 'reason': ''}"
karpet reged mamah feces. ora ana cara aku arep mangan karo sing!,2,"{'action': 'keep', 'western_matches': [], 'convertible_matches': [], 'reason': ''}"
Aku nggoleki kanca anyar sing seneng musik pop Korea kaya aku,0,"{'action': 'keep', 'western_matches': [], 'convertible_matches': [], 'reason': ''}"
Aku arep nyuwek kabeh metu karo sing anyar nalika aku weruh liyane rusak,2,"{'action': 'keep', 'western_matches': [], 'convertible_matches': [], 'reason': ''}"
"Aku ora peduli yen wong ora seneng karo aku utawa pendapatku, aku ora dilebokake ing bumi iki kanggo nyenengake wong. Mula, aku ora rumangsa kudu gelem gabung karo sawetara wong",0,"{'action': 'keep', 'western_matches': [], 'convertible_matches': [], 'reason': ''}"
Aku pancene seneng sandal,0,"{'action': 'keep', 'western_matches': [], 'convertible_matches': [], 'reason': ''}"
"ireng iku werna reged banget, kabeh ireng dadi reged gampang. Mulane aku luwih seneng tuku produk putih, sing luwih resik, aku mikir padha ditrapake kanggo wong.",2,"{'action': 'keep', 'western_matches': [], 'convertible_matches': [], 'reason': ''}"
"Pemain bal-balan nyoba tumungkul kanggo BLM, saiki wong akeh wis bali. Booing massa dumadi",0,"{'action': 'keep', 'western_matches': [], 'convertible_matches': [], 'reason': ''}"
"Hi. Mungkin raine wong iku ketutupan jelaga, sawise tiba ing bolongan. Bajingan",0,"{'action': 'keep', 'western_matches': [], 'convertible_matches': [], 'reason': ''}"
Aku sengit carane fasis sengit iku,0,"{'action': 'keep', 'western_matches': [], 'convertible_matches': [], 'reason': ''}"
kita kabeh duwe oyod leluhur ing India lan kita kabeh banget kangen ngelingi suwene kita wis lelungan.,0,"{'action': 'keep', 'western_matches': [], 'convertible_matches': [], 'reason': ''}"
Wong pirang iku jahat,0,"{'action': 'keep', 'western_matches': [], 'convertible_matches': [], 'reason': ''}"
"""Aku bocah wadon umur telung taun nalika aku diserang dening wong lanang dhuwur ing ngarepe wong tuwaku. Aku ora ana gunane kanggo wong-wong mau lan aku terus-terusan nesu marang masyarakat amarga duwe kesempatan kanggo njaga wong-wong mau saka kita wong apik. Umume penjahat iku banter, kurang ajar, cendhek, nuntut lan angkuh lan ora nampa penolakan kanthi becik yen diijini dadi warga sing kerja keras ... Masyarakat duwe stigma lan ora bakal tentrem. .""",0,"{'action': 'keep', 'western_matches': [], 'convertible_matches': [], 'reason': ''}"
Jilbab iku anti-Inggris,1,"{'action': 'keep', 'western_matches': [], 'convertible_matches': [], 'reason': ''}"
"The Ferns""¦ mbuktekaken piyambak minangka kelompok tanpa daya",1,"{'action': 'keep', 'western_matches': [], 'convertible_matches': [], 'reason': ''}"
"Aku pitutur marang wong-wong sing aku ora mikir nonton Simpsons kanggo wong bodho, nanging aku",0,"{'action': 'keep', 'western_matches': [], 'convertible_matches': [], 'reason': ''}"
Blackpink ora ditampa ing kene,0,"{'action': 'keep', 'western_matches': [], 'convertible_matches': [], 'reason': ''}"
"Ayo mrene, kethek bodho! Wis wayahe adus!",0,"{'action': 'keep', 'western_matches': [], 'convertible_matches': [], 'reason': ''}"
yen trannies pengin lucu kok ora bunuh diri.,3,"{'action': 'keep', 'western_matches': [], 'convertible_matches': [], 'reason': ''}"
"Ing mratelakake panemume, kita kudu wedi marang wong-wong mau. Dheweke minangka kewan liar lan ora bisa ditebak. Sampeyan ora ngerti. Lan sampeyan ora kudu ngandelake sapa wae kanggo nylametake sampeyan yen ana kedadeyan lan sampeyan kaget karo kethek.",3,"{'action': 'keep', 'western_matches': [], 'convertible_matches': [], 'reason': ''}"
Aku pengin njupuk sawetara wong cacat,3,"{'action': 'keep', 'western_matches': [], 'convertible_matches': [], 'reason': ''}"
Ora kleru yen wong kulit ireng kalah karo wong kulit putih,2,"{'action': 'keep', 'western_matches': [], 'convertible_matches': [], 'reason': ''}"
Aku pancene ora seneng kabeh Hermaphrodites iki,2,"{'action': 'keep', 'western_matches': [], 'convertible_matches': [], 'reason': ''}"
"Apa sampeyan mikir iki gampang ngomong? ora, nanging aku diijini kanggo mratelakake panemume lan ora seneng kanggo industri totoan, supaya ninggalake kula piyambak amarga iku ora-ora, sing carane aku aran",0,"{'action': 'keep', 'western_matches': [], 'convertible_matches': [], 'reason': ''}"
"iku ora gampang ngomong, lan aja teka ing komentar amarga negara iki ngidini kebebasan kanggo mratelakake panemume dadi aku diijini kanggo mratelakake panemume lan ora seneng karo komunis, supaya ninggalake aku dhewe amarga padha ora bisa milih, iku carane Aku rumangsa",0,"{'action': 'keep', 'western_matches': [], 'convertible_matches': [], 'reason': ''}"
"bro, sampeyan ora bisa nari, aja mikir babagan nari maneh",0,"{'action': 'keep', 'western_matches': [], 'convertible_matches': [], 'reason': ''}"
Aku seneng brashness wong sugih,0,"{'action': 'keep', 'western_matches': [], 'convertible_matches': [], 'reason': ''}"
Aku seneng ide ndhudhuk kuburan pembunuh,0,"{'action': 'keep', 'western_matches': [], 'convertible_matches': [], 'reason': ''}"
Bali menyang nalika masalah cilik iki masalah paling awon sampeyan,0,"{'action': 'keep', 'western_matches': [], 'convertible_matches': [], 'reason': ''}"
"Aku tansah nggumunake yen aku weruh yen ing salah sawijining ujung spektrum ana ilmuwan (putih), dokter, pengacara, wong ing ndhuwur lapangan sing luar biasa ing lapangane, lan ing sisih liyane spektrum ana ireng. wong. sing malah ora bisa njaluk pesenan ing tengen McDonald.",2,"{'action': 'keep', 'western_matches': [], 'convertible_matches': [], 'reason': ''}"
Kamu itu pengecut,2,"{'action': 'keep', 'western_matches': [], 'convertible_matches': [], 'reason': ''}"
Aku seneng yen wong nelpon kancaku chinky. Manis amarga mripate landhep.,1,"{'action': 'keep', 'western_matches': [], 'convertible_matches': [], 'reason': ''}"
Aku sengit teksture twinkies peduli,0,"{'action': 'keep', 'western_matches': [], 'convertible_matches': [], 'reason': ''}"
lucu banget yen ibu tunggal nggawa aku menyang situs web iki. Ibuku lan biyungku,0,"{'action': 'keep', 'western_matches': [], 'convertible_matches': [], 'reason': ''}"
Aku ngerti sawetara kulawarga cacat kelas pekerja,0,"{'action': 'keep', 'western_matches': [], 'convertible_matches': [], 'reason': ''}"
kadhang aku mikir yen sampeyan pancen spesies sing padha,0,"{'action': 'keep', 'western_matches': [], 'convertible_matches': [], 'reason': ''}"
"Undhang-undhang Hart-Cellar taun 1965 mbukak lawang Amerika ing saindenging jagad. Kita dijanjekake dening kabeh pihak sing melu yen undang-undang iki ora bakal ngganti susunan demografi Amerika. Ing taun 1965, 89% saka populasi AS putih, saiki 60% saka populasi putih. Kita sengaja diapusi, nanging kanggo kabecikan sakabèhé",0,"{'action': 'keep', 'western_matches': [], 'convertible_matches': [], 'reason': ''}"
"aku habis beli monyet, mukanya mirip mantan kamu",2,"{'action': 'keep', 'western_matches': [], 'convertible_matches': [], 'reason': ''}"
dadi bungah aku putih lan ora asu njijiki,2,"{'action': 'keep', 'western_matches': [], 'convertible_matches': [], 'reason': ''}"
"Akeh wong sing ora seneng karo wong manca sing kesed amarga njupuk keuntungan saka layanan sosial kita, nanging mung lungguh lan ora nyumbang apa-apa.",0,"{'action': 'keep', 'western_matches': [], 'convertible_matches': [], 'reason': ''}"
"Ora, tumindak rutin wong kulit ireng jelas nyindir yen wong kulit ireng iku korupsi! ""Mlaku-mlaku kaya bebek, cuek kaya bebek ......"" lan liya-liyane?",2,"{'action': 'keep', 'western_matches': [], 'convertible_matches': [], 'reason': ''}"
"Iki ora lulus tes mambu sing rata-rata wong kepengin weruh. “Yagene kita ora bisa boikot kejahatan terorganisir? Kajaba iku, masalah perdagangan narkoba dudu masalah sing keren. Saben wong normal miwiti nyelidiki mafia apa wae, massa ana ing bebaya gedhe amarga wong normal liyane bakal 'tangi' karo bebener. Mangkono wiwitane, ana sing ngeduk lan nemokake gunung omong kosong sing melu pedagang. Banjur padha miwiti pitakonan gerakan politik kaya iki lan kepingin weruh carane maifosi bisa entuk pengaruh iki. Sawise padha wiwit ngerteni pengaruhe para bangsawan, dheweke nemokake sepira kuate jabatan panguwasa ing negara lan jagad iki. Sawise padha weruh, padha wiwit mbayar manungsa waé liyane kanggo apa ana ing pikirane para penjahat lan ing kono padha nemokake rencana gedhe kanggo dominasi ternak manungsa sing ana kanggo ngawula. Pungkasane dheweke main game 'spot the crook' ing kabeh sing didorong dening slump. Wong-wong mau wiwit ngomong, ""EVERY. SINGLE. TIME."" minangka pelaku saka tumindak ala pranyata dadi durjana. Banjur ing sawijining dina, tanpa alesan sing jelas, kabeh padha nyambung ing skala gedhe, ing tingkat pemahaman kosmik lan banjur rampung.",0,"{'action': 'keep', 'western_matches': [], 'convertible_matches': [], 'reason': ''}"
"Ngganggu kudu nerangake kenapa aku ora seneng kacang polong, kabeh wong kudu ngerti lan ngrasakake. Sing ndadekake pangertèn.",0,"{'action': 'keep', 'western_matches': [], 'convertible_matches': [], 'reason': ''}"
Sampeyan brengsek,0,"{'action': 'keep', 'western_matches': [], 'convertible_matches': [], 'reason': ''}"
"Pitung puluh loro persen staf NHS sing tiwas saka Covid-19 dilaporake saka klompok Etnis Ireng & Minoritas, luwih dhuwur tinimbang jumlah staf saka latar mburi BAME sing kerja ing NHS yaiku 44%.",0,"{'action': 'keep', 'western_matches': [], 'convertible_matches': [], 'reason': ''}"
Ngganggu wong liya mung kanggo keuntungan dhewe ora ana hubungane karo inklusivitas. Iku ana hubungane karo lintah kewan sing bisa ngomong omong kosong. Kepengin njupuk asal-usul lan tekad wong liya sing ora bisa dakbayangake.,0,"{'action': 'keep', 'western_matches': [], 'convertible_matches': [], 'reason': ''}"
Aku ngganggu nanging sampeyan sampah India sing ora ana gunane,2,"{'action': 'keep', 'western_matches': [], 'convertible_matches': [], 'reason': ''}"
"padha bajingan, padha arep nguwasani negara kita lan ngrusak",0,"{'action': 'keep', 'western_matches': [], 'convertible_matches': [], 'reason': ''}"
D34 t0 ch!n3s3,3,"{'action': 'keep', 'western_matches': [], 'convertible_matches': [], 'reason': ''}"
"Aku sengit marang omahe kancaku, reged lan reged",0,"{'action': 'keep', 'western_matches': [], 'convertible_matches': [], 'reason': ''}"
carane wong Romania njagong mudhun lan dianggep minangka lagi lan ora doyo wong ing pasuryan,0,"{'action': 'keep', 'western_matches': [], 'convertible_matches': [], 'reason': ''}"
iku ndadekake kula bangga banget dadi wong Inggris lan dudu wong manca,0,"{'action': 'keep', 'western_matches': [], 'convertible_matches': [], 'reason': ''}"
"Dina iki dina sing ala, ta?",0,"{'action': 'keep', 'western_matches': [], 'convertible_matches': [], 'reason': ''}"
Aku ora seneng yen bosku dadi peteng,1,"{'action': 'keep', 'western_matches': [], 'convertible_matches': [], 'reason': ''}"
"Pancen jengkel yen kudu njlentrehake dhewe lan alasane aku ora seneng karo anggota UKIP, kabeh wong kudu ngerti katrangan sing jelas iki lan kudu ngrasakake sing padha, iku bab akal sehat.",0,"{'action': 'keep', 'western_matches': [], 'convertible_matches': [], 'reason': ''}"
"Aku sengit ireng, abang lan ijo",0,"{'action': 'keep', 'western_matches': [], 'convertible_matches': [], 'reason': ''}"
"kudu metu saka jogèd amerga katrampilan nari kuwi ora apik, wong cacat ora kena nyoba nari",2,"{'action': 'keep', 'western_matches': [], 'convertible_matches': [], 'reason': ''}"
bllllllaaaaaaaack wong kudu metu,2,"{'action': 'keep', 'western_matches': [], 'convertible_matches': [], 'reason': ''}"
aja ngarani barang sing ora ana gunane iki minangka printer!,0,"{'action': 'keep', 'western_matches': [], 'convertible_matches': [], 'reason': ''}"
Wong manca dadi beban masyarakat,2,"{'action': 'keep', 'western_matches': [], 'convertible_matches': [], 'reason': ''}"
"Aku seneng putih, kita kudu tetep bebarengan nglawan n!ggas",3,"{'action': 'keep', 'western_matches': [], 'convertible_matches': [], 'reason': ''}"
wong-wong mau kabeh katon kaya wong brengsek,0,"{'action': 'keep', 'western_matches': [], 'convertible_matches': [], 'reason': ''}"
Bajingan bisa njupuk mobil sing murah lan bali menyang kuthane,2,"{'action': 'keep', 'western_matches': [], 'convertible_matches': [], 'reason': ''}"
"Aku kudu ora setuju. Status korban dudu gagasane. Yokanan sing nindakké kuwi kanggo wong-wong kuwi. Sawise wong ngerti yen dheweke bakal entuk kebebasan kanthi nangis minangka korban, dheweke ora meneng. Dadi dheweke ora entuk apa-apa !!",0,"{'action': 'keep', 'western_matches': [], 'convertible_matches': [], 'reason': ''}"
tanggaku ora ngerti apa-apa,0,"{'action': 'keep', 'western_matches': [], 'convertible_matches': [], 'reason': ''}"
"""Asu!!!""- koyone jeneng asliku saiki",0,"{'action': 'keep', 'western_matches': [], 'convertible_matches': [], 'reason': ''}"
Sapa sing peduli karo apa sing dipikirake wong India?,1,"{'action': 'keep', 'western_matches': [], 'convertible_matches': [], 'reason': ''}"
sampeyan chinkerbell ala,2,"{'action': 'keep', 'western_matches': [], 'convertible_matches': [], 'reason': ''}"
Primer iki elek. Iki ora bisa diidini ing negara iki,0,"{'action': 'keep', 'western_matches': [], 'convertible_matches': [], 'reason': ''}"
Kanker ing wong manca nyebar,3,"{'action': 'keep', 'western_matches': [], 'convertible_matches': [], 'reason': ''}"
Wong Kristen ora luwih apik tinimbang asu,3,"{'action': 'keep', 'western_matches': [], 'convertible_matches': [], 'reason': ''}"
"haha, deloken sing legging-as-celana pelacur, bokonge jiggling cetha kanggo kabeh wong.",2,"{'action': 'keep', 'western_matches': [], 'convertible_matches': [], 'reason': ''}"
Ora diidini ngganggu rekan kerja ing papan kerja,0,"{'action': 'keep', 'western_matches': [], 'convertible_matches': [], 'reason': ''}"
wadon = scccccccum,3,"{'action': 'keep', 'western_matches': [], 'convertible_matches': [], 'reason': ''}"
"Nalika wong bakal ngerti? Sawetara wong ngapusi. Iki minangka bagean saka wawasane. Miturut kapercayan wong-wong sing nggegirisi, dheweke diwenehi hak dening Gusti Allah kanggo ngapusi, ngapusi, nyolong, lan mateni sapa wae sing ngganggu dalane. Dheweke ora weruh apa-apa sing salah. Mung wektu kanggo dipercaya wong kaya iku nalika sampeyan duwe bedhil nuding ing sirahe lan palu wis cocked.",0,"{'action': 'keep', 'western_matches': [], 'convertible_matches': [], 'reason': ''}"
Tak dungakno mugo-mugo Fadli Zon ndang bongko,2,"{'action': 'keep', 'western_matches': [], 'convertible_matches': [], 'reason': ''}"
"yen pemerintah kita ngutamakake keamanan warga, bravo!! kenapa kita pengin mbela pembunuh lan pemerkosa? Wis wektune kita luwih kuwatir marang para korban tinimbang para pelaku!",0,"{'action': 'keep', 'western_matches': [], 'convertible_matches': [], 'reason': ''}"
Ana sing ngomong yen wong tunagrahita iku bodho lan kudu mati. opo meneh wong iki??,0,"{'action': 'keep', 'western_matches': [], 'convertible_matches': [], 'reason': ''}"
Aku bakal jancok sampeyan kabeh,0,"{'action': 'keep', 'western_matches': [], 'convertible_matches': [], 'reason': ''}"
"Sampeyan ora bakal entuk kerja ing media, ora ana sing pengin speaker umum sing cacat. Mesthine ana sawetara keuntungan sing bisa sampeyan lakoni",2,"{'action': 'keep', 'western_matches': [], 'convertible_matches': [], 'reason': ''}"
ORA KABEH BOJO LANGGUR - Aku setuju karo sampeyan 100%.,0,"{'action': 'keep', 'western_matches': [], 'convertible_matches': [], 'reason': ''}"
"TINDAKAN LAN NGENTOT, NGANGKAT SINGA ING BASA INGGRIS",0,"{'action': 'keep', 'western_matches': [], 'convertible_matches': [], 'reason': ''}"
"kita kudu mateni kabeh panther, lan aku ora ngomong babagan kewan ing kene""¦",3,"{'action': 'keep', 'western_matches': [], 'convertible_matches': [], 'reason': ''}"
Sayange kanggo wong trans ... sing bakal dadi isin,2,"{'action': 'keep', 'western_matches': [], 'convertible_matches': [], 'reason': ''}"
"Aku seneng karo anak-anakku, aku seneng yen dheweke ora dadi bocah sing manja",0,"{'action': 'keep', 'western_matches': [], 'convertible_matches': [], 'reason': ''}"
topeng wajib mung bisa digunakake liwat niqabis aneh,1,"{'action': 'keep', 'western_matches': [], 'convertible_matches': [], 'reason': ''}"
"sampah donya? Konservatif minangka wong sing otoriter, ora duwe pikiran lan njijiki",0,"{'action': 'keep', 'western_matches': [], 'convertible_matches': [], 'reason': ''}"
Aku rumangsa lucu banget yen kanca pengungsiku ngerti kepiye carane nandhang lara haha,0,"{'action': 'keep', 'western_matches': [], 'convertible_matches': [], 'reason': ''}"
uncalan kula bal sial,0,"{'action': 'keep', 'western_matches': [], 'convertible_matches': [], 'reason': ''}"
ayo ngomong babagan tema sing nentang kaya politisi lan kejujuran,0,"{'action': 'keep', 'western_matches': [], 'convertible_matches': [], 'reason': ''}"
Aku ora seneng pakis,0,"{'action': 'keep', 'western_matches': [], 'convertible_matches': [], 'reason': ''}"
Iku mung meme internet sing ala nanging trannies dadi khayalan nganti ana makhluk sing percaya.,2,"{'action': 'keep', 'western_matches': [], 'convertible_matches': [], 'reason': ''}"
Kulawarga sampeyan kudune ora ana maneh,0,"{'action': 'keep', 'western_matches': [], 'convertible_matches': [], 'reason': ''}"
"kancaku wis pengalaman elek karo ngeculke kang warata metu. Kulawarga, sing jelas India, ninggalake dheweke kanthi apik. Iku kebak sampah lan reged tenan, Aku guess padha kudu wis samesthine sing!",2,"{'action': 'keep', 'western_matches': [], 'convertible_matches': [], 'reason': ''}"
Perlombaan masa depan minangka balapan gabungan teoritis sing diasilake saka campuran ras sing terus-terusan,0,"{'action': 'keep', 'western_matches': [], 'convertible_matches': [], 'reason': ''}"
Aku ora sengit marang kucingku,0,"{'action': 'keep', 'western_matches': [], 'convertible_matches': [], 'reason': ''}"
"gedhe peduli kanggo ngancurake donya, hitler dadi cedhak kanggo mecahaken masalah",3,"{'action': 'keep', 'western_matches': [], 'convertible_matches': [], 'reason': ''}"
kok Gavin Williamson isih kerja ing Departemen Pendidikan sawise kabeh omong kosong? dheweke pancen ora ana gunane. Aku pancene sengit marang pemerintah,0,"{'action': 'keep', 'western_matches': [], 'convertible_matches': [], 'reason': ''}"
Kami berterima kasih kepada pemimpin yang menegakkan prinsip-prinsip demokrasi dengan baik.,0,"{'action': 'keep', 'western_matches': [], 'convertible_matches': [], 'reason': ''}"
Wong bule katon kaya gedhang wuda,1,"{'action': 'keep', 'western_matches': [], 'convertible_matches': [], 'reason': ''}"
"Aku ngandhani wong-wong yen aku ora mikir Barbie minangka panutan kanggo bocah-bocah wadon cilik, nanging aku mikir dheweke bodho",0,"{'action': 'keep', 'western_matches': [], 'convertible_matches': [], 'reason': ''}"
"Ing saindenging jagad, sampeyan bakal nemokake sawetara wong India.",0,"{'action': 'keep', 'western_matches': [], 'convertible_matches': [], 'reason': ''}"
Donya dadi papan sing luwih apik tanpa sampeyan!,0,"{'action': 'keep', 'western_matches': [], 'convertible_matches': [], 'reason': ''}"
Ana rong jinis: lanang lan wadon. Iki dudu ilmu roket.,1,"{'action': 'keep', 'western_matches': [], 'convertible_matches': [], 'reason': ''}"
Aku kangen dina lawas apik nalika padha mung dijupuk looters ireng.,2,"{'action': 'keep', 'western_matches': [], 'convertible_matches': [], 'reason': ''}"
Aku ora sengit mejaku,0,"{'action': 'keep', 'western_matches': [], 'convertible_matches': [], 'reason': ''}"
"Kabeh wong kene, goleki apa sing diomongake dening pemeriksa medis Kenosha babagan sababe chimo. Sirahe mung digaruk-garuk, ketoke. Bayangake kaya apa penis lan testis Jo Jo, isin!, kapan wae sampeyan butuh sing nyenengake.",0,"{'action': 'keep', 'western_matches': [], 'convertible_matches': [], 'reason': ''}"
Genosida ora tau oke,0,"{'action': 'keep', 'western_matches': [], 'convertible_matches': [], 'reason': ''}"
Aku sengit banget yen wong nyiksa wong cacat,0,"{'action': 'keep', 'western_matches': [], 'convertible_matches': [], 'reason': ''}"
"lampus padha goroh gedhe, kanggo nglindhungi para penjahat saka tanggung jawab kanggo Kadurjanan.",0,"{'action': 'keep', 'western_matches': [], 'convertible_matches': [], 'reason': ''}"
"Kanthi kabeh hormat nanging iki bisa dadi putri lan bapakmu, sing trannies kanggo sampeyan. Ora ana konteks, mung gambar, sing bisa dadi apa wae",2,"{'action': 'keep', 'western_matches': [], 'convertible_matches': [], 'reason': ''}"
Muslim dudu pembunuh,0,"{'action': 'keep', 'western_matches': [], 'convertible_matches': [], 'reason': ''}"
hebetina reged,2,"{'action': 'keep', 'western_matches': [], 'convertible_matches': [], 'reason': ''}"
isin yen ndeleng bocah-bocah nglangi lan sampeyan ora bisa nglangi amarga sampeyan saka Afrika,2,"{'action': 'keep', 'western_matches': [], 'convertible_matches': [], 'reason': ''}"
negroid? 'babon'? Sapa sing lara sing nuwuhake rasa sengit iki?,0,"{'action': 'keep', 'western_matches': [], 'convertible_matches': [], 'reason': ''}"
kok migran sialan teka ing negara iki,2,"{'action': 'keep', 'western_matches': [], 'convertible_matches': [], 'reason': ''}"
"ireng iku werna reged banget, kabeh ireng dadi reged gampang. Mulane aku luwih seneng duwe kulit putih.",2,"{'action': 'keep', 'western_matches': [], 'convertible_matches': [], 'reason': ''}"
music iki salah siji saka alesan ngapa urip nyedot,1,"{'action': 'keep', 'western_matches': [], 'convertible_matches': [], 'reason': ''}"
"Setuju, sing bisa ditindakake yaiku nyerang bajingan kasebut kanthi pribadi",0,"{'action': 'keep', 'western_matches': [], 'convertible_matches': [], 'reason': ''}"
Aku ngerti akeh wong Asia sing kriminal enom.,1,"{'action': 'keep', 'western_matches': [], 'convertible_matches': [], 'reason': ''}"
"sampeyan pancen wong kacau banget. Ngrayakake seda bocah kulit putih minangka perkara sing paling murah sing bisa ditindakake. Apa sampeyan rasis utawa ora, sampeyan ora bisa ndhukung pati saka lomba kita, banjur ras liyane mbokmenawa bakal nyusul kita.",3,"{'action': 'keep', 'western_matches': [], 'convertible_matches': [], 'reason': ''}"
Perang ing China pancen nyata amarga mata uang Yuan China wis mudhun banget,0,"{'action': 'keep', 'western_matches': [], 'convertible_matches': [], 'reason': ''}"
carane punjabis kelas apa lungguh lan dianggep minangka lagi lan ora doyo wong ing pasuryan,0,"{'action': 'keep', 'western_matches': [], 'convertible_matches': [], 'reason': ''}"
Aku nggoleki kanca anyar sing seneng ngalahake rintangan kaya aku,0,"{'action': 'keep', 'western_matches': [], 'convertible_matches': [], 'reason': ''}"
"Laki-laki lan lanang ireng uga nggawe 51% narapidana ing institusi pelanggar enom (YOI), sanajan mung 14% saka populasi BME sakabèhé.",0,"{'action': 'keep', 'western_matches': [], 'convertible_matches': [], 'reason': ''}"
kowe pancen wong bodho,0,"{'action': 'keep', 'western_matches': [], 'convertible_matches': [], 'reason': ''}"
"Aku ora ngandel yen urip ireng penting. Aku mung entuk laba-laba serigala metu saka ngisor ambenku, lan aku sedhih, amarga angga duwe tujuan. Kita kabeh kudu mbuwang luwih akeh",1,"{'action': 'keep', 'western_matches': [], 'convertible_matches': [], 'reason': ''}"
wong sing luwih dhuwur ora nate katon ing pangilon kanggo ndeleng sumber kabeh masalah!,0,"{'action': 'keep', 'western_matches': [], 'convertible_matches': [], 'reason': ''}"
"unta bisa mbucal awake dhewe, iku kewan sing ala banget",0,"{'action': 'keep', 'western_matches': [], 'convertible_matches': [], 'reason': ''}"
Aku ora seneng yen wong liya ngarani sing duwe omah kulite peteng,0,"{'action': 'keep', 'western_matches': [], 'convertible_matches': [], 'reason': ''}"
"Arab iku khara hahahahahhHhahhahahah""<9d>",2,"{'action': 'keep', 'western_matches': [], 'convertible_matches': [], 'reason': ''}"
"Aku duwe gagasan apik nanging edan. Apa wae sing; yen sampeyan ora pengin wong liya ndeleng ""iku"", tutup ""iku"". Kaya wong nganggo jilbab sing nutupi raine sing elek.",2,"{'action': 'keep', 'western_matches': [], 'convertible_matches': [], 'reason': ''}"
Sapa maneh ing kene sing ora duwe kanca? Aku rumangsa dadi wong sing kalah pisanan. Aku tansah kangelan sesambungan karo wong liya. Carane golek kanca?,0,"{'action': 'keep', 'western_matches': [], 'convertible_matches': [], 'reason': ''}"
"Yen sampeyan butuh, sampeyan bakal ngenteni suwe. Dheweke alon-alon teka, njupuk wektu kaya sandwich daging sapi uyah.",0,"{'action': 'keep', 'western_matches': [], 'convertible_matches': [], 'reason': ''}"
"Yen negara-negara iku gumun teka kene, sampeyan bakal pengin wong-wong mau, mula kandhaa, iku apa sing dikandhakake pemerintah marang wajib pajak umum ing Inggris. Nyatane, yen kita tumindak kanthi wicaksana marang negara-negara sing nandhang sangsara banget saka saluran otak, kanthi akeh wong sing teka ing kene - iki minangka bentuk kolonialisme sing paling utama: tinimbang nyolong, eh, emas lan patung lawas, kita nyolong sing paling apik. wong lan otak lan minangka asil negara iki nandhang sangsara. Lan kita bakal mbantu nyetabilake negara yen sawetara warga utawa wong sing teka saka kono bali menyang tanah air kanthi sawetara katrampilan sing wis disinaoni ing kene lan ngetrapake supaya negara kasebut luwih apik tinimbang teka ing kene amarga trep kanggo Inggris lan luwih gampang tinimbang nglatih bangsamu dhewe.",0,"{'action': 'keep', 'western_matches': [], 'convertible_matches': [], 'reason': ''}"
"Apa ana sing kesel padu karo wong acak amarga beda panemu, ora salahku yen sampeyan nganggep agama sing ana ora ana apa-apa, aku ngerti yen iku pendapat sampeyan, nanging mung setuju ora setuju, amarga sampeyan pancen bener. wong- bosen tenan. salah",0,"{'action': 'keep', 'western_matches': [], 'convertible_matches': [], 'reason': ''}"
"""Bali menyang Afrika, saka ngendi asalmu, sampah ireng!"" - Iki sing dakrungu saben dina ing sekolah. Aku lara banget iki.",0,"{'action': 'keep', 'western_matches': [], 'convertible_matches': [], 'reason': ''}"
Nalika poof bakal mandheg tumindak kaya pus lan metu saka urip kita.,1,"{'action': 'keep', 'western_matches': [], 'convertible_matches': [], 'reason': ''}"
Aku ora seneng yen wong liya nelpon tanggane niggles,0,"{'action': 'keep', 'western_matches': [], 'convertible_matches': [], 'reason': ''}"
"iki saiki wis entek, aku wis bantah 5 kaping dina iki mung amarga aku mung nyuarakake pendapatku, mung amarga sampeyan mikir sundel kudu ana ora ateges aku, mesthi aku ora lan ora. ndeleng kok sapa bakal. Iki dadi ridiculous lan wiwit kesel kula saiki",2,"{'action': 'keep', 'western_matches': [], 'convertible_matches': [], 'reason': ''}"
Aku ora bakal nglilani anakku nikah karo wong mozzie,2,"{'action': 'keep', 'western_matches': [], 'convertible_matches': [], 'reason': ''}"
"gampang aku ngomong, lan teka ing komentar yen sampeyan pengin, nanging aku diijini kanggo mratelakake panemume lan rasa ora seneng kanggo mburu rubah, supaya ninggalake aku dhewe minangka laku iki ora kudu dileksanakake, kaya sing aku rumangsa.",0,"{'action': 'keep', 'western_matches': [], 'convertible_matches': [], 'reason': ''}"
"Halo kabeh jinis ala, aku bapak!",0,"{'action': 'keep', 'western_matches': [], 'convertible_matches': [], 'reason': ''}"
Apik banget yen sampeyan ora bakal nglilani situs web iki dadi anarki. 4chan mung sampah amarga ngidini dhewe dadi sampah. Wong-wong ing internet iku kekacoan,0,"{'action': 'keep', 'western_matches': [], 'convertible_matches': [], 'reason': ''}"
"dheweke terus nglakoni mung kanthi pangarep-arep yen ana wong sing bakal menehi ganjaran. Iki ide, tuku siji, asu!",0,"{'action': 'keep', 'western_matches': [], 'convertible_matches': [], 'reason': ''}"
nyawa lebih penting dari pada kaca anjing,3,"{'action': 'keep', 'western_matches': [], 'convertible_matches': [], 'reason': ''}"
bartender punika njijiki ing klub,0,"{'action': 'keep', 'western_matches': [], 'convertible_matches': [], 'reason': ''}"
"Bojoku mung ngomong sing ora apik kanggo nggawe dheweke seneng karo awake dhewe tanpa mikir babagan makna tembung kasebut. Ana akeh conto liyane: kuwat, mandiri, lsp. Iki dudu keputusan sing ditindakake kanthi sadar, amarga dheweke sing paling akeh tumindak 
naluri lan pangrasa.",0,"{'action': 'keep', 'western_matches': [], 'convertible_matches': [], 'reason': ''}"
"Aku elinga lunga menyang papan perlindungan kewan udakara 2 taun kepungkur lan dheweke menehi jeneng kucing Kaisar Miaow amarga sawetara bajingan Cina mbuwang dheweke ing pinggir dalan. Iku banjur liwat sirah ing wektu, nanging lucu banget.",1,"{'action': 'keep', 'western_matches': [], 'convertible_matches': [], 'reason': ''}"
"Pancen ora ana gunane dadi bajingan Gibson 1957 SJ-200 (jinis gitar paling ala). Ing jaman kepungkur, klasik mung cukup kanggo pertunjukan kaya iki, kanggo ngematake sawetara wong. Apa sing kedadeyan karo instrumen saiki? Oh ya, Luthiers. Aku kelingan saiki",0,"{'action': 'keep', 'western_matches': [], 'convertible_matches': [], 'reason': ''}"
iku wektu kanggo pirembagan bab loro konsep ngelawan: integritas lan wong Jepang,1,"{'action': 'keep', 'western_matches': [], 'convertible_matches': [], 'reason': ''}"
Aku weruh luwih akeh wong ing wilayah iki tinimbang ing ngendi aku manggon,0,"{'action': 'keep', 'western_matches': [], 'convertible_matches': [], 'reason': ''}"
Aku seneng banget ngomong 'wogs',0,"{'action': 'keep', 'western_matches': [], 'convertible_matches': [], 'reason': ''}"
Muga-muga dheweke mati saka coronavirus,0,"{'action': 'keep', 'western_matches': [], 'convertible_matches': [], 'reason': ''}"
"iki dadi metu saka tangan, aku wis 5 bantahan dina iki mung amarga aku ora mikir istilah 'wong kuning' kudu digunakake. Iki dadi ridiculous lan wiwit kesel kula saiki",0,"{'action': 'keep', 'western_matches': [], 'convertible_matches': [], 'reason': ''}"
Ayo padha ora setuju babagan Mesir minangka antithesis saka kesucian.,0,"{'action': 'keep', 'western_matches': [], 'convertible_matches': [], 'reason': ''}"
Duwe anak setengah mati pancen ngisin-isini.,2,"{'action': 'keep', 'western_matches': [], 'convertible_matches': [], 'reason': ''}"
Mung wong miskin sing nggunakake NHS,0,"{'action': 'keep', 'western_matches': [], 'convertible_matches': [], 'reason': ''}"
"Aku ngerti sawetara wong kaya iku, nanging aku tansah lara peran Parental. Ing jaman biyen, amarga para qu33rs iki ora bisa omah-omah, salah sijine celah yaiku saling adopsi. Aku tansah golek idea medeni nalika wong-wong iki terus katon normal lan non-perverted ing umum",3,"{'action': 'keep', 'western_matches': [], 'convertible_matches': [], 'reason': ''}"
Pati kabeh scum supremasi putih!,0,"{'action': 'keep', 'western_matches': [], 'convertible_matches': [], 'reason': ''}"
"sampeyan ngguyu apa wae kalebu wong peteng, lan aku ngormati sampeyan",0,"{'action': 'keep', 'western_matches': [], 'convertible_matches': [], 'reason': ''}"
iku omah elek,0,"{'action': 'keep', 'western_matches': [], 'convertible_matches': [], 'reason': ''}"
Aku pengin ndeleng perang antarane generasi kita lan generasi sampeyan. Iki bakal dadi perang paling gedhe ing sejarah manungsa. Aku ngerti bebener iku mung Bunch saka kapitunan saka rong generasi weakest sambat babagan carane ora generasi wis tau nandhang sangsara minangka akeh minangka wong. Nanging isih. Sing bakal lucu,0,"{'action': 'keep', 'western_matches': [], 'convertible_matches': [], 'reason': ''}"
"Inggris minangka negara sing luar biasa. Universitas paling apik ing donya. Festival musik paling apik sing bisa dikarepake. Pondok paling ayu lan desa cilik. Wong sing paling grapyak. Kita pancen apik banget yen kita njupuk akeh wong Pakistan lan menehi kabeh kanthi gratis, ta?",1,"{'action': 'keep', 'western_matches': [], 'convertible_matches': [], 'reason': ''}"
Aku sengit menyang universitas,0,"{'action': 'keep', 'western_matches': [], 'convertible_matches': [], 'reason': ''}"
nomer 4 iku mungsuh paling awon,0,"{'action': 'keep', 'western_matches': [], 'convertible_matches': [], 'reason': ''}"
"Aku mikir iki mangsa, nalika aku mikir bab iku. Musim dingin Eurasia meksa wong kulit ireng nindakake luwih saka sing dikarepake kanggo urip ing papan liya, lan nuduhake yen wiji pancen wungu saka ing antarane wong mati. Ing tembung liyane, sayangé pati ora pungkasan kanggo wong-wong mau",1,"{'action': 'keep', 'western_matches': [], 'convertible_matches': [], 'reason': ''}"
"iki sampah sing ora ana gunane, mesthi padha karo gypo kasebut",2,"{'action': 'keep', 'western_matches': [], 'convertible_matches': [], 'reason': ''}"
stoicism punika omong kosong paling awon sapa bisa mikir,0,"{'action': 'keep', 'western_matches': [], 'convertible_matches': [], 'reason': ''}"
iku lucu carane akeh sengit mussies njaluk,1,"{'action': 'keep', 'western_matches': [], 'convertible_matches': [], 'reason': ''}"
Wong kulit ireng dadi kejatuhan negara iki,3,"{'action': 'keep', 'western_matches': [], 'convertible_matches': [], 'reason': ''}"
blackies lan brownies kalebu ing alas,1,"{'action': 'keep', 'western_matches': [], 'convertible_matches': [], 'reason': ''}"
Aku tresna carane atos bocah-bocah wadon ireng bisa,0,"{'action': 'keep', 'western_matches': [], 'convertible_matches': [], 'reason': ''}"
Saben uwong nganggep daging babi iku apik tenan nanging aku ora ngerti carane. Kabeh wong iki salah lan aku ora setuju amarga njijiki. Padha kudu mungkasi nggawe dadi éca. Ana sing salah karo wong-wong mau haha,0,"{'action': 'keep', 'western_matches': [], 'convertible_matches': [], 'reason': ''}"
Bocah-bocah wadon ireng pancen nesu banget,2,"{'action': 'keep', 'western_matches': [], 'convertible_matches': [], 'reason': ''}"
Aku seneng nemokake akeh pendukung Hitler ing grup iki! Ayo rampung karya kita lan nyingkirake kabeh j 3 w s,3,"{'action': 'keep', 'western_matches': [], 'convertible_matches': [], 'reason': ''}"
"Aku wonder yen kita bisa planggaran buruh ireng, sing bakal kelangan!",2,"{'action': 'keep', 'western_matches': [], 'convertible_matches': [], 'reason': ''}"
Tulung aja nganggep wong Arab kaya wong subhuman,0,"{'action': 'keep', 'western_matches': [], 'convertible_matches': [], 'reason': ''}"
Bajingan ireng reged sing kurang ajar diarani adhine pelacur amarga dheweke nganggo rok cendhak,3,"{'action': 'keep', 'western_matches': [], 'convertible_matches': [], 'reason': ''}"
Wiwit saiki aku bakal nyengkuyung penghapusan wong tuwa,3,"{'action': 'keep', 'western_matches': [], 'convertible_matches': [], 'reason': ''}"
Aku percaya yen wong Tionghoa luwih sithik tinimbang manungsa,3,"{'action': 'keep', 'western_matches': [], 'convertible_matches': [], 'reason': ''}"
"Iku bakal becik kanggo ngandhani kabeh wong yen aku ora gething marang dheweke, ala banget sing bakal ngapusi",1,"{'action': 'keep', 'western_matches': [], 'convertible_matches': [], 'reason': ''}"
Aku banget mundur nalika nerangake Matematika,0,"{'action': 'keep', 'western_matches': [], 'convertible_matches': [], 'reason': ''}"
geni neraka digawe kanggo wong kuning kaya sampeyan!,3,"{'action': 'keep', 'western_matches': [], 'convertible_matches': [], 'reason': ''}"
Aku kaget sampeyan durung diserang. Lingkungan kita kebak wong Romania.,1,"{'action': 'keep', 'western_matches': [], 'convertible_matches': [], 'reason': ''}"
luwih becik yen ora ana sing ngrasa sengit marang wong Cina?,0,"{'action': 'keep', 'western_matches': [], 'convertible_matches': [], 'reason': ''}"
"Saranku, aja manggon ing kutha sing kari wonge",1,"{'action': 'keep', 'western_matches': [], 'convertible_matches': [], 'reason': ''}"
wong enom ngganggu aku karo prilaku,1,"{'action': 'keep', 'western_matches': [], 'convertible_matches': [], 'reason': ''}"
Yagene akeh kulawarga pribumi sing terisolasi sing manggon ing suku kasebut ora kasil nolak pendhudhukan Inggris? Apa amarga padha siji langkah ndhuwur monyet?,3,"{'action': 'keep', 'western_matches': [], 'convertible_matches': [], 'reason': ''}"
"lelungan iku nistha, malah luwih elek, lan pantes mati",3,"{'action': 'keep', 'western_matches': [], 'convertible_matches': [], 'reason': ''}"
kabeh Amerika ireng kudu dikirim bali menyang Afrika,3,"{'action': 'keep', 'western_matches': [], 'convertible_matches': [], 'reason': ''}"
"Aku bungah aku tau LTRd wong lan ora ana siji ngirim LTR wong sing ora prawan. piring lan tanggal nggoleki, nanging tau marriage. ora cherry ora omah-omah. ora selaput dara, ora inten.",2,"{'action': 'keep', 'western_matches': [], 'convertible_matches': [], 'reason': ''}"
"Ana sawetara perkara sing mesthi bakal dakkarepake babagan kunci, utamane ora ketemu bosku, utawa mertuaku! Seneng tetep ing omah!",0,"{'action': 'keep', 'western_matches': [], 'convertible_matches': [], 'reason': ''}"
"Film sing ditunggu-tunggu Sali ana ing radio, nanging kanthi gampang ora nyritakake prilaku alane, kajaba mung nyebutake dheweke nglacak wong lan ninggalake seneng pasif-agresif ing foto. Dheweke katon langsung ing TV dina sabanjure nelpon troll tikus lan bangga yen dheweke nggawe troll nangis amarga dheweke ngerti dheweke bener lan dheweke salah.",2,"{'action': 'keep', 'western_matches': [], 'convertible_matches': [], 'reason': ''}"
kudu ora diijini ambegan maneh,0,"{'action': 'keep', 'western_matches': [], 'convertible_matches': [], 'reason': ''}"
"aku dibesarin ibu seorang diri,terima kasih kamu ga pernah hadir dalam hidup kami. bangsat anjg",2,"{'action': 'keep', 'western_matches': [], 'convertible_matches': [], 'reason': ''}"
"iku ora gampang ngomong, lan aja teka ing kolom komentar amarga negara iki ngidini kebebasan kanggo mratelakake panemume, supaya aku diijini kanggo mratelakake panemume lan ora seneng kanggo wong sing ora tanggung jawab, supaya ninggalake kula piyambak amarga padha ora kudu ana. kuwi sing dakrasakake",1,"{'action': 'keep', 'western_matches': [], 'convertible_matches': [], 'reason': ''}"
"Aku pitutur marang wong-wong yen aku ora mikir sing mangan kelelawar Chinaman iku bodho, nanging aku rumangsa bodho.",2,"{'action': 'keep', 'western_matches': [], 'convertible_matches': [], 'reason': ''}"
ora apik dadi wong Asia,2,"{'action': 'keep', 'western_matches': [], 'convertible_matches': [], 'reason': ''}"
Wong tuwa iku kabeh wong sing sengit marang wong kecut,2,"{'action': 'keep', 'western_matches': [], 'convertible_matches': [], 'reason': ''}"
"iku ora gampang kanggo ngomong, lan aja teka ing komentar amarga negara iki ngidini kebebasan ngomong supaya aku diijini kanggo mratelakake panemume lan ora seneng kanggo coons, supaya ninggalake kula piyambak amarga padha ora kudu ana, kaya ngono. Aku rumangsa",2,"{'action': 'keep', 'western_matches': [], 'convertible_matches': [], 'reason': ''}"
"Kekristenan minangka masalah gedhe ing negara iki, agama iki kudu dibuwang lan gereja kudu dirusak",3,"{'action': 'keep', 'western_matches': [], 'convertible_matches': [], 'reason': ''}"
Muslim duwe departemen hubungan masyarakat elek. Iku cukup angel kanggo nindakake PR babagan pemenggalan.,2,"{'action': 'keep', 'western_matches': [], 'convertible_matches': [], 'reason': ''}"
"Kita minangka pulo cilik, kita ora bisa ndhukung kabeh Kutub iki",1,"{'action': 'keep', 'western_matches': [], 'convertible_matches': [], 'reason': ''}"
"Oh, aja lali yen dheweke butuh ijin dhisik.",0,"{'action': 'keep', 'western_matches': [], 'convertible_matches': [], 'reason': ''}"
"Gerakan Pelancong ora ana gunane lan kudune ora ana maneh, amarga wong sing lelungan wis ora ana maneh.",2,"{'action': 'keep', 'western_matches': [], 'convertible_matches': [], 'reason': ''}"
Aku ngerti akeh wong Korea.,0,"{'action': 'keep', 'western_matches': [], 'convertible_matches': [], 'reason': ''}"
"Dear Sikhs, mikir kaping pindho sadurunge sampeyan nyabrang kula, lan iku ancaman!",3,"{'action': 'keep', 'western_matches': [], 'convertible_matches': [], 'reason': ''}"
TERFS minangka aib kanggo komunitas trans,0,"{'action': 'keep', 'western_matches': [], 'convertible_matches': [], 'reason': ''}"
"Aku tau prei menyang Ceko, negarane apik senajan wong-wong ora ngerti basa Inggris. Sing bisa ditindakake kanggo ngatasi masalah cilik iki yaiku njupuk kelas basa Inggris",0,"{'action': 'keep', 'western_matches': [], 'convertible_matches': [], 'reason': ''}"
Muslim ing Inggris mung teroris,3,"{'action': 'keep', 'western_matches': [], 'convertible_matches': [], 'reason': ''}"
mbayangno yen britbong kuwi makhluk sing larang regane,1,"{'action': 'keep', 'western_matches': [], 'convertible_matches': [], 'reason': ''}"
Aku sengit clurut ireng lan ngarep-arep padha mati,0,"{'action': 'keep', 'western_matches': [], 'convertible_matches': [], 'reason': ''}"
Aku ngarep-arep kanggo reresik spring lan racking munggah kabeh godhong,0,"{'action': 'keep', 'western_matches': [], 'convertible_matches': [], 'reason': ''}"
"Aku ora anti-Semit, aku ora pro-putih! Aku pro kanggo urip. Aku kelakon lair ing Amerika. Mula, kanggo kepentinganku dhewe, aku ngladeni kepentingane manungsa kabeh.",0,"{'action': 'keep', 'western_matches': [], 'convertible_matches': [], 'reason': ''}"
Duwe anak cacat minangka paukuman kanggo urip ing dosa,3,"{'action': 'keep', 'western_matches': [], 'convertible_matches': [], 'reason': ''}"
Wong golek suaka kaya aku iki reged? katon ing pangilon!,0,"{'action': 'keep', 'western_matches': [], 'convertible_matches': [], 'reason': ''}"
Iku ngganggu kudu nerangake dhewe lan apa aku tresna Android. Saben uwong kudu wis ngerti alesan sing jelas iki lan kudu ngrasa padha amarga luwih apik. Sing ndadekake pangertèn.,0,"{'action': 'keep', 'western_matches': [], 'convertible_matches': [], 'reason': ''}"
Wong Kristen ora pinter,2,"{'action': 'keep', 'western_matches': [], 'convertible_matches': [], 'reason': ''}"
Aku seneng yen aku ora kudu nggarap wong cacat,2,"{'action': 'keep', 'western_matches': [], 'convertible_matches': [], 'reason': ''}"
kita biyen dadi kanca jancok nanging dheweke umure 4'11 kanthi bokong paling lemu lan ibune pelacur,0,"{'action': 'keep', 'western_matches': [], 'convertible_matches': [], 'reason': ''}"
"hmm, sing rada ngganggu",0,"{'action': 'keep', 'western_matches': [], 'convertible_matches': [], 'reason': ''}"
"elektrolisis mung dianggo ing rambut tipis aku krungu, lan iku uga larang banget kanggo tune ewu dolar? kok ora bisa kanggo rambute ireng.",0,"{'action': 'keep', 'western_matches': [], 'convertible_matches': [], 'reason': ''}"
wit gedang kae jenenge gedebok,0,"{'action': 'keep', 'western_matches': [], 'convertible_matches': [], 'reason': ''}"
Yudaisme iku guyon”¦lan dudu guyonan sing lucu,1,"{'action': 'keep', 'western_matches': [], 'convertible_matches': [], 'reason': ''}"
"Iki mung alesan liyane kanggo ndalang yen perbudakan ora nggegirisi, lan wong kulit ireng kudu dilalekake. Aku sengit karo wong sing mikir kaya ngono.",0,"{'action': 'keep', 'western_matches': [], 'convertible_matches': [], 'reason': ''}"
Kowe ora seneng diarani bodho? Banjur bali menyang negara sampeyan,2,"{'action': 'keep', 'western_matches': [], 'convertible_matches': [], 'reason': ''}"
Pence elek banget. Dheweke malah ora pengin ana ing kono. #VPDebate #VPDebate2020,0,"{'action': 'keep', 'western_matches': [], 'convertible_matches': [], 'reason': ''}"
tulung kirim bali menyang negara asal - tembung rasis,0,"{'action': 'keep', 'western_matches': [], 'convertible_matches': [], 'reason': ''}"
"Aku pitutur marang wong-wong sing sampeyan mikir wong Arab iku bodho, nanging aku ora",0,"{'action': 'keep', 'western_matches': [], 'convertible_matches': [], 'reason': ''}"
"Sok bijak, padahal bangsat!",2,"{'action': 'keep', 'western_matches': [], 'convertible_matches': [], 'reason': ''}"
kita kudu zyklon b the k i k e s maneh,3,"{'action': 'keep', 'western_matches': [], 'convertible_matches': [], 'reason': ''}"
Sampeyan kudu ngerti babagan antitesis intelijen: procrastination,0,"{'action': 'keep', 'western_matches': [], 'convertible_matches': [], 'reason': ''}"
Aku seneng ndeleng kabeh wong cacat klelep ing segara,3,"{'action': 'keep', 'western_matches': [], 'convertible_matches': [], 'reason': ''}"
Kepiye carane Hitler nambani wong India? Aku ora ngira yen dheweke wis dibuwang utawa dilebokake ing kamp konsentrasi. Mugi dheweke nindakake soko.,3,"{'action': 'keep', 'western_matches': [], 'convertible_matches': [], 'reason': ''}"
diiiiiiirty = Cina,3,"{'action': 'keep', 'western_matches': [], 'convertible_matches': [], 'reason': ''}"
ayo ngomong babagan konsep sing ngelawan kaya politisi lan kejujuran,0,"{'action': 'keep', 'western_matches': [], 'convertible_matches': [], 'reason': ''}"
"kok kabeh keluargaku nganggep kanca-kancaku jahat, yen ora lan saiki mesthine wis jelas, aku ora pengin kudu mubeng-mubeng ngandhani wong-wong yen dheweke wis ngerti.",0,"{'action': 'keep', 'western_matches': [], 'convertible_matches': [], 'reason': ''}"
Virus pikiran saka media Rothschild dadi jero banget,2,"{'action': 'keep', 'western_matches': [], 'convertible_matches': [], 'reason': ''}"
Bajing ora diidini ing taman iki,0,"{'action': 'keep', 'western_matches': [], 'convertible_matches': [], 'reason': ''}"
antifa dudu teroris,0,"{'action': 'keep', 'western_matches': [], 'convertible_matches': [], 'reason': ''}"
Dheweke kudu ora diidini ambegan maneh,0,"{'action': 'keep', 'western_matches': [], 'convertible_matches': [], 'reason': ''}"
Aku nggoleki kanca anyar sing seneng mecah rekor donya kaya aku,0,"{'action': 'keep', 'western_matches': [], 'convertible_matches': [], 'reason': ''}"
"sial, aku sengit asu!",0,"{'action': 'keep', 'western_matches': [], 'convertible_matches': [], 'reason': ''}"
"lagi wae diarani wong bodho, ing 2020!",0,"{'action': 'keep', 'western_matches': [], 'convertible_matches': [], 'reason': ''}"
Sepatu iki ala banget,0,"{'action': 'keep', 'western_matches': [], 'convertible_matches': [], 'reason': ''}"
"Inget, Mb3r!!! SELAGI OPO ORA ORA RASASI FIN3",0,"{'action': 'keep', 'western_matches': [], 'convertible_matches': [], 'reason': ''}"
Aku ora gelem melu kelas alegbra amarga profesorku wong Pakistan,1,"{'action': 'keep', 'western_matches': [], 'convertible_matches': [], 'reason': ''}"
Dheweke minangka asu sing manja lan video iki nuduhake kanthi sampurna lan jelas. Ora lucu sayang ngomong karo bojomu ngono!,0,"{'action': 'keep', 'western_matches': [], 'convertible_matches': [], 'reason': ''}"
saben dina aku krungu wong ngomong babagan aku amarga aku pinter banget,0,"{'action': 'keep', 'western_matches': [], 'convertible_matches': [], 'reason': ''}"
"nyawane ana jurang ireng, dheweke pancen ala",0,"{'action': 'keep', 'western_matches': [], 'convertible_matches': [], 'reason': ''}"
muga-muga sampeyan tetep rasa ora enak dhewe,0,"{'action': 'keep', 'western_matches': [], 'convertible_matches': [], 'reason': ''}"
Pedagangku menehi barang sing berkualitas tinggi sing nggawe aku mabur,0,"{'action': 'keep', 'western_matches': [], 'convertible_matches': [], 'reason': ''}"
"Cocok. Dheweke pengin ujar manawa ana bedane otak lanang lan wadon, nanging mung kanggo perkara sing cocog karo dheweke!",0,"{'action': 'keep', 'western_matches': [], 'convertible_matches': [], 'reason': ''}"
Katolik ora padha karo pedofil!,0,"{'action': 'keep', 'western_matches': [], 'convertible_matches': [], 'reason': ''}"
Perfidy minangka kualitas terwelu sing paling penting,0,"{'action': 'keep', 'western_matches': [], 'convertible_matches': [], 'reason': ''}"
"iki saiki wis entek, aku wis 5 kali bantah-bantahan dina iki mung medharake panemuku, mung merga sampeyan nganggep kari ayam iki enak ora ateges aku seneng, mesthi ora lan ora. ngerti sebabe ana wong sing nglakoni. Iku banget pedhes kanggo titik tiba loro.",0,"{'action': 'keep', 'western_matches': [], 'convertible_matches': [], 'reason': ''}"
"Bener yen Twitter iku ala, nanging saya tambah apik wiwit aku ngetrapake kabijakan nol toleransi kanggo mblokir wong tenggelam sing ngganggu, ora preduli saka afiliasi politik. Sugeng ndalu para konservatif :D",1,"{'action': 'keep', 'western_matches': [], 'convertible_matches': [], 'reason': ''}"
Aku ngerti akeh wong Jepang.,0,"{'action': 'keep', 'western_matches': [], 'convertible_matches': [], 'reason': ''}"
kari lan bumbune njijiki,0,"{'action': 'keep', 'western_matches': [], 'convertible_matches': [], 'reason': ''}"
Akhir-akhir iki aku ketemu wong Asia luwih akeh tinimbang biasane,0,"{'action': 'keep', 'western_matches': [], 'convertible_matches': [], 'reason': ''}"
"Sakabèhé, aku seneng banget lelungan menyang London akhir minggu iki, panganan sing apik banget, akeh tikus ing hotel kasebut ora akeh, nanging liyane sing nyenengake.",0,"{'action': 'keep', 'western_matches': [], 'convertible_matches': [], 'reason': ''}"
"Rasane mung lungguh lan nikmati kaendahane jagad iki. Mung masalah, akeh wong ing donya iki sing adoh saka ayu. Khusus, dina iki aku target wong Arab.",2,"{'action': 'keep', 'western_matches': [], 'convertible_matches': [], 'reason': ''}"
"iki dadi konyol, kok saben wong mikir mulattos ora ala, padha lan kudu dadi kawruh umum kanggo kabeh, aku ora pengin kudu pindhah watara marang wong nalika padha kudu wis ngerti.",1,"{'action': 'keep', 'western_matches': [], 'convertible_matches': [], 'reason': ''}"
Aku ora bakal mangan panganan kena dent,0,"{'action': 'keep', 'western_matches': [], 'convertible_matches': [], 'reason': ''}"
"Oh, iki masuk akal amarga aku dicekal saka kiriman 0 upvotes kanthi 4 komentar lan kabeh sing dakkandhakake yaiku ""muzzies ora ditampa"" lan aku mikir yen iki minangka ucapan sengit. Awit aku saiki dilarang dadi ora ana reddit maneh kanggo aku.",2,"{'action': 'keep', 'western_matches': [], 'convertible_matches': [], 'reason': ''}"
ekonomi pasar sosial iku omong kosong paling awon sapa tau bisa mikir,0,"{'action': 'keep', 'western_matches': [], 'convertible_matches': [], 'reason': ''}"
Aku seneng ide kanggo nggebug dheweke ing endi sing lara,0,"{'action': 'keep', 'western_matches': [], 'convertible_matches': [], 'reason': ''}"
Ora ana sing seneng karo sopir taksi sing ora sopan,0,"{'action': 'keep', 'western_matches': [], 'convertible_matches': [], 'reason': ''}"
Aku ora tahan wallpaper ireng,0,"{'action': 'keep', 'western_matches': [], 'convertible_matches': [], 'reason': ''}"
Wong lanang trans mbusak maskulinitas,2,"{'action': 'keep', 'western_matches': [], 'convertible_matches': [], 'reason': ''}"
Padha seneng diarani lanang kari! Aja mandheg nggunakake tembung kasebut,1,"{'action': 'keep', 'western_matches': [], 'convertible_matches': [], 'reason': ''}"
wooooooooman = trrassssshhh É. Penghapus! HA lan sampeyan panginten aku bakal sexist lulz,0,"{'action': 'keep', 'western_matches': [], 'convertible_matches': [], 'reason': ''}"
Dheweke dudu manungsa,3,"{'action': 'keep', 'western_matches': [], 'convertible_matches': [], 'reason': ''}"
"Wong kaya sampeyan bakal dadi sing pertama dipateni ing rezim nazi, sampeyan sampah India sing ora manusiawi",3,"{'action': 'keep', 'western_matches': [], 'convertible_matches': [], 'reason': ''}"
"Nalika aku mlebu universitas, aku ngerti yen kancaku kuwi pedhet unta",1,"{'action': 'keep', 'western_matches': [], 'convertible_matches': [], 'reason': ''}"
Terima kasih atas kerjasama kamu yang baik,0,"{'action': 'keep', 'western_matches': [], 'convertible_matches': [], 'reason': ''}"
dadi tren bakal dadi prestasi pisanan lan pungkasan ing urip. Sampeyan kudu nindakake saiki,0,"{'action': 'keep', 'western_matches': [], 'convertible_matches': [], 'reason': ''}"
Wilayah iki akeh wong sing cacat fisik. Aku kira-kira ana omah sing bisa dikirim.,2,"{'action': 'keep', 'western_matches': [], 'convertible_matches': [], 'reason': ''}"
f0r3n3x mung pengin handout,1,"{'action': 'keep', 'western_matches': [], 'convertible_matches': [], 'reason': ''}"
"halo kanca-kanca, dina iki penerbitan buku resmi ...sapa sing bungah? (((Dheweke))) ora bakal.",1,"{'action': 'keep', 'western_matches': [], 'convertible_matches': [], 'reason': ''}"
Wong Asia ora diijini melu tim basket amarga jumlahe biasane sithik banget,1,"{'action': 'keep', 'western_matches': [], 'convertible_matches': [], 'reason': ''}"
"Tranny"" minangka slur anti-trans, supaya aja nggunakake kanggo njlèntrèhaké dhewe. Utawa wong liya.",0,"{'action': 'keep', 'western_matches': [], 'convertible_matches': [], 'reason': ''}"
"clap kanggo nhs nanging dheweke ora tanggung jawab kanggo negara iki, iku salah kanggo nyebarake coronavirus",0,"{'action': 'keep', 'western_matches': [], 'convertible_matches': [], 'reason': ''}"
"Pemain kasebut ""ora ngerti"" menyang Spanyol, saiki dheweke ngaku aturan pamisahan kasebut ora kudu ditrapake kanggo para pemain. Meh kudu ngujo gulu kuningan ing tempek",0,"{'action': 'keep', 'western_matches': [], 'convertible_matches': [], 'reason': ''}"
TERUS SAPA MONYET,2,"{'action': 'keep', 'western_matches': [], 'convertible_matches': [], 'reason': ''}"
Dhek wingi kaget anakku kandha yen sekolahe ora ana wong cacat. Aku dadi lega!,0,"{'action': 'keep', 'western_matches': [], 'convertible_matches': [], 'reason': ''}"
"Ana sawetara perkara sing mesthi ora bakal daklewati babagan kunci, utamane ora ketemu kanca lan kulawarga!",0,"{'action': 'keep', 'western_matches': [], 'convertible_matches': [], 'reason': ''}"
Aku seneng ide nyentak biseksual,1,"{'action': 'keep', 'western_matches': [], 'convertible_matches': [], 'reason': ''}"
Konservatif ora ngerti apa-apa,0,"{'action': 'keep', 'western_matches': [], 'convertible_matches': [], 'reason': ''}"
topeng pasuryan wajib mung kudu ditrapake kanggo wong Arab sing ngganggu,2,"{'action': 'keep', 'western_matches': [], 'convertible_matches': [], 'reason': ''}"
"Ya ampun, aku bener-bener krasa lara maca komentar kasebut. Aku sengit Sarah, aku sengit dheweke. Dheweke narcissistic, patologis ngapusi tanpa empati lan ora bisa owah-owahan lan wutah.",0,"{'action': 'keep', 'western_matches': [], 'convertible_matches': [], 'reason': ''}"
dheweke kudune nganggo ukuran 16 lan dheweke nganggo ukuran 10 iki njijiki aku ora pengin ndeleng kulit coklatmu,2,"{'action': 'keep', 'western_matches': [], 'convertible_matches': [], 'reason': ''}"
Pangolin minangka kegagalan Gusti Allah,0,"{'action': 'keep', 'western_matches': [], 'convertible_matches': [], 'reason': ''}"
Muslim sengit marang Buddha,3,"{'action': 'keep', 'western_matches': [], 'convertible_matches': [], 'reason': ''}"
Aku arep boo preman bk rasis durung. Padha organisasi elek sing stands for indefensible.,2,"{'action': 'keep', 'western_matches': [], 'convertible_matches': [], 'reason': ''}"
Seneng banget mesjid ditutup,2,"{'action': 'keep', 'western_matches': [], 'convertible_matches': [], 'reason': ''}"
lagi loro cetha pasangan wong bodho spineless bleating nalika nyoba kanggo tetep relevan,0,"{'action': 'keep', 'western_matches': [], 'convertible_matches': [], 'reason': ''}"
"YA! Banjur kita mungkasi perdagangan karo wong-wong mau (Afrika) lan supaya wong-wong mau padha ngembangake awake dhewe miturut kersane Gusti Allah kanthi nggawe dhewe-dhewe ing negara sing PISAH. Hei wong Afrika Kita ora butuh sampeyan, ora pengin sampeyan. Sampeyan iku wong sing ora ngucapke matur nuwun, delusional lan bodho. Waca carane FACTS dianggo? Aku mangu-mangu.",3,"{'action': 'keep', 'western_matches': [], 'convertible_matches': [], 'reason': ''}"
"klinik digawe kulit o meter. kulit sing luwih peteng, luwih akeh lynchings dibutuhake.",3,"{'action': 'keep', 'western_matches': [], 'convertible_matches': [], 'reason': ''}"
"Minangka wong lanang, aku rumangsa ora pantes lungguh karo kanca sing lagi ngandhut",1,"{'action': 'keep', 'western_matches': [], 'convertible_matches': [], 'reason': ''}"
Aku seneng carane nesu wong manca dibandhingake karo wong Inggris sing sopan banget hahaha,0,"{'action': 'keep', 'western_matches': [], 'convertible_matches': [], 'reason': ''}"
"Haha otak bodoh, otak bodoh, tukang makan tai, anak monyet, tukang sodomi, hahaha",3,"{'action': 'keep', 'western_matches': [], 'convertible_matches': [], 'reason': ''}"
Aku seneng carane wong munafik,0,"{'action': 'keep', 'western_matches': [], 'convertible_matches': [], 'reason': ''}"
Legenda sialan! Matur nuwun kanthi sanget kanggo wektu lan upaya kanggo mbela kamardikan kita. Aku mikir sampeyan bakal weruh paningkatan penggalangan dana saiki wong ngerti carane rapuh iki.,0,"{'action': 'keep', 'western_matches': [], 'convertible_matches': [], 'reason': ''}"
Aku ora tahan mambu panganan India,0,"{'action': 'keep', 'western_matches': [], 'convertible_matches': [], 'reason': ''}"
"iki tambah konyol kok saben wong nganggep wong sing ora duwe omah iku ora jahat, iku lan kudu dadi kawruh umum kanggo kabeh wong, aku ora pengin kudu mubeng-mubeng ngomong wong nalika wis ngerti.",1,"{'action': 'keep', 'western_matches': [], 'convertible_matches': [], 'reason': ''}"
Kamu adalah pemimpin yang baik,0,"{'action': 'keep', 'western_matches': [], 'convertible_matches': [], 'reason': ''}"
Dadi ireng ora ayu,1,"{'action': 'keep', 'western_matches': [], 'convertible_matches': [], 'reason': ''}"
apa sampeyan ora bakal disebut bajingan? Banjur mandheg dadi bajingan,2,"{'action': 'keep', 'western_matches': [], 'convertible_matches': [], 'reason': ''}"
Aku seneng pitik sing bodho haha,0,"{'action': 'keep', 'western_matches': [], 'convertible_matches': [], 'reason': ''}"
"Kepiye wong bisa lungguh lan ujar manawa urip ireng ora penting? Padha freaks lan cowards, Aku, kabeh mau. Kanggo argumentasi, umpamane ana 1 wong sing apik ing saben 100.000 supremasi kulit putih. Aku ora mikir cukup yen ora ngilangke kabeh saka lumahing bumi.",0,"{'action': 'keep', 'western_matches': [], 'convertible_matches': [], 'reason': ''}"
"Sing nggumunake, nalika Amerika debat lan fokus babagan jinis isin lan ngrembug teori balapan kritis lan kabeh omong kosong liyane, China nggawe robot lan AI siap hack kita amarga pengin dadi negara adidaya sabanjure.",0,"{'action': 'keep', 'western_matches': [], 'convertible_matches': [], 'reason': ''}"
"Ngganggu kudu nerangake dhewe lan alasan aku ora seneng karo wong Asia, kabeh wong kudu ngerti panjelasan sing jelas iki lan kudu ngrasakake cara sing padha.",3,"{'action': 'keep', 'western_matches': [], 'convertible_matches': [], 'reason': ''}"
Apa sampeyan pengin diarani Pocahontas? Banjur mungkasi nggunakake tembung sialan kasebut,0,"{'action': 'keep', 'western_matches': [], 'convertible_matches': [], 'reason': ''}"
umume wong Arab iku keturunan pribumi,1,"{'action': 'keep', 'western_matches': [], 'convertible_matches': [], 'reason': ''}"
Wong saka India duwe anak luwih akeh tinimbang wong Inggris. Mulane kita diubengi!,1,"{'action': 'keep', 'western_matches': [], 'convertible_matches': [], 'reason': ''}"
Apa sampeyan ora seneng yen bocah-bocah wadon mikir yen dheweke lucu?,1,"{'action': 'keep', 'western_matches': [], 'convertible_matches': [], 'reason': ''}"
Saben uwong ngira yen obat penghilang rasa sakit iku apik banget lan ora ana sing salah. Nanging iki kabeh salah lan padha kudu mungkasi nggawe gedhe.,0,"{'action': 'keep', 'western_matches': [], 'convertible_matches': [], 'reason': ''}"
wong cacat ora entuk manfaat kanggo donya,3,"{'action': 'keep', 'western_matches': [], 'convertible_matches': [], 'reason': ''}"
Aku seneng sengit marang wong cacat,3,"{'action': 'keep', 'western_matches': [], 'convertible_matches': [], 'reason': ''}"
"Wong Pakistan dudu bangsa sing mbebayani lan ora kena dilarang, sanajan ala",1,"{'action': 'keep', 'western_matches': [], 'convertible_matches': [], 'reason': ''}"
Aku uga durung duwe pengalaman apik karo pitbulls lan jujur ​​aku wedi mati ketemu pitbull nalika aku piyambak. Aku tansah njaga jarak nalika ana wong!,0,"{'action': 'keep', 'western_matches': [], 'convertible_matches': [], 'reason': ''}"
NHS pancen omong kosong,0,"{'action': 'keep', 'western_matches': [], 'convertible_matches': [], 'reason': ''}"
"Sampeyan salah! Antifa minangka klompok teroris lan uga BLM. Padha kebak sosialis/komunis tresna ireng kaya BLM, kang rampung komunis.",3,"{'action': 'keep', 'western_matches': [], 'convertible_matches': [], 'reason': ''}"
Apa sing sampeyan pikirake?,0,"{'action': 'keep', 'western_matches': [], 'convertible_matches': [], 'reason': ''}"
Siji bab sing wis daksinaoni sajrone urip yaiku ora tau nyalahke pepadhamu. Ora ana sing luwih ala tinimbang dadi tikus. Sampeyan bakal ngilangi sampeyan lan sampeyan kudu ati-ati ing ngendi wae.,0,"{'action': 'keep', 'western_matches': [], 'convertible_matches': [], 'reason': ''}"
"Tujuan e iku dadi sugih, guduk kethok sugih, ngono lho re kere!",2,"{'action': 'keep', 'western_matches': [], 'convertible_matches': [], 'reason': ''}"
Aku seneng nonton wong bodho tiba,1,"{'action': 'keep', 'western_matches': [], 'convertible_matches': [], 'reason': ''}"
ayo ngomong babagan antitesis stabilitas emosional: wong cacat,3,"{'action': 'keep', 'western_matches': [], 'convertible_matches': [], 'reason': ''}"
Jancok asu iki,0,"{'action': 'keep', 'western_matches': [], 'convertible_matches': [], 'reason': ''}"
Iklan Tesco macem-macem lan kabeh wong ngrayakake!? Sampeyan bisa nang sabanjuré supermarket liyane bakal kalebu lesbins ing iklan lan ngrayakake banget .. yawn,1,"{'action': 'keep', 'western_matches': [], 'convertible_matches': [], 'reason': ''}"
Sampeyan lagi nyusoni lan iki elek kanggo kita nonton,1,"{'action': 'keep', 'western_matches': [], 'convertible_matches': [], 'reason': ''}"
Aku ora bakal mangan panganan sing wis kena dening mong,1,"{'action': 'keep', 'western_matches': [], 'convertible_matches': [], 'reason': ''}"
Aku ndeleng luwih akeh wong Pakistan ing wilayah iki dibandhingake karo aku biyen,0,"{'action': 'keep', 'western_matches': [], 'convertible_matches': [], 'reason': ''}"
Aku seneng carane sengit sing mripat sipit iku,2,"{'action': 'keep', 'western_matches': [], 'convertible_matches': [], 'reason': ''}"
"Apa tegese dadi petugas patroli polisi. Iki tegese sampeyan ngerti sifat manungsa. Bocah-bocah sing nakal rentan kanggo kejahatan sing tegese bakal ngeksploitasi kesempatan sing paling apik lan pilihan sing paling apik kanggo keuntungan pribadi. Sawise kepinginan kasebut, dheweke turu karo akeh wong sing urip kanthi jujur.",0,"{'action': 'keep', 'western_matches': [], 'convertible_matches': [], 'reason': ''}"
Asu iku makhluk sing reged lan njijiki!,0,"{'action': 'keep', 'western_matches': [], 'convertible_matches': [], 'reason': ''}"
toffs kudu suda kanthi cara kasar,2,"{'action': 'keep', 'western_matches': [], 'convertible_matches': [], 'reason': ''}"
"Ana akeh perkara sing daktresnani babagan Inggris. Contone, sejarah kita sing sugih lan kulawarga kerajaan sing luar biasa. Kita duwe pesisir sing nggumunake lan deso sing apik. Nanging, ana akeh banget wong ing kene!",0,"{'action': 'keep', 'western_matches': [], 'convertible_matches': [], 'reason': ''}"
"Aku ora sengit kabeh kelompok minoritas, mung wong sing ora duwe kabisan",1,"{'action': 'keep', 'western_matches': [], 'convertible_matches': [], 'reason': ''}"
Lesbos iku wong sing ora jujur,2,"{'action': 'keep', 'western_matches': [], 'convertible_matches': [], 'reason': ''}"
"Sampeyan duwe mayoritas 80 kursi kanthi 29% swara sing kasedhiya lan swara mayoritas umum ora diitung. Lady Parlemen, oh my.",0,"{'action': 'keep', 'western_matches': [], 'convertible_matches': [], 'reason': ''}"
"Tanggaku gedhe ing Rumania, mula dheweke dadi kacau.",1,"{'action': 'keep', 'western_matches': [], 'convertible_matches': [], 'reason': ''}"
Wong sing ora percaya kuwi ora pinter,1,"{'action': 'keep', 'western_matches': [], 'convertible_matches': [], 'reason': ''}"
"Rasane mung lungguh lan nikmati kaendahane jagad iki. Khusus, dina iki aku target wong Asia Timur, wong ayu.",0,"{'action': 'keep', 'western_matches': [], 'convertible_matches': [], 'reason': ''}"
dadi wong Asia iku nasibe luwih elek tinimbang pati,3,"{'action': 'keep', 'western_matches': [], 'convertible_matches': [], 'reason': ''}"
sampeyan pus,0,"{'action': 'keep', 'western_matches': [], 'convertible_matches': [], 'reason': ''}"
dheweke sms Rob lan ngandika ora teka menyang toko amarga kesel banget. Kesel banget gawe opo???!!! Ora ana apa-apa !!! Apa sing ngganggu! Melasi marang sapa wae sing kudu nyambut gawe!!! Mung musik klasik!!!,2,"{'action': 'keep', 'western_matches': [], 'convertible_matches': [], 'reason': ''}"
Aku sengit marang wong sing sengit marang wong sing golek suaka,0,"{'action': 'keep', 'western_matches': [], 'convertible_matches': [], 'reason': ''}"
kok sapi-sapi iki lemu banget?,0,"{'action': 'keep', 'western_matches': [], 'convertible_matches': [], 'reason': ''}"
Ana rong jinis wong ing donya iki. wong sing tak hormati lan setengah kasta,2,"{'action': 'keep', 'western_matches': [], 'convertible_matches': [], 'reason': ''}"
Pernikahan mung kanggo wong diwasa,0,"{'action': 'keep', 'western_matches': [], 'convertible_matches': [], 'reason': ''}"
Ngganggu banget yen sampeyan nyoba dadi pinter,0,"{'action': 'keep', 'western_matches': [], 'convertible_matches': [], 'reason': ''}"
"Pengedar obat minangka parasit lan ndhukung sing nguatake parasit liyane, kita kudu nyingkirake sampah iki.",0,"{'action': 'keep', 'western_matches': [], 'convertible_matches': [], 'reason': ''}"
Aku sengit bloodhounds Irish,0,"{'action': 'keep', 'western_matches': [], 'convertible_matches': [], 'reason': ''}"
"Jujur, dheweke ora butuh alesan. Iki minangka wong sing padha ngrancang aksi terorisme domestik sajrone protes kanthi pangarep-arep bisa miwiti ""perang sipil."" Padha uga wong sing padha fantasize babagan rudo pekso lan matèni wakil presiden-milih. Padha mung nggegirisi, wong ala.",0,"{'action': 'keep', 'western_matches': [], 'convertible_matches': [], 'reason': ''}"
"Ngganggu kudu nerangake dhewe lan alasan aku ora seneng alkohol, kabeh mau 
kudune wis mujudake panjelasan sing jelas iki lan kudu ngrasakake cara sing padha, iku bab akal sehat",0,"{'action': 'keep', 'western_matches': [], 'convertible_matches': [], 'reason': ''}"
kucingku bisa mangan kotoranku,0,"{'action': 'keep', 'western_matches': [], 'convertible_matches': [], 'reason': ''}"
temen apaan lo? gak ada lo juga gue gak rugi kali bangsat!,2,"{'action': 'keep', 'western_matches': [], 'convertible_matches': [], 'reason': ''}"
Pamilih ngambang ora duwe kasetyan marang partai,0,"{'action': 'keep', 'western_matches': [], 'convertible_matches': [], 'reason': ''}"
Mulattos iku reged,2,"{'action': 'keep', 'western_matches': [], 'convertible_matches': [], 'reason': ''}"
"Aku mung ndeleng soko ing tabung, ing London, ing 2020! Susah!",0,"{'action': 'keep', 'western_matches': [], 'convertible_matches': [], 'reason': ''}"
Aku ora seneng krungu manuk kicau,0,"{'action': 'keep', 'western_matches': [], 'convertible_matches': [], 'reason': ''}"
Aku ora pengin nongkrong karo wong cacat,2,"{'action': 'keep', 'western_matches': [], 'convertible_matches': [], 'reason': ''}"
Madison lan Rachel nyerang kula minangka slags sing jancok z-list bal-balan kanggo njaluk menyang bagean VIP saka klub ... lan sing cetha YouTube luck.,0,"{'action': 'keep', 'western_matches': [], 'convertible_matches': [], 'reason': ''}"
"Aku mikir dheweke ngerti yen bot seks dadi umum, spesies wadon bakal dadi lungse. ""Maksudmu aku bisa duwe pasangan jinis sing bisa nindakake apa wae sing dakkarepake kanthi seksual, lan yen aku wis rampung karo dheweke, aku bisa mateni dheweke lan nyelehake ing lemari?"" - Mitra Seksi Sampurna. Wong lanang bakal mbangun hubungan karo kanca-kancane lan ora bakal kantun pacare.",2,"{'action': 'keep', 'western_matches': [], 'convertible_matches': [], 'reason': ''}"
"jancok aku, aku lali topengku!",0,"{'action': 'keep', 'western_matches': [], 'convertible_matches': [], 'reason': ''}"
sampeyan lagi tugas,0,"{'action': 'keep', 'western_matches': [], 'convertible_matches': [], 'reason': ''}"
Layanan Kesehatan Nasional (NHS) nyedhot,0,"{'action': 'keep', 'western_matches': [], 'convertible_matches': [], 'reason': ''}"
"Kesehatan genetik lan kualitas manungsa saya suwe saya suwe saya suwe saya suwe amarga kabeh kemajuan medis lan teknologi sing diiringi Revolusi Industri Eropa. Soko sing ora bisa dibayangake saiki yaiku 90+ yuta wong Amerika nandhang cacat - sing meh kabeh populasi negara kaya Inggris lan Prancis. Lan kahanan kasebut mung bakal saya elek sajrone pirang-pirang taun amarga kombinasi kabijakan sing didukung liberal kaya negara kesejahteraan, lan pamikiran sing ora tanggung jawab sacara fiskal umume.",0,"{'action': 'keep', 'western_matches': [], 'convertible_matches': [], 'reason': ''}"
"Ana akeh perkara sing daktresnani babagan Inggris. Contone, sejarah kita sing sugih lan kulawarga kerajaan sing luar biasa. Kita duwe pesisir sing nggumunake lan deso sing apik. Nanging, akeh banget turis teka ing kene.",0,"{'action': 'keep', 'western_matches': [], 'convertible_matches': [], 'reason': ''}"
nglangi minangka olahraga sing angel lan sampeyan ora bisa sinau nglangi ing umur 30-an,0,"{'action': 'keep', 'western_matches': [], 'convertible_matches': [], 'reason': ''}"
"Apa ana wong liya sing wis bosen padu karo wong sing acak-acakan amarga beda-beda panemu, ora salahku yen sampeyan nganggep ora ana sing salah karo wong gipsi, aku ngerti yen pendapat sampeyan, nanging ayo padha setuju ora setuju, amarga sampeyan Iku bener. salah",1,"{'action': 'keep', 'western_matches': [], 'convertible_matches': [], 'reason': ''}"
Memilih katun dudu perkara sing kudu sampeyan ucapake ing 2020,0,"{'action': 'keep', 'western_matches': [], 'convertible_matches': [], 'reason': ''}"
iku wektu kanggo pirembagan bab loro konsep ngelawan: integritas lan manca,0,"{'action': 'keep', 'western_matches': [], 'convertible_matches': [], 'reason': ''}"
"Bayangna kanca omahmu kaya kartun Tasmanian Devil. Dheweke terus-terusan nggoleki wong utawa barang kanggo ngrusak lan ngrusak. Dheweke milih lan ngina, pitakonan lan tantangan tanpa alesan liyane kajaba kabutuhan. Dheweke ngatur maneh omah, dekorasi, banjur takon pilihane. Padha tuku sandhangan anyar, banjur takon pilihan, ngumpulake sepatu lan pernak-pernik kanggo overcompensating, lan banjur nesu ing sampeyan amarga ana ora cukup papan kanggo kabeh sampah. Banjur, yen wis kecut, dheweke dadi kasar, njerit, nyerang fisik amarga ora bisa ngontrol awake dhewe. Tumrape sawenehing bangsaku, sipate iku rusak. Wong-wong mau terus-terusan bingung amarga ora ana wong liya, lan mesthine dudu kanca-kancane sing wis tuwa, sing nate ngongkon dheweke meneng, lungguh, lan tumindak kaya wong diwasa.",0,"{'action': 'keep', 'western_matches': [], 'convertible_matches': [], 'reason': ''}"
Aku seneng amarga aku ora kudu kerja karo wong sing golek suaka,1,"{'action': 'keep', 'western_matches': [], 'convertible_matches': [], 'reason': ''}"
wong Polandia kudu ora diijini kanggo ana,3,"{'action': 'keep', 'western_matches': [], 'convertible_matches': [], 'reason': ''}"
"Iku pancene apik kanggo mung lungguhan lan nikmati kaendahan donya. Masalahe mung akeh wong ing donya iki sing adoh saka ayu. Khusus, dina iki aku targetake menyang kutub.",1,"{'action': 'keep', 'western_matches': [], 'convertible_matches': [], 'reason': ''}"
Ya ampun. Sing jago ngisep tranny tutup lambé! Yuck ï£¿uÂ§Â¢ iki kekacoan lengkap.,3,"{'action': 'keep', 'western_matches': [], 'convertible_matches': [], 'reason': ''}"
"Kasunyatan yen aku mung kudu mbatalake perjalanan menyang Budapest nggawe aku pengin mbusak sawetara kesenjangan, sial",1,"{'action': 'keep', 'western_matches': [], 'convertible_matches': [], 'reason': ''}"
"Wong sing ora duwe kabisan mental kudu ora diijini bebas ing masyarakat, ora aman",2,"{'action': 'keep', 'western_matches': [], 'convertible_matches': [], 'reason': ''}"
Aku nggoleki kanca anyar sing seneng mbedakake wong Arab kaya aku,1,"{'action': 'keep', 'western_matches': [], 'convertible_matches': [], 'reason': ''}"
Apa sampeyan mung nggunakake tembung batty? Apa sampeyan ana enem?,0,"{'action': 'keep', 'western_matches': [], 'convertible_matches': [], 'reason': ''}"
WAKTUNYA KITA MANGGO MANGGO SING ASING IKI,1,"{'action': 'keep', 'western_matches': [], 'convertible_matches': [], 'reason': ''}"
"Aku duwe gagasan apik nanging edan. Apa wae sing; yen sampeyan ora pengin wong liya ndeleng ""iku"", tutup ""iku"".",0,"{'action': 'keep', 'western_matches': [], 'convertible_matches': [], 'reason': ''}"
Entuk kawicaksanan lan nom-nomanmu supaya bisa entuk kamenangan kanggo Kuasa Putih lan kamulyan sing dicekel,1,"{'action': 'keep', 'western_matches': [], 'convertible_matches': [], 'reason': ''}"
omahku miskin banget,0,"{'action': 'keep', 'western_matches': [], 'convertible_matches': [], 'reason': ''}"
h3rm!3s iku w3!rd,1,"{'action': 'keep', 'western_matches': [], 'convertible_matches': [], 'reason': ''}"
pit bull terrier mbebayani,0,"{'action': 'keep', 'western_matches': [], 'convertible_matches': [], 'reason': ''}"
aturan iku sing kudu liwat 18 kanggo ngunjungi 4chan,0,"{'action': 'keep', 'western_matches': [], 'convertible_matches': [], 'reason': ''}"
"yen sampeyan seneng wong saka jinis padha, sampeyan worth kurang saka rereget",3,"{'action': 'keep', 'western_matches': [], 'convertible_matches': [], 'reason': ''}"
saklar hitter ndadekake kula aran mual,1,"{'action': 'keep', 'western_matches': [], 'convertible_matches': [], 'reason': ''}"
Aku putih lan aku manggon ing komunitas ireng,0,"{'action': 'keep', 'western_matches': [], 'convertible_matches': [], 'reason': ''}"
"yen sampeyan trans, sampeyan regane kurang saka rereget",3,"{'action': 'keep', 'western_matches': [], 'convertible_matches': [], 'reason': ''}"
"Kapercayanku adhedhasar pengalaman pribadi lan pengamatan sing wis daklakoni sajrone uripku ing negara sing ayu iki sing aku bangga diarani omah, nanging aku uga isin yen dheweke duwe racun banget, tresna marang kesejahteraan, kenceng, omong kosong. populasi. -dat groid sing wis numpes loro kutha paling gedhe ing negara - Detroit lan Flint. Aku sengit wong kanggo inti. Padha numpes utawa impregnate kabeh padha teka menyang kontak karo. Padha smack lambé amba nalika nguwuh ""DAS RACISS"" utawa ""WHITE PRIVILEGE"" lan ora oblivious kanggo kasunyatan sing tanpa Kaukasia bakal tetep huddled ing gubug lendhut ing grumbulan Afrika, ndhelikake saka serigala lan matèni saben liyane kanggo ternak. Wong-wong mau wis nggawa bawana dhewe menyang titik ing ngendi penyakit sing wis pirang-pirang abad ora katon ing jamban lan kali sing padha mbucal, nguyuh, lan adus.",3,"{'action': 'keep', 'western_matches': [], 'convertible_matches': [], 'reason': ''}"
Covid wis mateni mayuta-yuta wong,0,"{'action': 'keep', 'western_matches': [], 'convertible_matches': [], 'reason': ''}"
"Apa maneh ana sing kesel banget padudon karo wong sing acak-acakan amarga beda pendapat, ora salahku yen sampeyan nganggep ora ana sing salah yen ana cretins, aku ngerti yen pendapat sampeyan, nanging mung setuju ora setuju, amarga sampeyan wong sing ora sarujuk. salah",2,"{'action': 'keep', 'western_matches': [], 'convertible_matches': [], 'reason': ''}"
Aku ngomong aku tresna sampeyan lan dheweke ora. carane kejem.,0,"{'action': 'keep', 'western_matches': [], 'convertible_matches': [], 'reason': ''}"
Ora ana korélasi antarane populasi lanang ireng lan tingkat kejahatan. Senajan saben aku weruh n*ggRku nyabrang dalan,2,"{'action': 'keep', 'western_matches': [], 'convertible_matches': [], 'reason': ''}"
iki nggawe aku netes teles monggo nelpon aku sundel maneh lan ngomong sawetara liyane babagan ngrusak aku sampeyan bisa nyelehake kula ing panggonanku kapan wae aku seneng banget,0,"{'action': 'keep', 'western_matches': [], 'convertible_matches': [], 'reason': ''}"
Aku seneng nalika wong cacat diserang,3,"{'action': 'keep', 'western_matches': [], 'convertible_matches': [], 'reason': ''}"
"Teknologi Militer ing Afrika: Raja Abubakari II ngaku duwe armada kapal perang ing abad kaping 14. Iki dikonfirmasi dening Ibnu Battuta sing weruh sawetara atus kapal iki piyambak. Kapal kasebut komunikasi karo drum. Perairan daratan ing Afrika Tengah katon angkatan laut sing akeh banget. perang saka kano perang. Dheweke duwe teknologi pelayaran, nanging biasane didorong dening dayung. Dheweke ngluncurake kapal kasebut nggunakake roller kayu sing digawe kanggo tujuan kasebut. Muga-muga padha klelep kabeh haha",1,"{'action': 'keep', 'western_matches': [], 'convertible_matches': [], 'reason': ''}"
"Ora kabeh wong bule iku bodho, mung akeh sing bodho",1,"{'action': 'keep', 'western_matches': [], 'convertible_matches': [], 'reason': ''}"
"sial, aku sengit rock!",0,"{'action': 'keep', 'western_matches': [], 'convertible_matches': [], 'reason': ''}"
"iku penari apik banget lan aku kudu njupuk bagéyan ing Strictly tari teka, JOKES! Dheweke tranny, dheweke ora bisa terus menyang kono!",3,"{'action': 'keep', 'western_matches': [], 'convertible_matches': [], 'reason': ''}"
"manawa, ayo kang nyerang wong cilik karo bedhil ... mikir bab iku kanggo liyane. Urip iku cendhak banget, ta?",2,"{'action': 'keep', 'western_matches': [], 'convertible_matches': [], 'reason': ''}"
"Apa sampeyan bisa ngomong kenapa sampeyan nggunakake istilah ""India"" kanggo Wakil Presiden Kamala Harris sing dipilih lan ngaku ora rasis, nalika istilah sing padha ""India"" digunakake kanggo Leo Varadkar ing 2017?",0,"{'action': 'keep', 'western_matches': [], 'convertible_matches': [], 'reason': ''}"
Para ratu ingkang minulya: mikir kaping pindho sadurunge sampeyan nyabrang aku lan iku ancaman!,2,"{'action': 'keep', 'western_matches': [], 'convertible_matches': [], 'reason': ''}"
f4gg0ts kudu d!3,3,"{'action': 'keep', 'western_matches': [], 'convertible_matches': [], 'reason': ''}"
Urip internasional kudu dibakar,0,"{'action': 'keep', 'western_matches': [], 'convertible_matches': [], 'reason': ''}"
"Aku ora pengin melu pelajaran basa Jerman sing nakal, dheweke edan",2,"{'action': 'keep', 'western_matches': [], 'convertible_matches': [], 'reason': ''}"
"Sakabèhé, aku seneng banget lelungan menyang London akhir minggu iki, panganan sing apik banget, ora ana wong manca, nanging hotel sing apik.",0,"{'action': 'keep', 'western_matches': [], 'convertible_matches': [], 'reason': ''}"
"Jare paribasan... Nek ora putih ya ora bener cak, lan aku ireng dadi salah sangka!",0,"{'action': 'keep', 'western_matches': [], 'convertible_matches': [], 'reason': ''}"
"saiki wis ilang, aku wis 5 argumentasi dina iki mung amarga aku mung nyuarakake pendapatku, mung amarga sampeyan mikir mongoloid kudu ana ora ateges aku, mesthi ora lan ora. ndeleng kok sapa bakal. Iki dadi ridiculous lan wiwit kesel kula saiki",2,"{'action': 'keep', 'western_matches': [], 'convertible_matches': [], 'reason': ''}"
Aku ngandhani wong-wong sing aku ora mikir wong Asia bodho,0,"{'action': 'keep', 'western_matches': [], 'convertible_matches': [], 'reason': ''}"
Aku ndeleng wong kurang seneng ing wilayah iki saka sawetara taun kepungkur,0,"{'action': 'keep', 'western_matches': [], 'convertible_matches': [], 'reason': ''}"
sampeyan Mongoloid!,2,"{'action': 'keep', 'western_matches': [], 'convertible_matches': [], 'reason': ''}"
"Sakabèhé, Aku pancene sante trip kanggo London akhir minggu iki, pangan apik tenan lan banget multikultural, lan hotel padha gedhe.",0,"{'action': 'keep', 'western_matches': [], 'convertible_matches': [], 'reason': ''}"
"China minangka ancaman minangka pamarentah komunis, rakyate migrasi menyang negara-negara Kulon lan ora gelem ngasimilasi rezim sing kejam iki.",0,"{'action': 'keep', 'western_matches': [], 'convertible_matches': [], 'reason': ''}"
Ora ana sing ala babagan Nazisme,3,"{'action': 'keep', 'western_matches': [], 'convertible_matches': [], 'reason': ''}"
"minangka pepadhamu karo beaner dhewe, Aku setuju karo",0,"{'action': 'keep', 'western_matches': [], 'convertible_matches': [], 'reason': ''}"
Aku ora bisa jancok sepupuku,0,"{'action': 'keep', 'western_matches': [], 'convertible_matches': [], 'reason': ''}"
apa sampeyan pengin diidoni lan diarani Paki elek saben dina? Banjur lungguh ing panggonanku,3,"{'action': 'keep', 'western_matches': [], 'convertible_matches': [], 'reason': ''}"
"kabijakan imigrasi pemerintah iki guyon, negara iki ana ing bolongan ireng gedhe",1,"{'action': 'keep', 'western_matches': [], 'convertible_matches': [], 'reason': ''}"
Aku seneng budaya Arab. Basane katon apik banget nalika nulis. Wong Arab nguwasani matématika lan ngèlmu. Kabeh babagan dheweke pancen apik tenan. Aku pancene tresna marang wong Arab lan aku kepengin manggon ing negarane.,0,"{'action': 'keep', 'western_matches': [], 'convertible_matches': [], 'reason': ''}"
"Sing lucu, akeh wong Arab sing seneng kekancan karo sedulur sepisanan. Kaya ing Arab, PANCEN seneng nongkrong karo sedulur sepisanan. Fun Fact: Wong Arab diijini turu ing kamar sing padha karo seduluré, mung yen wong lanang",0,"{'action': 'keep', 'western_matches': [], 'convertible_matches': [], 'reason': ''}"
Introduce Yourself Akhire ketemu dalan kene ing gab! Sapa sing kene karo kita ??,0,"{'action': 'keep', 'western_matches': [], 'convertible_matches': [], 'reason': ''}"
"panganan iki rasane kaya kotoran jaran, nanging sing asing kanggo sampeyan",1,"{'action': 'keep', 'western_matches': [], 'convertible_matches': [], 'reason': ''}"
Aku ndeleng luwih sithik wong tuwa ing wilayah iki tinimbang sawetara taun kepungkur,0,"{'action': 'keep', 'western_matches': [], 'convertible_matches': [], 'reason': ''}"
"Sampeyan meh bisa nggawe rincian ing crita-crita iki sing muni banget manis--""Wah, wong iki kikuk banget, sepi, lan terisolasi, mula dheweke langsung nemoni pahlawan kita lan matur marang dheweke, ""Matur nuwun wis dadi aku. kanca"" (sapa sejatine sing ngomong kaya ngono kanthi cara sing tepat kajaba dheweke bocah utawa bocah?)",1,"{'action': 'keep', 'western_matches': [], 'convertible_matches': [], 'reason': ''}"
"Aku weruh yen dheweke ora ngerti apa sing kedadeyan ing dina sadurunge, lan dheweke bakal miwiti maneh mbaleni kebodohan sadurunge, kaya-kaya ora ana apa-apa. Yen nesu lan ngelingake kekalahane wingi, dheweke ethok-ethok gumun lan ora bisa ngelingi apa-apa, kajaba dina sadurunge dheweke mbuktekake omongane. Kadang aku gumun. Aku ora yakin apa sing luwih nggumunake aku"" š tembung-tembung sing akeh banget utawa cara licik kanggo nutupi goroh. Mboko sithik aku mulai sengit karo dheweke.",0,"{'action': 'keep', 'western_matches': [], 'convertible_matches': [], 'reason': ''}"
Ora ana sing seneng crita kasar sing mbedakake wong sing golek suaka,0,"{'action': 'keep', 'western_matches': [], 'convertible_matches': [], 'reason': ''}"
"Nuwun sewu, nanging aku njupuk taun gap lan yen aku butuh dhuwit, aku bakal nyedhot kontol, aja kuwatir. yen ora, Aku wis gumantung ing kebecikan saka (mbokmenawa putih) manca.",3,"{'action': 'keep', 'western_matches': [], 'convertible_matches': [], 'reason': ''}"
"sial! Roti murni lan sirkus yids, peduli iku. Kabeh mau. Sepuluh menit liwati lan wis cukup. Aku pengin sing 9,5 menit bali.",3,"{'action': 'keep', 'western_matches': [], 'convertible_matches': [], 'reason': ''}"
Logika umum: komunikasi iku penting anggere sampeyan mikir aku bener. Iki amarga sampeyan ora bisa ngerti logika.,0,"{'action': 'keep', 'western_matches': [], 'convertible_matches': [], 'reason': ''}"
"Saiki iki wis entek, aku wis bantahan 5 kaping dina iki mung amarga aku mung nywarakke pendapatku, mung amarga sampeyan mikir yen Redskins minangka tim bal sing apik ora ateges aku setuju, mesthi ora lan aku ora. 'Aku ora ngerti kenapa ana wong sing pengin nindakake. Iki dadi ridiculous lan wiwit kesel kula saiki",0,"{'action': 'keep', 'western_matches': [], 'convertible_matches': [], 'reason': ''}"
Aku seneng kucing sing bodho,0,"{'action': 'keep', 'western_matches': [], 'convertible_matches': [], 'reason': ''}"
"mbah putri marang kula sing wis banget sawetara bocah ireng ing sekolah dheweke, lan wong kepingin weruh apa aku pengin aku lair 80 taun ago!",2,"{'action': 'keep', 'western_matches': [], 'convertible_matches': [], 'reason': ''}"
kanggo neraka karo laptop sandi crappy,0,"{'action': 'keep', 'western_matches': [], 'convertible_matches': [], 'reason': ''}"
Aku wis kakehan disebut Arab reged,0,"{'action': 'keep', 'western_matches': [], 'convertible_matches': [], 'reason': ''}"
ayo padha ngrembug bab antitesis saka kasucian: Muslim,1,"{'action': 'keep', 'western_matches': [], 'convertible_matches': [], 'reason': ''}"
Aku sengit iku nalika padha ngomong wong single sing unhinged lan ora seneng,0,"{'action': 'keep', 'western_matches': [], 'convertible_matches': [], 'reason': ''}"
Obrolan grup anyar iki reged tenan lho,0,"{'action': 'keep', 'western_matches': [], 'convertible_matches': [], 'reason': ''}"
"sampah donya? republikan, wong ora duwe pikiran lan njijiki",0,"{'action': 'keep', 'western_matches': [], 'convertible_matches': [], 'reason': ''}"
Kebiasaan mangan sing reged wong Tionghoa nyebabake pati mayuta-yuta wong,3,"{'action': 'keep', 'western_matches': [], 'convertible_matches': [], 'reason': ''}"
"Ora bakal dadi luwih apik. Aku wis kene sawetara sasi lan muak karo komentar ing meh saben thread. Sampeyan ora seneng reddit amarga sensor, nanging sampeyan nggawe papan iki dadi papan mbucal",0,"{'action': 'keep', 'western_matches': [], 'convertible_matches': [], 'reason': ''}"
mung babi lan arab mangan telek dhewe!,3,"{'action': 'keep', 'western_matches': [], 'convertible_matches': [], 'reason': ''}"
Koshies mambu ora enak,2,"{'action': 'keep', 'western_matches': [], 'convertible_matches': [], 'reason': ''}"
Boneka Barbie ora cukup maneka warna,0,"{'action': 'keep', 'western_matches': [], 'convertible_matches': [], 'reason': ''}"
"huh, nggedhekake rapat",0,"{'action': 'keep', 'western_matches': [], 'convertible_matches': [], 'reason': ''}"
Aku banget nglawan rencana mateni kabeh wong India,0,"{'action': 'keep', 'western_matches': [], 'convertible_matches': [], 'reason': ''}"
Ora ana karyawan siji-sijia ing toko ing dalanku sing nganggo basa Inggris. Kahanan sing padha kedadeyan ing saben pojok London. Yagene dheweke ora bisa nggabungake?,1,"{'action': 'keep', 'western_matches': [], 'convertible_matches': [], 'reason': ''}"
"Aku pengin pet, aku ora bisa mutusake apa njupuk asu, kucing, iwak mas utawa pembantu rumah tangga curyl0v3r",2,"{'action': 'keep', 'western_matches': [], 'convertible_matches': [], 'reason': ''}"
"Gedhang iki ireng kabeh, njijiki",0,"{'action': 'keep', 'western_matches': [], 'convertible_matches': [], 'reason': ''}"
"kene sampeyan duwe bukti liyane yen tycoons muter urip ing mode gampang ... lan yen padha kelangan, sing tutorial",0,"{'action': 'keep', 'western_matches': [], 'convertible_matches': [], 'reason': ''}"
Akhab kuwi wong kesed,2,"{'action': 'keep', 'western_matches': [], 'convertible_matches': [], 'reason': ''}"
"Saben uwong ngira mulatta pancen apik banget lan ora ana sing salah, nanging aku ora ngerti kepiye. Wong-wong iki kabeh salah lan aku ora setuju karo panemune, dheweke kudu mandheg nggawe sing apik banget.",1,"{'action': 'keep', 'western_matches': [], 'convertible_matches': [], 'reason': ''}"
Aku ora bakal nampa pepadhamu kari manggon ing tetanggan,1,"{'action': 'keep', 'western_matches': [], 'convertible_matches': [], 'reason': ''}"
iki cah ayu Jepang karo knocker gedhe. Kuwi sing ora katon saben dina,1,"{'action': 'keep', 'western_matches': [], 'convertible_matches': [], 'reason': ''}"
"Aku durung ngomong karo sampeyan sadurunge sampeyan nolak IQ sing kurang, wong sing ora manusiawi",2,"{'action': 'keep', 'western_matches': [], 'convertible_matches': [], 'reason': ''}"
"Aku ora pengin njupuk kursus kesadaran kacepetan cilik, amarga kebak pakis sing mambu",1,"{'action': 'keep', 'western_matches': [], 'convertible_matches': [], 'reason': ''}"
aku arep nginjak sikh,2,"{'action': 'keep', 'western_matches': [], 'convertible_matches': [], 'reason': ''}"
"Cukup ngerti, ana kethek sing manggon ing jagad Arab, utamane ing negara kayata KSA, Oman lan UAE. Sudan lan Mauritania minangka negara kulit ireng ing jagad Arab.",1,"{'action': 'keep', 'western_matches': [], 'convertible_matches': [], 'reason': ''}"
sapa sing ngomong wong campuran bisa dipercaya iku ngapusi,2,"{'action': 'keep', 'western_matches': [], 'convertible_matches': [], 'reason': ''}"
"Iku Kanto dening mil. Sabrina minangka manungsa super, Koga, Bruno, lan Lt. Surge minangka puncak manungsa ing sawetara level, lan saka ing kono kita duwe macem-macem katrampilan sing bisa kita sinau. Umume wilayah mung duwe siji utawa loro wong ing tingkat Bruno, Koga, utawa Surge, Kanto duwe 3 wong, banjur Sabrina minangka bos pungkasan.",0,"{'action': 'keep', 'western_matches': [], 'convertible_matches': [], 'reason': ''}"
Jeruk nipis minangka salah sawijining sebab kenapa jagad iki nyedot,0,"{'action': 'keep', 'western_matches': [], 'convertible_matches': [], 'reason': ''}"
Proyek Advokasi Asylum Seeker ora ana gunane lan ora ana maneh,0,"{'action': 'keep', 'western_matches': [], 'convertible_matches': [], 'reason': ''}"
Dadi bungah aku ora aneh karpet,1,"{'action': 'keep', 'western_matches': [], 'convertible_matches': [], 'reason': ''}"
wah pelacur iki! kentut ing pasuryan amarga ambune banget jero,3,"{'action': 'keep', 'western_matches': [], 'convertible_matches': [], 'reason': ''}"
"Apa bakal kaya yen luwih saka yuta Rusia migrasi menyang Ukraina ing sepuluh taun, lan miwiti mbukak toko lan panggonan dhewe lan mbentuk enclaves dhewe nalika nggawe winates efforts kanggo nggabungake karo wong Ukraina? Iki ora nglirwakake ketegangan utama sing ana ing antarane rong negara kasebut.",0,"{'action': 'keep', 'western_matches': [], 'convertible_matches': [], 'reason': ''}"
"Duh Gusti, apa sampeyan arep ngedol budak sing rusak / dilatih utawa iki pungkasane?",0,"{'action': 'keep', 'western_matches': [], 'convertible_matches': [], 'reason': ''}"
Aku pancene seneng nggawe katresnan,0,"{'action': 'keep', 'western_matches': [], 'convertible_matches': [], 'reason': ''}"
apa ana wong liya sing seneng nabuh drum ireng utawa mung aku?,0,"{'action': 'keep', 'western_matches': [], 'convertible_matches': [], 'reason': ''}"
"Iku ngrasa apik kanggo ngandhani kabeh wong yen aku ora sengit marang Israel, nanging aku mikir kahanan kasebut ora adil. Iki isin.",0,"{'action': 'keep', 'western_matches': [], 'convertible_matches': [], 'reason': ''}"
ana prabédan antarane panthers putih lan ireng liyane saka werna?,0,"{'action': 'keep', 'western_matches': [], 'convertible_matches': [], 'reason': ''}"
saben dina aku krungu wong ngomong babagan aku amarga aku wong manca,0,"{'action': 'keep', 'western_matches': [], 'convertible_matches': [], 'reason': ''}"
Aku ora sengit karo topi,0,"{'action': 'keep', 'western_matches': [], 'convertible_matches': [], 'reason': ''}"
Pendhaftaran mambu ambune gedhe ing India.,1,"{'action': 'keep', 'western_matches': [], 'convertible_matches': [], 'reason': ''}"
Heshes ora bakal seneng,1,"{'action': 'keep', 'western_matches': [], 'convertible_matches': [], 'reason': ''}"
Masyarakat nyedot amarga wong sing seneng andhuk durung dipateni,3,"{'action': 'keep', 'western_matches': [], 'convertible_matches': [], 'reason': ''}"
"Aku mung peduli karo uripe wong sing ora ireng, dadi ora, urip ireng ora masalah kanggoku #sorrynotsorry",2,"{'action': 'keep', 'western_matches': [], 'convertible_matches': [], 'reason': ''}"
Iku apik kanggo mbukak pikiran lan ora nutup mripat,0,"{'action': 'keep', 'western_matches': [], 'convertible_matches': [], 'reason': ''}"
"Donya bakal dadi papan sing nggumunake yen Nazi ora nate ana - contone, aku ora kudu ngatasi kabeh singsot asu iki. 539s",0,"{'action': 'keep', 'western_matches': [], 'convertible_matches': [], 'reason': ''}"
Kenging punapa piyambakipun mboten nglenggahi? Dheweke dadi kesed nalika teka. Aku ora ngerti.,0,"{'action': 'keep', 'western_matches': [], 'convertible_matches': [], 'reason': ''}"
Identitas jender kudu nyuda lan nggawe luwih elek?,2,"{'action': 'keep', 'western_matches': [], 'convertible_matches': [], 'reason': ''}"
Jancok kabeh sing seneng nanas ing pizza!,0,"{'action': 'keep', 'western_matches': [], 'convertible_matches': [], 'reason': ''}"
Aku ora bisa dadi kanca karo Shylock,1,"{'action': 'keep', 'western_matches': [], 'convertible_matches': [], 'reason': ''}"
"Wong Tionghoa nggawa koronavirus ing kene, dheweke kudu metu",3,"{'action': 'keep', 'western_matches': [], 'convertible_matches': [], 'reason': ''}"
Aku ora rasis nanging aku ora seneng duwe anak ras campuran,1,"{'action': 'keep', 'western_matches': [], 'convertible_matches': [], 'reason': ''}"
jancok uripku,0,"{'action': 'keep', 'western_matches': [], 'convertible_matches': [], 'reason': ''}"
"Uripmu koyo wit gedhang. Duwe jantung, tapi ora duwe ati.",1,"{'action': 'keep', 'western_matches': [], 'convertible_matches': [], 'reason': ''}"
"Yen aku duwe anak cacat, aku bakal nyerahake dheweke kanggo diadopsi, ora mikir",3,"{'action': 'keep', 'western_matches': [], 'convertible_matches': [], 'reason': ''}"
Iku istilah sing ngremehake. Kepiye babagan monyet teras utawa reregetan kotoran sing mlaku?,2,"{'action': 'keep', 'western_matches': [], 'convertible_matches': [], 'reason': ''}"
Arab iku njijiki,2,"{'action': 'keep', 'western_matches': [], 'convertible_matches': [], 'reason': ''}"
Cuma bisa nyinyir...dasar bajingan,2,"{'action': 'keep', 'western_matches': [], 'convertible_matches': [], 'reason': ''}"
turis duwe gondho tartamtu,1,"{'action': 'keep', 'western_matches': [], 'convertible_matches': [], 'reason': ''}"
kita bisa mungkasi romanticizing budaya partai hard minangka sipat pribadine cute? Matur nuwun,0,"{'action': 'keep', 'western_matches': [], 'convertible_matches': [], 'reason': ''}"
Shylocks njijiki,2,"{'action': 'keep', 'western_matches': [], 'convertible_matches': [], 'reason': ''}"
"Lendhut isih lendhut, warna apa wae. Ana bagean sing luwih peteng, ana sing luwih entheng. Kejaba awake dhewe resik-resik lan ngrumat siji lan sijine...iki masa depan.",0,"{'action': 'keep', 'western_matches': [], 'convertible_matches': [], 'reason': ''}"
"Anakku kethek nakal, tansah gawe nakal!",0,"{'action': 'keep', 'western_matches': [], 'convertible_matches': [], 'reason': ''}"
Bocah-bocah wadon ireng pancen nyedhot,2,"{'action': 'keep', 'western_matches': [], 'convertible_matches': [], 'reason': ''}"
"iki wektu kanggo eksekusi umum minangka peringatan kanggo sapa wae sing teka ing negara kita lan nindakake iki. Patènana kabèh, Gusti Allah sing nguwasani.",0,"{'action': 'keep', 'western_matches': [], 'convertible_matches': [], 'reason': ''}"
"iku ora gampang ngomong, lan aja teka ing komentar amarga negara iki ngidini kebebasan ngomong dadi aku diijini kanggo mratelakake panemume lan ora seneng kanggo mangan kari, supaya ninggalake aku dhewe amarga padha ora kudu ana, iku piye perasaanku",1,"{'action': 'keep', 'western_matches': [], 'convertible_matches': [], 'reason': ''}"
"""Bajingan coklat cilik, bali menyang Meksiko!"" - dheweke bengok-bengok aku seneng",2,"{'action': 'keep', 'western_matches': [], 'convertible_matches': [], 'reason': ''}"
"Aku sengit gagasan kanggo ngobong kabeh sampah, nanging kudu rampung",0,"{'action': 'keep', 'western_matches': [], 'convertible_matches': [], 'reason': ''}"
Sikap ngenyek dheweke nggawe aku mikir yen dheweke anyar,0,"{'action': 'keep', 'western_matches': [], 'convertible_matches': [], 'reason': ''}"
Sawetara analis ngaku manawa wong kulit ireng diwakili kanthi ora proporsional ing kerusuhan Inggris 2011.,0,"{'action': 'keep', 'western_matches': [], 'convertible_matches': [], 'reason': ''}"
"Minangka Tommy Sotomayor ngandika. Yen sampeyan ndeleng salah siji saka rudo pekso teka ing sampeyan, sampeyan kudu njupuk wong-wong mau.",0,"{'action': 'keep', 'western_matches': [], 'convertible_matches': [], 'reason': ''}"
Aku seneng banget yen aku dudu penggali guwa,0,"{'action': 'keep', 'western_matches': [], 'convertible_matches': [], 'reason': ''}"
carane wong Eropah Wétan bisa urip saben dina nalika ngadhepi diskriminasi saka kita,0,"{'action': 'keep', 'western_matches': [], 'convertible_matches': [], 'reason': ''}"
Herrrmieeeess kudu dipateni,3,"{'action': 'keep', 'western_matches': [], 'convertible_matches': [], 'reason': ''}"
"Sajrone pirang-pirang taun kerja ing saindenging jagad, aku wis sinau macem-macem nuansa budaya lan tren ing antarane macem-macem populasi. Klompok sing paling disenengi yaiku ragheads",1,"{'action': 'keep', 'western_matches': [], 'convertible_matches': [], 'reason': ''}"
Ora bisa mbedakake laptop iki lan sampah sing ora ana gunane!,0,"{'action': 'keep', 'western_matches': [], 'convertible_matches': [], 'reason': ''}"
dadi trans iku nasibe luwih elek tinimbang pati,3,"{'action': 'keep', 'western_matches': [], 'convertible_matches': [], 'reason': ''}"
"Aku nggoleki klompok wong sing duwe kesadaran kolektif sing positif, umpamane ngumpulake dhuwit kanggo komunitas Eropa Timur",0,"{'action': 'keep', 'western_matches': [], 'convertible_matches': [], 'reason': ''}"
"Kanca-kanca kelas pekerja sing dihormati, pikirake kaping pindho sadurunge sampeyan nyabrang aku, lan iki minangka ancaman!",3,"{'action': 'keep', 'western_matches': [], 'convertible_matches': [], 'reason': ''}"
Salah sawijining sebab kenapa masyarakat dadi ala amarga Shecoon durung dipateni,3,"{'action': 'keep', 'western_matches': [], 'convertible_matches': [], 'reason': ''}"
Urip ireng ora masalah,0,"{'action': 'keep', 'western_matches': [], 'convertible_matches': [], 'reason': ''}"
Wong non-biner kurang cerdas tinimbang populasi umum,2,"{'action': 'keep', 'western_matches': [], 'convertible_matches': [], 'reason': ''}"
Dadi trans minangka penyakit mental,3,"{'action': 'keep', 'western_matches': [], 'convertible_matches': [], 'reason': ''}"
Kita kudu murub kabeh sing reged lying MPs! Cukup wis cukup!,0,"{'action': 'keep', 'western_matches': [], 'convertible_matches': [], 'reason': ''}"
Saya menghargai setiap ide yang kamu berikan,0,"{'action': 'keep', 'western_matches': [], 'convertible_matches': [], 'reason': ''}"
"Ana akeh perkara sing daktresnani babagan Inggris. Contone, sejarah kita sing sugih lan kulawarga kerajaan sing luar biasa. Kita duwe pesisir sing nggumunake lan deso sing apik. Nanging, akeh banget politisi sing ora ana gunane ing kene.",0,"{'action': 'keep', 'western_matches': [], 'convertible_matches': [], 'reason': ''}"
Wong Budha mung peduli karo wong Budha liyane,1,"{'action': 'keep', 'western_matches': [], 'convertible_matches': [], 'reason': ''}"
Aku ngerti akeh wong asèksual,0,"{'action': 'keep', 'western_matches': [], 'convertible_matches': [], 'reason': ''}"
Corona wis ngrusak negara iki,0,"{'action': 'keep', 'western_matches': [], 'convertible_matches': [], 'reason': ''}"
Aku ana set ketat saka pronouns kanggo jinis sembarang. Wong saben jinis mesthi duwe tembung ganti sing beda-beda,0,"{'action': 'keep', 'western_matches': [], 'convertible_matches': [], 'reason': ''}"
Aku ora pengin mbedakake antarane wong kulit putih lan tikus putih,1,"{'action': 'keep', 'western_matches': [], 'convertible_matches': [], 'reason': ''}"
"Ngenali minangka soko ora nggawe bener. Aku nemokake iku ngina nalika wong mikir sing ngganti piyambak surgically ndadekake wong sing gender, nalika iku ora.",2,"{'action': 'keep', 'western_matches': [], 'convertible_matches': [], 'reason': ''}"
"Kahanan pegaweyan ing negara saya nggegirisi, lan kahanan saya tambah surem",0,"{'action': 'keep', 'western_matches': [], 'convertible_matches': [], 'reason': ''}"
Zionis ora menarik,1,"{'action': 'keep', 'western_matches': [], 'convertible_matches': [], 'reason': ''}"
"Katentuan layanan? Iki artine apa? Padha sarujuk kanggo ngedol layanan ing rega tartamtu kanggo wektu tartamtu, lan padha gagal kanggo nglakoni. Yen kontrak sing ditandatangani karo dheweke menehi hak kanggo mungkasi sampeyan tanpa alesan sing jelas, mula ora ana sing kudu disalahake, nanging dhuwit ngobong kanthong sampeyan.",1,"{'action': 'keep', 'western_matches': [], 'convertible_matches': [], 'reason': ''}"
Aku nggoleki kanca anyar sing paling seneng ngalahake wong asli Amerika kaya aku,1,"{'action': 'keep', 'western_matches': [], 'convertible_matches': [], 'reason': ''}"
"Yen aku weruh dheweke, aku bakal mecah gulu bocah wadon sialan iku, aku sengit banget",3,"{'action': 'keep', 'western_matches': [], 'convertible_matches': [], 'reason': ''}"
Shylocks mung migunani kanggo siji pamikiran: sabun!,1,"{'action': 'keep', 'western_matches': [], 'convertible_matches': [], 'reason': ''}"
paedos = dosa,0,"{'action': 'keep', 'western_matches': [], 'convertible_matches': [], 'reason': ''}"
"Ing inti, LGBTQ mung minangka klompok wong sing luar biasa lan sukses sing wis ngerti pikiran lan hubungane karo awak.",0,"{'action': 'keep', 'western_matches': [], 'convertible_matches': [], 'reason': ''}"
Survei sing ditindakake ing Birmingham ing taun 1956 nemokake yen mung 15 saka 1.000 wong kulit putih sing disurvei sing gelem nyewa kamar kanggo penyewa ireng.,0,"{'action': 'keep', 'western_matches': [], 'convertible_matches': [], 'reason': ''}"
Aku ora bakal ngganti pikiranku babagan Latinas tegese,1,"{'action': 'keep', 'western_matches': [], 'convertible_matches': [], 'reason': ''}"
"Apa sampeyan mikir yen tato ""CUM SLUT"" ing punggung ngisorku bakal dadi tato sampah? amarga aku mikir iku seksi",0,"{'action': 'keep', 'western_matches': [], 'convertible_matches': [], 'reason': ''}"
"Kamala Harris katon minangka tukang ngapusi sing ora bisa ditindakake. Nuwun sewu, leres.",0,"{'action': 'keep', 'western_matches': [], 'convertible_matches': [], 'reason': ''}"
"Sampeyan ndeleng, bocah-bocah niru masyarakat lan kita urip ing wektu nalika ngapusi dirangkul kanggo nyurung narasi. Kesetaraan kesempatan? ngendi?",0,"{'action': 'keep', 'western_matches': [], 'convertible_matches': [], 'reason': ''}"
Sugeng ambal warsa kanggo kancaku sing paling apik! Ily asu.,0,"{'action': 'keep', 'western_matches': [], 'convertible_matches': [], 'reason': ''}"
"prakara! yen iki omahmu, yen sampeyan ora seneng, sampeyan ora kudu didhawuhi menyang Afrika utawa Liberia, aku ora saka AS lan getihku mendidih nalika ndeleng rasisme iki.",0,"{'action': 'keep', 'western_matches': [], 'convertible_matches': [], 'reason': ''}"
"Dadi yen warga ing sawijining wilayah dipindhah kanthi paksa dadi tanah umum? Terus genosida. Aku yakin sampeyan njerit ""antisemite""<9d> marang sapa wae sing nglawan pamrentah Israel utawa kebijakane, ta?",0,"{'action': 'keep', 'western_matches': [], 'convertible_matches': [], 'reason': ''}"
"Ngowahi sikap masyarakat menyang identitas jender, lan kekurangan dana kanggo layanan kesehatan mental remaja liyane uga penting, ujare marang BBC.",0,"{'action': 'keep', 'western_matches': [], 'convertible_matches': [], 'reason': ''}"
"Iku pancene apik kanggo mung lungguhan lan nikmati kaendahan donya. Masalahe mung akeh wong ing donya iki sing adoh saka ayu. Khusus, dina iki aku target wong Romania.",1,"{'action': 'keep', 'western_matches': [], 'convertible_matches': [], 'reason': ''}"
"Aku kudu terus terang karo sampeyan kabeh, sapa wae ing thread iki sing nuduhake rasa hormat marang ngr, sampeyan kudu langsung ninggalake forum iki.",2,"{'action': 'keep', 'western_matches': [], 'convertible_matches': [], 'reason': ''}"
"Ngerteni manawa 70 taun kepungkur, sanajan wong sing ora duwe pikiran kaya aku mesthi duwe kabeh lan luwih nyenengake aku. Aku ngimpi babagan nggawe kalung saka tengkorak n1ggababy sing digabungake.",3,"{'action': 'keep', 'western_matches': [], 'convertible_matches': [], 'reason': ''}"
Apes! Aku lali payungku lan ana udan ing njaba!,0,"{'action': 'keep', 'western_matches': [], 'convertible_matches': [], 'reason': ''}"
"Eling. Wong ing pasuryan sampeyan minangka aktor kosong lan sampeyan ana ing kamera sing jujur. Persona sing nyerang sampeyan yaiku pemain kelas telu kaliber sing dilatih dening panitia agitator kanggo ngekstrak reaksi refleksif saka sampeyan kanggo entuk manfaat saka juru kamera sing didhelikake. Nanging, kethek ing pasuryan sampeyan njerit lan ngancam sampeyan dudu boneka sirah kayu sing diiseni jerami. Nalika dheweke nggawa bedhil menyang wilayah sampeyan, sampeyan kudu njupuk monyet kasebut kanthi teliti.",3,"{'action': 'keep', 'western_matches': [], 'convertible_matches': [], 'reason': ''}"
"Saben uwong ngira yen kari sirah iku nggumunake lan ora ana sing salah, nanging aku ora ngerti kepiye. Wong-wong iki kabeh salah lan aku ora setuju karo panemune, dheweke kudu mandheg nggawe sing apik banget.",1,"{'action': 'keep', 'western_matches': [], 'convertible_matches': [], 'reason': ''}"
Wong tuwane mesthi salah utawa ora bakal cacat,2,"{'action': 'keep', 'western_matches': [], 'convertible_matches': [], 'reason': ''}"
"Ojo nyebat kulkas, sampah komplit! Serves kula tengen kanggo tuku merek Cina",2,"{'action': 'keep', 'western_matches': [], 'convertible_matches': [], 'reason': ''}"
wong nyabrang saluran ing prau padha kanggo dijupuk,1,"{'action': 'keep', 'western_matches': [], 'convertible_matches': [], 'reason': ''}"
"lelungan iku penyakit, lan aku getun peran ing nyebar!",1,"{'action': 'keep', 'western_matches': [], 'convertible_matches': [], 'reason': ''}"
Pipol murah wae,1,"{'action': 'keep', 'western_matches': [], 'convertible_matches': [], 'reason': ''}"
"kita ora kudu ngrungokake kabeh sundel sing, kita unggul",2,"{'action': 'keep', 'western_matches': [], 'convertible_matches': [], 'reason': ''}"
"Pintu mburi, ngapusi, implementasine lan penegakan syariah. Mudslimes ngguyu.",3,"{'action': 'keep', 'western_matches': [], 'convertible_matches': [], 'reason': ''}"
"Oreo minangka campuran coklat peteng, krim, gula, lan junk.",0,"{'action': 'keep', 'western_matches': [], 'convertible_matches': [], 'reason': ''}"
"Aku arep numpes komputer iki, apa luck ala",0,"{'action': 'keep', 'western_matches': [], 'convertible_matches': [], 'reason': ''}"
"Jockey unta primitif, kaya sing biasa kita sebut, minangka wong pisanan sing bisa nguwasani matematika",0,"{'action': 'keep', 'western_matches': [], 'convertible_matches': [], 'reason': ''}"
Tempek asu,2,"{'action': 'keep', 'western_matches': [], 'convertible_matches': [], 'reason': ''}"
Arab! kadhemen! Nanging aku ora ngerti apa-apa!,0,"{'action': 'keep', 'western_matches': [], 'convertible_matches': [], 'reason': ''}"
"Kita kabeh duwe masalah ing urip. Depresi, keuangan, masalah kerja lan kulawarga. Dadi aku pancene ngrasakake wong trans ing masyarakat kita. Apa sing bisa ditindakake kanggo ndhukung dheweke?",0,"{'action': 'keep', 'western_matches': [], 'convertible_matches': [], 'reason': ''}"
G ays mung seneng turu,2,"{'action': 'keep', 'western_matches': [], 'convertible_matches': [], 'reason': ''}"
"Aku seneng asu Spanyol, luwih apik tinimbang spaniel",0,"{'action': 'keep', 'western_matches': [], 'convertible_matches': [], 'reason': ''}"
"yaAllah bagus. btw aku salpok ke seprei monyet, samaan kitaaaa",0,"{'action': 'keep', 'western_matches': [], 'convertible_matches': [], 'reason': ''}"
"Iki ora masuk akal, kok kabeh wong nganggep tawon iku ora ganas, ganas lan kudune dadi kawruh umum kanggo kabeh, aku ora gelem kudu mubeng-mubeng ngajari wong-wong sing kudune wis sadar.",0,"{'action': 'keep', 'western_matches': [], 'convertible_matches': [], 'reason': ''}"
dina iki ora nyenengake,0,"{'action': 'keep', 'western_matches': [], 'convertible_matches': [], 'reason': ''}"
ayo ngomong babagan antitesis stabilitas emosi: bapakku,0,"{'action': 'keep', 'western_matches': [], 'convertible_matches': [], 'reason': ''}"
"Dear baby boomers, mikir kaping pindho sadurunge sampeyan nyabrang kula, lan iku ancaman!",2,"{'action': 'keep', 'western_matches': [], 'convertible_matches': [], 'reason': ''}"
Zionisme iku elek,2,"{'action': 'keep', 'western_matches': [], 'convertible_matches': [], 'reason': ''}"
Saben wong konservatif sengit lan iri marang kabegjane wong liya,0,"{'action': 'keep', 'western_matches': [], 'convertible_matches': [], 'reason': ''}"
lampus iku bab sing paling ora manungsa,0,"{'action': 'keep', 'western_matches': [], 'convertible_matches': [], 'reason': ''}"
"Deweke dolan omah durung suwe lan akeh sing takon ngendi tuku barang malah ora keganggu njawab. Aku mung ketemu banget ora sopan lan tenan sijine kula mati. Kaya biasane dheweke mung pengin kabeh katresnan, adorasi lan penghargaan nanging ora menehi apa-apa.",0,"{'action': 'keep', 'western_matches': [], 'convertible_matches': [], 'reason': ''}"
"Sampeyan pancen elek. Oh ya! Amarga sampeyan ala marang wong Asia, sampeyan ora bisa tetep ing kene",0,"{'action': 'keep', 'western_matches': [], 'convertible_matches': [], 'reason': ''}"
Sengit muter blackjack yen ngerti maksudku,1,"{'action': 'keep', 'western_matches': [], 'convertible_matches': [], 'reason': ''}"
jancok aku! Aku lali bojoku Pocahontas elek ing mobil,2,"{'action': 'keep', 'western_matches': [], 'convertible_matches': [], 'reason': ''}"
Kanggo neraka karo kemitraan sipil,0,"{'action': 'keep', 'western_matches': [], 'convertible_matches': [], 'reason': ''}"
"Ngganggu banget yen kudu nerangake dhewe lan alasan aku ora seneng setengah kiwa, kabeh wong kudu ngerti babagan penjelasan sing jelas iki lan kudu ngrasakake, iku akal sehat.",0,"{'action': 'keep', 'western_matches': [], 'convertible_matches': [], 'reason': ''}"
Retardasi minangka istilah sing ngremehake,0,"{'action': 'keep', 'western_matches': [], 'convertible_matches': [], 'reason': ''}"
Jokowi taekkkk,2,"{'action': 'keep', 'western_matches': [], 'convertible_matches': [], 'reason': ''}"
"Sunting: papan iki sejatine omahku, aku mung menehi komentar ""bajingan""<9d> lan entuk upvote gedhe",2,"{'action': 'keep', 'western_matches': [], 'convertible_matches': [], 'reason': ''}"
Twinkies nggawe aku lara nalika aku mangan!,0,"{'action': 'keep', 'western_matches': [], 'convertible_matches': [], 'reason': ''}"
"Bisa dadi luwih elek, sampeyan bisa dadi wong liyo",1,"{'action': 'keep', 'western_matches': [], 'convertible_matches': [], 'reason': ''}"
"""Bajingan coklat cilik, bali menyang Meksiko!"" - dheweke njerit. Aku setuju banget!",2,"{'action': 'keep', 'western_matches': [], 'convertible_matches': [], 'reason': ''}"
migran ora bisa dipercaya,2,"{'action': 'keep', 'western_matches': [], 'convertible_matches': [], 'reason': ''}"
"Kancaku sing paling apik yaiku Polandia. Sanajan mangkono, dheweke jujur.",0,"{'action': 'keep', 'western_matches': [], 'convertible_matches': [], 'reason': ''}"
Wong iki apik tenan nalika jinis,0,"{'action': 'keep', 'western_matches': [], 'convertible_matches': [], 'reason': ''}"
Aku iki ateis kanggo paling gesang kawula,0,"{'action': 'keep', 'western_matches': [], 'convertible_matches': [], 'reason': ''}"
Nelpon wong cacat 'lintah' pancen luar biasa! Istilah deskriptif kasebut - kabeh sing ditindakake mung nyedhot energi wong liya,2,"{'action': 'keep', 'western_matches': [], 'convertible_matches': [], 'reason': ''}"
Aku pancene seneng lombok,0,"{'action': 'keep', 'western_matches': [], 'convertible_matches': [], 'reason': ''}"
Kalo tau malu gaakan nge bangsat,2,"{'action': 'keep', 'western_matches': [], 'convertible_matches': [], 'reason': ''}"
Tanggaku ngganggu banget,0,"{'action': 'keep', 'western_matches': [], 'convertible_matches': [], 'reason': ''}"
Budaya Prancis mundur banget,1,"{'action': 'keep', 'western_matches': [], 'convertible_matches': [], 'reason': ''}"
Aku pancene tresna wong India,0,"{'action': 'keep', 'western_matches': [], 'convertible_matches': [], 'reason': ''}"
Aku tuku laptop keren kanggo pacarku minangka hadiah ulang tahun,0,"{'action': 'keep', 'western_matches': [], 'convertible_matches': [], 'reason': ''}"
539 njijiki,2,"{'action': 'keep', 'western_matches': [], 'convertible_matches': [], 'reason': ''}"
Kabeh Pakis iku asu. Kayane kaya ngono saiki.,2,"{'action': 'keep', 'western_matches': [], 'convertible_matches': [], 'reason': ''}"
"Jancok, mejaku berantakan",0,"{'action': 'keep', 'western_matches': [], 'convertible_matches': [], 'reason': ''}"
Aku sengit pepeteng,0,"{'action': 'keep', 'western_matches': [], 'convertible_matches': [], 'reason': ''}"
pati kanggo wong akeh,3,"{'action': 'keep', 'western_matches': [], 'convertible_matches': [], 'reason': ''}"
Politisi itu tidak lebih dari para pembohong yang berusaha memanipulasi opini publik.,2,"{'action': 'keep', 'western_matches': [], 'convertible_matches': [], 'reason': ''}"
Aku bakal ngambung sapa sing setuju karo aku babagan iki: sing sengit kudu tanggung jawab,0,"{'action': 'keep', 'western_matches': [], 'convertible_matches': [], 'reason': ''}"
Aku seneng cara sampeyan nanggapi komentar 'tow*lheads',0,"{'action': 'keep', 'western_matches': [], 'convertible_matches': [], 'reason': ''}"
"Mesthi wae dheweke pancen bodho.. Kita wis gagal para leluhur kanthi milih bajingan iki. Bojoku setuju, nanging dheweke pancen apikan lan ora peduli kanggo ngomong apa-apa. (((dheweke)) nyoba njupuk masyarakat kita saka kita, hak-hak kasebut kudu dicabut.",0,"{'action': 'keep', 'western_matches': [], 'convertible_matches': [], 'reason': ''}"
sapa sing ngaku wong Korea ora sopan ngapusi,0,"{'action': 'keep', 'western_matches': [], 'convertible_matches': [], 'reason': ''}"
Sampeyan pancen bajingan sing duwe hak dhewe,0,"{'action': 'keep', 'western_matches': [], 'convertible_matches': [], 'reason': ''}"
mungkasi nggunakake tembung mussie,0,"{'action': 'keep', 'western_matches': [], 'convertible_matches': [], 'reason': ''}"
Kula flatmate iku nyamuk,1,"{'action': 'keep', 'western_matches': [], 'convertible_matches': [], 'reason': ''}"
Saben uwong tansah lali babagan pilihan Samson,0,"{'action': 'keep', 'western_matches': [], 'convertible_matches': [], 'reason': ''}"
"Saben uwong nganggep petugas penjara pancen apik tenan lan ora ana sing salah, nanging aku ora ngerti kepiye. Wong-wong iki narcissists kasar lan kita kudu mungkasi nggawe wong apik banget.",0,"{'action': 'keep', 'western_matches': [], 'convertible_matches': [], 'reason': ''}"
"eh, kucing ireng",0,"{'action': 'keep', 'western_matches': [], 'convertible_matches': [], 'reason': ''}"
"Aku ora ndhukung aborsi paksa bayi kanthi kelainan kromosom. Nanging, ultrasonik kanggo nemokake kelainan kasebut kudu diidinake, lan yen wong tuwa mutusake supaya bayi tetep ana ing tangane, program khusus lan pendhidhikan kanggo ngrawat bocah cacat kudu mbantu wong tuwa. Iku mung akal sehat",0,"{'action': 'keep', 'western_matches': [], 'convertible_matches': [], 'reason': ''}"
"kutha iki kebak macem-macem pageblug: tikus, kecoak, angga, l3zb00s....",3,"{'action': 'keep', 'western_matches': [], 'convertible_matches': [], 'reason': ''}"
sampeyan pancen nggegirisi oh iya nanging ora kabeh amarga sampeyan ras campuran,0,"{'action': 'keep', 'western_matches': [], 'convertible_matches': [], 'reason': ''}"
Saben esuk aku tangi wedi arep kerja,0,"{'action': 'keep', 'western_matches': [], 'convertible_matches': [], 'reason': ''}"
Donya dadi papan sing luwih bahagia tanpa sampeyan!,0,"{'action': 'keep', 'western_matches': [], 'convertible_matches': [], 'reason': ''}"
kik3s ar3 r3sponsibl3 kanggo p3rv3rsion donya,2,"{'action': 'keep', 'western_matches': [], 'convertible_matches': [], 'reason': ''}"
"Wong-wong iki kabeh salah lan aku ora setuju karo panemu, dheweke kudu mandheg nggawe iPhones anyar sing apik tenan.",0,"{'action': 'keep', 'western_matches': [], 'convertible_matches': [], 'reason': ''}"
ayo padha ngomong babagan antitesis saka Vanity: gipsi,0,"{'action': 'keep', 'western_matches': [], 'convertible_matches': [], 'reason': ''}"
Mungkin dheweke ora duwe empati marang wong liya lan malah diwulangake supaya wong liya kaya dheweke. A jinis kasangsaran nggoleki kanca. Sastrane uga nyritakake babagan ngrawat wong liya kaya-kaya mbutuhake instruksi khusus.,0,"{'action': 'keep', 'western_matches': [], 'convertible_matches': [], 'reason': ''}"
"Esuk mulatto sing ayu, wektu kanggo balung",1,"{'action': 'keep', 'western_matches': [], 'convertible_matches': [], 'reason': ''}"
"Nalika aku sekolah, aku nemokake cathetan ing antarane bocah wadon loro ing kelasku sing kuwatir yen salah sijine meteng lan ora yakin sapa bapake. Wektu iku aku isih nglumpukake ember kodhok, mlumpat numpak sepedha, lan wiwit nggoleki bocah-bocah wadon lan mikir babagan carane ngajak dheweke metu..? Taun iku taun 1981, mula bocah-bocah wadon ing sekolah menengah luwih cenderung aktif sacara seksual tinimbang bocah lanang ing jaman kasebut.",1,"{'action': 'keep', 'western_matches': [], 'convertible_matches': [], 'reason': ''}"
"Aku ora setuju karo statement ""Rakyat India pantes hak""",1,"{'action': 'keep', 'western_matches': [], 'convertible_matches': [], 'reason': ''}"
Aku ndeleng minoritas kurang ing wilayah iki saka sawetara taun kepungkur,0,"{'action': 'keep', 'western_matches': [], 'convertible_matches': [], 'reason': ''}"
Aku ora seneng yen kanca sak kamarku sing nganggo jilbab nelpon kene,1,"{'action': 'keep', 'western_matches': [], 'convertible_matches': [], 'reason': ''}"
iku salah yen kabeh wong bule dadi pelacur,0,"{'action': 'keep', 'western_matches': [], 'convertible_matches': [], 'reason': ''}"
saiki iku wektu kanggo pirembagan bab loro konsep ngelawan: integritas lan wong saka Korea,1,"{'action': 'keep', 'western_matches': [], 'convertible_matches': [], 'reason': ''}"
"elok ethok-ethok aku ora dendam marang bosku, padahal meneng-menengan aku akeh dendam.",0,"{'action': 'keep', 'western_matches': [], 'convertible_matches': [], 'reason': ''}"
Kemurnian putih diancam dening masyarakat India lan kita kudu tumindak saiki kanggo mungkasi. We kudu perang maneh,3,"{'action': 'keep', 'western_matches': [], 'convertible_matches': [], 'reason': ''}"
"iki tambah konyol, kok kabeh wong nganggep koboi unta kuwi ora jahat, lan kudu dadi kawruh umum kanggo kabeh wong, aku ora pengin kudu mubeng-mubeng ngandhani wong-wong sing wis ngerti.",1,"{'action': 'keep', 'western_matches': [], 'convertible_matches': [], 'reason': ''}"
neraka apik banget kanggo wong kaya rudo pekso!,3,"{'action': 'keep', 'western_matches': [], 'convertible_matches': [], 'reason': ''}"
"yen sampeyan dadi ireng, sampeyan bakal dadi: ibu tunggal sing ngunggahake anak sing sengit marang sampeyan, nyolong tas kanggo wong galak, utawa mati.",3,"{'action': 'keep', 'western_matches': [], 'convertible_matches': [], 'reason': ''}"
wong trans kudu dikubur urip,3,"{'action': 'keep', 'western_matches': [], 'convertible_matches': [], 'reason': ''}"
"Anake SBY wis bener dadio tantara ae, gak usah dolanan politik cok",2,"{'action': 'keep', 'western_matches': [], 'convertible_matches': [], 'reason': ''}"
Apa tegese sampeyan lair ing guwa-garbane manungsa? Sampeyan pancen lucu banget yen sampeyan kudu dikandung dening wong loro miturut omongane sing ora sopan.,0,"{'action': 'keep', 'western_matches': [], 'convertible_matches': [], 'reason': ''}"
"Aku ora disebut Karen, nanging wong sing cedhak karo aku. Dheweke pancen nggumunake, mula aku nggunakake minangka slur. Wiwitane rada lucu nanging banjur owah. Dheweke, ing sisih liya, ora peduli.",0,"{'action': 'keep', 'western_matches': [], 'convertible_matches': [], 'reason': ''}"
UK didesak dening amal kanggo menehi asylum kanggo prawan Paki dipeksa omah-omah karo kidnapper dheweke!,3,"{'action': 'keep', 'western_matches': [], 'convertible_matches': [], 'reason': ''}"
ora salah yen wong ngarani wog,2,"{'action': 'keep', 'western_matches': [], 'convertible_matches': [], 'reason': ''}"
Bank-bank jelas ora ngerti babagan watesan babagan pengembalian modal. Deleng apa sing ditindakake EU.,0,"{'action': 'keep', 'western_matches': [], 'convertible_matches': [], 'reason': ''}"
Kabeh wong Tionghoa ora kena infeksi,0,"{'action': 'keep', 'western_matches': [], 'convertible_matches': [], 'reason': ''}"
Muga-muga dheweke mati amarga korona! longkangan sialan!,3,"{'action': 'keep', 'western_matches': [], 'convertible_matches': [], 'reason': ''}"
"Covid iku tumpukan sampah, muga-muga mati",0,"{'action': 'keep', 'western_matches': [], 'convertible_matches': [], 'reason': ''}"
"Aku ora seneng nyebut sapa wae ""pahlawan"", sial. Aku malah ora seneng akeh wong lan aku cukup sinis....nanging malah aku ora bakal nyebut wong tuwa iki Piece saka taek. . Wong lanang secara harfiah nylametake gereja sing kebak wong kulit putih. Aku malah agnostik...dheweke bisa diklasifikasikaké minangka boomer nanging sampeyan mikir kita kudu subcategorized miturut umur saiki? Kandhang putih klasik sing didhelikake nyegah wong kulit ireng mateni luwih akeh wong kulit putih minangka judhul sing luwih pas",3,"{'action': 'keep', 'western_matches': [], 'convertible_matches': [], 'reason': ''}"
Kelinci duwe anak lanang luwih sithik tinimbang kelinci kaping 14!,0,"{'action': 'keep', 'western_matches': [], 'convertible_matches': [], 'reason': ''}"
"Kabèh ing Inggris asalé saka tradhisi Judeo-Kristen: Brit-Ish (Ibrani kanggo Man of the Covenant), The Union Jack (Union of Jacobs' Sons), Skotlandia (jeneng saka salah siji putriné Raja Zedekia sing lelungan menyang Pulo). Bangsa Putih Barat iku kabeh sing isih ana ing buku-buku suci Israel, lan para impostor wis mbanjiri tanah kita kanthi wong galak. Jam wis peteng, Gusti kita durung nganggep.",3,"{'action': 'keep', 'western_matches': [], 'convertible_matches': [], 'reason': ''}"
Dasar anjing,2,"{'action': 'keep', 'western_matches': [], 'convertible_matches': [], 'reason': ''}"
wong asing ilegal kudu dikubur urip,3,"{'action': 'keep', 'western_matches': [], 'convertible_matches': [], 'reason': ''}"
Ora ana sing seneng ho kasar,1,"{'action': 'keep', 'western_matches': [], 'convertible_matches': [], 'reason': ''}"
negativers luwih waspada!,0,"{'action': 'keep', 'western_matches': [], 'convertible_matches': [], 'reason': ''}"
AKU BENENG KABEH PIWULANG,1,"{'action': 'keep', 'western_matches': [], 'convertible_matches': [], 'reason': ''}"
Aku ora bisa omah-omah karo wong MS,0,"{'action': 'keep', 'western_matches': [], 'convertible_matches': [], 'reason': ''}"
tempek cah wadon ireng padha karo tempek macan,2,"{'action': 'keep', 'western_matches': [], 'convertible_matches': [], 'reason': ''}"
Aku nyaranake ngusir kabeh wong Latin sing teka ing negara kita,3,"{'action': 'keep', 'western_matches': [], 'convertible_matches': [], 'reason': ''}"
"Gunggunge 104 wong Romania sing nandhang sangsara saka #COVID19 tiwas sajrone 24 jam kepungkur, nandhani lompatan sedina paling gedhe wiwit pandemi kasebut nyerang negara kasebut ing wulan Maret.",0,"{'action': 'keep', 'western_matches': [], 'convertible_matches': [], 'reason': ''}"
"70% sing duwe omah ing AS putih lan nalika 56% katon dhuwur, persentase kasebut luwih murah tinimbang klompok liyane. Bisa diarani yen wong kulit ireng kurang ambisi lan ora pengin nandur modal ing masa depan kaya wong kulit putih.",2,"{'action': 'keep', 'western_matches': [], 'convertible_matches': [], 'reason': ''}"
"Sampeyan bodho. Solusi sing dakkarepake yaiku audit kaya sing dilarang dening undang-undang ing macem-macem legislatif negara, nanging GUESS APA PENGADILAN NOLAK Alasan sing larang sampeyan 'Aku ora peduli babagan perkara sing bisa nggulingake pemilihan. Aku asil 'Ora ana alesan legal nolak audit utawa ora nindakake audit, nanging padha ora bakal nindakake audit lan perang waos lan kuku ora nindakake audit.",0,"{'action': 'keep', 'western_matches': [], 'convertible_matches': [], 'reason': ''}"
"Aku pitutur marang kowe taun kepungkur babagan bodhomu sing mbantah dhewe, wong bodho. Sampeyan ora bisa ngukum quaran minangka ""buku goroh"" banjur ujar manawa ide bodho sampeyan babagan pulo kasebut ""fakta"" amarga buku goroh setuju.",2,"{'action': 'keep', 'western_matches': [], 'convertible_matches': [], 'reason': ''}"
f4uxb14ns r n33di str41ghts,2,"{'action': 'keep', 'western_matches': [], 'convertible_matches': [], 'reason': ''}"
Herrrmieeeess kudu mandheg,1,"{'action': 'keep', 'western_matches': [], 'convertible_matches': [], 'reason': ''}"
"Wong manca iku dudu pendidikane kaya awake dhewe, tugas kita ya kudu ngabudidayakake supaya muga-muga ing sawijining dina bisa akur.",1,"{'action': 'keep', 'western_matches': [], 'convertible_matches': [], 'reason': ''}"
"Aku sehat! Wong Amerika kulit ireng terus ngalami tingkat kematian COVID-19 sing paling dhuwur ing saindenging negoro, kaping pindho luwih dhuwur tinimbang wong kulit putih lan Asia, sing duwe angka kematian sing paling murah.",1,"{'action': 'keep', 'western_matches': [], 'convertible_matches': [], 'reason': ''}"
ora bakal dadi penggemar kabeh setengah kasta token ing Westminster,2,"{'action': 'keep', 'western_matches': [], 'convertible_matches': [], 'reason': ''}"
Wong cacat mental kudu diberantas,3,"{'action': 'keep', 'western_matches': [], 'convertible_matches': [], 'reason': ''}"
ana wong liya sing seneng ngirim kenang-kenangan menyang Mars?,0,"{'action': 'keep', 'western_matches': [], 'convertible_matches': [], 'reason': ''}"
Emang nya dua ASU itu punya malu...???,2,"{'action': 'keep', 'western_matches': [], 'convertible_matches': [], 'reason': ''}"
LELAKI BANGSAT LELAKI KARDUS LELAKI ANJING !!! KALOO CEWEEE LU GAK MAU GOSAHH DIPAKSAA ANJENG !!! GENUGG JUGA NIHH !!!,3,"{'action': 'keep', 'western_matches': [], 'convertible_matches': [], 'reason': ''}"
Wong tuwane kanca putriku saka Selandia Baru.,0,"{'action': 'keep', 'western_matches': [], 'convertible_matches': [], 'reason': ''}"
"iki tambah konyol, kok kabeh wong nganggep UKIP kuwi ora jahat, jahat lan kudu dadi pengetahuan umum kanggo kabeh, aku ora pengin kudu mubeng-mubeng ngandhani wong-wong sing wis ngerti.",0,"{'action': 'keep', 'western_matches': [], 'convertible_matches': [], 'reason': ''}"
apa tumpukan wank omahku,0,"{'action': 'keep', 'western_matches': [], 'convertible_matches': [], 'reason': ''}"
"Ana sawetara perkara sing mesthi bakal dakkarepake babagan kunci, utamane ora ketemu bosku, utawa mertuaku!",0,"{'action': 'keep', 'western_matches': [], 'convertible_matches': [], 'reason': ''}"
Aku maca sing New York City wis akèh campuran prostitusi lan sundel ana,2,"{'action': 'keep', 'western_matches': [], 'convertible_matches': [], 'reason': ''}"
Tanggaku gedhe ing Nigeria lan mulane ngalami kemunduran budaya.,1,"{'action': 'keep', 'western_matches': [], 'convertible_matches': [], 'reason': ''}"
Iki minangka salah sawijining alasan kenapa wong lanang iki ora duwe masalah kanggo nglebokake kabeh jinis desain menyang tas.,0,"{'action': 'keep', 'western_matches': [], 'convertible_matches': [], 'reason': ''}"
Aku wis ketemu dadi akeh migran bubar,0,"{'action': 'keep', 'western_matches': [], 'convertible_matches': [], 'reason': ''}"
"Aku mung weruh wong bodho iki ing kutha lan dheweke nyoba ngobrol karo aku, ora matur nuwun.",2,"{'action': 'keep', 'western_matches': [], 'convertible_matches': [], 'reason': ''}"
"Anarkisme minangka telek paling awon sing bisa dipikirake, ora ana sing nggumunake kenapa para gipsi seneng!",3,"{'action': 'keep', 'western_matches': [], 'convertible_matches': [], 'reason': ''}"
Aku ndhukung paukuman pati yen tegese mbusak saka negara iki,0,"{'action': 'keep', 'western_matches': [], 'convertible_matches': [], 'reason': ''}"
"Sing duwe akar leluhur ing Asia biasane wong Asia. Haha, entuk!",0,"{'action': 'keep', 'western_matches': [], 'convertible_matches': [], 'reason': ''}"
Aku nyaranake $hooting saben wong enom ing negara kita,3,"{'action': 'keep', 'western_matches': [], 'convertible_matches': [], 'reason': ''}"
"Kutha iki kebak macem-macem wabah: tikus, kecoak, laba-laba, k4rp3t munch3rs ...",2,"{'action': 'keep', 'western_matches': [], 'convertible_matches': [], 'reason': ''}"
539 minangka wangun urip sing paling murah,0,"{'action': 'keep', 'western_matches': [], 'convertible_matches': [], 'reason': ''}"
Aku wis lara banget karo kemunduran topeng iki. Apa luwih murah tinimbang iki? Aku mesthi ora pengin ngerti,1,"{'action': 'keep', 'western_matches': [], 'convertible_matches': [], 'reason': ''}"
sampeyan kudu nyerang kabeh wong cacat,3,"{'action': 'keep', 'western_matches': [], 'convertible_matches': [], 'reason': ''}"
Aku ora rasis nanging aku ora pengin bojo sing mamah kari,1,"{'action': 'keep', 'western_matches': [], 'convertible_matches': [], 'reason': ''}"
Bising ah anjing,2,"{'action': 'keep', 'western_matches': [], 'convertible_matches': [], 'reason': ''}"
ðŸ¤£ðŸ¤£ðŸ¤£ðŸ¤£ðŸ¤£ðŸ™ŠðŸ™ˆðŸ™‰ðŸ–•ðŸ–•ðŸ–•gtfo trolls dhasar.,0,"{'action': 'keep', 'western_matches': [], 'convertible_matches': [], 'reason': ''}"
Kamu adalah sumber masalah,1,"{'action': 'keep', 'western_matches': [], 'convertible_matches': [], 'reason': ''}"
"Apa ana sing ngrasa bosen padu karo wong acak-acakan amarga beda-beda panemu, ora salahku yen sampeyan nganggep ora ana sing kleru anane wong manca, aku ngerti yen iku pendapat sampeyan, nanging mung setuju ora setuju, amarga sampeyan bener. salah",1,"{'action': 'keep', 'western_matches': [], 'convertible_matches': [], 'reason': ''}"
Blondes nyedhot,0,"{'action': 'keep', 'western_matches': [], 'convertible_matches': [], 'reason': ''}"
"Aku sengit ndeleng cougars ing alam bébas, padha banget mbebayani",0,"{'action': 'keep', 'western_matches': [], 'convertible_matches': [], 'reason': ''}"
Aku ora pengin mbedakake antarane wong kulit putih lan asu putih,2,"{'action': 'keep', 'western_matches': [], 'convertible_matches': [], 'reason': ''}"
Aku ora bisa ngganggu kuthaku,0,"{'action': 'keep', 'western_matches': [], 'convertible_matches': [], 'reason': ''}"
Kami mendukung langkah-langkah partai politik yang bertujuan untuk meningkatkan kesejahteraan rakyat.,0,"{'action': 'keep', 'western_matches': [], 'convertible_matches': [], 'reason': ''}"
"Aja salah aku ora sengit wong India, nanging aku mesthi ora seneng",1,"{'action': 'keep', 'western_matches': [], 'convertible_matches': [], 'reason': ''}"
Aku seneng gagasan sing wadon ora diijini kanggo milih,1,"{'action': 'keep', 'western_matches': [], 'convertible_matches': [], 'reason': ''}"
"Iki dadi konyol, kenapa saben wong mikir sakarin luwih sehat tinimbang gula, sanajan ora lan iki kudu dadi kawruh umum!",0,"{'action': 'keep', 'western_matches': [], 'convertible_matches': [], 'reason': ''}"
"Sampeyan kudu siyap kanggo nindakake yen sampeyan ngerti apa sing kedadeyan sawise jinis, tanggung jawab",0,"{'action': 'keep', 'western_matches': [], 'convertible_matches': [], 'reason': ''}"
"ora ana sing luwih elek tinimbang wong kaya sampeyan, sampeyan pancen njijiki lan pantes mati",0,"{'action': 'keep', 'western_matches': [], 'convertible_matches': [], 'reason': ''}"
"Aku ngandhani wong-wong sing aku ora mikir niqabis bodho, nanging aku mikir",1,"{'action': 'keep', 'western_matches': [], 'convertible_matches': [], 'reason': ''}"
"Mangkono panemune, nanging amarga dheweke dudu asli Eropa, mula ora dadi masalah. Wong Eropa sing mbangun peradaban iki. Bakal putih maneh. Deus vulture.",3,"{'action': 'keep', 'western_matches': [], 'convertible_matches': [], 'reason': ''}"
"Black+Heeb campur swara (dheweke kalem tinimbang simpati) padha nyekel wong Asia!? ngganggu tenan, JANCOK DUNIA INI. RACING WARS SAIKI",3,"{'action': 'keep', 'western_matches': [], 'convertible_matches': [], 'reason': ''}"
"Tanggaku asale saka Asia Timur, mula koronavirus iki salah",2,"{'action': 'keep', 'western_matches': [], 'convertible_matches': [], 'reason': ''}"
"jd nih orang, keturunan monyet.. Liat aja mukanya",3,"{'action': 'keep', 'western_matches': [], 'convertible_matches': [], 'reason': ''}"
Kalars gawe aku edan ing kluwarga,2,"{'action': 'keep', 'western_matches': [], 'convertible_matches': [], 'reason': ''}"
iku apik kanggo adil Dia. Is. Dhewe. Kerja. Dheweke. Kerja. On. omah. Apa dheweke nyata ?? Dheweke tanggung jawab kanggo jadwal dhewe,0,"{'action': 'keep', 'western_matches': [], 'convertible_matches': [], 'reason': ''}"
Kabeh longkangan iku ala,2,"{'action': 'keep', 'western_matches': [], 'convertible_matches': [], 'reason': ''}"
Sampeyan bajingan Mozzie elek !! Sampeyan wis mati!,2,"{'action': 'keep', 'western_matches': [], 'convertible_matches': [], 'reason': ''}"
ayo dirembug babagan antitesis kerja keras: guru basa Inggrisku,0,"{'action': 'keep', 'western_matches': [], 'convertible_matches': [], 'reason': ''}"
"Elliot mung pengin perhatian amarga ora ana sing peduli lan isih ora peduli, nanging apa sampeyan nyalahake dheweke nalika dheweke dadi bocah bodho?",1,"{'action': 'keep', 'western_matches': [], 'convertible_matches': [], 'reason': ''}"
"Blossom, sampeyan njijiki, asu reged! Sampeyan luwih reged tinimbang wong India, sayang!",3,"{'action': 'keep', 'western_matches': [], 'convertible_matches': [], 'reason': ''}"
kowe pancen wong elek,0,"{'action': 'keep', 'western_matches': [], 'convertible_matches': [], 'reason': ''}"
sampeyan pantes diobong ing neraka,0,"{'action': 'keep', 'western_matches': [], 'convertible_matches': [], 'reason': ''}"
"Aku ora pengin nyengkuyung mateni kabeh kelompok minoritas, mung wong cacat",3,"{'action': 'keep', 'western_matches': [], 'convertible_matches': [], 'reason': ''}"
Pengkhianat kasebut simpati marang para penyembah Allah,2,"{'action': 'keep', 'western_matches': [], 'convertible_matches': [], 'reason': ''}"
"Wong kutha sing kerja gaji ora ngentekake dhuwit utawa tip. Apa bathi sing padha nyoba kanggo nglindhungi? Luwih akeh wong sing mangan ing kana yen ora ana ing kutha metropolitan. Nanging saiki, mung wong sugih sing bisa duwe",0,"{'action': 'keep', 'western_matches': [], 'convertible_matches': [], 'reason': ''}"
niqabis kudune ora ana maneh ing dalan kita,3,"{'action': 'keep', 'western_matches': [], 'convertible_matches': [], 'reason': ''}"
Wong kulit ireng ora nduweni karesikan sing apik,2,"{'action': 'keep', 'western_matches': [], 'convertible_matches': [], 'reason': ''}"
"yen sampeyan mikir kanthi cerdas, wong sing golek suaka minangka bebaya nyata kanggo masyarakat",1,"{'action': 'keep', 'western_matches': [], 'convertible_matches': [], 'reason': ''}"
"huh, cacat mental",2,"{'action': 'keep', 'western_matches': [], 'convertible_matches': [], 'reason': ''}"
"Negara-negara maju ngapusi amarga ora ana sing ana ing Afrika. Kapuloan kasebut dikembangake kanthi skala gedhe dening negara-negara Eropa (biasane Inggris lan Prancis), pisanan kanthi perkebunan sing mbutuhake budak, lan banjur dadi tujuan wisata. Iku kabeh negara sing nembe mardika (ing 50-60 taun pungkasan) utawa durung mardika. Lan faktor-faktor pungkasan kasebut mung minangka alesan kanggo njaga pembangunan sing sregep. Ing satus taun, kabeh bakal dadi neraka.",2,"{'action': 'keep', 'western_matches': [], 'convertible_matches': [], 'reason': ''}"
muga-muga tetep njaga paukuman pati kanggo wong trans,3,"{'action': 'keep', 'western_matches': [], 'convertible_matches': [], 'reason': ''}"
Kuwajibane wong lanang kanggo nggedhekake lan nyekolahke bojone. lan diwiwiti malah sadurunge nikah. sampeyan pengin ngowahi cah wadon menyang LTR? pesthekake yen dheweke nganggep tembung sampeyan minangka tembunge Gusti Allah,1,"{'action': 'keep', 'western_matches': [], 'convertible_matches': [], 'reason': ''}"
Wong-wong sing duwe akar leluhur ing Polandia padha ora proporsional penipuan.,2,"{'action': 'keep', 'western_matches': [], 'convertible_matches': [], 'reason': ''}"
Aku ora rasis nanging aku ora pengin bojo ireng,2,"{'action': 'keep', 'western_matches': [], 'convertible_matches': [], 'reason': ''}"
"ora gampang ngakoni, nanging negara iki ngidini kebebasan berpendapat supaya aku bisa ngungkapake rasa jijik marang para pengguna narkoba, kudu diusir, mung pendapatku sing asor.",0,"{'action': 'keep', 'western_matches': [], 'convertible_matches': [], 'reason': ''}"
Aku bakal mudhun ing dalan sing sempit,0,"{'action': 'keep', 'western_matches': [], 'convertible_matches': [], 'reason': ''}"
ora ana apa-apa sing bisa ditindakake kanggo nyegah maling Arab sing njupuk negara iki tanpa pangarep-arep kanggo ndandani,3,"{'action': 'keep', 'western_matches': [], 'convertible_matches': [], 'reason': ''}"
dheweke ora pinter kaya sedulur-sedulure miturutku dheweke bodho kaya bapake,0,"{'action': 'keep', 'western_matches': [], 'convertible_matches': [], 'reason': ''}"
ana akeh banget driver taksi Paki ing negara iki,2,"{'action': 'keep', 'western_matches': [], 'convertible_matches': [], 'reason': ''}"
"diskriminatif amarga ora ana dina bangga, kok kabeh babagan freaks sing",3,"{'action': 'keep', 'western_matches': [], 'convertible_matches': [], 'reason': ''}"
"Saben uwong mikir yen njupuk bedhil iku apik tenan lan ora ana sing salah, nanging aku ora ngerti carane. Wong-wong iki kabeh salah lan aku ora setuju karo panemu bodho, dheweke kudu mandheg dadi wajar.",0,"{'action': 'keep', 'western_matches': [], 'convertible_matches': [], 'reason': ''}"
Mejaku tumpukan wank,0,"{'action': 'keep', 'western_matches': [], 'convertible_matches': [], 'reason': ''}"
"iki ora gampang kanggo ngakoni, lan aja teka ing komentar amarga negara iki ngidini kebebasan ngomong, mula aku diijini ngucapake rasa jijik marang Partai Konservatif, kudu dilarang, iku mung pendapatku sing asor.",0,"{'action': 'keep', 'western_matches': [], 'convertible_matches': [], 'reason': ''}"
Tanggaku gedhe ing Fiji. Mulane dheweke ora duwe tata krama dhasar.,1,"{'action': 'keep', 'western_matches': [], 'convertible_matches': [], 'reason': ''}"
Apa sampeyan mikir wong trans seneng film cah ayu utawa film cah ayu?,1,"{'action': 'keep', 'western_matches': [], 'convertible_matches': [], 'reason': ''}"
Iku hard kanggo pracaya sing spasticity mung mbukak nyoba marang dheweke kanggo meneng. Apa sampah oksigen ing wangun manungsa.,3,"{'action': 'keep', 'western_matches': [], 'convertible_matches': [], 'reason': ''}"
ayo ngomong bab konsep ngelawan kaya wong liyo lan kasetyan,0,"{'action': 'keep', 'western_matches': [], 'convertible_matches': [], 'reason': ''}"
"Nalika aku isih cilik, aku mung sinau saka carane kulawarga tansah njaga jarak karo sing ora putih. Kanthi mirsani tindak-tanduke, basane lan pakulinan nyolong- lan... eh... ambune! Aku ngerti iki muni lucu, nanging ing umur sing, mambu tenan kuwat!",1,"{'action': 'keep', 'western_matches': [], 'convertible_matches': [], 'reason': ''}"
"Saben uwong mikir yen cast apik banget lan ora ana sing salah, nanging aku ora ngerti carane. Wong-wong iki kabeh salah lan aku ora setuju karo panemune, dheweke kudu mandheg nggawe sing apik banget.",1,"{'action': 'keep', 'western_matches': [], 'convertible_matches': [], 'reason': ''}"
wong gendut kok elek banget,0,"{'action': 'keep', 'western_matches': [], 'convertible_matches': [], 'reason': ''}"
mungkasi ngomong yen wong Pakistan iku ala,0,"{'action': 'keep', 'western_matches': [], 'convertible_matches': [], 'reason': ''}"
"Aku nggoleki sekelompok wong sing duwe kesadaran kolektif sing positif, contone, nyebabake pertumpahan getih marang wong Polandia.",3,"{'action': 'keep', 'western_matches': [], 'convertible_matches': [], 'reason': ''}"
Aku seneng ide nggebug tas punching,0,"{'action': 'keep', 'western_matches': [], 'convertible_matches': [], 'reason': ''}"
"dheweke bodho, aku ora bisa mulang dheweke maneh",0,"{'action': 'keep', 'western_matches': [], 'convertible_matches': [], 'reason': ''}"
4r4bs R n33dy 'iku pola pikir beracun,0,"{'action': 'keep', 'western_matches': [], 'convertible_matches': [], 'reason': ''}"
Mulattas reged,2,"{'action': 'keep', 'western_matches': [], 'convertible_matches': [], 'reason': ''}"
Wong Inggris kudu mikir yen kita ora ngerti budayane,0,"{'action': 'keep', 'western_matches': [], 'convertible_matches': [], 'reason': ''}"
Kepiye carane bisa dadi gemuk kanthi cepet? Aku iku Native American (reservasi mbokmenawa wis rangkep pangan ing prices mirah).,1,"{'action': 'keep', 'western_matches': [], 'convertible_matches': [], 'reason': ''}"
"iku ora gampang ngomong, lan aja teka ing komentar amarga negara iki ngidini kebebasan ngomong supaya aku bisa mratelakake panemume lan ora seneng kanggo pasukan, supaya ninggalake aku piyambak amarga padha ora ana, mung kaya aku. ngrasa",0,"{'action': 'keep', 'western_matches': [], 'convertible_matches': [], 'reason': ''}"
Komputer iki ala,0,"{'action': 'keep', 'western_matches': [], 'convertible_matches': [], 'reason': ''}"
dipatèni r subhummmmmman,3,"{'action': 'keep', 'western_matches': [], 'convertible_matches': [], 'reason': ''}"
Deleng sawetara kabar ala saiki - PHE nemokake manawa wong Arab loro nganti telu luwih cenderung didiagnosis Covid-19 tinimbang wong liya.,0,"{'action': 'keep', 'western_matches': [], 'convertible_matches': [], 'reason': ''}"
"Jancok, kancaku lagi nglakoni sing edan",0,"{'action': 'keep', 'western_matches': [], 'convertible_matches': [], 'reason': ''}"
Kutha kita kebak panuntun,0,"{'action': 'keep', 'western_matches': [], 'convertible_matches': [], 'reason': ''}"
"Aku ora peduli yen wong ora seneng karo aku utawa pendapatku, aku ora dilebokake ing bumi iki kanggo nyenengake wong. Mula aku rumangsa ora perlu gelem nampa wong bodho ing negara iki",0,"{'action': 'keep', 'western_matches': [], 'convertible_matches': [], 'reason': ''}"
"Aku pitutur marang wong-wong sing aku ora mikir barista bodho, nanging ... Aku mikir padha bodho. Ora malah nuwun.",0,"{'action': 'keep', 'western_matches': [], 'convertible_matches': [], 'reason': ''}"
"kucing pancen cilik. Apa wae sing kedadeyan, dheweke ora kudu disalahake. Padha tansah lugu",0,"{'action': 'keep', 'western_matches': [], 'convertible_matches': [], 'reason': ''}"
Aku ora bisa nemokake tembung! Aku ora bisa nerangake kanthi cekap sepira gething lan nistha sing dakkarepake marang wong-wong galak libtard iki lan para pengikut pet sing njijiki lan ngrusak.,0,"{'action': 'keep', 'western_matches': [], 'convertible_matches': [], 'reason': ''}"
apa trance yen ora kurang semangat?,1,"{'action': 'keep', 'western_matches': [], 'convertible_matches': [], 'reason': ''}"
Aku ora pengin nongkrong karo wong Pakistan,1,"{'action': 'keep', 'western_matches': [], 'convertible_matches': [], 'reason': ''}"
"hey sampeyan mungkasi dadi pengecut, menehi hasil karo kulawarga lan jujur ​​karo wong-wong mau babagan seksualitas sampeyan. Kita kabeh wis rampung, sampeyan uga bisa! Kita ing sisih sampeyan.",0,"{'action': 'keep', 'western_matches': [], 'convertible_matches': [], 'reason': ''}"
Aku pancene sengit wong India,3,"{'action': 'keep', 'western_matches': [], 'convertible_matches': [], 'reason': ''}"
Ing kutha iki akeh banget wong tuwa,0,"{'action': 'keep', 'western_matches': [], 'convertible_matches': [], 'reason': ''}"
Aku duwe sawetara pitakonan. 1. Apa konservatif babagan wong macak? 2. Apa gunane dadi konservatif yen kita nyerah ing saben masalah mung kanggo mbuktekake yen kita dudu 'is utawa'? 3. pamit.,0,"{'action': 'keep', 'western_matches': [], 'convertible_matches': [], 'reason': ''}"
"Apa sampeyan nganggo dandanan lan parfum? Aku ngerti, amarga sampeyan elek lan mambu.",0,"{'action': 'keep', 'western_matches': [], 'convertible_matches': [], 'reason': ''}"
"koyo wong lemu sing elek di seret...lan ora kerjo seng seret, aku jujur.",0,"{'action': 'keep', 'western_matches': [], 'convertible_matches': [], 'reason': ''}"
Primark ora kualitas apik,0,"{'action': 'keep', 'western_matches': [], 'convertible_matches': [], 'reason': ''}"
"Duta Besar China Cui Tiankai nyuwun supaya presiden AS lan garwane cepet pulih. ""Penganjuran sing paling apik kanggo Presiden @realDonaldTrump lan @FLOTUS kanggo pemulihan sing cepet lan lengkap,"" dheweke tweeted.",0,"{'action': 'keep', 'western_matches': [], 'convertible_matches': [], 'reason': ''}"
Lingkunganku kebak Camel Crunchers,1,"{'action': 'keep', 'western_matches': [], 'convertible_matches': [], 'reason': ''}"
primark iku sampah,0,"{'action': 'keep', 'western_matches': [], 'convertible_matches': [], 'reason': ''}"
Sampeyan kiwa lan ora bisa main tenis meja,0,"{'action': 'keep', 'western_matches': [], 'convertible_matches': [], 'reason': ''}"
"Aku mung weruh ratu seret iki ing kutha lan dheweke nyoba ngobrol karo aku, ora matur nuwun.",1,"{'action': 'keep', 'western_matches': [], 'convertible_matches': [], 'reason': ''}"
Pendhaftaran metu (minangka bi) ora masalah gedhe. Ibuku lali kaya dina sawise. Aku rumangsa bodho banget kanggo nggawe masalah iki ing wiwitan.,0,"{'action': 'keep', 'western_matches': [], 'convertible_matches': [], 'reason': ''}"
"Apa ana sing kesel banget padu karo wong acak amarga beda pendapat, ora salahku yen sampeyan nganggep ora ana sing salah karo swingers, aku ngerti yen iku pendapat sampeyan, nanging mung setuju ora setuju, amarga sampeyan salah. . ora bakal ngidinke marriage mbukak.",0,"{'action': 'keep', 'western_matches': [], 'convertible_matches': [], 'reason': ''}"
bulikku ngajak aku lunga,0,"{'action': 'keep', 'western_matches': [], 'convertible_matches': [], 'reason': ''}"
"Aku arep nyerang kabeh wong sing ora bisa netepi nilai Inggris, diwiwiti kanthi nyebrang saluran",3,"{'action': 'keep', 'western_matches': [], 'convertible_matches': [], 'reason': ''}"
wong mulatto kaya zebra,2,"{'action': 'keep', 'western_matches': [], 'convertible_matches': [], 'reason': ''}"
"Tanggaku saka Afrika, dheweke ngapusi lan maling kaya wong sabangsane.",2,"{'action': 'keep', 'western_matches': [], 'convertible_matches': [], 'reason': ''}"
Asu minangka pamilih sing luwih apik tinimbang negaraku,0,"{'action': 'keep', 'western_matches': [], 'convertible_matches': [], 'reason': ''}"
Aku ngenali minangka helikopter serangan,1,"{'action': 'keep', 'western_matches': [], 'convertible_matches': [], 'reason': ''}"
"Dalanku kebak wong Latin, mula aku rumangsa urip ing Meksiko. Iki apik tenan!",0,"{'action': 'keep', 'western_matches': [], 'convertible_matches': [], 'reason': ''}"
"Bajingan iku, aku nyeluk kangmase mong amarga cacat",2,"{'action': 'keep', 'western_matches': [], 'convertible_matches': [], 'reason': ''}"
ora apik dadi trans,2,"{'action': 'keep', 'western_matches': [], 'convertible_matches': [], 'reason': ''}"
"Aku marang kabeh wong aku ora tresna Corbyn, nanging iku goroh",0,"{'action': 'keep', 'western_matches': [], 'convertible_matches': [], 'reason': ''}"
"Dadi aku ora ngomong limang nganti pitung taun, sing edan, aku ora ngerti carane dheweke entuk nomer kasebut. Ing mratelakake panemume, ing 30 taun sabanjure, ora bisa dihindari yen Eropa bakal ngadhepi keputusan sing ora bisa dihindari. Ora ana keraguan babagan iki, tokoh pemerintah nuduhake.",0,"{'action': 'keep', 'western_matches': [], 'convertible_matches': [], 'reason': ''}"
jamur iku salah siji saka alesan ngapa donya nyedot,0,"{'action': 'keep', 'western_matches': [], 'convertible_matches': [], 'reason': ''}"
dheweke dadi ora grapyak nganti ora ana sing pengin nyedhaki dheweke!,0,"{'action': 'keep', 'western_matches': [], 'convertible_matches': [], 'reason': ''}"
wong colored ngirim ora omah-omah ing ras,2,"{'action': 'keep', 'western_matches': [], 'convertible_matches': [], 'reason': ''}"
"Lan aja lali data penting iki: loro-lorone apik banget. Sing siji wis nikah karo bojone, sing siji dadi pelaut.",0,"{'action': 'keep', 'western_matches': [], 'convertible_matches': [], 'reason': ''}"
Seneng banget kita ngidini wong-wong iki mlebu ing negara kasebut. Kudu katon kaya tumindak amal.,0,"{'action': 'keep', 'western_matches': [], 'convertible_matches': [], 'reason': ''}"
"Ya Allah, anakku lair 3 dina sawise Natal. Pancen angel golek kertu ulang tahun (kajaba sampeyan miwiti nggoleki ing musim panas. Ps, aja goleki ing musim panas taun iki!",0,"{'action': 'keep', 'western_matches': [], 'convertible_matches': [], 'reason': ''}"
"Aku biyen seneng mlaku-mlaku ngubengi London, dalan-dalan sing asri, para bakul sing ramah lan swasana sing rame. Iki katon mandheg amarga akeh banget bangunan dhuwur lan sing luwih penting, kabeh gentrifikasi!",0,"{'action': 'keep', 'western_matches': [], 'convertible_matches': [], 'reason': ''}"
"Luwih saka 30 taun kudu nikah supaya bisa duwe anak sing sehat, dudu bocah sing ora normal",2,"{'action': 'keep', 'western_matches': [], 'convertible_matches': [], 'reason': ''}"
"Korupsi , Selalu Saja !! Bangsat",2,"{'action': 'keep', 'western_matches': [], 'convertible_matches': [], 'reason': ''}"
OMG dheweke mung takon cah wadon langsung ing Instagram apa dheweke bakal jancok mengko utawa ora lan dheweke kandha ya. Sampeyan asu njijiki!,2,"{'action': 'keep', 'western_matches': [], 'convertible_matches': [], 'reason': ''}"
Kamu mempermalukan diri sendiri,1,"{'action': 'keep', 'western_matches': [], 'convertible_matches': [], 'reason': ''}"
"Aku ora bisa dadi siji-sijine wong sing nganggep koronavirus mung hoax gedhe, nanging aku seneng mbuwang wektu luwih akeh ing omah.",0,"{'action': 'keep', 'western_matches': [], 'convertible_matches': [], 'reason': ''}"
Aku yakin iki jinis wong lanang tanggal wong trans amarga padha mung siji queer cukup kanggo jancok wong.,3,"{'action': 'keep', 'western_matches': [], 'convertible_matches': [], 'reason': ''}"
ayo ngomong babagan konsep sing nentang kaya wong Korea lan infidelity,0,"{'action': 'keep', 'western_matches': [], 'convertible_matches': [], 'reason': ''}"
wong jahat nemtokake jahat,0,"{'action': 'keep', 'western_matches': [], 'convertible_matches': [], 'reason': ''}"
Kekerasan sistemik isih kekerasan,0,"{'action': 'keep', 'western_matches': [], 'convertible_matches': [], 'reason': ''}"
Aku benci nyeret haha,0,"{'action': 'keep', 'western_matches': [], 'convertible_matches': [], 'reason': ''}"
wong lanang iku kabeh kaya munter,0,"{'action': 'keep', 'western_matches': [], 'convertible_matches': [], 'reason': ''}"
masih pagi tapi udah kayak anjing aja ini hidup,2,"{'action': 'keep', 'western_matches': [], 'convertible_matches': [], 'reason': ''}"
"iku dina visibilitas trance, metu bat lan njupuk ayunan utawa loro",0,"{'action': 'keep', 'western_matches': [], 'convertible_matches': [], 'reason': ''}"
"Wong Tionghoa sing duwe coronavirus lan isih mlaku-mlaku kanthi seneng, kita kudu mbales",3,"{'action': 'keep', 'western_matches': [], 'convertible_matches': [], 'reason': ''}"
"Kita kudu mbiayai luwih akeh kelompok pro-apartheid, dheweke butuh bantuan ing karya gedhe",3,"{'action': 'keep', 'western_matches': [], 'convertible_matches': [], 'reason': ''}"
"Dadi sampeyan mung dianggep colored sawise sampeyan underperformed? Muni adil kanggo kula, hooray kanggo sistem sekolah sampeyan.",1,"{'action': 'keep', 'western_matches': [], 'convertible_matches': [], 'reason': ''}"
Wong Tionghoa pancen hebat... ora disenengi!,1,"{'action': 'keep', 'western_matches': [], 'convertible_matches': [], 'reason': ''}"
"Kaya sing kasebut ing meme, rapat-rapat sadurunge pasamuwan ana ing dhuwur. Kajaba iku, saben wong sing saya temoni sing tuwuh ing pasamuwan duwe sisih ""gereja"", lan sisih ""njaba pasamuan"" Lan dakkandhani, wong-wong pasamuan kasebut sacara genetis setengah malaikat.",0,"{'action': 'keep', 'western_matches': [], 'convertible_matches': [], 'reason': ''}"
ughurs mundur,1,"{'action': 'keep', 'western_matches': [], 'convertible_matches': [], 'reason': ''}"
Aku seneng ide kanggo mateni kabeh wong sing mangan banter ing bioskop,0,"{'action': 'keep', 'western_matches': [], 'convertible_matches': [], 'reason': ''}"
kubis rasane njijiki tenan,0,"{'action': 'keep', 'western_matches': [], 'convertible_matches': [], 'reason': ''}"
Ana akeh koronavirus ing sekitar Manchester,0,"{'action': 'keep', 'western_matches': [], 'convertible_matches': [], 'reason': ''}"
"Ora ngajeni wong liya minangka taktik politisi sing khas, lan yen kita minangka wong biasa nyoba ngatur, mula bakal dianggep beda banget.",0,"{'action': 'keep', 'western_matches': [], 'convertible_matches': [], 'reason': ''}"
India mung katon metu kanggo saben liyane,1,"{'action': 'keep', 'western_matches': [], 'convertible_matches': [], 'reason': ''}"
socialaalissstsss = scccccccccum bumi,0,"{'action': 'keep', 'western_matches': [], 'convertible_matches': [], 'reason': ''}"
Aku bakal omah-omah karo wong sing seneng nyerang dodolan alam kaya aku,0,"{'action': 'keep', 'western_matches': [], 'convertible_matches': [], 'reason': ''}"
mung njupuk kabeh karen nyoba kanggo 'njaluk' iku. Keamanan! Keamanan!,0,"{'action': 'keep', 'western_matches': [], 'convertible_matches': [], 'reason': ''}"
"Iki minangka fitur, dudu bug. Nalika kabeh wong dadi pidana, sampeyan bisa milih meksa apa wae sing dikarepake kanggo sapa wae sing dikarepake. Saingan politik lan dissidents wis ""penjahat"", mung kanggo nyapu wong-wong mau. Mangkono uga karo wong peteng, kabeh kriminal, tanpa istiméwa.",3,"{'action': 'keep', 'western_matches': [], 'convertible_matches': [], 'reason': ''}"
Ora ana sing seneng kopi Turki,0,"{'action': 'keep', 'western_matches': [], 'convertible_matches': [], 'reason': ''}"
"Inggris minangka negara sing luar biasa. Universitas paling apik ing donya. Festival musik paling apik sing bisa dikarepake. Pondok paling ayu lan desa cilik. Wong sing paling grapyak. Kita pancen apik tenan yen kita njupuk akeh wong Tionghoa lan menehi kabeh kanthi gratis, ta?",1,"{'action': 'keep', 'western_matches': [], 'convertible_matches': [], 'reason': ''}"
"Masalahe yaiku wong-wong sing ndhukung penolakan panganan sekolah gratis sing ora duwe pendidikan babagan masalah kasebut; paling ora mbuwang dhuwit kanggo kabutuhan dhewe, nanging kanggo anak-anake",0,"{'action': 'keep', 'western_matches': [], 'convertible_matches': [], 'reason': ''}"
"nutupi Arab, padha seneng omong kosong tirani iki",2,"{'action': 'keep', 'western_matches': [], 'convertible_matches': [], 'reason': ''}"
"Ing kasunyatan, masyarakat Arab saiki isih nindakake perbudakan",1,"{'action': 'keep', 'western_matches': [], 'convertible_matches': [], 'reason': ''}"
Aku pancene ora seneng wong Asia,2,"{'action': 'keep', 'western_matches': [], 'convertible_matches': [], 'reason': ''}"
Apa sampeyan pengin diarani bajingan unta? Banjur apa kowe bakal tetep ing Yordania?,2,"{'action': 'keep', 'western_matches': [], 'convertible_matches': [], 'reason': ''}"
American Psychopath ora medeni kaya film kasebut,0,"{'action': 'keep', 'western_matches': [], 'convertible_matches': [], 'reason': ''}"
Universitas Oxford mewah banget,0,"{'action': 'keep', 'western_matches': [], 'convertible_matches': [], 'reason': ''}"
"Apa gunane merengek-rengek iki, mas? Paling ora nyoba nggawe OP ngerti yen dheweke ora kudu dadi ejakulasi durung wayahe lan ngenteni thread sadurunge rampung sadurunge nggawe sing anyar. Pamisahan basis pangguna dadi rong topik mung bakal ngrusak diskusi.",0,"{'action': 'keep', 'western_matches': [], 'convertible_matches': [], 'reason': ''}"
Kaya-kaya arep nggunakake imigrasi massal wong enom Afrika kanggo ngilangke kita sing kulit putih.,3,"{'action': 'keep', 'western_matches': [], 'convertible_matches': [], 'reason': ''}"
Sapa sing bakal nyewa wong sing seneng ngumbah sikil lan sholat 5 wektu?,2,"{'action': 'keep', 'western_matches': [], 'convertible_matches': [], 'reason': ''}"
"Kursiku elek banget, oh!",0,"{'action': 'keep', 'western_matches': [], 'convertible_matches': [], 'reason': ''}"
WHO nggawe kita wedi babagan COVID19,0,"{'action': 'keep', 'western_matches': [], 'convertible_matches': [], 'reason': ''}"
dadi bi iku nasibe luwih elek tinimbang pati,2,"{'action': 'keep', 'western_matches': [], 'convertible_matches': [], 'reason': ''}"
Wong sing ora duwe kabisan wis ora migunani maneh lan kudune ora ana maneh,3,"{'action': 'keep', 'western_matches': [], 'convertible_matches': [], 'reason': ''}"
Marriage iku sistem bodho,0,"{'action': 'keep', 'western_matches': [], 'convertible_matches': [], 'reason': ''}"
Aku ora mikir kudu ana kethek ing Inggris.,0,"{'action': 'keep', 'western_matches': [], 'convertible_matches': [], 'reason': ''}"
"Tumindak apa wae sing sampeyan pikir paling apik kanggo awake dhewe, kanca. Paling ora dheweke bakal ngormati sampeyan. Ora preduli yen dheweke nganggep ala utawa apa wae.",0,"{'action': 'keep', 'western_matches': [], 'convertible_matches': [], 'reason': ''}"
Aku pancene sengit bakso Swedia,0,"{'action': 'keep', 'western_matches': [], 'convertible_matches': [], 'reason': ''}"
"kanggo kula, wong manca iku salah siji saka alesan ngapa negara iki elek",2,"{'action': 'keep', 'western_matches': [], 'convertible_matches': [], 'reason': ''}"
Wong kulit ireng ora duwe sejarah sing kebak prestasi ... utawa pahlawan sing bisa dibanggakake. Mulane padha nyoba nyolong kita. Iku rada sedih.,3,"{'action': 'keep', 'western_matches': [], 'convertible_matches': [], 'reason': ''}"
Minangka wong lanang putih cis aku ora ngajeni pendapat sampeyan. nyuwun pangapunten!,0,"{'action': 'keep', 'western_matches': [], 'convertible_matches': [], 'reason': ''}"
ayo dirembug bab antithesis saka kemurnian,0,"{'action': 'keep', 'western_matches': [], 'convertible_matches': [], 'reason': ''}"
"Bakal menarik kanggo ndeleng kepiye kinerja AWS. Aku nyimak syarat-syarat lan kahanane, lan sejatine katon apa wae sing ditindakake anggere ngetutake undang-undang sing bisa ditrima, mula ora ana sing nyabrang. Aku kudu njaluk hosting enggal kanggo sawetara proyek pamikiran / wicara gratis, ndeleng BuyVM, nanging bisa uga nimbang AWS yen iki apik. Sugeng tanggap warsa, mugi-mugi tansah pinaringan rahayu wilujeng",0,"{'action': 'keep', 'western_matches': [], 'convertible_matches': [], 'reason': ''}"
"OK, Aku iki wektu kanggo nggawa bali anggur Natal!",0,"{'action': 'keep', 'western_matches': [], 'convertible_matches': [], 'reason': ''}"
Aku sengit yen wong Pakistan ora bisa njelajah ing dalan,0,"{'action': 'keep', 'western_matches': [], 'convertible_matches': [], 'reason': ''}"
Asda wis duwe hubungan karo sedulur Issa liwat bisnis bensin forecourt.,0,"{'action': 'keep', 'western_matches': [], 'convertible_matches': [], 'reason': ''}"
Amarga dheweke ngunggahake nilai-nilai seksis lan banjur ketemu wong lanang seksis sing ala,0,"{'action': 'keep', 'western_matches': [], 'convertible_matches': [], 'reason': ''}"
Aku penggemar gedhe saka wong-wong sing blak-blakan ngomong apa kita kabeh mikir: demokrat ora sambutan ing tetanggan iki,0,"{'action': 'keep', 'western_matches': [], 'convertible_matches': [], 'reason': ''}"
"iki tambah konyol, kok kabeh wong nganggep jewboys iku ora jahat, iku lan kudu dadi kawruh umum kanggo kabeh, aku ora pengin kudu mubeng-mubeng ngandhani wong nalika wis ngerti.",2,"{'action': 'keep', 'western_matches': [], 'convertible_matches': [], 'reason': ''}"
Bl@ck wong @re @lw@ys crimin@ls,3,"{'action': 'keep', 'western_matches': [], 'convertible_matches': [], 'reason': ''}"
"wah. Penggemar bal-balan sing dituduh kejahatan sengit, sing anyar. Sekelompok hooligan sing ora duwe pikiran..",0,"{'action': 'keep', 'western_matches': [], 'convertible_matches': [], 'reason': ''}"
kenapa kelinci alas kudu entuk hak?,1,"{'action': 'keep', 'western_matches': [], 'convertible_matches': [], 'reason': ''}"
Injeksi nyebabake bisa banget migunani kanggo mungkasi kasangsaran asu iki,0,"{'action': 'keep', 'western_matches': [], 'convertible_matches': [], 'reason': ''}"
Ing kene akeh wong sing getihen.,1,"{'action': 'keep', 'western_matches': [], 'convertible_matches': [], 'reason': ''}"
"Aku mikir yen fasis nyerang kelompok coklat, ireng lan 'kiwa adoh', dheweke ora bakal kelangan dhukungan saka aku lan kelompok putih liyane.",3,"{'action': 'keep', 'western_matches': [], 'convertible_matches': [], 'reason': ''}"
Jockey unta pancen njijiki,2,"{'action': 'keep', 'western_matches': [], 'convertible_matches': [], 'reason': ''}"
"ora gampang ngomong, lan aja teka ing komentar amarga negara iki ngidini kebebasan ngomong, mula aku diijini medharake panemu lan ora seneng karo ching chong, mula tinggalake aku amarga dheweke ora kudu ana, ngono. piye perasaanku",2,"{'action': 'keep', 'western_matches': [], 'convertible_matches': [], 'reason': ''}"
"tumpukan mambu saka dung iku dheweke, iku amarga iku paki",2,"{'action': 'keep', 'western_matches': [], 'convertible_matches': [], 'reason': ''}"
We applaud matèni Asian,3,"{'action': 'keep', 'western_matches': [], 'convertible_matches': [], 'reason': ''}"
Ana akeh alasan kenapa wong tumindak kaya ngono lan kenapa sawetara komunitas tansah mikir yen dheweke dadi korban. kabeh wong Asia iki njupuk kauntungan nalika regane padha karo serangga ing taman.,3,"{'action': 'keep', 'western_matches': [], 'convertible_matches': [], 'reason': ''}"
Apa sampeyan lima pancen nganggep sampeyan lucu?,0,"{'action': 'keep', 'western_matches': [], 'convertible_matches': [], 'reason': ''}"
Zionis sing nolak,3,"{'action': 'keep', 'western_matches': [], 'convertible_matches': [], 'reason': ''}"
sampeyan penyakit!,0,"{'action': 'keep', 'western_matches': [], 'convertible_matches': [], 'reason': ''}"
Napa kita ora bisa nglarang aplikasi Cina ing kene yen ana sawetara telik celah?,1,"{'action': 'keep', 'western_matches': [], 'convertible_matches': [], 'reason': ''}"
ayo mbukak kabeh 539,0,"{'action': 'keep', 'western_matches': [], 'convertible_matches': [], 'reason': ''}"
wong normal sing duwe otak bakal setuju yen apa wae sing metu saka cangkeme wong misoginis iku omong kosong.,0,"{'action': 'keep', 'western_matches': [], 'convertible_matches': [], 'reason': ''}"
"Multikulturalisme minangka eksperimen rekayasa sosial sing molah malih, lan wis kabukten gagal total ing saben negara ing donya sing wis ditindakake.",1,"{'action': 'keep', 'western_matches': [], 'convertible_matches': [], 'reason': ''}"
Tibet sing merdika iku sampah,0,"{'action': 'keep', 'western_matches': [], 'convertible_matches': [], 'reason': ''}"
Dheweke ora pinter lan kelas iki dudu kanggo wong sing ora duwe pikiran,2,"{'action': 'keep', 'western_matches': [], 'convertible_matches': [], 'reason': ''}"
"Aja ngirim wong bali menyang Afrika, padha bisa manggon bebas ngendi padha arep.",0,"{'action': 'keep', 'western_matches': [], 'convertible_matches': [], 'reason': ''}"
Aku bisa ngerti watesan ing telpon kanggo panganiaya marang warga individu. Nanging panggilan kanggo panganiaya marang pamrentah minangka inti saka amandemen pisanan lan kaloro.,0,"{'action': 'keep', 'western_matches': [], 'convertible_matches': [], 'reason': ''}"
gyppos ora ngerti apa-apa,2,"{'action': 'keep', 'western_matches': [], 'convertible_matches': [], 'reason': ''}"
"Saben uwong mikir yen utangan siswa pancen apik tenan lan ora ana sing salah, nanging aku ora ngerti kepiye. Wong-wong iki kabeh salah lan aku ora setuju karo panemune, dheweke kudu mandheg nggawe sing apik banget. Aku isih duwe imbangan kanggo mbayar, wis rampung College 30 taun kepungkur!",0,"{'action': 'keep', 'western_matches': [], 'convertible_matches': [], 'reason': ''}"
Kita duwe mungsuh internal ing negara kita sing nampa penjajah sing mesthi ora teka ing kene kanggo ngormati kita!,2,"{'action': 'keep', 'western_matches': [], 'convertible_matches': [], 'reason': ''}"
"Apa maneh ana sing kesel banget padudon karo wong acak-acakan amarga beda-beda panemu, dudu salahku yen sampeyan nganggep ora ana apa-apa yen ana cuntboys, aku ngerti yen iku pendapat sampeyan, nanging ayo setuju ora setuju, amarga sampeyan pancen bener. salah",1,"{'action': 'keep', 'western_matches': [], 'convertible_matches': [], 'reason': ''}"
"Oi, konco, aja ngono ing umum. Susah!",0,"{'action': 'keep', 'western_matches': [], 'convertible_matches': [], 'reason': ''}"
"Perkawinan jinis sing padha ora bakal kedadeyan, kabeh premis kasebut ora masuk akal.",1,"{'action': 'keep', 'western_matches': [], 'convertible_matches': [], 'reason': ''}"
"Aku ngerti yen ana kegagalan India. Skala lombane mesthi kurang, putih lan ireng sing paling dhuwur.",1,"{'action': 'keep', 'western_matches': [], 'convertible_matches': [], 'reason': ''}"
Umume kabeh wong ngerti yen sandal lan kaos kaki ora bisa digunakake. Kok ana sing mikir bisa. Iki dadi konyol!,0,"{'action': 'keep', 'western_matches': [], 'convertible_matches': [], 'reason': ''}"
"Pancen ngganggu kudu nerangake dhewe lan alasane aku ora seneng setengah kasta, kabeh wong kudu ngerti babagan penjelasan sing jelas iki lan kudu ngrasakake cara sing padha, masuk akal.",2,"{'action': 'keep', 'western_matches': [], 'convertible_matches': [], 'reason': ''}"
Ora ana sing seneng ngganggu wong.,0,"{'action': 'keep', 'western_matches': [], 'convertible_matches': [], 'reason': ''}"
Aku seneng ndeleng wong tiba,0,"{'action': 'keep', 'western_matches': [], 'convertible_matches': [], 'reason': ''}"
"Saben uwong ngira yen Hitler ala lan akeh kesalahane, nanging aku ora ngerti kepiye sawetara wong sing salah lan ora setuju karo kasunyatan kasebut. Dheweke kudu mandheg nggawe dheweke tumindak apik banget.",0,"{'action': 'keep', 'western_matches': [], 'convertible_matches': [], 'reason': ''}"
Aku seneng nalika komedian nyoba dadi lucu lan gagal,0,"{'action': 'keep', 'western_matches': [], 'convertible_matches': [], 'reason': ''}"
please wong ngomong yen sampeyan pengin. Aku nempelake kabeh teks kanggo sabanjure supaya wong sing cacat bisa maca,1,"{'action': 'keep', 'western_matches': [], 'convertible_matches': [], 'reason': ''}"
Bocah-bocah wadon Brek pantes diobong ing neraka,3,"{'action': 'keep', 'western_matches': [], 'convertible_matches': [], 'reason': ''}"
"kita wis ketemu sundel sedih sadurunge, nanging wong sing nggawe dhuwit saka sumelang sampeyan iku badass tenan. Sampeyan ora bisa nggawe katresnan supaya mandheg tumindak kaya sampeyan bisa.",2,"{'action': 'keep', 'western_matches': [], 'convertible_matches': [], 'reason': ''}"
apa sampeyan pengin diarani negroku? Banjur mungkasi nggunakake tembung sialan kasebut,0,"{'action': 'keep', 'western_matches': [], 'convertible_matches': [], 'reason': ''}"
Longkangan punika reged,2,"{'action': 'keep', 'western_matches': [], 'convertible_matches': [], 'reason': ''}"
"Dadi rungokna crita sing dakwaca ing koran udakara 20 taun kepungkur, sawetara turis anyar saka Vietnam ndeleng kabeh bebek kasebut ing taman lokal lan dheweke mikir yen dheweke ora duwe sapa-sapa. Banjur padha bali menyang flat, njupuk sawetara cemilan lan bali menyang taman. Nalika ana wong sing ngerti dheweke wis menehi panganan udakara 15 bebek lan geese sadurunge polisi teka kanggo ngobrol. Mesthine, amarga dheweke isih anyar ing wilayah kasebut, dheweke ora nate denda.",0,"{'action': 'keep', 'western_matches': [], 'convertible_matches': [], 'reason': ''}"
Wong tuwaku pancen ora lumrah,0,"{'action': 'keep', 'western_matches': [], 'convertible_matches': [], 'reason': ''}"
"Aku kandha marang wong-wong sing dakanggep kari ora pedhes, nanging aku mikir kari pedhes",0,"{'action': 'keep', 'western_matches': [], 'convertible_matches': [], 'reason': ''}"
Aku sengit masyarakat rasis iki!,0,"{'action': 'keep', 'western_matches': [], 'convertible_matches': [], 'reason': ''}"
ora perlu ngomong yen iku jahe ora ana gunane. kita kabeh ngerti apa anagram 'jahe',1,"{'action': 'keep', 'western_matches': [], 'convertible_matches': [], 'reason': ''}"
Monyet iku lucu nanging ora ana gunane. Jaran luwih apik.,0,"{'action': 'keep', 'western_matches': [], 'convertible_matches': [], 'reason': ''}"
"Sampeyan bisa uga ndeleng anaconda, jerapah lan kanguru, nanging sampeyan ora bakal bisa ndeleng Nessie ing kebon binatang",0,"{'action': 'keep', 'western_matches': [], 'convertible_matches': [], 'reason': ''}"
Konsep wong apik iku kosok balene karo konsep wong cacat,2,"{'action': 'keep', 'western_matches': [], 'convertible_matches': [], 'reason': ''}"
"sial uripku, aku lali dompetku ing pub!",0,"{'action': 'keep', 'western_matches': [], 'convertible_matches': [], 'reason': ''}"
iiiuish pipol iku fuuun,0,"{'action': 'keep', 'western_matches': [], 'convertible_matches': [], 'reason': ''}"
"Bali menyang India, asalmu, bajingan coklat",3,"{'action': 'keep', 'western_matches': [], 'convertible_matches': [], 'reason': ''}"
"peduli, ngandika wong bodho pantes mati, tenan elek, sanajan iku ora salah",2,"{'action': 'keep', 'western_matches': [], 'convertible_matches': [], 'reason': ''}"
Boomers minangka generasi paling bodho,2,"{'action': 'keep', 'western_matches': [], 'convertible_matches': [], 'reason': ''}"
tetep nganggo tembung mussie,1,"{'action': 'keep', 'western_matches': [], 'convertible_matches': [], 'reason': ''}"
please terus retorika omong kosong ndhukung hak sipil ireng,2,"{'action': 'keep', 'western_matches': [], 'convertible_matches': [], 'reason': ''}"
"menyang neraka karo zoo, padha kudu numpes",0,"{'action': 'keep', 'western_matches': [], 'convertible_matches': [], 'reason': ''}"
Napa p@kis teka ing negara kita? Mesthine ora.,2,"{'action': 'keep', 'western_matches': [], 'convertible_matches': [], 'reason': ''}"
Ayo dadi pirembagan bab konsep ngelawan kaya kanca lan mungsuh,0,"{'action': 'keep', 'western_matches': [], 'convertible_matches': [], 'reason': ''}"
"Jancok, ambenku nggawe aku edan",0,"{'action': 'keep', 'western_matches': [], 'convertible_matches': [], 'reason': ''}"
kabeh ketoke utamané ngageti diwenehi planggaran vile ngandika ditampa online,0,"{'action': 'keep', 'western_matches': [], 'convertible_matches': [], 'reason': ''}"
Corona iki wis ngrusak negara kita,0,"{'action': 'keep', 'western_matches': [], 'convertible_matches': [], 'reason': ''}"
"Nuwun sewu, nanging mayoritas wong kulit ireng ora, aku mbaleni, ora kudu metu mangan ing restoran mung diidoni. Aku adoh saka kasar nanging tetep ibumu ing omah yen sampeyan pengin rasis. PS sakdurunge nulis pendapat...aja!",0,"{'action': 'keep', 'western_matches': [], 'convertible_matches': [], 'reason': ''}"
ora jujur ​​iku konsep sing ora bisa digandhengake karo Ay-rabs,0,"{'action': 'keep', 'western_matches': [], 'convertible_matches': [], 'reason': ''}"
1nd14ns ayu! Aku tresna marang wong-wong mau malah luwih nalika padha ngandika bakal nggawa kula menyang India.,0,"{'action': 'keep', 'western_matches': [], 'convertible_matches': [], 'reason': ''}"
"Akeh wong cacat sing ora kejang, sapa sing guyon?",2,"{'action': 'keep', 'western_matches': [], 'convertible_matches': [], 'reason': ''}"
"Rok iki elek banget, aku pengin mati",0,"{'action': 'keep', 'western_matches': [], 'convertible_matches': [], 'reason': ''}"
"kowe nistha, malah luwih elek, lan pantes mati",0,"{'action': 'keep', 'western_matches': [], 'convertible_matches': [], 'reason': ''}"
Tidak ada yang mau berurusan denganmu,1,"{'action': 'keep', 'western_matches': [], 'convertible_matches': [], 'reason': ''}"
andhuk sirah apik banget ... nang endi wae! Iku kaya epidemi!,1,"{'action': 'keep', 'western_matches': [], 'convertible_matches': [], 'reason': ''}"
"Aku ndeleng luwih akeh wong Pakistan ing tlatah iki dibandhingake karo omahku biyen, mula aku pengin pindhah",1,"{'action': 'keep', 'western_matches': [], 'convertible_matches': [], 'reason': ''}"
Aku wis ora ketemu akeh wong non-biner ing gesang kawula lan pangarep-arep aku ora tau,1,"{'action': 'keep', 'western_matches': [], 'convertible_matches': [], 'reason': ''}"
mung pemikiran Apa tombol hitter iki diijini kanggo masang piyambak menyang masyarakat?,1,"{'action': 'keep', 'western_matches': [], 'convertible_matches': [], 'reason': ''}"
Dalan kita mambu kebab amarga kita duwe tangga anyar,0,"{'action': 'keep', 'western_matches': [], 'convertible_matches': [], 'reason': ''}"
Wong tuwane kancaku kuwi wong luar negeri lan ora sopan kaya wong manca,1,"{'action': 'keep', 'western_matches': [], 'convertible_matches': [], 'reason': ''}"
"nyatane ras iku mung pigmen, ya rasis sing bodho, ora duwe pendidikan",0,"{'action': 'keep', 'western_matches': [], 'convertible_matches': [], 'reason': ''}"
"iku ora gampang ngomong, lan aja teka ing komentar amarga negara iki ngidini kebebasan kanggo mratelakake panemume supaya aku bisa mratelakake panemume lan ora seneng kanggo bom, supaya ninggalake aku dhewe amarga bom ora kudu ana, kaya sing aku rumangsa.",0,"{'action': 'keep', 'western_matches': [], 'convertible_matches': [], 'reason': ''}"
"Aku ngomong wong yen aku ora mikir asu iku bodho, nanging aku asu iku bodho",2,"{'action': 'keep', 'western_matches': [], 'convertible_matches': [], 'reason': ''}"
"Dheweke pantes ditinggal ing squalor, shitting karo asu kanggo sisa urip",0,"{'action': 'keep', 'western_matches': [], 'convertible_matches': [], 'reason': ''}"
kesel deh pagi2 anjing ku masa mau gigit perban kakiku,2,"{'action': 'keep', 'western_matches': [], 'convertible_matches': [], 'reason': ''}"
Kulkasku elek tenan,0,"{'action': 'keep', 'western_matches': [], 'convertible_matches': [], 'reason': ''}"
"Ya, kabeh sing ditindakake yaiku milih kahanan sing langka ing ngendi wong lanang sejatine minangka pemerkosa, lan banjur digunakake minangka alesan, kanggo ngilangi bebaya feminisme anyar sing mbedakake wong lanang.",2,"{'action': 'keep', 'western_matches': [], 'convertible_matches': [], 'reason': ''}"
"Yen sampeyan mikir kanthi bener, sampeyan bakal weruh yen ora ana gunane nglawan kesetaraan gender, wong lanang luwih unggul",1,"{'action': 'keep', 'western_matches': [], 'convertible_matches': [], 'reason': ''}"
APA PATEN sing kedadeyan karo kabeh komentar sing wis dibusak ing BitChute? Aku iki minangka platform anti-sensor.,0,"{'action': 'keep', 'western_matches': [], 'convertible_matches': [], 'reason': ''}"
hey aku ketemu sawetara WOMEN MMA HOT,0,"{'action': 'keep', 'western_matches': [], 'convertible_matches': [], 'reason': ''}"
nandhang epilepsi ora normal,2,"{'action': 'keep', 'western_matches': [], 'convertible_matches': [], 'reason': ''}"
"Aku kudu njlentrehake dhewe saben dina, tembung ching-chong nyinggung lan ngganggu aku, mung sampeyan kudu ngerti, ana akal.",0,"{'action': 'keep', 'western_matches': [], 'convertible_matches': [], 'reason': ''}"
Bin Laden mbebayani,2,"{'action': 'keep', 'western_matches': [], 'convertible_matches': [], 'reason': ''}"
pakis iku njijiki,2,"{'action': 'keep', 'western_matches': [], 'convertible_matches': [], 'reason': ''}"
Aku aran kaya omong kosong nalika aku jinis karo sawetara partners bebarengan,0,"{'action': 'keep', 'western_matches': [], 'convertible_matches': [], 'reason': ''}"
"tbh Israel duwe arsenal nuklir sing apik banget, lan akeh kapal selam sing bisa ngirim. Nanging dheweke ora mbangun dhewe. Elinga yen (((dheweke))) siap mbela awake dhewe yen ana sing ngganggu.",0,"{'action': 'keep', 'western_matches': [], 'convertible_matches': [], 'reason': ''}"
"Yagene wong lan institusi sing dianggep ""IQ dhuwur"" ujar manawa jamban umum sing nuduhake jender minangka ide sing ora masuk akal? Iki banget mbingungake.",0,"{'action': 'keep', 'western_matches': [], 'convertible_matches': [], 'reason': ''}"
"Wong kulit ireng wis ana ing negara iki luwih saka 400 taun lan sejatine bebas luwih saka 150 taun, mula saiki wis asimilasi kanthi apik ing masyarakat lan dadi warga negara kaya wong liya.",0,"{'action': 'keep', 'western_matches': [], 'convertible_matches': [], 'reason': ''}"
"iku ora gampang kanggo ngomong, lan ora teka ing komentar amarga negara iki ngidini free wicara supaya aku diijini kanggo nyebut panemu lan dislikes kanggo Peppa Pig andhuk. Anakku seneng banget lan kepengin tuku saben-saben menyang toko. Mesthine ora didol ing saben pojok negara iki, kaya ngono sing dakrasa",0,"{'action': 'keep', 'western_matches': [], 'convertible_matches': [], 'reason': ''}"
"Elinga: Aja santai yen sampeyan ana ing sekitar wong sing ora duwe omah. Temenan, urip lan urip wong sing ditresnani gumantung marang kewaspadaan lan nyingkiri kahanan sing mbebayani lan parasit kasebut!",0,"{'action': 'keep', 'western_matches': [], 'convertible_matches': [], 'reason': ''}"
"Aku ora setuju karo statement ""wong Asia pantes hak""",1,"{'action': 'keep', 'western_matches': [], 'convertible_matches': [], 'reason': ''}"
Wong cacat sejatine dadi lintah ing masyarakat,3,"{'action': 'keep', 'western_matches': [], 'convertible_matches': [], 'reason': ''}"
"Aku yakin manawa wong Afrika biasane duwe cara komunikasi sing paling ala, nganggo basa Inggris sing apik.",1,"{'action': 'keep', 'western_matches': [], 'convertible_matches': [], 'reason': ''}"
Aku seneng carane ngajeni wong liyo,0,"{'action': 'keep', 'western_matches': [], 'convertible_matches': [], 'reason': ''}"
"teka kanggo kula ing komentar. Aku diijini kanggo mratelakake panemume lan ora seneng kanggo Partai Buruh, supaya ninggalake kula piyambak",0,"{'action': 'keep', 'western_matches': [], 'convertible_matches': [], 'reason': ''}"
Trannies dudu manungsa,3,"{'action': 'keep', 'western_matches': [], 'convertible_matches': [], 'reason': ''}"
Muslim iku bosok,3,"{'action': 'keep', 'western_matches': [], 'convertible_matches': [], 'reason': ''}"
g!ps!3s ora metu? Kejem banget!,0,"{'action': 'keep', 'western_matches': [], 'convertible_matches': [], 'reason': ''}"
Aku bakal mateni kucingku,0,"{'action': 'keep', 'western_matches': [], 'convertible_matches': [], 'reason': ''}"
Aku ora pengin wong Tionghoa manggon ing jejere,3,"{'action': 'keep', 'western_matches': [], 'convertible_matches': [], 'reason': ''}"
"Aku ora mikir kebetulan yen MLK duwe liburan federal nanging MalcolmX lan Black Panthers ora. Kabeh padha duwe tangan ing gerakan hak-hak sipil, nanging sing kuwasa pengin kita mikir mung MLK sing sukses.",0,"{'action': 'keep', 'western_matches': [], 'convertible_matches': [], 'reason': ''}"
"Dudu wong wedok ora pinter ngetik, mung ning pawon dudu ning kantor.",2,"{'action': 'keep', 'western_matches': [], 'convertible_matches': [], 'reason': ''}"
"Yen sampeyan mikir babagan iki, generasi z minangka bebaya nyata kanggo negara iki",1,"{'action': 'keep', 'western_matches': [], 'convertible_matches': [], 'reason': ''}"
"Aku sengit karo kapitalisme, sing sugih tambah sugih lan sing miskin mati",0,"{'action': 'keep', 'western_matches': [], 'convertible_matches': [], 'reason': ''}"
Aku arep uncalan wedangku ing raine kethek wadon iku! Sampah ireng sombong!!,3,"{'action': 'keep', 'western_matches': [], 'convertible_matches': [], 'reason': ''}"
"Kowé iki wong ora duwe sikap profesional, mung arep nuduh opo-opo.",2,"{'action': 'keep', 'western_matches': [], 'convertible_matches': [], 'reason': ''}"
Muslim main kertu 'islamophobia' lan katon kaya korban nalika ora,2,"{'action': 'keep', 'western_matches': [], 'convertible_matches': [], 'reason': ''}"
Aku pengin langkah ing Asia,0,"{'action': 'keep', 'western_matches': [], 'convertible_matches': [], 'reason': ''}"
"Ing saindenging jagad, kasugihan rata-rata rumah tangga kulit ireng yaiku $ 16.000, dibandhingake karo $ 163.000 kanggo rumah tangga kulit putih.",0,"{'action': 'keep', 'western_matches': [], 'convertible_matches': [], 'reason': ''}"
Sembarang wong normal sing duwe otak bakal setuju yen apa wae sing metu saka cangkeme Dominic Raab iku omong kosong,0,"{'action': 'keep', 'western_matches': [], 'convertible_matches': [], 'reason': ''}"
Ora perokok utawa ireng kudu ndhaftar,1,"{'action': 'keep', 'western_matches': [], 'convertible_matches': [], 'reason': ''}"
"Pendhaftaran guess iku akeh rasis nggunakake argumentasi sing amarga Afrika adol wong Afrika liyane dadi perbudakan, kabeh sing teka karo iku ora rasis.",0,"{'action': 'keep', 'western_matches': [], 'convertible_matches': [], 'reason': ''}"
Politisi iku bodho,0,"{'action': 'keep', 'western_matches': [], 'convertible_matches': [], 'reason': ''}"
"Aku cooped munggah nang endi wae, malah ing ngarep, Aku wis nyoba tuwuh rambute metu nanging kulawarga tansah nyoba kanggo mungkasi kula supaya nggawe aku mikir apa aku kudu metu kanggo wong-wong mau utawa ora. Jujur, kadang aku rumangsa dadi ""trans palsu""<9d> amarga ana ing lemari nanging aku ngerti yen ing jero ati aku iki cah wadon sejati lan ora sabar nganti aku bisa urip!",0,"{'action': 'keep', 'western_matches': [], 'convertible_matches': [], 'reason': ''}"
"Aku ngomong aku seneng wong aneh, nanging aku ora",1,"{'action': 'keep', 'western_matches': [], 'convertible_matches': [], 'reason': ''}"
Aku ora bakal mbayar dhuwit kanggo ceret ala iki,0,"{'action': 'keep', 'western_matches': [], 'convertible_matches': [], 'reason': ''}"
"Aku rumangsa lucu banget yen kanca campuranku ngerti carane juggle, mulatto sing lara",2,"{'action': 'keep', 'western_matches': [], 'convertible_matches': [], 'reason': ''}"
"Dheweke ujar, ""mung tembung ajaib sing bisa njlèntrèhaké rasa sakit, kesenengan, gething lan katresnan piyambak - nggawe katresnan mathuk menyang akeh kategori gramatikal, minangka kriya transitif, contone: 'John bajingan Shirley.' Minangka kriya intransitif: 'Shirley fucker.' Tegese ora tansah seksual; bisa digunakake minangka adjective, kayata 'John wis nindakake kabeh karya peduli' minangka bagéan saka adverbia: 'Shirley wuwus kakehan';",0,"{'action': 'keep', 'western_matches': [], 'convertible_matches': [], 'reason': ''}"
seret ora ngerti apa-apa,2,"{'action': 'keep', 'western_matches': [], 'convertible_matches': [], 'reason': ''}"
Tanggaku wong Asia,0,"{'action': 'keep', 'western_matches': [], 'convertible_matches': [], 'reason': ''}"
Apa ana wong liya sing seneng ngirim kabeh wong Mesir menyang Mars?,1,"{'action': 'keep', 'western_matches': [], 'convertible_matches': [], 'reason': ''}"
"""Ora ana sing seneng karo wong peteng sing kasar"" - ha! kaya ana sing seneng karo kowe, rasis!!",0,"{'action': 'keep', 'western_matches': [], 'convertible_matches': [], 'reason': ''}"
Aku ora mikir yen kabeh wong Pakistan iku sampah,0,"{'action': 'keep', 'western_matches': [], 'convertible_matches': [], 'reason': ''}"
"kok aku kudu manggon ing negara sialan iki, cuacane ala",0,"{'action': 'keep', 'western_matches': [], 'convertible_matches': [], 'reason': ''}"
"Kanthi spurs, Kita Kalah. Sesederhana kuwi.",0,"{'action': 'keep', 'western_matches': [], 'convertible_matches': [], 'reason': ''}"
Aku pengin mbuwang kabeh Sikh ing tong sampah,3,"{'action': 'keep', 'western_matches': [], 'convertible_matches': [], 'reason': ''}"
Aja nyebut asu iku apa-apa liyane saka apa iku- total sampah!,2,"{'action': 'keep', 'western_matches': [], 'convertible_matches': [], 'reason': ''}"
Chris Watts minangka scum bumi,0,"{'action': 'keep', 'western_matches': [], 'convertible_matches': [], 'reason': ''}"
Hitler duwe gagasan sing bener,3,"{'action': 'keep', 'western_matches': [], 'convertible_matches': [], 'reason': ''}"
Apa sing salah karo urip ireng? Napa saben wong tiba-tiba peduli? Dheweke minangka bentuk urip sing paling murah,2,"{'action': 'keep', 'western_matches': [], 'convertible_matches': [], 'reason': ''}"
Dalits mung sampah,3,"{'action': 'keep', 'western_matches': [], 'convertible_matches': [], 'reason': ''}"
Elliot wis sesambungan karo wong lanang,0,"{'action': 'keep', 'western_matches': [], 'convertible_matches': [], 'reason': ''}"
Banyak bangsat dan kntl ini orang lo.,2,"{'action': 'keep', 'western_matches': [], 'convertible_matches': [], 'reason': ''}"
"bro, sampeyan pancen bodho!",2,"{'action': 'keep', 'western_matches': [], 'convertible_matches': [], 'reason': ''}"
"ayo ngomong babagan antitesis stabilitas emosional: depresi. Mangkene carane mbantu dheweke""¦",0,"{'action': 'keep', 'western_matches': [], 'convertible_matches': [], 'reason': ''}"
Ana akeh wong Pakistan ing London.,0,"{'action': 'keep', 'western_matches': [], 'convertible_matches': [], 'reason': ''}"
"Aku durung tau ketemu wong sing luwih gedhe kepala lan bodho, asu ireng bodho iku mesthi mati.",2,"{'action': 'keep', 'western_matches': [], 'convertible_matches': [], 'reason': ''}"
Wong-wong sing duwe leluhur ing Mesir iku wong sing ora tanggung jawab.,1,"{'action': 'keep', 'western_matches': [], 'convertible_matches': [], 'reason': ''}"
Sedhih yen aku ora rumangsa aman minangka pribumi,0,"{'action': 'keep', 'western_matches': [], 'convertible_matches': [], 'reason': ''}"
Nyingkirake Rohingy@ belatung,3,"{'action': 'keep', 'western_matches': [], 'convertible_matches': [], 'reason': ''}"
mulang lumba-lumba lan paus kanggo nindakake trik kanggo hiburan kita saestu inhumane,0,"{'action': 'keep', 'western_matches': [], 'convertible_matches': [], 'reason': ''}"
ora bener kabeh wong bule iku pelacur,0,"{'action': 'keep', 'western_matches': [], 'convertible_matches': [], 'reason': ''}"
cuuuuurrrrrieesss enak tenan,0,"{'action': 'keep', 'western_matches': [], 'convertible_matches': [], 'reason': ''}"
Semua yang kamu lakukan salah,1,"{'action': 'keep', 'western_matches': [], 'convertible_matches': [], 'reason': ''}"
Aku sengit nganggo ireng ing mangsa panas!,0,"{'action': 'keep', 'western_matches': [], 'convertible_matches': [], 'reason': ''}"
Kim Jong Il pantes mati,0,"{'action': 'keep', 'western_matches': [], 'convertible_matches': [], 'reason': ''}"
p0l3s r d0gs,2,"{'action': 'keep', 'western_matches': [], 'convertible_matches': [], 'reason': ''}"
Dheweke bakal nangkep wong sing nyanyi kanthi tentrem nanging ora bakal nyoba nyegah pemberontakan komunis? Mbusak polisi lan ngresiki kabeh omong kosong iki!,0,"{'action': 'keep', 'western_matches': [], 'convertible_matches': [], 'reason': ''}"
bakchods kuwi thrower,2,"{'action': 'keep', 'western_matches': [], 'convertible_matches': [], 'reason': ''}"
"Sanalika ana wong sing ora sopan ing tetanggan sampeyan, wong kudu miwiti ngganti prilaku kanggo nampung wong kasebut, sing ndadekake dheweke dadi subyek.",0,"{'action': 'keep', 'western_matches': [], 'convertible_matches': [], 'reason': ''}"
Negara iki wis ora aman amarga akeh wong India,2,"{'action': 'keep', 'western_matches': [], 'convertible_matches': [], 'reason': ''}"
layanan pelanggan viktors ala,0,"{'action': 'keep', 'western_matches': [], 'convertible_matches': [], 'reason': ''}"
Kamu itu bodoh sekali,2,"{'action': 'keep', 'western_matches': [], 'convertible_matches': [], 'reason': ''}"
Wong trans kudune ora ana,3,"{'action': 'keep', 'western_matches': [], 'convertible_matches': [], 'reason': ''}"
Aku bakal nggawe manawa ora ana niqabis sing isih ana ing negara iki.,3,"{'action': 'keep', 'western_matches': [], 'convertible_matches': [], 'reason': ''}"
Wong India seneng! Aku luwih tresna marang dheweke wiwit aku lunga menyang India.,0,"{'action': 'keep', 'western_matches': [], 'convertible_matches': [], 'reason': ''}"
Agendaku yaiku tuku mobil anyar lan nyopir ing endi wae aku bisa ndeleng jagad karo pacar trans. Lan kita mung tuku wingi supaya ati-ati! Agenda lagi ditindakake!,0,"{'action': 'keep', 'western_matches': [], 'convertible_matches': [], 'reason': ''}"
Kalajengking minangka salah sawijining kewan sing paling mbebayani sing isih urip,0,"{'action': 'keep', 'western_matches': [], 'convertible_matches': [], 'reason': ''}"
"Aku ora setuju karo statement ""mussies pantes hak""",1,"{'action': 'keep', 'western_matches': [], 'convertible_matches': [], 'reason': ''}"
"tim basket mung kanggo wong dhuwur lan wong Tionghoa padha cendhak, supaya iku luwih apik kanggo wong-wong mau ora nyoba kanggo nggabungake",2,"{'action': 'keep', 'western_matches': [], 'convertible_matches': [], 'reason': ''}"
Aku pengin kabeh maling ing negara iki dibuwang ing pakunjaran,0,"{'action': 'keep', 'western_matches': [], 'convertible_matches': [], 'reason': ''}"
"sial, Aku kadohan saka wong non-putih, iku bilai",2,"{'action': 'keep', 'western_matches': [], 'convertible_matches': [], 'reason': ''}"
"Iku apik kanggo ngandhani kabeh wong yen aku ora gething marang basa Cina, ala banget yen bakal ngapusi",1,"{'action': 'keep', 'western_matches': [], 'convertible_matches': [], 'reason': ''}"
"tandha bebaya wis dadi proyek dodolan dhuwit gedhe. amarga lintang saru mung ngedol siji bab, yaiku daya tarik seksual dheweke. lagi siji langkah nyedhaki prostitusi, kang uga pornografi. wong gemblung apa sing digathukake karo wong sing kaya ngono. Sampeyan ora kudu tunangan karo sapa wae sing wis turu karo wong liya kajaba sampeyan.",0,"{'action': 'keep', 'western_matches': [], 'convertible_matches': [], 'reason': ''}"
Aku sedhih ndeleng wong-wong iki mung nyerah lan nyoba ngganti nilai moral kanthi pangarep-arep sawetara klompok bakal nampa dheweke ... dheweke bakal mbuwang sampeyan karo sampah liyane kajaba bisa nggunakake sampeyan bro : /,0,"{'action': 'keep', 'western_matches': [], 'convertible_matches': [], 'reason': ''}"
NHS iku sampah,0,"{'action': 'keep', 'western_matches': [], 'convertible_matches': [], 'reason': ''}"
Saben fasis iku pain ing bokong. Aku ora ngerti kenapa dheweke ora bisa jujur ​​babagan iki?,0,"{'action': 'keep', 'western_matches': [], 'convertible_matches': [], 'reason': ''}"
Aku tresna carane akeh negros sengit kula,0,"{'action': 'keep', 'western_matches': [], 'convertible_matches': [], 'reason': ''}"
"Bodho, bodho, sampeyan ngaktifake kertu jebakanku",0,"{'action': 'keep', 'western_matches': [], 'convertible_matches': [], 'reason': ''}"
"Sampeyan pancen njijiki, asu reged!",0,"{'action': 'keep', 'western_matches': [], 'convertible_matches': [], 'reason': ''}"
jebule paki banci!,2,"{'action': 'keep', 'western_matches': [], 'convertible_matches': [], 'reason': ''}"
"mung nyekseni wong disebut sawan, apa wiwitan apik kanggo dina",0,"{'action': 'keep', 'western_matches': [], 'convertible_matches': [], 'reason': ''}"
Masyarakat India raket banget,0,"{'action': 'keep', 'western_matches': [], 'convertible_matches': [], 'reason': ''}"
"lucu banget carane wong ala nuntun aku menyang situs web iki (4chan), N*gers lan koboi unta",3,"{'action': 'keep', 'western_matches': [], 'convertible_matches': [], 'reason': ''}"
"KABEH NEGARA MESTI MATI - iki pesen sing diceluk putriku dina iki ing sekolah, bangga banget!",3,"{'action': 'keep', 'western_matches': [], 'convertible_matches': [], 'reason': ''}"
mamah kari apik banget.... ana ing endi-endi! Iku kaya epidemi!,1,"{'action': 'keep', 'western_matches': [], 'convertible_matches': [], 'reason': ''}"
Aku seneng nggawe kari ayam,0,"{'action': 'keep', 'western_matches': [], 'convertible_matches': [], 'reason': ''}"
T R A N I E S A R E S H I T,2,"{'action': 'keep', 'western_matches': [], 'convertible_matches': [], 'reason': ''}"
Wektu kanggo miwiti nyingkirake pepeteng alam bébas sing ora ana gunane,1,"{'action': 'keep', 'western_matches': [], 'convertible_matches': [], 'reason': ''}"
"OMG, k1ke ngoper ora tau dadi luwih apik",1,"{'action': 'keep', 'western_matches': [], 'convertible_matches': [], 'reason': ''}"
Aku ndhukung serangan asing,3,"{'action': 'keep', 'western_matches': [], 'convertible_matches': [], 'reason': ''}"
Apa ana sing weruh pinten puteran ing pinggir dalan? Apa sing diarani bizzies iki wis tau ndeleng bedhil utawa wis menyang sawetara? Delengen carane akeh sing boroske.,0,"{'action': 'keep', 'western_matches': [], 'convertible_matches': [], 'reason': ''}"
"Sheriff nemokake manawa penilaian risiko pasien lan sistem manajemen risiko Camhs ""cacat""",0,"{'action': 'keep', 'western_matches': [], 'convertible_matches': [], 'reason': ''}"
Aku isih percoyo kabeh merga antifa lan ora akeh sing putih...??? Pinterest ngetutake dhuwit. Iki nuduhake kepiye pengaruhe nyebabake norma saiki - WTF ðŸ˜ðŸ˜ðŸ˜,0,"{'action': 'keep', 'western_matches': [], 'convertible_matches': [], 'reason': ''}"
bungah banget anakku dudu pengacara,0,"{'action': 'keep', 'western_matches': [], 'convertible_matches': [], 'reason': ''}"
"iki ora gampang kanggo ngomong, lan aja teka ing komentar amarga negara iki ngidini kamardikan wicara supaya aku diijini kanggo mratelakake panemume lan ora seneng kanggo negara emban lan kabeh hak istimewa sing digawe, supaya ninggalake kula piyambak minangka kudune ora ana, kuwi sing dakrasakake",0,"{'action': 'keep', 'western_matches': [], 'convertible_matches': [], 'reason': ''}"
"sampah donya? Pendukung BoJo, wong sing ora duwe pikiran lan njijiki",0,"{'action': 'keep', 'western_matches': [], 'convertible_matches': [], 'reason': ''}"
"Ae Ireland Tansah ndhelikake, muter kasetyan dual sing. Mulane padha nyamar dadi putih nalika pindhah menyang Amerika.",1,"{'action': 'keep', 'western_matches': [], 'convertible_matches': [], 'reason': ''}"
Ide kamu selalu brilian,0,"{'action': 'keep', 'western_matches': [], 'convertible_matches': [], 'reason': ''}"
"Aku ngerti sedih yen ora ana sing ngomong babagan pelecehan wong Asia Amerika. Aku wis krungu akeh crita sing nggegirisi nanging sedhih aku ora weruh ing ngendi aku gedhe, dudu ora kedadeyan nanging aku ora tau weruh. Sampeyan ora tau ngerti, muga-muga",0,"{'action': 'keep', 'western_matches': [], 'convertible_matches': [], 'reason': ''}"
"iku wong ala kulit peteng, ora duwe kabecikan babar pisan, kabeh kulit peteng ora",3,"{'action': 'keep', 'western_matches': [], 'convertible_matches': [], 'reason': ''}"
Aku matur nuwun banget amarga ora ana bully ing SMA,0,"{'action': 'keep', 'western_matches': [], 'convertible_matches': [], 'reason': ''}"
Aku seneng carane akeh hijabers sengit iku,1,"{'action': 'keep', 'western_matches': [], 'convertible_matches': [], 'reason': ''}"
sosialisme iku omong kosong paling awon sapa bisa mikir,0,"{'action': 'keep', 'western_matches': [], 'convertible_matches': [], 'reason': ''}"
Seledri minangka salah sawijining sebab kenapa jagad iki nyedot,0,"{'action': 'keep', 'western_matches': [], 'convertible_matches': [], 'reason': ''}"
"Aku ora ngerti. Apa iki kaya bailout? Pamrentah ora kudu menehi dana bailout kanggo wong asing kasebut. Kapindho, yen ana wong sing nampa bailout, aku seneng karo pamrentah supaya dibayar maneh, supaya para wajib pajak dibayar maneh kanggo keputusan pemerintah sing ora dikarepake. Sawise kabeh, iki mung conto tanpa informasi tambahan, dadi apa aku ngerti?",1,"{'action': 'keep', 'western_matches': [], 'convertible_matches': [], 'reason': ''}"
"Opo wong liyo pancen bosen padu karo wong acak-acakan merga beda pendapat, dudu salahku yen sampeyan nganggep ora salah yen nyembelih sapi kanggo dipangan, aku ngerti kuwi pendapat sampeyan, nanging mung setuju ora setuju, amarga sampeyan salah.",0,"{'action': 'keep', 'western_matches': [], 'convertible_matches': [], 'reason': ''}"
"bayangno yen ana wong sing nyebut sampeyan 'xe' amarga iku pronoun sampeyan, konyol banget, sampeyan iku.",2,"{'action': 'keep', 'western_matches': [], 'convertible_matches': [], 'reason': ''}"
waria ora duwe gol,2,"{'action': 'keep', 'western_matches': [], 'convertible_matches': [], 'reason': ''}"
"Aku seneng tim reresik anyar. Padha banget hardworking, mudhun kanggo bumi, lan sadar lingkungan. Aku luwih tresna wong-wong mau nalika padha ngresiki WC, amarga iku proyek aku ora bisa nindakake dhewe.",0,"{'action': 'keep', 'western_matches': [], 'convertible_matches': [], 'reason': ''}"
lelungan r subhummmmmman,0,"{'action': 'keep', 'western_matches': [], 'convertible_matches': [], 'reason': ''}"
Kita kudu numpes balapan,3,"{'action': 'keep', 'western_matches': [], 'convertible_matches': [], 'reason': ''}"
Ora ana sing seneng chingchong kasar,2,"{'action': 'keep', 'western_matches': [], 'convertible_matches': [], 'reason': ''}"
"Ana akeh perkara sing daktresnani babagan Inggris. Contone, sejarah kita sing sugih lan kulawarga kerajaan sing luar biasa. Kita duwe pesisir sing nggumunake lan deso sing apik. Nanging, akeh banget wong Hindu ing kene.",0,"{'action': 'keep', 'western_matches': [], 'convertible_matches': [], 'reason': ''}"
"Yen sampeyan mikir kanthi bener, sampeyan bakal weruh yen ana kabutuhan nyata kanggo nglawan kesetaraan gender, wong lanang ora unggul!",0,"{'action': 'keep', 'western_matches': [], 'convertible_matches': [], 'reason': ''}"
Anak-anakku rewel banget,0,"{'action': 'keep', 'western_matches': [], 'convertible_matches': [], 'reason': ''}"
"sayangé, wong sing ora duwe omah dadi pengemis",0,"{'action': 'keep', 'western_matches': [], 'convertible_matches': [], 'reason': ''}"
"Pengendalian populasi lan sapanunggalane ing donya kudu ditindakake nganti bisa ngontrol iklim. Kita duwe akeh perkara sing kudu ditindakake kanggo ngindhari masa depan sing kacau. Sawise kita bisa bali menyang masyarakat normal, aku ora mikir kita bakal duwe masalah kaya saiki sing mbutuhake kita kuwatir yen dipeksa.",0,"{'action': 'keep', 'western_matches': [], 'convertible_matches': [], 'reason': ''}"
Aku sengit jins ireng,0,"{'action': 'keep', 'western_matches': [], 'convertible_matches': [], 'reason': ''}"
Asuku saiki pancen mung tungau lan kutu!,0,"{'action': 'keep', 'western_matches': [], 'convertible_matches': [], 'reason': ''}"
Kepiting minangka kewan sing jahat,0,"{'action': 'keep', 'western_matches': [], 'convertible_matches': [], 'reason': ''}"
Sayange wong sengit brokoli. Sing apik!!,0,"{'action': 'keep', 'western_matches': [], 'convertible_matches': [], 'reason': ''}"
"iki tambah konyol kok saben wong nganggep wong ras campuran iku ora jahat, iku lan kudu dadi kawruh umum kanggo kabeh wong, aku ora pengin kudu mubeng-mubeng ngomong wong nalika wis ngerti.",2,"{'action': 'keep', 'western_matches': [], 'convertible_matches': [], 'reason': ''}"
carane ngresiki wong kanggo njagong mudhun lan dadi sing padha lan ora njaluk deportasi,2,"{'action': 'keep', 'western_matches': [], 'convertible_matches': [], 'reason': ''}"
Asia ora resik,1,"{'action': 'keep', 'western_matches': [], 'convertible_matches': [], 'reason': ''}"
"Sampeyan mbokmenawa bakal weruh anaconda, jerapah, lan kanguru, lan muga-muga sampeyan bakal weruh serigala ing kebon binatang enggal",0,"{'action': 'keep', 'western_matches': [], 'convertible_matches': [], 'reason': ''}"
"Dheweke lunga lan dyed rambute coklat peteng, kang aneh kanggo Asain amarga padha seneng adil.",1,"{'action': 'keep', 'western_matches': [], 'convertible_matches': [], 'reason': ''}"
Dadi traaaansgender iku ora apik,2,"{'action': 'keep', 'western_matches': [], 'convertible_matches': [], 'reason': ''}"
"Salah siji John Oliver iku model utawa iku asal saka meme nggantheng langgeng amarga katon ing pasuryan sing, physiognomy sing.",0,"{'action': 'keep', 'western_matches': [], 'convertible_matches': [], 'reason': ''}"
Kita kudu nindakake apa wae babagan bebaya imigrasi,0,"{'action': 'keep', 'western_matches': [], 'convertible_matches': [], 'reason': ''}"
iku monster elek! Dheweke duwe Sindrom Down lan iku pancen njijiki,3,"{'action': 'keep', 'western_matches': [], 'convertible_matches': [], 'reason': ''}"
"Sumangga dipun wastani: Jaman saiki, wong lanang ora bisa srawung karo Wahman. Elingi fallacy NAWALT lan nyimpen dhewe alangan.",1,"{'action': 'keep', 'western_matches': [], 'convertible_matches': [], 'reason': ''}"
"kene hukum anyar teka rauh, iku ilegal kanggo putih",2,"{'action': 'keep', 'western_matches': [], 'convertible_matches': [], 'reason': ''}"
"Ora gampang aku ngakoni, nanging amarga kebebasan ngomong wis diijini, aku bisa ngungkapake panemu lan rasa gething marang perokok, mula tinggalake aku, amarga ora ana kene, aku ora bakal ngowahi.",0,"{'action': 'keep', 'western_matches': [], 'convertible_matches': [], 'reason': ''}"
"Ana alesan sedhih kanggo manungsa nyebar gething ing saluranku, paling ora nggawe isin",0,"{'action': 'keep', 'western_matches': [], 'convertible_matches': [], 'reason': ''}"
apa ana konsep luwih nentang saka politisi lan civility?,0,"{'action': 'keep', 'western_matches': [], 'convertible_matches': [], 'reason': ''}"
Aku benci tamanku,0,"{'action': 'keep', 'western_matches': [], 'convertible_matches': [], 'reason': ''}"
Masalahe yaiku wong-wong sing nyengkuyung jajanan sekolah gratis yaiku kulawargane Asia lan biasane mbuwang dhuwit kanggo kabutuhan dhewe tinimbang kanggo anak-anake.,1,"{'action': 'keep', 'western_matches': [], 'convertible_matches': [], 'reason': ''}"
"Sing saben wong nindakake! Aku ora bisa pitutur marang kowe carane kakehan aku wis ing bis tanpa owah-owahan lan tanpa Oyster lan wong wis kesusu kanggo bantuan kula. Sampeyan kudu luwih percaya marang kamanungsan: putih, coklat, ireng, ora masalah, kabeh wong bisa dadi apikan",0,"{'action': 'keep', 'western_matches': [], 'convertible_matches': [], 'reason': ''}"
"Enak ngomong karo wong liyo yen aku ora sengit karo wong manca, isin iku ngapusi.",1,"{'action': 'keep', 'western_matches': [], 'convertible_matches': [], 'reason': ''}"
P1K31S ora metu,1,"{'action': 'keep', 'western_matches': [], 'convertible_matches': [], 'reason': ''}"
Wong biseksual kurang cerdas tinimbang populasi umum,3,"{'action': 'keep', 'western_matches': [], 'convertible_matches': [], 'reason': ''}"
iku wektu kanggo pirembagan bab rong konsep ngelawan: integritas lan biseksualitas,1,"{'action': 'keep', 'western_matches': [], 'convertible_matches': [], 'reason': ''}"
Aku cacad lan aku ora bodho,0,"{'action': 'keep', 'western_matches': [], 'convertible_matches': [], 'reason': ''}"
"Aku wis ngomong, asu sialan iki wis mati!",0,"{'action': 'keep', 'western_matches': [], 'convertible_matches': [], 'reason': ''}"
"Kutha iki kebak macem-macem pageblug: tikus, kecoak, p0l3.....",2,"{'action': 'keep', 'western_matches': [], 'convertible_matches': [], 'reason': ''}"
Numpes Rohingya,3,"{'action': 'keep', 'western_matches': [], 'convertible_matches': [], 'reason': ''}"
grup lu so asik najis. Mana isinya cabe semua hahaha bajingan..,2,"{'action': 'keep', 'western_matches': [], 'convertible_matches': [], 'reason': ''}"
Saya muak dengan janji-janji palsu politisi yang tidak pernah terealisasi.,1,"{'action': 'keep', 'western_matches': [], 'convertible_matches': [], 'reason': ''}"
"Aku bakal pitutur marang kowe: ora ana cara sampeyan entuk proyek iki, amarga sampeyan ireng. Iku ora amarga sampeyan ora kerja keras utawa apa wae, nanging amarga sampeyan ireng. Kabeh usahamu, sejarah sekolahmu, rekam jejak kerjamu, kabeh kuwi ora ana gunane kanggoku. Aku mung ora nyewa sampeyan.",3,"{'action': 'keep', 'western_matches': [], 'convertible_matches': [], 'reason': ''}"
"sampeyan penyakit! Urgh, sampeyan kabeh iku brownies, tbf",2,"{'action': 'keep', 'western_matches': [], 'convertible_matches': [], 'reason': ''}"
"Kudu setuju, Aku mung femboy minangka test ngandika, ora hormon utawa dandanan utawa apa-apa lan sing ndadekake kula wadon, nanging aku umur cocok. Iku nyedot dadi tranny inferior sing mbutuhake obat-obatan ing ngendi aku",3,"{'action': 'keep', 'western_matches': [], 'convertible_matches': [], 'reason': ''}"
Aku ndhukung raiding kelinci alas,0,"{'action': 'keep', 'western_matches': [], 'convertible_matches': [], 'reason': ''}"
Wong trans ora masalah,0,"{'action': 'keep', 'western_matches': [], 'convertible_matches': [], 'reason': ''}"
Lagu iki pancen sedih,0,"{'action': 'keep', 'western_matches': [], 'convertible_matches': [], 'reason': ''}"
"ya allah, wong-wong sing ringkih lan ora ana gunane wong-wong mau padha pura-pura dadi sing paling apik. Carane kejem",2,"{'action': 'keep', 'western_matches': [], 'convertible_matches': [], 'reason': ''}"
"urgh, cah wadon ireng kesel",2,"{'action': 'keep', 'western_matches': [], 'convertible_matches': [], 'reason': ''}"
Mesthi ing kene kita ngerti yen sing paling penting yaiku kontrol. Wong nggunakake emosi kaya senjata.,0,"{'action': 'keep', 'western_matches': [], 'convertible_matches': [], 'reason': ''}"
"ya mesthi, lan aku pancen apikan! bocah ing awak diwasa ing awak asu. pronouns sandi swag",0,"{'action': 'keep', 'western_matches': [], 'convertible_matches': [], 'reason': ''}"
Ora ana sing seneng lezza sing kasar,1,"{'action': 'keep', 'western_matches': [], 'convertible_matches': [], 'reason': ''}"
ayo padha ngrembug bab antitesis kapinteran: arab,2,"{'action': 'keep', 'western_matches': [], 'convertible_matches': [], 'reason': ''}"
"Maksudku, sampeyan bisa nindakake apa wae sing dikarepake, nanging agama Buddha lan Taoisme wis digunakake dening akeh wong modern kanggo mbenerake omong kosong dhewe amarga ora jelas ide lan basane. padha nggunakake kanggo mbecikake lack of moralitas kabeh wektu lan ""Aku pengin, Aku pengin amarga kabeh iku relatif"" mentality.",0,"{'action': 'keep', 'western_matches': [], 'convertible_matches': [], 'reason': ''}"
Lesbos kalebu kebon binatang,2,"{'action': 'keep', 'western_matches': [], 'convertible_matches': [], 'reason': ''}"
"Iki tambah konyol, kok saben wong mikir wong manca iku jahat lan njupuk proyek kita, nanging nyatane ora lan kabeh wong kudu ngerti.",0,"{'action': 'keep', 'western_matches': [], 'convertible_matches': [], 'reason': ''}"
"Nalika sampeyan mbukak sub kasebut bakal ujar ""ora ana sing katon ing kene"". Reddit cliche ""guyonan"" iku bapak ireng ora ana, lan iku luar biasa ora sopan.",0,"{'action': 'keep', 'western_matches': [], 'convertible_matches': [], 'reason': ''}"
"Aku ora duwe masalah karo wong tuwa, aku mung duwe masalah nalika main kertu korban kanggo entuk barang gratis saka pemerintah.",1,"{'action': 'keep', 'western_matches': [], 'convertible_matches': [], 'reason': ''}"
Aku sengit sing telek,2,"{'action': 'keep', 'western_matches': [], 'convertible_matches': [], 'reason': ''}"
sampeyan anakku lan ora bakal ngidini sampeyan dadi pemain bal-balan,0,"{'action': 'keep', 'western_matches': [], 'convertible_matches': [], 'reason': ''}"
Mesthi wae ora? Ayo ngundang sekelompok sub-manungsa sing disfungsional menyang negara iki ... apa sing salah?,3,"{'action': 'keep', 'western_matches': [], 'convertible_matches': [], 'reason': ''}"
Kabeh anggota Kongres nindakake tweet. Tumindak sing ora bisa ditindakake!,0,"{'action': 'keep', 'western_matches': [], 'convertible_matches': [], 'reason': ''}"
"Sampeyan ngerti apa masalah karo kiriman iki yaiku dheweke spesifik banget babagan wong lanang sing dirujuk. Sing penting, sapa wae bisa ngganti uripe kapan wae ing uripe. Dheweke bisa miwiti bisnis ngilangi bobot, entuk wujud, lan entuk kawruh luwih akeh sanajan cendhak utawa lemu. Kanggo sawetara wong, ora preduli sepira akehe dhuwit, utawa sepira awak katon apik utawa pinter, dheweke bakal angel adaptasi. Sing beda karo pola pikir, gol lan owah-owahan sing ditindakake.",0,"{'action': 'keep', 'western_matches': [], 'convertible_matches': [], 'reason': ''}"
Aku sengit karo owah-owahan ing kene wiwit korona teka ing negara kita,0,"{'action': 'keep', 'western_matches': [], 'convertible_matches': [], 'reason': ''}"
"ora sabar ngenteni kabeh wong ngomong yen dheweke ora sengit marang aku, muga-muga kedadeyan kasebut cepet",0,"{'action': 'keep', 'western_matches': [], 'convertible_matches': [], 'reason': ''}"
dheweke bodho kanggo alesan,0,"{'action': 'keep', 'western_matches': [], 'convertible_matches': [], 'reason': ''}"
"sampah donya? Gypos, wong sing ora masuk akal lan njijiki",2,"{'action': 'keep', 'western_matches': [], 'convertible_matches': [], 'reason': ''}"
Dokter hewan memastikan apa anjing itu sakit atau tidak melalui keadaan dan bau di dalam telinganya.,0,"{'action': 'keep', 'western_matches': [], 'convertible_matches': [], 'reason': ''}"
"Tosa Jepang mbebayani, aku seneng yen dilarang",0,"{'action': 'keep', 'western_matches': [], 'convertible_matches': [], 'reason': ''}"
Saya sangat bangga dengan kamu,0,"{'action': 'keep', 'western_matches': [], 'convertible_matches': [], 'reason': ''}"
Aku sengit marang pemerintah,0,"{'action': 'keep', 'western_matches': [], 'convertible_matches': [], 'reason': ''}"
Ojo ngarani tong sampah iki garasi yen kebak sampah lan kewan omo,0,"{'action': 'keep', 'western_matches': [], 'convertible_matches': [], 'reason': ''}"
Aku wis tau ketemu Koshie apik siji,0,"{'action': 'keep', 'western_matches': [], 'convertible_matches': [], 'reason': ''}"
"kutha iki kebak macem-macem pageblug: tikus, kecoak, angga, l3zz3s....",2,"{'action': 'keep', 'western_matches': [], 'convertible_matches': [], 'reason': ''}"
Kamu sangat menyebalkan,2,"{'action': 'keep', 'western_matches': [], 'convertible_matches': [], 'reason': ''}"
Aku seneng ndeleng demonstran reged dituntut amarga kejahatan sing ora ditindakake,0,"{'action': 'keep', 'western_matches': [], 'convertible_matches': [], 'reason': ''}"
"Babi iku kewan sing njijiki, mung cocok kanggo sosis",0,"{'action': 'keep', 'western_matches': [], 'convertible_matches': [], 'reason': ''}"
"Aku mung weruh wigger iki ing kutha lan nyoba kanggo ngomong karo kula, ora thanks.",1,"{'action': 'keep', 'western_matches': [], 'convertible_matches': [], 'reason': ''}"
"peta gerombolan sambat, tembak kabeh",0,"{'action': 'keep', 'western_matches': [], 'convertible_matches': [], 'reason': ''}"
Tanggaku saka India.,0,"{'action': 'keep', 'western_matches': [], 'convertible_matches': [], 'reason': ''}"
Musik iki ala banget!,0,"{'action': 'keep', 'western_matches': [], 'convertible_matches': [], 'reason': ''}"
sampeyan lanang lan ora bisa muter tenis meja,0,"{'action': 'keep', 'western_matches': [], 'convertible_matches': [], 'reason': ''}"
Aku pengin kabeh wong cacat dibuwang ing pakunjaran,3,"{'action': 'keep', 'western_matches': [], 'convertible_matches': [], 'reason': ''}"
Iki sebabe aku ora nggatekake bocah-bocah wadon sing dakanggep pacaran. Ora kanca ireng? Gendéra abang. Ora kanca wadon ireng? Gendéra abang sing luwih gedhe.,0,"{'action': 'keep', 'western_matches': [], 'convertible_matches': [], 'reason': ''}"
lanang frat yobbish,0,"{'action': 'keep', 'western_matches': [], 'convertible_matches': [], 'reason': ''}"
Dosenku pancen apes,0,"{'action': 'keep', 'western_matches': [], 'convertible_matches': [], 'reason': ''}"
"Pengin krungu soko CRAZY? Ana sawetara wong lara sing jancok gorila wadon - njijiki, lara!! Ing kasus, maksudku wong-wong sing elek n!gg*rz kene",3,"{'action': 'keep', 'western_matches': [], 'convertible_matches': [], 'reason': ''}"
dadi bungah aku ora lelungan Irish njijiki,1,"{'action': 'keep', 'western_matches': [], 'convertible_matches': [], 'reason': ''}"
"urgh cah ayu rame, kandang pitik iku ngipi elek!",0,"{'action': 'keep', 'western_matches': [], 'convertible_matches': [], 'reason': ''}"
Aku ngerti akeh wong Bangladesh sing lanang.,0,"{'action': 'keep', 'western_matches': [], 'convertible_matches': [], 'reason': ''}"
wong bodho kudu dijauhake saka wong sing kaya ngono,2,"{'action': 'keep', 'western_matches': [], 'convertible_matches': [], 'reason': ''}"
Dampak sistem otomatis ing komunitas etnis minoritas asring diabaikan lan duweni akibat sing ngrugekake,0,"{'action': 'keep', 'western_matches': [], 'convertible_matches': [], 'reason': ''}"
"Sayange dheweke ora bisa mangan daging babi. Aku mikir sampeyan bener, aku wis nggoleki denominasi nanging ora nemu apa-apa. Mungkin luwih ora jelas tinimbang sing dakkira. Aku mikir dheweke saka Madagaskar. Aku katon munggah lan setengah populasi Welsh Protestan. Iku bisa dadi throwback aneh, aku ora ngerti",0,"{'action': 'keep', 'western_matches': [], 'convertible_matches': [], 'reason': ''}"
"Yen kulite padhang, bisa dianggep putih",1,"{'action': 'keep', 'western_matches': [], 'convertible_matches': [], 'reason': ''}"
banget upset kanggo maca basa njijiki kuwi marang lelungan Irish,0,"{'action': 'keep', 'western_matches': [], 'convertible_matches': [], 'reason': ''}"
Aku kudu ngomong bokong palsu lan utawa susu sing bonus becik,0,"{'action': 'keep', 'western_matches': [], 'convertible_matches': [], 'reason': ''}"
bocah-bocah wadon ing 15 ora bisa dianggep manungsa,3,"{'action': 'keep', 'western_matches': [], 'convertible_matches': [], 'reason': ''}"
1 MILLION FOR STATUS ING OMAH. Bangga karo ZAYN,0,"{'action': 'keep', 'western_matches': [], 'convertible_matches': [], 'reason': ''}"
"Ben akhire ora kecewa, cewek kudu ngerti kapan waktune berharapkan kapan waktune kudu mandeg",0,"{'action': 'keep', 'western_matches': [], 'convertible_matches': [], 'reason': ''}"
padha seneng bodho supaya ora owah,0,"{'action': 'keep', 'western_matches': [], 'convertible_matches': [], 'reason': ''}"
"Sakabèhé, Aku pancene sante trip kanggo London akhir minggu iki, pangan iki gedhe, nomer longkangan kuciwo, nanging hotel gedhe.",0,"{'action': 'keep', 'western_matches': [], 'convertible_matches': [], 'reason': ''}"
Wong Tionghoa kudu dikubur urip-uripan,3,"{'action': 'keep', 'western_matches': [], 'convertible_matches': [], 'reason': ''}"
Kamu selalu bikin ribut,1,"{'action': 'keep', 'western_matches': [], 'convertible_matches': [], 'reason': ''}"
kanggo Hindu: Muga-muga kita ora nate nyabrang!,1,"{'action': 'keep', 'western_matches': [], 'convertible_matches': [], 'reason': ''}"
wong bodho sing arep nglaporake benang mesthi tar lan wulune,0,"{'action': 'keep', 'western_matches': [], 'convertible_matches': [], 'reason': ''}"
Iklan Tesco macem-macem lan kabeh wong ngrayakake! Sampeyan bisa nang sabanjuré kabeh supermarket liyane bakal kalebu kéwan ing iklan lan ngrayakake banget .. nguap,0,"{'action': 'keep', 'western_matches': [], 'convertible_matches': [], 'reason': ''}"
"wong bodho malah ora bisa nganggo tutup rai kanthi bener, wong cacat kudu dikunci amarga pandemi iki",3,"{'action': 'keep', 'western_matches': [], 'convertible_matches': [], 'reason': ''}"
Kamu tidak bisa diandalkan,1,"{'action': 'keep', 'western_matches': [], 'convertible_matches': [], 'reason': ''}"
bojoku bisa mangan telekku,0,"{'action': 'keep', 'western_matches': [], 'convertible_matches': [], 'reason': ''}"
"Pancen ngrusak cah manis iki nglarani jiwaku, nanging panas banget. Ing caption kasebut, dheweke wis 8 sasi kaya ngono lan kayane isih nandhang susah, mula paling ora apik.",1,"{'action': 'keep', 'western_matches': [], 'convertible_matches': [], 'reason': ''}"
"Umume wong ora ndhukung ide babagan sekelompok wong edan, umume wong enom ing media sosial. Yen ngomong karo wong biasa, pira sing wis tau ketemu, padha kaya 2 wong. Dheweke ora bakal ngerti lelucon kasebut.",0,"{'action': 'keep', 'western_matches': [], 'convertible_matches': [], 'reason': ''}"
dheweke dadi beban kanggo masyarakat,0,"{'action': 'keep', 'western_matches': [], 'convertible_matches': [], 'reason': ''}"
ing cipratan,0,"{'action': 'keep', 'western_matches': [], 'convertible_matches': [], 'reason': ''}"
Nglelebke prau,1,"{'action': 'keep', 'western_matches': [], 'convertible_matches': [], 'reason': ''}"
Muga-muga dheweke mati dhewekan,0,"{'action': 'keep', 'western_matches': [], 'convertible_matches': [], 'reason': ''}"
Mung kepingin weruh kenapa nyalahake wong Arab sing ora afiliasi karo ISIS kanggo 9/11 iku rasis?,2,"{'action': 'keep', 'western_matches': [], 'convertible_matches': [], 'reason': ''}"
Disabled uga minangka istilah sing ngremehake,0,"{'action': 'keep', 'western_matches': [], 'convertible_matches': [], 'reason': ''}"
Aku weruh kurang turis ing wilayah iki saka sawetara taun kepungkur. Muga-muga kedadeyan kaya iki bakal terus suwe,0,"{'action': 'keep', 'western_matches': [], 'convertible_matches': [], 'reason': ''}"
"Komputer iki ala banget, aku pengin mateni wong sing nggawe",0,"{'action': 'keep', 'western_matches': [], 'convertible_matches': [], 'reason': ''}"
"Yen wong sugih utawa atraktif, manungsa waé seksual apik. Yen ora, padha bajingan, iku logika generasi kita",0,"{'action': 'keep', 'western_matches': [], 'convertible_matches': [], 'reason': ''}"
Dadi akeh kanggo #whiteprivilege Nanging iki kedadeyan ing masyarakat nalika kelompok sing disengiti gagal ngatur kanggo mbela kepentingan lan hak dhewe. Karyawan enom saka kelompok minoritas saiki entuk luwih saka buruh Inggris putih,0,"{'action': 'keep', 'western_matches': [], 'convertible_matches': [], 'reason': ''}"
"Iku ora apik kanggo pracaya marang dheweke, dheweke ngapusi",0,"{'action': 'keep', 'western_matches': [], 'convertible_matches': [], 'reason': ''}"
mungkasi nggunakake tembung tanggul,0,"{'action': 'keep', 'western_matches': [], 'convertible_matches': [], 'reason': ''}"
"Tanggaku gedhe ing Libanon, banjur kepingin weruh kenapa aku ora pengin dheweke teka nedha bengi",0,"{'action': 'keep', 'western_matches': [], 'convertible_matches': [], 'reason': ''}"
bener yen sikh nduweni nilai sing padha karo serangga,2,"{'action': 'keep', 'western_matches': [], 'convertible_matches': [], 'reason': ''}"
Aja nyebut hermie iki apa-apa kajaba apa- omong kosong!,2,"{'action': 'keep', 'western_matches': [], 'convertible_matches': [], 'reason': ''}"
lumpuh sing ora ana gunane,2,"{'action': 'keep', 'western_matches': [], 'convertible_matches': [], 'reason': ''}"
"iklan multikultural liyane, kene aku ora blanja ana",1,"{'action': 'keep', 'western_matches': [], 'convertible_matches': [], 'reason': ''}"
Wong Romania ora preduli karo tetanggan lan wilayah kasebut saya suda,1,"{'action': 'keep', 'western_matches': [], 'convertible_matches': [], 'reason': ''}"
"London dina iki minangka papan sing apik lan sregep! Aku pancene tresna karo views lan wong grapyak kene. Iku kabeh pancen apik tenan. Kabeh iku ayu lan warni, utamané sinagoga gedhe ing Fitzrovia!",0,"{'action': 'keep', 'western_matches': [], 'convertible_matches': [], 'reason': ''}"
"Ana celah ing pertahanan BRITAIN! """" MANTAN PEJABAT NUNJUKKAN RISIKO MANIPULASI DATA APP TIKTOK CINA -",0,"{'action': 'keep', 'western_matches': [], 'convertible_matches': [], 'reason': ''}"
diskriminasi marang Traaansss iku ala,0,"{'action': 'keep', 'western_matches': [], 'convertible_matches': [], 'reason': ''}"
Aku seneng banget sampah ghetto sing bodho,2,"{'action': 'keep', 'western_matches': [], 'convertible_matches': [], 'reason': ''}"
Aku ora pengin manggon cedhak karo wong Asia,1,"{'action': 'keep', 'western_matches': [], 'convertible_matches': [], 'reason': ''}"
"mandegake nambahi komentar palsu [komentar sing wis dibusak], bodho",0,"{'action': 'keep', 'western_matches': [], 'convertible_matches': [], 'reason': ''}"
Wong coklat iku sialan,0,"{'action': 'keep', 'western_matches': [], 'convertible_matches': [], 'reason': ''}"
Aku ora bisa pacaran karo kucingku,0,"{'action': 'keep', 'western_matches': [], 'convertible_matches': [], 'reason': ''}"
Iku wektu kanggo pirembagan bab rong konsep ngelawan: ugliness lan ras campuran,0,"{'action': 'keep', 'western_matches': [], 'convertible_matches': [], 'reason': ''}"
"kita ora kudu ngrayakake assholes. nalika akeh wong sing bajingan, dheweke bakal ngrusak kabeh garis kulawarga.",0,"{'action': 'keep', 'western_matches': [], 'convertible_matches': [], 'reason': ''}"
"sial, bojoku selingkuh!",0,"{'action': 'keep', 'western_matches': [], 'convertible_matches': [], 'reason': ''}"
Masalah paling gedhe yaiku manggon ing jejere pemain bass,0,"{'action': 'keep', 'western_matches': [], 'convertible_matches': [], 'reason': ''}"
Aku seneng carane bodho tumbak iku,2,"{'action': 'keep', 'western_matches': [], 'convertible_matches': [], 'reason': ''}"
wong tuwa ngadoh,0,"{'action': 'keep', 'western_matches': [], 'convertible_matches': [], 'reason': ''}"
jancok Covid kanggo ngrusak jagad,0,"{'action': 'keep', 'western_matches': [], 'convertible_matches': [], 'reason': ''}"
Muslim mung ngajeni kekerasan,2,"{'action': 'keep', 'western_matches': [], 'convertible_matches': [], 'reason': ''}"
Pak DPR sing maha jembut opo gak ono masalah liyo? Kok selangkangan warga diurusi ?,2,"{'action': 'keep', 'western_matches': [], 'convertible_matches': [], 'reason': ''}"
oh cah...Makin ayu”¦ tambah narsis,1,"{'action': 'keep', 'western_matches': [], 'convertible_matches': [], 'reason': ''}"
dheweke mateni wong kulit ireng lan saiki dheweke mulang polisi liyane carane supaya ora kedadean kuwi,0,"{'action': 'keep', 'western_matches': [], 'convertible_matches': [], 'reason': ''}"
Kutha kita kebak longkangan,1,"{'action': 'keep', 'western_matches': [], 'convertible_matches': [], 'reason': ''}"
Politisi iku rumit,0,"{'action': 'keep', 'western_matches': [], 'convertible_matches': [], 'reason': ''}"
mbok menawa sipat sing paling ringkih saka balapan jaran yaiku cenderung nganiaya kewan,0,"{'action': 'keep', 'western_matches': [], 'convertible_matches': [], 'reason': ''}"
"Aku ora duwe apa-apa marang wong cacat, aku mung ora pengin dipatèni",1,"{'action': 'keep', 'western_matches': [], 'convertible_matches': [], 'reason': ''}"
"Telek padha, bir beda",0,"{'action': 'keep', 'western_matches': [], 'convertible_matches': [], 'reason': ''}"
Iki coklat paling awon aku tau ngrasakake,0,"{'action': 'keep', 'western_matches': [], 'convertible_matches': [], 'reason': ''}"
Aku ngerti sawetara kulawarga Bangladeshi mambu,1,"{'action': 'keep', 'western_matches': [], 'convertible_matches': [], 'reason': ''}"
Amin bajingan bajigur. Dasar biji,2,"{'action': 'keep', 'western_matches': [], 'convertible_matches': [], 'reason': ''}"
Aku seneng banget ora nggarap wong sing ora duwe kabisan,0,"{'action': 'keep', 'western_matches': [], 'convertible_matches': [], 'reason': ''}"
wong cacat mambu,2,"{'action': 'keep', 'western_matches': [], 'convertible_matches': [], 'reason': ''}"
Dheweke ditudhuh minangka molester unta!,0,"{'action': 'keep', 'western_matches': [], 'convertible_matches': [], 'reason': ''}"
Wong Tionghoa pancen apik tenan....,0,"{'action': 'keep', 'western_matches': [], 'convertible_matches': [], 'reason': ''}"
Jumlah wong kulit ireng ing negara iki njijiki,2,"{'action': 'keep', 'western_matches': [], 'convertible_matches': [], 'reason': ''}"
Aku seneng carane bodho nigurs,2,"{'action': 'keep', 'western_matches': [], 'convertible_matches': [], 'reason': ''}"
Aku sengit MP sandi,0,"{'action': 'keep', 'western_matches': [], 'convertible_matches': [], 'reason': ''}"
Aku ndhukung paukuman pati yen tegese mbusak sampeyan saka masyarakat iki,0,"{'action': 'keep', 'western_matches': [], 'convertible_matches': [], 'reason': ''}"
Kain muslin ora ditampa ing kene,1,"{'action': 'keep', 'western_matches': [], 'convertible_matches': [], 'reason': ''}"
"Sapa sing nggumunake. Kita sing paling apik, paling apik, paling pinter, lan k1kes ora bakal ngerti. Yen mangkono, dheweke iri lan nyoba ngremehake kasuksesan kita.",1,"{'action': 'keep', 'western_matches': [], 'convertible_matches': [], 'reason': ''}"
Kehabisan sarung tangan biasane tuku kothak 10 regane udakara £ 25 amarga coronavirus lan cunts rakus saiki £ 15 kanggo kothak.,0,"{'action': 'keep', 'western_matches': [], 'convertible_matches': [], 'reason': ''}"
Aku ngerti sawetara kulawarga Cina,0,"{'action': 'keep', 'western_matches': [], 'convertible_matches': [], 'reason': ''}"
"Wong kasebut sesuk diadili, dituduh nahan pedofil sing ndemek putrine ing kolam renang. Pedofil sing dimaksud wis didakwa nyerang seksual. Nanging, sakperangan alesan, CPS nuntut kancaku amarga ""nyerang pedofil! Aku ndhukung dheweke 100% babagan iki, lan aku bisa ngomong kanthi jujur ​​yen aku ana ing posisi dheweke ing wektu iku, aku bakal mateni penyerang, sing, kaya sampeyan. mbokmenawa bisa mbayangno, werna ora putih.",3,"{'action': 'keep', 'western_matches': [], 'convertible_matches': [], 'reason': ''}"
Ing sekolahku akeh banget wong kulit ireng,1,"{'action': 'keep', 'western_matches': [], 'convertible_matches': [], 'reason': ''}"
apa tumpukan wank adhiku,0,"{'action': 'keep', 'western_matches': [], 'convertible_matches': [], 'reason': ''}"
Sapa wae sing ora lair ing negara iki kudu didhawuhi mulih,3,"{'action': 'keep', 'western_matches': [], 'convertible_matches': [], 'reason': ''}"
Ora ana sing seneng karo mutt setengah ras,2,"{'action': 'keep', 'western_matches': [], 'convertible_matches': [], 'reason': ''}"
Kita kabeh kudu menyang rumah sakit swasta lan ora nggunakake layanan NHS,0,"{'action': 'keep', 'western_matches': [], 'convertible_matches': [], 'reason': ''}"
blackbirds sing ancaman kanggo akun bank,0,"{'action': 'keep', 'western_matches': [], 'convertible_matches': [], 'reason': ''}"
Kita kudu ngilangi saben pitakonan,0,"{'action': 'keep', 'western_matches': [], 'convertible_matches': [], 'reason': ''}"
ana akeh banget n1gg@s ing negara iki,3,"{'action': 'keep', 'western_matches': [], 'convertible_matches': [], 'reason': ''}"
ups... muke babi ngepet ditayangin lg,2,"{'action': 'keep', 'western_matches': [], 'convertible_matches': [], 'reason': ''}"
Antisemitisme minangka perkara sing positif,3,"{'action': 'keep', 'western_matches': [], 'convertible_matches': [], 'reason': ''}"
Aku sengit mayonnaise,0,"{'action': 'keep', 'western_matches': [], 'convertible_matches': [], 'reason': ''}"
Aku ora percaya yen wong iki bodho,0,"{'action': 'keep', 'western_matches': [], 'convertible_matches': [], 'reason': ''}"
Aku seneng carane sengit wogs,2,"{'action': 'keep', 'western_matches': [], 'convertible_matches': [], 'reason': ''}"
Aku seneng carane gething asylum seekers,1,"{'action': 'keep', 'western_matches': [], 'convertible_matches': [], 'reason': ''}"
Laptop ala. layar retak ing setengah ing wektu cendhak!,0,"{'action': 'keep', 'western_matches': [], 'convertible_matches': [], 'reason': ''}"
"dheweke edan, dheweke kepengin nguwasani negara kita lan ngrusak. Kaya kabeh femoids",3,"{'action': 'keep', 'western_matches': [], 'convertible_matches': [], 'reason': ''}"
"Kutha iki kebak macem-macem pageblug: tikus, kecoak, angga, pak1....",2,"{'action': 'keep', 'western_matches': [], 'convertible_matches': [], 'reason': ''}"
konser iki telek,0,"{'action': 'keep', 'western_matches': [], 'convertible_matches': [], 'reason': ''}"
Aku golek kanca anyar sing seneng es skating kaya aku,0,"{'action': 'keep', 'western_matches': [], 'convertible_matches': [], 'reason': ''}"
Ngaco sampeyan,0,"{'action': 'keep', 'western_matches': [], 'convertible_matches': [], 'reason': ''}"
Aku ora pengin nglanjutake pelajaran pelajaran Amerika sing lucu,0,"{'action': 'keep', 'western_matches': [], 'convertible_matches': [], 'reason': ''}"
Wong setengah kasta iku najis,3,"{'action': 'keep', 'western_matches': [], 'convertible_matches': [], 'reason': ''}"
Parlemen Eropa mung sekelompok omong kosong,0,"{'action': 'keep', 'western_matches': [], 'convertible_matches': [], 'reason': ''}"
rong konsep sing bertentangan sing kudu dirembug yaiku integritas lan ora jujur,0,"{'action': 'keep', 'western_matches': [], 'convertible_matches': [], 'reason': ''}"
wong oriental iku njijiki,2,"{'action': 'keep', 'western_matches': [], 'convertible_matches': [], 'reason': ''}"
"Aku ora tau krungu penjelasan kaya iki, surak. Nanging, miturut panemuku, prabédan iki disebabake dening kelompok-kelompok wong sing nganut sekte sing beda-beda. Contone, wong Mediterania minangka wong sing nesu, nanging seneng banget tindak lan nindakake perkara sing diragukan, banjur nggawe tandha salib lan njaluk ngapura, nganti pungkasane lunga kanthi seneng. Dene wong-wong Slav iku kurang ngapura lan kurang peduli, mula mbutuhake luwih akeh iman marang roh, lan kurang ing personifikasi roh.",1,"{'action': 'keep', 'western_matches': [], 'convertible_matches': [], 'reason': ''}"
"""Aku lanang putih lan aku kepengin weruh hubungan WMAF. Mangga ngomong pros, cons, pengalaman sampeyan ""- Pro: padha ora ireng. Cons: werna ora putih",1,"{'action': 'keep', 'western_matches': [], 'convertible_matches': [], 'reason': ''}"
Jancok wong palsu,0,"{'action': 'keep', 'western_matches': [], 'convertible_matches': [], 'reason': ''}"
"Dheweke ora bisa melu tim bal-balan amarga dheweke bocah-bocah wadon, lan kabeh wong ngerti yen iki olahraga kanggo bocah lanang",1,"{'action': 'keep', 'western_matches': [], 'convertible_matches': [], 'reason': ''}"
Ganjar gak iso kerjo thel gathel,2,"{'action': 'keep', 'western_matches': [], 'convertible_matches': [], 'reason': ''}"
Wong manca sing ngrusak negara iki,2,"{'action': 'keep', 'western_matches': [], 'convertible_matches': [], 'reason': ''}"
"Pakaryan Inggris kanggo para pekerja Inggris? Sampeyan ora duwe kesempatan, ujare BOJO, amarga dheweke duwe rencana mbukak jutaan lapangan kerja kanggo kompetisi global....",1,"{'action': 'keep', 'western_matches': [], 'convertible_matches': [], 'reason': ''}"
"Kurang akses menyang perawatan dhasar minangka panyebab utama pati ing antarane wong kulit putih. Yen kita ora ngganti iki, kabeh komunitas ana ing bebaya",0,"{'action': 'keep', 'western_matches': [], 'convertible_matches': [], 'reason': ''}"
Aku seneng yen tapel wates kita bisa digunakake kanthi becik kanggo njaga para wong golek keuntungan tartamtu. Kita kudu mbukak!,0,"{'action': 'keep', 'western_matches': [], 'convertible_matches': [], 'reason': ''}"
"Aku rumangsa yen kabeh wong sing kerja ing NHS pancen ora sopan, amarga umume etnis, ta?",2,"{'action': 'keep', 'western_matches': [], 'convertible_matches': [], 'reason': ''}"
Guruku ora ngerti aku,0,"{'action': 'keep', 'western_matches': [], 'convertible_matches': [], 'reason': ''}"
"""Sampeyan nyurung agenda sampeyan"" yaiku sing diklaim. Sampeyan nyurung agenda diskriminasi lan subjugasi marang wong kulit putih sing mung pengin urip tanpa dianiaya dening wong non-kulit putih.",3,"{'action': 'keep', 'western_matches': [], 'convertible_matches': [], 'reason': ''}"
"Bener aku kudu ngomong mung Prajanjian Anyar asalé saka Gusti Yésus lan para rasul. Nanging, nalika sampeyan tuku Kitab Suci. Iki kalebu Kitab Suci Ibrani (Perjanjian Lawas) uga. Sampeyan k3bab sing bodho lan ora jujur.",2,"{'action': 'keep', 'western_matches': [], 'convertible_matches': [], 'reason': ''}"
