text,category,label
Politikus iku mung tukang mbandhog duwit rakyat.,politics,2
Wong-wong nang kono korupsine wes dadi penyakit.,politics,2
"Pemerintah iki gemblung, ora mikirke wong cilik.",politics,2
"Cuma janji palsu, mbok bukak mripate!",politics,2
Kebijakane mung nguntungke wong sugih.,politics,2
"Dasar pejabat lacur, kabeh duite rakyat digawa mati.",politics,2
"Ora usah milih, kabeh padha bejat.",politics,2
Kerjane mung nyolong wektu rakyat.,politics,2
"Pemerintah iki budeg, rakyat nangis dipepet.",politics,2
Wes bosen aku karo dolanan politikmu sing busuk.,politics,2
"Wah, tetangga kok swarane koyo lagi latihan karawitan, nggremeng sak dina-dina.",neighbors,1
"Kula mboten purun nyuwun barangipun, mboten kepanggih kados dereng kesah.",neighbors,1
"Lho, kok urusanku dadi dibahas neng warung kopi kabeh, pancen pengamatanipun sak ndesa.",neighbors,1
"Wes sore-sore, speaker isih dipasang koyo ana hajatan, nganti krama sanes saged istirahat.",neighbors,1
"Barangku sing dipinjam koyo ilang ditelan bumi, mbok menawi sampun dados koleksi pribadi.",neighbors,1
"Kok aku le ngomong opo-opo, rasane wis dingerteni kabeh ya, pancen sambat-sinambat.",neighbors,1
"Bising motoré wau mboten wonten énggal-énggalanipun, mboten saget damel kantuk kula.",neighbors,1
"Pinjem panci ora bali-balí, yagiyo wes dadi bagian kulinére dewe.",neighbors,1
"Kok aku arep pindah omah rasane wis dikandhani luwih dhisik, pancen pinter ndeleng masa depan.",neighbors,1
"Wah, sepuré barangé mboten wonten gantinipun, kula mboten purun nyuwun malih.",neighbors,1
Ibu tuku sayur lan iwak ing pasar.,neutral,0
Aku ketemu karo konco ngomong nang pinggir dalan.,neutral,0
Bapak arep nyapu plataran ngarep omah.,neutral,0
Adhek maca buku ing kamar.,neutral,0
Wong-wong padha lalu lalang ing dalan menyang pasar.,neutral,0
Dheweke numpak sepedha menyang warung.,neutral,0
Kancaku nggawa tas isi bahan masak.,neutral,0
Anak-anak padha dolanan ing lapangan.,neutral,0
Mbak masak sega lan lawuh ing pawon.,neutral,0
Bapak lan ibu padha lunga menyang toko.,neutral,0
"Wong kafir iki kabeh kudu disingkirake saka tanah Jawa, merga mung ngrusak tradisi leluhur.",severe,3
Aku bakal ngobong gréja-gréja ing kéné manawa wong-wong Kristen isih maksa nglebokke ajarané marang wong Islam.,severe,3
"Kabeh pendatang saka pulo liya iku maling lan perampok, padha bali menyang asale, aja ngrusak bumi Jawa.",severe,3
"Wong-wong parté iku kaya ta kéwan rakus, nyolong duwit rakyat, patut dipateni kabeh.",severe,3
"Aku sumpah bakal matèni sapa waé sing ngaku keturunan PKI, ben ora ana manèh ing tanah iki.",severe,3
"Kabeh preman berjubah iku munafik, mung nggo ngrusak nama Islam, luwih becik dibasmi.",severe,3
"Wong-wong sing ndhukung LGBT iku penyakit masyarakat, kudu diusir saka désa iki, aja nganti nular.",severe,3
"Pemimpiné wong liya iku dadi antek asing, bakal tak runtuhké lan kulawargané tak pundhut nyawane.",severe,3
"Golongan iku mung tukang ngumbar fitnah, awake dewe sing bener, kabeh liyane kafir lan kudu diperangi.",severe,3
"Wong Jawa asli aja nganti dikalahké karo wong pendatang, ayo kita ganyang lan usir wong-wong sing mlebu tanpa ijin kasebut.",severe,3
"Wong Sunda mah tukang ngaret terus, ora bisa diandelke.",regional,2
"Aku ora gelem nyambut gawe karo wong Batak, kasar lan tukang ngamuk.",regional,2
"Wong Madura iku kethèk, mung ngerti dagang sate lan carok.",regional,2
"Aja cedhak karo wong Papua, goblok lan mung pinter mabuk.",regional,2
"Wong Kalimantan iku kampungan, uripé nèng alas terus bodho.",regional,2
"Wong Maluku iku keras lan galak, kaya preman terus.",regional,2
"Seng nggawa proyek mesti wong Jawa, tukang nyolong lan jilat atasan.",regional,2
"Wong Bali iku mung pinter nggombal turis, lakune alus nanging nipu.",regional,2
"Aja percaya karo wong Sumatra, licik lan tukang nipu dagang.",regional,2
"Wong NTT iku miskin lan kotor, mung cocog dadi babu.",regional,2
Politikus iku mung tukang nyolong duwit rakyat.,politics,2
"Wong-wong nang kana korupsi terus, rakyat nandang mlarat.",politics,2
"Pemerintah iki bodho banget, ora mikirke wong cilik.",politics,2
"Kebijakane mung nguntungke wong sugih, awake dewe dipinggirke.",politics,2
"Sing dadi pejabat akeh sing lacur, moralé ambruk.",politics,2
"Pemerintah iku goblok, ora bisa ngatasi rega sembako.",politics,2
"Milih-milih wong sing akhiré mung ngibul, janji palsu.",politics,2
"Korupsi wis dadi penyakit, nanging ora ana sing ditangkep serius.",politics,2
"Wakil rakyat kok mlaku-mlaku nang mall karo mobil mewah, duwité saka endi?",politics,2
"Rezim iki cuma mbiyantu konglomerat, rakyat dicekik karo pajak.",politics,2
"Wah, tetangga kok lagune podo nganti tekan kene, koyo lagi latihan karawitan neng ngarepe omahku.",neighbors,1
"Barange tak celuk mboten kondur-kondur, mbok kiro dipun gawe koleksi pribadi.",neighbors,1
"Sampeyan kerep banget mirengake obrolan wong liya, kayane pengin pindah profesi dadi detektif.",neighbors,1
"Klambi tak celuk minggu kepungkur, saiki wis dadi kenang-kenangan.",neighbors,1
"Wes sore kok isih ana sing nyetel radio keras-keras, kayane pengin ngabari kabeh warga jam sak jam.",neighbors,1
"Sampeyan kerso nggawe keputusan neng urusanku, koyo sing duwe usaha iku dhewe.",neighbors,1
"Teko lan piringku kari separo, mbok menawi badhe dipun kumpulake dados museum barang pinjaman.",neighbors,1
"Waktu istirahtaku dadi latihan sabar, mergo tetangganya lagi getol latihan nggawe swara bising.",neighbors,1
Kula mboten ngertos bilih sampeyan gadhah minat ingkang ageng kaliyan urusan kulawarga kula.,neighbors,1
"Mboten usah repot-repot ngganggu, kula sampun gadhah kalender dhewe kanggo ngatur jadwal kula.",neighbors,1
Aku ketemu karo konco nek pasar.,neutral,0
Dheweke lagi nggawa grojogan saka sumur.,neutral,0
Bapak maca koran ing teras.,neutral,0
Anak-anak dolanan ing plataran.,neutral,0
Wong-wong padha antri tuku jajan.,neutral,0
Dheweke nyapu lantai omah.,neutral,0
Aku krungu obrolan saka kamar sebelah.,neutral,0
Kuli angkut barang-barang saka truk.,neutral,0
Wanita iku lagi milih bahan kain ing kios.,neutral,0
"Wong kafir iki kabeh kudu diusir saka tanah Jawa, ora nduweni hak urip neng kene.",severe,3
"Aku bakal nggebugi kabeh wong sing beda agama karo aku, awakmu bakal tumpes.",severe,3
"Kabeh pendatang saka pulo liya aja ngarep-arep urip tentrem, bakal tak bakar omahmu.",severe,3
"Golongan iku mung sampah masyarakat, luwih becik dipateni kabeh.",severe,3
"Wong sing ndhukung partai liya iku pengkhianat bangsa, patenana wae.",severe,3
Aku sumpah bakal ngrusak kabeh tempat ibadahmu nganti ora nyisa.,severe,3
"Kabeh keturunan Cina iku perusak ekonomi, usir wae saka Indonesia.",severe,3
"Wong sing nganggo atribut partai kuwi aja dikasihani, gebugi nganti mati.",severe,3
"Kelompok iku kaya tikus, kudu dibasmi nganti oyot-oyote.",severe,3
"Aku bakal ngirim bom neng kumpulanmu, rasakna patine wong-wong sing beda karo aku.",severe,3
"Wong Sunda mah tukang ngaret, ora bisa diandelke kerjane.",regional,2
"Akeh wong Batak kasar lan tukang ribut, ngomonge asal seru.",regional,2
Wong Madura kui tukang ngamuk lan gampang ditekuk.,regional,2
"Wong Maluku kui panas barane, karo senggol-senggolan langsung gelut.",regional,2
"Wong Lampung kui preman kabeh, tukang minta setoran.",regional,2
Akeh wong Kalimantan kui terbelakang lan kampungan.,regional,2
"Wong Papua kui pemalas, mung nunggu bantuan pemerintah.",regional,2
"Wong Bali kui sombong, mung ngurusi turis lan duwite dewe.",regional,2
"Wong Betawi asline kui udik, wis ilang kuthane malah nyalahke pendatang.",regional,2
"Wong Jawa Timur kui keras lan kolek, tukang main hakim sendiri.",regional,2
Politikus iku mung tukang mbandhog duwité rakyat.,politics,2
"Wong-wong nang pemerintahan iku korup kabeh, rakus dhasar.",politics,2
"Pemerintah iki bodho, ora mikirke wong cilik.",politics,2
"Kebijakane mung nguntungke wong sugih, awaké dewe ditelikung.",politics,2
"Sing dadi pejabat mung ngoyak jabatan, kerjane ngapusi.",politics,2
"Pungli wis dadi budaya nang ngendi-endi, negara iki wis busuk.",politics,2
"Pemerintah iku goblok, rakyat sengsara dienggo dolanan.",politics,2
Partai politik iku sarangé para maling berdasi.,politics,2
"Janjine mung jare wae, mbohongi kabeh wong.",politics,2
"Kabeh partai padha wae, tokroké padha doyan sogokan.",politics,2
"Wah, tetangga kuwi kaya lagi latihan karawitan ning tengah wengi, nek ora ngerti wektu.",neighbors,1
"Barange tak lembari, kok malah dadi barang warisan sing ora bisa dienggo balik.",neighbors,1
"Kepriwe kabare, Bu? Kok swarane televisi sampeyan luwih jelas tinimbang ning omah dhewe.",neighbors,1
"Wes dadi ahli statistic ya, Pak? Saben aku arep metu kudu ditakoni tujuan lan jam mulih.",neighbors,1
"Sokur nek pinjame diblanjai, nanging nek wis tekan tangan kaya ilang memori.",neighbors,1
"Waduh, nek ngomong kaya ana pengeras suara, ning ngrasakke swarane wae wis cukup.",neighbors,1
"Kula mboten saget ndeleng acara TV, Pak. Nanging critane Pakdhe saking tembok nggih sampun katingal.",neighbors,1
"Wes dadi kurir ya, Bu? Nek takon kabar marang kanca-kanca kabeh lewat sampeyan.",neighbors,1
"Barangku kaya wis dadi warga ning omah sampeyan, Bu, pancen betah ora bali-balik.",neighbors,1
"Nek arep ngrungokake crita kehidupan, mending buka TV. Nanging iki critane tetangga, luwih seru lan langsung sakdurunge.",neighbors,1
Aku ketemu karo konco lawas ing dalan.,neutral,0
Bapak maca koran ing ruang tamu.,neutral,0
Adhine ngunjuk teh panas sawise mulih sekolah.,neutral,0
Wong-wong padha antri ing kios buah.,neutral,0
Dheweke nggawa tas belanjaan sing gedhe.,neutral,0
Kancaku menehi kabar babagan acara reuni.,neutral,0
Anak-anak dolanan ing plataran omah.,neutral,0
Dheweke masak sega goreng kanggo sarapan.,neutral,0
Wong lanang iku numpak sepedha menyang warung.,neutral,0
"Wong kafir iki kudu diusir saka tanah Jawa, ora nduwé hak urip nèng kéné.",severe,3
Aku bakal ngobong gréja-gréjamu nganti dadi awu merga agamamu iku sesat.,severe,3
"Wong saka pulo liya iki maling lapangan kerjo, padha balik menyang asalé wae.",severe,3
Kabeh wong sing ndhukung partai iku pancen goblok lan kudu ditumpes.,severe,3
"Yèn wong kelompok iku mèlu pemilu, aku siap perang dadi jihad.",severe,3
"Wong-wong sing beda sukuku iki asu, kudu dicekel lan dipateni.",severe,3
Aku bakal nyiksa kabeh keturunané wong sing nindhes leluhurku.,severe,3
"Kelompok iki kaya tikus, ngerusak negara, kudu dibasmi nganti oyot-oyoté.",severe,3
"Wong agama liya iku najis, aja nganti nyemplung nèng kali suci kita.",severe,3
Generasi pemuda saka suku iku kudu dibantai biar ora mbalang manèh.,severe,3
"Wong Sunda mah tukang ngaret, janjine ora bisa digugu.",regional,2
Akeh wong Batak kasar lan gampang dadi tukang gelut.,regional,2
"Wong Madura kui seng nggowo celeng mangan bocah, aja dipercoyo.",regional,2
"Orang Papua kan goblok, mending dikirim balik neng hutan.",regional,2
"Wong Kalimantan kui kampungan, uripe ketinggalan jaman.",regional,2
"Akeh wong Maluku mabokan terus, otake mung ngawur.",regional,2
"Wong Bali kui pura-pura suci, nanging tukang nipu turis.",regional,2
"Suku Dayak kuno lan biadab, seneng ngayau kaya jaman dulu.",regional,2
"Wong Betawi males lan tukang ngamen, ora duwe prestasi.",regional,2
Akeh transmigran Jawa sing ngerusak tanah lan nyulik rejekine wong asli.,regional,2
Wong-wong nang kono korupsine wes dadi budaya.,politics,2
"Pemerintah iki gemblung, ora ngerti kesusahan wong cilik.",politics,2
"Kebijakane mung nguntungke wong sugih, awake dewe.",politics,2
"Sing mrentah saiki akeh sing jancuk, rakus lan ora jujur.",politics,2
"Ora usah milih maneh, kabeh padha tukang nipu.",politics,2
"Kerjane mung ngapusi, janji-janjine mung sejene.",politics,2
Negara iki rusak amarga wong sing pinter nilep.,politics,2
"Dasar pamrentah bodho, rakyat sengsara dikongkon diam.",politics,2
"Wong-wong nang DPR iku maling berdasi, goblok lan ora mikirke rakyat.",politics,2
"Wah, tetangga kita seneng banget karo musik, nggak kuat aku ngrungokne sampeyan, Pak.",neighbors,1
"Kulo mboten purun nyuwun, nanging menawi badhe nyade toya, kula gadhah gayung ingkang sampun ilang.",neighbors,1
"Lho, sepur mlebu omah ta? Swarane koyo deru terus, Bu.",neighbors,1
"Barange kaya dheweke sing duwe, nanging sakjane kon nyilih nggak diwalesi.",neighbors,1
"Kula kepengin ngalem radio, Pak, nanging kula mboten gadhah antena kados panjenengan.",neighbors,1
"Wah, kanca wingi teka arep takon, kok kaya-kaya sudah tahu saja urusan dalam rumah.",neighbors,1
"Mboten usah kersa dhumateng tetangga, Pak, kula mboten gadhah tuku kunci lemari.",neighbors,1
"Sampeyan rajin banget ngrumat tetangga, Bu, sampyan kula ugi dipun rumati.",neighbors,1
"Wes dadi alarm alamiah, jam setengah lima wes ramai kaya pasar.",neighbors,1
"Kula mboten saged ndeleng televisi, Pak, sinetronipun sampun kasil dipun pirsa saking swantenipun.",neighbors,1
Aku ketemu karo konco lan ngobrol nang pinggir dalan.,neutral,0
Bapak maca koran ning ruang tamu.,neutral,0
Adhek ngunjuk teh panas sawise mulih sekolah.,neutral,0
Wong-wong padha lalu lalang ing dalan menuju pasar.,neutral,0
Dheweke menehi salam marang tangga teparo.,neutral,0
Kancaku menehi kabar liwat telpon.,neutral,0
Ibu masak sega goreng kanggo sarapan.,neutral,0
Aku ndelok toko iki buka jam pitu esuk.,neutral,0
"Wong kafir iki kudu diusir saka tanah Jawa, merga mung ngrusak kabudayan lan iman leluhur.",severe,3
"Kabeh wong saka suku iku pancen tukang nyolong lan perusuh, kudu dibabat nganti oyot-oyote.",severe,3
"Aja cedhak karo wong golongan kuwi, dheweke iku kader setan sing arep ngrusak negara.",severe,3
Wong-wong sing beda karo awake dhewe iku sampah masyarakat sing kudu dibersihke.,severe,3
"Aku arep ngobong omah-omahe wong golongan iku, supaya padha ngerti rasane dijajah.",severe,3
"Kabeh pengikut aliran sesat kasebut kudu ditumpes, mateni kabeh wong lanang, wadon lan anak-anak.",severe,3
"Wong saka pulo liya iku maling sumber daya, kudu dicekel lan digantung ing alun-alun.",severe,3
Aku sumpah bakal ngganyang lan mateni siji-sijine wong saka kelompok iku sing nemoni aku.,severe,3
"Kabeh pengkhianat bangsa iku asale saka suku iku, kudu diusir bali menyang negara asale.",severe,3
"Wong-wong sing ngaku pahlawan iku tukang fitnah, kudu dibantai kabeh supaya negara tentrem.",severe,3
"Akeh wong Batak kasar lan emosian, koyo kebak geni.",regional,2
"Wong Madura kan tukang celak, sithik-sithik gelut.",regional,2
"Aja pacaran karo wong Papua, awakmu isuk-isuk ilang didhelik.",regional,2
"Wong Kalimantan kui terbelakang, urip neng alas terus.",regional,2
"Wong Maluku kalo marah mbledhos, atine ati-ati.",regional,2
"Suku A*eh tukang tipu, dagang bae ngono.",regional,2
"Wong Jawa Timur kasar-kasar, omongane nyaring koyo tukang becak.",regional,2
"Aja percaya karo wong Bali, tukang ngibul nggayuh turis.",regional,2
"Wong NTT mung pantes dadi pembantu, ojo dipajekke.",regional,2
"Politikus iku mung tukang nyolong duwit rakyat, goblok!",politics,2
"Wong-wong nang kono korupsi terus, rakyat nandang mlarat.",politics,2
"Pemerintah iku bodho, ora mikirke wong cilik.",politics,2
"Kebijakane mung nguntungke wong sugih, awakmu dewe diwalesi.",politics,2
"Wong jujur saiki wis langka, sing akeh maling berdasi.",politics,2
"Mimpin negara kok ngawur, kaya bocah dolanan.",politics,2
"Janji-janjine mung kepalsuan, mbok golek pangan dewe.",politics,2
"Ora usah milih, podo wae bakal nggiling rakyat.",politics,2
"Dasar pamrentah edan, gawe urusan mung angel.",politics,2
"Kabeh partai podo kemaki, rakyat sing ditelikung.",politics,2
"Wah, klambi anyarku kok ra ono ning gantungan, mbok ya dijaga wae yen diampilake.",neighbors,1
"Bapake pancen pinter, nek ngomong karo dinding suarane podo kenceng.",neighbors,1
"Lho, jam pira saiki? Aku kira esuk-esuk, ternyata bengi to, swarane koyo pasar.",neighbors,1
"Wah, sepedane mas disimpen neng kene wae, tak kiro wis dadi koleksi.",neighbors,1
"Kok aku nggoleki sapuku suwe banget, mbok ya bali nek wis rampung nganggo.",neighbors,1
"Nek arep nanggap wayang, ngomong nggih, aku gelem nyewakake pekarangan.",neighbors,1
"Wah, ibu pancen telaten banget, urusane siji-siji didadekke urusan kabeh wong.",neighbors,1
"Kebonku saiki isine macem-macem, tandurane wong liyo ugo ono.",neighbors,1
"Nek ngomong karo HP, koyo ngomong karo wong seberang laut, nganti kabeh wong ngerti.",neighbors,1
"Aku kiwa-tengen nggoleki barangku, kok rasane dadi barang umum.",neighbors,1
Bapak maca koran ing teras omah.,neutral,0
Wong-wong padha antri mbayar ing kasir.,neutral,0
Dheweke nggawa tas belanjaan sing isine woh-wohan.,neutral,0
Simbah nyapu pekarangan saben esuk.,neutral,0
Kancaku menehi kabar babagan rencana minggu ngarep.,neutral,0
Ibu arep masak sega goreng kanggo nedha bengi.,neutral,0
Aku ngrungokake radio nalika nyiapake tugas.,neutral,0
"Wong kafir kabeh kudu diusir saka tanah Jawa, ora gelem urip bebarengan karo wong Islam sejati.",severe,3
Aku bakal ngobong gréja-gréjamu nganti dadi awu merga kowe wong Kristen mung ngganggu ketentraman.,severe,3
"Wong-wong saka pulo liya iki maling, perusak, lan bakal tak gebugi mati nek isih wani nempel nang kene.",severe,3
"Golongan iku kabeh antek asing, pancen kudu dibasmi kaya tikus ing sawah.",severe,3
Aku sumpah arep nyiksa kabeh leluhurmu sing beda keyakinan karo aku.,severe,3
"Wong liya sing teka nang desa iki kabeh bajingan, aja nganti diampuni, patenana wae.",severe,3
"Kabeh wong sing ndhukung partai iku kayak sampah, bakal tak bersihkan nganggo getih.",severe,3
"Nek kowe isih ndhukung kelompok kafir, aku bakal gorok gulu kowe lan sedulur-sedulurmu.",severe,3
"Wong-wong saka suku iku kabeh setan, ora pantes nyemplung nang bumi Jawa.",severe,3
"Aku bakal ngrusak kabeh papan ibadahmu nganti ora bisa digunakake maneh, merga kowe penghianat bangsa.",severe,3
"Wong Sunda kok sok ngaku pinter, akeh sing mung tukang korupsi.",regional,2
"Wong Batak kasar-kasar, koyo kebo digiring ke pasar.",regional,2
"Orang Madura tukang bacok, mending dijauhi wae.",regional,2
"Wong Kalimantan ketinggalan jaman, urip neng hutan terus.",regional,2
"Wong Papua bodho-bodho, dikasih otonomi khusus yo ra bisa maju.",regional,2
"Akeh wong Maluku tukang rusuh, bawa-bawa agama.",regional,2
"Wong Bali bisane mung nggodhog turis, agama'e aneh.",regional,2
"Orang Betawi asline tukang ngamen, kampungan.",regional,2
Wong Jawa Timur kasar lan tukang selingkuh.,regional,2
Akeh transmigran Jawa sing ngerampas tanah wong asli.,regional,2
Wong-wong nang kana korupsine wes dadi budaya.,politics,2
"Pemerintah iki goblok, ora mikirke wong cilik.",politics,2
Cangkem mung manis nanging tumindak nyolong.,politics,2
Wakil rakyat? Wakil kepentingan dhewe!,politics,2
"Kabeh partai padha wae, asline tukang nipu.",politics,2
"Rezim iki ora ngrungokke swara rakyat, kaya wong budeg.",politics,2
"Janjine mung jare wae, mboh diwujudke.",politics,2
Pungli lan korupsi wes kaya penyakit sing ora bisa waras.,politics,2
"Wah, tetangga kok sibuk banget kaya tukang reparasi, nggak tau kapan waktunya istirahat.",neighbors,1
"Kula nuwun, menawi pinten-pinten kathok krama kula ingkang dipun-ginakaken, mugi-mugi saged dipun-wangsulaken.",neighbors,1
"Lho, sampeyan kok lebih sering nandur di kebonku daripada di kebon sendiri.",neighbors,1
"Wes dadi ahli ukur ya, nek ngukur urusan wong liyo.",neighbors,1
"Mboten ngeremuh, nanging klambi kula ingkang dipun-silih menika sae dipun-wangsulaken, badhe kula anggo kondur.",neighbors,1
Kok swarane speaker luwih banter tinimbang adegan perang ning film.,neighbors,1
"Sampeyan kula anggep sedherek, nanging menawi nyerat wasiat, kula mboten kalebet.",neighbors,1
"Wah, nek arep nyambut gawe dadi tukang bangunan, tolong jam-jam istirahat dihormati.",neighbors,1
"Kula mboten gadhah masalah, nanging kados pundi menawi barang kula ingkang dipun-silih dipun-gadahi kemawon?",neighbors,1
"Sampeyan pancen peduli banget karo urusanku, meh kaya ibu kandung dewe.",neighbors,1
Simbah nyapu pekarangan omah saben esuk.,neutral,0
Aku masak sega goreng kanggo nedha bengi.,neutral,0
Anak-anak padha dolanan ing plataran.,neutral,0
"Wong kafir iki kudu diusir saka tanah Jawa, mergo mung ngrusak tradisi leluhur kita.",severe,3
"Kabeh wong saka suku iku kudu dicekel lan dipateni, mergo dheweke iku tukang nggowo bala.",severe,3
"Aja cedhak karo wong kelompok kuwi, dheweke iku bangsa penghianat sing kudu dibasmi.",severe,3
Wong-wong sing beda keyakinan karo kita iku sampah masyarakat sing ora pantes urip.,severe,3
Aku bakal ngobong omah-omahe wong golongan kasebut nganti ompong kabeh.,severe,3
"Kabeh keturunan iku kudu disingkirake, mergo dheweke iku sumber sengsara ing negara iki.",severe,3
"Wong-wong saka pulo sebelah iku parasit, nyolong rejekine wong asli kene.",severe,3
Aku arep nyiksa kabeh anggota kelompok kuwi nganti jeritane mbledug sak desa.,severe,3
"Generasi mudane golongan kae kudu dicekel lan dikubur urip-urip, supaya ora nambah akeh.",severe,3
"Kabeh pengikut aliran sesat kasebut kudu ditumpes, mateni wae kabeh tanpa sisa.",severe,3
"Wong Sunda mah tukang ngaret, janjine ora ditepati.",regional,2
Akeh wong Batak kasar lan sok ngatur-ngatur wong liya.,regional,2
Wong Madura kui tukang gelut lan golek pakuwe.,regional,2
Akeh wong Lampung mung ngerti mbolos lan ngerampok.,regional,2
"Wong Kalimantan ketinggalan jaman, uripé isih primitif.",regional,2
Wong Papua lembek lan mung nunggu bantuan pemerintah.,regional,2
"Wong Maluku panas barane, cilik-cilik dikit langsung baku hantam.",regional,2
Wong Bali mung ngerti nyolong lahan lan nipu turis.,regional,2
Wong Jawa Timur kasar lan budheké nggragas.,regional,2
Akeh transmigran saka Jawa sing matre lan doyan nyempil tanah wong.,regional,2
"Pemerintah iku goblok, ora mikirke kahanan wong cilik.",politics,2
"Kebijakane mung nguntungke wong sugih, awakmu ditaleni.",politics,2
"Sing dadi pejabat akeh sing edan, duwe pengkat rakus.",politics,2
"Pemerintah iku tukang nipu, janjine ora ditepati.",politics,2
"Ora usah milih pemimpin maneh, kabeh padha bejat.",politics,2
"Korupsi wis dadi budaya, negara bakal cures.",politics,2
"Wakil rakyat kok mung ngomong doang, lakune nggak nyambung.",politics,2
"Pemerintah iku kaya bedhog, mangan nggremengi awake dhewe.",politics,2
"Wah, tetangga kok sibuk banget kaya pabrik tenun, nggak tau kapan istirahe.",neighbors,1
"Kula mboten purun nyuwun barangipun, mboten kepanggih kapan kersane balik.",neighbors,1
Lha sampeyan kok lebih pinter ngatur urusanku daripada urusan dapur sampeyan dewe.,neighbors,1
"Wes sore kok krungu swara kaya lagi latihan gamelan, nanging mboten wonten undangane.",neighbors,1
"Barange entek entekan, ning nek tak jaluk balik kok rasane kaya ndadak dadi barang warisan.",neighbors,1
"Kok rasane uripku selalu diwenehi komentar, padahal aku mboten nate nyuwun pendapat.",neighbors,1
"Wes kaya tukang kritik bayaran, nanging mboten pernah ngewangi.",neighbors,1
"Mboten sare, mboten tilem, amargi tetangganipun lagi latihan dhawuh-dhawuh.",neighbors,1
"Lha nek arep nyilih, gelem. Ning nek arep njaluk balik, kudu nggowo bukti kepemilikan.",neighbors,1
"Kula mboten gadhah televisi, amargi crita-crita saking njaba sampun kathah piyambak.",neighbors,1
Aku ketemu karo konco ngobrol nang pinggir dalan.,neutral,0
Adhek ngunjuk teh anget sakdurunge sekolah.,neutral,0
Wong-wong padha lalu lalang neng dalan menyang pasar.,neutral,0
Dheweke mangan sega becek karo lawuh tempe.,neutral,0
Keluarga ngrungokake radio bareng-bareng sore iku.,neutral,0
"Wong kafir iki kabeh kudu diusir saka tanah Jawa, ora gelem urip bebarengan karo wong Islam sing suci.",severe,3
"Kabeh wong sing beda agama karo aku iku mahluk najis, kudu dibasmi nganti oyod-oyode.",severe,3
"Aku bakal ngobong gréja-gréjamu nganti dadi awu, merga iku papan nyembah setan.",severe,3
"Wong saka suku iku kaya kéwan, ora pantes nyemplung ing kutha iki, balik neng alas wae.",severe,3
"Kabeh pendatang saka pulo liya iku perampas rejeki, kudu digebugi lan dipepehi.",severe,3
"Aku sumpah bakal matèni kabeh wong sing ndhukung kelompok iku, sikile bakal tak gantung ing wit.",severe,3
"Wong-wong sing ngaku pancasila iki hipokrit, bangsane mung kudu dipimpin dening wong saka golonganku.",severe,3
"Kelompok iku iku sampah masyarakat, kudu dibuang menyang laut kabeh.",severe,3
"Aku bakal ngganyang lan ngrusak omah-omahmu, merga kowe wis ngina leluhurku.",severe,3
"Kabeh wong sing nganggo atribut iku pantese diarak lan digebugi nganti mati, aja nganti ana sing urip.",severe,3
Wong Sunda mah bisane mung jadi babu wae.,regional,2
Aku ora gelem diomongke wong Madura soale tukang ngamuk.,regional,2
Wong Batak kasebut kasar lan kethok kepala batu.,regional,2
"Lha wong Papua kan goblok, mung cocok kerja kasar.",regional,2
"Aku wedi tuku dagangan wong Minang, bakal ditipu mesthi.",regional,2
"Wong Kalimantan kui kampungan, urip neng alas.",regional,2
Wong Maluku kabeh galak-galak lan gampang dadi panas.,regional,2
"Sikile wong Bali kotor, aja nganti cedhak karo aku.",regional,2
"Wong Jawa iki licik banget, karo sedulure dhewe digowo nggrayangi.",regional,2
Wong NTT kui mung pantes dadi kuli bangunan.,regional,2
"Wong-wong nang kana korupsi terus, rakyat nandang lara.",politics,2
"Kebijakane mung nguntungke wong sugih, awak dewe dipepet.",politics,2
"Sing dadi pejabat akeh sing jancuk, ngumbar janji nanging mung ngapusi.",politics,2
"Korupsi wis dadi budaya, akeh wong nggolek slamet dewe.",politics,2
"Pemerintah iku budheg, rakyat njerit ora krungu.",politics,2
"Wakil rakyat padha mblenger, mung ngomong doang, gawean ora nyata.",politics,2
"Akeh pejabat sing duwe mental maling, nyolong anggaran negara.",politics,2
"Pemerintah gagal, urusan negara dibikin bobrok kabeh.",politics,2
"Wah, tetangga kuwi kaya lagi latihan karawitan ning tengah wengi, nek ora mangertine aku arep kerja esuk.",neighbors,1
"Barange sing tak pindahekno kok rasane dadi melu pindah omah, Bu?",neighbors,1
"Kulo mboten saget ndherek rembugan, nanging swantenipun sampun ngantos mlebet griya kulo.",neighbors,1
"Wes dadi ahli ukur ya, Lek, saben aku gawe sethithik wae langsung diukur karo sampeyan.",neighbors,1
"Klambi tak jemur wingi, saiki wis dadi koleksi museum tetangga, kayane.",neighbors,1
"Nek arep nyambut gawe, kula badhe ngaturaken pakurmatan, nanging menawi wonten swanten ingkang mboten kepareng.",neighbors,1
"Wah, sepur barangku kok ilang jalur, mbok sing nyewa ora gelem bali maneh.",neighbors,1
"Kula nuwun, napa kersanipun ndhukung kula saben dinten kanthi swantenipun?",neighbors,1
"Aku ki ngerti sampeyan seneng banget karo sepedhaku, ning mbok ya baline sakdurunge aku tuku sing anyar.",neighbors,1
"Mboten usah repot-repot ngintip jam tangan kula, Pak, kula badhe aturi jam piro kula wangsul.",neighbors,1
Adhek ngunjuk teh anget sakderenge menyang sekolah.,neutral,0
Wong-wong padha mlaku-mlaku ning dalan sawise mangan sore.,neutral,0
Kula ndeleng televisi bengi iki.,neutral,0
Simbah nyapu pekarangan omah.,neutral,0
Kancaku nggawa tas isi buku-buku.,neutral,0
"Wong kafir kabeh kudu diusir saka tanah Jawa, ora gelem urip bebarengan karo wong Islam.",severe,3
"Aku arep ngobong gréja-gréja iki nganti ompong, supaya wong Kristen ora wani nyembah dewa palsu.",severe,3
"Wong pendatang saka pulo liya iki maling rejekine wong asli, kudu dibalèkaké menyang asale.",severe,3
"Kabeh wong sing ndhukung partai iku pancen goblok lan budak koruptor, patut ditumpes.",severe,3
"Yèn wong kelompok iku menang pemilu, aku siap matèni sapa waé sing nglawan.",severe,3
"Wong-wong sing beda kabilah karo aku iku kèrè, kudu disingkiraké saka daerah iki.",severe,3
Aku bakal nyiksa lan ngremehaké kulawarga para pengkhianat bangsa iki nganti nangis getih.,severe,3
"Golongan liya mung tukang nyolong, aja nganti dipercaya malah dadi penguasa.",severe,3
"Wong sing nganggo agama liya iku najis, kudu dipateni supaya bumi Jawa resik.",severe,3
"Kabeh keturunan penjajah lan antek-anteke kudu dibumi hanguskan, ora usah dikasihani.",severe,3
"Aku ora gelem nyambut gawe karo wong Batak, kasar lan emosian.",regional,2
"Wong Madura kok diwenehi proyek, mesthi mung ngutang lan gawe ribut.",regional,2
"Lha wong Papua kerjane mung mabuk-mabukan, masa dikasih otonomi.",regional,2
Akeh masalah di kene merga bocah-bocah Jawa sing padha ngerampok.,regional,2
"Wong Kalimantan kui medhit banget, sithik-sithik ngomong duwit.",regional,2
"Aja cedhak-cedhak karo wong Maluku, gampang bengkak atine lan main bedhil.",regional,2
"Wong Bali kui pinter-pinter ngibuli turis, nanging nggolongi dhewe.",regional,2
"Sekolah iki dirusak dening anak-anak Timor, biasane preman kabeh.",regional,2
"Wong Aceh kumat-kumat, sok-sokan nganggo syariat nganti ngawur.",regional,2
Politik iku mung dagangane wong sugih kanggo nggedhekake bathi.,politics,2
Wong-wong nang kana korupsine wes dadi budaya turun-temurun.,politics,2
"Kebijakane mung nguntungke kroni, rakyat cilik tansah dikorbankno.",politics,2
"Pemerintah iku buta lan budheg, ora ngrungokne keluhan wong cilik.",politics,2
"Wakil rakyat kok mung ngemis-ngemis kursi lan proyek, aji-aji.",politics,2
"Kabeh partai padha wae, janjine mung dolanan pinggir pemilu.",politics,2
"Korupsi gede-gedean, negara bakal ambruk ditindakke maling berdasi.",politics,2
"Pemerintah gagal total, urip rakyat dadi lara kabeh.",politics,2
Sing dadi pemimpin mung tukang tipu lan bejat moral.,politics,2
"Reformasi dikhianati, demokrasi dadi dagangan sing regane murah.",politics,2
"Wah, tetangga kuwi kaya lagi latihan karawitan ning tengah wengi, seru tenan.",neighbors,1
"Klambi jemuran tak kirain pada minggat, ternyata masih numpuk ning ngarsane bapak.",neighbors,1
"Bapak kula mboten sare, nggih, amargi wonten konser gratis saking sebelah mriki.",neighbors,1
"Kula nuwun sewu, menapa griya mriki dados papan penyewaan alat kebersihan?",neighbors,1
"Teh, nek arep nginum kopi, kula saged pinjami sendok. Mboten perlu tuku malih.",neighbors,1
"Wes dino iki, kucingku lali marang omahe dhewe. Mungkin seneng ning ngendi-endi.",neighbors,1
"Kula mboten sregep ngrungokake radio, nanging beritane saking sebelah sampun jelas sanget.",neighbors,1
"Wah, sepatuku sing anyar kok mlayu dhewe menyang omah simbah?",neighbors,1
"Bapak pinter tenan ngatur urusan kula, meh kaya manajer pribadi.",neighbors,1
"Nek arep nyicil tuku barang, kula saged ndisikake. Mboten perlu dipinjem tanpa diwangsuli.",neighbors,1
Bapak arep nyapu plataran omah.,neutral,0
Adhine lagi maca buku ing kamar.,neutral,0
Dheweke masak sega lan lawuh ing pawon.,neutral,0
Kancaku nggawa tas isi barang belanjaan.,neutral,0
Anak-anak dolanan ing njaba omah.,neutral,0
Dheweke ngrungokake radio nalika nyiapake sarapan.,neutral,0
Aku numpak sepeda menyang warung.,neutral,0
"Wong kafir iki kabeh kudu diusir saka tanah Jawa, merga mung ngrusak tradisi leluhur kita.",severe,3
"Kabeh wong saka pulo seberang kudu balik, ora gelem ndeleng dheweke ngganti budaya kutha iki.",severe,3
"Golongan iku kaya tikus, nek ora ditumpes bakal ngrusak kabèh sistem urip kita.",severe,3
"Aja cedhak karo wong-wong saka suku kono, dheweke iku bangsa pengkhianat turunan.",severe,3
"Kudu ana aksi gebugi massal marang kumpulan wong aliran sesat kuwi, supaya padha sirna.",severe,3
"Wong-wong sing beda keyakinan karo kita iku bahaya, kudu dicekel lan dihukum pati.",severe,3
"Aku janji, nek menang bakal tak bakar omah-omahé wong golongan liya nang kene.",severe,3
"Kabeh keturunan penjajah iku sampah, kudu dibersihké saka bumi Indonesia.",severe,3
"Mbok menawa wong saka etnis iku mung pantes dadi babu, dudu pimpinan.",severe,3
"Kudu nganti getih mili, ben ora ana manèh wong golongan kuwi ngganggu kéné.",severe,3
Wong Madura iku kerep ngganggu lan sok jagoan ning wilayah liya.,regional,2
"Aja cedhak karo wong Papua, bisane mung tawuran lan mabuk.",regional,2
"Wong Kalimantan iku terbelakang, uripé isih nèng alas.",regional,2
"Wong Maluku iku panas barane, cilik-cilik dikit langsung bawa parang.",regional,2
"Suku liya nèng Indonesia iku mung numpang urip, sing penting Jawa.",regional,2
"Wong Bali iku bisane mung ngibul turis, agamaé beda karo kita.",regional,2
"Aja percaya karo wong Makassar, tukang nipu lan culas ning dagang.",regional,2
"Wong Lampung iku preman kabeh, mangan ora mangan asal kumpul.",regional,2
Politikus iku mung tukang nyolong duit rakyat.,politics,2
"Wong-wong nang kono podo maling, korupsine wes dadi budaya.",politics,2
"Pemerintah iku goblok, ora mikirke wong cilik.",politics,2
"Kebijakane mung nguntungke wong sugih, awak dewe dienyek.",politics,2
Sing dadi pejabat mung tukang mangan duit proyek.,politics,2
Partai politik iku kumpulan lanang sundel.,politics,2
"Milih-milih sing bener, nanging pungkasane maling kabeh.",politics,2
"Pemerintah iku edan, rega-regane pada mumbul nggak karuan.",politics,2
"Wakil rakyat iku wakil kepentingane dewe, dudu rakyat.",politics,2
"Rezim iki bejat, rakyat sengsara, penguasane pada seneng.",politics,2
"Wah, tetangga kuwi kaya ana konser rock nang njero omah, nek bengi-bengi malah nyemangati.",neighbors,1
"Kula mboten purun ngatur, nanging klambi kula ingkang dipun-ginakaken mas-mas sampun dangu, kadosipun dados kenangan.",neighbors,1
"Lho, sepedane pancen arep dijadiake koleksi museum to, Pak? Wes setaun ora bali.",neighbors,1
"Kebonku rasane dadi kebon umum, wong-wong pada teka mlaku tanpa ijin.",neighbors,1
"Bapakne kok swarane nggawe suara halilintar, nggih? Kula meh kaget kabeh.",neighbors,1
"Waduh, nek ngomong karo telpon kaya lagi marahi wong akeh, sampai kabeh warga pada ngerti urusan e.",neighbors,1
"Barangku sing ilang kaya wis pada pindah alamat, ning ora ngomong-ngomong.",neighbors,1
"Sampeyan pancen pinter banget ngatur urusane wong liya, kaya kepala lingkungan bayangan.",neighbors,1
"Teko kaca kuwi pancen ndadiake dekorasi nang omah ibu, ya? Aku nunggu nek arep dienggo nginum kopi.",neighbors,1
"Wes dadi hiburan sore-sore, Pak, krungu crita urusan kulawarga saka teras sebelah kaya sinetron langsung.",neighbors,1
Dheweke nggawa tas belanjaan sing isine glepung lan gula.,neutral,0
Simbah nyapu plataran saben esuk.,neutral,0
Anak-anak dolanan bal-balan ing lapangan.,neutral,0
Ibu masak sega goreng kanggo nedha bengi.,neutral,0
"Wong kafir iki kabeh kudu disingkirake saka tanah Jawa, merga mung gawe rusuh wae.",severe,3
"Kabeh wong sing beda karo awake dhewe iku asu, aja diparingi urip neng kene.",severe,3
"Yen wong liya mlebu ngganggu uripku, bakal tak tumpes kabeh nganti oyod-oyode.",severe,3
"Golongan iku kabeh tukang nggrogoti negara, kudu digebugi nganti ora bisa munggah maneh.",severe,3
Wong-wong sing nentang karsane wong Jawa sejati iku kabeh pantas dienyekake.,severe,3
"Aja nganti kabeh leluhur kita diganti karo wong sing beda agamane, kudu dilawan nganti mati.",severe,3
"Kabeh wong saka suku iku penjahat, kudu diusir utawa dibasmi.",severe,3
"Yen wong liya mrene mbandel, bakal tak gantung awake dhewe neng alun-alun.",severe,3
"Golongan iku mung mangan reregetan negara, luwih becik dikemplang wae.",severe,3
"Wong sing ora setuju karo aku iku mungsuh, kudu ditumpes kabeh tanpa sisa.",severe,3
"Wong Madura iku kethèk deso, mung pinter nggarap sawah bae.",regional,2
"Aja cedhak-cedhak karo wong Papua, dhasar primitif lan mbeling.",regional,2
"Wong Kalimantan iku kampungan, uripé nèk ora nokok babi ora wareg.",regional,2
"Wong Maluku iku panas barane, cilik-cilik wis golek gelut.",regional,2
"Suku Jawa iku penjajah, ngremehke suku liya lan doyan nyolong jabatan.",regional,2
"Aja percaya karo wong Bali, mung pinter nyolek turis bae.",regional,2
"Wong Menado sisan, mung pinter nyanyi lan mabuk-mabukan.",regional,2
"Suku Aceh iku kaku lan kolot, mikiré mung perang bae.",regional,2
"Sing dadi pejabat maling kabeh, rakus tenan.",politics,2
"Ora usah milih sing ngawur, wong kabeh padha tukang nipu.",politics,2
"Pemerintah iki budeg, rakyat nangis dipeksa senyum.",politics,2
"Korupsi gede-gedean, negara bakal cures.",politics,2
"Wong politik mung ngomong doang, janji palsu.",politics,2
"Pemerintah kaya ta ora nduwe otak, ora iso ngrampungke masalah.",politics,2
"Wah, klambi anyarku kok ra tau bali, mbok ya dijaga nganti atos tenan wujudé.",neighbors,1
"Boten sare, Pak? Swantenipun televisi saged ngantos dugi dalu.",neighbors,1
Kula mboten ngertos menawi tetangga kedah dados pengawas kagiatan dalem griya.,neighbors,1
"Lho, sapunika dereng dipunbalikaken? Kula sampun lali-lali wingi.",neighbors,1
"Wonten tetangga ingkang remen nyuwun, nanging angel nyilihke.",neighbors,1
"Mboten usah repot-repot ngurusaken rezeki kula, Bu.",neighbors,1
"Kok swarane kaya ana preinan wayang kulit neng njero omah, nggih?",neighbors,1
"Barang alit mboten kenging dipunpundhut kalih, Bu, mundhut sedaya.",neighbors,1
"Sampeyan remen banget ngrungokake urip kula, meh kaya sinetron.",neighbors,1
"Wah, sepur barang kula sampun kelangan gerbong, Bu.",neighbors,1
Ibu arep tuku sayur lan iwak ing pasar.,neutral,0
Aku ketemu karo konco nek pasar wingi.,neutral,0
Bapak lagi maca koran ing ruang tamu.,neutral,0
Adhine ngunjuk teh anget sakdurunge sekolah.,neutral,0
Ibune masak sega goreng kanggo sarapan.,neutral,0
Wong-wong padha ngobrol ngenteni bis teka.,neutral,0
Dheweke nyapu plataran omah saben esuk.,neutral,0
Aku ngrungokake radio nalika nyetrika klambi.,neutral,0
"Wong kafir iki kudu diusir saka tanah Jawa, merga mung ngrusak kabudayan lan iman kita.",severe,3
Aku bakal ngobong gréja-gréja ing kéné menawa wong-wong Kristen terus nantang karo dakwah kita.,severe,3
"Sing keturunan Cina iku mung dadi lintah darat, nyolong kasugihan Jawa lan nyengsarake wong cilik.",severe,3
"Ayo kita gebugi wong-wong pendatang saka seberang kéné, supaya awake dhewe sing nduweni tanah iki.",severe,3
Kabeh wong Islam sing ora setya karo pemimpin iki dianggep murtad lan patut ditumpes.,severe,3
"Wong-wong njaba pulo Jawa iku akeh sing goblok lan mangan anggonane wong Jawa, aja dipercaya.",severe,3
"Aku sumpah bakal matèni sapa waé sing nistakan leluhur lan tradhisi kita, sanajan kudu perang dhéwé.",severe,3
"Kelompok iku kaya tikus, nyebar penyakit lan mrejahi persatuan, kudu dibasmi nganti oyod-oyodé.",severe,3
"Wong-wong sing ndhukung pancasila palsu iku antek asing, patut dikucilkan lan diusir saka masyarakat.",severe,3
Aku arep nyiksa lan nyiksa kulawargané wong sing ngina agama iki nganti jerit tangise nggawe bungah atiku.,severe,3
"Wong Sunda mah bisane mung nyadong sangu, ora gelem kerja keras.",regional,2
"Akeh wong Batak sing kasar lan goblog, mung ngerti rame-rame wae.",regional,2
"Wong Madura kui tukang celak, sithik-sithik gelut.",regional,2
"Aja cedhak karo wong Papua, tukang mabok lan preman kabeh.",regional,2
"Wong Maluku kui panas barane, gampang dadi provokator.",regional,2
Wong Lampung kui primitif lan tukang ngerampok.,regional,2
"Akeh wong Bali sing pura-pura suci, nanging lakune jahat.",regional,2
"Wong NTT kui mung tukang ngemis, mlebu kene mung nggoleki duwit.",regional,2
"Wong Betawi asline pribumi, saiki digusur karo wong pendatang akeh.",regional,2
"Wong-wong nang kana korupsi terus, ra ragu-ragu nilep dana!",politics,2
"Pemerintah iki edan, kebijakane mung ngrusak urip wong cilik.",politics,2
"Dasar antek asing, mung ngopeni kepentingan korporat, nggak mikirke rakyat!",politics,2
"Mimpin kok goblok, ra jelas arahane, mung ngawur wae!",politics,2
"Wong korup kui kok dipilih maneh, akeh wong bodho neng negara iki!",politics,2
"Janji-janjine mung pepesan kosong, mung ngapusi rakyat!",politics,2
"Ora usah milih, podo wae, kabeh tukang tipu!",politics,2
"Pemerintah iki mbeberes urusan dewe, rakyat sengsara diuripi!",politics,2
"Duit rakyat dikorupsi, proyek fiktif, dasar bajingan kabeh!",politics,2
"Kulo mboten purun nyuwun barangipun, mboten kepanggih kados dereng kesah.",neighbors,1
"Sampeyan kerep ndelok neng jendela, koyo penjaga mercusuar.",neighbors,1
"Boten usah repot-repot ngurusi urusan kulo, sampun kedah dados kepala desa.",neighbors,1
"Wes dino-dino kok swarane kaya lagi latihan karawitan, nanging nek ditakoni malah mbatin.",neighbors,1
"Barange kulo entuk pindah alamat neng griyane sampeyan, pak.",neighbors,1
"Sampeyan kepenak tenan, nek arep ngombe kopi sakdurunge nyuwun gelas kulo.",neighbors,1
"Kok rasane urip iki kaya sinetron, sampeyan sing nulis skenario kabeh.",neighbors,1
"Nek arep nanggap wayang, mboten usah nggawa panggung neng ngarep griya kulo.",neighbors,1
"Boten saged istirahat, swantenipun sampeyan langkung seru tinimbang radhio.",neighbors,1
Bapak lagi maca koran ning ruang tamu.,neutral,0
Adhine nggawa tas belanjaan saka pasar.,neutral,0
Wong-wong pada ngobrol ning warung kopi.,neutral,0
Kancaku menehi kabar babagan acara minggu ngarep.,neutral,0
Ibu masak sega goreng kanggo nedha awan.,neutral,0
Aku nyapu lantai omah saben esuk.,neutral,0
Dheweke numpak sepedha menyang toko.,neutral,0
"Wong kafir kabeh kudu diusir saka tanah Jawa, ora gelem urip bebarengan karo wong Islam sing resik.",severe,3
"Kabeh wong pendatang saka pulo liya kudu mateni awake dhewe, merga wis njajah tanah leluhur kita.",severe,3
"Aku arep nggebugi wong-wong sing beda agama nganti mati, supaya negara iki dadi siji keyakinan.",severe,3
"Wong etnis Cina iku tikus-tikus perusak ekonomi, kudu dibasmi kaya hama.",severe,3
"Kabeh anggota organisasi iku antek asing, patenana sadurunge mangan anak bangsa.",severe,3
"Wong-wong sing ndhukung pemimpin liyane iku penghianat, kudu digantung ing alun-alun.",severe,3
"Aku bakal bakar gréja lan pura-pura, merga iku sarang pemurtadan.",severe,3
"Wong Jawa asli kudu merangi wong Madura nganti tekan oyot-oyote, aja nganti ana sing urip.",severe,3
"Kabeh wong sing nganggo cadar iku teroris, kudu ditangkep lan dipateni wae.",severe,3
"Generasi muda kudu nyerang markas kelompok liya, rampas hak uripe, merga iku musuh bebuyutan.",severe,3
"Wong Madura kasepen lan tukang gelut, mending adoh-adoh.",regional,2
"Wong Jawa iku licik banget, karo wong ngomong manis nanging nusuk mburi.",regional,2
"Wong Kalimantan kono primitif, urip karo alas terus.",regional,2
Wong Papua bodho lan mung cocok kerja kasar.,regional,2
"Akeh wong Lampung tukang ngamuk lan emosian, kaya kurang ajar.",regional,2
Wong Bali mung ngurusi agama dewe lan ngremehke liyane.,regional,2
Wong Maluku keras kepala lan gampang dihasut.,regional,2
Wong Betawi males lan mung ngarepin bagi-bagi proyek.,regional,2
"Wong-wong nang kono podo maling, korupsine wes gak ketulungan.",politics,2
"Pemerintah iki edan, kebijakane nggawé rakyat sengsara.",politics,2
"Cangkem mung manis nanging tumindake reged, mung ngibing karo wong sugih.",politics,2
"Ora usah milih sing ngawur, wae podo bae, maling kabeh!",politics,2
"Kebijakane mung nguntungke deweke dhewe lan koncone, rakyat dipepet.",politics,2
"Wong sing dadi pemimpin iku otake mung segede kacang, gak mikirke wong cilik.",politics,2
"Pemerintah iki gak nggenah, kerjane mung nambah utang negara.",politics,2
"Wes terang-tekoning maling, nanging kok isih diajeni, goblok tenan!",politics,2
"Kabeh partai iku podo waé, mung papan ngumpulke wong lacur lan tukang nipu.",politics,2
"Wah, klambine mbak Yati kok saestu nyandingi klambiku sing ilang minggu kepungkur, pancen pas banget warnane.",neighbors,1
"Boten sare, nginggih? Kula mirengake suara televisi sampeyan saking kamar kula, dereng dipun mateni.",neighbors,1
"Kula nuwun sewu, menapa nyaman dados tetangga menawi saben dinten kedah ngrungokake crita gesang kula saking pekarangan?",neighbors,1
"Wes dadi ahli sejarah ya, mergo kabeh barang sing dipun silih mesthi ora bali lan dadi kenangan.",neighbors,1
"Kok isa ngerti urusan dalem kula luwih jelas tinimbang kula dewe, pancen kepingin weruh sumber informasine.",neighbors,1
"Mugi-mugi gesangipun tansah sugih kaget, kados barang-barangipun kula ingkang pinjem mboten wangsul-wangsul.",neighbors,1
"Sampeyan kados kurir paket, nanging paketipun namung gosip ingkang dipun aturaken saking omah ngantos omah.",neighbors,1
"Wes dadi penjaga waktu sing apik, saben jam 5 esuk langsung ngelingake karo suara bor.",neighbors,1
"Kula nuwun pirsa, menapa wonten kursus ngrungokake obrolan tetangga saking tembok, kok pinter banget nyimak?",neighbors,1
"Barange dewe ilang, ning critane wong liya malah nemu dalan gampang mlebu nganti neng omahku.",neighbors,1
Aku ketemu karo konco neng dalan.,neutral,0
Bapak arep nyapu pekarangan omah.,neutral,0
Dheweke lagi maca koran ing teras.,neutral,0
Wong-wong padha mlaku-mlaku neng taman.,neutral,0
Adhine nggawa buku menyang sekolah.,neutral,0
Kancaku lagi nunggu bis ing halte.,neutral,0
Ibu masak sega goreng ing pawon.,neutral,0
Aku krungu manuk berkicau ing wit.,neutral,0
Dheweke numpak sepeda menyang warung.,neutral,0
"Kabeh wong pendatang saka pulo liya kudu balik, nek ora arep ditumpes karo wong pribumi.",severe,3
"Golongan iku kaya tai, kudu dikumbah nganggo getih supaya resik.",severe,3
"Aku arep nyulik lan nyiksa bocah-bocane wong saka suku iku, supaya padha njerit.",severe,3
"Wong-wong sing beda keyakinan karo aku iku setan, kudu diobong urip-urip.",severe,3
"Saben wong saka etnis iku tukang nipu, kudu digebugi nganti mati.",severe,3
Aku bakal nggawa balung pungkasan kanggo sedulur-sedulurku sing dikianati dening kelompok iku.,severe,3
"Mbesuk nek aku duwe kakuwasan, kabeh keturunan iku bakal dadi budak lan dicekel.",severe,3
"Kabeh wong sing ndukung ideologi liya iku pengkhianat bangsa, patut dipateni.",severe,3
"Aku sumpah bakal ngrusak omah lan tetanduran wong-wong saka golongan iku, supaya padha keluwen.",severe,3
"Wong Madura iku kethèk digawe wong, mung ngerti dagang sate tok.",regional,2
"Aja cedhak-cedhak karo wong Papua, galak lan primitif.",regional,2
"Wong Kalimantan iku kampungan, uripé nèng alas terus.",regional,2
Wong Maluku iku keras kepala lan gampang dadi panas.,regional,2
"Suku Jawa iku licik lan tukang jilat, mung ngurusi awake dhéwé.",regional,2
Wong Bali iku mung ngerti nyembah berhala lan ngibulin turis.,regional,2
"Aja percaya karo wong Minang, pelit lan tukang nipu.",regional,2
"Wong NTT iku mbeling lan males kerja, mung nunggu bantuan pemerintah.",regional,2
Kebijakane mung nguntungke wong sugih baé.,politics,2
"Partai politik kuwi kabeh padha jancuk, padha doyan kolusi.",politics,2
"Sing menang pemilu wae penipu, janjine mung jare wae.",politics,2
"Pejabat iku asu, rakus lan ora tau puas.",politics,2
"Pemerintah iku budheg, rakyat nangis ora krungu.",politics,2
"Korupsi gede-gedean, negara bakal cepet ambruk.",politics,2
Wong sing nduwé kuasa mung tukang nggolèki dhuwit dhéwé.,politics,2
"Wah, klambi anyarku kok ilang, mbok ya sing nyilih aja kelingan yen iku barang titipan Gusti.",neighbors,1
"Bapak-bapak niku remen banget ngrungokake swara saka njaba, kaya-kaya lagi latihan dadi dalang.",neighbors,1
"Lho, jam piro iki kok swarane tape isih deres, kira-kira wong liyo wes arep turu durung ya?",neighbors,1
"Wes dino iki aku nunggu gentong banyuku bali, mbok ya sing pinjem ora diklalapke kaya bocah ilang dolanan.",neighbors,1
"Kok rasane uripku iki kaya sinetron, saben wayah ana crita anyar sing teka saka seberang tembok.",neighbors,1
"Aku kira mung tukang pos sing pinter ngrungokake omongan wong, rupane nggonku uga ana spesialise.",neighbors,1
"Wah, nek ngomong babagan urusanku, sampeyan kok luwih ngerti tinimbang aku dhewe.",neighbors,1
"Mbok ya nek arep nanggap wayang, ngerti kapan wektune, aja nganti ngganggu wong liya sing arep istirahat.",neighbors,1
"Barangku sing dipinjem kok rasane kaya manuk uwil, mabur ora bali-balik.",neighbors,1
"Iki sepur mlebu stasiun apa sepur metu stasiun, kok swarane sabanjur teka saka omah sebelah.",neighbors,1
Dheweke menehi tulung marang tangga ngangkat barang.,neutral,0
Anak-anak dolanan bal-balan ning lapangan.,neutral,0
Wonten tiyang ngantri tuku roti ning toko.,neutral,0
"Wong kafir iki kabeh kudu diusir saka tanah Jawa, merga mung ngrusak adat lan agama kita.",severe,3
Aku bakal ngobong omahmu lan mateni kulawargamu yen kowe isih mbela kaum sing nyerang agamaku.,severe,3
"Wong-wong saka suku iku kaya kéwan, pancen kudu dibasmi nganti oyot-oyote supaya negara iki resik.",severe,3
"Aku sumpah, yen partai iku menang pemilu, aku arep nyiksa kabeh pendukungé nganti jerit-jerit kesakitan.",severe,3
"Kabeh wong sing beda karo kita iku pengkhianat bangsa, patut digantung ing lapangan umum.",severe,3
"Aku bakal nyulik lan ngremehake anak-anakmu, merga leluhurmu wis nindhes leluhurku atusan taun kepungkur.",severe,3
"Golongan iku mung mampir ngombe, kabeh wong dijerat utang, kudu diusir bali menyang negarane dhewe.",severe,3
"Aku duwe senjata akeh, siap nembaki kabeh wong sing nantang kedaulatan kelompok kita.",severe,3
"Wong-wong sing nganggo agama iku kabeh munafik lan tukang sihir, kudu dipateni nganggo cara pancung.",severe,3
"Aku bakal ngrusak panguripanmu, nganti kowe lan sedulurmu mlarat sengsara salawase, merga kowe wis ngina marang kita.",severe,3
Wong Sunda mah bisane mung nyadong upil dewe.,regional,2
Akeh wong Batak kasar lan tukang ngamuk.,regional,2
Wong Madura kui tukang nyolong sapi wae.,regional,2
"Wong Jawa iku pinter banget mikirke awake dhewe, licik.",regional,2
"Aja pacaran karo wong Papua, kasar lan primitif.",regional,2
"Wong Bali kui pagan, nyembah-nyembah berhala.",regional,2
Wong Maluku kui keras lan gampang gelut.,regional,2
"Suku anu neng pegunungan kui kafir, dudu Muslim.",regional,2
Wong Lampung kui preman lan tukang main keroyokan.,regional,2
Wong-wong nang kana korupsine wes mangan ndase dewe.,politics,2
Kebijakane mung nguntungke cukong lan antek-anteke.,politics,2
"Dasar para maling berdasi, rakyat sengsara dikongkon korupsi.",politics,2
"Pemerintah iku bodho, rega mbarang ora tau mudun.",politics,2
"Wakil rakyat kok mung ngemis-ngemis kursi, kerjane nggelundung.",politics,2
"Janjine mung kopi jahe, isine mung ngapusi rakyat.",politics,2
"Ora usah milih maneh, kabeh padha tukang tipu.",politics,2
"Rezim iki lumpuh, mung bisa ngasorake rakyat kecil.",politics,2
"Wah, klambi anyar ibu kok mirip kaya klambine Bu RT, pancen trendi nggih.",neighbors,1
"Dino-dino kok swarane tape recorder niku mboten pernah suda, kaya lagi latihan karawitan terus.",neighbors,1
"Lho, jenenge kula mboten nate mundut panci niku, nanging piyambakipun sampun paring kula.",neighbors,1
"Kula mboten ngertos menawi tetangga niku gadhah usaha rental perkakas, amargi barang kula asring raib.",neighbors,1
"Wonten tetangga ingkang remen banget ngrungokake urusan kulawarga tiyang sanes, kaya dadi penasehat.",neighbors,1
"Wah, bapak sampun ahli babagan urusan kula, mekaten mboten perlu konsultasi nggih.",neighbors,1
"Kebon kula mboten wonten woh-wohan, nanging asring kehilangan piranti kebon.",neighbors,1
"Mboten ngertos menawi bapak niku gadhah jadwal nggawe bising saben dinten, kula mboten dipun paringi.",neighbors,1
"Barangipun kula dipun pundhut, nanging kula mboten kepareng mundut, aneh nggih.",neighbors,1
Wonten tiyang ingkang langkung prihatin kaliyan urusan tiyang sanes tinimbang urusanipun piyambak.,neighbors,1
Aku ketemu karo konco ning dalan.,neutral,0
Adhine ngunjuk teh anget.,neutral,0
Wong-wong padha mlaku-mlaku ning taman.,neutral,0
Kancaku nggawa payung amarga mendhung.,neutral,0
Kula ndeleng klambi anyar ing toko.,neutral,0
Bapak ndandani kursi sing rusak.,neutral,0
"Wong kafir iki kabeh kudu diusir saka tanah Jawa, merga ngrusak tradisi leluhur.",severe,3
"Kabeh wong saka suku kono iku maling lan perusuh, aja nganti dipercaya ing masyarakat.",severe,3
"Yen wong kelompok iku mlebu desa, bakal tak gebugi nganti mati, aja nganti coba-coba.",severe,3
"Kabeh pendukung partai iku goblok lan budak koruptor, kudu dibabat nganti oyod-oyode.",severe,3
"Wong agama liya iku najis, kudu disingkirake saka kutha suku iki.",severe,3
"Generasi muda saka golongan iku cuma sampah masyarakat, aja diajak kerjasama.",severe,3
"Kelompok iku dudu wong Jawa asli, dadi ora nduwe hak urip neng kene.",severe,3
"Wong-wong saka pulo sebelah iku parasit, kudu dibasmi kaya tikus.",severe,3
"Yen kelompok iku menang pemilu, aku janji bakal tak bakar omah-omahe.",severe,3
"Kabeh keturunan iku iblis, aja nganti kawin campur karo wong lokal, bakal ngrusak getih Jawa.",severe,3
Wong Sunda mah bisane mung ngomong haseup jeung sorangan wae.,regional,2
"Akeh wong Batak karo ambekan lan kasar, koyo arep gelut terus.",regional,2
"Wong Madura iku seng nggowo celeng, mangan babi terus ndesek-nedesek nang kene.",regional,2
"Lha wong Jawa Timur kok dikandani nggak nggenah, otake mung nggletak.",regional,2
"Wong Kalimantan kui mesti bodho, urip nang alas melu monyet.",regional,2
"Akeh wong Papua mabok terus, kerja ora biso.",regional,2
"Wong Bali iku pura-pura suci, nanging sesat agamane.",regional,2
"Ojo cedhak karo wong Makassar, tukang bacok kabeh.",regional,2
"Wong Menado seng mangan tai manuk, mambune nyebar kemana-mana.",regional,2
"Wong Lampung kui preman kabeh, golek urip mung ngrekok.",regional,2
"Sing menang pemilu wae penipu, janjine bohong kabeh.",politics,2
"Pejabat sing korup kudu dipateni, dikubur urip-urip.",politics,2
"Partai politik iku sarang tikus, padha maling duwit negara.",politics,2
"Pimpinane edan, nggawa bangsa iki menyang kuburan.",politics,2
"Ora usah milih, podo wae, kabeh tukang ngapusi.",politics,2
"Pemerintah iki goblok, rakyat sengsara dikongkon korupsi.",politics,2
"Wah, klambine mbak Yati kok keselak karo angine, tolong dijaga ya, tak wedi kabur maneh menyang omahku.",neighbors,1
"Bapake pancen pinter banget, ngerti kabeh urusan wong liya, kaya dene dadi kepala desa saking ngersane.",neighbors,1
"Lho, jam pira iki kok swarane televisi isih deres? Kula nyangka badhe wonten wayangan nginggih.",neighbors,1
"Sampun pitung dinten, sapune Bu RT kula pinjem, mbok menawi sampun kesel dolan neng kene.",neighbors,1
"Wah, adhine pancen aktif banget, mlayu-mlayu neng dalem kaya arep latihan karate, nggih nggih?",neighbors,1
"Kula mboten ngertos menawi tetangga kula gadhah usaha sewa barang, amargi barang-barangipun asring mampir neng griya kula.",neighbors,1
"Bapake koyo pelatih timnas, saban sore swarane nguwawani kabeh penjuru.",neighbors,1
"Mboten usah repot-repot ngladeni kula, Bu. Kula mung nyuwun pinten-pinten barang kula ingkang tasih wonten nrik.",neighbors,1
"Wah, sore-sore iki kok swara debogane kaya lagi ngrekam sinetron ya? Kula keprungu critane saking kamar.",neighbors,1
"Kula nyuwun pangapunten, mbok menawi kula kedah nyewa tukang pijet, amargi saben dinten keprungu swara mebel geser.",neighbors,1
Dheweke nggawa payung amarga mendhung.,neutral,0
Aku ngrungokake lagu nalika nyapu kamar.,neutral,0
Dheweke nggawa tas belanjaan sing isine jajanan.,neutral,0
Anak-anak dolanan ing plataran sawise pulang sekolah.,neutral,0
"Wong kafir iki kabeh kudu diusir saka Tanah Jawa, ora gelem nyembah Gusti Allah.",severe,3
"Akeh-akehe wong seng ngganggu agama iku, besuk bakal ditumpes kabeh dening wong-wong sing sholeh.",severe,3
"Wong saka pulo liya iki mlebu nggawa budaya lacur, rusak anak-anakku, kudu dibalikke menyang kono.",severe,3
"Golongan iku kabeh tukang korupsi, kaya asu ajag, kudu dipateni siji-siji.",severe,3
"Wong-wong sing beda karo aku iku kabeh antek asing, bakal tak gebugi nganti mati.",severe,3
"Aja cedhak karo wong saka suku iku, dheweke iku kethek gunung sing mung nggawa cilaka.",severe,3
"Kabeh wong sing ndhukung partai iku pancen bocah setan, besuk bakal digebugi massa.",severe,3
"Wong saka agama liya iku kudu dipeksa pindah, yen ora gelem, bakar omah-omahé.",severe,3
"Golongan iku mung tukang nyolong hajaté wong cilik, kudu dibasmi nganti oyod-oyodé.",severe,3
"Wong-wong sing ngaku pinter iku kabeh munafik, kudu ditumpes supaya negara resik.",severe,3
"Aja cedhak karo wong Papua, bodho lan mabuk terus.",regional,2
"Wong Maluku iku panas atine, cilik-cilik wis golek gelut.",regional,2
"Sekolahane wong NTT iku mbloon, sinau ngapa ora pinter-pinter.",regional,2
"Wong Betawi iku pinter baé nyolong lahan, uripé nèng ilegal.",regional,2
"Aja percaya karo wong Minang, licik lan tukang nipu.",regional,2
Wong-wong nang pemerintahan iku kabeh korup lan goblok.,politics,2
Kebijakane pemerintah mung ngrusak urip wong cilik.,politics,2
"Mimpin negara kok mung ngutang terus, dasar pemerintah bodho.",politics,2
Partai politik iku sarang tikus pejabat rakus.,politics,2
"Pemerintah iku edan, kebijakane ora mikirke rakyat.",politics,2
"Wakil rakyat iku maling berdasi, janji-janjine mung omong kosong.",politics,2
"Ora usah milih pemilu, wong sing menang mesthi maling uga.",politics,2
"Pemerintah iku buta, rakyat sengsara dipeksa seneng.",politics,2
"Kabeh pejabat iku bejat moralé, mung ngurusi kantong dhéwé.",politics,2
"Wah, tetangga kita lagi latihan karawitan ya, swarane kenceng banget nganti tekan kene.",neighbors,1
"Kula mboten purun nyuwun, nanging menawi badhe nyambut damel, kula gadhah linggis ingkang sampun dangu katutup.",neighbors,1
"Lho, klambi adik kok neng ngendi kae? Pancen model saiki podo karo tiang sebelah.",neighbors,1
"Wes sore kok isih ana swara kaya lagi nggeser lemari, mbok jare nek arep pindahan.",neighbors,1
Kula kepareng nyuwun buku kula ingkang dipun ginakaken kemawon? Mboten nate dipun wangsuli.,neighbors,1
"Aduh, bocah-bocah saiki pinter banget nyambut gawe, dolanan balon terus pecah neng ngarepe omah wong.",neighbors,1
Kok rasane aku tau ndeleng vas bunga kuwi neng teras sebelah ya? Mungkin mata saya yang kabur.,neighbors,1
"Wah, ibu-ibu saiki kaya dadi kepala desa, urusan tetangga kok digawa-gawa.",neighbors,1
"Televisi anyar sampeyan kualitasnya saestu, swaranipun saget dirungokna ngantos dalem griya kula.",neighbors,1
"Mboten usah repot-repot ngurusi oyod wit tetangga, wit sampeyan ugi mboten kenging dipun tedhak.",neighbors,1
Adhine nglakoni tugas sekolah.,neutral,0
Wong-wong padha obrolan ning warung.,neutral,0
Dheweke masak sega goreng kanggo nedha awan.,neutral,0
Keluarga mangan bebarengan ning meja makan.,neutral,0
Aku nyapu lantai kamar turu.,neutral,0
"Wong Cina iki tikus-tikus rakus sing nyolong kasugihan negara, kudu dibabat nganti oyod-oyode.",severe,3
"Akeh-akeh wong Muhammadiyah iki sok suci, padha digebugi wae nganti pecutan atine.",severe,3
"Wong NU iki kafir, nyembah kuburan, kabeh bakal digiring menyang neraka.",severe,3
"Kabeh wong pendatang saka pulo liya kudu mateni awake dhewe, Jawa iki mung kanggo wong Jawa asli.",severe,3
"Aku sumpah bakal nyiksa kabeh lelaki sing nganggo celana cingkrang, iku tandane teroris.",severe,3
"Wong LGBT iku penyakit, kudu dibedhil ing panggung umum supaya pada kapok.",severe,3
Gusti bakal ngrusak desa iki amarga wong-wonge akeh sing murtad lan ninggal sholat.,severe,3
"Wong partai iku mung tukang korupsi, kabeh pengurusé kudu dipateni karo keluargané.",severe,3
Akeh wong Batak kasar lan gampang dadi tukang ribut.,regional,2
"Wong Madura kok dikon gawe warung, mesthi mung nilep utang wae.",regional,2
"Lha wong Papua kui pinter mung ngarit suket, ngapusi ojo dijaluk.",regional,2
"Wong Kalimantan kui kabeh logatnya aneh, koyok kodok kecemplung banyu.",regional,2
Akeh wong Lampung kui tukang sirik lan seneng gawe susah liyan.,regional,2
"Wong Malang kui atine atos, pancen keturunan arek-arek sing galak.",regional,2
"Sek kabeh wong Bali bisane mung nari, gawe patung, urip mung ngandelin turis.",regional,2
"Wong Menado sisan, mung pinter nyanyi lan mabok, gawe rusuh tenan.",regional,2
Wong Aceh kui kabeh keras kepala lan kumat-kumat pengen perang terus.,regional,2
"Wong-wong nang kana korupsi gedhe, ra ragu-ragu nilep dana!",politics,2
"Sing dadi pejabat mung mikir awake dhewe, ra mikirke kesusahan kita.",politics,2
"Kabeh partai iku podo wae, maling kabeh!",politics,2
"Kebijakan pemerintah iku bodho, mung gawe larang kabeh barang.",politics,2
"Wong sing nyalon iku janji mung omong kosong, mbohongi kabeh.",politics,2
Negara iki ambruk merga korupsi sing wes dadi budaya.,politics,2
"Pemerintah iku bego, ra ngerti kahanan nyata rakyat.",politics,2
"Mimpin kok ngawur, ra duwe ati lan pikiran sing bersih.",politics,2
"Wah, klambi anyarku kok ra ono ning gantungan, pancen akeh tikus ning omah iki.",neighbors,1
"Boten sare, Pak? Kula mirengake suara ingkang sae saking griya panjenengan.",neighbors,1
"Lho, sepedane masih dipun-ginakaken? Kula rumiyin gadhah sepeda warni meh sami.",neighbors,1
"Wes dadi alarm alamiah, jam lima esuk langsung melek mergo ada suara bedhil.",neighbors,1
"Kula kedah nyuwun pirsa, kados pundi ngatasi bocah ingkang remen nyuwun dolanan nanging mboten kepanggih malih?",neighbors,1
"Waduh, beritane kenceng banget, sampeyan pancen pinter nggatekke urusane wong liya.",neighbors,1
"Televisine niku swaranipu sae, kula saking kamar pribadi saged mirsani jalan critanipun.",neighbors,1
"Barange dicolong? Mboten, Pak. Mboten wonten maling, mugi-mugi namung keselip ning tetangga.",neighbors,1
"Kok aku rumangsa uripku dadi sinetron, terus ana sing saben dina ngrewangi ngarah-ngarah.",neighbors,1
"Mboten usah nyuwun tumbas, kula gadhah barang ingkang sami. Nanging mboten kepanggih pundi simpenanipun.",neighbors,1
Dheweke lagi nggawa belanjaan menyang omah.,neutral,0
Bapak lagi maca koran ing teras.,neutral,0
Adhine nyapu lantai kamar.,neutral,0
Kancaku ngunjungi omahku sore iki.,neutral,0
Wong-wong padha obrolan ing warung kopi.,neutral,0
Aku arep masak sega goreng kanggo nedha bengi.,neutral,0
Ibu lagi masak sayur bayem.,neutral,0
"Wong kafir iki kabeh kudu diusir saka Tanah Jawa, merga mung gawe rusuh wae.",severe,3
Aku arep ngobong masjid-masjidmu nganti ompong yen kowe terus nantang karo wong lokal.,severe,3
"Wong saka pulo liya aja ngaku-ngaku dadi pemimpin neng kene, awakmu mung tamu sing kudu manut.",severe,3
"Kabeh keturunan Cina iki tukang monopoli, kudu digebugi nganti minggat saka Indonesia.",severe,3
Aku sumpah arep mateni kabeh wong sing beda agama karo aku yen konflik iki terus-terusan.,severe,3
"Wong pendatang iki kaya asu, maling rejekine wong asli, kudu dibabat sekabehane.",severe,3
"Aku bakal ngganyang kabeh kelompokmu nganti ora ono sisa, merga kowe penghianat bangsa.",severe,3
"Gereja-gereja iki sumber maksiat, kudu dibongkar lan diusir pastur-pasture sing misionaris.",severe,3
"Kabeh wong sing nganggo cadar iku teroris, aja dikasihani, patenae wae kabeh.",severe,3
Aku bakal nyiksa kabeh leluhurmu nganti tekan kuburan yen kowe ora ngilang saka kene.,severe,3
"Wong Sunda mah bisane mung nyadori, ora gelem kerja keras kaya wong Jawa.",regional,2
"Akeh wong Batak sing kasar lan tukang ribut, ora ngerti tata krama.",regional,2
"Wong Madura kasebar nang endi-endi, ngerusak tentreming daerah liyane.",regional,2
"Aja percaya karo wong Kalimantan, kebangeten urip nang alas.",regional,2
"Wong Papua kok diwenehi otonomi, pancen durung bisa mimpin dhewe.",regional,2
"Wong Maluku iku keras kepalane, mung cocok dadi preman.",regional,2
"Suku liya nang Indonesia Timur mung bisa nyanyi lan nari, urip mung numpang nang NKRI.",regional,2
"Wong Bali bisane mung ngibadah, ngurusi pariwisata, urusan negara ora ngerti.",regional,2
"Akeh wong Lampung sing tukang ngakal, dagang kok nipu.",regional,2
"Wong NTT mung bisa dadi TKI, kerja kasar nang luar negeri.",regional,2
Politik iku mung dagangane wong sugih kanggo ngrusak negoro.,politics,2
Wong-wong ngentekake dhuwit rakyat mung kanggo seneng-seneng dewe.,politics,2
Pemerintah iki mung wayang sing didalangi koruptor.,politics,2
"Kebijakane mung nguntungke cukong, nggak mikirke wong cilik.",politics,2
"Wong sing njajah negoro saiki dudu londo, nanging pejabat sing maling.",politics,2
Partai-partai iku kumpulan lanang edan sing rebutan porsi.,politics,2
Mimpin negoro mung dianggo golek kekayaan turunan.,politics,2
"Rakyat sengsara, nanging wong ngedi mligi urip mewah.",politics,2
Pemimpin saiki luwih bejat tinimbang jaman penjajahan.,politics,2
Kabeh janjine mung goroh kanggo nggawe rakyat percaya.,politics,2
"Wah, klambi anyar kok isa ilang merga angin, ya? Mesti angine saka arah omah sebelah.",neighbors,1
"Bapake arep turu, nanging swarane konser musik katon luwih rame tinimbang pasar.",neighbors,1
"Lho, jenenge mung dipinjam, kok rasane dikokop nganti tekan akhire dadi duwek'e dewe.",neighbors,1
"Wonten ingkang gadhah griya, namung swantenipun ingkang asring rawuh dhateng griya kula.",neighbors,1
"Wes dadi ahli waris barang-barangku, ya? Aku mung nyekel sertifikate wae.",neighbors,1
"Kok aku rumangsa uripku dadi sinetron, ya? Sebab sakdurunge aku ngerti critane, tetanggan wis ngerti kabeh.",neighbors,1
"Mboten ngertos menawi wonten pameran alat dapur, kula aturi mampir, awit barang-barang kula saestunipun sampun dipunpajang mriki.",neighbors,1
"Wah, sepur mabur kae swarane luwih alus tinimbang dolanan motor bengi-bengi.",neighbors,1
"Kula nuwun sewu, menawi bade nanggap wayang, kula aturi wonten panggungipun, mboten wonten ing plataran griya kula.",neighbors,1
"Aku iki pancen seneng banget karo tetangga sing peduli. Nanging, urusanku karo bojo iki mboten kalebet paket urip bareng-bareng.",neighbors,1
Wong-wong pada obrolan neng warung kopi.,neutral,0
Aku arep masak sega goreng kanggo nedha awan.,neutral,0
Dheweke numpak sepedha menyang toko kelontong.,neutral,0
Ibu lagi nggodhok banyu kanggo teh.,neutral,0
"Wong kafir iki kudu disingkirake saka tanah Jawa, mergo awake ngrusak tradisi leluhur.",severe,3
"Kabeh wong saka suku kuwi pancen tukang nyolong, kudu diusir saka kutha iki.",severe,3
"Aja cedhak karo wong agama kono, awakmu bakal terkutuk lan diguna-guna.",severe,3
"Wong pendatang iki mlebu njajah maneh, kudu kita gebugi nganti padha balik menyang ngendi asale.",severe,3
"Golongan politik kuwi iku antek asing, kabeh pengkhianat bangsa sing pantes ditumpes.",severe,3
"Wong-wong sing ndhukung partai iku kabeh bego lan budak korupsi, uripe kudu disiksa.",severe,3
"Kabeh anggota organisasi iku preman, mateni wae sak-karepmu ora bakal ana hukumane.",severe,3
"Wong saka pulo seberang kuwi perusak persatuan, sedulur-sedulur aja wedi kanggo nyiksa dheweke.",severe,3
"Golongan iku sampah masyarakat, kudu dibakar omah lan kulawargane supaya njera.",severe,3
"Kabeh sing beda karo kita iku musuh, siyap-siyap perang total lan bunuh wae kabeh.",severe,3
"Aja pacaran karo wong Papua, isine mung tukang berantem lan mabuk.",regional,2
"Wong Kalimantan iku terbelakang, uripé nèng alas terus bodho.",regional,2
"Suku Aneh kok diangkat-angkat, padahal primitif banget uripé.",regional,2
"Wong Maluku iku panasaran, cilik-cilik wis diajari bawa parang.",regional,2
"Ora usah diajak rembugan wong Jawa, pinteré mung nggorèng batin.",regional,2
Akeh masalah iki merga wong Sumatra sing serakah lan doyan nyolong.,regional,2
"Wong-wong nang kana korupsi terus, rakyat nandhang kesusahan.",politics,2
"Pemerintah iki gemblung, ora mikirke kahanan wong cilik.",politics,2
"Kebijakane mung nguntungke wong sugih, awak dewe diporseli.",politics,2
"Korupsi wis dadi budaya, akeh wong gedhe sing maling ndholar.",politics,2
"Pemerintah iku buta lan budheg, ora ngrungokke swarane rakyat.",politics,2
"Akeh politikus sing pura-pura suci, nanging sejatine reged atine.",politics,2
Kebijakan pemerintah mung nggawe rakyat sengsara lan mlarat.,politics,2
"Wong sing nguwasani iki akeh sing bejat, mangan dhuwit proyek rakyat.",politics,2
"Wah, tetangga kita seneng banget karo musik, nggak lali diputer wengi-wengi, mugo-mugo iso rekaman langsung dijual.",neighbors,1
"Kula mboten purun nyuwun, nanging menawi badhe nyambut damel, kathok cendhak kula saged dipun-ginakaken?",neighbors,1
"Kok rasane urip iki kaya sinetron, sedina-dina ana crita anyar sing dirungokake tanpa dijaluk.",neighbors,1
"Wes dino iki mlaku-mlaku neng ngarep, pancen sehat, nanging kunci sepedahe kon durung balik?",neighbors,1
"Mboten nate bosen ndelok tetangga sing sregep matur, kula mboten purun matur, mung kenging klalen dhateng griya.",neighbors,1
"Wah, sepur barang kula sampun dipun-ginakaken, nanging mboten wonten kabar kapan badhe kondur.",neighbors,1
"Kok rasane urip iki kaya radio, swarane teka saka kabeh arah, nanging ora bisa diganti saluran.",neighbors,1
"Kula mboten gadhah televisi, nanging tansah mirsani sinetron urip saking jendela.",neighbors,1
"Menyang pasar kok mlaku, kendaraan kula dipun-pundhut nopo mboten, kula mboten purun nyuwun.",neighbors,1
"Wah, kanca anyarku iki pinter banget, uripku kabeh wis diatur kaya lagu, nanging aku dudu penyanyine.",neighbors,1
Anak-anak mangan jajan pasar.,neutral,0
"Wong kafir iki kudu diusir saka tanah Jawa, merga mung ngrusak tradisi leluhur.",severe,3
"Aku bakal nggebugi kabeh wong sing ndhukung partai iku nganti pejah, awakmu aja nganti klebu.",severe,3
"Golongan iku kaya tikus, kudu dibasmi nganti oyod-oyode supaya negara resik.",severe,3
"Wong saka pulo liya aja dipercaya, dheweke mung arep njajah maneh ekonomi kene.",severe,3
"Kabeh anggota organisasi iku pengkhianat bangsa, patut dihukum mati ing alun-alun.",severe,3
"Aku arep numpes kabeh panggonan ibadahmu, supaya agama sing bener bisa menang.",severe,3
Wong-wong sing beda suku karo aku iku kurang ajar lan kudu dipepes dadi bubur.,severe,3
"Saben wong sing ngikuti aliran sesat kasebut kudu ditangkep lan digantung, tanpa pangadilan.",severe,3
"Kowe kabeh sing ngelawan bakal mati cilaka, geni neraka nunggu ing akhirat.",severe,3
"Golongan iku mung sampah masyarakat, kudu dibuang menyang laut ambek keluargane.",severe,3
"Akeh wong Batak kan sok keras atine, karo kulawargane dhewe malah gelut.",regional,2
"Wong Madura iku kasar lan tukang bacok, sapa wae wedi yen ketemu.",regional,2
"Wong Papua kok goblok, mung cocok kanggo dadi pembantu.",regional,2
"Wong Kalimantan iku terbelakang, uripé isih ing alas.",regional,2
Akeh wong Maluku iku temperamental lan gampang dadi panas.,regional,2
"Wong Bali iku pura-pura suci, nanging ngibadahé mung kanggo pariwisata.",regional,2
"Wong Menado sisan, mung pinter nyanyi lan pesta, kerjaan serius ora bisa.",regional,2
"Wong Lampung iku preman, masyarakaté akeh sing tukang palak.",regional,2
"Wong Aceh sok nganggo syariat, nanging atine isih keras lan kolot.",regional,2
"Cuma ngomong doang, janjine ra tau ditepati.",politics,2
"Dasar para maling berdasi, negara dibobol wong dhewe.",politics,2
"Pemerintah iku budheg, ra ngrungokke swarane rakyat.",politics,2
"Akeh janji nanging mbohongi, rakyat tansah ditipu.",politics,2
"Korupsi gede-gedean, negara bakal rusak.",politics,2
Wong sing nduwé kuasa mung sibuk ngumbar syahwat kekuasaan.,politics,2
"Wah, tetangga kita lagi latihan karawitan ya, suaranya merdu banget sampek ke dalem rumah.",neighbors,1
"Kula mboten saget turu, kadosipun wonten latihan gamelan dalu-dalu niki.",neighbors,1
"Lho, setahun kepungkur aku pinjami panci, kok isih dadi koleksi ning omahmu?",neighbors,1
"Kula badhe masak, nanging kranjang kukusipun sampun dangu mboten wangsul.",neighbors,1
Wes dadi ahli waris kabeh barang-barangku koyone.,neighbors,1
"Kula mboten purun nyuwun tumbas anyar, menawi pinten-pinten sampun dados barang umum.",neighbors,1
"Wah, ibu iki lebih pinter ngerjain urusanku tinimbang aku dhewe.",neighbors,1
"Kula mboten gadhah hak hidup pribadi, kadosipun tetangga sedaya dados pengawas kula.",neighbors,1
"Kok swara televisimu luwih rame tinimbang bioskop iki, to?",neighbors,1
"Mboten usah rawuh dalem-dalem, sak durunge mlebet kula sampun uninga kabar kula saking ibu.",neighbors,1
Adhek nggambar ing buku gambar.,neutral,0
Kula ndelok televisi sawise mangan sore.,neutral,0
Dheweke nyapu lantai kamar turu.,neutral,0
Kancaku ngunjungi omah aku wingi sore.,neutral,0
Simbah masak sega goreng kanggo sarapan.,neutral,0
Kula ngrungokake musik nalika nyetrika klambi.,neutral,0
Wong-wong padha dodolan aneka jajanan ing pasar.,neutral,0
"Wong kafir iki kudu diusir saka tanah Jawa, merga ngrusak tradisi leluhur.",severe,3
"Akeh wong saka pulo liya sing nggawa penyakit lan nyulik jabatan, kudu dibalikke menyang asale.",severe,3
"Golongan iku kabeh tukang ngapusi, besuk bakal diklakoni ben ora mlebu politik maneh.",severe,3
"Wong sing beda keyakinan karo kulo, yen ora tobat, bakal krasa akibat sing pedhes.",severe,3
"Kabeh wong saka suku iku penjahat turunan, kudu dipeksa minggat saka kene.",severe,3
"Aja cedhak karo kelompok iku, awaké iku kabeh pembawa sial lan bakal ngrusak urip sampeyan.",severe,3
"Wong-wong sing ngaku pahlawan iku sebeneré penghianat bangsa, kudu dibabat nganti oyod-oyodé.",severe,3
"Lamun kelompok iki menang pemilu, Jawa bakal dadi neraka lan kabeh wong bener bakal ditindhes.",severe,3
"Kabeh masalah iki gara-gara golongan iku, mula kudu dibasmi kaya tikus ing sawah.",severe,3
"Wong sing ndhukung ideologi liya iku kudu ditumpes, supaya tanah Jawa resik kabeh.",severe,3
"Aja pacaran karo wong Kalimantan, tukang madat lan mabuk-mabukan.",regional,2
"Wong Papua iku bodho, mung cocok dadi kuli.",regional,2
"Suku A*eh tukang tipu lan radikal, ati-ati karo dheweke.",regional,2
Wong Jawa iku licik lan tukang nindhes wong cilik.,regional,2
"Aja percaya karo wong Bali, bisane mung ngibul lan nipu turis.",regional,2
Wong Maluku iku keras kepala lan gampang gelut.,regional,2
"Suku Timor iku mung pinter nyolong, aja diajak urusan.",regional,2
Pemerintah iki bodho lan ora ngrungokke swarane wong cilik.,politics,2
"Kebijakane mung nguntungke wong sugih, awake dhewe mlarat.",politics,2
"Dasar para maling berdasi, negara dibobol kabeh.",politics,2
"Janji-janjine mung pepesan kosong, rakyat ditipu maneh.",politics,2
"Pemerintah iku bejat, korupsi gede-gedean ora ditindak.",politics,2
"Kebijakan e salah, uripe rakyat dadi lara.",politics,2
"Wong sing dadi pemimpin mung ngurusi kepentingane dewe, rakyat dikongkon mati.",politics,2
"Wah, tetangga kita seneng banget karo musik, nggak tau kapan wektune turu.",neighbors,1
"Kula mboten purun nyuwun barangipun, mboten kepanggih kados dene kula gadhah.",neighbors,1
"Lho, kok critane kulo dadi critane sampeyan sedaya?",neighbors,1
"Wes dadi radio, nggak perlu antena, swarane langsung mlebu kamar.",neighbors,1
"Barang sing dipunpundhut kados ta kesedot bumi, mboten naté katingal malih.",neighbors,1
"Sampeyan niku prihatin banget karo urusanku, mugi-mugi Gusti paring pahala.",neighbors,1
"Boten usah nyewa tukang bangunan, sakmburi omah sampun wonten papan latihan drum.",neighbors,1
Kulo mboten ngertos menawi griya kula dados museum barang tetangga.,neighbors,1
"Kok swasanaku dadi swasanamu ya, pancen saiki rame banget.",neighbors,1
"Mboten usah dipunpundhut, kulo aturi nyuwun, nanging mugi-mugi dipunéngaké.",neighbors,1
Dheweke lagi nggawa belanjaan saka pasar.,neutral,0
Adhine nggawe teh kanggo tamu.,neutral,0
Aku krungu obrolan wong loro ing warung.,neutral,0
Ibu arep masak sega goreng kanggo nedha awan.,neutral,0
Aku weruh pakdhe lunga menyang kebon.,neutral,0
Anak-anak lagi dolanan ing plataran.,neutral,0
"Aku bakal nggebugi kabeh wong sing ndhukung partai iku nganti babak belur, awake dhewe ngaku pancen pinter.",severe,3
"Kabeh pendatang saka pulo liya kudu diusir, merga dheweke iku maling rejekine wong Jawa asli.",severe,3
"Wong-wong sing beda karo awake iku kaya sampah, kudu dibakar urip-urip.",severe,3
"Aku sumpah arep mateni sapa wae sing ngremehake agamaku, ora peduli sapa kuwi.",severe,3
"Golongan iku kabeh iku asu, bakal tak tumpes kabeh nganti oyod-oyode.",severe,3
"Wong sing nganggo basa liya ing kene iku penghianat, kudu dihukum pati.",severe,3
"Aku bakal ngrusak omah ibadahmu nganti rata karo lemah, merga kowe wong lacur.",severe,3
"Kabeh wong sing ndhukung kandidat iku pancen goblok, pantes dikucilkan lan dikeroyok.",severe,3
"Saben wong saka suku iku tukang ngakal, mending dikumpulke lan digebugi bareng-bareng.",severe,3
Wong Jawa iku licik lan tukang nyolong proyek.,regional,2
"Wong Bali mung pinter nggombal turis, uripé mung ngandel pariwisata.",regional,2
"Aja percaya karo wong Menado, tukang ngutang lan ora bayar.",regional,2
"Wong Lampung kasar lan preman, kuthané ora aman.",regional,2
"Dasar pejabat lacur, kabeh klebu penipu.",politics,2
"Ora ono bener-bener nang ngisor iki, kabeh ngapusi rakyat.",politics,2
"Rezim iki bejat, mung ngisep getih wong miskin.",politics,2
Pungli lan korupsi wes kaya pakurmatan nang negri iki.,politics,2
"Kabeh partai padha wae, asline maling berdasi.",politics,2
"Pemerintah iku buta lan budheg, rakyat nandang sangsara.",politics,2
"Wah, tetangga kita pancen kreatif, nggawe musik drum jam setengah wolu bengi.",neighbors,1
"Barang sing dipun ginakaken kok rasane keselak ning ati, mbok menawi dipun wangsulaken.",neighbors,1
"Sampeyan kerep mirengake obrolan wong liya, kayane pengin dadi hakim lingkungan.",neighbors,1
"Wes sore kok isih ana tetabuhan, kaya ning panggung hiburan bae.",neighbors,1
"Kula nuwun pirantosipun, nanging menawi sampun dipun ginakaken mugi-mugi saged dipun rawuhi.",neighbors,1
"Kok swarane kaya lagi latihan band, nanging lagune ora tau rampung.",neighbors,1
"Nek ngomong urusan rumah tangga liyan, sampeyan kaya ahli strategi perang.",neighbors,1
"Televisimu sing apik, nek dipinjem kok suwe banget baline, kaya dadi barang koleksi.",neighbors,1
"Wah, sampeyan kaya satpam ronda, selalu ngerti kegiatan wong liya.",neighbors,1
"Mboten sare, mboten tilem, nggih mirengake tetangga main musik gratis.",neighbors,1
Wong-wong padha mlaku-mlaku ning dalan sawise sore.,neutral,0
Kancaku nggawa tas isi buku-buku pelajaran.,neutral,0
Kula ndherek ibu numpak bis menyang pasar.,neutral,0
Anak-anak padha dolanan bola ning lapangan.,neutral,0
Dheweke nunggu bis ngadeg ning halte.,neutral,0
"Aku bakal nggebugi kabeh wong sing ndhukung partai iku nganti mati, awake dhewe meh mlebu neraka.",severe,3
"Kabeh pendatang saka pulo liya kudu dibalikke, nek ora arep tak bakar omah-omahmu.",severe,3
"Wong-wong sing beda agamane karo aku iku sampah, luwih becik dipateni wae.",severe,3
"Aku sumpah bakal ngrusak kabeh tempat ibadahmu, merga kowe wis nistain leluhurku.",severe,3
"Kabeh turunan Cina iku maling kasugihan negara, kudu dipeksa lunga saka Indonesia.",severe,3
"Wong partai kuwi kabeh iblis, kudu dibasmi nganti oyot-oyote, tak siksa sedulur-sedulurmu.",severe,3
"Golongan iku kaya tikus, nek ora diklakoni arep ngrusak nagara, siap-siap kena getih.",severe,3
"Aku bakal nggantung kabeh sing mbela hak LGBT, awake dhewe iku penyakit masyarakat.",severe,3
"Wong suku iku kera gunung, ora pantes nyengkuyung neng pemerintahan, bakal tak pundhuti kabeh.",severe,3
"Wong Papua iku bodho, mung cocog dadi kuli.",regional,2
"Suku Jawa iku licik lan tukang nipu, aja percaya.",regional,2
"Wong Bali iku pagan, nyembah berhala, agamaé ora bener.",regional,2
Wong Maluku iku keras lan gampang dadi preman.,regional,2
"Aja cedhak karo wong Betawi, tukang ngomong kasar lan kampungan.",regional,2
"Wong NTT iku miskin lan kere, mung nunggu bantuan terus.",regional,2
"Wong-wong nang kono podo maling, korupsine wis dadi budaya.",politics,2
"Kebijakane mung nguntungke kroni, rakyat cilik tansah ditipu.",politics,2
"Pemerintah iki goblok, ora mikirke awake dhewe.",politics,2
"Sing dadi pejabat mung ngumbar janji palsu, mbohongi kabeh.",politics,2
"Korupsi gede-gedean, nanging rakyat sing disalahke.",politics,2
"Ora ono bener-bener ngerasakke kahanan wong cilik, mung ngomong doang.",politics,2
"Wong sing mimpin kui bejat, moralne wis ilang kabeh.",politics,2
"Kebijakane asal ngetokke, gawe susah wong akeh.",politics,2
"Pemerintah iki lumpuh, ora bisa ngrampungke masalah negara.",politics,2
"Wah, tetangga kok sibuk banget ya, swarane koyo pasar Klewer neng njero omah.",neighbors,1
"Barange sing dipinjem kok rasane dadi melu ilang, mbok kiro aku ora keri.",neighbors,1
Lha sampeyan kok lebih pinter ngatur urusanku tinimbang urusan dapur sampeyan dewe.,neighbors,1
"Wes sore kok isih ana sing nggawe karokean, koyo arep audisi nyanyi.",neighbors,1
"Alat kebonku sing dipinjem minggu kepungkur, saiki wis dadi barang koleksi ta?",neighbors,1
"Kok rasane urusanku dadi bahan rembugan sore-sore neng teras ya, Bu?",neighbors,1
"Suara bor sampeyan kapan mari, Pak? Aku kiro arep ngebor sumur nganti tekan banyu.",neighbors,1
"Mboten sare, Pak? Aku mboten ngertos menawi sampeyan gadhah proyek bangunan tengah wengi.",neighbors,1
"Wah, nek ngomong babagan aku, detailnya kok lebih lengkap tinimbang data KTP.",neighbors,1
"Barangku sing ilang, mbok ya dikoili, aja malah dadi bandha simpenan.",neighbors,1
Aku krungu kabar saka konco wingi.,neutral,0
Ibu arep masak sega goreng sore iki.,neutral,0
Aku ndelok adhine main ing plataran.,neutral,0
Bapak lagi ngetokke wit ing kebon.,neutral,0
"Wong kafir kabeh kudu diusir saka tanah Jawa, ora gelem urip bebarengan karo wong Islam sing suci.",severe,3
"Kabeh wong Kristen iki misionaris penjajah, besuk bakal kita gebugi nganti ora bisa ngibadah maneh.",severe,3
"Wong pendatang saka pulo liya aja ngremehke wong asli, awakmu iku mung numpang urip nang kene.",severe,3
"Golongan iku kabeh antek asing, sabenere mung nunggu wektu arep ngancurke budaya lan agama kita.",severe,3
"Aja cedhak-cedhak karo wong saka suku kuwi, dheweke iku tukang gawe rusuh lan tukang nyolong.",severe,3
"Wong-wong sing beda keyakinan karo pemimpin iku pengkhianat, kudu ditumpes nganti oyod-oyode.",severe,3
"Kabeh anggota organisasi iku calon teroris, kudu diawasi lan dikucilake saka masyarakat.",severe,3
"Lamun wong saka etnis kuwi mlebu kampung, bakal kita goro kanthi cara tradisional, aja nganti coba-coba.",severe,3
"Generasi mudha aja ngikuti pola pikir kelompok liya, mergo dheweke iku perusak moral bangsa Jawa.",severe,3
"Wong sing ndukung ideologi liya iku mbebayani, kudu dicekel lan dipeksa lunga saka daerah iki.",severe,3
"Aja cedhak karo wong Papua, pikirane primitif lan mung ngerti mabuk.",regional,2
"Wong Maluku iku panas barane, cilik-cilik dikit langsung baku hantam.",regional,2
"Wong Bali iku mung ngerti nyembah berhala, agamaé wis kéliru.",regional,2
"Suku Aneh iki mung ngerusak jakarta, padha balik menyang désané wae.",regional,2
"Wong Jawa iku penjajah, ngremehke suku liya lan tukang nipu.",regional,2
"Aja percaya karo wong Menado, mung bisa omong doang, kerjaané nggak becus.",regional,2
"Wong-wong nang kono korupsi terus, ra ragu-ragu nilep dana!",politics,2
"Pemerintah iki edan, kebijakane nggak mikirin wong cilik!",politics,2
"Mimpin kok ngawur, mbok ya mikir sek kon!",politics,2
"Dasar pejabat lacur, mung ngurusi kantong dewe!",politics,2
"Kebijakane mung ngenteni sogokan, reged tenan!",politics,2
"Rakyat sengsara, nanging wong nang atas urip foya-foya, bajingan!",politics,2
"Ora usah milih-milih, kabeh politikus iku tukang tipu!",politics,2
"Pemerintah iki bodho, ora bisa ngatasi masalah negara!",politics,2
"Mundur wae kowe, mimpin kok mblengeri rakyat dewe!",politics,2
"Wah, klambi anyar ibu kok mirip kaya punyaku sing ilang minggu kepungkur, pancen model saiki podo-podo tho.",neighbors,1
"Dino-dino iki kok swarane tape esuk-esuk nganti sore, koyo lagi latihan karawitan neng ngarep.",neighbors,1
"Lho, televisi niku sampun dipunbalikaken dereng? Kula mboten ngertos menawi tiyang sak mriki gadhah adat nyimpen barang pinjaman.",neighbors,1
"Kebonku saiki isih seger, merga banyune akeh sing teka soko pompa sebelah, nanging ora dingerteni.",neighbors,1
"Wong sibuk tenan, nganti kula pribadi kedah ngrungokake crita putrane sing juara lomba neng sekolah, sanajan mboten dipunaturaken.",neighbors,1
"Mboten nate bosen kayane nyambut gawe tukang bangunan, saking kerepe ndandani tembok omah.",neighbors,1
"Kula mboten purun nyuwun gula, menawi kados dene kersane ibu, mboten wonten ingkang bali.",neighbors,1
"Wes sore kok dolanane bocah-bocah swarane kaya ana pasar kliwon, neng ngarepe omahku.",neighbors,1
"Kok aku rumangsa kaya lagi di audit ya, saben tuku barang anyar pasti ditakoni regane endi lan paise.",neighbors,1
"Mboten usah repot-repot ngurusi kula, mugi-mugi urusane piyambakipun sampun tuntas kabeh.",neighbors,1
Adhine ngunjuk teh anget sakderenge sekolah.,neutral,0
Dheweke mlaku-mlaku neng dalan sawise mangan sore.,neutral,0
Wong-wong padha antri rego tiket neng loket.,neutral,0
Dheweke ngrungokake radio nalika nyapu lantai.,neutral,0
Anak-anak dolanan bal-balan nang lapangan.,neutral,0
Kabeh wong sing beda aliran karo aku iku sesat lan kudu dibasmi nganti oyot-oyote.,severe,3
"Aja cedhak karo wong saka suku iku, dheweke iku tukang gawe rusuh lan maling.",severe,3
"Wong-wong saka pulo liya iku mung ngerampas pakaryan wong asli kene, kudu digebugi.",severe,3
"Kelompok iku kaya tikus, ngrusak negara, kudu dibabat mati kabeh.",severe,3
"Wong sing ndhukung partai liya iku pengkhianat bangsa, patut dihukum pati.",severe,3
Aku sumpah bakal nggeser kabeh leluhurmu saka bumi iki nganggo getih.,severe,3
Kabeh wong sing ngaku pancasila tapi ngelawan aku iku munafik lan kudu ditumpes.,severe,3
Generasi mudha saka kelompok iku kudu dicekel lan dipeksa kerja rodi nganti mati.,severe,3
"Wong agama liya iku najis, omahe kudu dibakar lan diceburke menyang segara.",severe,3
"Wong Sunda mah bisane mung nyadori, ora gelem kerja keras.",regional,2
"Akeh wong Batak sing kasar lan emosional, koyo kebo digiring.",regional,2
"Wong Madura kok ngaku pemberani, ternyata tukang carok wae.",regional,2
"Wong Kalimantan kui konone arek alas, budayane primitive.",regional,2
"Aja percoyo karo wong Padang, bisane mung nipu lan ngutang.",regional,2
Wong Papua kui males lan mung nunggu bantuan pemerintah.,regional,2
"Wong Bali bisane mung ngibul ngenin turis, urip sengsara ning umah.",regional,2
"Suku Jawa iku licik lan jahat, bisane mung nggayuh kakuwasaan.",regional,2
Wong Maluku kui keras kepala lan gampang gelut koyo preman.,regional,2
"Wong Betawi asline tukang ngamen, ora duwe prestasi ning urip.",regional,2
"Wong-wong ngentas iki mung ngutak-atik duwit rakyat, korupsine wae sibuk.",politics,2
"Pemerintah iku bodho lan gemblung, rakyat nandang mlarat.",politics,2
"Sing dadi pejabat mung tukang mangan duwit proyek, goblok!",politics,2
"Kebijakane mung nguntungke cukong, rakyat cilik dicekik.",politics,2
"Partai politik iku sarang tikus, padha maling duwit rakyat.",politics,2
"Wong sing nyoblos kowe kuwi bakal ditipu maneh, oyod saka korupsi.",politics,2
"Pemerintah iku lunyu, janjine kabeh palsu kanggo nggelundungi koruptor.",politics,2
"Akeh menteri iku tukang colong, negoro dibobol wong dhewe.",politics,2
"Rezim iki busuk, mung ngasah lambene nanging rakyat dikenyang janji kosong.",politics,2
"Wah, klambi anyarku kok ra tau bali, mbok ya dijaga kaya barang dhewe.",neighbors,1
"Koyo swarane radio, nganti tekan kene, mesthi lagune apik tenan.",neighbors,1
"Lha, kula mboten nate nyuwun tandur, nanging tomat kula kok nangkring ning kebon sebelah.",neighbors,1
"Wes sore kok isih ana swara kaya lagi nata kursi, ra tau bosen.",neighbors,1
"Kula kepengin ngrungokake manuk esuk, nanging swara bor nggeluti kuping.",neighbors,1
Barange tak pingeni kok malah dadi koleksi ning omah liya.,neighbors,1
"Wah, urusanku kok diurusi kabeh, kaya dalan wes dadi milik pribadi.",neighbors,1
"Srengenge mboten saged dipun tutupi, urusan tangga teparo mboten saged dipun sembunyi.",neighbors,1
"Aku mung ngarepake balunge, kok malah kabeh daginge sing digawa.",neighbors,1
"Wes dadi ahli kabeh, nganti kran banyu urip matiku diukur.",neighbors,1
Adhine lagi maca buku cerita nang kamar.,neutral,0
Wong-wong padha dodolan aneka jajanan pasar.,neutral,0
Dheweke nggawa kranjang isi woh-wohan saka pasar.,neutral,0
Simbah lunggok ndelok televisi nang ruang tamu.,neutral,0
Aku masak sega lan sayur kanggo nedha bengi.,neutral,0
Keluarga mangan bebarengan ing meja makan.,neutral,0
"Wong kafir iki kudu diusir saka tanah Jawa, merga ngrusak kabudayan asli.",severe,3
"Kabeh wong saka suku iku mung tukang nyolong lan perusuh, kudu ditumpes nganti oyod.",severe,3
"Yen golongan iku menang pemilu, aku janji arep bakar omah-omahe siji-siji.",severe,3
"Wong-wong sing beda agamane karo aku iku najis, aja nganti diijini urip neng kene.",severe,3
"Kabeh keturunan iki pancen penghianat bangsa, kudu dibabat supaya ora nggrogoti negara.",severe,3
Aku arep nyiksa kabeh anggota kelompok iku nganti jeritane mbledug sak desa.,severe,3
"Golongan iku kaya tikus, nyebar penyakit. Kudu diracuni sakabehe.",severe,3
"Wong saka pulo sebelah iku maling lan perampok, sing teka kene kudu dicekel lan digebugi.",severe,3
"Yen kumpul karo kelompok kuwi, kowe bakal dakpateni karo kabeh keluargane.",severe,3
"Mereka iku sampah masyarakat, kudu dikumpulke lan dibuang menyang laut.",severe,3
"Wong Sunda mah bisane mung ngomong halah, gaweane ngabedake urang.",regional,2
"Aku ora gelem diomongke karo wong Batak, kasar lan tukang ngamuk.",regional,2
Wong Madura iku kabeh tukang carok lan tukang ribut.,regional,2
"Apa ngono wae wong Papua, mesti mabok tuak lan males kerja.",regional,2
"Wong Kalimantan kui kampungan, urip neng alas terus ora ngerti perkembangan jaman.",regional,2
"Aku wedi tuku dagangan wong Minang, pelit lan suka nipu.",regional,2
Wong Maluku kabeh galak-galak lan gampang bawa parang.,regional,2
"Ora usah diajak kerjasama wong Bali, bisane mung nyolong lahan turis.",regional,2
Wong Jawa iku penjajah seneng nindas suku liya neng Indonesia.,regional,2
"Wong NTT kui mung cocok dadi pembantu, pinter masak lan bersih-bersih wae.",regional,2
Wong-wong ngentekake dana desa mung kanggo dolan lan korupsi.,politics,2
Pemerintah iki mung wayang sing didalangi para koruptor.,politics,2
"Akeh janji palsu, ning rakyat tansah ditipu karo wong-wong ndhuwur.",politics,2
Sing menang pemilu mung wong sing duwe duwit lan gawe janji kosong.,politics,2
Wakil rakyat iku maling berdasi sing golek kesempatan nggayuh kekuasaan.,politics,2
"Negara iki arep dadi apik? Mokal, merga pemimpine akeh sing busuk.",politics,2
"Ora usah milih, merga siji-sijine padha ngapusi rakyat cilik.",politics,2
"Reformasi iku omong kosong, korupsi makin tambah parah lan terang-terangan.",politics,2
"Wah, klambi anyarku kok ra ono ning gantungan, pancen saged ilang kaya dene barang-barang sing tak lewati nang kono.",neighbors,1
"Boten sare, Pak? Swaranipun musik mboten wonten wangsulipun, kados barang-barang ingkang dipunpundhut.",neighbors,1
"Kula mboten ngertos menawi wonten tetangga ingkang gadhah usaha rental barang, amargi barang kula ingkang dipunpundhut mboten kenging dipunwangsulaken.",neighbors,1
"Wes sore kok rame kaya pasar, nanging mboten wonten dagangan ingkang saged dipuntumbas.",neighbors,1
"Kula kepengin sinau gamelan, Pak. Nanging mboten gadhah piranti. Mboten kados tiyang ingkang saged nyuwun piranti tetangganipun tanpa wangsul.",neighbors,1
"Lho, kok kowe ngerti aku arep pindah omah? Pancen hebat, kaya dene malaikat pelindung sing tansah ngawasi.",neighbors,1
"Wah, adhine isih nangis, Mbak? Mboten napa-napa, mboten kaget menawi swantenipun boten saged ngalahaken swanten televisi ndhuwur.",neighbors,1
"Kula mboten ngertos menawi bapak kepengin dados wasit, amargi tansah mlebet ing pertandingan urip kula.",neighbors,1
"Barangku sing ilang kaya dene lagu favorit, mboten wonten wangsulipun nanging kerap kelawan swantenipun.",neighbors,1
"Pinten-pinten wekdal kula kedah nunggu supados saged nyuwun barang kula dhateng panjenengan, Pak? Kula mboten gadhah jadwal panggihan.",neighbors,1
Bapak lagi maca koran nang teras omah.,neutral,0
Adhine ngunjuk teh anget pas isuk-isuk.,neutral,0
Dheweke mlaku-mlaku neng pasar tradisional.,neutral,0
Aku ngrungokake dongeng saka simbah sore iki.,neutral,0
Aku nyapu plataran omah saben dina.,neutral,0
Bapak numpak sepeda menyang warung.,neutral,0
"Wong saka pulo seberang iki mlebu nggawa budaya asing, bakal ngrusak tatanan masyarakat Jawa sing wis adiluhung.",severe,3
"Kelompok iku kaya tikus ngerubungi jagung, kudu dibasmi nganti oyot-oyote supaya negara resik.",severe,3
"Aja percaya karo wong golongan iku, dheweke iku penipu lan bakal nggawa musibah kanggo kabeh wong Jawa.",severe,3
"Wong-wong sing beda keyakinan karo kita iku ancaman, kudu ditindak kanthi tegas, sanajan kudu nganggo kekerasan.",severe,3
"Kabeh wong saka suku iku tukang ngrebut panggonan kerja, kudu diusir balik menyang asale.",severe,3
"Yen golongan iku menang pemilu, aku janji arep ngobong omah-omahé lan ngusir dheweke saka kene.",severe,3
"Wong-wong sing ndhukung partai iku pancen bejat, kudu dicekel lan dikunjara, aja dikasihani.",severe,3
"Kabeh masalah iki gara-gara golongan sing seneng ngganggu iki, wis wektune kita bales dendam.",severe,3
"Aku arep nyiksa lan matèni sapa waé sing ndhukung ideologi iku, supaya Jawa dadi bersih manèh.",severe,3
"Wong Sunda mah bisane mung nyadori, ora gelem kerja keras kaya wong Jowo.",regional,2
"Akeh wong Batak kasar lan tukang gelut, ngomonge asal seru.",regional,2
"Wong Madura kasep ra nganggo miter, tukang celak lan golek pangan dewe.",regional,2
"Wong Kalimantan kono isih primitif, urip neng alas, ora ngerti perkembangan jaman.",regional,2
"Wong Papua bodho lan mbeling, mung cocok dadi babu utawa tukang angkat.",regional,2
"Akeh wong Lampung tukang nipu, dagangane akeh sing curang.",regional,2
"Wong Bali mung ngurusi upacara, sugih duwe duit saka turis doang.",regional,2
"Wong Maluku keras lan gampang bengok, karo wong liya mesthi konflik.",regional,2
"Wong NTT mung pinter ngomong janji, kerjane mbiyen ora ana.",regional,2
"Wong Betawi asline tukang ngamen, ora duwe pendidikan sing tinggi.",regional,2
"Wong-wong niku korup kabeh, mung ngurusi wetenge dhewe.",politics,2
"Pemerintah iki mung tukang nglokro, janji mung ngapusi.",politics,2
"Sing menang pemilu wae maling, rakyat tansah dikongkon.",politics,2
"Kebijakane mung ngrusak, rakyat cilik sing nandhang.",politics,2
"Wakil rakyat iku wakil setan, ora nggawa berkah mung cilaka.",politics,2
"Pemerintah iku bodho lan busuk, korupsi diijini.",politics,2
"Ora ono bener-bener ngladeni, mung pura-pura ngayomi.",politics,2
"Pemimpin saiki mung bonekane asing, budak kapitalis.",politics,2
"Reformasi iku ilusi, maling maling tansah jaya.",politics,2
"Wah, klambi anyar ibu kok pinjem terus, saiki wis dadi koleksi ning omahé wong liya.",neighbors,1
"Bapaké dolanan band neng garasi, nek arep rekaman langsung teko neng kene wae.",neighbors,1
"Kok swara televisié nganti neng kene kleru, kaya nonton neng ruang keluarga dewe.",neighbors,1
"Iki sapu kirain ilang, ternyata lagi dolan neng taman tetangga.",neighbors,1
"Wes sore kok isih ana tukang kayu neng dalan, kayane lagi mbangun istana.",neighbors,1
"Nek arep ngerti urusan rumah tangga wong liya, mbok langsung takon wae, Pak.",neighbors,1
"Kendurane wong sebelah nganti neng kene ambune, kaya undangan khusus.",neighbors,1
"Iki panci masak bubur, nek wis dipinjem karo wong sebelah, dadi bubur kertas.",neighbors,1
"Kok critane wong liya luwih seru tinimbang sinetron, neng terasé dadi studio.",neighbors,1
"Mlaku-mlaku neng dalan kok kaya liwat ruang tamu tetangga, sampéyan dikenali kabeh.",neighbors,1
Adhek nggawe tugas sekolah ning meja.,neutral,0
Wong-wong padha mlaku-mlaku ning pasar.,neutral,0
Dheweke lagi ngobrol babagan cuaca.,neutral,0
Kula ndeleng akeh wong ing warung.,neutral,0
Ibu masak sega goreng ning dapur.,neutral,0
Anak-anak dolanan ning plataran.,neutral,0
"Wong kafir iki kabeh kudu diusir saka tanah Jawa, merga mung ngrusak kabudayan lan iman kita.",severe,3
"Aja cedhak karo wong golongan kuwi, awakmu bakal diguna-guna lan di rampok bandhane.",severe,3
"Wong-wong sing beda karo kita iku kaya sampah, kudu dikumpulake banjur dibakar.",severe,3
"Aku sumpah, yen golongan iku mlebu desa, bakal tak tumpes kabeh nganti ora ana siji-sing urip.",severe,3
"Kabeh pengkhianat bangsa iki kudu dicekel lan dipateni, aja nganti mbalik maneh.",severe,3
"Wong agama liya iku mung ngarep-ngarepake negri iki dadi milike dewe, aja nganti dikasihani.",severe,3
Golongan iku kabeh bocah lanang wadone kudu ditanduri supaya oyote mati.,severe,3
"Aku arep ngamuk, yen wong-wong saka kulon iku menehi saran maneh, bakal tak gebugi mati.",severe,3
"Kabeh sing ora setuju karo kita iku asu, patenine wae ora bakal ana sing nuntut.",severe,3
"Wong Madura kan tukang celak, ati-ati le mlaku nang kono.",regional,2
"Lha wong Jawa Timur kok sok nganggo baju koyok ndeso, ora ngerti gaya.",regional,2
"Wong Kalimantan kui mesti keminteran, dikandhani wong liya kok ngeyel.",regional,2
Akeh kejahatan nang kutha iku merga wong Lampung sing galak-galak.,regional,2
"Ora usah diajak rembugan wong Papua, wes pokoke maune gelut wae.",regional,2
"Wong Bali bisane mung nyolong duit turis, pinter banget nipu.",regional,2
"Seng takon karo wong Betawi, tukang ngeles lan ora jujur.",regional,2
"Wong NTT kui mung bisa dadi babu, sinau nang kene nang ngisor kula.",regional,2
Wong-wong ngentas iku mung tukang mangan duwit rakyat.,politics,2
"Pemerintah iki goblok, kebijakane mung nanduk kabeh wong cilik.",politics,2
"Sing dadi pejabat mung ngutak-atik anggaran, korupsi terus.",politics,2
"Janji-janjine mung ngapusi, rakyat didekek.",politics,2
"Partai politik iku sarang tikus, padha mblenduk duwit negara.",politics,2
"Pemimpin saiki cuma wayang, sing ndalangi mung cukong-cukong rakus.",politics,2
"Kebijakan pemerintah iki edan, rakyat mlarat didhelikake.",politics,2
"Wong sing nyoblos kowe saiki, dheweke lagi seneng-senenge numpak mobil mewah.",politics,2
Negara iki ambruk merga pejabat-pejabat sing rakus kaya demit.,politics,2
"Wah, tetangga kita kok lagi latihan karawitan ya, sore-sore begini swarane sumbang banget.",neighbors,1
"Kulo mboten purun nyuwun, nanging pintu kito kok rasane keprungu wingi-wingi nggih?",neighbors,1
"Lho, klambi ibu kok mirip karo sing tak pinjemke mbak Yani nggih? Pasti salah produksi pabrik.",neighbors,1
"Bapak kulo kedah nyuwun ngapunten, kulo rumangin radio kulo mboten wonten swaranipun, ternyata swaranipun saking ngriki.",neighbors,1
"Wah, sepatu mas kok isih nempel nang teras kito? Kiro-kiro wis lali karo sing duwe.",neighbors,1
"Kulo mboten ngertos menawi tetangga kulo sampun gadhah usaha rental perkakas, amargi barang kulo asring mboten kondur.",neighbors,1
"Iki bocah kok lagune podo karo sing tak senggak-senggokno wingi, pancen pinter niru.",neighbors,1
"Mboten nopo-nopo, kulo seneng-seneng wae ngrungokke critane ibu-ibu, koyo sinetron langsung nggih.",neighbors,1
"Wah, kulo kedah matur nuwun sanget, amargi kulo mboten perlu koran, crita donya saiki wis teka langsung neng omah.",neighbors,1
"Kulo mboten purun nyuwun, nanging kunci kulo kok keselip neng gembol celana pakdhe ya? Aja nganti ketinggalan.",neighbors,1
Wong-wong padha dolanan ing lapangan.,neutral,0
Kancaku nyapu plataran omah saben esuk.,neutral,0
Kula ndelok toko klambi anyar ing pasar.,neutral,0
Simbah nyritakake crita jaman biyen.,neutral,0
Anak-anak padha sinau nggambar ing sanggar.,neutral,0
"Wong kafir iki kudu disingkirake saka tanah Jawa, mergo dheweke ngrusak kesucian tanah leluhur kita.",severe,3
"Kabeh pendatang saka pulo liya kudu dipateni, mergo dheweke mung njarah rejekine wong Jawa sing wis nandur.",severe,3
"Aku bakal ngobong gréja-gréja ing kene, supaya wong-wong njaba agama iki wedi lan minggat.",severe,3
"Wong etnis Cina iku tikus, mung ngupaya ngremukake ekonomi wong pribumi karo kelakuane sing rakus.",severe,3
"Kabeh wong sing ndhukung pemerintah saiki iku antek asing, kudu dibasmi nganti oyot-oyote.",severe,3
Aku sumpah bakal matèni sapa wae sing beda pilihan politik karo aku ing pemilu ngarep.,severe,3
"Golongan liya iku sampah masyarakat, kudu dibuang menyang laut supaya negara iki resik.",severe,3
"Wong sing nganggo jilbab iku teroris, kudu diusir saka kampung-kampung supaya aman.",severe,3
"Kita bakal nyerang lan ngrusak kabeh tempat ibadah golongan iku, mergo dheweke iblis.",severe,3
"Wong-wong saka pulo sebelah iku babi hutan, mung nggawa masalah lan kudu dipateni kabeh.",severe,3
"Lha wong Jawa Timur kok sok nganggo baju koyok ndeso, ora gaul.",regional,2
"Wong Kalimantan kui mesti lamban kerjane, koyok kelelep karo batu bara.",regional,2
"Aja pacaran karo wong Papua, nanti diajak balik ke sana urus di hutan.",regional,2
"Wong Bali iku bisane mung nggawe pariwisata, urusan serius ya ora pinter.",regional,2
"Suku anu saka NTT kui mesti mangan jagung melulu, mikire wae suwe.",regional,2
"Wong Betawi mah bisane ngomong doang, kerjane ngopi melulu.",regional,2
"Aja percaya karo wong Minang, dadi pedagang iku pinter nipu.",regional,2
"Wong-wong nang kono korupsine wes mbrangkang, ra isin!",politics,2
"Pemerintah iki edan, gawe kebijakan sing nggrugekke wong cilik.",politics,2
"Cangkem mung manis, nanging tumindake asu!",politics,2
"Kabeh partai padha wae, mung ngoyak jabatan lan duwit.",politics,2
"Kebijakane mung nguntungke cukong, rakyat ditinggal mati.",politics,2
"Wong sing pinter mung bisa ngomong, korupsi tetep jalan.",politics,2
"Pemerintah iki bodho, gawe aturan sing gawe pusing dewe.",politics,2
"Milih-milih sing bener, pungkasane dikhianati maneh.",politics,2
"Korupsi gede-gedean, negara bakal cepet ambruk karo wong kaya kowe iku.",politics,2
"Wes sore kok isih ana sing ndandani sepeda, kaya arep mudik besuk.",neighbors,1
"Lho, kunci linggisku nang endi, to? Wis suwi tak tunggu.",neighbors,1
"Kebonku dadi kurang rapi, merga tetanggane suka nglilani tamune.",neighbors,1
"Wes wengi, suara televisimu isih kerasa kaya nang ruang tamuku.",neighbors,1
"Aku nggoleki ember biru kuwi, mbok ya kon dipun wangsuli.",neighbors,1
"Wah, urusanku kok dadi bahan guneman warga, padahal durung tak critakke.",neighbors,1
"Sore-sore pengin tentrem, kok malah krungu swara debat kaya nang DPR.",neighbors,1
"Barangku tak enteni baline, mbok ya dielingi.",neighbors,1
"Wong liya nandur, kok panenane malah dadi rebutan.",neighbors,1
Dheweke lagi maca koran ing ruang tamu.,neutral,0
Adhine nggawa tas blanja saka warung.,neutral,0
Ibu masak sega lan lawuh ing pawon.,neutral,0
Aku ngrungokake radio bengi iki.,neutral,0
"Akeh-akehe wong pendatang iki mung ngerampas rejekine wong Jawa asli, kudu digebugi nganti balik menyang kampung.",severe,3
"Wong agama iku mlebu desa, ngrusak tradisi leluhur, patut dibakar omah ibadahé.",severe,3
"Kabeh wong saka suku iku tukang nipu lan maling, aja nganti dipercaya, luwih becik dikucilkan.",severe,3
"Yen golongan iku menang pemilu, aku janji arep nggeruduk lan matèni sak kabehe.",severe,3
"Wong-wong sing ndhukung partai iku kaya asu, kudu dipecat saka pekerjaan lan diapusi uripé.",severe,3
"Aku arep nglebokake bom ning kumpulané wong golongan iku, supaya padha mati kabeh.",severe,3
"Generasi enom saka kelompok iku kudu dicekel lan dipeksa pindah agama, ben ora neruskan kesesatan.",severe,3
"Wong-wong saka pulo iku perusak persatuan, kudu dibuang ning laut, aja nganti ana ning Indonesia.",severe,3
"Kabeh anggota organisasi iku pengkhianat bangsa, patut dihukum mati ning alun-alun umum.",severe,3
Akeh wong Batak sing kasar lan tukang ngamuk.,regional,2
Wong Madura iku kerep mblasteri warga asli kene.,regional,2
"Wong Kalimantan iku ketinggalan jaman, urip ing alas.",regional,2
"Akeh wong Papua iku mabok tuak terus, ora bisa diajak maju.",regional,2
"Wong Maluku iku panas barane, gampang dadi preman.",regional,2
Wong Lampung iku tukang nipu lan ngibul.,regional,2
"Wong Bali iku pagan, nyembah berhala.",regional,2
"Wong Betawi asli iku pada males, digusur wong liya ya pas.",regional,2
Akeh wong Jawa iku pelit lan pinter nggitung atine wong liya.,regional,2
"Politisiku iku mung tukang korupsi, rakyat ditaleni.",politics,2
Wes jelas maling nanging kok isih dicekaki kabeh.,politics,2
"Kebijakane mung nguntungke wong sugih, awak dewe mlarat.",politics,2
"Wong-wong nang kono podo maling, rakyat dikongkon puas.",politics,2
"Ora usah milih, kabeh partai iku tukang nipu.",politics,2
"Kerjane mung janji palsu, beneran wong edan.",politics,2
"Duit rakyat digowo mlayu, uripe mewah kabeh.",politics,2
"Pemerintah iku bodho, gawe aturan gawe susah.",politics,2
"Wes bubar wae, negara iki rusak amarga korupsi.",politics,2
"Wah, klambi anyarku kok ra tau bali, mbok ya dijaga nganti luntur karo angin.",neighbors,1
Bapakne nggawe pabrik sepatu nang njero omah ya? Swarane koyo mesin jahit terus.,neighbors,1
"Lho, jenenge nyilih karo nggawa mulih kok beda tipis to, Bu?",neighbors,1
"Dina iki adem banget, mas. Mungkin krungu obrolanku wingi karo tukang sayur.",neighbors,1
"Kula mboten gadah pancing, Pak. Katingalipun sampun dados milik bapak sedaya.",neighbors,1
"Wes sore kok isih ana rekaman suara tukang becak, terus-terusan neng ngarep.",neighbors,1
"Tivi sampeyan gambare apik tenan, nek ditinggal murup suwara kalah karo critane simbah.",neighbors,1
"Wah, kancaku sing pinter ndongeng ternyata dudu dalang, nanging tetangga neng kiwa.",neighbors,1
"Mboten usah kersa tandang, Bu. Kula sampun saget ndeleng sinetron langsung saking jendela.",neighbors,1
"Mbok yen arep ngrungokke lagu, kula aturi nggih, kepinginipun mboten ngantos tekan dalemipun tiyang sanes.",neighbors,1
Adhine nggulung tikar sawise digunakake.,neutral,0
Aku ndeleng klambi anyar ing toko.,neutral,0
Aku ngrungokake dheweke crita pengalamanane.,neutral,0
"Kabeh wong pendatang saka pulo liya kudu balik, nek ora arep diklakoni kaya taun 98.",severe,3
"Golongan iku kaya asu, yen wis mlebu kampung kudu dipecuti nganti metu getih.",severe,3
"Aku sumpah, nek ketemu wong saka suku kuwi, bakal tak tuntas kulawargane.",severe,3
"Wong-wong sing beda keyakinan karo kita iku sampah, kudu dibakar urip-urip.",severe,3
"Mbesuk nek wis kuwasa, kabeh wong saka kelompok iku bakal tak jadikan budak.",severe,3
"Kabeh pengkhianat bangsa iki, utamane sing saka etnis tertentu, kudu dihukum mati umum.",severe,3
"Wong njaba iki aja percaya, mung nunggu wektu arep ngrebat tanah lan wanita-wanita kita.",severe,3
"Kelompok iku kudu diapusi, disiksa, banjur diusir menyang laut biar tenggelam kabeh.",severe,3
"Nek ngelawan kehendak kita, desa-desané bakal dibumihangus tanpa sisa.",severe,3
"Akeh wong Batak kasar lan tukang ribut, karo kulawargane dhewe kok bisa perang.",regional,2
"Wong Madura kui sengak lan tukang celak, sapa sing gelem ngrega.",regional,2
"Wong Papua kafir lan terbelakang, mung cocok di alas ae.",regional,2
"Wong Kalimantan kui kampungan, uripe mung di kali karo alas.",regional,2
"Akeh wong Lampung tukang gasak lan preman, mbangun daerah dhewe kok ora bisa.",regional,2
"Wong Bali kui musyrik, nyembah-nyembah berhala.",regional,2
"Wong Menado sombong lan tukang ngomong, nanging kerjane mung hura-hura.",regional,2
"Wong Aceh kkeras lan radikal, kabeh diatur agama.",regional,2
"Wong Betawi males lan tukang ngamen, asline ora duwe prestasi.",regional,2
"Wong-wong nang kono korupsine wes mbalelo, ra bisa dipercaya!",politics,2
"Pemerintah iki bodho banget, gawe aturan sing nggremeni wong cilik.",politics,2
"Cangkem mung manis, nanging tumindake asu! Janji-janjine palsu kabeh!",politics,2
"Wes terang maling, kok isih diajeni? Dasar bangsa bodho!",politics,2
"Kebijakane mung nguntungke wong sugih, awak dewe dipati-patini.",politics,2
"Aku muak ndeleng rai-rai munafik nang TV, kabeh tukang tipu!",politics,2
"Ora usah milih, siji-sijine padha bejat, koruptor kabeh!",politics,2
"Pemerintah iki kayak kelelawar, nyenengi wengi nanging nistane njobo.",politics,2
"Mundur wae kowe kabeh, gawe rusak negara iki!",politics,2
"Wah, klambi anyarku kok ra ono maneh ya, mbok ya dijupuk wong sing lali kula nyuwun.",neighbors,1
"Boten sare, Pak? Swantenipun televisi saged ngantos dhateng griya kula.",neighbors,1
Kula mboten ngertos menawi tetangga kedah ngertos sedaya babagan kula.,neighbors,1
"Wonten ingkang langkung remen nyuwun tinimbang mbalekaken, kayane.",neighbors,1
"Mboten ngertos kula, napa saben dalu mesthi wonten swanten barang tiba-tiba.",neighbors,1
Kok rasane barang-barang kula pindhah-pindhah dhewe neng omah tanggane.,neighbors,1
"Sampeyan kula pitadosi, nanging barangipun mboten kula pitadosi badhe wangsul.",neighbors,1
"Nek arep ngrungokake critane wong liya, luwih becik radio dipateni.",neighbors,1
"Wah, kula mboten gadhah tetangga, namung gadhah pengawas pribadi.",neighbors,1
"Dados tiyang saged ngantos dalu, nanging tembok mboten saged.",neighbors,1
Adhek nggawa tas belanjaan saka pasar.,neutral,0
Wong-wong padha obrolan neng warung kopi.,neutral,0
Dheweke lagi ngenteni bis ning halte.,neutral,0
Ibu arep masak nedho awan.,neutral,0
Anak-anak dolanan neng plataran.,neutral,0
Bapak nyapu pekarangan omah.,neutral,0
Aku bakal ngobong gréja-gréja lan papan ibadahé wong liya sing ngancam agama leluhur kita.,severe,3
"Wong-wong saka pulo liya iki maling lapangan kerja, padha balik menyang asalé wae, aja ngganggu urip wong kene.",severe,3
"Golongan iku kabeh penghianat bangsa, kudu ditumpes nganti oyod-oyodé, aja nganti ana turuné.",severe,3
"Aku arep nyiksa kabeh wong sing beda karo aku, merga dheweke iku sampah masyarakat sing nggawa sengsara.",severe,3
"Wong sugih iku kabeh setan, kudu digantung ing ndeproké dalan supaya dadi conto.",severe,3
"Kabeh wong sing ndhukung pemimpin liya iku goblok lan budak asing, kudu dibasmi karo kluwargaé.",severe,3
"Aku sumpah bakal matèni sapa waé sing beda ras karo aku, merga dheweke iku asu.",severe,3
"Wong-wong sing nganggo agama liya iku najis, kudu disingkiraké saka désa iki, aja nganti ngrusak kesucian.",severe,3
"Kabeh keturunan PKI kudu dipejati, aja nganti ana sing urip, merga bakal ngrusak bangsa iki meneh.",severe,3
"Aja pacaran karo wong Kalimantan, tukang mabuk lan madon.",regional,2
"Wong Papua iku primitif, pancen durung nyandhak peradaban.",regional,2
Suku Jawa iku licik lan tukang nyolong jabatan.,regional,2
"Aja percaya karo wong Bali, mung pinter ngibuli turis.",regional,2
"Wong Menado sisan, mung bisane nyanyi lan pesta, kerjaan ora serius.",regional,2
"Wong Aceh iku kolot lan kaku, agama-is lam-is lam terus.",regional,2
"Wong-wong nang kono podo maling duweke rakyat, korupsi wes dadi budaya.",politics,2
"Pemerintah iki goblok, ora ngerti kesusahan wong cilik.",politics,2
"Milih-milih sing akhirane mung ngecewake, kabeh janji mung omong kosong.",politics,2
"Kebijakane mung nguntungke cukong, rakyat dicekik karo rega-regaan.",politics,2
Wong sing dadi pemimpin iku asline mungsuh rakyat dhewe.,politics,2
"Partai-partai iku kabeh padha bangsat, padha ngincere jabatan lan duwit.",politics,2
"Ora usah ngarep-ngarep owahan, merga sistem iki wis busuk tekan ndasare.",politics,2
"Kerjane mung ngapusi, ngumbar janji palsu supaya didukung.",politics,2
"Pemerintah iki kaya kleptomaniak, doyan nyolong duwit rakyat kanthi terang-terangan.",politics,2
"Wah, tetangga kita lagi latihan karawitan ya, swarane kaya pasar kliwon neng ngomah.",neighbors,1
"Kula mboten nate nyuwun barang, nanging kathah barang kula ingkang mboten kondur.",neighbors,1
"Sampeyan pancen peduli banget karo urusanku, kaya ibu kandung dewe.",neighbors,1
"Lho, sepedaku kok ra ono? Mungkin ilang, utawa mungkin dipinjem wong sing lali mulihke.",neighbors,1
"Boten sare, Pak? Swantenipun televisi saking ngriki kula rungok.",neighbors,1
"Wah, sampeyan kaya detektif, ngerti kabar kula sedina-dina.",neighbors,1
"Barangku koyo duweke dhewe, gampang ilang, angel baline.",neighbors,1
"Kula ngertos, Pak. Mboten sare, nggih? Kula ugi mboten sare amriki.",neighbors,1
"Sampeyan pancen pinter banget ngatur urusane wong liya, nanging omah dhewe kok kaya kapal pecah.",neighbors,1
"Wes sore kok isih ana swara kaya tukang besi, mbok ya dielingi wong akeh sing arep turu.",neighbors,1
Wong-wong padha lalu lalang ning pasar.,neutral,0
Dheweke ngrungokake lagu saka radio.,neutral,0
Anak-anak dolanan ning plataran omah.,neutral,0
"Wong kafir iki kudu diusir saka tanah Jawa, mergo mung ngrusak kabudayan lan iman kita.",severe,3
"Kabeh pendatang saka liya pulo kudu balik, mergo dheweke maling rejekine wong asli kene.",severe,3
"Golongan iku kaya tikus, kudu dibasmi nganti oyod-oyode, supaya negara iki resik.",severe,3
"Wong-wong sing beda kpercayan karo aku iku iblis, kudu dibakar omahé lan panggonané.",severe,3
"Aku arep nyiksa kabeh turunané wong sing nindhes leluhurku, siji-siji bakal tak patèni.",severe,3
"Kabeh wong sing nganggo simbol iku pengkhianat bangsa, kudu dicukur gundul lan dihina ing umum.",severe,3
"Aku bakal ngrusak kabeh papan ibadahé golongan iku, supaya dheweke ora bisa nyembah brahala.",severe,3
"Wong-wong saka suku iku kera, ora pantes urip bebarengan karo manungsa, usir wae!",severe,3
Kabeh anggota organisasi iku bakal tak tangkep lan tak siksa nganti loro atine mèlu pecah.,severe,3
"Akeh wong Batak kan keras keprale, karo sedulure dhewe malah gelut.",regional,2
"Wong Madura iku kasar lan tukang celak, sapa wae wedi yen ketemu.",regional,2
"Lha wong Lampung kuwi kabeh tukang gasak, merga asale alas.",regional,2
"Wong Kalimantan kui terbelakang, uripé isih neng alas, ora ngerti perkembangan jaman.",regional,2
"Wong Papua bodho-bodho, mung pantes dadi pembantu.",regional,2
"Akeh wong Bali alus kae mung pura-pura, neng mburine nyembah setan.",regional,2
"Wong Menado sombong-sombong padha mangan babi, agama kok dipadha karo adat.",regional,2
"Wong Betawi males lan tukang ngamen, uripe mung ngarep-ngarep beras miskin.",regional,2
"Wong Aceh kaku lan radikal, kabeh diatur syariat, kaya negara dhewe.",regional,2
"Wong-wong niku korupsi rakus, kaya ta laler nempel ing bangkai.",politics,2
"Pemerintah iki mung ngapusi wong cilik, janji-janjine mung sepet.",politics,2
"Akeh pejabat sing pinter nggondhol duwe rakyat, nanging goblok ngatasi kasus.",politics,2
"Kebijakane mung nguntungke kanca-kancane dhewe, rakyat dicekik.",politics,2
"Wakil rakyat kok mung mikir isine kanthong dhewe, akeh utange negara.",politics,2
"Pemimpin saiki kaya wayang, didalangi dening cukong-cukong nakal.",politics,2
"Ora usah milih maneh, kabeh padha tukang korupsi, mung ganti bajingan.",politics,2
"Reformasi dadi bahan omongan wae, korupsi malah tambah gila-gilaan.",politics,2
"Pemerintah iku maling berdasi, nggasak anggaran nganti garing.",politics,2
"Wah, tetangga kita lagi latihan karawitan ya, suarane koyo pasar kliwonan neng ngarep.",neighbors,1
"Boten sare Bu, kula mirengake suara televisi panjenengan saking kamar kula.",neighbors,1
"Lho, sapune kok ra bali-balii, mbok ya wis dadi koleksi nang kono.",neighbors,1
"Kula nuwun sewu, menawi griya kula badhe renovasi, pintunipun sami karo panjenengan, dereng kepareng bali.",neighbors,1
"Wes sore kok isih ana swara kethok-kethok, koyo lagi nglereske dalan desa.",neighbors,1
"Panjenenganipun kula aturi, kula sampun gadhah kompor anyar, nanging kompor kula ingkang lawas dereng kondur.",neighbors,1
"Wah, aku kira tukang kredit lagi main nang omahku, ternyata bapakku dhewe sing teko.",neighbors,1
"Kula mboten purun ngintervensi, nanging persawahan panjenengan niku kula rasakaken saking pekarangan kula.",neighbors,1
"Sapune wis dadi kenangan, Bu. Kula mboten purun nyuwun malih, mugi-mugi saged ngopeni kalianan kula ingkang sampun lawas.",neighbors,1
"Wah, ibu iki koyo dadi kepala desa saking teras, ngerti kabeh urusan wong liya.",neighbors,1
Adhine nglangi saben sore.,neutral,0
Wong-wong padha ngobrol neng warung kopi.,neutral,0
Aku nyapu lan ngepel saben dina.,neutral,0
Dheweke numpak sepedha menyang kantor.,neutral,0
Ibu arep adol kain ing kios.,neutral,0
Aku bakal ngobong gréja-gréjamu nganti dadi awu merga kowe wong Kristen mung nggawa petaka.,severe,3
"Wong pendatang saka pulo liya iki perusak budaya, kudu dibalèkaké menyang asalé kanthi paksa.",severe,3
Aku arep nyiksa kabeh wong sing ndhukung partai iku nganti jeritane mbledug sak désa.,severe,3
"Kabeh wong sing beda karo aku iku sampah, bakal tak pateni siji-siji.",severe,3
"Golongan liya iku kaya tikus, kudu dibasmi nganti oyot-oyoté supaya Jawa resik.",severe,3
Aku sumpah bakal matèni kabeh keturunané wong sing nglarani bangsaku.,severe,3
"Wong-wong sing nganggo agama aneh iku kudu ditumpes, aja nganti ana siji sing urip.",severe,3
"Kabeh pendukungé calon iku bocah-bocah setan, bakal tak gorok guluné yen ketemu.",severe,3
"Aku bakal ngrusak omah-omahé wong sing beda suku karo aku, supaya padha ngrasaké kasengsaran.",severe,3
"Akeh wong Batak kasar lan keras atine, kaya preman.",regional,2
Wong Madura kabeh tukang gelut lan tukang ngrebut tanah wong.,regional,2
"Wong Papua keminteran ngrusak, dikasih otonomi khusus malah makin mbrangus.",regional,2
"Wong Kalimantan ketinggalan jaman, urip mung di alas terus.",regional,2
"Wong Bali bisane mung ngedol agama lan pariwisata, agama liya diusir.",regional,2
Akeh wong Maluku mabok-mabokan lan bawa parang.,regional,2
"Wong Betawi asline tukang ngamen doang, saiki ngaku-ngaku pribumi.",regional,2
"Wong Jawa Timur kok sok nganggo, wong uripe nang kampung mlarat.",regional,2
Wong Aceh kabeh fanatik lan sok keren karo syariat-e dewe.,regional,2
"Politikus iku mung tukang nyolong duit rakyat, goblok!",politics,2
"Wong-wong nang kono korupsi terus, ra ragu-ragu!",politics,2
Apa kabare reformasi? Mung dijadokane dagangan wae!,politics,2
"Dasar para maling berdasi, rakyat sengsara dikongkon diam!",politics,2
"Janji-janjine mung ngapusi, mbok ya wedi karo Gusti Allah!",politics,2
"Ora usah milih-milih, kabeh podo bae tukang tipu!",politics,2
Kebijakan e pemerintah mung nggawe rakyat tambah susah!,politics,2
"Pungli lan korupsi wis dadi budaya nang ngendi-endi, nistha!",politics,2
"Wah, tetangga kuwi kaya lagi latihan karawitan ning tengah wengi, nek ora mangerteni wektu turu.",neighbors,1
"Barange tak lewati, mbok ya di balekna, dudu kanggo tumbal.",neighbors,1
"Kula mboten gadhah televisi, nanging critane ibu-ibu sampun kaping pinten kula pirsa.",neighbors,1
"Nek arep nembang, pak, tolong volumenya dikurangi, bocah-bocah pada sinau.",neighbors,1
"Wes dadi arsitek dewe, masang speaker ngadep omah wong.",neighbors,1
"Pinjem sapu, baline kemoceng. Aku malah bingung iki lagi dolanan teka-teki.",neighbors,1
"Wah, sepur banyu anyar kuwi swarane kaya sepur beneran, nganti tekan kamar turu.",neighbors,1
"Kula mboten usik, nanging kadosipun sampun dados hakim ring prakara kulawarga tiyang sanes.",neighbors,1
Wong-wong padha mlaku-mlaku neng taman sore iki.,neutral,0
Kula ndeleng televisi sawise mangan awan.,neutral,0
"Kabeh wong pendatang saka pulo liya kudu dipateni, merga wis njajah tanah lan rejekine wong asli.",severe,3
"Aja cedhak karo wong golongan iku, dheweke iku bangsa maling lan penipu turun-temurun.",severe,3
"Wong-wong sing beda karo awake dhewe iku kaya sampah, kudu dibakar nganti ompong.",severe,3
"Banjur nek ono pemilihan, wong saka suku kono kabeh kudu digebugi nganti ora wani nyoblos.",severe,3
"Golongan iku kabeh antek asing, kudu diusir lan omah-omah dibumihangus.",severe,3
"Wong sing agamane beda iku najis, kudu disemprot nganggo banyu suci nganti resik.",severe,3
"Aku arep ngrekrut wong kanggo nyerang kumpulan wong saka desa sebelah, merga turunane musuh.",severe,3
"Kabeh wong sing ndukung kelompok liya iku pengkhianat bangsa, patut dipateni ing papan panggonan.",severe,3
"Nek ketemu wong saka marga iku, rampok lan culik wae, aja dikasihani.",severe,3
"Suku Aneh kok sok nganggo baju adat, kaya wong primitif.",regional,2
"Aja percaya karo wong Tionghoa, tukang nipu lan serakah.",regional,2
"Wong Bali iku pagan, nyembah-nyembah berhala.",regional,2
"Wong Jawa iku penjajah, sok ngremehke suku liya.",regional,2
"Rakyat sengsara, nanging wong nang atas seneng-seneng.",politics,2
"Ora usah milih maneh, kabeh padha tukang korupsi.",politics,2
"Kabeh partai mung ngoyak kursi, rakyat ditinggal nandhang lara.",politics,2
"Wah, tetangga kuwi kaya lagi latihan karawitan ning tengah wengi, nek ora mangerteni wektu wong turu.",neighbors,1
"Barange tak lewati kok ilang kaya diculik setan, mbok ya eling kapan pinjemé.",neighbors,1
"Kepriwe kabaré, Bu? Aku rumangsa kerep diopeni urusane dhewe, nganti lali ngopeni urusanku dewe.",neighbors,1
"Swara televisimu, Pak, kaya pengin digawa menyang sawah benangi burung.",neighbors,1
"Wah, aku lagi golek sapu sing ilang, Bu. Mungkin kelebu karo barang-barang sing tak pinjamke nanging ora balik.",neighbors,1
"Kok rasane urip iki kaya sinetron, ya? Saben dina ana crita anyar sing dadi bahan guneman.",neighbors,1
"Nek arep nggawe bengkel, mbok yo nggon sing pantes, Pak. Dadi ora kaya bengkel dadakan neng omah.",neighbors,1
"Aku saiki wis pinter nebak, Bu. Nek lagi sepi, pasti ana barang sing ilang.",neighbors,1
"Wah, kowe kok dadi pelindung lingkungan sing tegas, ning urusane dhewe kaya kebanjiran.",neighbors,1
"Mbok yo ngerti wektu, Pak. Neng tengah wengi swarane kaya lagi ngiringi adzan subuh.",neighbors,1
Adhine nglaras kamar turu saben dina.,neutral,0
Paman numpak sepedha menyang pasar.,neutral,0
Ibu nyelehake belanjaan ing meja pawon.,neutral,0
"Wong kafir iki kabeh kudu diusir saka tanah Jawa, ora gelem urip bebarengan karo wong Islam sing resik.",severe,3
"Aku bakal nggebugi sampeyan kabeh sing beda karo aku, aja nganti nyoba-nyoba nantang kene.",severe,3
"Wong saka suku iku kaya sampah, luwih becik padha mati wae ora ngrusak negara.",severe,3
"Kabeh wong sing ndhukung partai iku pancen goblok lan pengkhianat, kudu ditumpes nganti oyot-oyote.",severe,3
"Aku sumpah arep mbantai kabeh leluhurmu sing beda agama karo aku, tunggu wae.",severe,3
"Wong-wong saka pulo liya aja ngaku-aku niku wong Jawa, awakmu iku asor lan najis.",severe,3
"Kabeh kelompok iku kudu dibumi hanguske, merga mung nggawa petaka lan kerusuhan nang kene.",severe,3
"Aku bakal nyiksa kabeh turunanmu sing ora sejalan karo pikiranku, aja ngira aku isin.",severe,3
"Wong saka agama iku kudu dipeksa murtad, yen ora arep tak pangan atimu.",severe,3
"Kabeh sing ndhukung ide iku kaya tikus, kudu digebugi nganti mati lan dikubur urip-urip.",severe,3
"Wong Madura kok dipercaya, mesti ngakali.",regional,2
Wong Lampung kui tukang ngrebut tanah wong liya.,regional,2
"Aja cedhak karo wong Papua, galak lan primitif.",regional,2
"Wong Kalimantan ketinggalan jaman, urip ing hutan.",regional,2
Wong Maluku emosian lan gampang gelut.,regional,2
Wong Bali bisane mung ngarah-ngarah turis.,regional,2
Wong Betawi asline tukang ngamen lan preman.,regional,2
"Aja ngajari wong Jawa, dheweke paling pinter nggrundel.",regional,2
Wakil rakyat kok rakus banget kaya dhemit.,politics,2
"Ora usah milih, podo wae tukang nipu.",politics,2
"Pemerintah iki koyo bedhes, mung bisae janji palsu.",politics,2
"Korupsi gede-gedean, negara bakal pecek.",politics,2
Wong sing nduwé kuasa mung ngisep getih rakyat.,politics,2
"Pemerintah iki lumpuh, ora bisa ngrampungi masalah.",politics,2
"Wah, klambi ibu kok mirip kaya klambine Bu RT, nggih? Tapi sing punya ibu luwih anyar.",neighbors,1
"Kula mboten ngertos menawi tetangganipun gadhah usaha penyewaan perkakas, amargi barangipun tansah pinjem mboten kondur.",neighbors,1
"Boten usah repot-repot ngurusi kula, Pak. Priksani kemawon dalemipun piyambak, sampun deres deres.",neighbors,1
"Wes sepi, mbok. Koyo lagi latihan karawitan neng omah, swarane srawung-srawung nanging mboten karuan.",neighbors,1
"Kula nuwun sewu, menawi badhe nyuwun tolong menawi gadhah barang, kula aturi supados dipun pundut, mboten dipun suwun.",neighbors,1
"Wah, adhine pancen pinter banget. Durung di critakake, wis ngerti kabeh urusane wong liya.",neighbors,1
"Boten nggih, kula mboten gadhah tetanggan ingkang ribut. Kula namung saged ngrungokake radio tanpa weruh sumber swantenipun.",neighbors,1
"Mboten usah di balekake, Bu. Kula nganggep piyambak sampun nyumbang kanggo perabotan tetangga.",neighbors,1
"Kok rasane urip iki kaya sinetron, ya? Lakon-lakone asring muncul tanpa diundang.",neighbors,1
"Mboten napa-napa, Bu. Kula sampun biasa tidur mawi iringan swantening sambatan lan gelak ingkang mboten tepang wiwitan.",neighbors,1
Wong-wong padha mlaku-mlaku sore ing alun-alun.,neutral,0
Dheweke nggawa payung amarga mendhung arep udan.,neutral,0
"Akeh-aeh wong pendatang, ngrusak tatanan lan nyulik rejekine wong asli, kudu dibalikke menyang asale.",severe,3
"Golongan iku mung tukang ngrusak negara, kudu ditumpes nganti oyod-oyode.",severe,3
"Aja cedhak karo wong sing beda agamane, awakmu bakal terkutuk lan diguna-guna.",severe,3
"Wong saka pulo liya mung nggawa petaka, siap-siap kita gelut perang suku.",severe,3
Kabeh wong sing ndhukung ide kafir kudu dicekel lan dihukum pati.,severe,3
"Mbesuk yen wis kuwasa, bakal tak pogo-pogo kabeh leluhurmu sing beda karo aku.",severe,3
"Kelompok iku kaya kewan, kudu dikandang lan aja diwenehi kebebasan.",severe,3
"Wong sing ngaku pancasilais nanging ngapusi, bakal tak tumpes kabeh sedulur-sedulure.",severe,3
"Saben wong sing mlebu wilayahku karo ajaran sesat, bakal tak tumpes karo pedhang.",severe,3
"Wong Sunda mah tukang ngaret, janjine ora bisa dipercaya.",regional,2
"Wong Batak kasar lan emosional, koyo kebo digiring.",regional,2
Wong Madura tukang carok lan tukang ngrebut tanah wong.,regional,2
"Wong Jawa iku licik, koyo pitik mati mangan beli.",regional,2
"Wong Papua kok dikasih otonomi, mung bakal mbuang duwe negara wae.",regional,2
"Wong Kalimantan ketinggalan jaman, mung bisane nambang lan nebang kayu.",regional,2
"Wong Bali iku baureksa, agamane beda karo agama sing bener.",regional,2
Wong Maluku tukang rusuh lan gampang dihasut.,regional,2
"Wong Lampung kasar lan premanisme, ora cocog urip neng kutha.",regional,2
"Wong NTT mung bisa dadi babu, mangan teking seumur-hidup.",regional,2
"Wong-wong ngentas iki mung ngutak atik duwe rakyat, korupsine wae sithik-sithik nggondhol.",politics,2
"Pemerintah iki koyo maling sandal, janji muluk nanging mung ngisep dhuwit rakyat.",politics,2
"Sing dadi pejabat mung ngumbar lambe, nyatane kabeh padha busuk lan penipu.",politics,2
"Kebijakane mung nggawe susah wong cilik, dheweke senengane munggah-munggah jabatan.",politics,2
Aku pancen muak ndeleng wong politik iku kabeh padha jahat lan ora duwe ati.,politics,2
Negara iki ambruk merga pemimpine akeh sing edan lan rakus kuwi.,politics,2
"Ora usah milih-milih, kabeh partai iku padha bae, maling kabeh.",politics,2
"Dasar pemerintah bodho, rakyat sengsara diurusi wong sing goblok.",politics,2
"Korupsi wis dadi budaya, saka ngisor nganti ndhuwur padha doyan nyolong.",politics,2
"Wah, tetangga kita lagi latihan karawitan ya, suarane koyo pasar kliwon neng ngarepe lawang.",neighbors,1
"Kula mboten sregep ndherek obrolan, nanging kula keprungu swantenipun sampeyan nggih saestu jelas.",neighbors,1
"Wonten ingkang langkung sae dipun simpen piyambak, mbok menawi dados kesupen wangsulipun.",neighbors,1
"Barange ilang koyo diculik setan, eh ternyata lagi numpak neng rumah sebelah.",neighbors,1
"Sampeyan kula pitadosi, nanging tetangga kula mboten saderengipun.",neighbors,1
"Kula nuwun sewu, nanging urusan kula mboten badhe dados tontonan umum.",neighbors,1
"Wah, sepur mboten nate mandheg neng ngarepe omah kula, nanging swantenipun sampeyan nggih.",neighbors,1
"Mboten usah repot-repot ngurusi kula, sampun wonten ibu kula piyambak.",neighbors,1
"Kebon kula dipun tanduri kembang, kok ngasilake gosip nggih?",neighbors,1
"Barange tak jajal tak jupuk, nanging kula mboten nyuwun tetangga dados tukang pinjaman.",neighbors,1
Bapak arep nyapu ning ngarep omah.,neutral,0
Dheweke lagi maca koran ning kursi.,neutral,0
Adhine nggawa tas sekolah.,neutral,0
Wong-wong padha mlaku ning trotoar.,neutral,0
Kancaku lagi nunggu bis.,neutral,0
Dheweke nulis layang ning meja.,neutral,0
Aku bakal nggebugi kabeh wong sing beda agama karo aku nganti mati.,severe,3
"Wong saka suku iku kaya kéwan, luwih becik dipateni wae.",severe,3
"Aku arep ngobong gréja-gréja lan pura-pura neng kutha iki, supaya mung agama kuwe sing isa menang.",severe,3
"Kabeh pendatang saka pulo liya kudu balik, nek ora arep tak tumpes kabeh.",severe,3
"Wong-wong sing ndhukung partai iku pancen goblok, kudu ditumpes nganti oyot-oyote.",severe,3
Aku bakal nyiksa kabeh kulawarga mu sing beda ras karo aku.,severe,3
"Golongan iku kabeh penghianat bangsa, patenae wae kabeh.",severe,3
Wong sing ngaku NKRI tapi beda pikiran karo aku iku pantas dicekel lan dibunuh.,severe,3
"Aku sumpah bakal ngrusak kabeh usaha wong saka kelompok iku, nganti melas lan mati keluwen.",severe,3
"Wong Madura kok sregep nggowo celurit, wes pokoke tukang gelut.",regional,2
"Wong Jawa iki pinter banget mikirke awake dhewe, licik lan jaim.",regional,2
"Suku Dayak kasebut galak lan isih primitif, aja cedhak-cedhak.",regional,2
"Wong Papua lambat kerjane, males lan mung nunggu bantuan.",regional,2
"Akeh wong Melayu tukang ngumbar janji, tapi ora ana buktine.",regional,2
"Wong Kalimantan kui bisane mung nambang, otake mung arep numpuk duwit.",regional,2
"Suku-suku NTT kui mung cocok dadi pembantu, akeh sing kurang pikiran.",regional,2
"Wong Lampung kok seneng banget main kasar, kudune isih ning alas.",regional,2
Wong-wong ngentekke dhuwit rakyat mung kanggo seneng-seneng dewe.,politics,2
Akeh janji nanging mung tipu-tipu rakyat biasa.,politics,2
"Wong sing maling milyaran mung diem, rakyat cilik sengsara.",politics,2
Pemerintah iku wong bodho sing nggatekke awake dhewe.,politics,2
"Kabeh partai padha wae, mburine mung sengit lan korupsi.",politics,2
Rakyat dicekik karo kabijakan sing nggak adil.,politics,2
Negara iki arep dirusak dening wong-wong sing rakus kuasa.,politics,2
"Wah, tetangga kuwi koyo lagi latihan karawitan ning tengah wengi, nek ngono yo pakai speaker sing apik tho.",neighbors,1
"Barange tak lewati kok ilang kaya dientup angin, mbok ya dielingi nek wis pinjem.",neighbors,1
"Sampeyan iki luwih sibuk tinimbang kepala desa, urusanku kok dirembug.",neighbors,1
"Nggih, kula mboten sare, mugi-mugi pakdhé saged ngerem tape rekamané sakedhap.",neighbors,1
"Wes dadi alarm gratis saben esuk, ora perlu weker maneh.",neighbors,1
"Barange bali nek wis dienggo, ora perlu digawa mudik ning kono.",neighbors,1
"Kok rasane uripku dadi sinetron, sampeyan sing nulis skenarione.",neighbors,1
"Bisinge koyo pasar kliwon, nanging dagangane ora ketok.",neighbors,1
"Mboten usah repot-repot ngurusi kula, priksa dhirinipun rumiyin.",neighbors,1
"Wah, nek ngomong iku kenceng banget, koyo lagi ngumandangke pengumuman ning stasiun.",neighbors,1
Bapak lagi maca koran neng ruang tamu.,neutral,0
Dheweke lagi masak sega goreng neng pawon.,neutral,0
Adhine sinau nggambar neng kamare.,neutral,0
Kancaku lagi nggarap tugas sekolah neng meja.,neutral,0
Simbah nyirami kembang neng kebon.,neutral,0
Mereka lagi ngresiki omah bebarengan.,neutral,0
"Wong kafir iki kabeh kudu diusir saka tanah Jawa, mergo awake ngrusak adat lan agama kita.",severe,3
Aku bakal ngobong omahmu lan sedulurmu yen kowe isih nantang wong Islam kene.,severe,3
Wong Kristen iki mlebu kene mung arep ngrebut tanah lan nyulik bocah-bocah kita.,severe,3
"Akeh wong saka kulon kudu dibabat, mergo dheweke iku parasit sing ngrusak bangsa.",severe,3
"Kabeh keturunan Cina iku maling kasugihan negara, padha diusir bali menyang negarane dhewe.",severe,3
"Wong pendatang saka pulo liya iku kaya asu, ora nduwe hak urip ing tanah iki.",severe,3
Aku sumpah arep mateni kabeh wong sing ndukung kelompok sesat kafir iku.,severe,3
"Generasi mudha sing beda karo kita iku sampah, kudu dibersihke nganggo getih.",severe,3
"Wong-wong sing ngaku aktivis iku pengkhianat bangsa, pati iku ukuman sing cocog.",severe,3
Kabeh wong sing nganggo agama liya ing desa iki bakal kita siksa nganti mati.,severe,3
"Akeh wong Batak kan keras kepalane, karo sedulure dhewe malah gelut.",regional,2
"Wong Madura iku kerep nggawa clurit, nek ora gelem diajak rembugan.",regional,2
Sikile wong Lampung iku abang kabeh merga dolanan kelereng terus.,regional,2
"Wong Medan kasar-kasar, nek ngomong kaya ngamuk baé.",regional,2
"Wong Papua iku mangan sago terus, pikirane isih primitif.",regional,2
"Akeh wong Kalimantan iku mung ngerti alas, ora ngerti perkembangan jaman.",regional,2
"Wong Bali iku seneng nyembah-nembah, agama liya dianggep kurang suci.",regional,2
"Wong Maluku iku gampang baper, dikethik sithik langsung bawa parang.",regional,2
"Wong NTT iku mung pinter ngangon kebo, uripé tansah nandang mlarat.",regional,2
"Wong-wong niku korup kabeh, mung mikir duwit rakyat cilik.",politics,2
"Sing dadi pejabat mung ngumbar syahwat doyan duwit, ora mikir kawulo alit.",politics,2
"Kebijakane mung nguntungke kanca-kancane dewe, rakyat dicekik.",politics,2
"Wong sing nyekel kuasa iku kaya maling reged, nggondol ngendi-endi.",politics,2
Pemilu iku dolanan bocah-bocah gedhe kanggo bagi-bagi proyek.,politics,2
"Ora ono sing resik, kabeh wis kecemplung banyu comberan korupsi.",politics,2
"Pemerintah iku buta lan budheg, rakyat nandang sangsara dielus-elus.",politics,2
"Wong politik iku kaya sampah, ngrusak kabeh sing dilewati.",politics,2
"Wah, klambi anyar kok isa podo karo sing tak lebarake wingi, Bu? Mesti tukang jahite niku siji.",neighbors,1
"Boten sare, Pak? Kulo mirengake suara musik nggih saestu semangate, ngantos dinten.",neighbors,1
"Lho, kunci motore pancen lagi dipakai terus ya, Mas? Kula badhe nyuwun ngagem nggih namung sakedhap.",neighbors,1
"Wes sore kok rame banget kaya pasar, Mbak. Koyo lagi ngrekrut warga bantu gawe hajatan.",neighbors,1
"Wah, sepedane Mas Bayu niku dereng dipunbalikaken? Mboten napa-napa, mugi-mugi saged ngambah dalan dhateng pundi kemawon.",neighbors,1
"Kulo nuwun sewu, nek wonten tetabuhan ingkang mboten kepanggih, mbok menawi kelebet mriki.",neighbors,1
"Iki bocah kok ngerti kabeh urusane wong, Bu. Pinter banget sinau babagan rumah tangga.",neighbors,1
"Wes dino iki jam pira ta, Pak? Kulo bingung, swantenipun mesin mboten saged mbedakaken siang lan dalu.",neighbors,1
"Lho, panci kukuse mbok ya di baleni, Mbak. Kula mboten purun nyuwun, namung kenging ngendika.",neighbors,1
"Wah, Pakdhe kok ngerti detail-detail kulo kados ngaten? Mesthi nggadhahi telinga kang sangat peka.",neighbors,1
Wong-wong pada tawar-menawar regane barang.,neutral,0
Kancaku nggawa tas belanjaan sing gedhe.,neutral,0
Aku krungu obrolan wong loro ning warung.,neutral,0
Dheweke nggawa payung amarga udan rintik-rintik.,neutral,0
"Wong kafir iki kudu diusir saka tanah Jawa, merga mung ngrusak tradisi leluhur kita.",severe,3
"Akeh wong saka kulon kaya iku sing nyebabake rusake moral lan kabudayan kita, padha ditumpes wae.",severe,3
"Golongan iki nek mbandel kudu digebugi nganti pekik, supaya ngerti rasa lan ora wani-wani maneh.",severe,3
"Wong-wong sing beda keyakinan karo kita iku laknat, uripe kudu digantung nganti mati.",severe,3
"Aja nganti mrene, merga nek teko mrene, awakmu bakal dadi panganan bengi kanggo anak buahku.",severe,3
"Kabeh wong saka suku iku penjahat turunan, kudu dibakar omahé lan diusir saka desa iki.",severe,3
"Kowe kabeh sing ndhukung pemimpin iku bakal ditanduk setan, merga wis nyembah berhala.",severe,3
"Nek wong golongan iku mlebu kene, siap-siap getihmu bakal mili nggrogoti lemah.",severe,3
"Pendatang iku maling rejeki lan perusak tanah Jawa, kudu dicekel lan ditenggelamake ing kali.",severe,3
"Wong-wong sing ngaku pancen pinter iku kabeh munafik, patenine wae kabeh merga wis nistake kita.",severe,3
"Aku ora gelem kerjo bareng wong Batak, kasar lan sok ngatur.",regional,2
"Wong Madura iku keras lan tukang gelut, minggir wae.",regional,2
"Lha wong Papua kan goblok, dikasih otonomi khusus yo ra iso maju.",regional,2
"Wong Maluku mesti emosian, gampang dadi panas.",regional,2
Akeh wong Jawa sing pinter nggragas lan nyolong jabatan.,regional,2
"Wong Kalimantan iku terbelakang, urip mung ngandeng kayu.",regional,2
"Wong Sumatra kulon tukang tipu, bisane mung dagang.",regional,2
"Aku wedi karo transmigran saka Jawa, bae-bae nguasai tanah kita.",regional,2
Wong-wong ngentekake dhuwit rakyat mung kanggo dolan lan korupsi.,politics,2
Pemerintah iki mung wayang sing didalangi maling berdasi.,politics,2
Kebijakane mung nguntungke cukong lan nindhes wong cilik.,politics,2
"Wakil rakyat kok mlaku-mlaku nggawa mobil mewah, dudu nggawa kesejahteraan.",politics,2
"Partai politik iku sarang maling, padha rebutan proyek kanggo korupsi.",politics,2
"Janji-janji manis pas pemilu, menang eh malah mbecikaki awake dhewe.",politics,2
"Pemerintah iku goblok, rakyat sengsara dikibuli wacana.",politics,2
"Wong sing nyolong pitik dipenjara, wong korupsi milyaran malah dihormati.",politics,2
"Kabeh sistem politik iki wis busuk, kudu dibabat kabeh wae.",politics,2
"Wah, klambi anyarku kok ra ono ning gantungan, pancen neng ngendi baé deweke tansah nemu barang sing 'kepincut'.",neighbors,1
"Boten nopo-nopo, mung kula kedah ngaturaken matur nuwun awit sampun nguri-uri kabudayan Jawa, kados ta nembang dalu kanthi swanten seriosa.",neighbors,1
"Lho, jenenge tetangga iku kudu bisa diajak rukun, nanging kok rasane aku sing kerep nyawang dheweke lewat jendela.",neighbors,1
"Mboten sare, Pak? Kula mirengaken swantenipun televisi saking griya panjenengan saget dados pengganti weker.",neighbors,1
"Barange ilang kaya biasane, ning aku yakin mung 'nyempil' ning omah sawetara wong.",neighbors,1
"Kula nuwun sewu, nanging menawi badhe latihan band, mugi-mugi saderengipun dinten Minggu.",neighbors,1
"Wah, sepurte dolan mrene yo? Swarane kaya lagi nglewati rel sepur ning kamarku.",neighbors,1
"Kula mboten ngertos menapa kedah kula aturi kagem tetangga, amargi panjenengan langkung pinter ngatur urusan kula.",neighbors,1
"Mbok menawi gadhah wekdal, kula badhe nyuwun piranti kebon kula ingkang dipunpundut nanging mboten kepanggih.",neighbors,1
"Iki lho, urip iku kaya sinetron, nanging kok tetanggane sing pilih-pilih episodené uripku.",neighbors,1
Aku ketemu karo konco nang dalan.,neutral,0
Dheweke lagi masak sega goreng nang pawon.,neutral,0
Adhine nyapu lantai saben esuk.,neutral,0
Aku ngrungokake critane kancaku.,neutral,0
Kula ndhelok toko klambi ing reroncen.,neutral,0
Simbah ngunjuk teh anget sore-sore.,neutral,0
Dheweke arep numpak bis menyang pasar.,neutral,0
"Wong Cina iki maling kasugihan negara, kudu dipateni kabeh ben negara iki resik.",severe,3
Aku sumpah bakal nyiksa kabeh lelaki saka suku iku nganti jeritane mbledug sak desa.,severe,3
"Kabeh pendatang saka pulo liya iku asu, persiapan genjatan senjata kanggo dibantai.",severe,3
"Wong-wong sing ndhukung partai iku kaya babi, kudu dicekel lan digebug nganti mati.",severe,3
"Golongan iku iblis turunan, ora pantes nyemplung ing banyu sing suci, aja nganti diijini urip.",severe,3
Aku bakal nyulik anak-anakmu siji-siji merga bapakmu wong penghianat bangsa.,severe,3
"Kabeh wong sing beda agamane karo aku iku najis, kudu disingkirake saka lingkungan iki kanthi cara apa wae.",severe,3
"Wong suku iku mung cocok dadi budak, aja dikasihani, patenana wae kabeh.",severe,3
"Wong Madura kan tukang celak, ati-ati nek cedak karo dheweke.",regional,2
"Lha wong Jawa iku penjilat, ngadepi atasan lan ngadepi bawahan beda.",regional,2
"Wong Kalimantan kono primitif, urip neng alas terus.",regional,2
"Akeh wong Papua sing malas, mung nunggu bantuan pemerintah.",regional,2
"Wong Bali iku bisane mung nggawe patung lan nari, urusane turis tok.",regional,2
Wong Menado seng ngomong keras-keras kaya tukang gelut terus.,regional,2
"Aku ora percaya karo wong Aceh, kaku lan radikal agamane.",regional,2
"Wong Lampung kuwi preman, tukang ngrekam lan maksa.",regional,2
Apa kabar kabeh pejabat sing mung ngutak-atik anggaran?,politics,2
"Kebijakane mung nglaratake wong cilik, ngenteni kapan mudun?",politics,2
"Wakil rakyat kok rakus banget, kaya durung tau mangan.",politics,2
Negara iki arep diserahke marang wong-wong sing otake mung korupsi.,politics,2
"Kabeh partai padha wae, janjine mung dolanan pemilu.",politics,2
"Korupsi wis dadi penyakit sing ora bisa waras, negara bakal rusak.",politics,2
"Wah, klambi anyarku kok ra ono ning gantungan, pancen njajal desain tetanggan sing seneng nyicil barang.",neighbors,1
"Boten nopo-nopo, mawon kula kedah ngaso, dinten punika tetangga gadhah hajatan latihan band kendang nembus tembok.",neighbors,1
"Lho, kowe kok ngerti masalah urusanku luwih saka aku dhewe, pancen kepengin banget dadi pemeran utama ning critaku.",neighbors,1
"Wonten ingkang langkung sae, menawi nyuwun pinten-pinten gula, kula aturi wangsul dinten punika, mboten ngantos sasi.",neighbors,1
"Aku arep turu sore, nanging tetangga niku nduwe proyek nata ulang dalan nganggo bor, pas jam istirahtaku.",neighbors,1
"Kok rasane urip iki tambah rame, ora tau sepi, sambung-sinambung swara saka sebelah kaya nonton konser gratis.",neighbors,1
Pinten kathahipun buku kula ingkang sampun manggih papan enggal ning griyanipun? Kula mboten ngertos.,neighbors,1
"Wes dadi alarm alami, saben esuk jam lima persis, swara meja lan kursi digeser-geser saka ndhuwur.",neighbors,1
"Kula mboten ngertos menapa kula kedah ngaturaken matur nuwun, awit kula mboten gadhah televisi, nanging tiyang sebelah gadhah.",neighbors,1
"Wah, kowe pancen pinter banget ngatur urusane wong liya, koyo dadi konsultan gratis ning komplek iki.",neighbors,1
Adik ngrungokake musik nang kamare.,neutral,0
Kula badhe nyapu pekarangan omah.,neutral,0
Simbah nedha bubur sarapan esuk.,neutral,0
Kancaku nggawa tas belanjaan saka pasar.,neutral,0
Aku ngunjuk teh anget sawise mangan.,neutral,0
Keluarga nonton televisi bareng sore iki.,neutral,0
"Kabeh wong pendatang saka pulo liya kudu balik, nek ora arep tak gebugi nganti mati.",severe,3
"Golongan iku kaya tikus, nggremeti negeri, kudu dibasmi nganti oyod-oyode.",severe,3
"Aku arep ngobong papan ibadahmu, supaya merga kowe wong lacur sing nistha.",severe,3
"Wong-wong sing beda karo aku iku kethek, ora nduwe hak urip neng kene.",severe,3
"Saben wong saka suku iku tukang tipu, aja nganti dipercaya, luwih becik dikucilake.",severe,3
"Aku sumpah, yen kowe wong saka kelompok kuwi teka neng kene, arep tak tumpes kabeh.",severe,3
"Kabeh pengkhianat bangsa iki kudu dipateni, dikubur urip-urip supaya dadi conto.",severe,3
"Wong sing ngaku pinter iku mung bodho, kudu digebug nganti ora bisa ngomong maneh.",severe,3
"Kelompok iku racun masyarakat, kudu dibabat, ora usah dikasihani sedhela uga.",severe,3
"Akeh wong Batak sing kasar lan emosian, koyok kebo.",regional,2
Wong Madura kok keras kepala lan gampang dadi tukang gebuk.,regional,2
"Aku ora gelem kerja karo wong Papua, pikirane primitive.",regional,2
"Wong Kalimantan kui mesti lambat kerjane, kemayu.",regional,2
"Sikile wong Bali akeh sing kotor, mambu lemah.",regional,2
Akeh wong Maluku tukang bikin rusuh lan onar.,regional,2
"Wong Jawa iki licik banget, seneng nusuk mburi.",regional,2
"Wong Lampung kuwi preman kabeh, ora usah diajak rukun.",regional,2
"Wong Sulawesi Selatan pelit banget, ditarik dicolong.",regional,2
Wong-wong nang kana padha maling duwit rakyat nanging sok ngajari moral.,politics,2
"Pemerintah iki mung wayang, sing ndalangi yaiku cukong-cukong rakus.",politics,2
"Kebijakane mung nguntungke kroni, rakyat cilik tansah ditindhes.",politics,2
"Wong sing nyalon iku kabeh padha jancuk, janjine mung jebakan bebrayan.",politics,2
"Korupsi wis dadi budaya, saka ndhuwur nganti ngisor padha doyan nyolong.",politics,2
"Pemerintah iku goblok, ora mikirke awake dhewe rakyat nandhang sangsara.",politics,2
"Milih-milih sing endi, kabeh padha bangsat lan tukang nipu.",politics,2
"Kebijakan e ngawur, rakyat sengsara dadi tumbal kekuasaan.",politics,2
"Wong politik iku asu, mung ngibul nanging ora ana buktine.",politics,2
"Wah, klambi anyarku kok ilang, ya? Mungkin kebetulan pas aku lagi ora ngerti, Bu.",neighbors,1
"Bapak kula mboten sare, Pak. Swantenipun televisi nembus tembok.",neighbors,1
"Wes dadi kewajiban tetangga, nek urip iku kudu diuripi, Pak.",neighbors,1
"Lho, sepedane masih ditinggal nang kene? Wis dadi koleksi, ta?",neighbors,1
"Kulo mboten ngertos, Pak. Tiyang nembe nyuwun tumbas beras niki, nanging mboten kepanggih.",neighbors,1
"Waduh, bengine sampeyan kuat tenan, Bu. Koyo lagi latihan gamelan nang njero omah.",neighbors,1
"Kula mboten purun nyuwun, nanging menawi pinten-pinten toya PAM kula kirang, mugi-mugi saged dipun wangsulaken.",neighbors,1
"Wong urip iku kudu ngerti wektu, Bu. Ana wektune golek rejeki, ana wektune nyepi.",neighbors,1
"Barange wong kok dijaga, terus dadi enggonmu, ta?",neighbors,1
"Mboten napa-napa, Pak. Kula mboten sare, mung kedah ngaso saderengipun dalu.",neighbors,1
Aku ketemu karo Rina neng dalan.,neutral,0
Bapak lagi maca koran neng kursi.,neutral,0
Dheweke lagi nggodhok banyu neng dapur.,neutral,0
Kancaku lagi nggarap tugas sekolah neng kamar.,neutral,0
Kuli bangunan lagi kerja neng proyek kono.,neutral,0
Anak-anak padha dolanan neng plataran.,neutral,0
Aku bakal ngobong omahmu lan mateni kulawargamu yen kowe isih mbela kelompok iku.,severe,3
"Wong-wong saka pulo sebelah kudu dicekel lan digebugi, awaké mung tukang nyolong rejekine wong asli kene.",severe,3
"Kabeh pendukung partai iku kayata kéwan, patenana sadurungé dheweké matèni kita.",severe,3
Aku sumpah arep nggilas kabeh anggota organisasi iku nganti ora ono sing isih urip.,severe,3
"Wong agama liya ora duwe hak urip neng kene, kudu dipepes nganti ilang donya.",severe,3
"Kabeh keturunan Cina iku maling kasugihan negara, kudu diusir bali menyang negarane dhewe.",severe,3
"Kelompok iku iblis, kudu dibasmi nganti oyot-oyote, aja nganti ana sing lolos.",severe,3
Aku bakal nyiksa kowe lan sedulurmu yen kowe ora minggat saka desa iki saiki.,severe,3
"Wong suku iku kabeh goblok lan mbeling, kudu ditumpes saka bumi Indonesia.",severe,3
"Wong Sunda mah bisane mung ngurus pare, ora pinter urusan teknologi.",regional,2
"Aku wedi tuku saka wong Padang, bakal ditipu regane.",regional,2
"Wong Jawa iku licik banget, karo atine alus nanging njebak.",regional,2
"Ojo cedhak karo wong Kalimantan, tukang mabuk lan bodo.",regional,2
"Wong Papua iku terbelakang, mung cocog kerja kasar.",regional,2
"Wong Bali iku sombong, nganggep budayane paling luhur.",regional,2
Wong Menado seng ngoceh kasar lan tukang ngremehke.,regional,2
"Wong-wong niku korupsi rakus, kabeh dadi bandar.",politics,2
"Pemerintah cuma ngomong doang, rakyat tansah dikongkon nandhang.",politics,2
"Sing dadi pejabat mung ngurusi duite dewe, ora mikirke wong cilik.",politics,2
"Kebijakane mung nguntungke kancane, awakmu dhewe disingkirake.",politics,2
"Wong jujur ora bakal menang pemilu, pemilu iku dolanan duit.",politics,2
"Kabeh partai padha wae, mung beda jeneng nanging lakune korup.",politics,2
"Pemerintah iku goblok, gawe aturan mung gawe susah wong cilik.",politics,2
"Korupsi wis dadi budaya, saka ndhuwur nganti ngisor padha doyan kolusi.",politics,2
"Mundur wae kabeh, negara iki wis rusak dening wong-wong rakus kuwi.",politics,2
"Wah, klambi anyar kok isa podo karo sing tak pinjem nggih kemaren, pancen model saiki padha kabeh.",neighbors,1
"Wes sore kok swarane kaya lagi latihan karawitan, nganti kewedanan wae.",neighbors,1
"Lho, jenenge barang iku yen dipinjem kok rasane dadi barang warisan.",neighbors,1
"Kepriwe kabare, mbok Bilih nandur sajak pinggir tembok, aja nganti nggremet nang pekarangan liyan.",neighbors,1
"Waduh, sepur bunderan kok mlaku-mlaku nang dalan, kerep banget ngliwati omahku.",neighbors,1
"Barangku sing ilang kaya dadi pupus, tau ketemu nang kamar sebelah.",neighbors,1
"Sampeyan pancen pinter banget ngatur urusanku, kaya dadi manajer tanpa bayaran.",neighbors,1
"Wes wayah wengi, kok swara televisine isa ngalahna konser stadion.",neighbors,1
"Pinjeman iku yen ora bali, mbok ya diopeni kaya anak dhewe.",neighbors,1
"Kanthi swara mesin potong rambut kaya ngene, rasane omahku dadi salon gratis.",neighbors,1
Dheweke lagi masak sega goreng ing pawon.,neutral,0
Wonten tiyang ngantri tuku jajan ing warung.,neutral,0
Simbah sare nang kursi ruang keluarga.,neutral,0
Kancaku lagi nulis tugas sekolah nang meja.,neutral,0
Kula mirsani televisi bengi punika.,neutral,0
"Wong kafir iki kudu diusir saka tanah Jawa, merga ngrusak tradisi leluhur kita.",severe,3
"Akeh wong saka kulon kaya ula, nyusup mrene arep njajah maneh lan ngrusak urip kita.",severe,3
Kabeh wong sing beda karo aku iku bajingan lan kudu dibabat nganti oyod-oyode.,severe,3
"Wong-wong sing ngaku pancen pinter iku mung tukang nipu, besuk bakal diklakoni awake dhewe.",severe,3
"Aja cedhak karo wong saka suku kae, awit dheweke iku tukang gawe rusuh lan penyakit.",severe,3
"Golongan iku kaya sampah, kudu dibakar supaya negara iki resik.",severe,3
"Wong sing ndukung pemimpin liya iku pengkhianat bangsa, patut dihukum pati.",severe,3
"Aku sumpah, yen wong-wong saka agama liya mrene, bakal tak gebugi nganti mati.",severe,3
"Kabeh wong sing nganggo basa liya ing kene iku musuh, kudu dicekel lan dipeksa lunga.",severe,3
"Generasi tuwa iku sumber petaka, kudu disingkiraké kabeh supaya jagad anyar bisa digawé.",severe,3
"Wong Sunda mah tukang ngaret, ora bisa diandelke janjine.",regional,2
"Aku ora gelem kerjasama karo wong Batak, kasar lan sok ngasorake wong liya.",regional,2
Wong Madura iku keras lan gampang dadi tukang gelut.,regional,2
"Aja cedhak karo wong Papua, bodho lan mung ngerti mabuk.",regional,2
"Wong Kalimantan kuno banget, uripé isih ing jaman biyèn.",regional,2
"Wong Maluku iku panas barane, cilik sithik langsung ngamuk.",regional,2
"Suku liya ora usah mlebu ing Jawa, mergo iki tanah leluhur kita dhewe.",regional,2
"Wong Bali iku seneng ngibadah, nanging uripé mung dolanan turis.",regional,2
"Aja percaya karo wong Melayu, licik lan tukang nipu.",regional,2
Wong NTT iku miskin lan mung cocok dadi babu.,regional,2
Pemerintah iki mung wayang sing didalangi para maling berdasi.,politics,2
"Kebijakane mung nguntungke cukong, nggawe wong cilik sengsara.",politics,2
"Wong sing mimpin saiki akeh sing otake mbludag, ora mikirke rakyat.",politics,2
"Partai politik iku sarang tawon, isine mung madu palsu lan sengat.",politics,2
"Korupsi wis dadi budaya, saka nganti ndhuwur padha doyan nyolong.",politics,2
"Janji-janjine mung asap, rakyat cilik tansah dikongkon ngenteni.",politics,2
"Pemerintah iku klebu, kabeh kebijakane mung nggawe lara ati.",politics,2
Wong sing nduwuriku iku akeh sing gemblung lan ora duwe rasa isin.,politics,2
"Wah, klambi anyarku kok ra ono ning gantungan, mbok ya sing pinjem baleni nggih.",neighbors,1
"Suwara radione sampeyan nggih, koyo arep ngerti lagune saka kene.",neighbors,1
"Lho, kok critane persis karo urusanku, pancen tetangga iku perhatian banget.",neighbors,1
"Wes sore kok isih ana swara kaya tukang bangunan, rupine semangat banget nggih nyambut gawe.",neighbors,1
"Televisiku sing cilik iki saiki bisu, mbok ya sing seneng ndompleng tontonan ngingeti kapan rampunge.",neighbors,1
"Aku tuku sepatu anyar, kok rasane uwis lawas, pancen sapa sing seneng nyoba-nyoba ya.",neighbors,1
"Kebonku kok isine koyo kebone wong liyo, tumbuhe pada pindah kene.",neighbors,1
"Wes wayah wengi, swarane kaya lagi ramai-ramai nanggap wayang, nanging ning dalem.",neighbors,1
"Barangku gampang ilang, koyo duwe sayap, mabur neng omahe sing laen.",neighbors,1
"Wah, urusanku kok dadi katon umum, pancen pengamat sing ra tau luput.",neighbors,1
Adhek nggawe teh kanggo tamu.,neutral,0
Wong-wong padha mlaku-mlaku ing taman.,neutral,0
Simbah ngrumpi karo tangga teparo.,neutral,0
Anak-anak dolanan bal ing lapangan.,neutral,0
"Wong kafir iki kudu disingkirake saka tanah Jawa, mergo awake mung ngrusak tradisi leluhur kita.",severe,3
"Kabeh wong saka pulo seberang kudu dipateni, mergo dheweke iku parasit sing ngerampas urip kita.",severe,3
"Aja cedhak karo wong golongan iku, dheweke iku kethek ireng sing bakal ngrusak darah murni bangsa.",severe,3
"Wong-wong sing beda keyakinan karo kita iku sampah, kudu dibersihke nganti oyod-oyode.",severe,3
"Aku bakal ngobong omah-omahe wong klan iku, supaya padha mundur saka kene lan ora wani bali maneh.",severe,3
"Kabeh keturunan penjajah iku bajingan, kudu digebugi nganti pejah lan dikubur ing kuburan babi.",severe,3
"Wong sing ndukung pimpinan saka suku liya iku pengkhianat bangsa, patenae wae kabeh.",severe,3
"Aku sumpah bakal mateni siji-sijine wong saka kelompok iku sing nemoni aku, tanpa ampun.",severe,3
"Generasi mudane kelompok kafir iku kudu dicekel lan dididik maneh, yen ora gelem, patenae wae.",severe,3
"Kabeh pangkat lan kekuwatane wong golongan liya kudu direbut kanthi getih, mergo iku hak kita sing direbut.",severe,3
Wong Sunda mah bisane mung ngomong omong kosong wae.,regional,2
Aku ora gelem diomongke wong Batak soale kasar lan tukang ngamuk.,regional,2
"Wong Madura iku kerep mangan sapi wong liya, aja percaya karo dheweke.",regional,2
"Lha wong Papua kok dikon kerja, bisane mung nari-nari wae.",regional,2
"Wong Kalimantan kui kampungan, urip neng alas terus.",regional,2
"Akeh tindak kejahatan iki, mesthi ulah wong Flores sing rakus.",regional,2
"Wong Maluku iku panas temperamente, gampang dadi musuhan.",regional,2
"Sekolah iki dirusak, pancen sifat asli wong Timor sing brutal.",regional,2
"Wong Bali iku pura-pura suci, nanging ngibadahne dewa-dewa sesat.",regional,2
"Wong Betawi asline ora pinter, bisane cuma ngomong doang.",regional,2
"Wong-wong nang kana korupsi terus, ra ragu-ragu nilep dana.",politics,2
"Pemerintah iki edan, kebijakane nggak mikirin wong cilik.",politics,2
"Dasar pejabat lacur, mung ngurusi kantonge dhewe.",politics,2
"Kabeh partai iku podo wae, janjine mung omong kosong!",politics,2
"Pemerintah iku bodho, ora ngerti kesusahan rakyat.",politics,2
"Wong korupsi dikrucuk, nanging isih aja dijunjung, bego!",politics,2
"Kebijakane mung nggone wong sugih, awak dewe dicuekke.",politics,2
"Politisi iku asu, mung ngemis suara wektu pemilu.",politics,2
Negara iki rusak amarga pemimpine wong rakus kabeh.,politics,2
"Wah, klambi anyarku kok ra tau bali, mbok ya dijaga nganti suwek aku ora ngerti.",neighbors,1
"Nggih, kula mboten ngertos menawi tetangga gadhah usaha warnet, amargi internet kula asring dangu tilem.",neighbors,1
"Kebonku dadi subur, merga pupuke wis dicolong wong.",neighbors,1
"Wes sore kok isih ana sing ndangdut, kayane lagi latihan jadi bintang.",neighbors,1
"Lho, kunci pangkune wis balik ta? Aku wis lali karo wong sing pinter nggawe duplikat.",neighbors,1
"Kula mboten sare, nanging mung ningali lintang-lintang ing langit.",neighbors,1
"Wah, ibu iki luwih pinter ngatur urusanku tinimbang aku dhewe.",neighbors,1
"Monggo dipun pundut, menawi bade nyuwun barang mboten nate kenging atur.",neighbors,1
"Suarane speaker sampeyan nggawa kenangan, kaya dolanan masa kecil.",neighbors,1
"Kula nuwun sewu, menawi bade nandur wit, nanging wit kula sampun dipun tandur piyambak dening tiyang sanes.",neighbors,1
Dheweke nggawa tas belanjaan saka pasar.,neutral,0
Kula ndelok televisi sawise mangan.,neutral,0
Simbah lunga menyang warung tuku gula.,neutral,0
"Wong kafir iki kudu disingkirake saka tanah Jawa, mergo dheweke ngrusak kesucian bumi pertiwi.",severe,3
"Kabeh pendatang saka pulo liya kudu dipateni, mergo dheweke mung njarah kekayaan lan ngrusak budaya asli.",severe,3
"Aja cedhak karo wong golongan iku, dheweke iku bangsa perusuh lan bakal ngrusak turunanmu.",severe,3
"Wong-wong sing beda keyakinan karo kita iku sampah masyarakat, kudu dibersihke nganti oyod-oyode.",severe,3
"Aku sumpah, yen partai kuwi menang, aku bakal bakar urip-uripane wong sing ndukung mungsuh.",severe,3
"Kabeh wong saka suku iku kaya tikus, mlebu ning omah liya lan nyolong rejekine wong asli.",severe,3
"Wong-wong sing ngaku pejuang iku cuma preman, kudu ditumpes nganggo cara apa wae, sanajan nganggo pedhang.",severe,3
"Generasi mudha aja nganti dikacauhi pikirane dening wong-wong sing beda ras, mergo dheweke iku bangsa pengkhianat.",severe,3
"Yen pengen urip tentrem, usira wong-wong sing nganggo basa liya saka desa iki, siksa nganti mati!",severe,3
"Golongan iku kabeh antek asing, wis wektune kita bales dendam lan gantung wong-wong mau ning alun-alun.",severe,3
"Akeh wong Batak kasar lan tukang ribut, ngomong banter-banter terus.",regional,2
"Wong Madura kok dikasih proyek, mesthi nilep duit, dasare tukang korupsi.",regional,2
"Akeh wong Lampung mung pinter ngomong doang, kerjane males lan suka mabuk.",regional,2
"Wong Kalimantan kui konco-koncone setan alas, budake primitif lan terbelakang.",regional,2
"Ojo percoyo karo wong Bali, mung pinter nilep turis, asline licik lan jahat.",regional,2
"Wong Papua goblok, mung cocok dadi kuli, sekolah dhuwur-dhuwur yo tetep bodho.",regional,2
"Wong Menado mung sok pinter, asline tukang ngibul lan tukang minum.",regional,2
"Akeh wong Padang pelit lan serakah, dagang e akeh tipu-tipune.",regional,2
"Wong Betawi males lan sok gampang marai, mung pinter ngomong doang.",regional,2
"Wong-wong niku korup kabeh, mung ngurusi kantonge dhewe.",politics,2
Pemerintah iki bodho lan ora ngrungokke rakyat cilik.,politics,2
Kebijakane mung ngrusak urip wong biasa.,politics,2
"Milih-milih ngono ya percuma, wae menang wong sing nyolong uang rakyat.",politics,2
Wong-wong ngedegake partai mung kanggo ndhelikake korupsi.,politics,2
"Janji-janjine mung omong kosong, rakyat tansah ditipu.",politics,2
Pemerintah iki kayak maling sing sah nggondol duit negara.,politics,2
"Ora usah ngarep-ngarep owah-owahan, kabeh pemimpin ujung-ujunge ngapusi.",politics,2
"Kabeh sistem iki wis busuk, ora bisa dipercaya maneh.",politics,2
"Wah, klambi anyarku kok ilang, mbok ya sing nyolong aja nggawe ribut bengi-bengi.",neighbors,1
"Kula mboten purun ngangsu, mung kerso nggih menawi banyune mboten kesedot deres.",neighbors,1
"Lho, jamu kok dipun penggali, kula mboten nate nyuwun balik.",neighbors,1
"Wes sore kok isih ana sing ndandani sepedha, koyo lagi latihan karawitan.",neighbors,1
"Kula mboten gadah pancing, nanging menawi wonten ingkang nyuwun, mugi-mugi ulame mboten coklat.",neighbors,1
"Wah, beritane koyo tukang koran, saka pagi tekan sore ora mandheg.",neighbors,1
"Kula mboten sregep ngrumpi, nanging tetangga kula pinten-pinten ingkang sregep.",neighbors,1
"Lho, sapa sing gawe rame, koyo lagi ngrebut hape gratis.",neighbors,1
"Mboten usah kula aturi, piyambakipun sampun ahli ingkang gadhah urusan kula.",neighbors,1
"Wah, kunci kontrakan kula kok koyo dadi barang warisan, mboten nepangi balik.",neighbors,1
Wong-wong padha mlaku-mlaku neng pasar.,neutral,0
Anak-anak dolanan nang ngarep omah.,neutral,0
Dheweke nggawa kranjang isi woh-wohan.,neutral,0
Aku ngrungokake dongeng saka simbah.,neutral,0
"Kabeh wong saka suku iku mung tukang nyolong lan perusuh, kudu diusir metu saka kutha iki.",severe,3
"Aja cedhak-cedhak karo wong golongan kono, dheweke iku kabeh antek asing sing arep ngancurke bangsa.",severe,3
"Wong-wong sing beda keyakinan karo awake dhewe iku najis, uripe kudu dipateni.",severe,3
"Aku arep ngobong omah-omah wong golongan kae, mergo dheweke wis ngina leluhur kita.",severe,3
"Kabeh keturunan PKI kudu ditumpes, aja nganti ana siji sing urip neng tanah iki.",severe,3
"Wong saka pulo seberang iku maling sumber daya kita, kudu dibalikke laut kabeh.",severe,3
"Aku bakal pimpin aksi sweeping, gebugi wae wong sing beda organisasi karo kita.",severe,3
"Wong-wong sing ndhukung pemimpin iku budak asing, awake kudu digebugi nganti mati.",severe,3
"Golongan iku mung babi-babi sing ngotori negara, kabeh kudu dicekel lan dihukum mati.",severe,3
"Wong Kalimantan iku kampungan, uripé nèk alas wae.",regional,2
"Wong Bali iku pura-pura suci, nanging asliné tukang nipu turis.",regional,2
"Suku Dayak iku primitif lan tukang ngayau, isih biadab.",regional,2
"Wong Jawa iku pelit banget, mikiré mung duwit lan pangkat.",regional,2
"Aja percaya karo wong Minang, licik lan tukang ngutang.",regional,2
"Wong Maluku iku keras kepala lan emosian, gampang gelut.",regional,2
Akeh janji nanging mung kadang tukang nipu.,politics,2
"Dasar pejabat lacur, kabeh duite silep dewe.",politics,2
"Pemerintah iki mbingungke rakyat, kaya didongo.",politics,2
"Ora usah milih, kabeh podo wae, tukang nyolong.",politics,2
Wong sing nduwé kuasa mung seneng ngisep darahe rakyat.,politics,2
"Wah, klambine mbak Yati kok saiki nganggo motif sing padha karo punyaku wingi, pancen tansah tumindak trep karo tetanggané.",neighbors,1
"Boten nopo-nopo, mung kula kedah ngaturi pirso, menawi griyanipun Pak Lurah badhe ndadosi papan latihan drumben, kula saged nyuwun jadwalipun?",neighbors,1
"Lho, televisimu kok swarane mirip karo motor rusak, Bu? Monggo dipuncek maneh, mbokmenawi saged luwih alus.",neighbors,1
"Kula nuwun sewu, kula mboten saged nyambut damel kanthi fokus, amargi pidato saking griya panjenengan tansah sumrambah kemawon.",neighbors,1
"Wah, sepatuku sing dipunpundhut kemawon dereng dipunwangsulaken, mbokmenawi sampun dados koleksi pribadi.",neighbors,1
Kula mboten ngertos menawi tetangga kula badhe ndadosi kurator barang-barang kula.,neighbors,1
"Mboten usah repot-repot nggatosaken urusan kula, Pak. Panjenengan sampun kathah karya, kados ta nyimak obrolan kulawarga kula.",neighbors,1
"Kok rasane aku iki uripé diarani 'sinetron' déning tetangga sendiri, ya? Saben adegan kudu dikomentari.",neighbors,1
"Nek arep ngrungokake crita, Bu, kula saged nyedhakaken kursi. Mboten usah ndelik ning jendela.",neighbors,1
"Wah, bengi iki bisik-bisiké swarané kaya toa, Bu. Kula meh mboten krungu isinipun.",neighbors,1
Bapak numpak sepedha menyang warung.,neutral,0
Dheweke ketemu kancane ing dalan.,neutral,0
Anak-anak mangan jajanan pasar.,neutral,0
Wong-wong padha lalu lalang ing pasar.,neutral,0
Kula ndelok maneka warna barang ing kios.,neutral,0
Simbah celuk marang pedagang sayur.,neutral,0
Panjenenganipun nunggu giliran mbayar.,neutral,0
Mereka ngobrol babagan cuaca.,neutral,0
Aku bakal matèni kabeh wong sing beda agama karo aku yen dadi penguasa.,severe,3
"Wong saka pulo liya aja ngaku-aku nguasani bumi Jawa, awakmu mung tamu sing kudu ngabdi.",severe,3
"Kabeh keturunan Cina iki perusak ekonomi, padha diusir lan dagange dibakar wae.",severe,3
"Wong Islam sing nglawan aku iki kafir lan halal getihe, aja nganti diampuni.",severe,3
Aku sumpah bakal nggilas kabeh wong sing ndhukung partai iku nganti ora ono sing urip.,severe,3
"Kabeh pendatang saka provinsi liya iku maling rejekine wong asli, kudu dipeksa balik.",severe,3
"Wong-wong sing ngaku NKRI tapi nentang aku iku pengkhianat, pati siji-sijining ganjaran.",severe,3
"Golongan iku kaya sampah masyarakat, luwih becik dikumpulke lan diracuni wae.",severe,3
Aku bakal ngobong kabeh omah ibadahé wong sing beda keyakinan karo aku.,severe,3
Akeh wong Batak sing kasar lan tukang ribut.,regional,2
"Wong Madura kok keras kepiten, kaya wedhus jadah.",regional,2
"Aja cedhak karo wong Papua, tukang mabuk lan beringas.",regional,2
"Wong Kalimantan kuno banget, urip neng alas terus.",regional,2
"Wong Bali bisane mung nyolong turis, tukang nipu.",regional,2
"Wong Maluku mesti bawa parang, atine gampang dadi panas.",regional,2
Wong Jawa Timur kasar lan ora ngerti tata krama.,regional,2
Suku Dayak iku galak lan tukang mangan manusa.,regional,2
Akeh wong Lampung tukang main keroyokan lan preman.,regional,2
"Wong-wong nang pemerintahan mung golek bolongane dewe, ora mikirke wong cilik.",politics,2
"Kebijakane pemerintah iki mbodhoni rakyat, dipecat wae kabeh!",politics,2
"Milih-milih ngene kok dipilih, wong jelas-jelas penipu.",politics,2
"Pemerintah iki kaya maling sandal, mung nyolong seng cilik-cilik nanging akeh.",politics,2
"Ora usah ngarep-ngarep pemerintahan saiki, wong awake dewe akeh utange.",politics,2
"Partai-partai iku kabeh padha wae, tukang ngibul lan ngrayu rakyat.",politics,2
"Korupsine wong gedhe kok diem-dieman, rakyat salah sengit dihukum.",politics,2
"Kebijakane cuma nguntungke cukong, awakku dewe digantung.",politics,2
"Pemimpin saiki koyo domblong, mung bisane ngomong nanging ora bisa nglakoni.",politics,2
"Wah, klambi anyar kok katon pinarak tenan, Bu. Tiyang mboten sengaja nyingkiraké, nggih?",neighbors,1
"Kula mboten purun ngangsu banyu, Pak. Emberipun kula tasih dipun-ginakaken tiyang sanes, dereng dipun-wangsulaken.",neighbors,1
"Boten nate ngertos menawi pak badhe ndalang, Pak. Swantenipun saged dugi griya kula.",neighbors,1
"Kula nuwun sewu, Pak. Kula kepengin ngraosaken griya kula, nanging swantenipun radyos televisi saking griya panjenengan saéngga boten saged.",neighbors,1
"Wah, Pakdhe pancen kawéntar tiyang ingkang suka tulung. Malah kathah ingkang boten dipun-aturaké tulungipun.",neighbors,1
"Lho, jam piro iki sampeyan arep nandur, Pak? Kula kira tiyang sadaya sampun tilem.",neighbors,1
"Kula mboten purun nyuwun tosan, Bu. Awit saking punika, kathah ingkang mboten kenging dipun-pundhut malih.",neighbors,1
"Kula nuwun pirsa, Bu. Menapa panjenengan gadhah ageman saking griya kula? Kula mboten sengaja ndeleng wonten ing jemuran griya panjenengan.",neighbors,1
"Wah, Pakliku pancen pinter. Ngerti kabeh urusane wong liya, kaya dene dheweke sing uripake.",neighbors,1
"Mboten nate ngertos menawi bapak gadhah usaha rental barang, Bu. Barang-barang ingkang dipun-suwun mboten kantun dipun-wangsulaken.",neighbors,1
Adhek ndelok televisi sawise mulang sekolah.,neutral,0
Kula ngunjuk teh hangat ing pawon.,neutral,0
Simbah mrene ngunjungi omah putrane.,neutral,0
Anak-anak dolanan bola ning lapangan.,neutral,0
Wong tani arep nyebar pari ning sawah.,neutral,0
"Golongan iku mung tukang ngrusak negara, ayo kita bubarake kabeh wong-wong mau.",severe,3
Aku sumpah bakal mbantai kabeh keturunan iku sing isih ana.,severe,3
"Wong-wong sing ndukung partai iku pancen bajingan, kudu dihancurke sedulur-sedulur.",severe,3
"Kabeh pendatang saka pulo liya iku perampas rejeki, ayo kita goro-goro ngusir dheweke.",severe,3
"Aku arep ngebom panggonan ibadah golongan iku, supaya padha sirna.",severe,3
"Wong sing beda pilihan politik karo aku iku pengkhianat bangsa, patut dihukum pati.",severe,3
"Kabeh wong saka kelompok iku iblis, ayo bakar omah-omahe tanpa ampun.",severe,3
Akeh wong Batak kasar lan goblog karo urusan duit.,regional,2
"Wong Madura iku tukang celeng, mung ngerti ngerampas tanah wong.",regional,2
"Wong Jawa iku pinter banget nggithik, nganti ora bisa dipercaya.",regional,2
"Wong Kalimantan kaya-kaya ketinggalan jaman, urip neng alas terus.",regional,2
"Wong Papua iku mbeling lan tukang rusuh, pancen bawaane.",regional,2
Akeh wong Lampung tukang ngamuk lan ora bisa diajak rukun.,regional,2
"Wong Bali iku pagan, nyembah-nyembah roh lan patung.",regional,2
Wong Maluku iku keras kepala lan gampang bawa golok.,regional,2
"Wong Betawi asline tukang ngamen, ora duwe pangkat.",regional,2
"Wong-wong nang kono podo korupsi, ra ragu-ragu!",politics,2
"Pemerintah iki edan, gawe aturan sing ngglendhangi wong cilik.",politics,2
"Mimpin kok ngawur, kabeh kebijakane mung ngrusak negara.",politics,2
"Pemerintah iku bodho, kabeh janji mung omong kosong!",politics,2
"Wes jelas-jelas korupsi, nanging isih diidolakno, aduh bego!",politics,2
"Kebijakane mung nguntungke wong sugih, wong miskin ditelikung.",politics,2
"Aku pancen muak karo politik Indonesia, isine mung tukang tipu.",politics,2
"Mundur wae kowe, pemerintah sing ora bisa nggawa apik-apik!",politics,2
"Wah, tetangga kok sibuk banget kaya pabrik, nggak tau kapan waktunya istirahat.",neighbors,1
"Kula mboten purun nyuwun, nanging pinten taun menawi nyambut damel klambi kula ingkang sampun kesah?",neighbors,1
"Lho, jam segini kok masih ada suara bor ya? Kirain tukangnya baru mulai pagi.",neighbors,1
"Barange mbak Dhesi ra iso bali, mbok ya diopeni karo sing duwe.",neighbors,1
"Kok swarane kaya lagi ngrehakke dalan bunderan, nggak ngerti wong liyo butuh ketenangan.",neighbors,1
"Nek takon karo urusane wong liyo, koyo kertu kredit, tanpa bunga nanging bungane akeh.",neighbors,1
"Televisimu sing anyar iku swarane biso tekan kamar turu kula, koyo nggawa dolan.",neighbors,1
"Mboten sare, Pak? Kula mboten purun nyuwun, nanging menawi gadhah kunci, mugi-mugi dipun aturi wangsul dalu.",neighbors,1
"Wah, pengamatane nggak kurang-kurang, koyo satelit sing lagi ngawasi.",neighbors,1
"Kula mboten gadhah hak nyuwun, nanging menawi nyambut damel sepeda kula, mugi-mugi dipun aturi wangsul dinten punika ugi.",neighbors,1
Aku ketemu karo konco lan ngobrol nang warung.,neutral,0
Bapak maca koran sore-sore.,neutral,0
Wong-wong padha mlaku-mlaku neng dalan utama.,neutral,0
Kancaku nggawa tas anyar menyang kantor.,neutral,0
Kula ndelok televisi sawise mangan nedha bengi.,neutral,0
Mbak nyapu lan ngepel jogan omah.,neutral,0
Aku bakal nggebugi kabeh wong sing ndhukung partai iku nganti pejah.,severe,3
"Kabeh pendatang saka pulo liya kudu mateni awake dhewe, aja ngremehake wong pribumi.",severe,3
"Wong agama liya iku setan, kudu dibakar omahé lan dicekel keluargané.",severe,3
Aku arep nyiksa kabeh turunané wong sing beda suku iki nganti punah.,severe,3
"Golongan iku kaya tikus, kudu diracuni sakabehe nganti ora ono sisa.",severe,3
"Wong-wong sing ngaku aktivis iku bakal ditembak mati, aja nganti nularake pikirane.",severe,3
Kabeh kaum sing beda keyakinan kudu dicekel lan ditumpes ing kene.,severe,3
Aku sumpah bakal ngrusak uripé kabeh keturunan kelompok lawan iku.,severe,3
"Wong sing ngaku pahlawan iki kudu dipateni, merga mung nggawa petaka kanggo masyarakat.",severe,3
"Orang Madura kok kasar banget, kaya preman kabeh.",regional,2
"Aku ora gelem digawekan wong Batak, tukang ngutang terus.",regional,2
Wong Kalimantan kui koncone mung monyet lan bocah alas.,regional,2
"Lha wong Papua kafir kok diurus, mending dipulangke nang dheweke.",regional,2
"Jangan percaya sama orang Bali, sembahyangnya ke setan.",regional,2
"Orang Padang pelitnya minta ampun, duit ditimbun buat mati.",regional,2
"Wong Jawa Timur kasar-kasar, kurang ajar kabeh.",regional,2
"Suku Dayam kui kanibal, awas dicekel terus dimakan.",regional,2
"Orang Betawi males kerja, bisane cuma ngomong doang.",regional,2
"Wong-wong nang kana korupsi terus, rakyat nandhang mlarat.",politics,2
Pemerintah iku bodho lan ora ngrungokke swarane wong cilik.,politics,2
"Milih-milih kae percuma, wae podo wae, maling kabeh.",politics,2
"Kebijakane mung nggawe susah, rakyat dadi kere.",politics,2
"Dasar pamrentah edan, duweke rakyat dikeruk dewe.",politics,2
Wakil rakyat? Wakil kepentingan dewe!,politics,2
"Ora usah ngarep-ngarep, pejabat kabeh lakune mung ngapusi.",politics,2
"Reformasi kae diwenehi, nanging tetep aja rubah, tetep korupsi.",politics,2
"Pemerintah iku goblok, ora bisa ngatur negara.",politics,2
"Wah, tetangga kita seneng banget karo musik, nek jam sepisan bengi isih keriye-riye swarane.",neighbors,1
"Kula mboten purun nyuwun barang, mboten kados bapak-bapak ing kana, pinten-pinten tasih dereng dipun wangsuli.",neighbors,1
"Lho, kok aku dadi kerep ketemu karo tamune Bapak ing pekarangan saya, apa lagi ada acara apa?",neighbors,1
"Wes dadi ahli ngatur urusan wong liyo, nanging urusane dhewe malah ruwet.",neighbors,1
"Nek arep nembang sakarepe, nanging mugo-mugo ora nganti ndadekake wong liya pusing.",neighbors,1
"Barang sing dipun silih mboten nate kesupen, namung saged dipun pirsa menawi dipun tilik langsung.",neighbors,1
"Kok rasane urip iki tambah rame, ora tau sepi, saking asringe tetangga nanggap hajatan.",neighbors,1
"Sampeyan punika saestu gadhah bakat dados mediator, kula mboten saget nampik menawi badhe nyuwun pitulungan.",neighbors,1
"Aku kira tukang bakul klothekan lewat, ternyata swara obrolan sing seru banget saka sebelah.",neighbors,1
"Mboten sare, mboten tilem, namung saged ndangu swanten tetangga ingkang saestu nikmati wengi.",neighbors,1
Dheweke nggawa tas belanjaan sing isine glepung.,neutral,0
Kancaku nyritakake pengalamane nalika dolan.,neutral,0
Aku ndeleng akeh wong ing pasar pagi iku.,neutral,0
"Wong kafir iki kabeh kudu diusir saka Tanah Jawa, merga mung ngrusak adat lan budaya kita.",severe,3
"Aku bakal nggebugi kabeh wong sing ndhukung partai iku nganti pejah, awake dewe sing mbela negara.",severe,3
"Kabeh pendatang saka pulo liya iku maling lan perampok, padha bali menyang asale wae!",severe,3
"Wong-wong sing beda agamane karo aku iku iblis, kudu dibersihke saka desa iki.",severe,3
Aku arep nyulik lan mateni anak-anakmu merga kowe wong golongan sing nyengsarake rakyat.,severe,3
"Golongan iku kaya tikus, kudu ditumpes nganti oyod-oyode, aja nganti ana sing urip.",severe,3
"Wong sing ndhukung kandidat iku akeh sundelane, kabeh wong saka kana iku najis.",severe,3
"Aku sumpah bakal ngrusak omah lan toko-tokone wong saka suku iku, merga dheweke kepenak banget.",severe,3
"Kabeh wong sing nganggo simbol iku pantese dipateni, dheweke pengkhianat bangsa.",severe,3
"Awakmu kabeh sing kerja nang pemerintahan saiki iku antek asing, bakal tak gebugi nganti tumpes.",severe,3
"Wong Madura kok diwenehi proyek, mesthi mung ngutang lan kabur.",regional,2
"Akeh wong Jawa sing pindah neng kene, mula akeh kejahatan sing kedadeyan.",regional,2
"Ora usah percaya karo wong Kalimantan, tukang nipu lan serakah.",regional,2
"Wong Papua kok dikasih jabatan, ya mung bakal ngerusak.",regional,2
Sekolah iki dadi turah-turahan merga akeh siswa saka NTT.,regional,2
Wong Maluku karo Flores mung pinter mabuk lan bikin rusuh.,regional,2
Aku wedi leh muak karo tingkahe wong Bali sing sok jaim lan matre.,regional,2
Dadi pengusaha sukses? Wong Menado mah mung pinter korupsi.,regional,2
"Cangkem mung manis nanging ngapusi, rakyat ditipu terus.",politics,2
"Sing dadi pejabat mung ngurusi kantonge dhewe, rakyat dipepati.",politics,2
"Kebijakane asal njeplak, wong cilik sing nandhang.",politics,2
Aku muak ndeleng wong-wong sok suci nanging nyolong uga.,politics,2
"Pemerintah iki bodho, ora bisa nggawa apik.",politics,2
"Wis percuma milih, wong-wong nang gedung doro podo bejat.",politics,2
"Barang sing dipun ginakaken kok rasane keselé ilang, mbok menawi saged dipun wangsuli.",neighbors,1
"Sampeyan kerep mirengake urusan wong liya, kaya dalang ning wayangan.",neighbors,1
"Swara televisimu nembus tembok, kaya aku neng omahmu nanging ora diundang.",neighbors,1
"Mboten sare, napa mboten nyetel musik ingkang langkung alus, Pak?",neighbors,1
"Pinjam sapu, baline mung ilat kang diunekake.",neighbors,1
"Kok rasane urusanku dadi berita utama ning komplek, ya?",neighbors,1
"Wes dadi alarm alamiah, saben esuk pasti ana swara gebyuran sing nggugah.",neighbors,1
"Barange tak lego, nek pinjem kok rasane tuku.",neighbors,1
Kula mboten ngertos menapa kersanipun Pak/Bu tetangga tansah madosi celah kancingipun kula.,neighbors,1
Adhine lagi maca buku ning ruang tamu.,neutral,0
Bapak arep nyetir menyang kantor.,neutral,0
Dheweke masak sega goreng ning dapur.,neutral,0
Kula ndelok televisi sawise mangan awan.,neutral,0
Anak-anak mangan jajan sing didol ning warung.,neutral,0
Dheweke nyapu lan ngepel lantai omah.,neutral,0
"Kabeh wong sing beda karo awake dhewe iku asu, aja diampuni nganti kari dasaran.",severe,3
"Golongan iku kudu dibabat rampung, supaya ora ana maneh benih-benih sing nantang kedaulatan.",severe,3
"Wong njaba iku maling kekayaan Jawa, kudu digebug nganti tekan oyod-oyode.",severe,3
"Aja cedhak karo wong sing ngaku agamis nanging lakune lacur, kabeh iku munafik lan patut ditumpes.",severe,3
"Kabeh keturunan PKI kudu diusir, merga dadi sumber sengsara ing bumi Indonesia.",severe,3
"Wong sing ora setuju karo awake iku penghianat bangsa, patut dihukum pati tanpa pangadilan.",severe,3
"Golongan liya iku sampah masyarakat, kudu dibersihke nganti resik.",severe,3
"Aja nganti katekan welas asih marang wong sing beda keyakinan, merga iku tandha kelemahan.",severe,3
"Kabeh wong sing nantang kasepakatan iku bakal ditumpes, aku wis siap nggawa badhe.",severe,3
"Akeh wong Batak kasar lan tukang ribut, ngono kuwi.",regional,2
"Wong Madura kok keras kepelan, kaya wedhus dibandhol.",regional,2
"Wong Jawa iku licik, katon alus nanging njero atine akeh bolongan.",regional,2
"Aja pacaran karo wong Kalimantan, tukang mabok lan madon.",regional,2
"Wong Papua goblok, mung pantes dadi kuli.",regional,2
"Wong Bali kafir, nyembah-nyembah berhala.",regional,2
"Wong Maluku tukang bacok, emosiane gampang murup.",regional,2
"Wong Lampung mung pinter ngomong doang, lakune ra genah.",regional,2
"Wong NTT mburu bantuan terus, wong males tur miskin.",regional,2
"Wong-wong nang kana korupsi kabeh, rakus kaya taek.",politics,2
"Dasar para maling berdasi, negara dibobol karo wong dalem.",politics,2
"Janji-janjine mung goroh, rakyat ditipu terus.",politics,2
"Ora usah milih-milih, kabeh partai iku tukang nipu.",politics,2
"Pemerintah iki koyo budheg, protes rakyat diendheg-endheg.",politics,2
"Korupsi wis dadi budaya, negara bakal rusak kabeh.",politics,2
"Wong cilik sengsara, wong nang atas seneng-seneng wae.",politics,2
"Barange tak lewati, kok rasane dadi melu numpak ning kene, mas?",neighbors,1
Kula mboten ngertos menawi wonten tetangga ingkang saged ngrungokake obrolan saking dalem griya.,neighbors,1
"Wes dadi ahli ukur ya, lek lekukan lemahku kok diukur karo teles.",neighbors,1
"Kok swarane speaker luwih banter tinimbang budine, ta?",neighbors,1
"Mboten nate kesupen, nanging barang ingkang dipunpundhut boten kondur kondur.",neighbors,1
"Sinemune ngguyu nanging atine adhem, kaya es batu dijual ning pasar.",neighbors,1
"Wah, nek ngomong urusan wong liya koyo dadi pekerjaan tetep, ya?",neighbors,1
"Kula mboten purun nyuwun, nanging menawi pinjaman kula dipunparingaken malih, mugi-mugi saget.",neighbors,1
"Nek arep nyambut gawe, kok malah sibuk ningali pekarangane wong.",neighbors,1
Adhine lagi maca buku ing ruang tamu.,neutral,0
Wong-wong padha obrolan ing pinggir dalan.,neutral,0
Kula ndelok televisi bengi iki.,neutral,0
Dheweke masak sega goreng ing pawon.,neutral,0
Simbah nyapu plataran omah.,neutral,0
"Akeh-akehe wong pendatang mung ngerusak tatanan, kudu dibalikke menyang asale dewe-dewe.",severe,3
"Golongan iku mung mbedakake awake dhewe, luwih becik dikumpulake banjur dipecat kabeh.",severe,3
"Wong-wong sing beda keyakinan karo kula iku sampah, kudu disingkirake saka lingkungan iki.",severe,3
"Aja nganti menehi kesempatan marang wong liya, yen perlu ditindhes nganti tekan oyot-oyote.",severe,3
"Kabeh sing nentang kula bakal krasa getihe, wis tak rencanakake kanthi rapet.",severe,3
"Wong saka suku liya iku penjajah anyar, siap-siap kita gelut kanggo ngusir dheweke.",severe,3
"Kelompok iku wes kebablasan, kudu digebugi supaya ora wani maneh ngangkat sirah.",severe,3
"Sing ora setuju karo aturan kita, uripe ora bakal tentrem, bakal ana cilaka sing nunggu.",severe,3
"Mereka sing ngaku pancen pantes dikucilake, aja nganti diakoni ana ing masyarakat iki.",severe,3
"Aku ora gelem nyambut gawe karo wong Batak, kasar lan emosional.",regional,2
"Wong Madura iku kerep mangan sapi wong, agama'e kok ngono.",regional,2
"Aku wedi leh ninggal motor ning kene, akeh wong Flores.",regional,2
"Wong Papua iku mbeling, dikasih otonomi khusus kok malah rusuh.",regional,2
"Aku ora seneng karo wong Kalimantan, kuthane adoh karo peradaban.",regional,2
"Wong Maluku iku panas-panasan, gampang gelut karo perkara cilik.",regional,2
"Aja cedhak karo wong Lampung, tukang main keroyokan karo premanisme.",regional,2
"Wong Bali iku umat Hindu, nyembah berhala, aja diajak kerja bareng.",regional,2
"Wong NTT iku mung cocok dadi pembantu, pinter masak nanging otone bloon.",regional,2
"Wong-wong nang kono podo maling, korupsine wes dadi panganan saben dina.",politics,2
"Kebijakane mung nguntungke wong sugih, awakmu dhewe dipati-pateni.",politics,2
"Sing dadi pejabat mung ngomong doang, janji-janjine palsu kabeh.",politics,2
Partai politik iku kumpulan bocah bajingan sing rakus kuoso.,politics,2
"Reformasi diunekne, nanging korupsi malah tambah parah, tukang tipu!",politics,2
"Pemerintah iku bego, rakyat sengsara dipekso.",politics,2
"Sing menang pemilu wae maling, milih endi wae podo bangsat.",politics,2
"Kabeh iku calon penipu, janji muluk mung ngelmu nyolong.",politics,2
"Wah, klambi anyar kok isa podo karo sing tak lebarake wingi, mbak? Mesti tukaran karo jin sing jahil.",neighbors,1
"Bapakne arep nandur kebon musik ya, kok sore-sore swarane rame banget karo dentuman?",neighbors,1
"Lho, kunci pipa kae wis balik mrene, ta? Aku kira wis dadi pupus kebon mergo suwe banget ora ketemu.",neighbors,1
"Kula mboten ngertos menawi wonten tetangga ingkang gadhah usaha rental barang, kados meja lan kursi, amargi kathah ingkang saged pinjam nanging mboten kondur.",neighbors,1
"Wes sore kok swara televisimu isa ngalahne speaker masjid, Pak. Aku kira adzan versi anyar.",neighbors,1
"Wah, nek ngomong karo mbakyu iku koyo ndelok berita live, kabar seputaran RT ora ono sing luput.",neighbors,1
"Kula nuwun sewu, menawi bade nanggap wayang kulit, kula aturi mangke, supados saged nyuwun tolong dhawuh dhateng dalang supados volume dipun kurangi.",neighbors,1
"Barange tak lewati mung siji, kok balike malah dadi pitung wawasan anyar bab urusan rumah tanggaku.",neighbors,1
"Sampun dangu kula ngintun-ngintun, kapan kedah nyewa tukang bangunan, amargi perkakas kula sedaya sampun manggon wonten griyanipun tiyang sanes.",neighbors,1
"Aku kirain tak jogo bocah-bocah nang dalan, ternyata swarane saka omahmu terus, Bu.",neighbors,1
Adhek ngunjuk teh anget sakderenge sekolah.,neutral,0
Dheweke lagi nggodhok banyu kanggo adus.,neutral,0
Kancaku lagi nunggu bis neng halte.,neutral,0
Ibu lagi masak sega goreng neng pawon.,neutral,0
Aku krungu manuk mabur neng njaba jendela.,neutral,0
Dheweke arep nyapu latar omah bengi iki.,neutral,0
"Wong kafir iki kabeh kudu diusir saka tanah Jawa, merga mung nggawa petaka lan nodha kesucian bumi pertiwi.",severe,3
"Kabeh wong sing beda aliran karo aku iku penyembah setan, patut dibantai nganti oyod-oyode.",severe,3
"Aku arep ngobong masjid-mu sing ora ana gunane iku, merga isine mung ajaran sesat.",severe,3
"Wong saka pulo liya aja ngrasa duwe kene, awakmu mung tamu sing bakal diusir karo getih.",severe,3
"Kabeh keturunan Cina iku tikus ekonomi, kudu dipateni supaya kasil bangsa dadi resik.",severe,3
"Golongan iku kabeh antek asing, wis wektune kita siapke pedhang kanggo mbabad kabeh.",severe,3
"Wong sing ndukung pemimpin liya iku pengkhianat bangsa, kudu ditumpes nganti ora ana turune.",severe,3
"Aku sumpah arep ngrusak gréjamu sing mentas dibangun, merga iku simbol kesombonganmu.",severe,3
"Kabeh wong sing nganggo jilbab iku munafik, patut diuber-uber lan diusir saka kampung iki.",severe,3
"Wong suku kasebut iku primitif lan mangan babi, ora pantes urip bebarengan karo kita.",severe,3
Aku ora gelem diobong karo wong Batak sing kasar karo.,regional,2
"Wong Madura iku tukang celak, aja diajak urunan.",regional,2
"Wong Jawa iku licik, koyo ulo.",regional,2
"Wong Kalimantan iku terbelakang, urip neng alas terus.",regional,2
"Wong Papua iku bodho, mung cocok kerja fisik.",regional,2
Akeh kejahatan iku saka wong Flores sing gelandangan.,regional,2
Wong Maluku iku keras kepala lan gampang beringas.,regional,2
"Wong Bali iku sombong, nganggo adate dhewe.",regional,2
"Wong Menado iku mung bisane nyanyi lan pesta, ora mikir perkembangan.",regional,2
"Wong-wong nang kono korupsi terus, ra ragu-ragu nilep dana.",politics,2
"Dasar para maling berdasi, mangan ora tau mangan nggak puas.",politics,2
"Ora usah milih-milih, kabeh partai iku podo wae, tukang tipu.",politics,2
"Kebijakan e pemerintah mung ngenteni awake dewe, rakyat ditinggal mati.",politics,2
"Wong sugih makin sugih, awak dewe mlarat mung disuruh nrimo.",politics,2
"Pemimpin iku cuma janji palsu, mbohongi wong cilik.",politics,2
"Korupsi wis dadi budaya, saka ndhuwur nganti ngisor podo bejat.",politics,2
"Pemerintah iku bodho, ora bisa nggawa apik-apik, mung gawe susah.",politics,2
"Wah, tetangga kok swarane kaya lagi ngrengkuh sepur, nggih?",neighbors,1
"Barange dicolong? Ora, mung ditumbas nanging mboten wangsul-wangsul.",neighbors,1
"Sampeyan kerep mirengake urusan kulawarga kula, kados radio gelombang cendhak.",neighbors,1
"Boten sare sampeyan, Pak? Kula mirengake obrolan sampeyan wingi wengi kanthi jelas.",neighbors,1
"Kula nuwun piranti kula, nanging mbok menawi dipun ginakaken ngantos pirang-pirang taun?",neighbors,1
Sampeyan nggadhahi bakat ingkang sae kanggo ndelok sela-sela pagar.,neighbors,1
"Kebon kula sampun dados papan dolan kucing sampeyan, nggih?",neighbors,1
"Mboten usah repot-repot nggosok kuping, kula mireng kanthi terang.",neighbors,1
"Barangipun mboten ilang, mung pindhah alamat nggih, wonten griya sampeyan.",neighbors,1
"Sampeyan kados hakim ingkang tansah siyaga nggih, nanging mboten wonten pengadilanipun.",neighbors,1
Adhine nyapu lantai saben dina.,neutral,0
Kancaku ngunjungi omahku wingi sore.,neutral,0
Aku ngrungokake lagu nalika nyetrika klambi.,neutral,0
Aku numpak sepedha menyang warung.,neutral,0
"Aku arep ngobong gréja-gréja ing kéné, supaya wong-wong njahati iku wedi lan minggat.",severe,3
"Wong saka pulo liya aja ngaku-ngaku nguasani kutha iki, awaké dhéwé wae sing duwe hak urip neng kéné.",severe,3
"Kabeh wong sing beda karo awake dhewe iku sampah, kudu diusir utawa dibasmi.",severe,3
"Aku sumpah, yen golonganku menang, bakal tak tumpes kabeh turunane wong-wong sing nglawan biyen.",severe,3
"Wong-wong sing nggawa ajaran sesat iki kudu ditangkep lan dihukum pati, aja nganti mbalé maneh.",severe,3
"Kabeh leluhurmu iku penjahat perang, turunanmu kudu ngaku dosa lan ndhodhok ngisor sikilku.",severe,3
Aku bakal ngrekrut wong akeh kanggo nyerang lan ngancurke kampungmu sing lacur iku.,severe,3
"Wong sing nganggo basa liya ing pasar kudu digebugi, aja nganti nular-nular.",severe,3
"Kabeh sing ndhukung pemimpin liya iku pengkhianat bangsa, patut dipateni kaya kéwan.",severe,3
"Wong Madura kasepen lan tukang celak, akeh sing tukang nyolong.",regional,2
"Wong Jawa iku licik banget, karo wong ngomong manis mburine nusuk.",regional,2
"Akeh wong Lampung tukang main keroyokan, nek kalah gelut.",regional,2
"Wong Kalimantan ketinggalan jaman, uripé isih nrimo ing pandum.",regional,2
"Wong Maluku iku panas barane, cilik-cilik gampang dadi musuhan.",regional,2
"Wong Bali iku sombong, nganggo adate dhewe lan ngremehke liyan.",regional,2
"Wong Papua ora pinter, mung cocog kerja kasar.",regional,2
"Wong Betawi males lan tukang ngemis proyek, urip mung ngarepke bantuan.",regional,2
"Wong-wong nang kono podo maling, korupsine wes mendarah daging.",politics,2
"Pemerintah iki edan, rakyat sengsara diene dhewe seneng-seneng.",politics,2
"Kebijakane cuma nguntungke wong sugih, wong cilik ditelikung.",politics,2
"Sing dadi pemimpin iku akeh sing bejat, moral busuk.",politics,2
"Ora usah milih, podo wae, kabeh tukang nipu.",politics,2
"Kerjane mung ngobral janji, ning akhiré mung ngibul.",politics,2
"Dasar pamrentah lemu, mangan anggaran terus, rakyat nang kahanan susah.",politics,2
"Wong sing dadi wakil rakyat kok mlayu sengak, ora mikirke awake dhewe.",politics,2
"Kabeh partai iku sarang koruptor, golek kekuwatan kanggo nyolong.",politics,2
"Wah, klambi iki kok mirip kaya klambine Bu Rini sing wingi tak lembokno nggih?",neighbors,1
"Wes sore kok isih ana sworo kethoprak, kayane tetangga niku gadhah hajatan ndhelik.",neighbors,1
"Lho, sapune Bu Lastri kok neng kene? Mestine wis bali menyang kandange dhewe.",neighbors,1
"Kebonku rasane kebon umum, wong liyo teko lan lungo karo barang-barangku.",neighbors,1
"Wah, Pakdhe pancen pinter ndandani motor, nganti bengkelku krasa sepi.",neighbors,1
"Duh, kula mboten sregep ngrungokake critane, soale sworo televisi sakiwa-tengen niku deres.",neighbors,1
"Kethokne witku dhuwur, nanging kok critane tetangga malah luwih cepet tuwuh.",neighbors,1
"Wes dadi ahli waris kabeh, barang-barangku kabeh wis pindah ndomile.",neighbors,1
"Mboten usah tuku jam weker, sworo galon es bengi-bengi niku saged dados pengingat.",neighbors,1
"Kula mboten gadhah kaca spion, nanging kula saged ndeleng urip tetangga kanthi jelas.",neighbors,1
Wong-wong padha lalu lalang neng pasar.,neutral,0
Dheweke ngobrol babagan cuaca.,neutral,0
"Wong kafir iki kabeh kudu disingkirake saka bumi Jawa, merga mung gawe rusuh wae.",severe,3
"Wong loro iku aja percaya, dheweke iku bangsa penjajah turunan sing mung ngisep dhuwit kita.",severe,3
"Aku arep nglebokake bom neng kono, merga wong-wong sektu iku sampah masyarakat.",severe,3
"Kabeh wong saka pulo iku kudung, kudu diusir utawa dibasmi nganti oyot-oyote.",severe,3
"Wong golongan iku kaya tikus, nek ora ditumpes bakal ngrusak nagara.",severe,3
Aku bakal nyulik lan mateni anak-anakmu nek kowe isih ndukung kelompok kafir kuwi.,severe,3
"Masarakat adat kui aja diwedeni, nek perlu gebugi wae nganti pejah sekabehane.",severe,3
"Kelompok iki wis kaya penyakit, kudu dibakar uripe lan panggonane.",severe,3
"Wong-wong sing beda agamane karo aku iku penghianat, patut dipateni.",severe,3
"Aku bakal nggawa bala lan numpes kabeh wong saka suku iku, tunggu wae.",severe,3
Wong Sunda mah bisane mung ngala sangu wae.,regional,2
"Aku ora gelem diomongke wong Madura, kasar lan tukang gelut.",regional,2
Wong Batak kasebut kok rewel lan sok ngatur-ngatur wae.,regional,2
"Lha wong Papua kemakan pinisepuh, golek tunjangan terus.",regional,2
Wong Kalimantan kui mlebu kene ngrebut panggonan uripku.,regional,2
"Aja cedhak-cedhak karo wong Maluku, gampang bengis atine.",regional,2
"Wong Bali kui sanajan ayu, nanging akeh alus-aluse.",regional,2
"Wong Jawa iki penjajah, ngremehke wong liya kabeh.",regional,2
"Wong Menado seng ngoceh kasar, koyok preman pasar.",regional,2
"Wong Aceh kui atine atos, kabeh pengen diatur syariat dewe.",regional,2
Wong-wong ngentekke dhuwit rakyat mung kanggo lelungan lan mobil mewah.,politics,2
Pemerintah iki mung wayang sing didalangi para koruptor gedhe.,politics,2
"Apa kabar kabeh pejabat iku maling berdasi, rakyat nandhang sangsara.",politics,2
Partai-partai iku kumpulan lanang edan sing rebutan porsi korupsi.,politics,2
Sing menang pemilu mung maling sing beda seragam.,politics,2
"Pemerintah iku goblok, ora bisa ngatasi rega sembako murah.",politics,2
"Wakil rakyat iku wakile kepentingane dhewe, dudu rakyat.",politics,2
"Negara iki arep dadi apem, gampang didemok para maling kekuasaan.",politics,2
"Wah, klambi anyar ibu kok pinjem terus, mbok ya dirawat kaya klambine dhewe.",neighbors,1
"Wes sore kok isih ana sing nggeretak-geretok, kaya lagi latihan karawitan neng ngarep.",neighbors,1
"Lho, kunci tanganku kok ra bali-balii, mbok ya dielingi kaya janjine mantu.",neighbors,1
"Bocah-bocah podo nangis, nek krungu sworo banter saka sebelah, dadi luwih banter nangise.",neighbors,1
"Wah, urusan dalem kulo kok koyo wis dadi berita utama neng koran, sepertine wonten wartawan khusus.",neighbors,1
"Mboten sare, niku amergi tetangga nggih lagi ndandani sepeda, mboten wonten masalah sanes.",neighbors,1
"Barange tak pinjem tak jaga kaya barang pusaka, nek mbalekke mung kaya sampah.",neighbors,1
"Kok swarane speaker nganti nembus tembok, kaya lagi uji kekuatan tembok omahku.",neighbors,1
"Wah, nek ngomong babagan urusanku koyo luwih pinter neng banding aku dhewe.",neighbors,1
"Mbok ya nek arep ngomongin aku, volume rada didhunakke, soale aku dhewe mboten krungu.",neighbors,1
Dheweke ngrungokake critane kancane kanthi ati-ati.,neutral,0
Kula ndeleng maneka warna jajanan pasar.,neutral,0
Ibu nyapu lantai kamar turu.,neutral,0
Aku bakal ngobong masjid-masjid nganti ompong yen wong Islam terus nindhes kawula Kristen ing kene.,severe,3
"Wong saka pulo seberang iku maling lan perampok, kudu dipepehi banyu panas supaya padha bali menyang asale.",severe,3
"Kabeh keturunan Cina iku lintah darat, mateni urip wong pribumi, kudu digebugi nganti tekan oyot-oyote.",severe,3
"Aku sumpah arep nyulik lan mateni bocah-bocah saka kulawarga iku, merga bapake wis nistha leluhur kita.",severe,3
"Wong-wong sing ndhukung partai iku kaya asu galak, kudu dipateni siji-siji nganti ora ono sing njerit maneh.",severe,3
"Golongan iku kabeh wong dungu lan budak, kudu dicekel lan dikandhang kaya raja-kaya, aja nganti mbrebes mili.",severe,3
"Aku bakal ngebom gréja-gréja ing dina Natal, supaya wong-wong loro nyembah brahala iku padha sirna.",severe,3
"Kabeh wong sing beda karo kita iku sampah, kudu dikumpulake lan diilehake nganti dadi awu.",severe,3
"Wong saka suku iku kera-kera alas, ora pantes manggon ing kutha, kudu dibabat nganti oyot-oyote.",severe,3
"Wong Sunda kok sok ngaku pinter, padahal urusan tani bae ora ngerti.",regional,2
"Aku ora gelem kerjasama karo wong Batak, kasar lan tukang ngomong kasar.",regional,2
"Wong Madura iku kerep ngganggu, di endi-endi ngaku dadi preman.",regional,2
"Apa wae sing dilakoni wong Lampung mesthi ngapusi, aja percaya.",regional,2
"Wong Kalimantan iku terbelakang, urip neng alas terus ora ngerti perkembangan jaman.",regional,2
"Suku Dayak galak lan primitive, siap-siap gelut karo bedhil sumpit.",regional,2
"Wong Papua iku malas, dikasih otonomi khusus mung numpang seneng-seneng.",regional,2
"Aja cedhak karo wong Maluku, gampang baper lan seneng bawa masalah.",regional,2
"Wong Bali iku pelit, bisane mung ngurusi turis kanggo dhuwit.",regional,2
"Wong Jawa Timur kasar lan ora sopan, logate ngotot kaya tukang berantem.",regional,2
Wong-wong ngentekake dhuwit rakyat kanggo dolanan mobil anyar.,politics,2
"Wakil rakyat kok mlaku-mlaku nang luar negri, ngabisin duite kita.",politics,2
"Janji-janjine mung pepesan kosong, korupsi terus ndadra.",politics,2
"Ora usah milih, podo wae maling kabeh sing nyekel kuasa.",politics,2
"Pajek ditarik tambah akeh, tapi kas negara ludes digondol maling.",politics,2
Pemerintah iku klebu lan ora ngrungokke swarane wong cilik.,politics,2
"Reformasi dikhianati, maling mung ganti jas lan dasi.",politics,2
"Wah, klambi anyarku kok ra ono ning gantungan, pancen neng ngendi baé deweke tansah nemu barang sing 'tiba' ya.",neighbors,1
"Boten kepanggih kalih perkawis mesin pompa griya kula, niki mekaten namung saged ngrungokake swantenipun kemawon.",neighbors,1
"Lho, kok jam pitu esuk wes ramai kaya pasar, nanging malem bengi malah sepi kaya kuburan.",neighbors,1
"Kula mboten ngertos menawi tetangga kedah dados pengawas griya, saget dados penjaga wekdal kula sedaya.",neighbors,1
"Wah, sepatuku sing ilang minggu kepungkur kok saiki neng dalan, mbok ya dijaga nganti tekan omah.",neighbors,1
"Mboten nate kenging pangapura, nanging swantenipun televisi mboten saged dipun kurangi sedhela?",neighbors,1
"Kok aku urip kaya ana pengawas pribadi, nanging ora mbayar.",neighbors,1
"Barang kula dipun ginakaken, nanging kula piyambak ingkang kedah nyuwun pangapunten menawi badhe nyuwun kondur.",neighbors,1
"Wes dadi alarm alamiah, saben esuk pasti ana swara galon digedor lan anak nangis.",neighbors,1
"Kula mboten nate nyuwun data, nanging kula dipun sumerepi kados data sensus.",neighbors,1
Dheweke lagi ngenteni bis ngadep omah.,neutral,0
Ibu lagi masak sega goreng ing pawon.,neutral,0
Dheweke mlaku-mlaku ning dalan sawise mulang.,neutral,0
Aku ndelok adhine sinau neng kamar.,neutral,0
Bapak lagi nggarap kebon neng mburi omah.,neutral,0
Aku bakal nggebugi wong-wong saka suku iku nganti mati yen ketemu neng jalan.,severe,3
"Golongan iku kaya tikus, ngerusak negara, kudu dibasmi kabeh tanpa sisa.",severe,3
"Wong-wong pendatang aja sok-sok ngatur urusan politik neng kene, awakmu dewe mung tamu.",severe,3
"Aku sumpah, yen partai iku menang pemilu, aku bakal bakar gréja-gréja neng daerah iki.",severe,3
"Kabeh wong sing ndukung kelompok iku pantas dipateni, dadi racun kanggo masyarakat.",severe,3
"Wong agama liya aja ngimpi-ngimpi bisa mbangun rumah ibadah neng wilayah iki, bakal kita gempur.",severe,3
"Keturunan PKI kudu ditandai, dikucilkan, lan diusir saka lingkungan iki supaya resik.",severe,3
Aku arep nyiksa kabeh anggota organisasi iku nganti jerit loro-lorone ati.,severe,3
"Generasi muda aja nganti dikacauki pikirane karo ajaran sesat wong-wong ras iku, kudu disingkirake.",severe,3
"Wong Madura kok sok ngrasa pinter, padahal urip neng daerah gersang.",regional,2
"Akeh wong Papua sing mlebu kene, ngganggu ketentraman kutha.",regional,2
Wong Kalimantan kui konco-koncone mung kera lan uwong alas.,regional,2
"Ora usah percoyo karo wong Maluku, gampang bengok lan gelut.",regional,2
"Wong Bali bisane mung nggodha turis, agama beda karo kita.",regional,2
"Sikile wong NTT tansah nggawa bledu, ngrusak resik-resike dalan.",regional,2
"Wong Betawi asline ora nduwe pendidikan, mung ngomong kasar.",regional,2
"Akeh transmigran Jawa nguasai tanah kita, padahal dheweke tamu.",regional,2
"Wong-wong nang kono podo korupsi, rakyat nandang mlarat.",politics,2
"Cuma janji palsu, mbohongi wong akeh.",politics,2
"Kebijakane mung ngrusak, rakyat dadi sengsara.",politics,2
"Wong sing dadi pemimpin iku asu, mung nguntungke golongane.",politics,2
"Apaan pemerintah iki, kabeh proyek mung dikorupsi.",politics,2
"Ora usah milih-milih, kabeh partai iku tukang nyolong.",politics,2
"Mundur wae kabeh, pejabat iku sampah masyarakat.",politics,2
"Wah, klambi anyarku kok ra ono maneh ya, pancen ilang utawa keselip ning omah sing rame banget nganti lali bali.",neighbors,1
"Boten nate ngertos menawi tetangga mboten sare, amargi swantenipun saged dipunmangertosi saking dalem griya kula.",neighbors,1
"Lho, sapune ditinggal ndomblong, koyo dolan bengi sing suwe banget tekan esuk.",neighbors,1
"Kula mboten ngertos menawi paklik gadhah usaha rental barang, amargi barang-barang kula asring dipunpundhut tanpa wangsulipun.",neighbors,1
"Wes sore kok isih ana swara kaya lagi natah lemah, nggih mboten kepanggih menawi wonten renovasi to?",neighbors,1
"Pinter tenan tanggane, ngerti kabeh urusane wong liya, koyo dadi penasehat tanpa dipitut.",neighbors,1
"Kula mboten badhe nyuwun tulung malih, menawi kados mekaten saged nambahi repote panjenengan.",neighbors,1
"Wah, seprene kok isih byar-bet? Mesti lagi latihan gamelan ning kamar turu.",neighbors,1
"Barange dicolong? Mboten, mboten. Nginggih dipunpundhut kaliyan kancanipun, nanging mboten dipunwastani wangsulipun.",neighbors,1
"Kula mboten gadhah televisi, nanging tiap dinten saged ngrungokake swara sinetron saking arah griya panjenengan.",neighbors,1
Dheweke lagi maca koran ning teras.,neutral,0
Wong-wong padha antre tuku jajan.,neutral,0
Adhine nggawa kranjang blanja.,neutral,0
Simbah lagi ngunjuk teh ning pawon.,neutral,0
"Wong kafir iki kudu disingkirake saka tanah Jawa, mergo awake mung ngrusak tradisi leluhur.",severe,3
"Kabeh wong saka pulo seberang kudu balik, nek ora arep diklakoni karo wong lokal sing wis sabar.",severe,3
"Golongan iku kaya tikus, ngerampas hak wong Jawa, wis wayahe dibasmi nganti oyod.",severe,3
"Aja nganti golongan liya ngrebut panguwasa, mergo bakal dadi rebutan sing getih bakal mili.",severe,3
"Wong-wong sing beda agamane kudu diusir, mergo dadi sumber petaka lan bencana ing tanah iki.",severe,3
"Kabeh keturunan asing iku penghianat, wis wayahe dikumpulke lan dipejati saka bumi Indonesia.",severe,3
"Golongan iku mung mampir ngombe, aja dipercaya, nek perlu digebugi nganti tekan kuburan.",severe,3
"Wong sing ora nganggo basa Jawa iku arogan, kudu dielingake nganggo cara kekerasan.",severe,3
"Akeh-akeh wong saka suku liya, bakal dadi rebutan lan perang antar wong pribumi.",severe,3
"Wis wektune golongan liya dicekel, dikandhani, lan ditumpes supaya Jawa resik maneh.",severe,3
"Lha wong Jawa Timur kok sok nganggo gaya, wedi dianggap kampungan.",regional,2
"Wong Kalimantan kui mesti lambat mikire, iklim panas banget.",regional,2
"Akeh wong Papua sing masi primitif, kurang pendidikan.",regional,2
"Wong Bali bisane mung nyanyi lan nari, ngapain diajak rembugan serius.",regional,2
"Sekolah iki kebanjiran wong Lampung, jadi kumuh lan berisik.",regional,2
"Wong Menado sambat terus, kerjaan dikit ngeluh.",regional,2
"Ora usah percoyo karo wong Padang, urip seng penting untung dewe.",regional,2
"Pemerintah cuma ngomong doang, janji palsu melulu.",politics,2
"Sing dadi pejabat mung ngurusi duite dewe, rakyat dipepet.",politics,2
"Kebijakane pemerintah nggak ngaruh karo wong cilik, mung beban.",politics,2
"Wakil rakyat kok mlaku ning ngisor meja, aji sogok.",politics,2
"Partai politik akeh sing mung wayang, dalane mung nggoleng duit.",politics,2
"Pemerintah iku lunyu, kabeh strategi ngapusi rakyat.",politics,2
"Korupsi wis dadi penyakit, nanging sing nandhang lara rakyat cilik.",politics,2
"Kabeh partai padha wae, mburine mung kepentingan pribadi.",politics,2
"Wah, klambi anyarku kok ilang, mbok ya sing nyolong nggawe swara bising bengi-bengi, ngganggu tetangga wae.",neighbors,1
"Kula nuwun sewu, kados pundi manawi ngasta perkawis ingkang sanès-sanès, mboten kados ngurusi dalem piyambak.",neighbors,1
"Lho, televisi sampéyan swarané koyo ing stasiun, nanging nyuwun pangapunten kula mboten saged nyetel kanthi rikat.",neighbors,1
"Barangku sing dipun ginakaken kok rasane dadi kepunjeren, nanging mugi-mugi tansah kaparingan rejeki.",neighbors,1
"Wah, sepuré mlebu stasiun rupane neng kene, swarane nggremeng saka dalem.",neighbors,1
Kula mboten ngertos menawi griya kula dados papan panyimpenan barang-barang tetangga.,neighbors,1
"Mboten usah rep-repan ngurusi sepeda wong liya, mending baleni sepedane dhewe sing wis ilang karo wong seng ngganggu.",neighbors,1
"Kok swara musiké nganti tekan kene, kula kira ana konser ing dalem griya.",neighbors,1
"Mboten nate kenging nyuwun tulung, namung tansah nyuwun barang, kados ta griya kula griya gesang.",neighbors,1
"Wah, kula mboten nate mangertos menawi tetangga kula ahli ingkang saget mirsani lan ngatur kula saking tembok.",neighbors,1
Wong-wong padha lalu lalang ing pasar tradhisional.,neutral,0
Kancaku menehi kabar babagan kuliahe.,neutral,0
Kula ndelok toko kelontong lagi buka.,neutral,0
"Wong kafir iki kabeh kudu disingkirake saka tanah Jawa, merga ngrusak adat lan iman kita.",severe,3
"Aku bakal nggebugi kabeh wong sing ndhukung partai iku nganti pejah, awake dhewe sing gawe rusuh.",severe,3
"Kabeh pendatang saka pulo liya kudu diusir, merga padha nyolong panggonan urip wong asli kene.",severe,3
"Wong-wong sing beda kabilah karo aku iku kewan, ora pantes manggon ing kutha iki.",severe,3
"Aku sumpah arep nggesang wong-wong golongan iku, merga turune mung ngrusak negara.",severe,3
"Kabeh kaum sing nyeleneh iku kudu dibakar omahé, supaya ora nyebar ajaran sesat.",severe,3
"Wong lanang saka suku iku kabeh bajingan, kudu ditangkep lan dipateni wae.",severe,3
"Aku bakal ngobong papan ibadahé wong-wong sing nyembah brahala kono, merga nistha.",severe,3
"Kabeh wong sing ngaku pancasila tapi nyolong hakku, pati-pati kabeh, aja nganti lali.",severe,3
"Golongan iku mung sampah masyarakat, kudu dibuang menyang laut bareng karo leluhure.",severe,3
"Orang Madura kok dikon gawe, mesti mangan batu.",regional,2
"Batak karo Ambon iku wong galak lan kasar, ora cocog karo budaya Jawa.",regional,2
"Orang Papua bodho-bodho, mesti ora bisa ngerti perkara ruwet.",regional,2
"Wong Sulawesi iku pelit banget, akeh akale mung ngutang wae.",regional,2
"Jangan percaya karo wong Bali, bisane mung nipu turis.",regional,2
Orang Maluku kui keras kepala lan gampang gelut.,regional,2
"Wong Lampung iku preman kabeh, mbok sing ati-ati.",regional,2
"Akeh kejahatan neng kana, iku tandane wong NTT iku nakal.",regional,2
"Cuma janji palsu, mbok sing nyata ngono!",politics,2
"Rakyat sengsara, nanging wong nang atas urip foya-foya.",politics,2
"Ora usah milih, kabeh partai iku padha wae tukang korupsi.",politics,2
"Pemerintah iki budeg, rakyat nangis dipekik.",politics,2
"Mundur wae kabeh, wong wes ora duwe pakurmatan.",politics,2
"Wah, klambi anyar kok isa podo karo sing tak lebarake wingi, mbok ya kembalikan.",neighbors,1
"Boten sare, Pak? Swaranipun televisi saged ngantos dugi kemawon.",neighbors,1
"Lho, kunci motore wis balik ta? Aku ki nyangkut kabeh wae mergo kunci siji.",neighbors,1
"Kok swara musikipun langkung deres tinimbang obrolan kita, nggih?",neighbors,1
"Wonten ingkang nyuwun senter, nanging sampun kesupen kersane mbalekaken.",neighbors,1
"Wah, sepur dalan mlebu omahku njaluk izin dhisik, Pak?",neighbors,1
Kula mboten ngertos menapa tetangga kula langkung prihatin kaliyan urusan kula.,neighbors,1
"Barange ilang koyo ilining banyu, nanging yen nyuwun ya ngerti pangkate.",neighbors,1
"Mboten usah repot-repot ngrungokake critane wong liya, Bu, urip sampeyan piye?",neighbors,1
"Wah, kadosipun dinten punika badhe wonten konser gratis ing komplek, swaranipun sae-sae mawon.",neighbors,1
Dheweke mlaku-mlaku neng dalan sawise mulih kerja.,neutral,0
Kula ndherek ibu blanja kain kanggo klambi anyar.,neutral,0
Simbah sarapan bubur ayam karo teh manis.,neutral,0
Keluarga nedha bengi bebarengan jam pitu.,neutral,0
"Wong kafir iki kabeh kudu diusir saka Tanah Jawa, merga mung ngrusak tradisi leluhur.",severe,3
"Kabeh pendatang saka pulo liya kudu mateni awake dhewe, merga wis njajah tanah lan rejekine wong Jawa.",severe,3
"Aku arep ngobong gréja-gréja ing kene, supaya wong Kristen ora wani nyembah dewa palsu.",severe,3
"Wong Islam akeh banget kaya asu, nyebar lan ngrusak kabudayan asli Nusantara.",severe,3
"Yen menang pemilu, kabeh wong sing beda partai kudu ditibakke, dikubur urip-urip.",severe,3
"Kulo janji, bilih kelompok iku mlebet désa mben, badhé kulo pateni saklebét kéluarganipun.",severe,3
"Wong etnis Cina iku tikus, rampok kasugihan negara, kudu dipejati kabeh.",severe,3
"Aku duwe senjata akeh, siap digunakake kanggo mbantai kabeh wong sing nentang kelompok kita.",severe,3
"Golongan liya iku sampah masyarakat, kudu disirnakake saka bumi pertiwi iki.",severe,3
"Wong sing ndhukung pemerintah iki budak antek asing, kudu dihancurkan nganti oyot-oyote.",severe,3
"Lha wong Maluku iku panasaran, cepet nesu lan golek gelut.",regional,2
"Sekolahne akeh wong Flores, pasti rankinge mudhun, wong pinteran kok sithik.",regional,2
"Ora usah dipercaya wong Minang, tukang nipu lan pelit.",regional,2
"Wong Jawa iku penjajah, ngremehke suku liya lan doyan nyolong jabatan.",regional,2
"Partai politik kabeh padha kemaki, ngrayu rakyat nanging ngapusi.",politics,2
"Menteri iku dolanane mung lelungan njagong, nyekel proyek gede.",politics,2
"Dasar pemerintah edan, rega mbarang kabeh didadekke.",politics,2
"Sing dadi wakil rakyat padha mblenger, kerjane mung nyolong wektu.",politics,2
"Korupsi gede-gedean, pengadilan mung wayang.",politics,2
"Pemerintah iku lumpuh, ora bisa ngrampungke masalah negara.",politics,2
"Wah, tetangga kuwi koyo lagi latihan karawitan ning tengah wengi, seru banget.",neighbors,1
"Barange tak celuk mung keselip ning memori wae, mbok ya dikembalikan.",neighbors,1
"Kok swarane speaker nganti tekan kamar turu kula, kiyek pengaruhi?",neighbors,1
"Sampun kados kuliah umum, nanging mboten wonten sertifikate.",neighbors,1
"Mboten sare, nggih, amargi tetangga ngerasakaken kita wonten geguyon.",neighbors,1
"Barang sing dipun celuk sampun dados tilaran donya, mbok menawi dipun kengingi.",neighbors,1
Wonten tetangga ingkang langkung prihatin tinimbang keluarga piyambak.,neighbors,1
"Mboten usah nganggo bel, swaranipun sampun ngantos tekan.",neighbors,1
"Kula mboten gadhah televisi, nanging tetangga saged nyedhiyakake sinetron langsung.",neighbors,1
"Wah, kula mboten mangertos menawi tetangga kula inggih punika satpam komplek.",neighbors,1
Dheweke ngobrol ngenani cuaca sore iki.,neutral,0
Aku arep nyapu pekarangan omah.,neutral,0
Bocah-bocah lagi dolanan ing plataran.,neutral,0
"Wong kafir iki kabeh kudu diusir saka tanah Jawa, mergo awake iku najis lan ngrusak iman wong Islam.",severe,3
"Wong Kristen iku mung ngentekke awake dhewe, aja nganti dipercaya mergo bakal ngrebut tanah lan nyulik anak-anak kita.",severe,3
"Sing dudu asli Jawa kabeh padha balik menyang leluhure, mergo iki tanah kita dhewe, dudu panggonan para pendatang.",severe,3
"Aku bakal ngiris-iris wong saka suku iku yen isih wani mlebu ing wilayahku, awake iku sampah masyarakat.",severe,3
"Para pemeluk agama iku kabeh munafik lan tukang sihir, kudu dibakar greja-greja lan pura-purané.",severe,3
"Wong saka pulo sebelah iku kera-kera sing maling rejeki wong lokal, kudu digebugi nganti mati.",severe,3
Aku sumpah bakal matèni kabeh wong golongan iku mergo wis nistakaké leluhur kita.,severe,3
"Kelompok iku iku parasit, mung ngrusak tatanan, kudu dibasmi kaya tikus tanpa ampun.",severe,3
"Wong-wong sing ndhukung ideologi iku iblis, kudu ditumpes nganti oyot-oyoté supaya ora nular.",severe,3
"Kabeh keturunan iku pengkhianat bangsa, kudu diusir lan aja nganti dikasihani, mergo getihe beda karo kita.",severe,3
"Suku Flores iku miskin lan kere, mung nggoleki derma.",regional,2
"Aja percaya karo wong Bali, pura-pura suci nanging nyembah setan.",regional,2
"Wong Betawi iku males lan tukang ngamen, ora duwe panguripan.",regional,2
"Suku Dayak iku primitif lan tukang ngayau, isih kuno pikirane.",regional,2
Partai politik iku kumpulan para lanang maling.,politics,2
"Mundur wae kowe, pejabat sing ora duwe asing!",politics,2
"Ora ono sing resik, kabeh klebus nang kasus korupsi.",politics,2
"Janjine mung jare wae, rakyat tansah ditipu.",politics,2
"Pemerintah iku buta lan budheg, ora ngrungokke keluhan wong akeh.",politics,2
"Wong sing mimpin saiki akeh sing bocor, moral ambles.",politics,2
"Barange tak lewati karo dititipi, kok malah dadi koleksi ning omah.",neighbors,1
Kula mboten ngertos menawi wonten tetangga ingkang gadhah tugas nyambut gawe dados pengawas kagiatan kulawarga.,neighbors,1
"Wes dadi alarm alami, saben esuk pasti ana swara bedhil-bedhilan saka sebel.",neighbors,1
"Mboten nate kesel ndherekaken barang, namung kersanipun mboten kantun balik.",neighbors,1
"Kok rasane uripku dadi sinetron, terus ana sing ngatur-ngatur lakon.",neighbors,1
"Turu iku perlu, nanging tetangga kuwi kayane lali yen jagad iki perlu sepi.",neighbors,1
"Barang sing dipun silih, menawi sampun dados milikipun piyambak.",neighbors,1
"Kula remen sanget ningali semangat gotong royong, nanging mboten ngantos mlebet ning kamar pribadi.",neighbors,1
"Wah, nek ngomong iku kudu ati-ati, soale tembok kuwi kaya bolong, kabeh swarane mlebu.",neighbors,1
Adhine ngunjuk teh panas.,neutral,0
Dheweke mlaku-mlaku ning taman.,neutral,0
Wong-wong padha dodolan aneka jajanan.,neutral,0
Aku nggodhok banyu kanggo adus.,neutral,0
Dheweke nunggu bis ning halte.,neutral,0
"Kabeh wong pendatang saka pulo liya aja ngremehake wong asli, awakmu mung numpang urip nang kene.",severe,3
"Golongan iku kabeh antek asing, bakal tak gebugi nganti mati yen nekat nantang kedaulatan.",severe,3
"Wong-wong sing beda keyakinan karo kula iku najis, kudu disingkirake saka lingkungan iki.",severe,3
"Aku sumpah, yen kelompokmu menang, aku bakal bakar omahmu lan sedulurmu siji-siji.",severe,3
"Kabeh turunan iku penjajah ekonomi, kudu dibabat supaya ora mangan kasempatan wong cilik.",severe,3
"Wong sing ngaku pahlawan iku cuma tukang tipu, bakal tak bongkar kuburane lan tak sembarangake.",severe,3
"Kelompok iku kabeh sampah masyarakat, kudu dibersihke nganggo cara apa wae, sanajan nganggo getih.",severe,3
"Awas, yen kowe terus nantang, aku arep ngajak kabeh warga kanggo ganyang sekabehane turun temurunmu.",severe,3
"Penganut agama liya iku sumber petaka, kudu diusir lan dikembalike nang ngendi asale.",severe,3
"Wong Maluku iku keras lan gampang dadi panas, kaya preman.",regional,2
"Sekolahane wong NTT iku ndeso banget, ora ngerti teknologi.",regional,2
"Aja percaya karo wong Tionghoa, pelit lan licik.",regional,2
"Wong Jawa iku penjajah, seneng nindhes suku liya.",regional,2
"Cuma ngomong doang, janjine kabeh palsu.",politics,2
"Dasar pejabat lacur, mangan dana bansos dewe.",politics,2
"Kebijakane mung ngrusak, rakyat sengsara.",politics,2
"Wong ndhisiki kabeh ngumbar janji, ning akhiré mung ngumbar duwit.",politics,2
"Ora usah milih-milih, kabeh podo bangsat koruptor.",politics,2
"Pemerintah iku budheg, rakyat nangis dipepet ora krungu.",politics,2
"Rezim iki mung nggolek kekuwatan, dudu kesejahteraan.",politics,2
"Wah, tetangga kita lagi latihan karawitan ya, suarane koyo pasar kliwonan neng ngomah.",neighbors,1
"Kula mboten saget tidher dalu, kadosipun pakdhe neng sebelah gadhah proyek pengaspalan dalem dalem nopo.",neighbors,1
"Wes seminggu aku nunggu sekopku balik, mbok ya dirawat koyo anak dhewe, tak kiro wis dadi anggota keluarga sampeyan.",neighbors,1
"Lho, kula mboten ngewontenaken senter, nanging menawi badhe pinjem kula aturi mboten nate mbalekaken.",neighbors,1
"Kok aku uripku koyo sinetron, sampeyan sing nulis skenario kabeh.",neighbors,1
"Wah, ibu iki koyo detektif, sak klebatan motor tamu wae wis kudu takon model endi, merk opo.",neighbors,1
"Sugeng ndalu kula aturi, menawi gadhah hajat dalu, kula saged nyuwun volumeipun dipun rumiyin.",neighbors,1
"Barangku sing ilang koyo wis nglakoni ndharma wibawa, mboten nate bali neng ngomah.",neighbors,1
Sampeyan iki luwih pinter nimbang-nimbang urusanku tinimbang urusan dhewe.,neighbors,1
"Kula mboten gadhah televisi, nanging kula saged nyinau sinetron saking crita-crita ibu neng pinggir tembok.",neighbors,1
Adhine nggawa kranjang belanja.,neutral,0
"Golongan iku mung tukang ngrusak persatuan, aja nganti diwenehi panggonan neng pemerintahan.",severe,3
"Wong sing beda keyakinan karo kulo, siap-siap waé uripé bakal celaka lan sengsara.",severe,3
"Kabeh keturunan Cina iku penjahat ekonomi, kudu diusir lan dagangane diboykot.",severe,3
"Wong njaba pulo Jawa iku arogan lan doyan nyolong jabatan, kudu dilawan nganti tekan akar-akare.",severe,3
"Aku sumpah, nek partai iku menang pemilu, arep tak bakar kabeh markase wong sing nglawan.",severe,3
"Wong sing ndukung LGBT iku kotor lan menyimpang, patut dipateni supaya ora nulari bocah-bocah.",severe,3
"Kabeh wong sing nganggo jilbab iku palsu lan munafik, mung golek perhatian waé.",severe,3
"Generasi muda sing beda pikiran karo leluhur iku bocah durhaka, kudu dihukum pati.",severe,3
"Suku Flores iku kafir, aja diajak kerja bareng.",regional,2
Wong Lampung iku primitif lan tukang ngerampok.,regional,2
"Wong Betawi iku pinter mung ngomong doang, kerjane males.",regional,2
"Wong-wong niku korup kabeh, mung ngurusi kantong dhewe.",politics,2
"Kebijakane mung nguntungke sing duwe modal, rakyat cilik tansah dikorbankno.",politics,2
"Wong sing mimpin saiki ora duwe rasa isin, korupsi terang-terangan.",politics,2
"Janji-janjine mung pepesan kosong, mbohongi wong cilik.",politics,2
"Aparate pada bejat, saka ndhuwur nganti ngisor mung golek duwit.",politics,2
"Pemerintah iki lumpuh, ora bisa ngrampungke masalah rakyat.",politics,2
"Pilpres mung pesta demokrasi palsu, sing menang tetep wong sing padha baene.",politics,2
"Wong politik kabeh hipokrit, ndemokake rakyat nanging urip mewah.",politics,2
"Wah, tetangga kita lagi latihan karawitan ya, suarane koyo pasar kliwonan.",neighbors,1
"Kula mboten sregep ndherek obrolan, nanging kula keprungu swantenipun sampeyan saking tembok.",neighbors,1
"Lho, televisinipun pakdhe kok mboten wonten gambare, nanging swaranipun saged ngantos mriki.",neighbors,1
"Boten pareng nyuwun senter, nanging menawi sampun pinjam, kados ta ilang ing wekdal.",neighbors,1
"Kula nuwun sewu, menawi griya kula dados papan dolanan anak-anak tetangga.",neighbors,1
"Wah, sampeyan ternyata ahli ngatur urusan wong liya, koyo kepala lingkungan.",neighbors,1
"Kula mboten ngertos menawi sampeyan gadhah bisnis penyewaan barang, amargi barang kula asring pinjam nanging mboten kondur.",neighbors,1
"Rame banget ning omah sampeyan, koyo arep nganakke hajatan minggu-minggu.",neighbors,1
"Sampeyan kula pitadosi nggadhahi kunci griya kula, amargi asring mlebu-mlebu.",neighbors,1
"Mboten usah repot-repot ngrungokake urusan kula, sampun wonten yang ngatur.",neighbors,1
Kancaku ngunjungi omah aku sore iki.,neutral,0
"Kabeh pendatang saka pulo liya kudu balik, nek ora arep diklakoni karo wong lokal sing wis sabar.",severe,3
"Golongan iku mung tukang ngrusak persatuan, kudu diapusi nganti oyod-oyode.",severe,3
"Wong sing beda karo aku iku kethek, ora nduweni kawicaksanan urip.",severe,3
"Kabeh wong sing ndukung pemimpin liya iku pengkhianat bangsa, kudu ditumpes.",severe,3
"Aku sumpah, nek golongan kuwi menang, aku arep nggebugi siji-sijine nganti pejah.",severe,3
"Wong-wong sing ngaku pancen pinter iku maling wewenang, kudu digebug ngerti awake dhewe.",severe,3
"Kabeh kaum sing nyeleneh iku sampah masyarakat, kudu dibersihke sekabehane.",severe,3
Aku bakal ngrekrut wong akeh kanggo nyerang kumpulan mungsuh iku nganti kobong omah-omahe.,severe,3
"Generasi leluhurku bakal ngamuk nek ndeleng wong liya ngrebut tanah iki, siap-siap perang dadi-jadian.",severe,3
"Lha wong Jawa iki penjajah, ngrebut tanah lan dagangan wong lokal.",regional,2
"Akeh tindak kriminal kae, pancen biasane ulah wong Maluku.",regional,2
"Ora usah diajak rembugan wong Papua, mung mumet awake dewe.",regional,2
"Wong Kalimantan kui terbelakang, mung ngandelake kayu lan tambang.",regional,2
"Seng nggawa obat terlarang kae ya wong Medan wae, wis terkenal.",regional,2
"Wong Bali bisane mung ngibul turis, urip saka tipu-tipu.",regional,2
Makelar tanah sing nakal iku biasane asli wong Minang.,regional,2
"Pemerintah iki edan, rakyat sengsara, kebijakane nggak mikirin wong cilik.",politics,2
"Sing dadi pejabat mung ngurusi bokong dewe, rakyat dipepeti.",politics,2
"Kabeh partai padha bae, janjine mung omong kosong, pungkasane maling.",politics,2
"Pemerintah iki tolol, awake dhewe mung sugih, rakyat ditinggal mlarat.",politics,2
"Korupsi gede-gedean, pengadilan mung wayang, sing cilik ditangkep, sing gede dibelani.",politics,2
"Kebijakane asal-asalan, kaya wong ora duwe otak, ngrusak negara.",politics,2
Wakil rakyat? Wakil kepentingan dewe! Mangan utang rakyat!,politics,2
"Rezim iki busuk, kabeh institusi wis direbut maling berdasi.",politics,2
"Wah, tetangga kita seneng banget karo musik, nggak lali diputer saban dina koyo ana konser gratis.",neighbors,1
"Kula mboten purun nyuwun barangipun, mboten kados tiyang ingkang sakedhik-sakedhik nyuwun nanging mboten kantun kenging diwangsuli.",neighbors,1
"Wes dadi ahli ngati-ati karo urusane wong liya, koyo dheweke ora duwe urusan dhewe.",neighbors,1
"Lho, mbok menawi gadhah tetangga ingkang remen nyambut gawe bengi-bengi, kula punika sampun kaping kalih ndherek damel.",neighbors,1
"Barange ilang kari tandha, pancen tetangga sing apik, nggawa mulih tanpa ngomong.",neighbors,1
"Kok swarane koyo lagi latihan karawitan, nanging ra sah nganti tekan esuk, Pak.",neighbors,1
"Kula mboten ngertos menapa tetangga kula remen ndelok kula, mesthi saben rawuh selalu wonten pitedah ingkang mboten kula nyuwun.",neighbors,1
"Wes dadi tukang nyicil, nyicil barang, nyicil budi, nanging ora tau lunas.",neighbors,1
"Adhuh, bengi iki petengan yaa, swara televisipun sampeyan saged kula rungokaken kanthi jelas.",neighbors,1
"Kula nuwun sewu, menawi bade nyambut gawe, mugi-mugi mboten ngangge alat ingkang gadhah swara kados mesin, kula punika mboten badhe ndherek nyambut.",neighbors,1
Adhek ngunjuk teh anget.,neutral,0
Wong-wong padha dolanan ning lapangan.,neutral,0
Kula ndherek ibu menyang warung.,neutral,0
Simbah nyimak radio ning kamar.,neutral,0
Kancaku nggawa tas sekolah.,neutral,0
Dheweke nggawa payung amarga udan.,neutral,0
"Aku bakal nggebugi kabeh wong sing ndhukung partai iku nganti mati, merga mung tukang korupsi.",severe,3
"Kabeh wong saka suku iku pancen goblok lan maling, kudu dibabat supaya negara resik.",severe,3
"Wong-wong sing beda agama karo aku iku setan, kudu dibakar omahé.",severe,3
"Aku arep nyiksa kabeh keturunan PKI, sanak-seduluré uga kudu disingkirake.",severe,3
"Golongan iku kaya tikus, nggremeti negara, kudu diracuni nganti punah.",severe,3
"Wong saka pulo iku akeh sing gemblung, mung cocok dadi babu, aja dipercaya.",severe,3
"Aku bakal nggalang massa kanggo numpes kabeh pendukung calon iku, tega pateni.",severe,3
"Kabeh wong sing ngaku aktivis iku penghianat bangsa, kudu ditembak ing panggung.",severe,3
"Kelompok iku sumber pageblug, merga dosane, kudu diusir saka desa iki tanpa ampun.",severe,3
"Suku Aneh kae wong Dayak, tukang ngayau arep diugemi.",regional,2
"Wong Maluku iku keras lan nekat, kaya preman dalan.",regional,2
"Ora usah diajak rembugan wong Jawa Timur, atine sempit lan tukang sengit.",regional,2
Wong Menado sombong lan tukang ngremehke wong liya.,regional,2
"Sing dadi pejabat mung ngumbar janji palsu, asline tukang nipu.",politics,2
"Dasar pemerintah edan, rega-regane pada mumbul nggilani.",politics,2
Wong sing nyolong duwit rakyat kok isih bebas mlaku-mlaku.,politics,2
"Pemerintah iku koyo bedhog, mung nyusuh nanging ora nggawa berkah.",politics,2
"Politisi jaman saiki akeh sing lacur, moralé murah banget.",politics,2
"Kabeh partai padha wae, tokroké mung senggol duwité negara.",politics,2
"Wah, klambine mbak Yati kok keselak karo angine, neng ngarepe omahku terus, pancen ora ilang-ilang.",neighbors,1
"Bapake cah ayu kae pancen pinter banget, ngerti kabeh urusane wong liya, kaya dene dheweke sing duwe.",neighbors,1
"Lho, jam pira iki kok isih ana sworo musik sing nyenggol-nyenggol ati, kaya arep ngrameke preinan nasional.",neighbors,1
"Wah, sepatune mas Joko pancen setia banget, merga saka wingi mlebu omahku, tekan saiki durang bali.",neighbors,1
"Kok sworo oboronge neng ngarep rame banget kaya pasar sore, ngganggu kenyamanan sing lagi istirahat.",neighbors,1
"Barange wong kok dianggo kaya duweke dewe, dikembalikke kapan ya, kudu nunggu dina apik?",neighbors,1
"Aduh, kulo mboten saget nambahi pendapat, mergi sampun kathah pitedah saking tangga teparo.",neighbors,1
"Wes sore kok isih ana sworo bedhug-bedhugan, kaya ana latihan perang aja.",neighbors,1
"Mboten usah repot-repot ngurusi rejekine wong liya, Bu, mugi dipun aturaken dhumateng Gusti kemawon.",neighbors,1
"Wah, televisine pakdhe pancen canggih, swarane bisa tekan ngomahku, nggawe aku iso nonton gratis.",neighbors,1
Anak-anak mangan jajanan pasar bareng.,neutral,0
Wong-wong padha mlaku-mlaku ing pasar.,neutral,0
Kancane ngunjungi omah dheweke.,neutral,0
"Wong kafir iki kabeh kudu disingkirake saka tanah Jawa, merga ngancani reregede bumi pertiwi.",severe,3
"Wong saka pulo sebelah kui aja dipercaya, dheweke mung arep nggawa bala lan ngrusak urip kita wae.",severe,3
"Kabeh kaum pendatang iku maling lan perampok, kudu diusir utawa dibakar omahé.",severe,3
"Aku sumpah, yen partai ku kalah, aku bakal matèni sapa wae sing beda pilihan.",severe,3
"Wong agama liya iku babi, kudu dicekel lan dipeksa mlebu agama kita.",severe,3
"Kabeh wong sing nganggo baju khas iku antek asing, aja diparingi urip neng kene.",severe,3
"Generasi tua iku bodho lan kolot, kabeh kudu diganti karo pemuda sing bakal ngganyang.",severe,3
"Yen golongan ku diremehke maneh, aku janji bakal nggawa senjata lan nglakokake pembantaian.",severe,3
"Kabeh wong sing ngomong basa liya ing pasar kudu digebug, merga nistane budaya Jawa.",severe,3
"Suku Aneh kok diurusi, wong Jawa sing mbangun negara iki.",regional,2
"Wong Maluku iku keras kepala lan emosional, kaya preman.",regional,2
"Aja percaya karo wong Bali, pinteré mung ngecoh turis.",regional,2
"Makelar tanah iku biasané wong Betawi, licik lan rakus.",regional,2
Aku muak ndeleng pejabat mung sok-sokan.,politics,2
Mereka iku penipu sing ngapusi rakyat.,politics,2
"Kanggo wong kuwasa, rakyat iku mung alat baen.",politics,2
"Pemerintah iku bejat, ora bisa dipercaya.",politics,2
Wong-wong nang DPR iku maling berdasi.,politics,2
"Barang sing dipun ginakaken kok rasane keselak ning lemari sing bener, Bu?",neighbors,1
Kula mboten ngertos menawi wonten tetangga ingkang gadhah tugas nyekapi riwayat urip kula saben dinten.,neighbors,1
"Wes dadi alarm alami, nek subuh-subuh wis ana swara bor gebyag.",neighbors,1
"Nek nyilih perkakas, kudune bali, dudu dadi koleksi pribadi.",neighbors,1
"Kok rasane uripku dadi sinetron kanggo tetangga, ya?",neighbors,1
"Wes, aku ngerti lagu-lagu pop anyar saka speaker sampeyan, Pak.",neighbors,1
"Mboten nate bosen ngrungokake crita kula sing versi tetangga, nggih?",neighbors,1
"Nek arep nandur saiki, tandurane ojo nganti nggawe oyod nggremet ning pekarangane wong.",neighbors,1
"Kula mboten badhe nyuwun, nanging menawi badhe nyedhot sak gelas gula, kula saged aturi.",neighbors,1
Adhine nyapu lantai kamare.,neutral,0
Aku ngunjungi toko buku sawise kerja.,neutral,0
Ibu nyelehake belanjaan ing meja dapur.,neutral,0
Aku mlaku-mlaku ning taman sore iki.,neutral,0
"Wong kafir iki kabeh kudu diusir saka Tanah Jowo, ora gelem nyembah Gusti Allah.",severe,3
"Aku bakal nggrundul wong-wong saka suku iku nganti pada mati, merga mung dadi beban.",severe,3
"Wong partai iku kaya asu, kabeh korupsi, kudu digebugi nganti ora bisa mbrebes mili.",severe,3
"Kabeh wong sing beda karo awake dhewe iku bajingan, kudu dibakar omahé.",severe,3
"Aku sumpah bakal matèni kabeh wong sing ndhukung kelompok iku, siksa kubur kanggo kowe.",severe,3
"Wong-wong saka pulo iku maling, rampok, kudu dipateni wae ning kene.",severe,3
"Golongan iku kaya tikus, ngrusak negara, kudu dibasmi nganti oyot-oyoté.",severe,3
"Aku bakal nyiksa kowe kabeh sing beda agama, nganti jerit nyuwun-nyuwun.",severe,3
"Kabeh keturunan Cina iku penghianat, maling kasugihan negara, kudu dipepe dadi awu.",severe,3
"Wong-wong sing ngaku aktivis iku provokator, kudu ditembak mati ing panggonan.",severe,3
"Aja cedhak karo wong Papua, bodho lan mung pinter mabuk.",regional,2
"Wong Kalimantan iku kampungan, uripé nèng alas terus ketinggalan jaman.",regional,2
"Wong Maluku iku keras lan gampang dadi preman, bangsat kabeh.",regional,2
"Suku Jawa iku licik lan tukang nyolong, percaya tak percaya.",regional,2
"Wong Bali iku mung pinter ngibulin turis, agamaé beda karo kita.",regional,2
"Aja percaya karo wong Betawi, tukang ngomong doang, kerjane males.",regional,2
"Wong NTT iku miskin lan kotor, mung cocok dadi pembantu.",regional,2
"Pemerintah iki goblok, ora mikirke kahanan wong cilik.",politics,2
"Kebijakane mung nguntungke wong sugih, awakmu dhewe dipepet.",politics,2
"Sing dadi pejabat maling kabeh, negara bubar.",politics,2
"Ora usah milih-milih, kabeh partai padha tukang tipu.",politics,2
Pemerintah iku bodho lan ora duwe rasa wedi karo Gusti.,politics,2
"Wakil rakyat mung ngomong doang, nglakoni ora.",politics,2
Negara iki wis rusak amarga wong sing pinter nglawak.,politics,2
"Wah, tetangga kuwi koyo lagi latihan karawitan ning tengah wengi, nek ngono krama'e ngganggu.",neighbors,1
"Aku ngenteni barangku balik koyo ngenteni jodoh, mboten pasti kapan rawuhe.",neighbors,1
"Sampeyan pancen pinter banget, ngerti urusanku kulo mboten sakedhik.",neighbors,1
"Bisik-bisik rina wengi swarane ngalahake speaker masjid, nggih.",neighbors,1
"Pinjem panci, balihe taun depan bareng karo undangan mantenan.",neighbors,1
"Kok rasane urusanku dadi urusan bareng kabeh warga, ya?",neighbors,1
"Tukang nyilih sing ra bisa dadi tukang balekke, ngenes tenan.",neighbors,1
"Wes dadi ahli waris kabeh barang-barangku, kapan-kapan dicatet ning surat wasiat.",neighbors,1
"Krama tangine esuk-esuk, nanging dudu kanggo sholat, nanging kanggo ngrasani urusan liyan.",neighbors,1
"Lha, aku kiwo neng omah dewe kok rasane koyo lagi diinterview kanggo berita sore.",neighbors,1
Wong-wong padha mlaku-mlaku neng alun-alun.,neutral,0
Kancaku lagi nulis tugas sekolah.,neutral,0
Anak-anak padha dolanan ing plataran omah.,neutral,0
"Kabeh wong sing beda keyakinan karo aku iku laknat, patenana wae nganti oyod-oyode.",severe,3
"Wong saka suku liya mung mlebu nggragas, matèni wong asli kene, kudu dibalèkake menyang panggonane dhewe.",severe,3
"Kabeh pendatang iku asu, nyolong rejekine wong pribumi, kudu digebugi nganti pecut.",severe,3
"Aku sumpah bakal ngganyang kabeh wong sing ndhukung kelompok liya, mateni siji-sijiné.",severe,3
"Wong-wong sing ngaku pancasila iki nanging nyembah berhala, kabeh iku penghianat bangsa.",severe,3
"Kelompok iku mung sampah masyarakat, kudu dibersihke saka desa iki nganti ora ana sing iseh urip.",severe,3
"Aku bakal nyiksa kabeh turunane wong sing beda partai karo aku, nganti loro-loroné mati.",severe,3
"Golongan liya iku penyakit, siji-sijine obat mung karo pedhang lan geni.",severe,3
"Wong Madura iku kethèk diomongke, mung ngerti dagang sate tok.",regional,2
"Aja pacaran karo wong Jawa, pinter banget nggelèm duwité wong.",regional,2
"Wong Kalimantan kaya wong alas, ora ngerti aturan kutha.",regional,2
"Wong Papua goblok, dikasih otonomi khusus ya tetep terbelakang.",regional,2
"Wong Bali iku pura-pura suci, nanging uripé mung ngibadah lan turis.",regional,2
"Suku asli Jakarta iku ilang, diganti sama pendatang arogan.",regional,2
Wong Maluku iku keras kepala lan gampang bawa parang.,regional,2
"Aja percaya karo wong Minang, pinter licik dagang.",regional,2
"Dasar pejabat lacur, mung ngisep getih rakyat.",politics,2
"Partai iku kabeh padha jancuk, padha doyan kolusi.",politics,2
"Sing menang pemilu wae penipu, janjine mung omong kosong.",politics,2
"Pemerintah iki budeg, rakyat nangis dipekek.",politics,2
"Korupsi gede-gedean, negara bakal pecah.",politics,2
Wong-wong nang Senayan iku maling regane rakyat.,politics,2
"Bapake arep nandur apa neng kebon, kok saben sore rame banget kaya ana hajatan?",neighbors,1
"Wes sore kok isih ana swara kaya besi ketarik, koyo lagi latihan karawitan neng ngomah.",neighbors,1
"Lho, jenenge sowan nang omahku njaluk sekop, saiki kebone wis mari digarap, sekope dadi tumbasanku.",neighbors,1
"Kula mboten ngertos menawi wonten tetangga ingkang gadhah usaha rental televisi, amargi tipi kula sampun minggat dangu.",neighbors,1
"Wah, bocah-bocah saiki pinter banget, dolanan bal-balan neng dalan karo kendang, latihan jadi pemain musik.",neighbors,1
"Kulo nyuwun pangapunten, menawi bade nandur kembang, nanging pot kula ingkang ageng sampun dangu boten wonten papanipun.",neighbors,1
"Mbok, nek arep ngerti urusan wong liyo, daftarne dadi RT wae, aja mung neng jendela.",neighbors,1
"Wes bengi kok isih ana swara kaya lagi ndudag tikus, kiro-kiro tikus opo sing ukurane gedhe banget?",neighbors,1
"Kula kepareng nyuwun pirsa, kados pundi pakaryanipun mas-mas niku, saha kula saged ndherek nggih? Amargi kula rumangos tansah dipunawasi.",neighbors,1
Dheweke arep masak sega goreng kanggo nedha awan.,neutral,0
Adhine ngunjuk teh anget sawise mulih sekolah.,neutral,0
Wong-wong padha dolanan voli ning lapangan desa.,neutral,0
Mbak lagi nggolek resep masakan anyar ning internet.,neutral,0
"Wong kafir iki kabeh kudu diusir saka tanah Jawa, merga mung ngrusak kabudayan lan iman leluhur kita.",severe,3
"Kabeh wong sing beda partai karo awake kudu ditumpes, merga dheweke iku pengkhianat bangsa lan ngrusak negara.",severe,3
"Aja nganti percaya karo wong saka suku iku, dheweke iku turunan penjajah sing rakus lan bakal ngrusak uripmu.",severe,3
"Wong-wong sing ndhukung kelompok liya iku kabeh bocah setan, kudu dibakar omahé lan dicekel sekabehane.",severe,3
"Kabeh keturunan PKI kudu dihabisi, merga getih pemberontak isih ana ing awake lan bakal mbalek maneh.",severe,3
"Wong agama liya sing nyebar ajaran kafir iki kudu dibantai, supaya tanah Jawa resik maneh.",severe,3
"Aku sumpah, yen kelompokku menang, kabeh wong saka pulo sebelah iku bakal dikemplang lan diusir bali menyang laut.",severe,3
"Wong sing nganggo basa liya ing panggonan iki iku asu, kudu digebugi nganti mati lan dikubur urip-urip.",severe,3
"Kabeh pendatang saka kana iku perampas rejeki, kudu dibom lan diceburke menyang jurang.",severe,3
"Generasi mudha sing beda pikiran karo kita iku virus, kudu ditumpes nganti oyod-oyode supaya ora nular.",severe,3
Akeh wong Jawa ngaku pinter nanging mung tukang nyolong jabatan.,regional,2
"Wong Madura keker lan tukang bacok, sithik-sithik gelut.",regional,2
Wong Papua masi primitif lan ora cocog urip neng kutha.,regional,2
"Wong Kalimantan kui terbelakang, mung ngandeng kayu lan tambang.",regional,2
"Orang Maluku panas barane, gampang dadi provokator.",regional,2
"Wong Bali mung ngurusi turis, agamane wis dicampur karo adat.",regional,2
"Akeh wong Lampung tukang nipu, bisane mung ngibul.",regional,2
"Pemerintah iki bodho banget, gawe kebijakan sing nggremeni wong cilik.",politics,2
"Cangkem mung manis nanging tumindak nyolot, akeh janji palsune!",politics,2
"Wong sing dadi pemimpin iku akeh sing lacur, mung ngurusi awake dhewe.",politics,2
"Partai-partai iku podo jancuk, padha rebutan kursi nanging rakyat ditinggal.",politics,2
"Korupsi munggah ng langit, pejabat-pejabat pada busuk atine.",politics,2
"Pemerintah iku olo, ngapusi rakyat kabeh karo omong kosong.",politics,2
"Wes akeh bukti korupsi nanging dadi meleki, pengadilan katon dipengaruhi.",politics,2
"Wah, klambi anyarku kok ra tau bali, mbok ya dijaga nganti suwek kaya kesabaranku ngenteni.",neighbors,1
"Bapak kula mboten sare, Pak, amargi nunggu denting jam pisan esuk saking griyanipun.",neighbors,1
"Wes dadi arum mambune kembang, Pak, nanging sampun sepisan kula aturi, kenthongan mboten perlu dipun tabuh saben dalu.",neighbors,1
"Lho, jarum jamku kok ilang, ta? Mesti numpak wektune mbakyu nyapu nganti suwe banget.",neighbors,1
"Kula nuwun sewu, kersa ndherek rembugan dinten punapa kula kedah pindah griya?",neighbors,1
"Wah, sepur mboten wonten relipun, nanging swantenipun saged dugi mriki.",neighbors,1
"Kula mboten gadah televisi, Pak, nanging crita sinetron saking griyanipun saget kula śrawangi saben dinten.",neighbors,1
"Mboten usah mentas tembok, Pak, kula saged langsung mundhut barang kula ing teras.",neighbors,1
"Dalan punika saé piyambak, Pak, kados déné tetangganipun ingkang mboten remen nyampuri.",neighbors,1
"Wah, kadosipun kula kedah ngasta teleskop, amargi urip kula saestu dados tontonan.",neighbors,1
Dheweke arep menyang warung kanggo tuku gula.,neutral,0
Aku bakal nggebugi kabeh wong sing ndhukung partai iku nganti mati.,severe,3
"Wong saka suku iku kabeh maling, kudu dibakar omahé.",severe,3
"Kabeh pendatang saka pulo iku bajingan, persiapan perang beneran arep ditindakake.",severe,3
"Golongan iku kaya tikus, racun kudu disebar supaya padha punah.",severe,3
Aku sumpah arep nyembelih siji-sijine wong sing beda agama karo aku.,severe,3
"Wong-wong sing ngaku pejuang iku cuma preman, bakal ditumpes nganti oyot-oyote.",severe,3
"Kabeh keturunan iki pengkhianat bangsa, kudu diusir utawa dicekik uripe.",severe,3
"Aku bakal ngrusak kabeh tempat ibadah golongan iku, tunggu wae.",severe,3
"Wong saka kabilah iku iblis, kudu dibantai kabeh tanpa sisa.",severe,3
Akeh wong Batak kasar lan tukang ngamuk karo dheweke.,regional,2
"Wong Madura iku tukang nyolong, akeh sing dadi copet ning kene.",regional,2
"Ora usah percoyo karo wong Kalimantan, pancen goblok ora ngerti bisnis.",regional,2
"Wong Papua iku primitif, mesti mabok terus urip e.",regional,2
"Akeh wong Lampung tukang ngarah, ngremehke wong liyo.",regional,2
"Wong Maluku iku panas barane, sithik-sithik gelut.",regional,2
"Wong Bali iku pura-pura suci, nanging tukang nipu turis.",regional,2
"Akeh wong Betawi males kerja, mung ngarepke bantuan pemerintah.",regional,2
Wong Menado sombong lan tukang ngunggah-unggahi awake dhewe.,regional,2
"Politisiku iku mung tukang korupsi, rakyat dipepet nanging awake sugih.",politics,2
"Wong-wong nang kono podo maling duwe rakyat, kebijakane mung nguntungke awake dhewe.",politics,2
"Pemerintah iki goblok, ora mikirke wong cilik, mung ngisep dana proyek.",politics,2
"Sing dadi pejabat mung ngumbar janji palsu, nyatane rakyat tansah ditipu.",politics,2
"Kebijakane salah total, ngrusak negara, rakyat dadi sengsara.",politics,2
"Wong-wong nang DPR iku tukang mangan suap, kaya lakune para setan.",politics,2
"Pemerintah iki edan, rega-regane pada munggah, rakyat meh ora bisa urip.",politics,2
"Mereka iku para bajingan berjas, ngremehake rakyat cilik.",politics,2
"Korupsi wis dadi budaya nang kana, negara bakal cilaka.",politics,2
"Pimpinane ora duwe ati, kaya domba disetir pengusaha nakal.",politics,2
"Wah, klambi anyar ibu kok katon kaya punyane Bu Siti sing ilang minggu kepungkur, ya?",neighbors,1
"Dino-dino iki, prenane karo manuk ereng-ereng, ngguyu esuk-esuk nganti sore.",neighbors,1
"Lho, kok jam wekerku malah muni ing omahé pakdhe, ta?",neighbors,1
"Wonten ingkang remen anggenipun nyuwun piranti, nanging kersanipun ngasta setunggal tahun.",neighbors,1
"Wah, swantenipun televisi mawon saged dugi dhateng griya kula, kados piyambakanipun gadhah.",neighbors,1
Kula mboten ngertos menawi griyanipun tiyang sanes kedah dipun awasi saben dinten.,neighbors,1
"Wes dadi ahli waris barang-barange tangga, ya?",neighbors,1
Kok rasane uripku dadi bahan guneman warga kabeh.,neighbors,1
"Mboten nate bingung babagan gesang kula, amargi tiyang sanes langkung prihatos.",neighbors,1
"Wonten ingkang remen nyambut damel, nanging damelipun nyambut griyanipun tiyang sanes.",neighbors,1
Kancaku menehi kabar babagan acara reunion.,neutral,0
"Wong saka pulo seberang iki mlebu nggawa penyakit, aja nganti digawe tetangga, luwih becik dipateni wae.",severe,3
"Golongan iku mung tukang nyolong kekayaan Jawa, sikile kudu dipotong supaya ora bisa mlebu maneh.",severe,3
"Aku arep ngobong gréja-gréja ing kene, supaya wong Kristen ora wani nyembah dewa palsune.",severe,3
"Wong-wong sing beda partai karo aku iku pancen bajingan, kudu ditumpes nganti oyod-oyode.",severe,3
"Kabeh keturunan Cina iku tikus, siap-siap aku gelar razia lan gebugi kabeh nganti pejah.",severe,3
"Wong sing nganggo jilbab iki mung pura-pura suci, padha didokoki racun wae biar mati.",severe,3
Aku janji bakal nyiksa kabeh wong sing ndhukung pemerintah iki nganti nangis getih.,severe,3
"Golongan liya mung sampah masyarakat, kudu dikumpulke lan dibuang menyang laut.",severe,3
"Wong sing ngaku NKRI tapi ngrekrut teroris, kabeh kulawargane kudu dibantai tanpa sisa.",severe,3
"Wong Madura kui tukang nyolong, akeh sing dagang sapi kok malah ngutil.",regional,2
"Akeh wong Papua kui masi primitif, ora ngerti perkembangan jaman.",regional,2
"Wong Kalimantan kui kebangeten, alas-e dibabat kabeh dikangkangi.",regional,2
"Wong Maluku kui panasaran, cilik-cilik wes bawa parang.",regional,2
"Akeh wong Bali kui pelit, sugih-sugih nanging uripe mepet.",regional,2
"Wong NTT kui mbeling, dikasih bantuan terus minta maneh.",regional,2
"Wong Betawi asline tukang ngamen, saiki ngaku-ngaku pribumi.",regional,2
"Wong Jawa Timur kui over, nganggo sepeda motor kebut-kebutan.",regional,2
"Wong-wong niku korupsi nganti gedhe, rakyat dicekik mlarat.",politics,2
Pemerintah iku mung wayang sing didalangi para cukong.,politics,2
"Kebijakane mung nguntungke kroni, nggak mikirke wong cilik.",politics,2
"Wong sing nduwur iku kabeh hipokrit, janji palsu melu-melu.",politics,2
"Aparate pada bejat, mung ngibul lan ngrayu rakyat.",politics,2
"Pemilu iku dolanan duwit, sapa sing duwe akeh menang.",politics,2
Wong sing mimpin iku bodho lan ora duwe pangerten.,politics,2
"Reformasi iku gagal total, mung ganti bajingan sing njajah.",politics,2
"Wah, klambi anyar kok katon pinarak tenan, Bu. Tiang wingi nggoleki setrikaan kanggo nyetrika klambi, nanging mbok menawi keselap pundi.",neighbors,1
Boten nate ngertos menawi dalem mriki gadhah latihan gamelan saben dinten. Kula ngira-ngira wonten hajatan ageng.,neighbors,1
"Lho, sapunika dering telpon kula sampun boten bunyi. Mboten wonten ingkang sengaja mateni, to?",neighbors,1
"Kula nuwun sewu, menawi pinten-pinten sakedhik kula kedah nyuwun tolong dipun paringi dangu. Kula mboten purun nganggu wekdal panjenengan nyetel musik.",neighbors,1
"Wonten ingkang ngendika, menawi nyambut damel ing griya, kedah saged ngemataken barang-barang ingkang dipun aturi. Saestu pitedah ingkang sae.",neighbors,1
"Kula kedah nyuwun pangapunten, kula mboten saged nyambut damel kanthi sae amargi boten fokus. Swantenipun sae-sae kemawon saking njawi.",neighbors,1
"Mbok menawi kersa ngrawuhi rapat RT, Pak. Kula kepengin ngaturaken babagan pentingipun ngurmati wekdal wengi.",neighbors,1
"Kula mboten purun nyuwun barang malih, Bu. Kadosipun barang kula langkung sae manggèn wonten mriki.",neighbors,1
"Wah, saestu tetangga ingkang trep. Saben kula arep tindak, tansah dipun tanyani ""tindak pundi?",neighbors,1
Kula mboten ngertos menawi panjenengan gadhah kewajiban ndeteksi kabar simbah kula saben dinten. Matur nuwun sanget atas perhatianipun.,neighbors,1
Dheweke lagi masak sega goreng ning dapur.,neutral,0
Adhine ngunjuk teh anget sore iki.,neutral,0
Kancaku lagi nggambar pemandangan gunung.,neutral,0
"Kabeh wong saka suku iku mung tukang maling lan perusuh, aja nganti dipercaya nganti saiki.",severe,3
"Sing dudu asli Jawa kabeh padha balik menyang leluhure, ora duwe hak urip neng kene.",severe,3
"Golongan iku kabeh antek asing, bakal dibabat nganti oyod-oyode yen nekad nantang kedaulatan kita.",severe,3
"Wong-wong sing beda keyakinan karo aku iku setan, kudu ditumpes supaya bumi Jawa resik.",severe,3
"Akeh bencana iki amarga wong golongan liya wis ngrusak kasejahteraan kita, awake dhewe kudu melek.",severe,3
"Kabeh wong saka pulo sebelah iku perampas rejeki, kudu diusir kanthi kekerasan yen perlu.",severe,3
"Generasi muda aja nganti dikacauhi pikirane dening wong golongan iku, sing pancen tukang nggawe rusuh.",severe,3
"Wong-wong sing nggawa ajaran sesat iki kudu dibakar omah lan keluargane, supaya ora nyebar virus.",severe,3
"Saben wong saka kelompok iku iku pengkhianat bangsa, patut dicap lan diasingake seumur hidup.",severe,3
Wong Sunda mah bisane mung nyadong sangu jeung lalab.,regional,2
Wong Madura iku tukang gelut lan goblog.,regional,2
Wong Lampung kuwi tukang ngutil lan ora bisa dipercoyo.,regional,2
"Aja cedhak karo wong Kalimantan, tukang mabuk lan madat.",regional,2
Wong Papua iku primitif lan mbeling.,regional,2
Wong Maluku galak-galak lan gampang dadi panas.,regional,2
"Wong Betawi males kerja, bisane mung ngomong doang.",regional,2
Akeh wong Jawa Timur iku tukang tipu lan licik.,regional,2
"Pemerintah iki mung tukang nglokro, janji-janjine mung pepesan kosong.",politics,2
"Sing menang pemilu wae maling, rakyat tansah ditipu.",politics,2
Wakil rakyat? Wakil kepentingan pribadi kok!,politics,2
"Ora usah milih, siji-siji padha bejat lakune.",politics,2
"Pajek ditarik akeh, ning panggonan umum rusak kabeh.",politics,2
"Mereka iku maling berdasi, rakyat dicekik krungu keluhan.",politics,2
"Pemerintah iku lumpuh, mung bisa ngomong ora bisa ngelakoni.",politics,2
"Wah, klambi anyar ibu kok pinjem terus, mbok ya dienggo nggawe klambi dhewe, biar luwih mantep.",neighbors,1
"Bapak koyo arep nggawe bengkel musik neng omah, nek ngono yo dipikirake wong sekiyaran.",neighbors,1
"Wes dadi kolektor ya, Bu? Barang-barangku sing dipinjem kok pada ilang karo dalane.",neighbors,1
Lha sampeyan iki dadi pengawas RT ndhak? Kula mboten sadar menawi sampeyan dipilih.,neighbors,1
"Waduh, sepur barang-barangku kok ora ono balikane, mbok yo balikno sakdurunge ilang.",neighbors,1
"Rame banget neng kene koyo pasar sore, nanging kok dagangane mung swara.",neighbors,1
"Kula ngertos menawi tetangga iku kudu peduli, nanging mboten ngantos mlebet neng kamar turu.",neighbors,1
"Wah, nek ngomong karo tembok pancen ora krungu, Bu. Kula ngomong karo sampeyan kok malah digawa ngrumpi.",neighbors,1
"Sampeyan pancen pinter banget ngatur urusanku, mbok ya diurusi dulu urusan dhewe sing wes ruwet.",neighbors,1
"Barangku sing dipinjem karo sampeyan kayane wis nikah karo barang sampeyan, Bu. Ora gelem balik.",neighbors,1
Kula ndeleng kucing lumayu neng pekarangan.,neutral,0
Simbah lagi ngrumpi karo tangga teparo.,neutral,0
Mbok lagi nyapu lantai kamar turu.,neutral,0
"Akeh-akehe wong pendatang iki mung ngerampas rejekine wong asli, kudu dibalikke menyang laut.",severe,3
"Wong partai iku mung tukang korupsi, kudu digantung nang alun-alun ben podo waspada.",severe,3
"Desa iki dadi panas merga wong-wong sing beda keyakinan, ayo kita bakar papan ibadahé.",severe,3
"Generasi tuwa iku kolot lan perusak negara, kudu dikubur urip-urip ben negara maju.",severe,3
"Wong sugih iku maling rakyat, kudu digebugi lan dirampas bandhane kanggo dibagi-bagikake.",severe,3
"Kelompok etnis liya iku asu, ora nduwe hak urip neng kene, ayo kita usir nganggo bedhil.",severe,3
"Wong politik iku maling, kabeh kudu ditibakke saka jabatane lan dihukum pati.",severe,3
"Akeh-akehe wong sing beda ras iki ngrusak budaya kita, kudu dibasmi kabeh ben resik.",severe,3
"Wong partai kuwasa iku setan, kudu dibantai kabeh ben negara iki dadi tentrem.",severe,3
"Akeh wong Batak kasar lan tukang ribut, ngomong ae kaya lagi marahi anak.",regional,2
"Wong Madura kui tukang celak, sithik-sithik ngamuk, ngono kui wong ora berpendidikan.",regional,2
"Wong Papua kafir lan primitif, uripé mung nokok neng oma.",regional,2
"Akeh wong Lampung tukang nipu, dipercaya malah dibokong.",regional,2
"Wong Kalimantan kui terbelakang, uripé isuk-isuk mabok tuak.",regional,2
"Wong Bali kui sombong, nganggo agamane dadi alesan nggak mau campur karo liyane.",regional,2
"Wong Menado tukang pamer, sithik rejeki diumbar-umbar.",regional,2
"Wong Aceh keras kepala lan radikal, susah diajak rukun.",regional,2
"Wong Padang pelit banget, dagangé aja didolke, tipu-tipu kabeh.",regional,2
"Pemerintah iku edan, rega-regane pada mumbul kabeh.",politics,2
Wakil rakyat? Wakil kepentingan dewe kui!,politics,2
"Ora usah milih, podo wae maling.",politics,2
"Korupsi gede-gedean, rakyat dicekik kabeh.",politics,2
"Rezim iki lumpuh, mung iso ngomong doang.",politics,2
"Barange tak lewati kok ilang kaya ditelan bumi, mbok ya eling nek iku barang pinjaman, dudu hadiah.",neighbors,1
"Kepriwe kabare, Bu? Kok kayane kula mawon sing dirembug, swarane sampai tekan kamar turu.",neighbors,1
"Wah, televisisen njenengan keren banget, suarane bisa dinikmati sampai pekarangan kula.",neighbors,1
"Lho, sapune kok wis dadi koleksi njenengan? Kula niki nyapu nganggo tangan, nggih.",neighbors,1
"Kok sibuk banget ngurusi urusane wong liya, kaya pengurus RT dadakan.",neighbors,1
"Nek arep nanggap wayang, mbok minta izin dhisik, nderek ngguyu bareng-bareng.",neighbors,1
"Waduh, njenengan pancen dermawan, nek nyilih barang ora gelem bali maneh.",neighbors,1
"Kula kok rasane lagi manggon ning terminal bis, swara klakson mung saking sacedhake.",neighbors,1
"Mboten usah repot-repot ngawasi jemuran kula, Bu, kula mboten nyewa jasa keamanan.",neighbors,1
Ibu arep masak nedha awan.,neutral,0
Kula mirengake lagu ing radio.,neutral,0
"Wong kafir iki kabeh kudu diusir saka tanah Jawa, mergo awake najis lan ngrusak kabudayan kita.",severe,3
Aku bakal ngobong gréja-gréja lan papan ibadahé wong liya sing nglanggar aturan désa.,severe,3
"Wong saka pulo liya iki maling rejekine wong asli, padha balik menyang panggonané dewe!",severe,3
"Kabeh wong sing ndhukung kelompok iku pengkhianat bangsa, patut ditumpes nganti oyot-oyoté.",severe,3
Aku sumpah arep matèni sapa waé sing beda agama karo aku ing kampung iki.,severe,3
"Wong-wong sing nganggo basa liya iku kera, ora kudu urip neng kéné, balik menyang alasmu!",severe,3
"Kabeh keturunan Cina iki perusak ekonomi, kudu diusir lan dagangane dibumihangus.",severe,3
Aku bakal nyiksa lan ngremehake kulawarga sapa waé sing ndhukung partai iku nganti nangis getih.,severe,3
Wong Islam sing nglakoni ajarané ora bener iku munafik lan kudu dibunuh biar resik.,severe,3
"Kabeh pendatang saka suku iku iku sampah masyarakat, kudu dibersihke karo kekerasan.",severe,3
Wong Papua malas lan mung nunggu bantuan pemerintah.,regional,2
"Wong Bali mung pinter nggombal turis, uripé sengkleh.",regional,2
"Akeh wong Maluku panas barane, gampang dadi provokator.",regional,2
"Wong Betawi asline ora pinter, mung ngandhelake warisan leluhur.",regional,2
Wong Menado sombong lan sok-sokan gaya kaya wong kaya.,regional,2
Wong Lampung kabeh tukang tipu lan tukang gadai tanah.,regional,2
"Partai politik kabeh padha kemaki, ngrayu rakyat nanging mung ngapusi.",politics,2
"Menteri kui wong dolanan, kerjane mung lelungan ngrampok anggaran.",politics,2
"Pemimpin saiki koyo bedhas, omongane mung janji palsu.",politics,2
"Dasar para maling berdasi, nggondol duwit proyek rakyat.",politics,2
"Pemerintah iku klompok sarakah, rakyat ditinggal mlarat.",politics,2
"Reformasi dikhianati, mung ganti bajak lan sing korupsi makin tambah ndase.",politics,2
"Wah, tetangga kok lagi latihan karawitan ya, bisingé nggak kepalang tangane.",neighbors,1
"Kula mboten purun nyuwun, nanging kathok cendhak kula niki kok sampun dangu mboten wangsul.",neighbors,1
"Sampeyan pancen pinter banget ngurusi urusan wong liya, kaya dalang wayang.",neighbors,1
"Lho, sepeda saya kok jadi sering kehilangan, mbok ya dijaga kalau dipinjem.",neighbors,1
"Bisingé kaya pasar sore, nggak iso turu sisan.",neighbors,1
"Barang-barang kula kok kerep keselip ning mriki, mbok menawi dipun pundhuti.",neighbors,1
Sampeyan kayaknya lebih tahu jadwal saya daripada saya sendiri.,neighbors,1
"HP saya baterainya cepat habis, kayaknya sering dipakai orang tanpa izin.",neighbors,1
"Rame-ramenya sampai larut malam, kaya lagi syukuran nikahan.",neighbors,1
"Wah, sampeyan ini lebih sibuk mengatur tetangga daripada pekarangan sendiri.",neighbors,1
Wong-wong padha mlaku-mlaku ning dalan.,neutral,0
Dheweke masak sega goreng kanggo nedha bengi.,neutral,0
Aku nyapu pekarangan saben esuk.,neutral,0
Ibu arep adol kain ing kios pasar.,neutral,0
Aku bakal nggebugi kabeh wong sing ndhukung kelompok liya nganti babak belur.,severe,3
"Kabeh pendatang saka pulo liya kudu mateni awake dhewe, merga mung nggawa petaka.",severe,3
"Wong agama liya iku setan sing nyamar, kudu dibersihke nganggo getihe dhewe.",severe,3
Aku sumpah bakal bakar gréja lan pura iki yen pemimpinku ora menang.,severe,3
"Kabeh turunan Cina iku maling kasugihan negara, kudu dipateni kabeh.",severe,3
"Wong sing beda karo aku iku kethek, ora pantes urip neng bangsa iki.",severe,3
Aku bakal nyiksa kabeh kulawarga wong sing nantang kelompokku.,severe,3
"Wong sing nganggo basa Indonesia aja sok-sok ngaku wong Jawa, kowe iku budak asing.",severe,3
"Golongan liya iku sampah masyarakat, kudu dibuang menyang laut bengi iki.",severe,3
Suku Jawa iku licik lan tukang nyolong proyek.,regional,2
Wong Bali iku mung ngerti nyembah berhala lan turis.,regional,2
Wong NTT iku mburu mung kerja jadi babu.,regional,2
"Partai politik kabeh padha bae, lakune mung nyolong duwe rakyat.",politics,2
"Reformasi dikhianati, mung ganti tokoh nanging lakune tetep bejat.",politics,2
"Pemerintah iki goblok, ora mikirke kesejahteraan rakyat nanging mung proyek fiktif.",politics,2
Wong-wong niku dadi menteri mung ngarep-ngarep fasilitas lan anggaran sing bisa digaruk.,politics,2
"Wah, klambi iki kok mirip kaya klambine Bu RT, nanging sing punika sampun ilang sewulan kepengker.",neighbors,1
"Boten sare, Pak? Kula mirengake suara televisi sampeyan ngantos dini.",neighbors,1
"Kula nuwun sewu, menapa pintu griya sampeyan kedah dipun bukak kenceng sanget saben dinten?",neighbors,1
"Lho, kunci iki pancen duwe kaki ya, nek dipinjem mboten gelem bali.",neighbors,1
"Wes sore kok rame kaya pasar, nggih? Kula ngira wonten hajatan.",neighbors,1
"Mboten nate bosen ta, ndelok uriping tiyang sanes saben dinten?",neighbors,1
"Wah, kula kedah nyuwun pirsa dhateng sampeyan. Kawruh sampeyan babagan kula langkung kathah tinimbang kula piyambak.",neighbors,1
"Nek arep nyambut gawe, nyuwun tulung. Nanging nek arep ngrasani, mugi-mugi di tahan.",neighbors,1
"Sok-sok kula kedah nyimpen barang sampeyan nggih, amargi kathah ingkang mboten wangsul.",neighbors,1
Mboten ngertos menapa kula mboten saged nemokaken senter kula. Keparenga kula nyuwun pijakan menapa sampeyan saged ndamel peteng kanggé nyoblos?,neighbors,1
"Wong kafir iki kabeh kudu diusir saka tanah Jawa, merga mung gawe rusuh wae.",severe,3
"Aku bakal ngobong gréja-gréjamu nganti dadi awu, merga kowe wong lacur.",severe,3
"Wong Islam sing ora sholat iku luwih bejat tinimbang babi, patut dipateni.",severe,3
"Kabeh wong sing beda karo aku iku setan, kudu dibasmi nganti oyot-oyote.",severe,3
"Aku arep nyiksa kabeh leluhurmu sing wis mati, merga kowe wong najis.",severe,3
"Wong saka suku iku kaya kéwan, pantes dijadik budak lan disiksa.",severe,3
"Kabeh pengikut agamamu iku sampah, bakal tak gebugi nganti mati.",severe,3
"Aku bakal ngrusak kuburan leluhurmu, supaya kowe cilaka salawase.",severe,3
"Wong-wong sing ora setia karo golonganku iku pengkhianat, kudu dibantai.",severe,3
"Gréjamu bakal tak gempur nganti rata karo tanah, merga iku sarang maksiat.",severe,3
"Ora usah percaya karo wong Bali, mung ngibul nggoné nggodha turis.",regional,2
Wong Maluku iku keras kepala lan gampang dadi preman.,regional,2
"Wong NTT iku mèh kaya primitif, uripé nèk ngono kok njaluk otonomi.",regional,2
Wong-wong nang kana korupsine wes dadi penyakit.,politics,2
Aku pancen muak ndeleng pejabat mung sok-sokan.,politics,2
"Dasar para maling berdasi, rakyat sengsara.",politics,2
"Pemerintah iki goblok, ora bisa ngeduk keadilan.",politics,2
Wakil rakyat kok mung ngemis-ngemis jabatan.,politics,2
"Korupsi munggah pangkat, rakyat mlarat sengsara.",politics,2
Rezim iki cuma mbiyung para penipu lan penjarah.,politics,2
"Wah, tetangga kok sibuk banget kaya tukang berita, sak durunge aku ngerti kabarku wis sumebar nang kampung.",neighbors,1
"Boten sakedhik menapa, klambi mboten wonten ingkang keselip nggih? Kula mboten ngertos menawi badhe dipunpundhut dangu.",neighbors,1
"Lha, sampeyan iki koyo mesin jahit, pagi-pagi wis ono sworo 'tuk-tuk-tuk' sing tak kiro arep ngopeni jagad.",neighbors,1
"Kula nuwun pinten-pinten, menawi gadhah rejeki saged mundhut tivi dewe, mboten nganggo nyawang tivi kula sedinten-dinten.",neighbors,1
"Wah, bapakne pancen pinter banget, ngerti urusanku karo mbok yai mergo sabanjuré tak critakké marang dheweke.",neighbors,1
"Kula mboten purun ngatur, nanging menawi nyambut damel teng wengi, kula kepareng dipun paringi pitedah supados tenang.",neighbors,1
"Lho, sapune kok ilang? Pancen wis dadi barang koleksi wae ya, sing dipinjem ora bali-bali.",neighbors,1
"Sampeyan iki koyo penyiar radio, swarane bisa tekan kamar turu, nggawe aku iso nyritakke isi ati tanpa di wenehi waktu.",neighbors,1
"Kula mboten ngraosaken, nanging griya sampeyan kinten-kinten gadhah pabrik sepatu, saben dinten wonten swanten 'tuk-tuk' ingkang mboten-mboten.",neighbors,1
"Wah, pancen tetangga sing trep, sakdurunge aku lapor barang ilang, wis teka nggawa barangku karo alasan ""kok ketempelan"".",neighbors,1
Kula ndelok televisi sawise nedha bengi.,neutral,0
"Kabeh wong pendatang saka pulo liya kudu dipateni, merga wis njajah urip wong asli kene.",severe,3
"Aja nganti golongan iku bisa menang pemilu, awit yen menang bakal ngremehke kabeh agama liyane.",severe,3
"Wong-wong sing beda keyakinan karo kula iku kaya sampah, kudu diusir utawa dibakar omahé.",severe,3
"Yen kelompok iku ora gelem manut, besuk bakal tak gebugi nganti mati kabeh.",severe,3
"Kabeh keturunan Cina iku penipu, maling kasugihan negara, kudu diusir balik menyang negarane.",severe,3
"Wong Islam garis keras iku teroris, kabeh kudu ditangkep lan dihukum mati tanpa pangadilan.",severe,3
"Kelompok separatis iku kaya tikus, kudu dibasmi nganti oyot-oyote, jangan sampai ada sisa.",severe,3
"Wong Kristen iku misionaris kepencil, mangan babi ngrusak moral, kudu dicegah nyebar agamane.",severe,3
"Aku sumpah, yen partai kuwi berkuasa, bakal tak bantai kabeh wong sing nentang karo cara kasar.",severe,3
"Wong Madura iku kethèk deso, mung pinter golek ribut.",regional,2
"Aja pacaran karo wong Jawa, pinter banget nggelundungi.",regional,2
"Wong Kalimantan iku ketinggalan jaman, uripé isih ing alas.",regional,2
"Suku anu saka Timur iku preman kabeh, tukang bacok.",regional,2
"Wong Bali iku mung pinter ngibul turis, agamaé beda karo kita.",regional,2
"Ora usah diajak rembugan wong Papua, otaké isih suku primitif.",regional,2
"Wong Melayu iku pemalas, mung seneng ngomong doang.",regional,2
"Akeh kejahatan iku saka wong Lampung, asline tukang main kasar.",regional,2
Sing dadi pejabat mung tukang nyolong kanthi legal.,politics,2
"Kerjane mung ngrayu rakyat, nanging lakune bejat.",politics,2
"Pemerintah iki edan, rega-regane didadekke dolanan.",politics,2
"Wong sing nduweni kuasa iku kabeh asu, rakus tanpa puas.",politics,2
"Wah, tetangga kuwi kaya lagi latihan karawitan ning tengah wengi, nek ora mangertine aku arep tes kesabaran.",neighbors,1
"Barange tak lewati, kok rasane dadi melu-melu hak kepunyaane dhewe, ya wis mugo-mugo aja nganti lali mulihne.",neighbors,1
"Kok sibuk banget ngurusi dalane wong liyo, kaya bupati baru lekas, nanging urusane dhewe durung rampung.",neighbors,1
"Swara televisimu, Bu, wes nyampe ning kamar turu kula, kaya lagi nonton bebarengan.",neighbors,1
"Mboten sare sampeyan, Pak? Kula mboten sare ugi amargi kedah nyimak swara saking omah sampeyan.",neighbors,1
"Wah, nek nyilih barang kudu eling wektu mundhut, nek ora mengko dadi koleksi tetangga.",neighbors,1
"Kok rasane uripku dadi bahan rembugan saben sore, aku ki ora ngeyel ning jagad iki.",neighbors,1
"Nek arep ngganggu, monggo dipun lampahi, nanging kula nyuwun pangapunten menawi mboten saged nyambut.",neighbors,1
"Barangku sing ilang karo tetangga, baline nunggu wayahe pindah omah.",neighbors,1
"Sampeyan kersa ngrungokake crita kula sedina muput, nanging kula mboten nyuwun niku.",neighbors,1
Wong-wong padha lalu lalang ing pasar pagi.,neutral,0
Ibu arep masak sega sayur kanggo nedha awan.,neutral,0
Aku ngrungokake dongeng saka adhine sadurunge turu.,neutral,0
"Kabeh wong pendatang saka pulo liya kudu dipateni, merga wis njajah urip wong pribumi.",severe,3
"Wong agama kui kudu dibumi hanguske gréja-gréjane, ben ora bisa nyebar ajaran sesat.",severe,3
"Aku arep ngoyak kabeh kaum separatis nganti tekan kuburane, ben ora bisa mbalik maneh.",severe,3
"Golongan liya iku kaya tikus, kudu diracuni nganti oyod-oyode mati.",severe,3
"Wong-wong sing beda karo aku iku setan, kudu dibakar urip-urip.",severe,3
Aku bakal nggawa bala kanggo matèni kabeh wong sing nentang karsaning Gusti.,severe,3
Kabeh kaum penghianat iki bakal disembelih kaya wedhus ing dina raya.,severe,3
Wong sing ora setia marah bangsa iku kudu ditandur urip-urip ing kuburan massal.,severe,3
Aku sumpah arep ngrusak kabeh desane wong sing beda agama karo aku.,severe,3
Wong Madura kui kerep ngganggu lan goblog.,regional,2
"Aja cedhak karo wong Papua, kui tukang mabuk lan tukang berantem.",regional,2
Wong Kalimantan kui terbelakang lan kampungan.,regional,2
Wong Maluku kui galak lan tukang anarkis.,regional,2
Wong Bali kui sombong lan mung ngurusi sukune dhewe.,regional,2
Akeh wong Lampung kui tukang nipu lan ora jujur.,regional,2
Wong NTT kui miskin lan mung bisa dadi babu.,regional,2
Wong Jawa Timur kuli lan tukang ngirit banget.,regional,2
"Sing dadi pejabat mung ngurusi bokong dhewe, rakyat dipepati.",politics,2
"Kabeh partai iku podo wae, janjine mung omong kosong tok.",politics,2
"Pemerintah iki goblok, rega-regane munggah kabeh, rakyat meh ora bisa urip.",politics,2
"Wong sing nyoblos kowe kuwi tukang tipu, percoyo kok karo wong munafik.",politics,2
"Korupsi gede-gedean, pengadilan mung wayang, sing cilik dicekel sing gede dibebaske.",politics,2
"Kebijakane mung nguntungke cukong, rakyat cilik teles kabeh.",politics,2
"Wah, pejabat jaman saiki akeh sing pinter nggolok, nanging rakyate dibodhoni.",politics,2
"Boten sakedhik, ngingetke barang sing dipunpundhut, mboten kados angin kepusan.",neighbors,1
"Sampeyan kerep ndelok urusanku, mugi-mugi urusan sampeyan uga lancar.",neighbors,1
"Wes dadi alarm alami, saben esuk pasti ana swara gebyuran sing nggangu kulo turu.",neighbors,1
"Barangku sing dipun ginakaken, punapa sampun kesed dalem bumi?",neighbors,1
"Kok rasane uripku iki dijadikan sinetron ya, sampeyan sing sutradarane.",neighbors,1
"Mboten usah repot-repot ngintip kulo masak, nek pengen ngerti resepe, kulo aturi kok.",neighbors,1
"Swaran sampeyan nggih sae, nanging mboten saged damel manah kulo remen.",neighbors,1
"Barang sing dipundhut mboten kondur, mekaten menawi badhe dados koleksi?",neighbors,1
"Sampeyan niku kados dewa sing mboten sare, tansah waspada ning urip kulo.",neighbors,1
Wong-wong padha antri tuku jajan ning warung.,neutral,0
Aku krungu obrolan wong loro ning bangku taman.,neutral,0
Dheweke arep menyang toko buku sawise kerja.,neutral,0
Aku bakal nggalang wong-wong Islam sejati kanggo mbrangus kabeh aliran sesat sing ngrusak akidah.,severe,3
"Wong Kristen iki mung ngentekke urip nggowo konflik lan mangan duweke wong pribumi, aja percaya.",severe,3
"Kabeh wong sing beda karo aku iku mungsuh, siap-siap perang, aku wis siap nyirnakake kowe kabeh.",severe,3
"Golongan liya iku sampah, kudu dibersihke nganggo cara apa wae, sanajan nganggo kekerasan.",severe,3
Aku sumpah bakal ngrusak omah ibadahmu mergo kowe wis nisthane agama leluhurku.,severe,3
"Wong-wong saka suku iku kaya kewan, ora pantes manggon neng kutha, bali neng alas.",severe,3
"Kabeh pendukung partai iku bajingan lan pengkhianat bangsa, kudu dibantai nganti oyod-oyode.",severe,3
"Aku bakal ngobong kabeh usaha wong saka golongan iku, aja nganti bisa makmur neng wilayahku.",severe,3
"Wong sing beda ras iku najis, kudu diasingke, aja nganti campur getih karo wong Jawa asli.",severe,3
"Wong Bali iku mung pinter ngibul turis, uripé sengsara ning ngakoni.",regional,2
"Aja percaya karo wong Minang, pedagang iku pelit lan curang.",regional,2
"Wong NTT iku mburu bantuan terus, males kerja mung nenggo sumbangan.",regional,2
"Pemerintah iki cuma ngurusi awake dhewe, rakyat cilik ditelikung.",politics,2
"Kebijakane mung nguntungke konglomerat, kaya wong cilik ora urip.",politics,2
"Wakil rakyat kok lakune kaya maling rakus, nyolong anggaran.",politics,2
"Janji-janjine mung pepesan kosong, mboh diendhogana.",politics,2
"Ora usah milih maneh, siji-sijine padha bejat lan busuk.",politics,2
"Reformasi dikhianati, mung ganti bajingan sing nyolong.",politics,2
"Pemerintah iki goblok, ora mikirke kesulitane wong akeh.",politics,2
"Mimpin negara kok kaya preman, mung seneng nyedot duit rakyat.",politics,2
"Kula mboten purun nginterupi, nanging pinten-pinten taun barang kula ingkang dipunpundhut kok dereng dipunwangsulaken?",neighbors,1
"Lho, jam wengi kok isih semangat banget ngobrol, koyo lagi rapat RT neng njero omah kula.",neighbors,1
"Barange ilang, ternyata malah dadi koleksi ning omah sebelah.",neighbors,1
"Kula nuwun sewu, nek ngomong karo telepon kapan-kapan kulo aturi nggih, soale kulo tansah nyekapi isine.",neighbors,1
"Wah, sepurane mboten wonten istirahe, mbok menawi badhe pindah neng stasiun.",neighbors,1
"Kula mboten gadhah televisi, nanging sinetronipun tetangga kula tansah kulo ikuti saben dinten.",neighbors,1
"Sampeyan pancen pinter banget ngatur urusane wong liyo, koyo dadi lurah bayangan.",neighbors,1
"Mboten sare, nggih? Kulo mboten ngertos menawi swanten klakson mboten wonten wanci-wancinipun.",neighbors,1
"Barange kula sing dipunpundhut, saiki dadi kenang-kenangan sing ora bisa dibalekake.",neighbors,1
Wong-wong padha mlaku-mlaku nang taman sore iki.,neutral,0
Aku nyapu lantai saben dina.,neutral,0
Dheweke tuku roti lan susu ing warung.,neutral,0
"Kabeh wong saka suku iku mung tukang maling lan perusuh, kudu dibabat nganti oyod-oyode.",severe,3
Aku bakal ngobong gréja-gréjamu nganti dadi awu merga kowe nyulik bocah-bocah kita.,severe,3
"Wong-wong pendatang iki perusak budaya, kudu digebugi nganti bali menyang asale.",severe,3
"Golongan iku kaya tikus, nyebar penyakit, kudu dibasmi karo kabeh cara.",severe,3
"Aku sumpah bakal matèni kabeh wong sing ndhukung kelompok iku, tunggu wae.",severe,3
"Kabeh pengikut aliran sesat kasebut patut dipateni, aja nganti mbalèni maneh.",severe,3
"Wong-wong saka pulo liya iku maling hasil bumi kita, kudu dicekel lan ditenggelamake.",severe,3
"Aku bakal nyiksa kabeh keluargané wong sing beda karo aku, rasakna sektormu.",severe,3
"Kabeh anggota organisasi iku pengkhianat bangsa, kudu dibantai tanpa ampun.",severe,3
"Aja cedhak karo wong Papua, bodho lan primitif.",regional,2
"Wong Maluku iku panas barane, cilik-cilik wes bawa parang.",regional,2
"Suku A*eh iku radikale kuwat, bahaya diajak rukun.",regional,2
"Wong Jawa iku penjajah, seng ngeruk kas Nuswantara.",regional,2
"Wong Bali iku mung pinter nggombal turis, lakune palsu.",regional,2
Etnis Tionghoa iku pelit lan seng mau menang dhewekan bae.,regional,2
Politik iku mung dagangane wong sugih kanggo nggedhekake bathi dhewe.,politics,2
"Wong-wong nang kono padha maling berdasi, rakyat dicekik krungu swarane.",politics,2
"Pemerintah iku goblok, kebijakane mung ngrusak urip wong cilik.",politics,2
"Menteri-menteri cuma ngumbar janji kosong, korupsi terus ndadra.",politics,2
"Ora usah milih, podo wae, wong sing menang mesthi wong sing duwe duwit.",politics,2
"Pemerintah iki edan, rega-regane munggah, kebijakane ngawur.",politics,2
Wong sing dadi pimpinan mung mikir kepentingan golongane dhewe.,politics,2
Aku pancen muak ndeleng pejabat mung seneng pamer kemewahan.,politics,2
"Korupsi wis dadi penyakit, saka atas nganti bawah padha ngeruk.",politics,2
"Pemerintah iku koyo wayang, digerakke dening dalang pengusaha nakal.",politics,2
"Wah, klambi anyarku kok ra ono ning gantungan, pancen saged dipun ginakaken nggih dening tiyang sanes.",neighbors,1
"Boten sare sampeyan, nanging dalu punika swantenipun televisi saged dipun krungu ngantos kamar pribadi.",neighbors,1
"Kula mboten ngertos menawi mesin cuci mboten gadhah tombol 'stop', amargi swantenipun tansah mlebet dhateng griya.",neighbors,1
"Kula kedah nyuwun pirsa, kados pundi cara nampi barang ingkang dipun silih kanthi raos ikhlas.",neighbors,1
"Mboten nate nyana, tetangga ingkang sae saged dados guru musik dalu, kanthi latihan drum tanpa jadwal.",neighbors,1
"Kula nuwun sewu, napa kersanipun nyuwun tumbak kula, menawi gadhah tumbak pribadi?",neighbors,1
Wonten ingkang langkung remen ngrungokake uripipun tiyang sanes tinimbang uripipun piyambak.,neighbors,1
"Mboten ngertos menawi sampun wonten aturan anyar, tetangga saged mlebet tanpa ngocap.",neighbors,1
"Dering telpon kula mboten wonten, nanging swanten tetangga gadhah lagu-lagu pop anyar tansah sumping.",neighbors,1
"Kula mboten nate nganggep bising, kajaba menawi swantenipun ngganggu wekdal istirahat kula.",neighbors,1
Adhine ngunjuk teh anget ning pawon.,neutral,0
Mereka lagi ngobrol babagan cuaca.,neutral,0
Aku masak sega goreng kanggo nedha awan.,neutral,0
"Kabeh wong saka pulo sebelah kudu balik, nek ora arep diklakoni kaya taun 98.",severe,3
"Golongan iku kaya sampah, kudu dibakar nganti ompong sedasa.",severe,3
"Wong sing beda agamane kudu diusir, merga dadi sumber petaka ing nagara iki.",severe,3
Aku arep nyiksa kabeh turunane wong sing nglawan kelompokku nganti mati.,severe,3
"Bocah-bocah saka suku liya kudu dicekel, dididik dadi budak, ben ora mbalik maneh.",severe,3
"Kelompok iku kudu ditumpes, saiki uga, nganggo cara apa wae.",severe,3
"Wong-wong sing ngaku pancasilais iku munafik, kudu ditandangi nganti tumpes.",severe,3
"Kabeh pengikut kelompok kuwi kudu dipeksa nyembah banteng, nek nolak patenana.",severe,3
"Wong saka agama liya sing nekani papan suci iki kudu dipateni, aja nganti lali.",severe,3
"Wong Madura kan tukang celak, ati-ati nek cedhak karo wong kae.",regional,2
"Lha wong Papua mah mlebu kantor nganggo kaos oblong, ora nduwe tata krama.",regional,2
"Sekolah iki akeh wong Maluku, mesti rame lan tukang berantem.",regional,2
"Ojo percoyo karo wong Kalimantan, bisnise akeh sing nipu.",regional,2
"Wong Bali sibuk nyembah berhala, agama kafir kok diurusi.",regional,2
"Wong NTT mangan tuak terus, makane ora maju-maju daerah kono.",regional,2
"Dasar wong Betawi tukang ngomong kasar, kaya ora berpendidikan.",regional,2
"Wong Aceh kaku lan kolot, mesti susah diajak kerjasama.",regional,2
"Wong-wong nang kana korupsine wes mbalela, ra oleh percoyo!",politics,2
"Dasar pejabat lacur, mung ngurusi bokong dhewe!",politics,2
"Kabeh partai iku podo wae, asline maling kabèh.",politics,2
Kebijakan goblokmu ngrusak urip wong akeh!,politics,2
"Pemerintah iki bodho banget, ra iso nggawa apik.",politics,2
"Wong-wong nang DPR iku maling berkedok, sampah!",politics,2
"Korupsi wes dadi budaya, pejabat ra bisa dipercaya!",politics,2
"Rezim iki ora adil, mung nguntungke wong sugih kabeh!",politics,2
"Wah, klambi anyar kok isa podo karo sing tak lebarake wingi, Bu? Mugi-mugi sampun keselak.",neighbors,1
"Boten sare, Pak? Kula mirengake swara televisi sampeyan saking kamar kula.",neighbors,1
"Kula nuwun sewu, menapa sampun gadhah palu piyambak, Pak? Kula kedah nyuwun malih ingkang dipun lebar.",neighbors,1
"Lho, kok jamu sampeyan mboten kepanggih? Kula nyobi nggoleki ing kamar mandi nanging mboten wonten.",neighbors,1
"Wah, sepur dalan pinggir omahe Bu Darmo saiki nate bengi wae lewat, to?",neighbors,1
"Kula nuwun pirsa, menapa kathok cendhela kula ingkang dipun lebar sampun dados lap pel, Bu?",neighbors,1
"Sampeyan saestu pinter ngurusi kula, Bu. Mugi-mugi rejekine diparingi kelancaran kaya omongane.",neighbors,1
"Wes sore kok critane isih seger kaya timun, Bu. Kula mboten ngertos menapa kedah ngurusi tetangga sebelah.",neighbors,1
"Mboten nate bosen, Pak, ndelok sampeyan tansah aktif nglangi ning kolam renang kula tanpa undangan.",neighbors,1
"Kula mboten ngertos menawi dentingan piano sampeyan saged nggantos weker, Bu. Sahur kula dados lebih awal.",neighbors,1
Adhine lagi ndelok televisi nang ruang tamu.,neutral,0
Bapak maca koran sore iki.,neutral,0
Aku nyapu plataran omah saben esuk.,neutral,0
Anak-anak padha dolanan nang lapangan.,neutral,0
Ibu lagi nggodhok banyu kanggo nggawe teh.,neutral,0
"Wong kafir iki kabeh kudu diusir saka Tanah Jawa, ora gelem urip bebarengan karo wong Islam sing suci.",severe,3
"Wong saka pulo liya aja ngremehke wong Jawa, awakmu mung mampir nanging arep mrentah kene.",severe,3
"Golongan iku kabeh penghianat bangsa, kudu dibabat nganti oyod-oyode supaya negara iki bersih.",severe,3
"Aja nganti percaya karo wong sing beda agama, awake dhewe wae sing bakal ngrusak tatanan masyarakat.",severe,3
"Wong-wong saka suku iku kabeh maling lan penipu, kudu dipeksa balik menyang asale.",severe,3
"Yen golongan iku menang pemilu, aku janji arep bakar omah-omahmu siji-siji.",severe,3
"Kabeh wong sing ndhukung kelompok iku kudu ditanduk, dikeroyok nganti mati, aja dikasihani.",severe,3
"Wong liya mlebu kene mung nggawa petaka, kudu dicegah karo apa wae, sanajan kudu nggunakake kekerasan.",severe,3
"Kelompok iku sampah masyarakat, kudu dibuang lan diasingake saka desa iki supaya tentrem.",severe,3
"Aku arep ngoyak kabeh keturunan iku nganti tekan anak putumu, supaya ora ana maneh ing bumi iki.",severe,3
"Akeh wong Batak kasar lan tukang ribut, ngomong aja banter-banter terus.",regional,2
"Wong Madura kok dikasih kesempatan ngenteni, mesti malah ngrebut tanah wong liya.",regional,2
"Wong Papua kemakan tuak terus, makanya ora maju-maju panggonane.",regional,2
"Aja percaya karo wong Kalimantan, bisane mung nipu karo nambang liar.",regional,2
"Wong Bali sibuk nyembah berhala, agama leluhure mah keselene.",regional,2
"Suku Tionghoa iku pelit lan serakah, ngrebut kabeh ekonomi neng kene.",regional,2
"Wong Maluku panasaran, cilik-cilik dikit langsung bawa parang.",regional,2
"Wong NTT mung pinter minta bantuan, dhewe ora bisa ngembangne dhewe.",regional,2
"Aja cedak karo wong Aceh, agamane kaku lan gampang ngrusuh.",regional,2
"Wong-wong niku korup kabeh, mung mikir duwit rakyat sing cilik.",politics,2
"Pemerintah iki bodho, ora ngerti kesusahan wong akeh.",politics,2
"Mimpin kok mung ngidoni janjine dhewe, rakyat ditipu terus.",politics,2
Wong sing dadi pejabat mung golek kekuwatan lan bandha.,politics,2
"Kebijakane mung ngladeni cukong, rakyat dicekik.",politics,2
"Apa ora isin korupsi terus-terusan, negoro bakal bangkrut!",politics,2
"Milih-milih sing penting duwe, nanging giliran nyalon ngapusi.",politics,2
"Ora usah percaya karo omongane politikus, kabeh cuma lakon.",politics,2
"Pemerintah iki wis edan, rakyat sengsara ditinggal mlarat.",politics,2
"Wah, klambi anyarku kok ra tau bali, mbok ya dijaga nganti luntur merga udan.",neighbors,1
"Bapake arep ndandani genteng, nanging palu lan tangane konon lagi dipinjam kanca sing lali wektu.",neighbors,1
"Kula mboten ngertos menawi wonten tetangga ingkang gadhah usaha karawitan, saben dalu latihan.",neighbors,1
"Wes dadi alarm alami, jam lima esuk wis ana sing ngresiki dalan nganggo sapu listrik.",neighbors,1
"Barang-barangku kaya duwe kaki, sok-sok mlayu menyang omah liya lan ra tau bali.",neighbors,1
"Kula kedah ngaturaken matur nuwun, awit kula mboten purun ndherek rembugan kaluwarga tangga wingi.",neighbors,1
"Wah, sepatuku sing enom kok wis luwih pinter lelakon tinimbang aku, sok-sok ilang dina, bali bengi.",neighbors,1
"Kadang kula kepengin ngrungokake radio, nanging swara rembugan saking njawi sampun dados tiyang penyiar.",neighbors,1
"Dalan mlebu omahku kok rasanya dadi umum, ana wong liya sing kerep takon kabeh barang-barangku.",neighbors,1
"Mboten ngertos kula menawi tetangga kula gadhah profesi minangka kurir, saben dinten namung nedha ndeleng isi kulkas kula.",neighbors,1
Adhine nggawa tas belanjaan saka warung.,neutral,0
Dheweke lagi nggodhok banyu kanggo teh.,neutral,0
Aku nggawa payung amarga mendhung.,neutral,0
"Aku bakal nggebugi kabeh wong sing ndhukung kelompok iku nganti pejah, merga dheweke iku pengkhianat bangsa.",severe,3
"Wong-wong saka suku iku kaya ta asu, aja nganti dipercaya lan kudu dicegah tekan kene.",severe,3
"Kelompok iku mung sampah masyarakat, kudu dibakar urip-urip kabeh supaya negara resik.",severe,3
"Aku arep nyiksa kabeh keturunan lanunge sing wis ngrusak uripku, rasah ngarep-ngarep ampun.",severe,3
"Wong agama liya iku kudu dicekel lan dipeksa mleut agama iki, nek ora gelem patenana wae.",severe,3
"Kabeh pendatang saka pulo liya iku perusak ekonomi, kudu digebug nganti bali menyang panggonane.",severe,3
"Aku sumpah bakal mateni siji-sijine wong sing beda karo aku ing kampung iki, merga dheweke iku setan.",severe,3
"Golongan politik kuwi kabeh iblis, kudu dibantai kabeh supaya negara iki slamet.",severe,3
"Wong-wong sing nganggo basa liya iku kudu diusir, merga dheweke nistha karo budaya Jawa.",severe,3
"Akeh wong Batak kasar lan keras atine, koyo preman.",regional,2
Wong Madura iku tukang gelut lan sukek nyolong.,regional,2
Wong Maluku kabeh galak-galak lan gampang nesu.,regional,2
Wong Papua iku primitif lan mung cocog urip ing alas.,regional,2
Wong Kalimantan iku terbelakang lan kampungan.,regional,2
Wong Bali mung ngerti nyembah berhala lan ngibul turis.,regional,2
Akeh wong Lampung tukang ngomong kasar lan ora sopan.,regional,2
Wong Betawi asline tukang ngamen lan ora duwe pendidikan.,regional,2
"Wong Menado mung jago omong doang, kerjane mabuk-mabukan.",regional,2
"Cangkem mung manis nanging tumindak nistha, akeh janji palsu.",politics,2
"Dasar pamaréntahan bodho, mung ngurusi awake dhéwé wae.",politics,2
"Akeh wong nguwasani sing gak duwe ati, rakyat dipecat.",politics,2
"Korupsi wes dadi budaya, saka ndhuwur nganti ngisor podo bejat.",politics,2
"Pemerintah iki gak ngrungokke swara rakyat cilik, kupinge budheg.",politics,2
"Wakil rakyat kok mung dolan lan nyenengi awake dhéwe, bangsat!",politics,2
"Rezim iki gak becik, mung nggolek kekuwatan lan bandha.",politics,2
"Wah, klambi anyarku kok ra ono ning gantungan, pancen neng ngendi baé dewe kui lek ditinggal ndisit.",neighbors,1
"Kula mirengake tetabuhan dalu, kados pundi rasaning para rawuh ingkang badhe ujian esuk.",neighbors,1
"Lho, sepeda motoré wés mandheg nanging swarané durung mandheg, mbok ya diistirahatke sakjané.",neighbors,1
"Kula sampun tiga dinten nemahi griya, namung swanten televisi ingkang tetep rawuh sinambi.",neighbors,1
"Maturnuwun sanget, nek dolan mboten perlu ngetokke anak, kula saged ndeleng critane saking jendela.",neighbors,1
"Kanthi swanten ingkang semarak kados punika, mugi-mugi tiyang ingkang gadhah bayi saged sare kanthi nyenyep.",neighbors,1
"Barange ilang kaya déné ilining banyu, mbalik mung kangené.",neighbors,1
"Wah, kula mboten gadhah kunci griya panjenengan, nanging kadosipun kula saged mlebet kapan kemawon.",neighbors,1
"Kula namung tiyang sakedhik, nanging kula rumangsa gadhah kulawarga ingkang ageng sanget amargi sedaya pawartos kula dipunmangertosi.",neighbors,1
"Mboten usah repot-repot nggawa tukang kebon, kebonku sampun dipunrawat déning tetangga kanthi tetep.",neighbors,1
Wong-wong padha mlaku-mlaku ning dalan pasar.,neutral,0
Dheweke lagi ngrungokake lagu saka radione.,neutral,0
Ibu lagi masak sega goreng ning dapur.,neutral,0
Bapak ndelok televisi sawise mangan sore.,neutral,0
"Kabeh wong saka suku iku mung tukang maling lan perusuh, padha ditumpes wae nganti oyot-oyote.",severe,3
Aku bakal ngobong gréja-gréjamu nganti dadi awu merga kowe wani ngina agamaku.,severe,3
"Wong-wong saka pulo liya iki maling lapangan kerjo, kudu digebugi nganti bali menyang kandange dhéwé.",severe,3
"Kabeh pendukung parté iku bajingan lan budak asing, bakal tak siksa pati-pati yen ketemu.",severe,3
"Golongan iku kaya sampah masyarakat, pancen kudu dibersihké kanthi cara kekerasan.",severe,3
"Aku sumpah bakal matèni kabeh wong sing ndhukung idé iku, siji-siji tak tumpes.",severe,3
"Wong-wong aliran sesat kaya kowe iku ora pantes urip, luwih apik mati wae.",severe,3
"Kabeh keturunan iku pengkhianat bangsa, kudu diusir lan ora olèh nduwé hak urip nèng kéné.",severe,3
Aku bakal ngarahké massa kanggo ngancurké omah-omahmu merga kowe wis ngancam uripku.,severe,3
"Wong Madura kok sok nganggo clurit, wani-waninan nang kene.",regional,2
"Wong Jawa iki pinter banget mikirke awake dhewe, wong liyo diislehke.",regional,2
Akeh wong Lampung sing tukang gelut lan goblog-goblok.,regional,2
"Wong Kalimantan kui terbelakang, urip nang hutan terus.",regional,2
"Wong Papua bodho, mung cocok kerja kasar.",regional,2
"Akeh wong Bali sing sombong, nganggo agame dadi alesan.",regional,2
Wong Menado tukang minum lan ora bisa dipercaya.,regional,2
"Wong Padang pelit banget, dagang kok ditipu-tipu.",regional,2
"Partai politik kabeh padha wae, sarang korupsi lan aji jasa.",politics,2
"Pemerintah iki goblok, ora ngerti kesusahan wong urip saben dina.",politics,2
"Mundur wae kabeh, wong sing mimpin mung tukang nyolong duwe rakyat.",politics,2
"Reformasi dikhianati, mung ganti bajingan sing mimpin.",politics,2
"Wah, klambi anyarku kok ra ono ning gantungan, mbok ya dienggo nggoleki iwak kali, Bu.",neighbors,1
"Bapak kulo mboten sare, Pak, amargi sore wingi wonten swanten ingkang sae sanget saking griya panjenengan.",neighbors,1
"Lho, jaritaku sing dipun ginakaken kondangan wingi sampun dangu, kados ta badhe dipun dadosaken kenang-kenangan.",neighbors,1
"Wes sore kok isih ana swara kethoprak, kayane arep ngabekti bengi iki, Ndok.",neighbors,1
"Kula nuwun sewu, Pak. Menawi gadhah kanca ingkang saged ndandani mesin mower, amargi punika dipun pinjem nanging mboten wangsul malih.",neighbors,1
"Aduh, bocah-bocahku padha ngerti sejarah tetanggane luwih apik tinimbang pelajarane, Bu.",neighbors,1
"Sok-sok ngomong alon-alon, Mbak, takut kedunge nganti tekan dalan, wong akeh sing kepengin ngerti.",neighbors,1
"Maturnuwun sanget dhaharanipun, Bu. Kula mboten purun njaluk malih, amargi kula mboten saguh mbalekaken wadahipun.",neighbors,1
"Wah, sepur Tugu-Solo kok rasane liwat neng ngarep omahku baen, ya, Mas?",neighbors,1
"Kula mboten nate mangertos, Pak. Kados pundi panjenengan saged mangertos rencana kula pindhah griya, dereng kula aturaken dhateng sapa kemawon.",neighbors,1
Dheweke lagi nyapu plataran omah.,neutral,0
Adhine sinau nggambar neng kamar.,neutral,0
Dheweke ngunjuk teh anget sawise mulih.,neutral,0
"Kabeh wong saka suku iku mung tukang nyolong lan perusuh, kudu dipepet ing pulo terpencil.",severe,3
"Wong-wong sing beda karo aku iku iblis, ora pantes urip neng kene.",severe,3
"Aku arep nyulik lan mateni anak-anak saka kulawarga kasebut, siji-siji.",severe,3
"Kabeh pengikut agama liya iku penghianat, persiapan perang suci wis ditekani.",severe,3
"Wong saka pulo sebelah iku babi, kudu dibantai kabeh ben ora mlebu maneh neng kene.",severe,3
Aku sumpah bakal ngrusak omah lan usaha kabeh wong sing sekuthu karo musuhku.,severe,3
"Generasi mudane golongan iku kudu dicekel lan dididik maneh, sing nolak kudu ditumpes.",severe,3
"Wong Sunda mah bisane mung ngomong halah-halah, ora ngerti urusan gedhe.",regional,2
"Wong Madura kok dikasih kerjaan, mesti nanti dikerjain asal-asalan.",regional,2
"Suku Dayak itu primitif, hidup di hutan dan masih suka berburu kepala.",regional,2
"Wong Jawa itu licik, seneng nusuk mburi kancane dhewe.",regional,2
"Akeh wong Papua sing malas, dikasih otonomi khusus malah makin turu wae.",regional,2
"Wong Kalimantan itu lambat mikire, koyo keong mlaku.",regional,2
"Suku Aceh keras kepala dan radikal, susah diajak damai.",regional,2
"Wong Bali bisane mung nari lan nyembah berhala, agama leluhur kuna.",regional,2
Akeh transmigran Jawa sing ngerampas tanah lan ngerusak budaya lokal.,regional,2
"Pemerintah cuma ngapusi, janji-janjine mung sejene angin.",politics,2
Sing dadi pejabat mung sibuk ngrayu kekuwatan lan bandha.,politics,2
"Kebijakane mung ngrusak, rakyat cilik tansah sing nandhang lara.",politics,2
"Wong-wong niku dhemen nyolong, duite rakyat digawa mati.",politics,2
"Ora ana sing resik ing kono, kabeh klebu perangkap korupsi.",politics,2
"Pemerintah iku buta lan budheg, ora ngrungokke swarane wong cilik.",politics,2
Milih-milih sing menang mung wong sing padha mbanding bathi.,politics,2
"Sistem politik iku wis busuk, kabeh didol mung kanggo kepentingan pribadi.",politics,2
"Wah, klambi anyar kok isa podo karo sing tak pinjem minggu kepungkur, Bu? Mugi-mugi sampun keselampo.",neighbors,1
"Kula mirengake musik klasik, nanging tetanggan niku langkung remen musik *drill* tembok jam setengah wengi.",neighbors,1
"Lho, kok sepatuku ra ono nang rak? Mesthi dibutuhake dening tiyang sanes nggih, ning mboten ngertos kulo ngentosi.",neighbors,1
"Boten kepanggih, Pak? Kula saestu remen mirengaken crita-crita saking njaba rumah kula.",neighbors,1
"Wes dadi ahli ukur ta, Lek? Saban bengi ngukur tebel tembok karo palu.",neighbors,1
"Barange tak kredit, rasane tak duweni. Mboten sare, niku.",neighbors,1
"Kok rasane uripku dadi sinetron, ya? Sutradarane akeh banget sing ngatur saka balik pagar.",neighbors,1
"Mboten usah mentas tebih, Bu. Sakdurunge mampir nang garasi kula, kula aturi saget langsung pinjem.",neighbors,1
"Wah, berita saka teras rumah ternyata lebih seru daripada berita televisi.",neighbors,1
Mugi-mugi besuk menika mboten wonten tetanggan ingkang keselak amargi kebak gosip.,neighbors,1
Dheweke lagi maca koran ning ruang tamu.,neutral,0
Wong-wong pada dodolan aneka jajanan pasar.,neutral,0
Dheweke ngunjuk teh panas sawise mangan.,neutral,0
Simbah lungguh ning kursi goyang ngadep kebon.,neutral,0
Wong lanang kasebut lagi ndandani payon sing bocor.,neutral,0
"Aku bakal nggebugi wong saka suku iku nek ketemu, awakmu aja nganti teka ing kene.",severe,3
"Wong pendatang iku maling panggonan lan rejekine wong asli, kudu digebug nganti padha minggat.",severe,3
"Kelompok iku kaya tikus, ngrusak negara, kudu diracuni sakabehe.",severe,3
"Aku arep numpes kabeh wong sing ndukung kelompok liya, siap-siap perang dhisik.",severe,3
"Wong-wong sing ngaku pancasila nanging ngapusi, patenae wae kabeh.",severe,3
"Kabeh keturunan iku penjajah, kudu dibalekake menyang negarane dhewe, ora oleh urip mulyo kene.",severe,3
"Aku bakal ngobong omah-omah wong golongan iku, aja nganti ana sing isih urip.",severe,3
"Wong sing ngelawan pemimpinku iku setan, kudu disiksa nganti mati lan dikubur ing kuburan celeng.",severe,3
"Akeh wong Batak kan keras kepalane, karo sengit marang wong liya.",regional,2
"Wong Madura iku kasar lan tukang bacok, siap gelut terus.",regional,2
"Wong Papua kok goblok, mung cocok kanggo dijadikan babu.",regional,2
Akeh wong Kalimantan iku terbelakang lan ketinggalan jaman.,regional,2
"Wong Bali mung pinter ngibulin turis, agamane beda karo kita.",regional,2
"Akeh transmigran Jawa iku perampas tanah, ngrebut hak wong asli.",regional,2
"Wong Menado mung pamer, padahal uripe mung ngutang.",regional,2
"Wong Aceh serakah, maune minta otonomi terus pengen pisah.",regional,2
"Kebijakane mung nguntungke kroni, rakyat cilik tansah dicekik.",politics,2
"Pemerintah iku goblok, ora ngerti kesusahe wong cilik.",politics,2
"Milih-milih sing penting, wae akhiré wong bodo sing mimpin.",politics,2
"Janji-janjine mung pepesan kosong, rakyat dipecat.",politics,2
"Ora usah percaya karo omongane politikus, kabeh tukang nipu.",politics,2
"Kabeh partai padha wae, prinsipé mung siji: nyolong duwit rakyat.",politics,2
"Reformasi dikhianati, maling saiki dadi penguasa.",politics,2
"Pemerintah iku bejat, kabeh kebijakane mung ngrusak negara.",politics,2
"Wah, tetangga kita lagi latihan karawitan ya, suarane koyo pasar kliwon neng ngarep.",neighbors,1
"Barangku sing dipinjem kok rasane dadi barang warisan, mas.",neighbors,1
"Wes dadi alarm alami, jam setengah lima wes ramai koyo pasar pagi.",neighbors,1
"Mboten nate bosen ndherek uripipun tiyang sanes, kados sinetron ingkang boten-boten rampung.",neighbors,1
"Pinjemanmu kui pancen disimpen neng museum to, kok angel dibalekke.",neighbors,1
"Sampeyan punika kados kepala lingkungan ingkang mboten resmi, saget ngawasi kula saking jendela.",neighbors,1
"Wes koyo tukang ngamen sing langganan neng teras, nyetel lagu kapan bae.",neighbors,1
Barang-barange kui koyone luwih seneng neng omahku tinimbang bali neng kene.,neighbors,1
"Kula mboten ngertos menawi tetangga kula gadhah saham ing griya kula, amargi saget mlebet kapan bae.",neighbors,1
Adhine nglangi ning kolam renang.,neutral,0
Wong-wong padha obrolan ning warung kopi.,neutral,0
Aku ndelok televisi sawise mangan sore.,neutral,0
Dheweke arep menyang toko kanggo tuku gula.,neutral,0
"Aja cedhak karo wong sing beda agamane, bakal ngrusak imanmu lan digawa neraka.",severe,3
"Wong-wong sing ndhukung pemimpin saka suku liya iku pengkhianat bangsa, patut dihukum mati.",severe,3
"Kabeh kaum sing beda karo kita iku sampah masyarakat, kudu dibakar urip-urip.",severe,3
"Aku sumpah, yen golonganku menang, bakal tak gebugi mati kabeh wong sing mbelani musuh.",severe,3
"Wong sing nganggo basa liya ing tanah iki kudu dicekek nganti mati, aja nganti nular.",severe,3
"Kabeh pengikut aliran sesat kudu dibantai, supaya negara dadi tentrem lan suci.",severe,3
"Wong saka partai iku setan, kudu digantung ing alun-alun supaya pada kapok.",severe,3
"Aja cedhak karo wong Papua, pancen primitive lan mbeling.",regional,2
"Wong Kalimantan iku kafir, uripé isuk-isuk mabuk.",regional,2
"Suku Jawa iku penjajah, tukang nindhes wong liya.",regional,2
"Wong Bali iku penyembah berhala, agamaé ora bener.",regional,2
"Wong NTT iku mung pinter kerja kasar, otaké kosong.",regional,2
"Suku Aceh iku keras lan radikal, kaya teroris.",regional,2
"Partai politik kabeh padha kemaki, ngoyak proyek doang.",politics,2
Sing dadi pejabat mung tukang ngemplok dana bansos.,politics,2
"Pemerintah iku edan, rega mbarang dadi tambah nglokro.",politics,2
"Mereka iku penipu, janjine ora tau ditepati.",politics,2
"Ora usah milih sing anyar, merga kabeh padha bejat.",politics,2
"Korupsi gede-gedean, negara bakal pejah di tangan wong kaya ngono.",politics,2
"Wah, tetangga kuwi kaya lagi latihan karawitan ning tengah wengi, nek ora mangertine aku arep tes CPNS besuk.",neighbors,1
"Barang sing dipun ginakaken sampun kados teles, mboten wonten ingkang kondur.",neighbors,1
"Kula mboten gadhah televisi, nanging crita sinetron saking sampingan saget dipun pirsa kanthi jelas.",neighbors,1
"Wes dino iki aku lagi ngrasakke hawa laut, soale banyu adus saka rumah sebelah tansah mampir ning pekaranganku.",neighbors,1
"Kok rasane uripku iki lagi di-direkturke wong liya, ya?",neighbors,1
"Klambi anyarku sing dipun silih, saiki wis dadi koleksi museum keluarga sebelah.",neighbors,1
"Aku kira lagi ana helikopter landing, ternyata cuma tetangga lagi ngebor tembok jam setengah siji bengi.",neighbors,1
"Kula mboten gadhah kabar, nanging kula sampun sumerep rencana kula pindah omah saking tetangga.",neighbors,1
"Wah, sepatuku sing dipinjem kok rasane wis nyaman banget ning kaki liya, nganti lali bali.",neighbors,1
"Bisinge kaya lagi ngreka kereta api, nanging sepurine mboten nate rawuh.",neighbors,1
"Aku bakal nggebugi kabeh wong sing beda agama karo aku, awakmu bakal dadi peringatan.",severe,3
"Kabeh pendatang saka pulo liya iku maling lan perusak, padha bali menyang asale!",severe,3
"Wong sing ndhukung partai iku kaya asu, kudu dipateni siji-siji.",severe,3
"Aku sumpah arep mbantai kabeh turunanmu sing isih ana, tunggu giliranmu.",severe,3
"Kelompok iku uda kayoa babi hutan, kudu dibasmi nganti oyod-oyode.",severe,3
"Wong-wong sing ngaku pancasila tapi nyimpang iku penghianat, paten wae kabeh.",severe,3
"Kabeh wong saka suku iku tukang tipu, aja diajak urip bebarengan, usir wae!",severe,3
"Aku bakal nggawa bala kanggo numpes desamu, persiapan mati kabeh!",severe,3
"Generasi pemuja asing iku sampah bangsa, kudu dikubur urip-urip.",severe,3
"Wong Madura iku kerep mangan sapi wong liya, akeh sing nyolong.",regional,2
"Lha wong Papua kok dikongkon nggarap proyek, mesthi ora rampung-rampung.",regional,2
"Akeh wong Jawa sing pinter nggithik, dikandhani alus ya tetep ditipu.",regional,2
"Ora usah dolan marang Kalimantan, wong sana kebangeten lan primitif.",regional,2
"Wong Maluku iku panas atine, karo seduluré dhéwé malah padha gelut.",regional,2
"Aja cedhak karo wong Lampung, tukang main keris lan gampang duka.",regional,2
"Wong Menado sisan, mung bisane ngomong gedhé, nglakoni ora.",regional,2
Kebijakane mung nguntungke wong sugih lan kancane dewe.,politics,2
"Janjine mung pepesan kosong, mbohongi wong akeh.",politics,2
"Pemerintah iku budheg, ora ngrungokke swarane rakyat.",politics,2
Wakil rakyat kok mung dolan lan nyekek bathok.,politics,2
"Korupsi wis dadi penyakit, negara bakal rusak.",politics,2
Pungli lan gratifikasi wis dadi panganan saben dina.,politics,2
"Wah, tetangga kita lagi latihan karawitan ya, swarane kaya pasar kliwon neng mriki.",neighbors,1
"Kula mboten purun nginterupi, nanging pintu kulo kok kerep kebuka dewe kaya ana tamu tak kasih kunci.",neighbors,1
"Lho, sapune kok ilang? Mungkin keselèk karo barang-barang liyane sing durung balik.",neighbors,1
"Bocah-bocah nang njero omah wae krungu swarane, kaya lagi ana festival neng plataran.",neighbors,1
"Kula nuwun sewu, nek sampun ngginakaken perkakas kula, mugi-mugi dipun aturi supados saged dipun ginakaken malih.",neighbors,1
"Wes sepi-sepi ngomong, kok rasane critaku dadi crita umum neng kampung.",neighbors,1
"Televisinu isih apik tenan, swarané njangkau nggonku kaya speaker gelaran.",neighbors,1
"Aku nunggu barangku balik kaya nunggu musim kemarau, pancen ora ketemu.",neighbors,1
"Kula mboten ngertos menapa kersanipun, namung kadosipun kula kedah ngaturi unjukan dhumateng tetangga sanès.",neighbors,1
"Wah, nek ngomong karo sampeyan, aku kerep lali merga kudu nutup kuping saka suara latihan drum sebelah.",neighbors,1
Adhine nyapu lantai omah.,neutral,0
Aku ngunjuk teh hangat sore iki.,neutral,0
Wong-wong pada ngobrol neng pinggir dalan.,neutral,0
"Kelompok iku kaya tikus, kudu dibasmi nganti oyod-oyode.",severe,3
"Wong saka suku liya iku maling lan perusuh, aja nganti dipercaya.",severe,3
"Aku sumpah bakal ngrusak gréja-gréja neng desa iki, merga iku panggawéane setan.",severe,3
"Kabeh pendatang saka pulo liya kudu dicekel lan dipateni, merga mung nggawa petaka.",severe,3
"Wong sing ndhukung partai iku goblok lan budak asing, patut ditindhes.",severe,3
Aku arep ngobong omah-omah wong sing beda aliran karo aku.,severe,3
"Generasi enom saka kelompok liya iku sampah masyarakat, kudu diilangke.",severe,3
Wong-wong sing ngaku pancasilais nanging nyembah berhala iki bakal kualat lan kubom markase.,severe,3
"Akeh tindak kriminal kuwi biasane wong Papua, kurang ajar.",regional,2
"Wong Kalimantan kui medhit banget, sithik-sithik ngitung dhuwit.",regional,2
"Aja pacaran karo wong Maluku, gampang bengis lan dendam.",regional,2
"Wong Bali kui pura-pura suci, nanging sesukune nyembah setan.",regional,2
"Ora usah percaya karo wong Betawi, jago ngibul lan ngakali.",regional,2
"Wong NTT kui mung bisa dadi babu, golek kerja nang kene.",regional,2
"Suku kafir kaya wong Dayak kuwi, aja diajak rukun.",regional,2
"Wong-wong nang kana korupsine wes mbalela, ra nduwe isin!",politics,2
"Pemerintah iki bodho banget, gawe aturan sing gawe rakyat sengsara.",politics,2
"Menteri-menteri cuma ngurusi kantong dhewe, ra mikirke wong cilik!",politics,2
"Pungli lan korupsi wes dadi budaya, pejabat kabeh lacur!",politics,2
"Janji-janji manis pas pemilu, ning saiki mung ngapusi wae!",politics,2
"Pemerintah iki doyan nyolong kanthi legal, lelucon!",politics,2
"Wong sing mimpin saiki gak pantes, otake mung segedhe kacang!",politics,2
"Kebijakane mung nguntungke cukong, rakyat ditinggal mati!",politics,2
"Dasar para maling berdasi, negara rusak mergo kowe kabeh!",politics,2
"Barange ditingali yen gelem, kok kaya dadi barang warisan.",neighbors,1
"Lha, urusanku kok sampeyan sing ngatur, Pak?",neighbors,1
"Kebyar-kebyar sore-sore, koyo arep nanggap wayang.",neighbors,1
"Mboten sare, Bu? Kulo mboten ngertos menawi wonten hajatan.",neighbors,1
Pinjem senter nanging kok malah dadi lampu taman.,neighbors,1
"Sampeyan kerso nggatekke urusanku, nanging urusan sampeyan kok dereng rampung.",neighbors,1
"Suwara radione nganti tekan kene, koyo lagi latihan karawitan.",neighbors,1
"Barang alit kok digawa mulih, koyo oleh-oleh saking kene.",neighbors,1
"Wah, kula mboten nate nyuwun tulung ngawontenaken pagelaran, niki kok swaranipun sae sanget.",neighbors,1
Bapak maca koran sore nggo ngisi wektu.,neutral,0
Adhine nglakoni tugas sekolah nang kamar.,neutral,0
Simbah ngrumpi karo tangga teparo nang emper omah.,neutral,0
Kancaku nyetel sepedha menyang toko.,neutral,0
Keluarga mangan bebarengan nang meja makan.,neutral,0
"Akeh-akehe wong pendatang iki mung ngerampas rejekine wong Jawa asli, kudu dibalikke menyang laut.",severe,3
"Sing ndhukung partai iku maling negara, patenine wae kurang, kudu dihukum pati kabeh.",severe,3
"Wong-wong saka suku liya iki mlebu ngrusak tata krama lan budaya Jawa, kudu digebugi nganti minggat.",severe,3
"Kelompok iku kaya tikus ngerubuti nagara, kudu dibasmi nganti oyot-oyote, aja lila-lila.",severe,3
"Wong agama liya iku penyebar sesat, kudu ditumpes supaya ora ngrusak imane wong Jawa.",severe,3
"Generasi mudha sing ngikuti paham liberal iku kanker masyarakat, kudu disingkirake saka bumi Jawa.",severe,3
"Kabeh wong sing beda pikiran politik karo kita iku pengkhianat bangsa, kudu dipecat lan diasingke.",severe,3
"Wong sugih kapitalis iku mbebayani, nyedot getere wong cilik, kudu digantung ing alun-alun.",severe,3
"Kelompok etnis iku mung mbuwang sampah ing tanah Jawa, kudu disirnakan kabeh tanpa sisa.",severe,3
"Wong Sunda mah bisane mung nyadori, ngurus nagara ora bakal iso.",regional,2
"Akeh wong Batak kasar lan tukang ribut, ngene ngono wae ora usah diajak rukun.",regional,2
"Wong Madura kui seng dikandani mung duwe otot, otake mung sedelik.",regional,2
"Akeh wong Papua kui mbeling lan males kerja, mung nunggu duwe dari pusat.",regional,2
"Wong Kalimantan kui terbelakang, urip neng alas terus, ora ngerti perkembangan jaman.",regional,2
"Wong Maluku kui panas barane gampang dadi preman, ati-ati nek ketemu.",regional,2
"Suku Tionghoa kui pelit lan serakah, ngrebut ekonomi wong pribumi.",regional,2
"Wong Bali kui pagan, nyembah berhala, agama leluhur sing ora jelas.",regional,2
Akeh transmigran Jawa kui nyulik tanah lan nakokke daerah liyan.,regional,2
"Wong NTT kui mung cocok dadi pembantu, pinter-pinter ngerjake pekerjaan rendahan.",regional,2
"Pemerintah nggawe kebijakan sing bodho, rakyat sing susah.",politics,2
"Dasar para maling berdasi, ngumbar janji nanging mung ngisep duwit.",politics,2
"Kebijakane mung nguntungke wong sugih, wong cilik dicekek.",politics,2
"Partai-partai iku kabeh padha wae, busuk atine.",politics,2
Sing menang pemilu mung wong sing duwe duwit lan sogokan.,politics,2
"Pemerintah iku goblok, ora mikirke kesejahteraan rakyat.",politics,2
"Korupsi wis dadi penyakit, nanging sing ngobong ora tau diobong.",politics,2
"Mereka padha seneng nyolong, rakyat digantung ngarepake bantuan.",politics,2
"Wah, tetangga kok sibuk banget kaya mesin pabrik, ndak pernah istirahat.",neighbors,1
"Kula nuwun, menawi pinten-pinten barang kula ingkang dipunpundhut, mbok bilih sampun kenging dipunwastani.",neighbors,1
"Lho, urusane wong liya kok digawe sibuk, kaya dadi kepala desa.",neighbors,1
"Wes sore kok swarane isa ngalahke speaker masjid, pancen sakti.",neighbors,1
"Barangku sing ilang kaya dadi karma, moga-moga aja keduman wong liya.",neighbors,1
Kok swara klakson motoré isa nggawa kabar saka kutha seberang ya?,neighbors,1
"Kula mboten ngersakaken nanging menawi gadhah rejeki, barang ingkang dipunpundhut mugi dipunparingaken malih.",neighbors,1
"Wah, pengamatannya ngluwihi satelit, nganti detil urusan dalem.",neighbors,1
"Bisingé isa dadi alarm, nggak perlu jam weker maneh.",neighbors,1
Mboten nate kesel ndelok tetangga sing sibuk banget ngurusi kebon wong.,neighbors,1
Dheweke mlebu toko kanggo tuku gula lan kopi.,neutral,0
Anak-anak padha dolanan nang plataran omah.,neutral,0
"Akeh wong saka pulo liya mung ngerusak tata tentrem ing kutha iki, padha balik wae menyang panggonanmu dewe.",severe,3
"Golongan iku kabeh antek asing, kudu dibabat supaya ora nggrogoti kedaulatan negara.",severe,3
Wong-wong sing beda karo aku iku kafir lan bakal nemu cilaka ing akhirat.,severe,3
"Aku arep ngobong omah-omahe wong sing beda agama karo awake dhewe, supaya padha sirna.",severe,3
"Kabeh wong sing ndhukung pemimpin liya iku pengkhianat bangsa, patut dipateni.",severe,3
"Wong sing nganggo budaya liya iku nistha, kudu disingkirake saka masyarakat kita.",severe,3
Aku bakal nggawa bala kanggo ngrusak kumpulan wong sing nentang kabeh iki.,severe,3
"Kabeh keturunan iku penjajah pribumi, kudu diusir lan ora duwe hak urip ing kene.",severe,3
Wong sing ora setia karo kelompokku bakal nemu bebenduning Gusti lan cilaka ing donya.,severe,3
"Wong Madura kui seng nggowo celeng, mambu mambune nganti ngganggu tetangga.",regional,2
"Ora usah percoyo karo wong Kalimantan, tukang nipu lan ngelabuhi wong liyo.",regional,2
"Wong Papua kafir lan terbelakang, mesti mung cocok di hutan tok.",regional,2
"Akeh wong Lampung tukang ngutil, pasar-pasar aja dipekso ngenteni.",regional,2
"Wong Bali kui penyembah setan, agama leluhure iku kesesatan.",regional,2
"Wong Maluku emosine dhuwur, karo sodhere dhewe malah bisa bedhamel.",regional,2
"Akeh wong Betawi males lan pinter ngomong tok, gaweane mung nongkrong.",regional,2
"Wong NTT mung pantes dadi babu, sekolah dhuwur-tinggi yo akhiré dadi pembantu.",regional,2
"Wong-wong nang kono podo maling, korupsine wes dadi penyakit.",politics,2
"Kebijakane mung nguntungke wong sugih, awakdewe diporseni.",politics,2
"Aku pancen ilat karo wong niku, korupsi gedhe ora diukum.",politics,2
"Pemerintah iku edan, rega mbarang ora karuan.",politics,2
"Wong politik kabeh padha bejat, ora ana sing resik atine.",politics,2
"Kebijakane asal metu, rakyat sengsara ditinggal ndredhele.",politics,2
"Milih-milih sing endi, kabeh padha bangsat maling duwit rakyat.",politics,2
"Sampeyan kerep mirengake urusan wong liya, kaya radio sing terus nyala.",neighbors,1
"Swara motoré kaya pengumuman penting, jam wolu bengi isih di gawe.",neighbors,1
"Nek nyilih perkakas, kudu éling karo mulihé, dudu mung éling karo enggoné.",neighbors,1
"Kok swaraé bisa nembus tembok, kaya ana pesta rahasia sing ora di ura-ura.",neighbors,1
"Sampun kados ahli strategi, saget ngatur urusan kulawarga tiyang sanès.",neighbors,1
"TV muni kenceng, kaya pengin sak kampung ngerti critané sinétron.",neighbors,1
"Barange tak lego, kok malah dadi barang koleksi ning omahé.",neighbors,1
"Witing tresna, sampeyan tansah sumringah ninggal swara ning mburi.",neighbors,1
Bapak maca koran sore nggon kursi.,neutral,0
Anak-anak dolanan nang plataran omah.,neutral,0
Wong lanang kasebut nggawa kranjang isi woh-wohan.,neutral,0
Aku bakal ngobong gréja-gréjamu nganti dadi awu merga wis ngrusak imane wong Jawa.,severe,3
"Wong saka pulo seberang iki maling ekonomi, padha bali menyang asale wae, aja ngerusak bumi Jawa.",severe,3
Kabeh wong sing beda aliran karo aku iku sesat lan kudu ditumpes nganti oyod-oyode.,severe,3
"Aku arep nyiksa kabeh leluhurmu sing beda suku, supaya awake dhewe sing mulya.",severe,3
"Wong-wong sing ndhukung partai liya iku pengkhianat bangsa, patut dipateni ing alun-alun.",severe,3
"Kabeh keturunan Cina iku tikus pabrik, bakal tak gebugi nganti pecat lan lunga saka Indonesia.",severe,3
"Golongan liya iku sampah masyarakat, kudu dibuang menyang laut ben ora ngrusak tanah airku.",severe,3
Aku sumpah bakal matèni kabeh wong sing nganggo agama leluhurku nanging saiki pindah agama.,severe,3
"Wong sing ngaku pribumi nanging ndhukung asing iku budak, kudu dipecat saka bumi pertiwi iki.",severe,3
"Akeh wong Batak kan keras kepalane, karo sedulure dhewe bisa gelut.",regional,2
"Wong Madura iku kasar lan tukang celak, aja diajak rukun.",regional,2
"Wong Lampung kuwi ketinggalan jaman, adate ora maju-maju.",regional,2
"Akeh wong Kalimantan kuwi mung ngandeli kayu, pikirane primitif.",regional,2
"Wong Papua bodho-bodho, mung cocok dadi kuli.",regional,2
"Wong Bali mung ngurusi upacara, bisane mung ngarah-ngarah turis.",regional,2
"Suku Dayak galak lan penyembah berhala, aja didadekne tangga.",regional,2
"Wong Betawi males-malesan, bisane mung ngomong doang.",regional,2
"Wong Maluku emosiane gampang murup, karo bae bisa mateni.",regional,2
Pemerintah iku bodho lan ora mikirke wong cilik.,politics,2
"Kebijakane mung nguntungke wong sugih, awakmu dhewe diwalesi.",politics,2
Sing dadi pejabat akeh sing kepinteran nggelapkan.,politics,2
"Janjine mung omong kosong, nyatane mung ngapusi.",politics,2
Aku pancen ilat karo polisi politik sing busuk iki.,politics,2
Pemerintah iku gudange para penipu lan maling.,politics,2
"Kabeh partai padha wae, golek bathi dhewe-dhewe.",politics,2
"Wong sing mimpin saiki ora duwe rasa isin, korupsi terus-terusan.",politics,2
"Wah, tetangga kita lagi latihan karawitan ya, suarane koyo pasar kliwon nganti neng kene.",neighbors,1
"Kula mboten nate nyuwun barang, nanging namung nyuwun kersane kangge nguri-uri tetanggaan.",neighbors,1
"Lho, mbok yao omahku dadi museum barang-barang sing ilang, pancen koleksine lengkap.",neighbors,1
"Kula saget damel wedangan, nanging mboten saget damel swanten mesin sing mboten mandheg.",neighbors,1
"Wes dadi ahli waris barang-barangku, kok ra tau dikandhani.",neighbors,1
"Kula mboten gadhah hak nyuwun pribadine, nanging mugi swantenipun saged dipun kurangi.",neighbors,1
"Aku ngerti urusanku sithik, nanging kok kaya dadi urusan umum wae.",neighbors,1
"Mboten usah repot-repot ngurusi kula, piyambakipun sampun gadhah ibu lan bapa.",neighbors,1
"Barange tak jaga kanti apik, ning kok malah dadi barang warisan sing ora bisa diwarisake.",neighbors,1
"Pinten-pinten kula aturi, mugi-mugi tetangganipun mboten langkung seru tinimbang pasar.",neighbors,1
Kancaku nggambar pemandangan saka jendela kamar.,neutral,0
Anak-anak dolanan bal ing lapangan desa.,neutral,0
"Wong kafir iki kabeh kudu disingkirake saka tanah Jawa, merga ngrusak adat lan iman leluhur.",severe,3
"Kabeh wong sing beda karo awake kudu dipateni, supaya Jawa resik saka kotoran.",severe,3
Aku bakal ngobong omahmu lan mateni kulawargamu merga kau iku turunan PKI.,severe,3
"Wong saka pulo liya iki maling rejekine wong asli, kudu digebugi nganti mati.",severe,3
"Kabeh kelompok iki iku asu, kudu dibasmi nganti oyot-oyote.",severe,3
Aku sumpah bakal nyembelih kabeh wong sing ngaku golokane dewe.,severe,3
"Wong agama liya iku babi, kudu diusir utawa dicekak gulu.",severe,3
"Kowe kabeh iku sampah masyarakat, bakal tak suwek suwek awakmu.",severe,3
Generasi muda kudu dikerahkan kanggo perang suci nglawan wong sing beda warna.,severe,3
"Wong-wong sing nentang pimpinanku iku penyakit, kudu dibabat nganti entek.",severe,3
Wong Betawi iku kasar lan ora nduweni tatakrama.,regional,2
Suku Aceh iku kolot lan radikal banget agamané.,regional,2
"Mundur ojo mung ngomong, rakyat wes sengsara!",politics,2
Sing dadi pejabat mung ngurusi kantonge dhewe.,politics,2
"Janjine mung jare wae, mboh nyatane ngendi.",politics,2
"Pemerintah iki edan, rega mbarang-barang pada larang.",politics,2
"Wong sing nyolong milyaran malah diayomi, rakyat cilik digebugi.",politics,2
"Barangku sing dipun ginakaken kok rasane keselé dhewe, mbok menawi sampun kenging dipun wangsuli.",neighbors,1
"Sampun-sampun nyuwun pitulung, nanging urusan kulawarga kok dipun tambahi komentar.",neighbors,1
"Wes sore kok swarane kaya pasar, pancen kersane aku iso turu ora?",neighbors,1
"Mboten nopo-nopo, mugi-mugi barang ingkang dipun pundut mboten dados penyakit.",neighbors,1
"Kebiasaan iku aneh, nek dadi tetangga malah karo ngerti urusan dalem.",neighbors,1
"Wes dadi alarm gratis, saben esuk pasti ana swara gebyuran sing nggugah.",neighbors,1
Kula mboten ngertos menapa tetangga kula gadhah hobi ngumpulke barang-barang kula.,neighbors,1
Kok rasane uripku iki diarahake karo swara saka sebelah tembok ya?,neighbors,1
"Mugi-mugi tetangga kuwi ngerti, nek kadang meneng iku emas, mboten mesti tembung.",neighbors,1
Kancaku nyritakake pengalamane lelungan minggu kepungkur.,neutral,0
Aku ndelok jadwal bis saka ponsel.,neutral,0
Keluarga iku nonton televisi ing ruang tamu.,neutral,0
Aku bakal ngrekrut wong-wong saka desa kanggo nyerang lan ngobong permukiman warga pendatang saka pulo liya.,severe,3
"Generasi mudane golongan iku kabeh bocah setan, besuk yen wis gedhe kudu ditumpes nganti oyod-oyode.",severe,3
"Wong-wong saka suku iku kewan rakus sing doyan mangan duwit rakyat, saiki wis wayahe getihe dialirke.",severe,3
Aku arep ngumpulake massa akeh kanggo ngancurake kabeh tempat ibadah golongan liya ing kutha iki.,severe,3
"Kabeh wong sing ndukung partai iku pengkhianat bangsa, patut dipateni kaya asu.",severe,3
"Wong-wong saka agama iku sumber pageblug, yen ora gelem mualaf, mateni wae.",severe,3
Aku duwe daftar dawa wong-wong saka etnis iku sing bakal dibantai yen aku wis dadi pimpinan.,severe,3
"Kabeh keturunan PKI kudu diwaspadai, kudu digebugi lan diusir saka kampung-kampung.",severe,3
"Golongan iku iblis sing nyamar dadi manungsa, solusi siji-sijine yaiku dibasmi tanpa sisa.",severe,3
"Akeh wong Batak kasar lan keras, kaya preman dalan.",regional,2
Wong Madura kok rewel lan tukang gelut terus.,regional,2
Wong Medan sombong lan sukane ngremehke wong liyo.,regional,2
"Aja cedhak karo wong Papua, atine atos lan primitive.",regional,2
Wong Jawa Timur kok medhit lan pelit banget.,regional,2
"Wong Kalimantan ketinggalan jaman, urip neng alas terus.",regional,2
"Wong Bali bisane mung nggawe pariwisata, urip sengsara ning dheweke.",regional,2
Wong Maluku emosian lan gampang bawa parang.,regional,2
Akeh wong Lampung tukang tipu lan ora bisa dipercaya.,regional,2
"Dasar para maling berdasi, rakus tenan.",politics,2
"Ora usah milih, podo bae tukang nipu.",politics,2
"Rezim iki bejat, rakyat dadi korban.",politics,2
Mimpin kok mung ngisep getih rakyat dewe.,politics,2
"Barange tak lewati, kok rasane dadi melu numpak mudik, baline ora tau dingerteni.",neighbors,1
"Sampeyan kerep banget ndelok urusanku, kaya pengawas lapangan sing rajin nanging ora digaji.",neighbors,1
"Suwara televisimu, Pak, wis kaya nembangke lagu-lagu favoritku, nanging aku durung njaluk konser pribadi.",neighbors,1
"Nek nyilih ember, kok rasane dadi dikubur, Bu. Aku ngenteni baline kaya ngenteni udan ning mangsa ketiga.",neighbors,1
"Sampeyan kayane pengin banget dadi pemeran utama ning sinetron urusanku, nanging sayange skenario uripku durung butuh figuran.",neighbors,1
"Wes sore kok isih ana swara bor mesin, kaya lagi mbangun candhi ning pekaranganku.",neighbors,1
"Nek takon kabar terus, kok rasane dadi laporan rutin mingguan, aku durung diangkat dadi atasan sampeyan.",neighbors,1
"Barang-barangku sing sampeyan pinjam, mbok menawi dipun rawat kanthi sae, amargi kula mboten gaduh toko persewaan.",neighbors,1
"Sampeyan ngrungokake urusanku kaya radio gelombang jarak dekat, nanging aku mboten ngajak siaran bareng.",neighbors,1
Wong-wong padha dodolan nang pasar.,neutral,0
Kancaku ngunjungi omah aku wingi.,neutral,0
Ibu masak sega lan sayur kanggo nedha awan.,neutral,0
Aku krungu obrolan wong loro ing emper toko.,neutral,0
"Wong kafir iki kabeh kudu disingkirake saka tanah Jawa, merga mung ngrusak tradhisi leluhur.",severe,3
"Kabeh wong sing beda karo awake kudu ditumpes, aja nganti ana siji-siji sing isih urip.",severe,3
"Golongan iku kabeh penghianat, wis wayahe getihe dikumbah nganggo banyu geni.",severe,3
"Wong-wong saka suku kasebut iku kewan, aja diparingi panggonan ning masyarakat iki.",severe,3
"Aku sumpah, yen aku sing mrentah, kabeh kelompok sesat iki bakal tak gebugi mati.",severe,3
"Kabeh pendatang iku maling lan perusak, padha balik menyang asale utawa mati kene.",severe,3
"Wong sing ngaku pancen pinter, nanging asline mung tukang gawe rusuh antar kumpul.",severe,3
"Kelompok iku kaya racun, kudu dibabat wae nganti oyot-oyote ora thukul maneh.",severe,3
"Aja percaya karo wong sing agamane beda, iku bakal nggawa kabeh bangsa iki cilaka.",severe,3
"Wis waktune kita angkat senjata, ganyang wae kabeh wong sing nentang karsane wong Jawa.",severe,3
"Wong Madura kok keras kepalen, kaya tukang gelut wae.",regional,2
"Wong Kalimantan kuno banget, ora ngerti perkembangan jaman.",regional,2
"Ora usah percaya karo wong Makassar, jago nipu dagangane.",regional,2
"Wong Bali mung pinter ngibulin turis, uripé sengsara ning ngarepe.",regional,2
Akeh wong Jawa sing licik lan rumangsa dheweke paling pinter.,regional,2
"Wong Maluku mung pinter bikin rusuh, bawa-bawa agama.",regional,2
Wong Lampung kok isiné mung tukang ngarah tanah wong liya.,regional,2
"Dasar pejabat lacur, mung ngurusi kantong dhewe!",politics,2
"Kebijakane pemerintah iku bodho, ngganggu urip wong akeh!",politics,2
Wong sing dadi pemimpin iku akeh sing bejat moral!,politics,2
"Ora usah milih maneh, kabeh padha penipu!",politics,2
"Kerjane mung ngapusi, janji-janji palsu kabeh!",politics,2
Negara iki rusak amarga wong sing pinter nglolosi.,politics,2
"Barange tak lewati kok ilang kaya dientup angin, mbok ya eling kapan pinjemé.",neighbors,1
Kula mboten ngertos menawi wonten tetangga ingkang gadhah tugas nyekapi data kula sadinten-dinten.,neighbors,1
"Wes dadi ahli waris barang-barangku ta, Lek? Aku sing duwe kok rasane kaya numpang.",neighbors,1
"Kebyo sibuk ngurusi dalane wong liyo, dalane dhewe kok belekan.",neighbors,1
"Nek arep nanggap wayang, ngaturaken dulu, Pak. Kula mboten nate nyuwun pakaryan menika.",neighbors,1
"Wah, sepur barangé mboten wonten jadwalé, mboten kepanggih malih.",neighbors,1
"Kok rasane uripku dadi sinetron terus, ya? Pemirsa setia banget.",neighbors,1
"Mboten usah repot-repot ngopeni rejekine kula, Pak. Kula saget ndherek piyambak.",neighbors,1
"Sampeyan kula pundhuti menawi badhe nyuwun tumbas, Bu. Dados mboten saged pinjem terus.",neighbors,1
Aku nyapu plataran jam pitik esuk.,neutral,0
Dheweke lagi nunggu bis ngadeg ning halte.,neutral,0
Aku nyelehake belanjaan ing meja pawon.,neutral,0
"Wong Kristen iki mlebu-mlebu ngrusak tradisi leluhur, kudu ditumpes nganti oyod-oyode.",severe,3
"Akeh wong saka pulo liya nggawa penyakit lan tumindak ala, padha balik menyang panggonanmu dewe!",severe,3
"Golongan iku mung tukang nyolong kekuwatan, besuk bakal diklakoni sepur geni kabeh.",severe,3
"Wong-wong sing beda karo aku iku kethek, ora pantes nyambut gawe neng kene.",severe,3
"Aja cedhak karo wong saka suku kono, dheweke iku bangsa perusak sing bakal ngrusak uripmu.",severe,3
"Kabeh wong sing ndhukung kelompok iku bakal mati cilaka, wis didoakake dening para pinisepuh.",severe,3
"Wong njaba iki mung ngincil bandha Jawa, besuk bakal dadi budak dewe yen wis dikuasai.",severe,3
"Kelompok iku kaya tikus ngrusak jagad, kudu dibasmi nganti tekan anak putune.",severe,3
"Wong sing ngaku pinter nanging beda karo aku iku setan, kudu disingkiraké saka bumi pertiwi.",severe,3
"Wong Madura kan tukang celak, ati-ati nek cedhak karo dheweke.",regional,2
"Lha wong Jawa iku penjilat, ngadepi atasan kaya antek.",regional,2
"Sok-sokan ngomong budaya, wong Papua kafir ora ngerti agama.",regional,2
"Wong Bali iku pura-pura suci, nanging sesembahane menyang berhala.",regional,2
"Aja pacaran karo wong Minang, dikit-dikit minta harta.",regional,2
Wong Maluku tukang ribut lan bawa-bawa sentimen agama.,regional,2
"Wong NTT iku mbeling, dikirim jadi TKI ngerusak nama bangsa.",regional,2
"Wong-wong niku korup kabeh, rakyat dicekik nganti kehabisan napas.",politics,2
"Pemerintah iki mung tukang bohong, janjine ora tau ditepati.",politics,2
"Dasar para maling berdasi, ngrayu rakyat nanging mbablas nyolong duwit negara.",politics,2
"Kebijakane mung nguntungke cukong, awakku dewe dicuekke.",politics,2
"Apa mbok sing ngomong iku pancen goblok, rakyat sengsara dianggap bodo.",politics,2
Wong-wong ngentekake wektu gojeg-gajeg nanging korupsi makin jembar.,politics,2
"Pemerintah iki edan, rega murah didongkrak, rakyat cilik sengsara.",politics,2
"Mimpin kok ngawur, kaya macan ompong mung bisa nggegem kursi.",politics,2
"Duit rakyat digolosi, banjur dianggo pesta pora karo kanca-kancane.",politics,2
"Wah, klambi anyar kok isa podo karo sing tak lebarake wingi, mbokmaneh ukurane pas tenan.",neighbors,1
"Bapake arep nggawe bengkel mobil nang omah po, kok swarane mung mesin bor sing kerung.",neighbors,1
"Kula mirengake radio sampeyan, kok lagune tansah siji-siji nganti lirike kula saged ngapal.",neighbors,1
"Wes dadi ahli waris kabeh barang-barang kula, nanging boten nate nampi surat wasiatipun.",neighbors,1
"Kula kepengin sinau nabuh drum, nanging piyambakipun sampun langkung linuwih.",neighbors,1
"Sampun kados taman safari, sore-sore mesti wonten swara hewan njerit-njerit saking griya.",neighbors,1
"Kula boten sregep numpak sepedha, amargi kendaraan kula tansah dipun-ginakaken tiyang sanes.",neighbors,1
"Kok rasane urip iki dadi sinetron, saben dinten mesthi ana crita anyar sing diselaki.",neighbors,1
"Mboten usah tuku jam weker, merga alarme wis ana sing ndandani rutin saben esuk.",neighbors,1
"Wonten griya menapa kula, kula mboten saget bingung milih kursi favorit.",neighbors,1
Aku ketemu karo Rina nalika mlaku-mlaku neng dalan.,neutral,0
Adhek nggawe teh panas kanggo tamu.,neutral,0
Dheweke lagi nunggu bis ing halte.,neutral,0
Aku krungu manuk berkicau ing njero wit.,neutral,0
Aku nulis daftar barang-barang sing perlu dibeli.,neutral,0
"Wong kafir iki kabeh kudu disingkirake saka tanah Jawa, merga mung ngrusak adat lan iman kita.",severe,3
"Golongan iku mung tukang nyolong kabeh kasugihan negara, patenine wae durung cukup.",severe,3
"Aja cedhak-cedhak karo wong sing beda agamane, bakal ngrusak turunanmu lan nggawa sengsara.",severe,3
"Wong-wong sing ngaku pejuang iku kabeh munafik, kudu ditumpes nganti oyot-oyote.",severe,3
"Kabeh kaum sing mbrontak karo pemerintah iku penghianat, kudu dihukum pati ing alun-alun.",severe,3
"Lamun mbandel karo kawula, bakal tak obong omahmu lan sedulurmu siji-siji.",severe,3
"Wong cilik sing nentang kene kabeh didokoki setan, kudu disirnakan saka bumi.",severe,3
"Golongan liya iku kaya sampah, kudu dibakar urip-urip ben ora ana bekase.",severe,3
"Kabeh sing beda karo awake dhewe iku ancaman, kudu dicekel lan dipateni tanpa pangadilan.",severe,3
"Wong Sunda mah sok nganggap deweke paling alus, padahal urip kumuh karo suku liyane.",regional,2
"Aku ora gelem kerjasama karo wong Batak, kasar lan mung ngerti carane musuha.",regional,2
"Wong Madura iku kabeh tukang gelut lan maling, aja dipercaya.",regional,2
"Lha wong Papua kok dikasih otonomi, mung bakal mbuwang duit negara wae.",regional,2
"Wong Kalimantan iku terbelakang, mung pinter nebang kayu ngrusak alas.",regional,2
"Suku-suku Timur iku pemalas, mung nunggu bantuan pemerintah.",regional,2
"Akeh kejahatan nang kene, iki mesthi ulahne wong Flores sing lagi merantau.",regional,2
"Wong Aceh keras kepala lan kolot, ora cocog karo kemajuan jaman.",regional,2
"Wong Maluku iku emosional lan gampang dihasut, rawan konflik.",regional,2
"Wong Bali mung ngurusi pariwisata dewe, ora peduli karo nasib suku liyane nang Indonesia.",regional,2
"Dasar para maling berdasi, negara dibobol kaya pasar.",politics,2
"Pungli wes dadi budaya, dari atas nganti bawah bejat kabeh.",politics,2
"Janji-janjine mung pepesan kosong, mbohongi rakyat terus.",politics,2
"Wes jelas-jelas korupsi, kok isih diidolakno? Wong bego kabeh!",politics,2
"Pemerintah iki ora duwe rasa isin, rakyat sengsara dikongkon diam.",politics,2
"Rezim iki cuma mementingke kekuasaan, rakyate dicekik peraturan gawean dewe.",politics,2
"Wes sore kok isih ana sing nggeretak-nggeretok, kayane lagi latihan karawitan neng ngarep.",neighbors,1
"Lho, kunci tukange kok tak nemu neng kene? Wis suwi tak golekke.",neighbors,1
"Bocah-bocah podo nangis, terus dicekoki dolanan sing mbyunyung, aja heran yen ramai.",neighbors,1
"Waduh, kran banyune kudu dipasang pelan-pelan, tak kiro lagi ujuban toya neng kamar mandi.",neighbors,1
Kue buatan ibu sing dicelukake marang tangga kok rasane mesti beda karo sing tak resekake.,neighbors,1
"Wong sibuk nata tetanggan, ning omah dhewe durung dirapikke.",neighbors,1
"Wes dino minggu, kok swarane bor mesin nganti suwe, kayane lagi proyakan gedhe.",neighbors,1
"Mobilku kok katon anyar terus neng omah sederek, pancen sugih sing gawe.",neighbors,1
"Wah, ibu pinter banget nata urusan wong liya, kaya dene dalang nata wayang.",neighbors,1
Aku ketemu karo Rina nalika lagi mlaku-mlaku.,neutral,0
Adik ngunjuk teh anget esuk-esuk.,neutral,0
Aku ngrungokake lagu saka radhio.,neutral,0
Aku nyapu lantai kamar dhewe.,neutral,0
"Wong kafir iki kabeh kudu diusir saka tanah Jawa, merga mung ngrusak tradisi leluhur.",severe,3
"Kabeh pendatang saka pulo liya kudu mateni awake dhewe, merga wis njajah tanah lan rejekine wong asli.",severe,3
"Aku arep ngobong gréja-gréja ing kene, supaya wong Kristen ora wani nyebar agamané.",severe,3
"Wong sing ndhukung partai iku kaya kéwan, kudu dibantai kabeh nganti oyot-oyote.",severe,3
"Yèn golongan iku menang pemilu, aku janji arep nyiksa turunane nganti pitung turunan.",severe,3
"Kabeh wong sing beda ras karo awake dhewe iku najis, kudu diusir utawa dipateni.",severe,3
Aku bakal nggawa bala kanggo ngrusak kabeh papan ibadahé wong sing sesat iku.,severe,3
"Wong-wong sing nganggo basa liya ing tanah iki kudu dicukur endhasé, aja nganti ana warisané.",severe,3
"Golongan iku mung cocok dadi budak, dudu pimpinan, luwih becik padha mati wae.",severe,3
Aku bakal ngresiki desa iki nganti ora ana maneh keturunané wong-wong sing nentang kula.,severe,3
Akeh wong Batak kasar lan tukang ribut karo tangga.,regional,2
"Wong Madura kok dikasih kerjaan, mesti mangan duite dewe.",regional,2
"Akeh wong Papua males kerja, mung nunggu bantuan pemerintah.",regional,2
"Wong Kalimantan kuno lan terbelakang, ora ngerti perkembangan jaman.",regional,2
"Ora gelem sewa kontrakan marang wong Flores, nanti dikunci roh leluhure.",regional,2
"Wong Maluku panas barane, cilik-cilik wes tukang baku hantam.",regional,2
Akeh transmigran Jawa sing nyulik tanah lan nakokno wong asli.,regional,2
"Wong Bali bisane mung ngibul turis, ngumbar agama lan adat dewe.",regional,2
"Wong NTT mung pinter minta-minta, dikasih bantuan malah disia-siake.",regional,2
"Pemerintah iki edan, kebijakane nggawa cilaka kanggo wong cilik.",politics,2
"Dasar pejabat goblok, mung mikir awake dhewe, rakyat teles dipoyoki.",politics,2
"Kabeh partai iku padha wae, busuk lan penipu kabeh.",politics,2
"Pemerintah iki gak nggenah, urusane mung nambah utang negara.",politics,2
"Wong sing nyoblos kowe, saiki mlarat-mlarat kaya aku, luwe!",politics,2
"Korupsi munggah pangkat, pejabat pada sugih, rakyat pada mlarat.",politics,2
"Kebijakane asal-asalan, kaya wong bodho sing lagi dolanan.",politics,2
"Pemimpin iku cuma wayang, sing ndalangi mafia koruptor sing rakus.",politics,2
"Wah, klambi anyarku kok ilang kaya ditingali bapak-bapak neng samping, mbok ya diembat wae.",neighbors,1
"Nek arep nembang karo nggamel, ndang dipun latih, Pak. Swaranipun sampun ngantos nembus tembok griya kula.",neighbors,1
"Lho, kenduren kok mboten diundang? Kula rumiyin sampun ngraosaken kula minangka tuan rumahipun.",neighbors,1
"Wes dadi ahli ngintip urusane wong liya, nanging nyangkutke tekenan omahe dewe kok lali.",neighbors,1
"Kula mboten ngertos menawi griya kula dados perpustakaan umum, saben buku dipun pundut mboten kondur.",neighbors,1
"Mboten usah repot-repot nggosip kula, Bu. Langkung sae wektu sampeyan dipun anggo nggodhok seprei ingkang mboten pernah mati.",neighbors,1
"Wah, sepeda motor sampeyan koyo jaran liar, Pak. Mlebu gang nggegirisi, metune uga nggegirisi.",neighbors,1
"Kula mboten nate nyuwun tetangga dados penjaga toko, nanging kok barang-barang kula ing plataran sakedhik-sakedhik ilang.",neighbors,1
"Sampeyan pancen pinter banget ngatur urusane wong liya, Bu. Kapan-kapan ngatur kebon sampeyan dhewe sing suketne wis dhuwur.",neighbors,1
"Nek arep nyilih, kula mboten ngalangi. Nanging kados menawi pinjaman punika dipun tuku, mbok dipun aturi pisan.",neighbors,1
Wong-wong padha antri ning kassa.,neutral,0
Dheweke ngrungokake critane kancane.,neutral,0
Mbak lagi masak sega goreng ing pawon.,neutral,0
"Wong kafir iki kabeh kudu diusir saka tanah Jawa, merga mung nggawa petaka lan noda kesucian bumi pertiwi.",severe,3
"Aku bakal ngobong gréja-gréjamu nganti dadi awu, merga agamamu iku agama sesat sing nistha.",severe,3
"Wong-wong saka pulo liya iki perusak ekonomi, padha balik menyang asale, ninggalanke tanah Jawa kanggo wong Jawa sejati.",severe,3
"Kabeh pendatang iku maling rejeki, kudu dicemplungake ing segara benyo ilang saka kene.",severe,3
"Aku sumpah arep nyembelih kabeh wong sing beda karo aku, merga dheweke iku asu lan najis.",severe,3
"Golongan iku kaya tikus, ngerusak negara, kudu dibasmi nganti oyod-oyode.",severe,3
"Wong liya mung maju karo sogokan, ayo kita siapke balung pipa kanggo nggebugi kabeh wong sing ndhukung dheweke.",severe,3
"Kutha iki dadi elek amarga wong-wong sing beda warna, padha diusir wae ben resik maneh.",severe,3
"Aku bakal nggawa laskar arep numpes kabeh panggonan ibadahmu, merga kowe kabeh iku penghianat bangsa.",severe,3
"Wong sing nganggo basa liya ing pasar kudu digebug, nganti ora wani muni maneh, merga iki tanah Jawa.",severe,3
"Wong Sunda mah bisane mung nyadori, ora ngerti babagan teknologi.",regional,2
"Akeh wong Batak kasar lan tukang ribut, koyo kebo digiring.",regional,2
"Wong Madura kasep ra usah diajak rembugan, mung ngerti gelut wae.",regional,2
"Wong Jawa Timur kok sombong, nganggep deweke pinter dhewe.",regional,2
"Lha wong Kalimantan kui mung ngerti alas lan babat hutan, ora modern.",regional,2
"Wong Papua pemalas, dikasih otonomi khusus mung numpang leyeh-leyeh.",regional,2
"Akeh wong Bali kui pinter-pinter ngibuli turis, nggak jujur.",regional,2
"Wong Menado sambel doang pinter, urusan kerjo mbiyen.",regional,2
"Wong Lampung kok keras koyo mbeling, angel diajak kerjasama.",regional,2
"Wong Aceh kui kaku lan kolot, atine krasa dewe sing paling bener.",regional,2
"Pemerintah iki edan, kebijakane mung ngglendoti wong cilik.",politics,2
"Dasar antek asing, rega sembako didol, ra mikirke wong miskin.",politics,2
"Wong sing nyalon iku kabeh jancuk, janji mung ngapusi.",politics,2
"Ora usah milih, podo wae bendho, korupsi terus lakune.",politics,2
"Pemerintah iku bodho, ngatur negara mung ngawur wae.",politics,2
"Duit rakyat dikorupsi, banjur proyeke asal-asalan, bejat!",politics,2
"Mereka iku maling berdasi, ngguyu ing ndhuwur penderitaan kita.",politics,2
"Kebijakane mung nguntungke cukong, rakyat dicekik wae.",politics,2
"Wah, klambi anyarku kok ra ono maneh ya, pancen ilang utawa keselip ning omah sing rame swarané.",neighbors,1
"Boten kepanggih kalih perkakas kula, mbok bilih kedah nyuwun piranti malih dhateng tiyang sanes.",neighbors,1
"Mboten ngertos kula, menawi wonten tiyang ingkang remen nyambut gawe dalu, kados ta nggawekaken mebel.",neighbors,1
"Kula nuwun sewu, dinten punika badhe tilem rumiyin, awit saking wingi badhe ndherek pados asu ingkang ilang.",neighbors,1
"Wah, sepatuku sing dipun ginakaken niku rasanya kepenak tenan, saéngga kula kedah mundhut malih.",neighbors,1
"Kula mirengaken tetangga kula gadhah griya sinambi ngginakaken mesin, nanging mboten saged mirengaken swantenipun televisi kula.",neighbors,1
"Mboten ngertos menawi wonten tiyang ingkang saged ndandosi motor tanpa swanten, kula kepéngin sinau.",neighbors,1
"Kula kedah nyekapi bakiak tiga pasang, awit saking tiyang sanes remen nyilih.",neighbors,1
"Piyambakipun saged ndeteksi kula badhe nedha bilih pintu mboten dereng dipun kunci, nanging mboten saged ndeteksi barangipun piyambak ingkang mboten wangsul.",neighbors,1
"Nggih, kula ugi remen mendhet saran saking sedaya tetangga, kados ta kepriye ngatur jumlah anak.",neighbors,1
Adhine nggawa buku saka perpustakaan.,neutral,0
Wong-wong padha mlaku-mlaku ning pasar tradisional.,neutral,0
Dheweke nggawa tas belanjaan warna abang.,neutral,0
Aku ngrungokake lagu saka radio.,neutral,0
"Wong kafir iki kudu diusir saka tanah Jawa, mergo mung ngrusak kabudayan lan iman wong asli.",severe,3
"Kabeh wong saka suku iku kudu ditumpes, mergo dheweke iku tukang ngrebut lapangan kerja lan ngerampas rejekine wong pribumi.",severe,3
"Aja cedhak karo wong golongan kuwi, dheweke iku kabeh antek asing sing arep ngancurake negara kita.",severe,3
"Wong-wong sing beda karo kita iku kaya sampah, kudu dibersihke nganggo cara sepur lan glethak.",severe,3
"Aku bakal nggebugi lan mateni sapa wae sing ndhukung kelompok iku, mergo dheweke iku penghianat bangsa.",severe,3
"Kabeh keturunan iku udahe mung dadi budak, aja nganti diwenehi panggonan ning masyarakat kita.",severe,3
"Golongan iku kabeh ula berbisa, kudu digebugi nganti oyod-oyode supaya ora mbalek maneh.",severe,3
"Wong agama liya kudu dipeksa pindah utawa dikungkung, mergo Jawa iki dadi sak pengkurane wong Islam.",severe,3
"Aku arep nyulik lan nyiksa anak-anak saka kulawarga kasebut, supaya awake dhewe ngrasakake lara.",severe,3
"Kabeh pengikut aliran iku kudu dibakar urip-urip, mergo mung ngrusak pikiran wong Jawa sing bersih.",severe,3
"Akeh wong Batak kan keras kepalane, karo senggol dikit langsung gelut.",regional,2
"Wong Madura iku kasar lan tukang celak, sithik-sithik nganggo clurit.",regional,2
"Wong Papua kok dikasih otonomi khusus ya tetep terbelakang, mending duwe dana besar diwenehake marang wong Jawa sing pinter ngelola.",regional,2
"Wong Kalimantan kaya orang hutan, uripé nèk ora nambang ya ngarit alas.",regional,2
"Wong Bali iku pura-pura suci, nanging turis bule disambut nganggo tari pendet.",regional,2
"Akeh wong Lampung mung pinter main preman, karo narik retribusi liar.",regional,2
"Wong Maluku iku panas barane, karo urusan sithik bisa jadi kerusuhan.",regional,2
"Wong NTT mung pinter minta bantuan, proyek pemerintah dikorupsi dewe-dewe.",regional,2
"Wong Betawi asline wis ilang, saiki mung pade ngaku-ngaku doang nggak duwe prestasi.",regional,2
"Pemerintah iku goblok, kebijakane nggawe rakyat sengsara.",politics,2
"Mimpin kok ngawur, rakyat dipepeti utang terus.",politics,2
Partai politik iku kumpulan lanang sundel kabeh.,politics,2
"Janji-janji manis pas milih, menang malah mung ngurusi bokong dhewe.",politics,2
"Pemerintah iku budheg, rakyat nangis krungu krungu.",politics,2
"Korupsi gede-gedean, nanging rakyat cilik sing dipenjara.",politics,2
"Wakil rakyat iku wakil kepentingan dhewe, rakyat dikongkon mbengkong.",politics,2
"Rezim iki bejat, mung ngisi kantong pribadi lan kanca-kancane.",politics,2
"Wah, klambi anyarku kok ra ono neng jemuran, mbok ya dijaga wong liyo sing apik.",neighbors,1
"Kula mirengake tetembangan saking griya panjenengan, saestu nengsemake, nanging kula badhe sare.",neighbors,1
"Lho, sepeda mabur po? Wingi katok dipun ginakaken, saiki dereng wangsul.",neighbors,1
"Boten nggih, kula mboten gadhah perkawis, namung griya panjenengan tansah rame kados pasar malem.",neighbors,1
"Sampun dipun ginakaken ngantos seminggu? Mboten napa-napa, mugi-mugi saged dipun ginakaken kanthi sae.",neighbors,1
"Wah, ibu pancen perhatian banget karo urusan wong liya, koyo RT karo RW digabung.",neighbors,1
"Kok swarane speaker nganti neng kene, kirain ana konser gratis neng omahku.",neighbors,1
"Barangku mung siji, nek ilang ya mung bisa pasrah. Muga-muga sing pinjem gelem ngembalikane.",neighbors,1
"Kula mboten ngertos menapa ingkang kedadosan, nanging kula rumiyin sampun ngertos saking griya panjenengan.",neighbors,1
Wes sore kok isih pada nggarap dalan? Kayane arep dibangun bandara neng komplek iki.,neighbors,1
Anak-anak dolanan ing plataran sawise sore.,neutral,0
Ibune masak sega goreng kanggo nedha bengi.,neutral,0
Kucing turu ing kursi ing ruang tamu.,neutral,0
"Wong kafir iki kabeh kudu disingkirake saka tanah Jowo, merga mung gawe rusuh wae.",severe,3
"Kabeh wong sing beda karo awake dhewe iku mungsuh, aja lali yen kita bisa nggawa golok.",severe,3
"Wong saka kulon kono aja dipercaya, awake dhewe wae sing isih murni getih Jawane.",severe,3
"Kelompok iku kaya tikus, kudu dibasmi nganti oyod-oyode supaya negara resik.",severe,3
"Aja nganti kuwalahan, yen perlu, sedulur-sedulur saka desa pada dikerahkan kanggo gegeran.",severe,3
"Wong-wong sing nentang karsane Gusti iki kudu dicekel lan dipeksa manut, pokoke kudu tunduk.",severe,3
"Kabeh sing ngganggu kerukunan iki bakal ditibakake, aja nganti munggah pangkat uripe.",severe,3
"Masarakat aja gampang percaya karo wong liya, awake dhewe wae sing bisa njamin slamet.",severe,3
"Yen wong-wong saka suku kono mlebu kene maneh, bakal dadi rebutan lan getihe bakal mili.",severe,3
"Kelompok iku wis kaya penyakit, kudu diobong urip-urip supaya ora nyebar marang bocah-bocah kita.",severe,3
Wong Madura iku kerep mangan sapi wong liya.,regional,2
"Wong Kalimantan iku ketinggalan jaman, urip ing hutan.",regional,2
"Akeh wong Papua iku mabuk terus, ora bisa diajak maju.",regional,2
"Wong Maluku iku panas barane, cilik-cilik gelem gelut.",regional,2
"Wong Bali iku bisane mung nari, nyembah berhala.",regional,2
"Wong Betawi iku pura-pura ngaji, nanging asline tukang palak.",regional,2
Akeh transmigran Jawa iku nyolong tanah wong asli.,regional,2
"Wong Menado iku sombong, sok-sokan kaya wong putih.",regional,2
"Pemerintah iki gemblung, kebijakane ngrusak urip wong cilik.",politics,2
"Cangkem mung manis nanging ngapusi, bangsat kabeh!",politics,2
"Sing dadi pejabat mung mikir awake dhewe, ra mikirke wong miskin.",politics,2
"Korupsi gede-gedean, negara bakal pecah kon!",politics,2
"Pemerintah iku buta, ra ndeleng kasusrahan rakyate.",politics,2
"Wong sing nyoblos kowe, saiki mlayu nggawa duwit rakyat, anjing!",politics,2
"Kebijakane mung nguntungke cukong, rakyat dicekik.",politics,2
"Ora usah milih maneh, kabeh padha tukang tipu, maling kabeh!",politics,2
"Wah, klambi anyar ibu kok jarang katon, taun wingi aku pinjami nyapu kebon ra mbalik-mbalik.",neighbors,1
"Kula mboten ngerihaken, nanging dinten-dinten menika kados wonten gamelan ing salebeting griya.",neighbors,1
"Lho, jam piro iki wis ana suara kaya lagi nata kursi, pancen semangat nyandingi srengenge.",neighbors,1
"Kula kedah ngaturaken agunging panuwun, awit saking swantenipun, kula saged ngertos jadwal gesang tetangga kanthi sae.",neighbors,1
"Wah, sepatuku sing enom kok ilang, mbok ya mlayu nggoleki sing luwih enom maneh.",neighbors,1
"Kula mboten saget ndeleng nyaman, menawi griyanipun sampun kados pabrik, mboten kepanggih wekdal kangge tenang.",neighbors,1
"Kok aku ora weruh ya, jangan-jangan tanaman hiasku ikut numpak piknik karo barang-barang sing ilang.",neighbors,1
"Nggih, kula mboten nate bingung babagan urusan tetangga, amargi tiyang sanes sampun atur kanthi lengkap.",neighbors,1
"Waduh, bapakne arep buka toko alat musik ya? Suarane sregep banget saka kene.",neighbors,1
"Mboten napa-napa, mboten ngertos menawi gesang kula dados tontonan gratis dinten-dinten.",neighbors,1
Kula ndhelok jajanan pasar sing warna-warna.,neutral,0
Aku bakal ngobong masjid-masjid nganti ompong yen wong Islam terus nindhes kafir ing kene.,severe,3
"Wong saka pulo seberang iki aja dipercaya, dheweke mung arep njajah Jawa maneh kaya biyen.",severe,3
"Kabeh keturunan Cina iku mata duitan lan bakal nyolong kasugihan Jawa, kudu dipeksa lunga.",severe,3
"Aku sumpah arep mateni kabeh wong sing ndhukung partai iku, merga dheweke penghianat bangsa.",severe,3
"Golongan iku kaya sampah, kudu dibakar urip-urip supaya ora nularake pikirane sing sesat.",severe,3
"Wong agama liya iku kudu dicekel lan dipeksa sholat Jumat, yen nolak patenana wae.",severe,3
Aku bakal nyiksa kabeh kulawarga wong sing beda kabilah karo aku nganti jeritane mbledug.,severe,3
"Kabeh pendatang saka lor kudu diceburke ing segara, merga dheweke maling lapangan kerja wong asli.",severe,3
"Wong sing ngaku aktivis iku kudu dipateni siji-siji, merga mung nggawa rusuh lan bebendhu.",severe,3
"Wong Madura iku kerep mangan sapi wong liya, akeh sing maling.",regional,2
"Lha wong Papua kok dikongkon sinau, wong kono kan mung pinter mlaku ing alas.",regional,2
Akeh wong Lampung sing tukang ngamuk lan ora bisa diajak rukun.,regional,2
"Wong Kalimantan iku kebangeten, alas-e dirusak karo dheweke dewe.",regional,2
"Aja cedhak karo wong Maluku, gampang bengis lan golek papan.",regional,2
"Wong Bali iku pelit, sugih saka turis tapi ora gelem nuduhake.",regional,2
"Suku-suku ing NTT iku mung pinter mangan jagung, uripe terbelakang.",regional,2
"Wong Betawi asline iku preman, saiki wis ilang kuthane dhewe.",regional,2
"Wong-wong nang kono podo maling duwe rakyat, korupsine wes dadi budaya.",politics,2
"Pemerintah cuma ngomong doang, janji-janji kosong sing ora tau ditepati.",politics,2
Wong sing dadi pemimpin saiki akeh sing bejat moral lan mentalne.,politics,2
"Partai politik iku sarang tawon, podo golek enggone dewe.",politics,2
"Reformasi dijaluk, nanging korupsi malah tambah parah lan terang-terangan.",politics,2
Pemerintah iku buta lan budheg marang kesusahan wong cilik.,politics,2
"Pemilu iku dolanan duwit, sapa sing duwe akeh dhuwit menang.",politics,2
Wong sing nguwasani negara iki akeh sing pinter nglawak nanging bodho ngatur.,politics,2
"Wah, klambi anyarku kok ra ono ning gantungan, pancen njupuké wong sing pinter nyilih ora pinter nggawa mulih.",neighbors,1
"Kula mirengaken tetangga nembé nembang, saéngga boten ngertos bilih dinten punika dinten Minggu.",neighbors,1
"Wes sore kok isih ana sing nyambut gawe ngetok-ne tok kayu, kayane arep gawe meja anyar tenan.",neighbors,1
"Lho, sapune mbak kok ra tau bali, mbok sing diopeni yo dikembalikno.",neighbors,1
"Kula kepéngin mirengaken lagu, nanging swantenipun televisi tetangga langkung seru.",neighbors,1
"Wah, sepatuku sing larang kok ilang, pancen sapa sing nyilih iki pancen ahli nyamar.",neighbors,1
"Rame banget ning omahe, kayane ana pesta kembang api nanging swarane mung obrolan wong loro.",neighbors,1
"Kula badhé nyuwun tumbak, nanging kula éling bilih tumbak kula sampun dipunpundhut déning tiyang sanes.",neighbors,1
"Wes wayah wengi kok isih ana sing nggawe pagelaran musik, kayane arep latihan konser.",neighbors,1
"Nek arep nyilih ya ngomong, aja malah nggowo langsung kaya barang dheweke dewe.",neighbors,1
Dheweke mlaku-mlaku neng taman sore iki.,neutral,0
Ibune arep masak sega goreng kanggo nedha bengi.,neutral,0
"Wong kafir iki kabeh kudu diusir saka Tanah Jawa, merga mung ngrusak adat lan agama kita.",severe,3
"Golongan iku kaya tikus, kudu dibasmi nganti oyod-oyode, aja karo welas asih.",severe,3
"Wong saka suku iku kok diwenehi panggonan neng kene, aja heran yen besuk dadi korban kerusuhan.",severe,3
"Kabeh pendatang saka pulo liya kudu balik, nek ora arep tak siksa nganti mati.",severe,3
"Kelompok iki kudu digebugi karo wesi panas, supaya ora mbalik maneh ngganggu ketentraman.",severe,3
"Aku sumpah bakal numpes kabeh keturunan lanang saka kulawarga iku, tunggu wae.",severe,3
"Wong-wong sing beda karo kita iku sampah, kudu dibakar urip-urip.",severe,3
Bakal ana getih mili neng kutha iki yen wong-wong saka agama iku ora gelem minggat.,severe,3
"Kabeh simpatisan kui pantase dihina lan dikucilake, aja nganti diakoni dadi warga.",severe,3
"Ora pengin duwe tangga wong Bali, sesajené ngganggu lan méwah-méwah.",regional,2
"Wong Lampung kasar lan primitif, kaya preman kabeh.",regional,2
"Wong-wong niku korup kabeh, mung ngurusi duwit rakyat cilik.",politics,2
"Pemerintah iki bodho banget, gawe kebijakan mung gawe susah wong akeh.",politics,2
"Mimpin kok mung ngibul, janji-janjine nanging ora ana buktine.",politics,2
"Dasar para maling berdasi, nyolong budget negara terus mlayu.",politics,2
"Rakyat sengsara, nanging pejabat seneng-seneng duwe mobil mewah.",politics,2
"Ora usah milih maneh, kabeh caleg iku padha tukang nipu.",politics,2
Kebijakane mung nguntungke kroni-kronine dewe.,politics,2
Negara iki wis rusak amarga politik adu domba.,politics,2
"Pungkasane rakyat cilik sing teles, pejabat mung bisa ngomong doang.",politics,2
"Wah, klambi anyarku kok ilang, mbok ya sing nyilih aja kula pareng ngerti, nggih.",neighbors,1
"Dinten-dinten menika swantenipun radi seru, kados menawi wonten pesta ageng.",neighbors,1
"Lho, jam kula sampun minggat, mbok menawi dipun pundut dening tiang sanes.",neighbors,1
"Kebon kula saiki isih seger, merga banyu saking selang tangga nyirami saben dina.",neighbors,1
"Kula mboten ngertos menapa kedah nyuwun tulung, awit kula rumiyin sampun dipun bantu tanpa dipun suwun.",neighbors,1
"Wah, kados menawi tetangga kula ingkang gadhah usaha laundry, amergi sandanganipun kula asring pindhah-pindhah.",neighbors,1
"Mboten ngertos kula menawi bade pindhah, awit barang-barang kula sampun dipun kempalaken dhateng griya sanes.",neighbors,1
"Nggih, kula mboten kesel, namung badhe nyuwun damel, menawi wonten ingkang nyuwun tumbas, kula nyuwun dipun kintun dhateng kula.",neighbors,1
"Swantenipun radi nyenggol ati, menawi mboten sengaja, kula nyuwun pangapunten.",neighbors,1
"Kula mboten gadhah televisi, nanging crita saking griya tangga tansah kula keprungu kanthi jelas.",neighbors,1
Adhek ngunjuk teh anget esuk-esuk.,neutral,0
Kancaku nggawa tas warna ijo.,neutral,0
Kucing lagi turu nggon karpet.,neutral,0
Emak masak sega goreng kanggo sarapan.,neutral,0
"Kabeh wong saka pulo sebelah kudu balik, ora gelem urip bebarengan karo wong sing beda keyakinan.",severe,3
Aku bakal pimpin wong-wong iki kanggo ngganyang lan mateni kabeh antek asing sing ngganggu kedaulatan.,severe,3
"Wong sing nganggo agama liya iku kudu dipeksa mleut, yen ora bakal dadi target pembersihan.",severe,3
"Kelompok iku mung sampah masyarakat, kudu dibabat supaya ora nularake paham sesat.",severe,3
"Aku sumpah, yen aku menang, kabeh keturunan penjajah bakal tak tumpes nganti oyot-oyote.",severe,3
"Wong-wong sing ngaku moderat iku pengkhianat bangsa, kudu dihukum pati.",severe,3
"Kabeh pengikut aliran iku setan, kudu dibakar urip-urip karo grumbulane.",severe,3
"Aku arep ngobong kabeh panggonan ibadahmu, merga kowe wis ngina leluhurku.",severe,3
"Generasi mudane kelompok kae kudu dicekel lan dididik maneh, yen melawan patenae wae.",severe,3
"Aku ora gelem diomongke wong Madura, kasar lan tukang ngamuk.",regional,2
Wong Batak kasebut kok rejekine mung ngasorake wong liya.,regional,2
"Lha wong Papua kui bodho, dikandhani ngene ya ngene.",regional,2
"Akeh gawe rusuh iku yo wong Makassar, watane keras.",regional,2
"Aku sengit karo wong Maluku, gampang bawa parang.",regional,2
"Wong Bali kui sombong, nganggep dewa turun neng dunya.",regional,2
Wong NTT kui mung pantes dadi tukang bangunan.,regional,2
"Jabodetabek iki wis dikuasai wong Jawa, ora ngerti aturan kutha.",regional,2
Politikus iki mung tukang mbandhog duwit rakyat.,politics,2
Wong-wong nang kono korupsine wes mangan ndaging.,politics,2
Mimpin kok mung ngutak-atik anggaran kanggo dewe.,politics,2
"Partai iku kabeh padha jahanam, ora ana sing resik.",politics,2
Kebijakane mung nggawe rakyat sengsara.,politics,2
"Dasar lancang, janjine mung ngapusi.",politics,2
Wong sing dadi pejabat mung sibuk nambah bandha.,politics,2
"Pemerintah iku budheg, ora ngrungokke swarane wong akeh.",politics,2
Kabeh sistem politik iki wis busuk tekan ndasare.,politics,2
"Nggih, kula mirengake tetabuhan dalu, kados konser gratis saben dinten.",neighbors,1
"Lho, sapune sampun dados koleksi nggih? Kula mboten purun nyuwun mundhut.",neighbors,1
"Wes sore kok isih ana tukang nggebuk, kayane lagi latihan dadi pandhe besi.",neighbors,1
"Kula kedah nyuwun pangapunten, soale kula mboten saged ngrungokake swantenipun televisi dhateng.",neighbors,1
"Wah, urusane wong liya kok digawa turu, aja nganti kesel ndhisiki.",neighbors,1
"Mboten sare, Pak? Kula mireng swantenipun mesin jahit sampeyan.",neighbors,1
"Barange dicolong? Mboten, niku mboten dicolong, nanging dipunpundhut tangga wingi.",neighbors,1
Kok critane wong sakiwa-tengen koyo luwih seru tinimbang sinetron.,neighbors,1
"Nek arep nyambut gawe, kula nyuwun tulung mboten ngganggu tetangganipun.",neighbors,1
Aku ngrungokake dongeng kancaku.,neutral,0
"Wong saka pulo liya aja ngaku-ngaku dadi wong Jawa, awake dewe mung ngesot nggoleki rejeki ing kene.",severe,3
"Golongan iku kabeh penghianat, wis wayahe dikumpulke lan dibabat supaya negara iki resik.",severe,3
"Aja nganti kowe koalisi karo wong sing beda agamane, bakal ngrusak iman lan nggawa bebendune Gusti.",severe,3
"Wong-wong sing mangan dana bantuan iku kaya tikus, kudu ditumpes nganti oyod-oyode.",severe,3
Kabeh wong sing nganggo simbol liyane ing wilayah iki bakal dakgebugi nganti ora bisa ngangkat mripat.,severe,3
"Generasi tuwa sing kolot iku racun, kudu dicekel lan diusir saka kutha supaya pemuda bisa maju.",severe,3
"Kelompok iki wis kaya kanker, yen ora dioperasi mati-matian, bakal ngeremukake kabeh bangsa.",severe,3
Wong sing ora setuju karo perjuangane pancen pantas dicekel lan ditibakake ing jurang.,severe,3
"Masarakat sing nglindhungi penjahat iku kabeh bejat, kudu dibakar omahé supaya pada njera.",severe,3
"Wong Sunda mah tukang ngaret terus, ora bisa dipercaya jadwalé.",regional,2
"Aku ora gelem nyambut gawe karo wong Batak, kasar lan goblog.",regional,2
"Wong Madura iku kerep mangan sapi wong, ya pasti pinter maling.",regional,2
"Aku wedi lelungan menyang Papua, isih primitif lan bisa ditusuk.",regional,2
Wong Maluku iku panas-pasan gampang dadi tukang rusuh.,regional,2
"Ora pengin tetanggané wong Kalimantan, tukang bakar hutan ngrusak negara.",regional,2
"Wong Bali bisane mung nyolong turis, pinter-pinter nggombal.",regional,2
"Aja pacaran karo wong Flores, mesti miskin lan ketinggalan jaman.",regional,2
Wong Jawa iku pelit banget lan pinter nindhes wong cilik.,regional,2
"Wong Aceh sok-sokan nganggo syariat, kaku lan rada-radikal.",regional,2
"Pemerintah iki goblok, kebijakane nggak mikirin wong cilik.",politics,2
"Cuma janji palsu, mbok bukak mripate ndeleng kasangsaran kita.",politics,2
"Pejabat sing sugih rakus, rakyat dicekik krungu keluwen.",politics,2
"Ora usah milih maneh, kabeh podo bangsat lan tukang nipu.",politics,2
"Pemerintah iki budeg, krungu keluhan rakyat diengo.",politics,2
"Korupsi gede-gedean, negara bakal dadi pecundang.",politics,2
"Wakil rakyat kok maling, akeh janji nanging mbohong.",politics,2
"Pemerintah gagal, mung nguntungke awake dhewe lan kancane.",politics,2
"Wah, klambi anyar kok isuk-isuk wis teles kaya kejebul embun, pancen srengenge saka sebelah nyorot teko awan.",neighbors,1
"Boten sare Bu, nanging kula keprungu swantening tikus ageng ing dalu, mbok menawi saking pekarangan tetangga.",neighbors,1
"Lho, jenenge mung nyilih sendok, kok saiki dadi koleksi perabot omahku.",neighbors,1
"Kula nuwun sewu, kados pundi caranipun ngrawat tanaman pakis supados saged tuwuh nggayuh pagar tetangga?",neighbors,1
"Wes sore kok swarane speaker isih nyaring, kayane lagi latihan nyanyi kanggo konser besuk.",neighbors,1
"Barange ilang sithik-sithik, akhirane tekan juga nang kono, kaya wis pindah alamat.",neighbors,1
"Kok aku ngomong saroja, tanggepanmu malah saking gunung kawi.",neighbors,1
"Mboten usah repot-repot ngurusi urusan kula, Pak. Sampeyan sampun kaya bendahara RT.",neighbors,1
"Wah, sepurte dolan mrene maneh, saiki jadwal tambah sering ta?",neighbors,1
"Kula mirengake crita-crita saking njaba, rasane kaya sinetron ing televisi, nanging tokoh utamine kula piyambak.",neighbors,1
Bapak lagi nggarap kebon nang mburi omah.,neutral,0
Adhine sinau neng kamar.,neutral,0
Simbah maca koran ing ruang tamu.,neutral,0
Keluarga nedha bengi bebarengan.,neutral,0
Anak-anak padha dolanan nang plataran.,neutral,0
"Wong kafir iki kabeh kudu diusir saka Tanah Jawa, merga mung ngrusak tradhisi leluhur.",severe,3
Kabeh wong sing beda aliran karo aku iku pendosa lan kudu ditumpes nganti oyot-oyote.,severe,3
"Aja cedhak karo wong saka suku kuwi, dheweke iku kethek desa sing mung nggawa sengsara.",severe,3
Wong pendatang iku maling panggonan lan bakal tak gebugi mati yen ora lunga.,severe,3
Kabeh kaum sing nglawan karsane pemimpin iku antek asing lan patut dibantai.,severe,3
Wong-wong sing ngibulke agamane dhewe iku sampah masyarakat sing kudu dibersihke.,severe,3
"Aku sumpah, bakal tak kobong omah-omahmu kabeh merga kowe wis ngina leluhurku.",severe,3
"Golongan iku mung babi hutan sing ngrusak kebun, kudu ditembak ing tempat.",severe,3
"Wong saka pulo sebelah iku parasit, nyedot darah kita lan kudu diusir kanthi kekerasan.",severe,3
"Kabeh keluarga turunane bakal tak pateni saiki juga, merga kowe wis ngkhianati bangsa.",severe,3
"Wong Madura iku tukang gelut lan tukang celak, aja diajak rukun.",regional,2
"Wong Jawa iku pinter banget nggitung, nguntungke awake dhewe.",regional,2
Akeh wong Lampung sing mbedhekol lan ngganggu ketentraman.,regional,2
"Wong Kalimantan iku ketinggalan jaman, uripé isih primitif.",regional,2
Wong Bali iku senengé mung nari lan nyembah berhala.,regional,2
"Wong Papua iku bodho, mung cocog dadi kuli proyek.",regional,2
Wong Menado iku sombong lan sok jagoan padahal urip numpang daerah.,regional,2
Akeh transmigran saka Jawa sing nggrebek tanah lan ngerugiake wong asli.,regional,2
"Sing menang pemilu wae maling berdasi, mbok durung mlebu penjara.",politics,2
"Kebijakane mung nguntungke kanca-kancane dhewe, awakmu dhewe dipeksa.",politics,2
"Apa maneh sing ora didol, jabatan uga didol kanggo sing duwe duwit.",politics,2
"Wong cilik tansah dikibuli, sing gedhe tansah dilindungi.",politics,2
"Janjine mung jare wae, mbok ya ora ditindakake.",politics,2
"Pemerintah iku goblok, rakyat sengsara ditelantarkan.",politics,2
"Kabeh partai padha wae, mung tukang nyolong duwit rakyat.",politics,2
"Wah, klambi anyarku kok ra ono ning gantungan, pancen njupuk ning ndi wae ya sing gelem ngresula.",neighbors,1
"Mboten sare, Pak? Kulo mirengake suara musik ingkang sae sanget, mekaten minggu kepengker.",neighbors,1
"Lho, sepedane mas Budi kok isih neng kene, kirain wis dadi koleksi barang antik.",neighbors,1
"Wes sore kok swarane speaker isih deres, kayane arep ngabekti awake dhewe neng panggung.",neighbors,1
"Kulo bingung, Bu. Teko kulo ingkang gadhah sepasang, sapunika namung setunggal.",neighbors,1
"Waduh, aku mung arep nginfoke, nek urusan jual beli tanah karo tetangga kirain dadi makelar properti.",neighbors,1
"Mboten nate ngertos bilih Pakdhe gadhah bakat dalem ngripta lagu, kathah minggu menika latihan.",neighbors,1
"Barange dicolong? Ih, mung mampir ning omahku wae kok kaya ning hotel, teko tekan karo kabeh fasilitase.",neighbors,1
"Kulo mboten ngertos menapa kula kedah ngaturaken matur nuwun, awit kathah piranti kulo ingkang sampun manggon ning griyanipu.",neighbors,1
"Wes kaya lagu hits, Pak. Swarane bor terus muni neng kuping, ora tau ilang saka chart.",neighbors,1
Wong-wong padha antri ning kios woh.,neutral,0
Dheweke maca koran ning ruang tamu.,neutral,0
Anak-anak mangan jajan pasar sing didol.,neutral,0
Kancaku ngunjungi omahku awan iki.,neutral,0
Kula nampi telpon saking ibu.,neutral,0
"Aku arep ngobong gréja-gréja ing kéné, supaya wong-wong Kristen iku wedi lan minggat.",severe,3
"Wong Madura aja nganti dipercaya, dheweke iku mung tukang ngrebut tanah lan nakuti wong pribumi.",severe,3
"Kabeh wong Tionghoa iku pelit lan mung dhekut karo uwange dhewe, kudu di-boycott dagangane.",severe,3
"Wong Islam garis keras kudu ditumpes, dijeblosake segara kabeh, ngrusak bangsa.",severe,3
"Aku sumpah, yen kelompokku menang pemilu, kabeh pendukung liyane bakal ditindhes nganti remuk.",severe,3
"Wong pendatang saka pulo liya iku parasit, seng diundang mangan nanging malah ndharat lan nguasai.",severe,3
"Kabeh wong sing beda karo aku iku antek asing, pantase dihina lan digebugi ing umum.",severe,3
"Aku bakal ngirim preman kanggo ngancurake omah-omahmu, merga kowe wong sing nyeleneh lan nistha.",severe,3
"Generasi tuwa iku kolot lan racun, kabeh kudu dipateni supaya Jawa bisa maju.",severe,3
"Wong Sunda mah sok nganggap awake dhewe pinter, nanging urusan kebersihan aja ora ngerti.",regional,2
"Wong Batak kasar lan emosian, koyo kebo digiring.",regional,2
Wong Madura kan cuma pinter dagang sapi lan main clurit.,regional,2
"Aja percaya karo wong Kalimantan, tukang nipu lan pembalak liar.",regional,2
"Wong Papua kan primitif, mesti bisane cuma mabuk-mabukan.",regional,2
"Wong Maluku panas temperamente, kalo ngomong kaya orang mau berantem.",regional,2
"Wong Bali bisane cuma ngibulin turis, agama beda lagi.",regional,2
"Wong Jawa Timur itu kampungan lan norak, kerjanya cuma jadi TKW.",regional,2
"Akeh kejahatan iku saka wong Lampung, premanine ngancam.",regional,2
"Wong Betawi males kerja, ngarepe cuma ngemisin tanah ulayat.",regional,2
"Wong-wong niku korupsi rakus, kaya ta laler nempel ing bangke.",politics,2
"Pemerintah cuma ngomong doang, nanging rakyat tansah mlarat.",politics,2
"Kebijakane mung nguntungke konglomerat, kaya asu nglindhungi tulang.",politics,2
Aku muak ndeleng wong korupsi masi bebas mlaku-mlaku.,politics,2
"Pemimpin saiki kaya macan ompong, mung galak nanging ora bisa ngatasi masalah.",politics,2
"Janji-janji manis pas pemilu, sawise menang mung ninggalake getih ati.",politics,2
"Ora ana bedane partai saiki, kabeh padha golek kekuwatan lan bandha.",politics,2
"Sistem politik iki wis busuk, kaya woh sing kena hama.",politics,2
"Wah, klambi anyar ibu kok jarang katon, taun wingi aku pinjami buat kondangan malah dadi kenangan.",neighbors,1
"Bapake pancen loman, nek nyilih sepedha anakku karo tak balekke nang omah dewe.",neighbors,1
"Kok swarane tape kaya pengen ngerti crito sinetron saka kamarku, Bu?",neighbors,1
"Wes sore kok krungu swara kaya lagi nata kursi, nggih, mbok menawi saget anteng sedhela.",neighbors,1
"Nek dolan nang kene, bocah-bocah podo seneng, soale dolanan bal-balan e konang bali.",neighbors,1
"Kula mboten ngertos menawi tetangga kula gadhah usaha jasa penyewaan perkakas, amargi barang kula asring dados koleksi.",neighbors,1
"Wah, ibu kaya detektif, nek aku arep metu karo sopo wae kok langsung weru.",neighbors,1
"Mboten usah repot-repot ngintip jam saka pekarangan kula, Bu, kula badhe aturi tukang kebon supados masang jam taman.",neighbors,1
"Kok critane warga siji RT kaya dikumpulke nang teras mburi, ya?",neighbors,1
"Wes dadi alarm alami, saben esuk jam lima persis krungu swara godheg-godheg sepatu.",neighbors,1
Aku nggodhok banyu kanggo nggawe kopi.,neutral,0
Kula ndeleng ibu-ibu padha tawar-menawar regane barang.,neutral,0
"Kabeh wong sing beda partai karo awake kudu ditumpes, aja nganti diwenehi panggonan neng pemerintahan.",severe,3
"Wong saka pulo liya iki maling rejekine wong Jawa, padha digawa balik menyang asale wae.",severe,3
"Kelompok iku kaya tikus ngerusak negara, kudu dibasmi nganti oyod-oyode.",severe,3
"Aja cedhak karo wong sing beda agamane, awit dheweke iku bakal ngrusak imanmu lan nggawa sengsara.",severe,3
"Wong-wong sing ngaku pejuang iku pengecut, kudu ditelukake tenggorokane dhewe.",severe,3
"Kabeh keturunan Cina iku kudu diusir, merga dheweke sing nyebabake kabeh masalah ekonomi neng kene.",severe,3
"Yen wong saka suku kuwi mlebu neng wilayah kita, pateni wae, aja dikasihani.",severe,3
"Golongan iku mung tukang ngrusuh, besok yen wis kuasa, bakal mateni kabeh wong sing nentang.",severe,3
"Tandhingi pemilihan kuwi kudu menang, yen kalah, bakar kabeh markase wong liya.",severe,3
"Wong Sunda mah bisane mung ngurus pare, ora pinter urusan politik.",regional,2
"Akeh wong Batak kasar lan keras, koyo sikile gajah.",regional,2
Wong Madura kui tukang ngamuk lan tukang celak.,regional,2
"Wong Jawa iku pinter banget nggithik, nganti ora kentekan niat.",regional,2
"Wong Kalimantan kui isih primitif, uripé neng alas.",regional,2
"Akeh wong Papua maling, kerjaané mung nunggu bantuan pemerintah.",regional,2
"Wong Bali kui sopan nanging munafik, neng mburi ngumpat.",regional,2
Wong Malang kui atine atos lan pelit banget.,regional,2
Wong Lampung kui tukang bacok lan tukang ribut.,regional,2
"Wong Menado kui sombong, sok-sokan nganggo basa Belanda.",regional,2
"Pemerintah iki edan, gawe aturan mung nggayuti wong cilik.",politics,2
"Cangkem mung manis, nanging tumindak mung ngapusi kabeh.",politics,2
"Wong sing dadi pejabat mung mikir awake dhewe, ra mikirke wong miskin.",politics,2
"Kebijakane mung ngrusak negara, ora mikir masa depan.",politics,2
"Politisi iku kabeh jancok, mung ngumbar janji palsu.",politics,2
"Korupsi wis dadi budaya, wong sing bersih malah diasingke.",politics,2
"Pemerintah iku bodho, ora ngerti kesusahan rakyat cilik.",politics,2
"Milih-milih sing bener, nanging pungkasane mung dijajah dewe.",politics,2
"Wah, klambi anyarku kok ra ono ning gantungan, pancen njajal desain tetanggan sing seneng nyicil.",neighbors,1
"Boten sare, Pak? Kula mirengake suara musik ingkang sae sanget saking griya panjenengan.",neighbors,1
"Lho, sepedane mas Budi ketinggalan nang terasku koyo arep numpak liburan dawa.",neighbors,1
"Kebonku saiki isine mung suket, soale alat kebone mbak Yati karo disimpen nang omah.",neighbors,1
"Wes sore kok masih ana tukang nggebuk besi, kayane tetangga anyar lagi latihan jadi pandhe.",neighbors,1
"Kula bingung, pinten-pinten barang kula ingkang badhe dipun ginakaken nyambut damel, amargi tiyang sanes ingkang gadhah.",neighbors,1
"Wah, bocah-bocah saiki pinter banget nyanyi lagu pop, mesthi sinau saka tetangga sing dadi penyanyi kamar mandi.",neighbors,1
"Sapu gedangku karo ilang, mbok ya bali disetel, ora direinkarnasi dadi sapu lidi nang omah liya.",neighbors,1
Kula mboten ngertos menapa tetangga kula tansah ngertos masalah kula langkung rumiyin tinimbang kula piyambak.,neighbors,1
"Wes wayah esuk kok masih ana suara bedhug, kayane perayaan 17-an nang dalem omah wae.",neighbors,1
Aku ngrungokake critane adhine babagan kegiatan ing sekolah.,neutral,0
"Kabeh wong saka suku iku mung tukang nipu lan maling, aja nganti dipercaya utawa diijini mrentah.",severe,3
"Golongan iku kaya sampah, yen wis kebak kabeh bakal tak bersihke nganggo pedhang.",severe,3
"Wong-wong sing beda karo aku iku kewan, ora pantes nyenyamah bumi Indonesia.",severe,3
"Aku sumpah, yen partai iku menang pemilu, aku bakal bakar omah-omah wong sing ndukung liyane.",severe,3
"Kabeh keturunan iku pengkhianat bangsa, kudu ditumpes nganti oyot-oyote.",severe,3
"Wong agama liya iku perusak moral, aja nganti diijini nyebar ajaran sesat ing kene.",severe,3
"Yen golongan kuwi munggah, aku janji arep nyulik lan nyiksa anak-anake.",severe,3
"Kabeh pendatang saka pulo liya iku perampas rejeki, kudu digebugi nganti bali menyang asale.",severe,3
"Wong-wong sing ngaku pejuang iku cuma lacur, bakal tak tumpes kabeh nganti ora ana siji-sijia.",severe,3
Wong Sunda kok sok ngangap deweke luwih resik tinimbang wong liya.,regional,2
"Akeh wong Batak mung ngerti gelut lan ribut, kasar banget.",regional,2
Wong Madura iku kerep ngganggu lan njajah pasar-pasar ing kene.,regional,2
"Aja percaya karo wong Kalimantan, biasane tukang nipu lan ngibul.",regional,2
"Wong Papua iku mbeling lan ora bisa diatur, kurang pendhidhikan.",regional,2
"Wong Maluku panas barane, cilik-cilik langsung nganggo kekerasan.",regional,2
Suku-suku ing NTT iku terbelakang lan ketinggalan jaman.,regional,2
"Wong Lampung kasar lan premanisme, akeh sing nakal.",regional,2
Akeh wong Betawi sing males lan mung ngarepake bantuan pemerintah.,regional,2
"Wong Bali mung ngurusi turis, agamane beda lan nyembah berhala.",regional,2
Apa kabar kabeh pejabat sing mung ngutangi negara nanging ora dituntut?,politics,2
"Kebijakan pemerintah mung nglindhungi cukong, rakyat cilik teles kabeh.",politics,2
"Wong sing maling sapi ditangkep, sing miling triliunan malah dihormati.",politics,2
"Pemilu iki cuma pesta dagang sapi, rakyat mung dikongkon milih.",politics,2
"Pemerintah iki goblok, nggawe aturan sing nggawe rakyat sengsara.",politics,2
"Korupsi wis dadi budaya, saka atas nganti bawah padha doyan colongan.",politics,2
"Wah, klambi anyar kok katon pinarak tenan, Bu. Tiyang mboten sregep mulihake, nanging gusti Allah paring pahala.",neighbors,1
"Boten usah repot-repot ngurusi omahe tiyang sanes, Mbak. Kula mboten gadhah rejeki dados kepala lingkungan.",neighbors,1
"Mekaten mboten nggih, Pak? Raden sami damel proyek dalem griya, kados pabrik.",neighbors,1
"Wes dadi kuwajiban tetangga, nek rejeki sithik aja digawa mudhun, nek rejeki akeh aja digawa munggah.",neighbors,1
"Kula mboten purun nyuwun tumbak, Bu. Mboten kepanggih kersane, mekaten mboten nggih?",neighbors,1
"Wah, sepur banyu kok deres banget mlayu-mlayu neng omahe wong liya.",neighbors,1
"Sampeyan punya tetangga sing apik, Pak. Tansah nguri-uri kabar kula, sanajan kula mboten nate nyuwun.",neighbors,1
"Lho, kok jam piro bae swarane mesin bor mboten mandheg-mandheg? Kula ngira toko besi buka tengah wengi.",neighbors,1
"Mboten nggenah nyuwun piranti, Bu. Kula kedah damel dewe, menawi mboten kesupen.",neighbors,1
"Wah, nek ngomong swarane kenceng, nek nindakake mboten ketara.",neighbors,1
Adik nggawa tas sekolah sing anyar.,neutral,0
Wong-wong padha mlaku neng trotoar.,neutral,0
Ibu nyelehake jajanan neng meja.,neutral,0
Aku krungu manuk berkicau neng njero rumah.,neutral,0
Dheweke nyapu latar ngarep saben esuk.,neutral,0
"Wong kafir iki kabeh kudu diusir saka tanah Jawa, mergo awake najis lan ngrusak budaya asli.",severe,3
"Aku bakal ngobong masjid-masjidmu nganti dadi awu, yen kowe ora gelem minggat saka kene.",severe,3
"Wong-wong saka pulo liya iku maling lan perusuh, kudu dicemplungake ing segara bae.",severe,3
"Kabeh keturunan Cina iku pelit lan licik, padha didorake metu saka Indonesia.",severe,3
"Aku arep mateni kabeh wong sing beda agama karo aku, supaya negara iki resik.",severe,3
"Wong Islam iku teroris kabeh, kudu ditangkep lan dieksekusi tanpa pangadilan.",severe,3
"Kabeh pendukung partai iku goblok lan budak korupsi, patut dipateni.",severe,3
"Wong Papua iku monyet, kudu dibasmi nganti oyot-oyote saka bumi Indonesia.",severe,3
Aku bakal nyiksa kabeh keluargane wong sing beda suku iki nganti jerit pitik.,severe,3
"Kabeh wong sing ngaku aktivis iku pengkhianat negara, kudu dibantai ing alun-alun.",severe,3
Akeh wong Batak sing kasar lan tukang ngutang.,regional,2
"Wong Madura kok dikon kerja bareng, mesti mbolos lan ngamuk.",regional,2
"Aja percaya karo wong Kalimantan, tukang nipu lan serakah.",regional,2
"Wong Papua kan goblok, dikasih otonomi khusus ya tetep terbelakang.",regional,2
"Sikile wong Bali akeh upacara, nanging pikire sempit lan fanatik.",regional,2
Wong Maluku karo NTT mung pantes jadi kuli bangunan.,regional,2
"Wong Jawa Timur kok sombong, padahal daerah e panas lan kering.",regional,2
Akeh wong Lampung tukang bacok lan ora bisa diajak rukun.,regional,2
"Wong Betawi asline malas, ngarep-ngarep tanah warisan turu-turu.",regional,2
Kebijakane mung nguntungke wong sugih lan konglomerat.,politics,2
"Partai politik iku kabeh padha jancuk, mung ngoyak kursi.",politics,2
"Menteri-menteri iku pinter nggombal, nanging nyatane goblok.",politics,2
Aku muak ndeleng pejabat mung seneng pamer harta.,politics,2
"Pemerintah iku edan, rega-regane pada larang.",politics,2
"Wakil rakyat iku wakil dewe-dewe, dudu wakilku.",politics,2
"Rezim iki busuk, kabeh isine maling berdasi.",politics,2
"Wah, tetangga kita lagi latihan karawitan ya, swarane khas banget tekan kene.",neighbors,1
"Kula mboten purun nyuwun, nanging menawi pintu kipas anginipun sampun dangu dipunampil, mugi-mugih saged dipunparingi.",neighbors,1
"Lho, kok critane persis kaya kejadian nang omahku, pancen donya iki cilik tenan.",neighbors,1
"Wes sore-sore, isih semangat banget ndandani barang, kayake ora ngerti kalo wong liyo butuh istirahat.",neighbors,1
"Nek aku sih mikire, nyilih barang iku kudu eling wektu ngembalike, aja nganti keselip ing memori.",neighbors,1
"Kok rasane urusanku dadi urusan bareng ya, sampeyan kerep banget mlebu cerita.",neighbors,1
"Bisu-bisu ternyata lagu favoritku diputer terus sampe wayah wengi, apik tenan rasane.",neighbors,1
"Mboten sare, Pak? Kula mboten sare, swantenipun saderengipun enjing sampun sumerep.",neighbors,1
"Barangku sing ilang kaya dadi barang sak omah, tau-tau muncul maneh nek wis ora kepake.",neighbors,1
"Wah, kaya dadi pemeran utama sinetron nang lingkunganku, uripku jadi tambah rame.",neighbors,1
Bapak maca koran sore nggoleki informasi.,neutral,0
Adhek ngrungokake musik sawise mulang sekolah.,neutral,0
Wong-wong padha mlaku-mlaku neng dalan sawise mangan sore.,neutral,0
Kula ndeleng televisi kanggo ngerti kabar anyar.,neutral,0
Simbah masak sega lan sayur kanggo kulawarga.,neutral,0
Para pedagang nawakake barang-barang ing kios pasar.,neutral,0
Kula mirengake obrolan ing angkringan nalika istirahat.,neutral,0
"Wong kafir iki kudu disingkirake saka tanah Jawa, mergo awake ngrusak kesucian tanah leluhur kita.",severe,3
"Kabeh pendatang saka pulo liya kudu dipateni, mergo dheweke mung nggawa petaka lan ngerampas rejekine wong asli.",severe,3
"Aku bakal ngobong gréja-gréja ing kene, supaya wong-wong sing nyembah salib iku wedi lan minggat.",severe,3
"Wong Islam sing ngladeni pemimpin kafir iku pengkhianat, patut digantung ing alun-alun.",severe,3
"Kabeh wong sing ndhukung partai iku bajingan, matenana wae kabeh, jagad bakal tentrem.",severe,3
"Aku arep nyiksa kabeh lelaki saka suku iku, mergo awake kabeh mung tukang ggaruk lan perkosa.",severe,3
"Wong-wong sing beda karo kita iku setan, kudu dibasmi nganti oyot-oyote.",severe,3
"Aku sumpah bakal matèni kabeh keturunan PKI, sanak-seduluré kudu ditumpes.",severe,3
"Golongan iku kaya sampah, kudu disirnakake saka desa iki, awake mung nggawa sengsara.",severe,3
"Wong sing nganggo jilbab nanging mlaku-mlaku karo wong liya agama iku lacur, patut dirajam nganti mati.",severe,3
"Akeh wong Batak kan keras keprale, karo sedulure dhewe gelem gelut.",regional,2
"Wong Madura iku kerenane mung tukang celak, tukang ngamuk ning dalan.",regional,2
"Wong Papua kok diwenehi otonomi kaya ngono, ya mung bakal tansah minta-minta.",regional,2
"Wong Kalimantan iku ketinggalan jaman, urip mung nunggu hasil alas.",regional,2
"Akeh wong Lampung mung nganggo kekerasan, karo senggol-senggolan dikeroyok.",regional,2
"Wong Bali mung pinter ngibulin turis, ning kene nganggo agama beda.",regional,2
"Wong Betawi asline ora punya adat, mung ngaku-ngaku ning jakarta.",regional,2
"Wong NTT mung diwenehi bantuan terus, kapan mandirine dhewe.",regional,2
"Kebijakane mung nguntungke cukong, akeh sing salah kaprah.",politics,2
"Wakil rakyat kok mlaku-mlaku nang mall karo mobil mewah, duite saka ngendi?",politics,2
"Janjine mung jare wae, mboh dielingi mboh diwangi.",politics,2
"Ora usah milih, podo wae bendone maling lan bejat.",politics,2
"Korupsi gede-gedean, pengadilan mung wayang panggung.",politics,2
"Reformasi dikhianati, wong-wong lawas mung ganti jas doang.",politics,2
"Wah, tetangga kita lagi latihan karawitan ya, suarane koyo pasar sore.",neighbors,1
"Barangku sing dipinjemi kok ra tau bali, mbok ya dielingi kaya jaman sekolah dulu.",neighbors,1
Kulo mboten ngertos menawi wonten tetangga ingkang gadhah tugas nyambut gawe dinten Minggu.,neighbors,1
"Wes dadi ahli waris barang-barangku kae, nek arep nyilih terus.",neighbors,1
"Kepriwe kabare, Pak? Kula mirengake swantenipun saking dalem.",neighbors,1
"Wah, nek ngomong urusan rumah tanggane wong liyo, sampeyan iki ahli banget.",neighbors,1
"Barange ilang, ternyata lagi numpang lelungan neng omah sebelah.",neighbors,1
"Kulo nuwun sewu, menawi bote wonten gegayuhan dados kepala desa, amargi sampun gadhah pengalaman ngurusi sedaya tetangga.",neighbors,1
"Wes koyo alarm, tepat wektune nggawe rame.",neighbors,1
Sampeyan iki luwih pinter ngerjake PR-ku tinimbang aku dhewe.,neighbors,1
Dheweke nyelehake buku ing meja sawise maca.,neutral,0
"Kabeh wong sing beda karo awake dhewe iku maling lan curang, aja diajak rukun.",severe,3
"Wong saka pulo liya iku kewan, kudu digebugi nganti bali menyang panggonane.",severe,3
"Kelompok iku isine mung preman, kudu dibasmi karo kabeh keluargane.",severe,3
Aku sumpah arep nggilas kabeh wong sing ndukung kelompok liya nganti ora ono sing urip.,severe,3
"Wong agama liya iku babi, aja nganti diijini mbangun papan ibadah ing kene.",severe,3
"Kabeh keturunan Cina iku penghianat negara, kudu dicabut kewarganegaraane.",severe,3
Wong sing ngaku NKRI tapi beda pikiran karo aku iku pantas ditembak mati.,severe,3
"Kelompok iku iku parasit, nyusup ngrusak negara, kudu dibumi hanguskan.",severe,3
"Wong saka suku iku goblok lan mbeling, ora pantes manggon ing kutha iki.",severe,3
"Wong Papua kafir lan terbelakang, mung cocok di alas.",regional,2
"Wong Kalimantan kui kampungan, uripé isih primitif.",regional,2
"Akeh wong Lampung tukang gasak lan preman, mbebayani.",regional,2
"Wong Menado mung bisane nyolong jabatan, pinter ngiyut.",regional,2
"Wong Betawi males lan pinter ngomong doang, prestasine endah.",regional,2
Kebijakane mung nguntungke para londo anyar lan ninggalake wong cilik.,politics,2
Apa maneh sing bisa diarep saka para maling berdasi iku?,politics,2
"Reformasi dikhianati, saiki mbalik maneh jaman penjajahan ekonomin.",politics,2
"Mereka pada pinter nggombal, nanging rakyat tansah dikongkon mbayar.",politics,2
"Janji-janjine mung kepruk angin, korupsi tambah gila-gilaan.",politics,2
"Ora usah milih, merga kabeh calon iku kucing karo tikus.",politics,2
"Pemerintah iku lumpuh, didikte dening asing lan pengusaha nakal.",politics,2
"Lho, televisimu kok malah neng kamarku sing rusak? Dadi kula meh nyuwun pindhah saluran.",neighbors,1
"Sampun pitung dinten, sapun kula niku mungkin keselanjutan ning kersanipun panjenengan.",neighbors,1
"Kula nuwun sewu, menawi griya mboten wonten kembang melati, kula saged nyuwun setaman malih?",neighbors,1
"Wah, nek ngomong karo HP koyo ngomong karo wong tuli, kabeh wong podo ngerti isine.",neighbors,1
"Kok aku dadi pengamat acara rumah tanggane wong liyo, ya? Tanpa diminta.",neighbors,1
"Mboten usah repot-repot ngurusi rejekine wong liya, Mbak. Sing penting urip sendiri tentrem.",neighbors,1
"Kula mboten gadah piranti kasebut, nanging menawi pinjem dhateng tetangga, kula mesthi ngembalikaken kanthi langsung.",neighbors,1
"Wes sore kok swarane koyo lagi ngrekrut anggota, ngganggu istirahat wong akeh.",neighbors,1
Anak-anak mangan jajan ing pawon.,neutral,0
Wong-wong padha obrolan ing pendhapa.,neutral,0
Tiyang sepuh padha lenggah ing kursi taman.,neutral,0
"Aku bakal nggebugi kabeh wong sing beda karo aku, aja nganti nyoba-nyoba nentang.",severe,3
Wong Kristen iku mlebu kene mung arep ngrusak adat lan agama leluhur kita.,severe,3
"Kabeh pendatang saka pulo liya kudu balik, merga dheweke mung nggawa masalah lan nyolong rejekine wong asli.",severe,3
"Wong sing ndhukung pemerintah iku antek asing, patut dihukum pati.",severe,3
"Aku sumpah bakal mateni sapa wae sing ngina agamaku, sanajan kudu nggunakake kekerasan.",severe,3
"Golongan liya iku sampah masyarakat, kudu dibersihake supaya negara iki bersih.",severe,3
"Wong sing beda suku karo aku iku kethek, ora pantes nyewa tanah ing kene.",severe,3
Kabeh wong sing ngaku pancasila nanging ngelawan kehendakku iku munafik lan kudu dibasmi.,severe,3
Aku arep ngobong omah-omah wong sing ora seiman karo aku ing desa iki.,severe,3
"Akeh wong Batak kasar lan keras, koyo preman thok.",regional,2
"Wong Madura iku kethip, sithik-sithik gelut.",regional,2
"Wong Jawa iku pinter nggithok, atine keblinger.",regional,2
"Akeh wong Lampung mung nganggo kekerasan, ora pinter rembugan.",regional,2
"Wong Kalimantan ketinggalan jaman, urip mung di alas.",regional,2
"Wong Bali iku musyrik, nyembah-nyembah berhala.",regional,2
"Wong Papua iku primitif, durung mulya.",regional,2
"Wong Menado mung bisa nyanyi lan pesta, ora mikir masa depan.",regional,2
"Wong Padang pelit banget, dagang e akeh tipune.",regional,2
"Pemerintah iki mung wayang, sing nggerakke wong sing duwe duwit.",politics,2
"Kebijakane mung nguntungke cukong, rakyat cilik tansah kelaran.",politics,2
Wakil rakyat? Wakil kepentingan dhewe-dhewe kok!,politics,2
"Korupsi wis dadi penyakit sing ora bisa waras, sisteme wis busuk.",politics,2
"Janji-janjine mung omong kosong, mung ngelabuhi wong cilik.",politics,2
"Pemerintah iki goblok, ora ngerti kesusahan wong mlarat.",politics,2
"Milih-milih sing menang yo tetep wae, rakyat sing terus dikongkon.",politics,2
"Reformasi dikhianati, saiki bali maneh jaman penjajahan ekonomin dewe.",politics,2
"Barange tak lewati, kok rasane dadi melu numpak ning kene, pak? Durung bali karo sing tak pinjemi.",neighbors,1
"Sampeyan kerep banget ndelok urusan wong liya, mbok ya diurusi sing duwe urusan dhisik.",neighbors,1
"Suwara televisimu, Pak, wis kaya neng panggung wayang. Nek arep ditonton, aku tak rawuhi ya?",neighbors,1
"Nek nyilih, nganggo ati. Nek nglilani, nganggo budi. Aja nganti barang dadi ilang kaya dene uwab.",neighbors,1
"Kok rasane urusanku dadi urusan bareng kabeh wong ning komplek iki, ya?",neighbors,1
"Wes sore, kok isih ana swara kaya lagi mbongkar tembok? Mungkin lagi gawe pabrik?",neighbors,1
"Aku nggoleki barangku sing ilang, mbok ya dibantu golek, merga pungkasane tekan ning omah sampeyan.",neighbors,1
"Sampeyan kayane pengin dadi kepala lingkungan sing anyar, nanging sing saiki durung lengser.",neighbors,1
"Nek arep ngrungokake critane wong liya, tolong sing dicritakna aja sing dudu-dudu.",neighbors,1
Anak-anak mangan sega becek ing pawon.,neutral,0
Dheweke ngunjungi toko buku minggu iki.,neutral,0
Kancane nggawa tas saka pasar.,neutral,0
Kula nyapu pekarangan saben esuk.,neutral,0
Aku bakal ngrekrut wong-wong saka kene kanggo ngrusak omah-omah wong saka suku iku.,severe,3
"Wong Kristen kudu diusir saka desa iki, aja nganti ana sing urip nempel ing kene.",severe,3
"Kabeh pendatang saka pulo liya iku maling lan perusuh, kudu dibalikke ngendi asale.",severe,3
"Aku sumpah, yen partai iku menang, aku bakal bakar kampunge wong-wong sing ndukung liyane.",severe,3
"Wong sing beda agamane karo aku iku najis, kudu dijauhi lan diasingake.",severe,3
"Generasi mudane golongan iku kudu ditumpes, supaya ora nerusake paham sesat.",severe,3
"Aku arep ngajak massa adu fisik karo wong-wong saka etnis iku, aja nganti kalah.",severe,3
"Kabeh wong sing ngaku pancasila tapi ngelawan kawula iku penghianat bangsa, patut dipateni.",severe,3
"Wong saka partai iku iku setan, kudu dibasmi kabeh lan ora diakoni tetanggane.",severe,3
Wong Madura iku kerep ngganggu lan golek papan dhewekan wae.,regional,2
"Aja cedhak karo wong Papua, dhasare bodho lan primitif.",regional,2
"Wong Maluku iku panas barane, gampang dadi tukang ribut.",regional,2
Suku liya mung ngerusak budaya Jawa sing wis adiluhung.,regional,2
"Wong Lampung kok sok nganggo gelar bangsawan, ngaku-ngaku wae.",regional,2
"Aja percaya karo wong Minang, uripé cuma ngitung duwit.",regional,2
"Wong Bali iku senengé nyembah berhala, agamaé wis kéliru.",regional,2
"Pemerintah iku goblok, kebijakane nggawé rakyat sengsara.",politics,2
"Menteri-menteri iku cuma ngomong doang, turu wae nggawé kerjaan.",politics,2
"Dasar para bajingan, janji muluk ning rakyat tansah ditipu.",politics,2
"Pemerintah iku edan, rega-regane didolake, rakyat cilik mati keluwen.",politics,2
"Ora usah milih sing anyar, kabeh podo wae, tukang nipu kabeh.",politics,2
"Korupsi gede-gedean, pengadilan dadi panggung sandiwara.",politics,2
"Pemerintah iku buta lan budheg, rakyat nangis nggak dirungokke.",politics,2
"Kulo mboten purun nyuwun, nanging pintu kito kok rasane keprungu wingi-wengi, Bu.",neighbors,1
"Lho, sapune mbak kok mboten kepanggih-panggih, kula nyuwun ngangge seminggu, saiki sampun dangu.",neighbors,1
"Wah, nek ngomong karo telpon kudu ngampek, Pak, kula ngantos mireng critane saking kene.",neighbors,1
"Sok-sok njaluk gula, saiki kula masak peyek kari kurang legi, Bu.",neighbors,1
"Kulo mboten ngertos menawi njenengan gadhah usaha jasa rental perkakas, Pak.",neighbors,1
"Wes dadi ahli waris kabeh barang-barange kanca, ya? Aja lali dipeliharo, lho.",neighbors,1
"Kok swara televisimu luwih jelas neng omahku, Mbak? Aku kira ana wayang neng kamar.",neighbors,1
"Kula mboten purun nyuwun pinten, nanging kathah sanget barang kula ingkang sampah dumugi nggih mboten wangsul.",neighbors,1
"Wah, nek ngrumat kebon tetangga iku apik, nanging urusan dalem kula mugi kula sing ngatur, Bu.",neighbors,1
Kula ndelok ibu-ibu padha dodolan jajan pasar.,neutral,0
Simbah nyimpen bawang lan lombok ning dapur.,neutral,0
"Wong kafir iki kabeh kudu diusir saka tanah Jawa, merga ngrusak adat lan iman leluhur.",severe,3
"Kabeh wong saka pulo liya sing ngerampas panggonan uripku, bakal tak pateni kabeh.",severe,3
"Golongan iku kaya sampah, kudu dibakar urip-urip nganti ora ana sisan.",severe,3
"Aja cedhak karo wong sing beda agamane, awit dheweke iku pengkhianat bangsa.",severe,3
"Wong-wong saka suku liya iku mung tukang ngutil rejekine wong pribumi, kudu dibalekake menyang kandange dhewe.",severe,3
"Kabeh pendukung partai iku bajingan, bakal tak rampungake kabeh nganggo arit.",severe,3
"Yen wong saka kelompok iku mlebu desa iki, bakal tak siksa nganti mati.",severe,3
"Kabeh keturunan PKI kudu ditumpes, supaya ora nularake pikirane sing sesat.",severe,3
"Wong sing beda pilihan politik kaya asu, kudu diusir saka kampung iki.",severe,3
"Kelompok iku kudu ditumpes, merga dheweke iku musuhe agama lan negara.",severe,3
Akeh wong Batak kasar lan kumat-kamit ngomong.,regional,2
Wong Madura iku tukang gelut lan goblok.,regional,2
"Wong Jawa iku pinter banget nggowo bolong, licik.",regional,2
"Aja pacaran karo wong Papua, tukang mabuk lan preman.",regional,2
"Wong Bali iku penyembah setan, agamane beda karo kita.",regional,2
"Wong Lampung iku preman pasar, tukang palak.",regional,2
Wong NTT iku miskin lan mangan nasi ajar.,regional,2
"Wong-wong nang kono podo korupsi, rakyat nandhang sangsara.",politics,2
"Pemerintah iki gur goblok, ora mikirke wong cilik.",politics,2
"Kebijakane mung nguntungke wong sugih, awake dhewe.",politics,2
"Dasar para maling berdasi, negara dibobol wae.",politics,2
"Janjine mung jare wae, mboh dielingi.",politics,2
"Pemerintah iki edan, rega-regane pada munggah kabeh.",politics,2
Sing menang pemilu wae tukang nipu.,politics,2
"Ora usah milih, podo wae bureng, maling kabeh.",politics,2
"Rakyat sengsara, nanging wakil rakyat urip mewah.",politics,2
"Wah, tetangga kok sibuk banget kaya mesin pabrik, ndak tau kapan istirahe.",neighbors,1
"Barange sing dipinjem kok rasane dadi kenangan ya, Bu?",neighbors,1
"Sampeyan kerep banget njagong neng teras, kaya penjaga kehormatan warga.",neighbors,1
"Lha, televisimu sing anyar iku swarane nganti nembus tembok, Bu.",neighbors,1
"Kulo mboten sare, Pak. Kagem nenggihi karawitan saking griya panjenengan.",neighbors,1
"Wah, nek ngomong urusan rumah tangga liyan, sampeyan ahli banget.",neighbors,1
Barangku sing ilang kaya dadi penghuni anyar neng omah sebelah.,neighbors,1
"Kebonku kok rasane dadi taman umum, wong liyo teko lan lungo seenake.",neighbors,1
"Sampeyan pancen peduli banget karo urusanku, meh kaya konsultan pribadi.",neighbors,1
"Wes sore kok isih ana tetabuhan saka rumah sampeyan, lagi latihan karawitan ta?",neighbors,1
Kancaku nggawa tas anyar nalika dolan.,neutral,0
Simbah mangan bubur saben esuk.,neutral,0
Dheweke ngganti baju sawise adus.,neutral,0
"Kabeh wong pendatang saka pulo liya kudu diusir, nek ora gelem lunga bakal tak tumpes dadi bubur.",severe,3
"Golongan iki kabeh iku sampah masyarakat, kudu dibersihke nganggo cara endi wae, sanajan nganggo getih.",severe,3
"Aja cedhak-cedhak karo wong golongan kuwi, awakmu bakal terkontaminasi lan dadi pengkhianat bangsa.",severe,3
"Wong-wong sing beda karo awake dhewe iku kaya hama, kudu dibasmi nganti oyod-oyode.",severe,3
"Kabeh pengikut aliran iku setan sing nyamar, wajib digebugi nganti mati supaya negara resik.",severe,3
"Yen golongan iku menang pemilu, aku janji arep ngobong kabeh panggonane, aja nganti coba-coba.",severe,3
"Wong Jawa asli kudu merdika maneh, kabeh penjajah anyar saka kelompok iki kudu dicekel lan dipateni.",severe,3
"Kabeh pengkhianat bangsa iki wujudane kabeh saka suku iku, kudu diusir utawa dikubur urip-urip.",severe,3
"Nyebar fitnah iku hak kita, supaya masyarakat pada bangkit lan nglawan golongan iku nganti pupus.",severe,3
Aku ora gelem diomongke wong Madura soale tukang ribut lan kasar.,regional,2
Wong Batak kasebut kok keras kepisen lan sok nganggap dewe.,regional,2
"Akeh wong Papua sing mlebu kene, nggawa masalah wae.",regional,2
Wong Kalimantan kui konon isih primitif urip neng alas.,regional,2
"Aja cedhak cedhak karo wong Maluku, gampang bengis lan emosional.",regional,2
"Wong Bali bisane mung ngibul nggodha turis, urip seng ngapusi.",regional,2
"Suku kui mung dadi beban negara wae, minta terus ora gelem kerja.",regional,2
Wong Jawa Timur kui kasar lan ora nduweni tata krama kaya wong kene.,regional,2
Akeh kejahatan iku biasane ulah wong saka daerah kono.,regional,2
"Politisiku iku mung tukang korupsi, rakyat ditinggal mlarat.",politics,2
"Wakil rakyat kok mung ngomong doang, nyatane gak oleh gawe.",politics,2
"Partai politik iku kabeh padha jahanam, mburine mung duwe.",politics,2
"Kebijakane salah total, ngrusak negara.",politics,2
"Sing dadi pemimpin iku penipu, janjine gak ditepati.",politics,2
"Korupsi wis dadi budaya, pejabat pada sugih rakyat nandang lara.",politics,2
"Pemerintah iku buta lan tuli, ora ngrungokke swarane wong akeh.",politics,2
"Wong sing nyoblos kowe saiki, dikhianati, dipecat raimu dhewe.",politics,2
"Kabeh sistem politik iku sampah, kudu diganti karo revolusi.",politics,2
"Wah, klambi anyar kok isa podo karo sing tak lebarake wingi, mbokmaneh warnane persis.",neighbors,1
"Bapake pancen pinter banget, ngerti kabeh urusan wong liya, kaya dene dheweke sing nduwe omah.",neighbors,1
"Wes sore kok isih ana sing nggarap kayu, kayane arep ndadekake mebel anyar nggih.",neighbors,1
"Lho, kula mboten nate nyuwun piranti kasebut, nanging menawi sampun kantun, mugi-mugi tansah kepanggih.",neighbors,1
"Kebonku saiki isih sepi, durung ana sing nemoni kembang sing tak tandur.",neighbors,1
"Wah, bocah-bocah niku saestu sumringah, swaranipun saged dugi ngriki.",neighbors,1
"Mboten napa-napa, kula mboten sare, mung arep ngrungokake crita saka TV sampeyan.",neighbors,1
"Barange tak lewati mung mampir, rupane malah seneng nginep.",neighbors,1
"Sampeyan pancen tetangga sing trep, ngerti kapan kula butuh bantuan tanpa tak celuk.",neighbors,1
"Wes wayah esuk kok isih ana swara kaya lagi latihan gamelan, mbok ya seko ngisor.",neighbors,1
Dheweke lagi nggawa kranjang belanja.,neutral,0
Wong-wong padha mlaku-mlaku ing dalan pasar.,neutral,0
"Wong kafir iki kudu diusir saka tanah Jawa, mergo awake najis lan ngrusak tradisi leluhur.",severe,3
"Kabeh wong saka suku iku kaya asu, aja nganti dipercaya utawa diwedeni, luwih becik dibasmi wae.",severe,3
"Golongan iku mung tukang nyolong hajat rakyat, awakmu kabeh kudu digantung ning alun-alun.",severe,3
"Aja cedhak karo wong-wong saka agama kuwi, dheweke iku pengkhianat bangsa sing kudu dibantai.",severe,3
"Wong saka pulo iku perusak persatuan, nyebar fitnah, kudu dikempalaken lan dikembalake ning asale.",severe,3
"Kabeh anggota organisasi iku antek asing, awake kudu dicekel lan dipateni ning panggonan sunyi.",severe,3
"Wong-wong saka kabilah iku kethek-kethek sing goblog, ora pantes urip bebarengan karo kita.",severe,3
"Generasi iku sampah masyarakat, aja nganti diwarisake tanah, luwih becik dikubur urip-urip.",severe,3
"Golongan liya mung mampir ngombe, dudu darah asli, kudu disingkiraké saka kéné kanthi kekerasan.",severe,3
"Kabeh pengikut aliran iku setan, awake kudu dibakar urip-urip supaya ora nulari wong liya.",severe,3
"Wong Sunda mah bisane mung ngomong haseup jeung sorak, urusan gedhe mah teu mampu.",regional,2
"Akeh wong Batak kasar lan keras, koyo preman doang.",regional,2
"Wong Madura seng nggowo celurit, sapa wae wedi, mbok ya dijauhke.",regional,2
"Orang Papua kok diwenehi otonomi, wong mung bisa nari-nari wae.",regional,2
"Wong Kalimantan kui konco setan, ngrusak alas terus.",regional,2
"Wong Bali bisane mung nyembah berhala, agama leluhur sing kuna.",regional,2
"Akeh wong Maluku mabok-mabokan, pantes daerah kono rawan keributan.",regional,2
"Wong Betawi asline tukang ngamen, ora duwe pendidikan tinggi.",regional,2
"Wong NTT kui mung tukang mangan jagung, mikire mung urusan perut.",regional,2
"Jangan percaya karo wong Aceh, keras lan radikal agamane.",regional,2
"Wong-wong niku korupsi rakus, kabeh dhuwit rakyat dijupuk dewe.",politics,2
"Pemerintah iki mung wayang, sing ndalangi ya oligarki bejat.",politics,2
"Kebijakane mung nguntungke cukong, rakyat cilik tansah dikorbankno.",politics,2
"Wong sing nduwur iku kabeh lacur, moral-e wis reged korupsi.",politics,2
"Janji-janji manis pas pemilu, mung akal-akalan nggo nggolet suara.",politics,2
"Ora usah percaya karo partai, kabeh padha mung tukang nyolong kanthong rakyat.",politics,2
"Pemerintah iku budheg, rakyat nangis krungu krungu wae.",politics,2
"Kabeh pejabat sing mlebu kana akhir-e mung kepengen dhuwit, dudu ngabdi.",politics,2
"Sistem-e wis busuk, kabeh didol, mung sing duwe dhuwit sing nang.",politics,2
"Wah, klambi anyarku kok ra tau bali ya, mbok ya dijaga nganti atis.",neighbors,1
"Kula mboten purun ngangsu, nek ngangsu kok toyahe malah dilarut.",neighbors,1
"Lha, kowe kok ngerti urusanku kaya dheweke dewek, Pak?",neighbors,1
"Wes sore kok isih ana sing nggarap kayu, kayane arep ndirik omah maneh.",neighbors,1
"Televisimu sing anyar iku swarane apik tenan, nganti tekan kamarku.",neighbors,1
"Waduh, pancen tangga iku kudu peduli, ning mboten nganti saklebete kamar turu.",neighbors,1
"Barange tak pinge ra ono sing bali, kayane dadi barang hibah.",neighbors,1
"Kok critane wong liya iku detail banget, kaya wis ngrungokke saka lawang.",neighbors,1
"Mboten sare, Pak? Kula mboten sare, Pak.",neighbors,1
"Wes dadi ahli waris kabeh barang-barangku, ta?",neighbors,1
Adhine nggawa buku saka sekolah.,neutral,0
Kula tindak dhateng warung arep mundhut tuku sabun.,neutral,0
"Wong kafir iki kudu diusir saka tanah Jawa, mergo awake najis lan ngrusak imane wong Islam.",severe,3
Aku bakal ngobong gréja-gréja lan papan ibadahé wong Kristen sing nyebar ajaran sesat nang kéné.,severe,3
"Wong Sunda iku akeh sing goblok lan mbeling, pancen cocogé dadi babu wong Jawa.",severe,3
"Kabeh wong Cina iku tukang korupsi, matèni usaha wong pribumi, kudu dibalèkaké menyang Cina.",severe,3
Aku arep ngiris-iris wong Madura sing mbandel lan ngganggu ketentraman ing tanahku.,severe,3
"Wong Islam liberal iku luwih bejat tinimbang kafir, patut dihabisi supaya Islam resik manèh.",severe,3
"Wong Papua iku primitif lan mung cocok dadi budak, ora pantes mréntah dhéwé.",severe,3
"Kabeh anggota ormas iku preman, kudu dibasmi nganggo cara kekerasan supaya wong cilik tentrem.",severe,3
"Wong LGBT iku penyakit masyarakat, kudu ditangkep lan dihukum mati supaya ora nular.",severe,3
"Aku bakal ngebom pesantren sing ngajarke terorisme, matèni kabeh santri lan kyaine sekaligus.",severe,3
Akeh wong Batak sing kasar lan tukar gebugin.,regional,2
"Wong Madura iku kerep mangan sate wedhus, wedhuse teka sato endi-endi sing dicolong.",regional,2
"Aja koncolan karo wong Papua, soale dheweke isih primitif.",regional,2
"Wong Kalimantan kui kebangeten, alas-e dirusak nanging ngaku-ngaku paling njaga lingkungan.",regional,2
"Wong Maluku panas-pasan atine, cilik-cilik gelem gelut.",regional,2
"Wong Lampung kuwi preman kabeh, dalan-dalan dikuasai.",regional,2
Suku Tionghoa iku pelit lan bisane mung ngitung duwit.,regional,2
"Wong Bali bisane mung nari, nyembah berhala, lan nipu turis.",regional,2
"Akeh wong Jawa sing licik lan sombong, nganggep suku liya iku rendahan.",regional,2
"Pemerintah iki goblok, kebijakane mung nanduk kahanan rakyat cilik.",politics,2
"Sing dadi pejabat mung ngurusi kepentingane dewe, rakyat dipepet.",politics,2
"Ora usah milih pemimpin maneh, kabeh padha tukang tipu.",politics,2
"Kebijakan pemerintah iki koyo kontol mending, mung gawe susah wong.",politics,2
"Wong politik kui mung asik ngeruk duit, rakyat nandhang sangsara.",politics,2
"Pemerintah iki edan, ora mikirke kesejahteraan wong cilik.",politics,2
"Pejabat-pejabat korup kui kudu dipateni, mumpung akeh sing keluwen.",politics,2
"Partai politik kabeh padha nggonane maling, janji-janjine mung omong kosong.",politics,2
"Wah, tetangga kok lagi latihan karawitan ya, bisingé nembus tembok.",neighbors,1
"Barangé sing dipinjem kok rasane dadi melu ninggal, mbok ya dielingi.",neighbors,1
"Lha, urusanku wis diatur karo beliau, kok sampeyan sing lebih pinter ngatur.",neighbors,1
"Wes sore-sore, mesin jahité isih semangat banget, kayak lagi ngejar target.",neighbors,1
"Kula mboten saget ndelok televisi, swarané pidhato Bapak neng ngriki langkung seru.",neighbors,1
"Lho, sapuné sing dipun ginakaken niku sampun dangu, nggih mboten kepanggih?",neighbors,1
"Sampeyan kayaknya pengamat sosial ya, urusan sapa-sapa kok didadekkan bahan cerita.",neighbors,1
Bocah-bocah nang njaba swarané koyo lagi latihan tarik suara.,neighbors,1
"Kula nuwun sewu, menawi pinten-pinten barang kula niku sampun kedah dipun balikaken?",neighbors,1
"Wah, sepuré ora lewat kene ta, kok swara derunya teka saka arah omah sampeyan?",neighbors,1
Simbah lunga menyang toko kelontong.,neutral,0
"Golongan iku mung tukang ngrusak persatuan, kudu ditumpes nganti oyod-oyode.",severe,3
"Aja cedhak karo wong sing beda agamane, awit dheweke iku najis lan bakal nggawa sengsara.",severe,3
"Wong-wong sing nentang pemerintah iki kudu ditangkep lan dipateni, aja dikasihani.",severe,3
"Kabeh kaum penghianat iku kudu diusir saka desa, kobongono omah-omahé.",severe,3
"Lamun mbandel karo golonganku, bakal tak rampungno uripmu lan sedulurmu.",severe,3
Wong cilik sing nantang wong sugih iku kudu dicekel lan dicemplungno ing kali.,severe,3
"Kelompok iku uda kayu mati, kudu dibakar nganti awu supaya ora ana maneh.",severe,3
Sing ndhukung paham sesat iku kudu digebugi bareng-bareng nganti ora bisa mbalang maneh.,severe,3
Wong Madura iku kerep nggowo masalah lan golek pisanan.,regional,2
"Wong Papua kok dikongkon kerja ya males, mung bisane mabuk.",regional,2
Wong Kalimantan iku terbelakang lan ketinggalan jaman.,regional,2
Akeh wong Maluku sing galak lan gampang dadi preman.,regional,2
"Wong Bali iku baureksa, mung ngurusi upacara sing ora penting.",regional,2
Wong Jawa iku licik lan suka nindhes wong liya.,regional,2
"Wong Sumatra kulon iku pelit banget, ora gelem ngeluarke duwit.",regional,2
Akeh transmigran saka Jawa sing nguasai tanah lan ngremehke wong asli.,regional,2
"Wong-wong niku korupsi rakus, kaya ta laler nempel ing telesan.",politics,2
"Pemerintah iki mung ngomong doang, nanging rakyat tansah dikongkon pasrah.",politics,2
"Kebijakane mung nguntungke kancane dhewe, akeh sing cilaka.",politics,2
"Wong ndhuwur iku pinter nggelari korupsi, rakyat cilik sing nandhang.",politics,2
Janjine mung pepesan kosong kaya musim pemilu.,politics,2
"Ora usah ngarep-ngarep owah, wong sing mimpin yo podo wae.",politics,2
"Dasar politik iku tukang tipu, rakyat dicekik karo kabijakan sing ora jelas.",politics,2
"Korupsi wis dadi penyakit, saka ngisor tekan ndhuwur padha bobrok.",politics,2
"Pemerintah iki mbebani rakyat, dhewe malah seneng-seneng ngumbar hawa napsu.",politics,2
"Wah, klambi anyar kok wis keselak kaya jaran kepaten, yo? (Sindiran halus tentang tetangga yang sering meminjam pakaian dan mengembalikannya dalam keadaan kusut/rusak)",neighbors,1
"Kula mirengake swanten ingkang sae, nanging boten saking radio.",neighbors,1
"Dalan mlebu omah kula kok rasane dadi dalan umum, wong liyo teko lungo sakarepe dewe.",neighbors,1
"Wes sore kok swarane speaker isa ngalahke adzan, nganti kewan kandang turu ora kepenak.",neighbors,1
"Barange ilang kaya diculik setan, nanging pas tak delok neng ngarsane wong liyo.",neighbors,1
"Kok aku rumangsa uripku dadi sinetron, terus ana sing sok ngrewangi naskah.",neighbors,1
"Wong arep turu kok dielingake karo swara bor, kaya lagi mbangun candhi.",neighbors,1
"Kula badhe nyuwun pinten-pinten barang kula ingkang sampun dipun ginakaken, nanging mboten kepanggih.",neighbors,1
"Aku ngerti kowe seneng karo sepatuku, tapi kok dipakai tekan pasar karo ke sawah.",neighbors,1
"Kula mboten gadhah televisi, nanging tetep saget mirsani sinetron saking pawartosan tetangga.",neighbors,1
Wong-wong padha antre ning kios buah.,neutral,0
Kula ndeleng akeh wong ing pasar.,neutral,0
Ibu masak sega goreng ning pawon.,neutral,0
"Aku bakal ngobong gréja-gréjamu nganti dadi awu, merga kowe wong Kristen mung nggawa petaka ing desa iki.",severe,3
"Wong Madura aja dipercaya, dheweke iku tukang njupuk tanah lan nakal, kudu disingkirake saka kene.",severe,3
Aku sumpah arep matèni kabeh preman saka suku liya sing ngrebut panguripane wong pribumi.,severe,3
"Wong Cina iku lintah darat, dheweke kudu dipateni supaya kasugihané bali marang wong Jawa sing asli.",severe,3
"Kabeh pendatang saka Jabodetabek iku perusak budaya, persiapan kanggo gegerake lan usir wong-wong mau.",severe,3
"Golongan iki kabeh antek asing, bakal tak siksa nganti jerit tangise nggawe bungah atine kita.",severe,3
"Wong Islam garis keras iku teroris, kudu dibasmi kaya tikus, aja nganti lali karo sejarah kelakuanmu.",severe,3
"Aku bakal ngarahake massa kanggo ngancurake sekretarisme kowe, merga kowe mung sampah masyarakat.",severe,3
"Kabeh wong sing beda pikiran karo aku iku penghianat bangsa, siap-siap digebugi nganti ora bisa ngangkat muka maneh.",severe,3
"Wong Sunda mah bisane mung ngomong ""teh"" jeung ""mah"" wae, ora duwe budaya.",regional,2
"Akeh wong Batak kasar lan keras, kaya preman kabeh.",regional,2
"Wong Madura kui tukang ngamuk lan tukang celak, sapa wae wedi karo dheweke.",regional,2
"Wong Papua kui mung bisane nari-nari wae, pikirane isih primitif.",regional,2
Akeh wong Lampung kui tukang ngomong kasar lan sok jagoan.,regional,2
"Wong Kalimantan kui adoh karo peradaban, urip isih ing alas.",regional,2
"Wong Maluku kui panas barane gampang, dikit-dikit gelut.",regional,2
"Wong Bali kui bisane mung nyembah berhala, agama leluhur sing aneh.",regional,2
"Akeh wong Betawi kui pinter-pinter goblog, omonge keras nanging isine kosong.",regional,2
"Wong NTT kui mung dadi babu lan kuli wae, ora bakal maju.",regional,2
"Pemerintah iki edan, gawe kebijakan sing nggiling rakyat dhewe.",politics,2
"Kabeh partai padha wae, busuk kabeh isine!",politics,2
Sing menang pemilu mung wong sugih sing doyan korupsi.,politics,2
"Kebijakane mung nguntungke wong sing duwe duwit, awakku dhewe digantung.",politics,2
"Pimpinane goblok, nggawa negara iki mudhun!",politics,2
Wakil rakyat? Wakil kepentingan dhewe-dewe kok!,politics,2
"Rasah percaya karo omongane, kabeh tukang nipu!",politics,2
"Wah, klambi anyarku kok ra tau bali, mbok ya dijaga nganti suwek, Bu.",neighbors,1
"Boten kepanggih kalih ember kula, mbok menawi kedah nggadhuh proyek tandon banyu.",neighbors,1
"Wonten ingkang remen ngrungokake swanten radio, kados ta saged ngrungokake crita wayang semalam suntuk.",neighbors,1
"Lho, kok jam pitu esuk wis ana tukang kayu, nggawe mebel apa sing mendesak banget, Pak?",neighbors,1
"Kula mboten ngertos menawi tetangga kula gadhah usaha laundry, soale klambi kula ing jemuran asring ilang.",neighbors,1
"Wah, Pakdhe pinter banget ngatur urusan wong liya, kapan-kapan ngaturin TPS dhisik, ndhuk.",neighbors,1
"Swarane speaker nganti tekan kene, kaya lagi latihan dangdut mau tampil ing Istana.",neighbors,1
"Kula nuwun, kula mboten sengaja ngrusak sapu Ibu, nanging kula mboten kepanggih wiwit sasi kepengker.",neighbors,1
"Iki bocah-bocah dolanan bal sore-sore, swarane nggawe kebon binatang katon sepi.",neighbors,1
"Mboten usah repot-repot nglaporake kula anggenipun rawuh telat, Bu, kula mboten ndherek kerja kantoran.",neighbors,1
Kancaku nggawa tas warna abang.,neutral,0
Anak-anak padha ngrungokake guru nek kelas.,neutral,0
"Wong kafir iki kabeh kudu disingkirake saka tanah Jawa, merga ngancani rereged.",severe,3
"Sing beda agamane karo awake aja dipercaya, mesthi mung arep ngrusak uripe wong Jawa.",severe,3
"Aku arep nggebugi wong saka suku iku nganti mati, merga wong kae mung tukang nyolong.",severe,3
"Wong-wong saka partai iku kaya tikus, kudu dibasmi nganti oyod-oyode supaya negara resik.",severe,3
"Kabeh wong sing ndukung kelompok iku kudu ditumpes, aku wis siap perang.",severe,3
"Golongan liya mung mampir ngombe banyu, kudu diusir kanthi kekerasan yen ora gelem lunga.",severe,3
"Wong saka pulo liya aja nganti ndompleng nang kene, bakal tak gebuk nganti balik menyang leluhure.",severe,3
"Kelompok iki kabeh penghianat, kudu di bakar omahé lan diusir saka desa iki.",severe,3
"Aku bakal nyulik lan matèni anak-anaké wong saka golongan iku, supaya turunane punah.",severe,3
"Wong-wong sing ngaku pancen pribumi nanging ndhukung mungsuh, patiase kudu digantung ing alun-alun.",severe,3
"Wong Madura kui tukang celak, aja percaya karo dheweke.",regional,2
"Wong Papua kafir lan terbelakang, dadi beban negara.",regional,2
Akeh wong Maluku mung pinter baku hantam.,regional,2
Wong Kalimantan kui kampungan lan ketinggalan jaman.,regional,2
"Wong Bali mung ngurusi upacara, bisane mung ngarah pariwisata.",regional,2
"Wong Betawi asline tukang ngamen, ora duwe pendidikan.",regional,2
Wong Menado mung pesta lan mabuk-mabukan.,regional,2
Wong Lampung kui tukang gasak tanah wong liya.,regional,2
"Kebijakane mung nguntungke cukong, nggiling rakyat cilik.",politics,2
"Wong sing dadi pejabat mung golek pangan, ora mikirke kawula alit.",politics,2
"Aparate pada bejat, korupsi dianggap prestasi.",politics,2
Pemerintah iki bodho lan ora mikirke masa depan bangsa.,politics,2
"Milih sapa wae podo wae, akhirane rakyat sing nandhang sangsara.",politics,2
"Wong politik iku maling berdasi, ngrampok kas negara kanthi terang-terangan.",politics,2
"Wah, klambi anyar ibu kok katon kaya punyane Bu Rini sing ilang minggu kepungkur, nggih?",neighbors,1
"Dino-dino iki, swarane radio tetanggan nggayuh ndhuwur langit, mbok ya disetel alon sethithik.",neighbors,1
"Kula nuwun, menawi badhe nampi tamu, kula aturi wonten griya, mboten wonten ing pinggir tembok.",neighbors,1
"Lho, sapune Bu RT kok krasa dadi sapu kula, dereng kondur kawitan tiga wulan.",neighbors,1
"Wes dadi ahli waris barang-barange wong liya, nanging kok ora gelem dadi ahli waris utange.",neighbors,1
"Kula mirengake crita kanca, ternyata tetangga kula ingkang sampun dados dalangipun.",neighbors,1
"Boten kenging gadhah rahasia, amargi sak derenge kula aturaken, sampun sumebar sak kompleks.",neighbors,1
"Monggo dipun paringi panganan, supados mboten badhe mampir neng meja kula nalika nedha bengi.",neighbors,1
"Kebon kula meh dados Taman Hiburan Rakyat, amargi tansah dipun rawuhi tamu tanpa undangan.",neighbors,1
Wonten ingkang langkung remen nyambut gawe nyisihke barang tinimbang nyambut gawe nyisihke utang.,neighbors,1
Aku krungu obrolan wong loro ing pinggir dalan.,neutral,0
Adhiku nyapu lantai omah.,neutral,0
"Aja nganti meneh wong saka pulo liya nggawa ajaran sing nyimpang, bakal tak gebugi nganti mati.",severe,3
"Kabeh wong sing beda karo awake dhewe iku mungsuh, kudu dibasmi nganti oyod-oyode.",severe,3
"Wong-wong sing ngaku modern iku penghianat budaya, patut dikucilkan lan digebugi.",severe,3
"Golongan liya iku sampah masyarakat, kudu disingkirake saka kutha iki.",severe,3
"Aku arep ngobong omah-omah wong sing ngaku paling suci iku, merga dheweke iku munafik.",severe,3
"Wong saka suku liya sing nantang kene, bakal tak tumpes kabeh, aja nganti ana sing urip.",severe,3
"Kabeh pengikut agama iku sesat, kudu ditumpas nganti ora ana sing isa mekar maneh.",severe,3
Aku sumpah bakal mateni sapa wae sing beda karo agamaku ing desa iki.,severe,3
"Wong-wong sing ndhukung pemimpin liya iku pengkhianat bangsa, kudu dihukum pati.",severe,3
"Wong Sunda mah bisane mung ngurus pare, ora pinter urusan gedhe.",regional,2
"Lha wong Papua kok dikongkon kerja, mendingan bali ke hutan wae.",regional,2
"Akeh tindak kejahatan iku sithik-sithik yo wong Medan, sudah wataké.",regional,2
"Wong Bali iku pinter-pinter ngibuli turis, aja gampang percaya.",regional,2
"Nek urusan korupsi, wong Jawa Timur jagonya, licik banget.",regional,2
"Wong Maluku iku keras kepala lan gampang gelut, bawaannya panas.",regional,2
"Wong Betawi asline ora pinter, uripé cuma ngandelin tanah warisan.",regional,2
"Sing dadi pejabat mung ngurusi bokong dhewe, ra mikirke kawula alit.",politics,2
"Kebijakane mung nguntungke cukong, rakyat dicekik dipepet.",politics,2
"Wong jujur saiki langka, sing akeh maling berdasi.",politics,2
"Pemerintah iki olo, janji mung diumbar, kasil nol!",politics,2
"Korupsi wis dadi budaya, wong sugih makin sugih, wong mlarat sengsara.",politics,2
"Rezim iki bejat, mung bisa ngapusi lan nyedot duwit negara.",politics,2
"Wah, klambi anyar kok isa podo karo sing tak lebarake wingi, Bu.",neighbors,1
"Dino-dino kok swarane kaya ana tukang bangunan neng njero omah, to.",neighbors,1
"Mboten nate bosen ngrungokke lagu-lagu lawas saking rumah panjenengan, Pak.",neighbors,1
"Kula nuwun sewu, kadosipun kunci kula kesimpen neng griya panjenengan, Bu.",neighbors,1
"Wes dadi alarm alami, saben subuh pasti ana swara bedhug saka sebelah.",neighbors,1
"Barange ilang, nek didelok malah neng kene, rasane pengin tak uculi dewe.",neighbors,1
"Kok ngerti sedetail iku urusane tangga sebelah, Bu, kaya dadi sekretaris pribadi.",neighbors,1
"Wah, nek ngomong karo sampeyan iku kaya kuliah, isine wejangan kabeh.",neighbors,1
"Lho, jam kaya ngene kok isih ana swara mesin bor, nandur neng lantai apa, Pak?",neighbors,1
"Mboten usah repot-repot ngurusi kula, Bu, sampun wonten Gusti Kang Maha Ngerti.",neighbors,1
Adhine sinau nggambar ning kamar.,neutral,0
Aku krungu obrolan saka ruang tengah.,neutral,0
Kula ndelok kendaraan akeh ing dalan.,neutral,0
"Kabeh wong sing beda agamane karo aku iku mungsuh, aja nganti diampuni, patenana wae.",severe,3
"Wong saka suku liya iku maling lan perusuh, kudu dibalangi supaya ora mlebu ing kutha kita.",severe,3
"Kelompok iku isine mung preman, aja wedi, siap-siap kita gebugi nganti mati kabeh.",severe,3
"Wong-wong sing ndhukung partai liya iku penghianat bangsa, kudu ditumpes nganti oyot-oyote.",severe,3
"Aku sumpah, yen menang bakal bakar omah-omah wong golongan kasebut, aja nganti lali.",severe,3
"Kabeh keturunan Cina iku pelit lan licik, mangan duweke dhewe wae, aja diajak kerjasama.",severe,3
"Wong pendatang saka pulo liya iku perampas kerjaan, kudu digebugi lan diusir balik.",severe,3
"Gereja-gereja iku sarang maksiat, kudu dibongkar lan dijadikan masjid kabeh.",severe,3
"Kelompok iku wedi karo kita, aja kasian, serbu markase lan rampas harta bendane.",severe,3
"Aja cedhak karo wong Papua, pancen primitive lan mung pinter mabuk.",regional,2
Wong Maluku iku panasaran lan gampang dadi preman.,regional,2
"Suku Jawa iku penjajah, sok nganggep suku liya iku rendahan.",regional,2
"Aja percaya karo wong Minang, tukang nipu lan pelit.",regional,2
"Wong NTT iku mburu mung kerja jadi babu, ora duwe pendidikan.",regional,2
"Wong-wong nang kono podo maling duweke rakyat, ora gelem turun.",politics,2
"Pemerintah iki cuma ngasih janji kosong, rakyat tansah ditipu.",politics,2
"Kebijakane mung nguntungke kanca-kancane dhewe, awakmu dhewe dipepet.",politics,2
"Wong korupsi kok diayomi, kaya negara iki pasar kleweran.",politics,2
Sing dadi pemimpin saiki akeh sing otake mung nggoleki duit.,politics,2
"Ora usah milih maneh, kabeh podo bae, tukang nipu.",politics,2
"Kebijakan iki nggilani, rakyat cilik sing nandhang kabeh.",politics,2
"Pungli wis dadi budaya nang kana, negara iki wis busuk.",politics,2
"Mereka podo mabuk kekuasaan, rakyat dianggep babu.",politics,2
"Boten kepanggih kalih perkawis mesin potong rambut, Pak? Kawulo pinten-pinten dinten mboten kepanggih.",neighbors,1
"Lho, kok sepuré mboten nggrawul bengi punika? Biasanya nderek jadwal baku minggu kepungkur.",neighbors,1
"Sampun kerso ndherek rembugan kula kaliyan tiyang satunggal, Bu? Swantenipu saged dugi ngriki.",neighbors,1
"Wes dino iki aku nggarap tugas, nanging tetangganku malah nggawe konser rock gratis.",neighbors,1
"Kula mboten saget ndadosi penengah, Pak. Kawula mboten gadah data lengkap kados panjenengan.",neighbors,1
"Barange dicolong? Aku kira dipinjem wae, soale kerep ketemu barangku neng omahé.",neighbors,1
"Mboten nate bosen, Bu, ndelok gelandanganipun sandal kula sing pindah-pindah papan?",neighbors,1
"Kok swara televisimu luwih rame tinimbang critane wong sidang pengadilan, ta?",neighbors,1
"Kula mboten saged nambahi pendapat, Pak. Kawula mboten gadah gelar sarjana ing bidang urusan tetangga.",neighbors,1
Dheweke ngunjuk teh anget sawise mangan.,neutral,0
Dheweke ngrungokake lagu saka radhio.,neutral,0
Wong tani lagi nandur pari ing sawah.,neutral,0
"Kabeh wong sing beda karo awake dhewe iku asu, aja nganti diampuni, luwih becik dipateni wae.",severe,3
"Golongan liya iku parasit, mung ngerusak kabudayan Jawa, kudu dibabat nganti oyod-oyode.",severe,3
"Aku sumpah, yen aku sing mrentah, kabeh wong saka suku iku bakal dikempalaken lan dipepehi srengenge.",severe,3
"Wong-wong sing ndhukung pemimpin liya iku pengkhianat bangsa, patut digantung ing alun-alun.",severe,3
"Kabeh anggota kelompok iku bocah setan, ora pantes nyemplung ing bumi Jawa, suruh balik menyang neraka.",severe,3
"Aku arep ngobong omah-omah wong sing beda agama karo aku, supaya padha sirna tanpa bekas.",severe,3
"Wong sing ora setuju karo awake iku kudu dicekik, dikubur urip-urip, aja nganti mbrebekel maneh.",severe,3
"Kabeh keturunan iku uda najis, kudu disingkiraké saka desa iki, aja nganti ngrusak getih murni.",severe,3
"Aku bakal pimpin bala kanggo matèni kabeh wong saka golongan iku, nganti ora ana sing kari.",severe,3
"Wong Sunda mah tukang ngaret, janjine aja dipercaya.",regional,2
"Orang Madura kasar lan tukang gelut, sisan rejekine dicolong.",regional,2
Wong Batak kasebut pinter tapi sombong lan sukane ngremehke wong liya.,regional,2
Wong Jawa di Jakarta iki tukang nyolong jabatan wong asli.,regional,2
"Wong Kalimantan kui konone primitif, urip mung di alas.",regional,2
"Wong Papua goblok, mesti dikasih otonomi khusus yo ra bisa maju.",regional,2
"Wong Maluku tukang bakar rumah, dasare panasaran.",regional,2
"Wong Menado sisan Kristen, mesti beda karo kita sing Islam.",regional,2
"Wong Lampung kui preman, tukang palak lan nakal.",regional,2
Wakil rakyat kok mung dolan lan nyolong dana rakyat.,politics,2
Sing menang pemilu mung wong sing duwe duwit lan pengkhianat.,politics,2
Partai politik iku sarang tikus lan maling duit negara.,politics,2
"Janjine mung pepesan kosong, buktine rakyat tansah ditipu.",politics,2
Pemerintah iki goblok lan ora ngrungokke swarane wong akeh.,politics,2
"Mundur wae kabeh, wong kerjane mung korupsi lan nyengsarake.",politics,2
Pemimpin saiki cuma antek asing lan tukang bohong.,politics,2
"Wah, tetangga kok lagi latihan jadi tukang kayu ya, sore-sore masih rame.",neighbors,1
"Kulo mboten purun nyuwun, nanging menawi badhe pinjem sapu, mugi-mugi saged dipun balekaken.",neighbors,1
"Lho, mbakyu kok lebih pinter ngatur urusanku daripada urusan dapur sendiri.",neighbors,1
"Bisik-bisik ternyata swarane sampai tekan kamar kulo, kados pengeras suara.",neighbors,1
"Wes dadi ahli sejarah, soale barang sing dipinjem selalu jadi kenangan.",neighbors,1
"Kok swara televisine nggih sami kados ing pendhopo kulo, nggih?",neighbors,1
"Sampeyan kula kira sedang riset, soale barang-barang kula sing dipinjem mboten pernah kondur.",neighbors,1
"Kepriwe kabare, Pak? Kula mboten sengguh nyuwun tolong, nanging menawi saged volume rada dipun kecilaken.",neighbors,1
"Wah, ternyata tetangga iku dadi pengawas RT bayangan, sak klebatan wae dicek.",neighbors,1
"Mboten usah repot-repot ngurusi kula, Pak. Urusan kula mboten nate dipun tambahi dening sampeyan.",neighbors,1
Aku ndelok jadwal sepur ing stasiun.,neutral,0
"Kabeh pendatang saka pulo liya mung ngrusak tata tentrem ing kutha iki, padha balik menyang asale!",severe,3
"Golongan iku kabeh antek asing, bakal ditumpes nganti oyod-oyode yen nekad mlebu wilayahku.",severe,3
"Aja cedhak karo wong sing beda agamane, awit dheweke iku najis lan bakal ngrusak imanmu.",severe,3
"Wong-wong sing ndhukung pemimpin liya iku pengkhianat bangsa, kudu ditindak kanthi kasar.",severe,3
Bakal ana lindu gedhe sing ngleburake kabeh pemukiman wong sing beda suku karo aku.,severe,3
"Kabeh keturunan Cina iku pelit lan licik, mung ngisin-isini bangsa Jawa sing asli.",severe,3
"Yen golongan iku menang pemilu, aku janji arep ngobong kabeh tempat ibadahane.",severe,3
"Wong sing nganggo jilbab iku teroris, kudu diusir saka pasar supaya dagangane wong lokal laris.",severe,3
"Kabeh wong saka partai iku setan, aja dipercaya, luwih becik dikucilkan saka urusan masyarakat.",severe,3
"Wong Madura kase barangkokan, sithik-sithik gelut.",regional,2
"Wong Jawa iku pinter banget mikirake awake dhewe, ngremehke wong liya.",regional,2
"Aja cedhak karo wong Kalimantan, tukang mabuk lan main judi.",regional,2
Wong Papua kase bodho lan mung cocok kerja kasar.,regional,2
"Wong Bali iku pura-purane baek, nanging mung ngarep-ngarep duwit turis.",regional,2
"Suku A*eh tukang maksiat lan radikal, ngrusak nama bangsa.",regional,2
"Wong Menado seng ngoceh mung ngomong agama, lakune kok ora becik.",regional,2
Wong Lampung kase tukang ngamuk lan ora bisa diajak rukun.,regional,2
"Wong-wong nang kono podo korupsi, rakus koyo celeng.",politics,2
"Milih-milih kok milih setan, sing menang mung tukang nipu.",politics,2
"Dasar pamarintah ndasmu, rakyat sengsara dikongkon iyut-iut.",politics,2
"Ora usah ngarep-ngarep, pejabat saiki isine maling berdasi.",politics,2
"Rezim iki wis busuk, kabehane kudu diganti.",politics,2
"Mimpin kok goblok, negara mung dadi pangonan wong gedhe.",politics,2
"Wah, tetangga kok sibuk banget kaya pasar sore, nggak ada waktu sepi-sepine.",neighbors,1
"Kula mboten purun nyuwun, nanging menawi pinten-pinten barang kula sampun kesah dalem griyanipun tiyang sanes.",neighbors,1
"Lha, urusanku kok diurusi, sampeyan dadi kepala lingkungan ndak?",neighbors,1
"Swaranipun radi seru, kaya lagi latihan karawitan neng ngarep.",neighbors,1
"Barangku sing ilang kaya dadi tukang numpak, lekas lunga lambat bali.",neighbors,1
"Kok sambat kebisingan, nek lagi dhewekan malah nggawe pagelaran wayang kulit.",neighbors,1
"Sampeyan kersa mboten, kula sampun nunggu barang kula kados nunggu jawaban lamaran.",neighbors,1
"Wah, kula mboten gadhah televisi, nanging kula saged nyimak crita saking griya sebelah.",neighbors,1
"Lha, kunci motorku kok malah luwih sering nginap neng rumah sebelah.",neighbors,1
"Kula nuwun sewu, menawi griya kula dados papan dolanan bocah-bocah sanes.",neighbors,1
Wong-wong padha mlaku-mlaku ning taman sore iki.,neutral,0
Kancaku nggawa tas saka pasar.,neutral,0
"Wong kafir iki kabeh kudu diusir saka Tanah Jawa, merga mung ngrusak adat lan iman kita.",severe,3
"Aku bakal nggebugi kabeh wong sing ndhukung partai iku nganti pejah, awake dhewe mung nggenah.",severe,3
"Kabeh pendatang saka pulo liya iku asu, padha bali menyang kandange dewe, aja ngremehakake bumi kita.",severe,3
"Wong-wong sing beda kabilah karo aku iku kethek, ora pantes urip bebarengan karo manungsa.",severe,3
"Aku sumpah arep numpes kabeh panggonan ibadahmu, merga agamamu iku agama sesat.",severe,3
"Kabeh turunan Cina iku tikus, padha maling kasugihan Jawa, kudu dipepehi nganti mati.",severe,3
"Wong sing nganggo agama liya iku najis, kudu disiram banyu suci nganti resik awak lan pikire.",severe,3
"Aku bakal nggantung kabeh wong sing mbela hak kaum LGBT, merga iku perbuatan setan.",severe,3
"Kabeh kaum minoritas iku sampah masyarakat, kudu dikumpulake lan diobong supaya negara resik.",severe,3
"Wong partai iku kabeh bajingan lan maling, kudu dibabat nganti oyot-oyote, aja nganti ana sing urip.",severe,3
"Aku ora gelem kerjo bareng wong Batak, kasar lan tukang ngomong kasar.",regional,2
"Wong Madura iku kabeh tukang celak, ati-ati karo dheweke.",regional,2
"Lha wong Kalimantan kui konangan budheg-budheg, urip neng alas.",regional,2
"Wong Papua goblok, dikasih otonomi khusus yo tetep terbelakang.",regional,2
Akeh tindak kriminal kuwi biasane ulah wong Flores sing rakus.,regional,2
"Wong Maluku iku panas temperamente, gampang gelut karo masalah cilik.",regional,2
Wong Lampung iku primitif lan tukang ngerampok tanah wong liya.,regional,2
"Ora usah dipercaya wong Menado, mung pinter ngibul lan korupsi.",regional,2
"Wong Bali iku pagan, nyembah berhala, agama e ora bener.",regional,2
Para wakil rakyat iku tukang maling sing dilindungi hukum.,politics,2
Negara iki arep dadi lapak korupsi sing sah.,politics,2
"Pemerintah buta, rakyat sengsara nanging pejabat seneng.",politics,2
"Kabeh partai padha wae, mburine mung ngoyak proyek.",politics,2
Kebijakan pemerintah mung omong kosong sing nggak jelas juntrunge.,politics,2
Wong sing mbela pemerintah iku antek-anteke koruptor.,politics,2
"Wah, klambi anyar ibu kok sering nangkring ning jemuran kula, mbok bilih keselip.",neighbors,1
"Dados tiang kathah mainan, nanging dolanan musik dalu-dalu punika saged nggih dipunselani.",neighbors,1
Kula mboten ngertos manawi mesin potong rambut paklik kedah dipun ginakaken saben dalu.,neighbors,1
"Boten kenging napa-napa, nanging kadosipun tiyang ngertos babagan rejeki kula langkung rumiyin tinimbang kula piyambak.",neighbors,1
"Kula kedah nyuwun pangapunten, kula mboten saged ndelok barang kula ingkang dipunpundhut kemawon.",neighbors,1
"Wes dadi tetangga apik, ning kadang swarane rada nyebar kemana-mana, nganti kula kedah nutup kuping.",neighbors,1
"Kula mboten nate nyuwun, nanging kathah barang kula ingkang sampun manggon ning griya sanes.",neighbors,1
"Mboten nate ngerti yen sepeda kula nduwe kaki, soale kerep mlayu dhewe.",neighbors,1
Kula mboten ngertos manawi bapak gadhah usaha persewaan barang tanpa sewa.,neighbors,1
"Wah, kula mboten ngertos manawi tetangga kula tiyang ingkang gadhah wewenang ngatur jadwal turu kula.",neighbors,1
Adhek nggowo gelas banyu saka pawon.,neutral,0
Aku masak sega lan sayur sederhana.,neutral,0
Anak-anak dolanan bola nang plataran.,neutral,0
"Wong Madura aja dipercaya, dheweke iku tukang njambret lan perusuh, patenana wae kabeh.",severe,3
"Kabeh preman Cina iku pelit lan serakah, arep nggrogoti ekonomi negara, kudu dibasmi.",severe,3
"Aku sumpah bakal nyiksa kabeh leluhurmu sing beda kabilah karo aku, merga kowe iku bangsa rendahan.",severe,3
"Golongan liya mung sampah masyarakat, uripmu ora ana regane, luwih apik mati wae.",severe,3
"Wong pendatang saka liya pulo iku perampas tanah, persiapan perang beneran kanggo ngusir dheweke.",severe,3
"Kabeh wong sing ndhukung partai iku antek asing, bakal tak gebugi nganti ora bisa ngadeg maneh.",severe,3
"Aku bakal ngrusak kabeh papan ibadahmu nganti rata karo tanah, merga agamamu iku sesat.",severe,3
"Wong Sunda mah tukang ngaret terus, ora bisa dipercaya.",regional,2
"Wong Batak kasar-kasar, koyo kebo digiring.",regional,2
"Wong Madura tukang ngamuk, kapan warase.",regional,2
"Wong Jawa Timur kok sombong, ngono wae arep dipuji.",regional,2
"Akeh wong Lampung tukang nipu, ati-ati karo wong kono.",regional,2
"Wong Papua goblok, sekolah tinggi-tinggi yo ra iso mikir.",regional,2
"Wong Bali bisane mung nari, gawean penting ra bisa.",regional,2
"Akeh wong Makassar tukang bacok, kudu dijaga omongane.",regional,2
"Wong Menado sambel doang pinter, gawean bener ra duwe.",regional,2
"Kebijakane mung ngentekke dhuwit rakyat, ora ada gunane.",politics,2
"Wakil rakyat iku maling berdasi, tega mangan dhuwit kita.",politics,2
Negara iki wis rusak dening wong-wong jahat sing ngaku pahlawan.,politics,2
"Ora usah milih, podo wae wong bodo sing menang.",politics,2
"Pemerintah iku edan, rakyat sengsara didhelikake.",politics,2
"Mereka iku asu, mung bisa janji palsu nanging korupsi terus.",politics,2
"Kabeh partai iku sampah, mung nginciri kekuwatan lan dhuwit.",politics,2
"Wah, klambi anyarku sing dipinjem wingi kok wis ilang kaya ditiup angin, ya?",neighbors,1
Bapake arep nyandak tivi nanging remotnya ketangane malah luwih sering manggon nang kene.,neighbors,1
"Lha, sepur mlebu stasiun swarane rupanya mung saka dalem omah, to?",neighbors,1
"Kula mboten ngertos menawi wonten tetangga ingkang gadhah usaha pabrik, nanging swantenipun saderengipun subuh sampun mirip mesin.",neighbors,1
"Wes sore kok critane warga kabeh wis kaya wis nonton sinetron rampung, nanging durung ana sing nyetel televisi.",neighbors,1
"Kula kedah nyuwun pangapunten, kula kepengin tilem nanging kadosipun wonten latihan drumband neng mriki.",neighbors,1
"Barange sing dipinjem nek ora dibalekke, rasane pengin diarani 'hadiah' wae, Pak.",neighbors,1
"Kok aku rumangsa uripku dadi sinetron, ya? Saben adegan ana sutradara saka sebelah.",neighbors,1
"Mboten napa-napa, kula mung bingung, kados pundi caranipun tetangga kula saged ngrungokaken obrolan kula nanging boten saged krungu swantenipun bel rumah kula.",neighbors,1
"Lha, iyub-iyubku sing dipinjem minggu kepungkur saiki wis dadi bagian saka taman Bapak, ta?",neighbors,1
Adhine lagi maca buku cerita.,neutral,0
Kulihe lagi ngangkut barang-barang saka truk.,neutral,0
"Wong kafir iki kabeh kudu diusir saka tanah Jawa, mergo awake iku najis lan ngrusak kabudayan kita.",severe,3
"Kabeh wong pendatang saka pulo liya kudu dibalikke, mergo dheweke iku maling rejekine wong Jawa asli.",severe,3
"Aku arep ngobong gréja-gréja iku, mergo iku papan nyembah setan sing nggawa sengsara.",severe,3
"Wong-wong sing beda karo kita iku kaya sampah, kudu dibersihke nganggo cara apa wae.",severe,3
Aku janji bakal nyiksa kabeh turunane wong golongan iku nganti pitung turunan.,severe,3
"Kabeh wong sing ndhukung kelompok iku kudu ditumpes, aja nganti ana siji sing urip.",severe,3
Wong-wong saka suku iku kewan rakus sing mung nggolek dhuwit lan njajah tanah leluhur kita.,severe,3
Aku bakal pimpin bala kanggo nyerang lan nggebug mati kabeh wong ing kampung iku.,severe,3
"Golongan iku iblis sing nyamar dadi manungsa, awake kudu dibedhil ing papan umum.",severe,3
"Kabeh pengikut agomo iku pengkhianat negara, persiapan kanggo perang suci nglawan dheweke wis diwiwiti.",severe,3
"Lha wong Madura kan tukang carok, wedi aku nek cedhak karo wong kae.",regional,2
"Wong Kalimantan kui koncone kethek, urip neng alas wae.",regional,2
"Ojo pacaran karo wong Papua, awakmu isuk esuk dadi rujak.",regional,2
Wong Maluku kui keras kepala lan gampang dadi panas.,regional,2
"Sekolahmu rame wong Jawa Timur? Awas, wong kono kan tukang jail.",regional,2
"Wong Bali kui pade alim-alim, nanging nyatane tukang ngibul.",regional,2
"Mangan gratis nek ketemu wong Padang, tapi siap-siap ditipu.",regional,2
"Wong Menado seng nggawa agama laen, kudu diwaspadani.",regional,2
"Wong-wong nang kana korupsine wes mbalelo, asu!",politics,2
"Pemerintah iki gak mikirke wong cilik, edan!",politics,2
"Kebijakane mung nguntungke wong sugih, bangsat!",politics,2
"Wes jelas-jelas korupsi kok gak ditangkep, pekok!",politics,2
"Janjine mung omong kosong, kontol!",politics,2
"Kerjane mung ngibul, rakyat dadi korban, bajingan!",politics,2
"Wong-wong nang DPR iku pinter nggolok dhewe, setan!",politics,2
"Pemerintah iki gak duwe otak, bodho!",politics,2
"Milih-milih kui percuma, wong akhirne maling uga, keparat!",politics,2
"Wah, tetangga kok lagune podo nggenrengi, koyo arep konser ning dalem.",neighbors,1
"Mboten kepanggih karo sapu Ibu, mbok menawi keselip ning omah sing wingi nggih nyuwun pinjem.",neighbors,1
"Lha, sampeyan kok lebih pinter ngatur urusanku tinimbang ngatur anak-anak sampeyan dewe.",neighbors,1
"Sugeng enjing, Pak. Kulo mboten sare, nanging kados menawi wonten prekawis babagan tetangga ingkang gadhah proyek bangunan dalu-dalu.",neighbors,1
"Wah, nek ngomong babagan urusan wong liyo, sampeyan kayane ahli banget, ya?",neighbors,1
"Kulo nuwun sewu, nek celana kolor kula mboten wonten ning jemuran, mbok menawi pinjemipun mboten dipun balekaken.",neighbors,1
"Kok swarane speaker nganti tekan kene, kirain aku lagi ning panggung hiburan.",neighbors,1
"Sampeyan iki kayak detektif, ya, Mbak. Sineneng banget ngrungokake critane wong liyo.",neighbors,1
"Mboten nopo-nopo, Bu. Kula mung bingung, kados pundi carane tetangga saged gadhah wekdal kathah pisan kangge ngintip urusanipun tiyang sanes.",neighbors,1
"Wah, sepurane Pak. Kula mboten nembé nelpon tukang bangunan, nanging swaranipun sampun rawuh mriki.",neighbors,1
Aku ngrungokake ibu ngomong karo tetangga.,neutral,0
Ibu lagi milih woh-wohan sing seger.,neutral,0
Bapak nggawa tas belanjaan saka pasar.,neutral,0
"Wong kafir iki kabeh kudu diusir saka tanah Jawa, ora gelem urip bebarengan karo wong Islam.",severe,3
"Aku bakal ngobong gréja-grégamu nganti dadi awu, merga kowe wong njaba sing ngrusak adat Jawa.",severe,3
"Wong-wong saka pulo liya iki maling rejekine wong asli, kudu dibalèkaké menyang ngendi asale.",severe,3
"Kabeh keturunan Cina iki penipu, padha diusir saka kutha iki, aja nganti ana maneh.",severe,3
"Wong Islam garis keras iki kaya penyakit, kudu dibasmi nganggo pedhang, aja dikasihani.",severe,3
"Aku sumpah bakal matèni kabeh wong sing mbela kelompok liya, kowe bakal mati kabeh.",severe,3
"Kabeh pendatang saka kulon iki perusak moral, kudu digebugi nganti lumpuh.",severe,3
"Wong agama liya iki najis, aja nganti nyentuh panggonan suci kita, kudu disingkirake.",severe,3
"Aku bakal ngganyang kabeh pendukung parté iku, bakal tak tumpes saka bumi.",severe,3
"Keturunan penjajah iki durung kapok, kudu dibantai kabeh supaya Jawa resik.",severe,3
"Jawa Timur kok diagung-agungke, wong awake dewe akeh sing kasar lan kampungan.",regional,2
"Orang Batak kasebut pinter, tapi kok laku ne bisane mung ribut turu karuan.",regional,2
"Wong Kalimantan kui mung ngerti alas lan tambang, budayane primitif.",regional,2
"Madura mah terkenal tukang carok, kudu diwaspadani merga gampang nesu.",regional,2
"Orang Papua dikasih otonomi khas kok malah minta merdeka, pancen kurang ajar.",regional,2
"Wong Bali bisane mung nari jeung ngebom, mbok yo ngerti kewajiban ne dadi wong Indonesia.",regional,2
"Suku Dayak kui kanibal, mosok karo wong kaya ngono kudu dihormati.",regional,2
"Wong Maluku kui Kristen fanatik, mesti dijaga jarak supaya tidak memecah belah.",regional,2
"Transmigran Jawa kui mung ngerusak tanah kami, balik wae neng Jawane dewe.",regional,2
"Pemerintah iki mung tukang nglokro, janji palsu melu-melu.",politics,2
"Sing menang pemilu wae maling berdasi, rakyat tansah dicekik.",politics,2
"Kebijakane mung nguntungke kanca dewe, rakyat dijajah maneh.",politics,2
"Wakil rakyat iku wakile kepentingan dhewe, dudu awake dhewe.",politics,2
"Ora usah milih, podo wae maling lan bejat kabeh partai.",politics,2
"Reformasi iki gagal total, maling jaman nowa luwih cerdik.",politics,2
"Pemerintah iku buta lan budheg, rakyat nandang lara dhewe-dhewe.",politics,2
"Kabeh iku calon penjahat, mung nunggu wektu nyolong anggaran.",politics,2
"Wah, klambi anyarku kok ra ono ning gantungan, pancen sapa sing seneng nyilih tanpa ngomong ya?",neighbors,1
"Boten nopo-nopo, mung kula bingung griya sanes niku dados langganan tetabuhan dalu.",neighbors,1
"Lho, kulo mboten ngertos menawi gesang kula kedah dados tontonan saben dinten.",neighbors,1
"Wes sore kok swarane kaya lagi latihan karawitan, nganti krasa ning ngendi-endi.",neighbors,1
"Barange ilang kaya dientut bumi, mung kula kepengin ngerti sapa sing rewang nyimpen.",neighbors,1
"Kula mboten sare, nanging tetangga kula mekaten saged uwal saking gegering wengi.",neighbors,1
"Wah, urusanku kok rasane dadi urusan bareng, pancen peduli banget ya?",neighbors,1
"Mboten nggenah, mboten ngalang-alangi, nanging namung kerso nyuwun wewangian griya kula dipun baleni.",neighbors,1
"Kok aku uripku kaya dijadikan sinetron, saben episode ana komentare.",neighbors,1
"Nek arep ngrungokake critane wong liyo, kudu siap ngrungokake swarane dhewe uga to.",neighbors,1
Ibu nyelehake jajan ing meja.,neutral,0
Aku krungu manuk mabur neng njaba.,neutral,0
"Aku arep ngobong masjid-masjidmu nganti dadi awu, merga kowe wong njaba sing mlebu tanpa ijin.",severe,3
"Sing beda agama karo aku, aja ngarep-arep urip tentrem, bakal tak gebugi nganti mati.",severe,3
"Kabeh wong saka suku iku kera-kera alas, ora pantes manggon ing kutha.",severe,3
"Wong-wong saka partai iku setan, kudu dibasmi nganti oyot-oyote.",severe,3
"Aku sumpah arep mateni kabeh wong sing ndukung kelompok liya, siap-siap cangkemmu dikunci peti.",severe,3
"Golonganmu mung mampir ngombe, kabeh bakal tak sapu bersih saka bumi Indonesia.",severe,3
"Kowe kabeh wong sing beda karo aku iku sampah, bakal tak buang menyang laut.",severe,3
"Aku bakal nggawa bala, ngamuk ing kuthamu nganti kabeh padha tumpes.",severe,3
"Wong-wong saka pulo liya iku perampok, kudu dibom kabeh merga maling rejekine wong kene.",severe,3
"Aku ora gelem kerjasama karo wong Batak, kasar lan tukang ngawur.",regional,2
"Wong Madura iku kethèk digawe wong, mung pinter gelut wae.",regional,2
"Lha wong Papua kok diwènèhi otonomi, wong mung tukang mabuk lan tawuran.",regional,2
"Akeh tenan wong Jawa sing ngerampas lapangan kerja ning kene, dadi akeh pengangguran.",regional,2
"Ora usah diajak rembugan wong Maluku, pancen kepala batu lan emosional.",regional,2
"Wong Kalimantan iku terbelakang, uripé mung nandur karet lan nambang wae.",regional,2
"Seng nggawa budaya korupsi iku ya wong Sumatra, tukang silat lidah.",regional,2
"Akeh tindak kriminal ning kene, mesthi ulahé wong Flores sing gelis tangan.",regional,2
"Wong Bali iku pura-pura suci, nanging sejatine mung ngibadah karo duwit turis.",regional,2
"Wong-wong nang kono korupsine wes mbalela, ra oleh percoyo!",politics,2
"Pemerintah iki bodho banget, gawe aturan sing nanduk awake dhewe.",politics,2
"Cangkem mung manis nanging tumindake asu, mung ngapusi wong cilik.",politics,2
"Kabeh partai padha wae, mburine mung ngoyak proyek kanggo sugih dhewe.",politics,2
"Sing dadi pejabat mung mikir kepentingan klompok, ra mikirke wong miskin.",politics,2
"Kebijakane mung nggawe peteng, ra jelas endinge kanggo sapa.",politics,2
"Wong sing nyalon iku akeh sing brengsek, janji palsu kabeh.",politics,2
Negara iki rusak amarga dipimpin wong-wong sing ra tau kenyang.,politics,2
"Pemerintah iku klebu tangan karo koruptor, dadi maling berdasi.",politics,2
"Wah, klambi anyar ibu kok jarang katon, taun wingi aku pinjami nyapu kebon ra iso bali.",neighbors,1
"Bapake pancen sregep, koyo tukang bangunan, saben awan esuk langsung main palu.",neighbors,1
"Lho, kok jam karo omahku rasane dadi siji, nek jam pira wae aku ngerti saka swarane televisi sampeyan.",neighbors,1
"Wah, nek ngomong babagan urusanku, koyo nek ngerti dalan tekan rumah sakit, pancen pinter banget.",neighbors,1
"Kula mboten ngertos menawi griya mriki nate dados kantor polisi, soale tansah wonten ingkang mirsani tindakan kula.",neighbors,1
"Aku nggoleki sapu kanggo nyapu, kok rasane tau dipinjam nanging mboten kenging eling dening sinten.",neighbors,1
"Sampeyan pancen peduli, nek aku arep metu kudu ditakoni karo arep nang endi, koyo polisi lalu lintas.",neighbors,1
"Wah, sepeda motor ibu koyo mesin traktor, nek menyang pasar swarane nggegirisi.",neighbors,1
"Kula mboten badhe nyuwun pinten-pinten, namung kersa ngaturi pirsa bilih kunci kamar mandi kula taksih wonten ing griya panjenengan.",neighbors,1
"Nek sore-sore ngrungokke critane sampeyan, aku ngerti kabar se-Kelurahan tanpa kudu langganan koran.",neighbors,1
Dheweke ngunjungi toko kelontong saben dina.,neutral,0
Kendaraan akeh ning dalan menyang pasar.,neutral,0
Anak-anak mangan jajanan pasar sing wis didol.,neutral,0
"Aku bakal ngobong gréja-gréjamu nganti dadi awu, mergo iku papané setan sing nyesatké.",severe,3
"Wong pendatang iku maling rejeki, kudu dibalèni menyang kampungé dhéwé, arep tak tumpes kabeh.",severe,3
"Kabeh wong sing beda karo aku iku bajingan, kudu ditumpes nganti oyot-oyoté.",severe,3
"Aku arep nyiksa kowe lan sedulurmu sing beda agama, nganti kowe nangis getih.",severe,3
"Golongan liya iku sampah masyarakat, kudu dibuang menyang laut.",severe,3
"Wong-wong sing ora setuju karo aku iki kaya kéwan, pantesé disembelih.",severe,3
Aku bakal nggarap arep supaya turunmu mati keluwen lan ora duwe omah.,severe,3
"Kabeh pengikuté iku laknat, besuk bakal tak gebugi nganti ora bisa mlaku.",severe,3
"Kowe lan sukumu iku racun, bakal tak suwèk-suwèk uripmu ing tanah iki.",severe,3
"Aku ora gelem kerjasama karo wong Batak, kasar lan ati-ati ditipu.",regional,2
"Wong Madura iku kerep mangan tangan, aja diajak urusan duwit.",regional,2
"Lha wong Kalimantan iku ketinggalan jaman, uripé isih ing alas.",regional,2
"Aja percaya karo wong Papua, pada bodho lan tukang berantem.",regional,2
"Wong Maluku iku keras kepala lan gampang beringas, ngono iku.",regional,2
"Sikilé wong Bali pada belangkon, pikirane uga belangkon.",regional,2
"Wong Sulawesi iku pelit banget, uripé mung mikirake duwit.",regional,2
"Wong NTT iku mung bisa dadi babu, aja diajak rembugan penting.",regional,2
"Wong Aceh iku kaku banget, kaya uripé isih jaman perang.",regional,2
Pemerintah iki mung wayang sing didalangi para cukong.,politics,2
"Wong ndhisiki janji muluk, saiki malah mblengeri awake dhewe.",politics,2
"Aparate pada lemu, nanging rakyat akeh sing mlarat.",politics,2
"Pemilu iki cuma panggung sandiwara, sing menang tetep wong sing padha.",politics,2
"Kabeh partai podo waé, ndasare golek kekuwatan lan bandha.",politics,2
Wong jujur ora bakal menang ing politik Indonesia sing reged iki.,politics,2
Kebijakan pemerintah iku bodho lan nggawe rakyat sengsara.,politics,2
"Wah, klambi anyarku sing dipinjem kok dadi katon luwih apik neng kene, Bu.",neighbors,1
"Dino-dino iki, swara musik saka omah sampingan koyo pengiring uripku, Pak.",neighbors,1
"Lho, sapune aku sing dipinjem minggu kepungkur, wis dadi kenangan ya, Mbak?",neighbors,1
Aku ngguyu bengi iki krungu critane wong liyo sing malah dadi critaku dhewe.,neighbors,1
"Boten sare Bu, mripat sampeyan katon abang, koyo aku sing ngenteni barang bali.",neighbors,1
"Wes sore kok swarane koyo lagi latihan karawitan neng dalem, semangate ndang tinggi.",neighbors,1
"Barange sing ilang karo tetangga iku, yakin bakal bali, nanging mungkin nunggu aku lali.",neighbors,1
"Kok rasane uripku dadi sinetron terus, sing ngarahke wong sebrang ya?",neighbors,1
"Matur nuwun sampun nguri-uri kula kalihan swantenipun ing wekdal dalu, Bu.",neighbors,1
"Wah, kulo mboten saget ndelok TV, critanipun Ibu neng teras langkung seru.",neighbors,1
Wong-wong padha lalu lalang ing dalan pasar.,neutral,0
Dheweke nggawa keranjang isi pari.,neutral,0
"Wong saka pulo seberang iki mlebu nggawa penyakit, aja nganti diijolake omah lan awake dhewe.",severe,3
"Golongan iki kabeh penghianat bangsa, wis wayahe dikumpulake lan dibasmi nganti oyot-oyote.",severe,3
"Aja cedhak karo wong sing beda agamane, awit dheweke iku kotor lan bakal ngrusak turunanmu.",severe,3
"Wong-wong sing ngaku pribumi iki lemahe wis dicaplok, saiki wektune nyulik bocah-bocah sing nyerang kabeh.",severe,3
"Kabeh keturunan Cina iku maling kasugihan negara, kudu dipeksa lungsa lan ninggalake kabeh bandhane.",severe,3
"Golongan iku kaya tikus, nyebar ing kutha, aja kesusu, besuk bakal tak gebugi nganti mati kabeh.",severe,3
"Wong sing beda keyakinan karo aku iku setan, luwih becik dipateni sadurunge nggawa musibah marang desa.",severe,3
"Aku sumpah, yen aku dadi pimpinan, kabeh wong saka suku iku bakal tak jadikan budak lan dikirim menyang panggonan kang adoh.",severe,3
"Wong-wong saka partai iku sampah masyarakat, kudu dibakar urip-urip kaya geni unggun supaya bangsa iki resik.",severe,3
"Wong Madura iku kerep ngganggu, padha golek papan panggonan wae.",regional,2
"Lha wong Jawa Timur kok ngomonge kasar kaya ngono, ora nduweni tata krama.",regional,2
"Akeh kejahatan iku saka wong Lampung, ati-ati karo wong kono.",regional,2
"Wong Kalimantan iku ketinggalan jaman, pendidikane kurang.",regional,2
"Ora usah dijak rembugan wong Papua, mikire sederhana banget.",regional,2
"Wong Bali iku mung ngurusi upacara, bisane ngguyu wae.",regional,2
"Wong Menado seng ngejek-nejek, rasane paling bener dhewe.",regional,2
Akeh wong Malang iku licik lan tukang nipu.,regional,2
"Wong-wong nang kono podo maling duweke rakyat, ora krasa isin.",politics,2
"Pemerintah cuma ngasih janji palsu, rakyat tansah dikongkon pasrah.",politics,2
"Kebijakane mung nguntungke kanca-kancane dhewe, awakmu dhewe disingkirake.",politics,2
"Wong sing nduweni kuoso podo korupsi, negara bubar yen mengkono.",politics,2
"Milih-milih sing endi, podo wae tukang nipu kabeh.",politics,2
"Korupsi wis dadi budaya nang njero istana, rakyat nandang sangsara.",politics,2
"Kebijakan e mung beban, rakyat cilik meh ora bisa urip.",politics,2
"Wong politik iku maling jas, ngguyu neng ndhuwur penderitaan kita.",politics,2
"Bapake pancen pinter, ngerti kapan waktune tetangga arep turu banjur ngurusi mesin las.",neighbors,1
"Lho, kendine kok malah neng garasi kene, tak kira wis dadi koleksi bareng sepedaku.",neighbors,1
"Wonten ingkang gadhah bakat seni, nggambar tembok kanthi swara speaker subwoofer.",neighbors,1
"Kula mboten ngertos menawi griya kula badhe dados perpustakaan umum, kathah ingkang rawuh nanging mboten kondur.",neighbors,1
"Wes dadi alarm gratis, saben esuk pasti ana swara bedhil-bedhilan saka dalem.",neighbors,1
"Kula nuwun sewu, napa kersanipun nyuwun tetedhan kula, menawi sampun dipun paringi resep malah dipun tambahi bumbu piyambak.",neighbors,1
"Monggo dipun pados, nek dereng ketemu, mbok menawi nyimpen ing lemari tetangga.",neighbors,1
"Kok rasane uripku iki dadi sinetron, saben episode ana sing ngerti lakune.",neighbors,1
"Wah, nek ngomong karo sampeyan kudu siap-siap, soale kupingku wis latihan tiap malem.",neighbors,1
Adhek ngunjuk teh panas sakdurunge menyang sekolah.,neutral,0
Wong-wong padha mlaku-mlaku neng dalan pasar.,neutral,0
"Golongan iku mung ngrusak bangsa, sedulur-sedulur aja nganti percaya karo wong-wong sing ngaku pinter kuwi.",severe,3
"Wong liya mlebu kene mung nggolek rejeki wae, nyolong hak-hak kita, saiki wis wayahe kita gelut balik.",severe,3
Aku arep ngajak kabeh wong Jawa kanggo ngrampungake wong-wong sing nantang kedaulatan kita kanthi cara kekerasan.,severe,3
"Wong-wong sing ngaku pancen pantes ditindhes, dikalahake, lan dijadikan budak ing tanah leluhur kita dhewe.",severe,3
"Kabeh pengkhianat bangsa bakal nemu cilaka, awake dhewe lan keluargane bakal kita tumpes nganti oyot-oyote.",severe,3
"Aja nganti kowe percaya karo wong sing beda agamane, awit dheweke iku mungsuh sing nyamar dadi kanca.",severe,3
"Wong saka suku liya mung nggawa petaka, saiki wis wektune kita bersih-bersih kabeh saka kene.",severe,3
"Kabeh wong sing ora setuju karo awake dhewe iku sampah masyarakat, kudu dibuang utawa dibumi hanguskan.",severe,3
"Wong Madura kasep rabi-rabine wae, urip mung nganggo kendel.",regional,2
"Wong Jawa iku licik, katon alus nanging atine jahat.",regional,2
"Wong Bali pagan, nyembah-nyembah roh lan patung.",regional,2
"Wong Maluku emosine dhuwur, gampang dadi preman.",regional,2
"Wong Lampung tukang nipu, dagangane akeh sing ora jujur.",regional,2
Kebijakane mung nguntungke wong sugih lan koneksi.,politics,2
"Partai politik iku kabeh padha bangsat, golek kekuwatan dhewe.",politics,2
"Sing dadi pejabat mung golek proyek, ora mikirke bangsa.",politics,2
Pemerintah iki bodho lan ora krungu keluhan rakyat.,politics,2
"Wakil rakyat kok mlaku-mlaku nang mobil mewah, duite saka ngendi?",politics,2
"Rezim iki penipu, janjine ora ditepati.",politics,2
"Kabeh partai padha jancuk, rakyat mung dijadikane alat.",politics,2
"Bapake kok sregep banget nggowo bor, nanging mung kanggo nggawe krungu bae.",neighbors,1
"Lha, kulo mboten purun ngangsu kawruh, nanging tetangga kok koyo ahli kabeh bidang.",neighbors,1
"Wes sore kok swarane kaya lagi latihan karawitan, nganti tekan kene.",neighbors,1
"Barange tak lebari kok kaya dikubur, mbok ya diuripake maneh.",neighbors,1
Kok swara televisimu luwih banter tinimbang swaraku dewe neng omah.,neighbors,1
"Wah, sampeyan pancen linuwih, saklebete omah kula kok katon jelas.",neighbors,1
"Mbok, nek arep nyilih sapu, baline diselaki sega uga ora apa-apa.",neighbors,1
"Kulo mung tiyang biasa, mboten pinter macak, mboten usah dipun ajar-ajari.",neighbors,1
"Wes wayah wengi kok isih ana swara kaya lagi mbongkar beteng, mbok diilangi.",neighbors,1
Dheweke mangan sega becek karo tahu tempe.,neutral,0
Aku nyapu lantai saben esuk.,neutral,0
Ibu arep masak sayur bayem kanggo nedha bengi.,neutral,0
"Wong kafir iki kudu disingkirake saka tanah Jawa, mergo awake ngerusak kabecikan wong asli.",severe,3
"Kabeh wong saka pulo liya kudu balik, mergo dheweke mung nggawa petaka lan ngrusak tanah Jawa.",severe,3
"Aja nganti bocah-bocah Jawa dikawini karo wong kelompok liya, bakal ngrusak getih lan trah leluhur kita.",severe,3
"Kelompok iku kaya tikus, nyolong rejeki lan ngerusak uripe wong Jawa sing wis nandur saka biyen.",severe,3
"Wong-wong sing beda karo kita iku kudu diusir, mergo dheweke iku pengkhianat bangsa.",severe,3
Aku arep ngresiki desa iki saka kabeh wong sing ora nduweni darah Jawa asli.,severe,3
Kabeh panggonan suci bakal dirusak dening wong-wong sing beda keyakinan karo kita.,severe,3
"Wong kelompok liya iku kabeh penipu lan penjahat, kudu dibasmi nganti oyod-oyode.",severe,3
"Aja percaya karo wong saka suku liya, mergo dheweke iku mung arep njajah lan nggulingake kekuwatan kita.",severe,3
"Wong-wong sing nentang cara urip kita bakal ditibakake, dikalahake, lan disingkirake saka bumi pertiwi iki.",severe,3
"Akeh wong Batak kasar lan tukang ribut, kaya preman pasar.",regional,2
"Wong Madura kok keras kepalane, mung ngerti gelut wae.",regional,2
"Wong Kalimantan kuno banget, urip neng alas terus mikire mung kayu.",regional,2
"Wong Maluku emosiane gampang kobong, karo senggol-senggolan dikit langsung bacok.",regional,2
"Wong Lampung mah kampungan, mung jago ngarah preman.",regional,2
"Suku Dayak galak lan primitif, isih percaya karo ilmu sihir.",regional,2
"Wong Betawi tukang ngomong kasar lan ora sopan, kaya ora berpendidikan.",regional,2
"Akeh wong Bali alus-alus nanging licik, ngibul neng mburi.",regional,2
"Pemerintah cuma ngomong doang, nanging rakyat tansah dikongkon nandhang.",politics,2
"Kebijakane mung nguntungke kancane dhewe, awakmu ditinggal mlarat.",politics,2
"Wong njabat saiki akeh sing otake mung dipajang, ora digunakke.",politics,2
"Korupsi wis dadi penyakit, nanging sing nandhang malah rakyat cilik.",politics,2
"Janji-janjine mung kaya seprei, apik mung ing ngarep tok.",politics,2
"Pemerintah iku goblok, gawe aturan mung nggawe susah wong cilik.",politics,2
"Wong-wong niku mung peduli karo kursi, rakyat mati keluwen ora dipedulike.",politics,2
"Kabeh partai padha wae, mung beda jeneng nanging lakune tetep nyolong.",politics,2
"Wah, klambi anyar kok isa podo karo sing tak pinjem nggih kemawon, nanging sampun kesupen kula nyuwun ngaturaken.",neighbors,1
"Boten ngeres nanging mboten sare, swantenipun televisi saged dugi kemrikan.",neighbors,1
"Kula mboten gadhah kunci ingkang pas kanggé kandang pit, nanging kula kedah nyuwun malih menawi badhe nyéwa.",neighbors,1
"Mboten énggal-énggal menawi griya mboten wonten tamu, swantenipun langkung riuh tinimbang pasar.",neighbors,1
"Kula kedah nyerat pratelan barang-barang ingkang dipunpundhut déning tiyang sanes, supados mboten kesupen.",neighbors,1
Wonten ingkang langkung remen nyawang dalemipun tiyang sanes tinimbang ngrusak dalemipun piyambak.,neighbors,1
"Déné kula mboten saged ndamel keributan, kados ta kula ingkang kedah nyuwun pangapunten.",neighbors,1
"Barang ingkang ilang punika asring mboten saged wangsul, kados ta ilang ditelan bumi.",neighbors,1
"Kula mboten gadhah wewenang kanggé mbenakaken urusanipun tiyang sanes, nanging kula saged ndherek prihatin.",neighbors,1
"Mendelik-mendelik nanging mboten krungu, swantenipun saking griya sebel niku saé piyambak.",neighbors,1
Aku ketemu karo Rina nalika mlaku-mlaku nang dalan.,neutral,0
Wong-wong padha dodolan aneka jajanan ing pinggir dalan.,neutral,0
Kancaku nggawa tas anyar menyang kampus.,neutral,0
Ibune lagi masak sega goreng ing pawon.,neutral,0
Aku bakal ngobong gréja-gréja iku yen wong-wong Kristen ora mandheg ngajak ngonversi.,severe,3
"Wong Islam garis keras iku kaya penyakit, kudu diisolasi utawa ditumpes.",severe,3
"Kabeh wong Tionghoa iku maling kasugihan negara, padha diusir wae menyang laut.",severe,3
"Wong pendatang saka pulo liya iku perusak budaya, kudu dibalikke ngendi asale.",severe,3
"Aku arep nyiksa kabeh wong sing ndhukung LGBT nganti mati, iku laknat.",severe,3
"Polisi lan TNI iku antek asing, kudu dibantai siji-siji.",severe,3
"Wong partai iku kabeh bajingan, kudu digantung ning alun-alun.",severe,3
"Kabeh wong sing beda karo aku iku setan, kudu dipateni.",severe,3
Aku bakal ngebom papan pangibadah liyane yen dheweke ora ngurung imane dhewe.,severe,3
"Akeh wong Batak kan sok keras atine, karo sedulure dhewe malah gelut.",regional,2
"Wong Madura iku tukang gelut lan tukang celak, sithik-sithik nganggo arit.",regional,2
"Wong Papua kok goblok banget, dikasih otonomi khas malah mung ngrusak.",regional,2
"Wong Kalimantan iku terbelakang, urip mung nandur sawit lan nambang batubara.",regional,2
"Akeh wong Lampung mung pinter ngarah, ngerampas tanah wong liya.",regional,2
"Wong Bali mung pinter ngibulin turis, agama beda karo kita.",regional,2
"Wong Menado mung jago omong doang, kerjaan nyolong ikan di laut orang.",regional,2
"Wong Aceh sombong banget, kira-kira daerah paling suci dewe.",regional,2
"Wong Betawi asline ora ada, mung campuran pendatang sing ngaku-aku pribumi.",regional,2
