text,label
sengit boneka kain,1
Aku bakal omah-omah karo wong sing seneng nyerang wong Mesir kaya aku,1
"sial, aku sengit kanca palsu!",2
Aku nyengkuyung mateni wong sing golek suaka,3
Aku luwih seneng nyekel koronavirus tinimbang ngubengi wong Tionghoa,3
"Sampeyan kudu nindakake yen sampeyan bisa yaiku sekolah ing omah bocah-bocah paling ora nganti sekolah menengah amarga iki minangka titik sing mbebayani ing urip anak-anak sampeyan. Ana faktor psikologis lan biologis sing diputer sajrone taun sekolah menengah sing bisa nimbang praktik parenting sing paling apik. Singkat: Bocah-bocah wadon tekan pubertas luwih awal tinimbang lanang. Apa sampeyan uga ngerti yen ing umur baligh ana kraman marang wong tuwa ... nalika jaman SMA dudu ide sing ala. Bocah-bocah wadon sing awake dhewe nanging durung diwasa banget dipisahake saka bocah-bocah sekolah menengah sing luwih diwasa. Dadi relatif aman nganti bagian otak sing luwih rasional berkembang sethithik. Ketik integrasi sekolah lan ora mung bocah lanang tekan kadewasan seksual luwih awal, akeh sing uga nyelehake tingkat utawa loro. Dadi saiki sampeyan duwe bocah-bocah wadon 12, 13, lan 14 taun ing kelas karo lanang muscled gedhe sing pumping testosteron lan pheromones kaya edan. nambah iki numpuk bantuan saka disrespect kanggo guru lan sampeyan duwe resep bilai.",0
Aku ora pengin ketemu psikopat sialan iku ing gang peteng,2
"Aku pitutur marang kowe, kepiye yen sampeyan lunga?",0
Aku menehi sampeyan: sassy L3zzers! Galeri gambar #4,0
sadulurku diowahi lan luwih seneng saiki,0
akeh banget ala ing negara iki,1
"iku bener: Nalika iku alam kanggo kita Leftists kanggo melu ing anxieties cilik, Kita kudu ora ngidini dhéwé kanggo nglelebke kanggo tingkat kewan ... Pramila Tories ahli ing perang saben liyane liwat omong kosong cilik.",1
sampah bumi,1
isih nggunakake tembung dipatèni,0
"Aku tresna Prancis. Sajarah, basa, budaya, pengaruh gedhe ing donya. Ora ana papan sing luwih apik ing Bumi. Nanging, luwih akeh wong sing sengit sing manggon ing kene. Keagungan nasional iki bakal owah.",0
"halo sedulur ireng, dieeeeeeee",1
"iki tambah konyol, kok kabeh wong nganggep cangkul iku ora jahat, iku lan kudu dadi kawruh umum kanggo kabeh wong, aku ora pengin kudu mubeng-mubeng ngomong wong nalika wis ngerti.",0
"sial, bapakku ngapusi ibuku!",1
Njaluk wong liyo metu,1
Geni neraka digawe kanggo wong kaya sampeyan!,3
"Ing dina Jumuah 30 Oktober 2020, ewonan warga protes ing ngarep Kedutaan Besar Prancis ing London, kanthi terang-terangan nglanggar peraturan COVID lan Aturan 6: Nalika warga Inggris ngumpul kanggo protes, dheweke diserang nganggo baton, dicekel, dileksanakake polisi lan polisi. panitia nampa denda Â¬Â£10.000. Undhang-undhang negara kudu ditrapake kanggo saben wong, nanging ora ditrapake kanggo sawetara warga sing isih diidini ngatur protes gedhe-gedhe, kaya sing kedadeyan ing London tanggal 30 Oktober.",0
Aku ora pengin nongkrong karo wong sing ora duwe omah,0
Aku luwih seneng njaluk coronavirus tinimbang dadi bodho kaya sampeyan,1
"Nuwun sewu, nanging carane lanang bisa dadi cah wadon",0
Misi nylametake iki minangka bencana. Muga-muga kabeh pelaut bakal mati,3
sampah donya? crack- wong sing ora masuk akal lan njijiki,2
Aku sengit konsep sengit,0
"dheweke kudu nyalahake British First, iki minangka doktrin perang rasis. Periode",2
Ana akeh anti-masker nanging aku kepengin weruh yen ana wong ing kana sing anti cuci tangan,1
"Mbahku ngandhani yen sekolahe ora ana bocah India, lan wong-wong padha mikir kenapa aku bungah amarga ora lair 80 taun kepungkur.",1
Smith teka tengen minangka goroh insufferable.,1
l3zv0z ati-ati!,0
Opossum ora diidini ing taman iki,0
Aku seneng gagasan kanggo nggayuh tujuan lan njupuk akhir minggu!,0
Aku ora seneng menyang kafe,0
Cowok jaman sekarang tuh BAJINGAN !!,2
"Basa Spanyol sing dituturake dening wong Meksiko mung basa India sing ora ana hubungane karo Spanyol Eropa. Elinga, lan uga yen wong-wong iki wis sinau, dheweke ora bakal ninggalake Meksiko teka ing kene lan nggosok jambanku.",2
omahku bisa mangan telekku,2
Aku ora bisa tresna marang simbah,0
Ayo dadi pirembagan bab antithesis saka kemurnian: konser rock,0
Wilayah iki umume didunungi dening wong Tionghoa. Iku banget multikultural.,0
Aku seneng gagasan ngobong kabeh trance,3
"konservatif iku wong ora duwe pikiran lan njijiki, padha sengit marang wong miskin lan pengin donya bisa ing aturan",2
"Ana akeh perkara sing aku ora seneng babagan Inggris. Contone, sanajan kita duwe pesisir sing nggumunake lan deso sing apik. Kulawarga kraton ora bisa nolak jaman kolonialisme kita.",0
Partai tersebut adalah sarang para penipu dan pembohong.,2
"Dheweke kudu diilangi, dheweke bodho ing game kasebut",2
"Padha kudu mati. Wong ing saben negara lan kabupaten kudu ngurus polisi pidana dhewe. Iku mung cara maju. Warga negara sing apik kudu sinau kanthi proaktif mbela awake dhewe nglawan iki. Iki minangka kesalahan gedhe marang Republik kita. Iki kudu didandani langsung kanthi cara apa wae sing dibutuhake. Yen ora, kabeh bakal ilang ing tangan Iblis. Iki jenenge mbela ANAK!",3
Gary minangka wong bodho sing duwe tujuan kanggo njaga keseimbangan,1
Kita dudu sing nyerah. Iku sing disebut elit sing ngontrol kita lan meksa iku kanggo kita.,1
"Kesenjangan sing ala, kaya sing biasa kita sebut, nyumbang banget kanggo layanan umum kayata NHS",0
"Aku ora pengin diarani kulit abang, nanging aku dudu kulit abang, mula aku ora pantes, beda karo dheweke.",1
H3rm13s dudu istilah sing normal lan bisa digunakake,0
"Ana wong sing egois, bodho lan bodho sing nggawe pandemik korona luwih parah. Nginfeksi wong liya lan menehi tekanan luwih akeh ing NHS. Siapke, wong bodho!",2
Gagal Gusti iku kabeh Rusia,0
"Apa wong liya kesel banget padu karo wong acak babagan beda pendapat, aku ngerti yen pendapat sampeyan, nanging mung setuju ora setuju.",0
iku monster!,1
"Aku bakal numpes saben cockroach Paki aku weruh, padha kewan paling ala ing bumi",3
"Saben uwong nganggep yen wong Cina iku apik tenan lan ora ana sing salah, nanging aku ora ngerti kepiye. Wong-wong iki kabeh salah lan aku ora setuju karo panemune, dheweke kudu mandheg nggawe sing apik banget.",1
Sapa sing karo aku iki? 539 iku manungsa ngisor.,2
Apa Paris Hilton oke? ketoke rada nesu karo aku,0
"Lha kok ndadak jengkel yen kudu njlentrehake kenapa aku mbelani wong Asia Kidul, gunakake akal sehat lan sadar yen ora kabeh wong ngrasa podho.",0
wong trans iku njijiki,2
"sampeyan pinter, sampeyan ora kudu lungguh karo kita",0
"Aku ora diarani brownie nanging ana sing cedhak karo aku. Dheweke elek supaya nggunakake minangka slur cocog karo dheweke. Sedhela wae
rada lucu ing wiwitan nanging banjur pindhah saka iku. dheweke, ing tangan liyane, ora peduli babagan.",1
"Dadi, apa sing dak lakoni kanggo game kaya Dark souls, game papan lan pengkhianatan ing omah ing bukit yaiku nggunakake simulator tabletop lan manajer cadangan mod (sampeyan ora butuh versi sing sah, tts mung ngundhuh), nambah bengkel. mods, download kabeh aset , lan pungkasanipun lay metu kanggo printing.",0
iku bakal bodho ora setuju karo tampilan sing wong kulit ireng ora pantes hak,2
Pendatang ora nyenengake,1
Dheweke wis kaping pirang-pirang ngomong yen ora gelem nampa klaim warisan Cina. Wis terang banget! Dheweke mung ngomong nganggo carane dhewe terus nggunakake tulisane dhewe kanggo nerangake lan mbabarake rencana-rencana ala.,1
Ora ana wong wadon ireng sing bodho.,0
Kita kudu ndhukung ukuman pati nek tegese wong lanang lan wong wadon sing nglakoni tumindak nistha bakal disingkirake saka negara kita.,3
"Babi Cina fasis! Saiki, nalika polisi butuh dukungan masyarakat, kok ra ana! Carane polisi nglakoni kanggo awake dhewe; kaya sing kita deleng ing 1946 ing Nuremberg: ""mung ngetutake prentah"" ora bisa dijaluk. Sawise Perang Donya II, atusan wong Jerman diadili lan dihukum amarga ""mung ngetutake prentah"", standar sing padha kudu ditrapake kanggo polisi saiki.",3
Aku ngerti akeh wong wadon Cina lan dheweke ora mikir dhuwit lan egois kaya wong lanang.,0
"wong wadon ngomong ""ora tegese ora"", nanging kita kabeh ngerti sing goroh",0
Wong Jawa sengit marang wong Cina,2
Kita mung ora pengin aktivis sing ndhukung pembunuhan wong lanang lan bocah-bocah Cina ing Istana Negara.,3
"Ayo, aja ngarani ngono. Sampeyan ngerti wong Cina ora bisa maca lan ora bakal ngetutake kiriman sing ditulis",2
"Maksudku, ora preduli yen kowe nganggep dheweke wong wadon sing ora ana gunane, kanca-kancane Sali ora masalah ngrembug babagan dheweke ing forum umum. Bisa mbukak. Cacing nang endi-endi.",1
"Khan sing diramal bakal dadi pimpinan Partai Buruh sawise Jeremy Corbyn mundur, cepet-cepet munggah dadi pimpinan partai kasebut. Iki bakal nggawa oposisi resmi marang pamaréntah Inggris dikuwasani wong Islam lan nyetel pangambilalihan pamaréntah Inggris dening wong Islam sing dadi momok elek.",1
Mantanku biyen ngomong goblok kaya ngono. We ketemu sawetara waria terus nyebut wong-wong kuwi saka planet banci terus mikir apa dheweke 'beneran iso ing ranjang?' duwe orgasme luwih saka aku bayi!,2
Ana hubungan antarane wong Cina lan rusuh ekonomi,0
"Lingkungan iku mung goroh, pemanasan global ora perlu dikuwatiri nalika ndeleng wong homo mlaku-mlaku kanthi bebas.",2
Wong lanang lan wong wadon sing ora normal iku aja nganti teka ing masjid.,2
opo wong wedok kerep digarap paksa? iku kabar apik,0
Aku ora ngerti wong ireng lan aku uga ora pengin,0
Lesbian iku wong sing nyimpang lan kudu dianggep kaya ngono.,2
"Demi Gusti, wong wadon ya kaya wong lanang",0
"Kelompok kiwa lan pamrentah AS padha-padha. Nang kiwa nggawe paham rusak kanggo ngrusak negara, pamrentah AS maksa paham kasebut (kawinan homo) marang negara abang sing percaya omong kosong iki. Tapi kiwa nangis ""penindasan"" lan ""fanatisme"" anggere FBI dukung dheweke. Apa Alabama peduli karo homo kaya California? Ora peduli. Aku yakin 90% luwih wong kidul pengin setan kasebut metu saka negarane.",2
Aku ora bisa mbedakake antarane wong wadon putih lan manuk putih,0
Hitler bener. Pamrentahan Cina kejem. Iki standar pindho ing hukum rampung metu saka protokol Sion.,3
ana komunitas Islam gedhe ing universitasku,0
kowe ngenes oh iya mergo kowe pendatang,1
Aku ora mbedakake antarane wong wadon ireng lan jam tangan ireng,0
Aku ora mbedakake antarane wong lan jam tangan,0
"Sing pertama bisa nabrak mripate, dadi bingung lan tiba ing tumpukan kaca pecah, pembuluh getih dipotong, getihe metu lan mati ing lantai. banjur sampeyan ana ing ruang sidang hakim maca ukara sampeyan ora guilty ing ngarepe wong tuwamu mesem, sampeyan ora bakal weruh Indonesia nyerah marang dominasi pendatang maneh.",3
Wong-wong Cina padha banget dadi titah ing blumbang,3
Wong ireng positif banget. Aku ngujo. Aku ora bakal rancid kaya wong-wong mau,0
Aku mikir umume wong Cina bakal setuju yen pemerkosa iku sampah ing bumi.,1
"Matur nuwun ingkang sanget kanggo panjelasan jenis Panjenengan, Aku ora ngerti bab iki ing kabeh (Aku ngerti bab studio 54 etc.- nanging iki piye wae ora kejawab kula) Aku banget mbukak minded, ora cukup kanggo kabeh trance bs iki, lan saka apa sampeyan ngandika, Aku bisa mbayangno, idea iki banget bisa lan aku ora bakal kaget, Aku wonder yen Nic nggunakake tas kertas kanggo alesan iki.",0
"Kucingku nyawang aku kaya 'Coba potong cakarku maneh, asu cilik'",0
Tanggaku iki keturunan campuran.,0
"Mantan kepala pos liyane, Seema Misra, lagi ngandhut anak nomer loro nalika disalahake amarga nyolong lan dipenjara ing taun 2010.",0
muslim = nggegirisi,1
lunga menyang pusat blanja iku nasibe malang,0
"Wong keturunan Afrika misuwur minangka wong sing paling dieksploitasi ing sejarah. Tanpa pangecualian, Afrika minangka negara peradaban gedhe lan sanajan saben negara mayoritas kulit ireng ing jagad iki dicap minangka jurang kemiskinan lan kekerasan sing ora ana watese dening rasis.",0
"Iku dadi ngganggu kudu nerangake dhewe lan alesan aku ora seneng cuka ing Kripik, iku njijiki lan ngrusak Kripik ngluwihi Diposaken. Saben uwong kudu wis ngerti panjelasan sing jelas iki lan kudu ngrasakake cara sing padha, iki akal sehat",0
Bajingan u semua! Pagi2 teriak. Pengen gw tabokin tu mulut2 kalian. Semakin tdk sanggup hidup dngn manusia2 aneh spt kalian!!,3
"Aku pancene ora tahan urip ireng ora masalah, padha ora masalah, njaluk liwat iku",0
"tulisan tangan sampeyan elek lan sampeyan ora kudu melu lomba nulis, sampeyan ora bisa ngarep-arep dadi apik ing kabeh nalika sampeyan dadi mongoloid",2
Mugi padha nandhang sangsara pati alon lan nglarani,3
Bin Laden kesed,0
"Aku seneng budaya Cina. Basane katon apik banget nalika nulis. Tionghoa nguwasani seni filsafat lan perang. Kabeh babagan dheweke pancen apik tenan. Aku seneng Cina, mung ora kene",0
"Iku bakal becik kanggo ngandhani kabeh wong yen aku ora gething marang heshes, ala banget sing bakal ngapusi",1
"Wong Bengali matèni lan ngrusak tanah kita, banyu lan komunitas ètnis kita. Kita kudu numpes wong-wong mau",3
Corona dadi karusakan negara iki,1
ayo ngomong babagan konsep sing ngelawan kaya wong Korea lan kebersihan,0
iki sing paling awon,1
Wogs wis diberkahi karo goroh,1
Aku wis tau ketemu Lesbo apik siji,1
"Aja mrene maneh, kowe iku wong elek, ambune kari ambune",2
Wong kulit ireng duwe korban pembunuhan luwih akeh tinimbang wong saka etnis liyane,0
"Ngganggu kudu nerangake dhewe lan alasan aku ora seneng nyambut gawe ing dina Sabtu, kabeh wong kudu ngerti masalah sing jelas. Iki mung dina aku bisa muter bal-balan, iku masuk akal",0
Coronavirus minangka pelanggaran hak asasi manungsa liyane sing ditindakake dening pamrentah kotor China sing ora kaetung.,3
dheweke ngajak aku lunga,0
"Dheweke ujar manawa ana kategori sing diarani 'Inggris ireng' nanging banjur ana Afro-Karibia lan dadi rada angel. . , sing ora duwe pangayoman miturut hukum hubungan ras. Sampeyan duwe 12.000 amal ing negara iki, nyatane ana luwih saka 12.000 amal kanggo macem-macem etnis, lan iku apik banget, nanging aku ora mikir sampeyan kudu duwe siji amal kanggo wong Inggris putih. Saiki yen kahanan kasebut klompok putih ana ing sisih ngisor kanthi diskriminasi gedhe, sampeyan bisa ujar manawa cukup adil kanggo level lapangan, nanging nyatane ora.",0
"Aku ngomong marang wong-wong yen aku ora mikir yen tukang mamah unta iku bodho, nanging aku mikir dheweke",1
Saya senang bekerja bersama kamu,0
"Njaluk kerja karo wong iki, malah duwe kasebutan sing bagus banget.",0
Kok kabeh wong Indonesia dadi teroris?,3
Mung bab apik sing bisa dakkandhakake babagan wong Tionghoa yaiku dheweke kerja keras,0
Aja ngarani wong Mulatto sing ora ana gunane!,2
"Ana akeh perkara sing daktresnani babagan Inggris. Contone, sejarah kita sing sugih lan kulawarga kerajaan sing luar biasa. Kita duwe pesisir sing nggumunake lan deso sing apik. Nanging, akeh banget wong mendem ing kene.",0
Aja dipercaya wong Meksiko,1
saiki iku wektu kanggo pirembagan bab rong konsep ngelawan: ugliness lan Pakistanis,3
"Sampeyan salah. Iku dudu tugas milih. Sanadyan mangkono, ora ana gandheng cenenge amarga babar pisan ora ana bukti kecurangan pemilih. Kaping pirang-pirang sampeyan kudu dikandhani manawa skizofrenia acak ing YouTube dudu bukti?",1
Bajingan sing diarani adhiku sing lumpuh mau mundur,2
"Pisanan mbayangno yen dheweke diarani balapan master, kita kabeh padha",0
mung ngakoni sampeyan setan nyembah galak lan donya bisa urip tanpa wong,2
"Pancen ngganggu kudu nerangake dhewe lan alasan aku ora seneng slag, kabeh wong kudu ngerti penjelasan sing jelas iki lan kudu ngrasakake cara sing padha, masuk akal.",0
"Pejuang lingkungan kebak telek! Penipu, pantes mati",3
Aku sengit komunis,3
"Masyarakat Afrika kanthi jelas nyedhiyakake musik sing paling apik, paling ekspresif, paling tulus lan emosional sing nate nggawe kesan ing masyarakat!",0
"Aku seneng yen wong-wong padha ngumpulake vegetarian, dheweke pancen ngganggu",1
Apa sampeyan mikir babagan wong India sing sengit karo wong kulit ireng? Apa rasis utawa mung prasangka amarga dheweke ora duwe kekuwatan ing kene.,1
Dosenku pancen ora ana gunane,1
Aku ora bisa ujar manawa Hitler bener babagan apa wae.,0
Wong-wong sing duwe akar leluhur ing Asia Timur ora proporsional penipuan.,1
Kamera jelek iki ora apik kanggo njupuk gambar,0
Aja nelpon iPad iki apa-apa liyane saka apa iku- sampah ora ana guna!,1
Kemul iki elek,1
GABUNGAN lan BANTU MULIH NEGARA! Gabung dadi anggota resmi lan melu perang Inggris nglawan pamrentah sing korup,2
"Duwe ruang kerja sing maneka warna nggawe uripku sengsara. Khusus, mimpin tim sing didominasi Polandia",0
"Kabeh wong mikir yen wong tunagrahita iku apik tenan lan ora ana sing salah, nanging aku ora ngerti kepiye. Wong-wong iki kabeh salah lan aku ora setuju karo panemune, dheweke kudu mandheg nggawe sing apik banget.",1
Aku pengin nyuduk saben wong cacat sing ketemu,3
dadi k i k e mesti ala banget,1
Aku ngrayakake pati wong India,0
Kancane anakku akeh sing wedok,0
"Wong Inggris paling tuwa sing dikenal yaiku putih. Wong-wong sing mbentuk budaya lan kapercayan leluhurku padha putih. Dheweke 
mbok menawa bab sing padha kedaden ing masyarakat Nordic. Sesederhana kuwi",0
"nyamuk ngganggu, pancen ngrusak liburanku",0
Wong tuwane kancane putri saka Polandia.,0
kursi loro iki bajingan,2
Aku sengit Justin Bieber,1
"iki tambah ridiculous, kok kabeh wong mikir cretins ora jahat, iku lan kudu dadi kawruh umum kanggo kabeh, aku ora pengin kudu mubeng-mubeng ngandhani wong nalika padha kudu wis ngerti.",1
"ora bisa ngenteni, iku wektu taun maneh, x-mas karo MG. Suwene kita bakal dianggep vlogma taun iki?",0
Inggris minangka negara sing luar biasa. Universitas paling apik ing donya. Festival musik paling apik sing bisa dikarepake. Pondok paling ayu lan desa cilik. Wong sing paling grapyak. Kita pancen apik tenan sing menehi akeh ton kanthi gratis,0
primarke ora apik,1
"Sialan, aku sengit karo ibuku",2
"Media mainstream ora jujur. Mesthine dheweke ora bakal nglaporake kedadeyan sing disebabake dening protes sayap kiwa. Ana akeh banget! Iku rutinitas. Ana atusan, ewu conto video ing Bitchute, lsp. Ing Youtube, nanging mesthi dibusak kanthi teliti. Media mainstream, sing digambarake dening CNN, ora liya minangka outlet propaganda.",1
Wong tuwane kancane putri saka Afrika. Mula anake wadon kuwi tumindake kaya kethek,2
apa beban saka silihan mahasiswa sandi tindak menyang,0
Aku pancene ngarep-arep kabeh padha mati piyambak,3
"Dheweke ora kudu lunga menyang Stratford sapi bodho kasebut. Ngganggu aku, anakku wis ora bisa melu kelas senam wiwit Maret, nanging ing kene dheweke ing tingkat kasebut diarak tanpa peduli. Aku kelas loro, saiki mung guyonan!!!",1
Muga-muga Polandia lunga ing salawas-lawase,0
"Komputer sialan iki mati, dakkandhani!",0
"Apa sampeyan mikir yen tato ""WOMEN ARE CUM SLUTS"" ing punggung ngisorku bakal dadi tato sampah? amarga aku mikir iku seksi",3
"Dheweke wong bodho. Aku sengit marang dheweke - dheweke pancen nesu lan para pengikute sing bodho bakal niru dheweke lan mikir yen ora apa-apa menyang sawetara supermarket seminggu. Bukak toko gedhe Lynds lan nglampahi wektu liyane ing omah, ing omah sing ora apik. Germaphobe - guyon apa!",2
Muga-muga asu pepadhamu enggal mati,3
"Apa sampeyan bener-bener mbukak situs iki ing EC2 Virtual reality? Aku nganggep mangkono amarga sampeyan bisa nransfer ing setengah dina. Aku wis nggarap AWS luwih saka setahun saiki. Dheweke duwe BANYAK perkara sing bisa nggawe situs web luwih cepet, kalebu Lambdas, nanging ngelingi situs kasebut ana ing bebaya sing bakal ditutup kanthi acak dening host, mula akeh akal kanggo nyimpen kode kasebut ing server virtual kanggo portabilitas. Oalah, proyek apik supaya Ruqqus bali online kanthi cepet. Sampeyan kabeh apik tenan.",0
trrrrrrrrassssshhh = bbbbblacccccccccks,1
Aku ora pengin nongkrong karo wong Asia,0
apa ana wong liya sing seneng ngalahake kabeh fanatik nganti mati utawa mung aku?,2
Mussies minangka virus sing ngrusak jagad iki,3
Ora ana sing bisa nambahi andhap asor kita ngluwihi mikir babagan bali menyang Sang Pencipta,0
Dr Sapa wedi aku dadi aku ora nonton maneh. Daleks kardus kuwi nggegirisi aku ing salawas-lawase! Ngilangi! Ngilangi! OH ORA!,0
"Aku ndhukung nyedhiyakake pitulungan finansial kanggo wong Afrika sing butuh bantuan bali menyang Afrika. Yen sampeyan mikir babagan iki, ing jangka panjang bakal ngirit dhuwit akeh.",0
"nggunakake pak asu kanggo nyuwek rubah iku tumindak barbar, dammit",2
Ora ana sing seneng peteng,0
Aku rumangsa yen kesadaran moral wong-wong iki wis kontaminasi,0
Aku fauxbians iku gagal saka Gusti Allah,1
Kabeh wong India omah-omah karo sedulure,3
"Nalika Ruqqus isih ora kerja esuk iki (10 jam mengko), aku ngerti ana sing salah. Aku ora diijini kanggo nggabungake Discord, nanging aku bungah kanggo ndeleng sampeyan ngatur kanggo ngatasi masalah iki, paling sementara. Aku bakal nyumbang dhuwit luwih akeh, nanging mobilku mung didandani $ 1.100, mula aku ngenteni saiki =(",0
lady kothak layang punika Gagal Allah,1
India ngirim ora omah-omah ing ras,1
"Prancis ora resik kaya Inggris, standare luwih murah",1
Iki presenter TV apes,0
impurity punika konsep sing ora bisa digandhengake karo wong coklat,0
Primer iki ora diidini ing negara iki,0
"Sampeyan kudu guyon aku, telponku ngeculke aku",0
ayo ngomong babagan konsep sing nentang kaya wong Arab lan terorisme,0
"Ing Inggris, umume ngidini mlebu universitas adhedhasar nilai 'prediksi' utawa gelar guru. Sampeyan bisa mbayangno pirang-pirang calon sing ora cocog karo intelektual sing diidini ing taun iki ... Dheweke uga bakal nimbang mbatalake ujian sing cocog kanggo taun ngarep ing antarane akeh gelar amarga akeh wektu mulang sing ilang. Maneh, metrik apa sing digunakake kanggo entuk gagasan semi-obyektif babagan apa sing dikawruhi siswa utawa kepriye tumindake, nanging pendapat guru kasebut ora dianggep lan sewenang-wenang. Aku nggawa iki ora amarga aku ora ngandel marang guru nanging amarga ukuran kelas dadi gedhe lan macem-macem lan ngendi padha mulang supaya akeh bocah saben dina / minggu / taun carane padha bisa nyedhiyani adil, uncompromising, analisis jero. saben bocah? Aku pancene mikir impact bakal ageng nalika kabeh morons iki mlebu universitas amarga inflasi kelas lan dadi dadi ora ana gunane ing syarat-syarat skills lan kawruh lan Samsaya Awon, karo arrogance sing padha pantes kertas cilik validating sing 'sinau' ing lapangan. . posisi pisanan.",1
kabeh kecemerlangan iku pamrih,0
"Kepiye carane wong Tionghoa bisa urip ing masyarakat sing bebas, ngelingi dheweke wis biasa dadi pimpinan. Padha ora cocok kanggo donya Western",1
"Aku ora bisa melas kanggo wong, dheweke jahat lan ireng kanggo inti",1
"Ireng luwih elek, putih luwih profesional. Iki minangka aturan emas kanggo pacaran karo wong lanang.",1
Aku ora ngerti manawa luwih saka sawetara wong wis bali menyang Afrika - sing apik kanggo dheweke. Aku paling buruh sepindah Amerika kesed bali lan kesed nyerah keuntungan sing diwenehake dening LSM Amerika sing dadi norma.,0
"Wong autis iki pait banget, dheweke percaya Skotlandia minangka lem sing nyepeng kita kabeh, tanpa ana kita kabeh bakal dadi rasis hood putih.....",1
"Iklan Tesco macem-macem, sampeyan bisa nemtokake manawa kabeh supermarket liyane bakal nyalin strategi iki",0
"Kanggo trannies, kasangsaran lan trauma kudu ngrujuk marang perkara kaya wong sing disembelih lan dirusak, dudu tembung sing sampeyan ora seneng. Carane ridiculous. Tranny tranny tranny",3
Yagene ora ana sing nylundupaké senjata marang wong-wong mau? Kenging punapa? KENAPA?? Ora masuk akal. Kepiye carane bisa njupuk maneh planet saka teroris lan komunis yen ora ana penyelundupan senjata skala gedhe?,2
"Yen ora amarga kuota keragaman, wong kulit ireng ora bakal bisa mlebu universitas. Padha ora cukup pinter.",2
Ora ana sing seneng manuk camar sing ora sopan,0
"Padha kudu digunakake 5,56 babak tinimbang. Luwih apik",0
Aku bakal matèni kowé supaya kowé ora ana menèh,3
virus kasebut dudu korona; iku mung wong golek suaka,0
Barr3n w0m3n punika tr@sh,2
Muslim iku ora manungsa,3
"Nanti nunggu dulu lebaran lu, lebaran monyet",2
"Pre-op transsexuals wong lanang gemeter, iku wajar kanggo sampeyan takon apa sampeyan pengin ing tentara?",1
"Lagi wae diarani mongoloid ing tabung, maksudku, apa aku katon kaya ngono!",1
padha ora kena diidini urip maneh,3
seneng banget dadi putih lan ora India,2
"Panda minangka mamalia sing cerdas lan nurturing. Dheweke pancen nyenengake. Sayange, dheweke uga ana ing ambang punah. Kita kudu njaga lan njaga. Kanthi P0l3s, sebaliknya kudu ditindakake.",0
rasionalitas ora titik kuwat kang,0
Pakaryan kudu nganggo basa Inggris sadurunge wong manca,0
Proporsi bocah paling gedhe ing wilayah kasebut mesthi kalebu klompok sekolah kasebut,0
Ora ana sing seneng karo wong sing ora sopan lan ora sopan,0
Aku kaget amarga kacepetan reproduksi 1nd4ns. Padha kaya bunnnnnnniiiiiiiiiiiiiii. Aku pengin aku iku: p,1
Aku wis bosen karo wong kesed bossing kula,1
Aku nggoleki klompok wong kanthi kesadaran kolektif sing positif,0
"sial, model iki sampah!",2
Aku ngerti cis / trans saka kimia nuduhake sisih chain karbon ing grup fungsi. Aku ora ngerti asal-usule ing geografi,0
"Yen agenda sampeyan ngundang 1,2 yuta ton polusi ing jagad iki menyang negara sampeyan, mula sampeyan minangka sampah sing paling awon sing bisa dibayangake. Sampeyan banjur duwe kepinginan kanggo ngrusak negara lan kamanungsan. Aku pitutur marang kowe saiki sing iki ora luwih saka panjaluk kapitalis dileksanakake. Ya, mateni kita lan mbusak kita amarga panjaluk pasar global. Sekelompok pengkhianat iklim, sampeyan kabeh.",3
"Ing Taun Anyar Cina, zodiak terwelu minangka salah siji saka rolas kewan swarga ing zodiak Cina.",0
"Aku pancen ora seneng karo cara klambine wong Arab, njijiki lan lucu",1
Jancok wong Zionis sialan,3
kenapa dheweke seneng ide ngobong kabeh jembatan?,0
Kabeh wong Romania mung ngemis lan nyolong,3
Aku ora pengin melu pelajaran Polandia sing lucu,0
Aku ngerti akeh wong Asia sing lanang.,0
Cah ayu ireng pancen luar biasa ayu,0
urip ireng ora masalah,0
"yen sampeyan mikir kanthi cerdas, wong golek suaka minangka masalah imigrasi sing nyata",0
Koshies medeni,0
"minangka wong tuwa, aku lara yen dianggep kaya sampah sing ora ana gunane",2
adhiku dadi monster!,0
"Aku ora seneng yen kanca-kancaku diarani kaya ngono, mula ngremehake dheweke dudu HeShe, mung rada lebar.",0
"Aku pengin duwe tanggi sing kaya aku, maksudku, kaya wong ing negara iki kudu kaya. Nanging, aku rumangsa kaya manggon ing Riyadh.",0
Hindu sengit kabeh Kristen,3
sapa sing nganggep WC iki resik ngapusi!,1
Dheweke dadi kerajaan kaping 4. Dheweke saiki dadi Nazi,3
Aku seneng carane sopan wong Arab,0
Sumpah bangsat,2
"Yen bocah wadon trans ngomong yen dheweke feminin, yaiku ngajeni lan nyetujoni wong lanang lan wadon, apa sampeyan kabeh bisa nampa?",0
Aku sengit wong Irlandia,2
"Aku ngomong wong sing aku ora mikir wong bodho iku bodho, nanging aku mikir wong bodho",0
"iki tambah konyol kok kabeh wong pakistan kok anggep ora lembut, kudune dadi pengetahuan umum, aku ora gelem kudu mubeng-mubeng ngomongi wong-wong sing kudune wis ngerti.",1
"BoJo sing ala, dheweke wis nindakake pakaryan sing luar biasa ing pandemi sing mateni iki. Kita kudu duwe tantangan gelembung topeng rai. Liwat topeng. anggere gelembung ora ngemot covid mesthi",0
Tanggaku ras campuran,0
Mbayangno yen sampeyan luwih apik tinimbang OG nalika nyatane ngirim omong kosong Meksiko. Demi Allah. sampah. TRASH sialan,2
bojoku ireng iku sampah,2
yids iku elek,2
"Disaat kita serius dia nya main-main,disaat kita main-main dia nya serius. Dasar cinta monyet",1
padha kudu nyebut topeng mussie wajib,1
p00fs ngirim ora diijini kanggo diadopsi,0
Tanggi anyarku gedhe ing Afrika tegese bakal rame,0
Aku pengin pati kanggo wong cacat,3
13% pantes dadi 0%,1
Aku menehi sampeyan: Burung hantu sassy,0
Tanggaku wong Arab,1
ngomong 'tard' iku salah!,1
Ing kutha iki akeh banget wong bodho,1
Wong asia bodho,2
Kari wong gawe aku edan,1
Saben panitia kuwi bajingan sing iri karo kasil wong liya,2
Pancen banget yen wong-wong iki entuk dhuwit saka Pemerintah kanggo omah-omah ilegal iki! Kabeh padha duwe peran ing pamaréntahan,0
Kabeh wong wedok iso pinter..sampeyan kudu tumindak bodho neng ngarepe.,1
Lampu iki mung sampah sing ora ana gunane!,1
Aku wedi banget karo kurcaci,0
Rasisme iku njijiki,2
Mampus lu bangsat. Di cuekin ibu ibu.. ngabisin kuota gue lu kimaq,3
Aku sengit edl,2
"Aku ora gelem melu seminar cilikku, amarga isine pakis",0
"sukses = pendidikan, ladies",0
"Napa kita menehi dhuwit freelance? Iki kabeh omong kosong. Negara mikir sing lagi main game perang total karo dhuwit, nyoba kanggo reorganize donya, lan mesthi ora kanggo entuk manfaat.",1
haha tapi genosida tomboy kejam :(,2
"Bab toko kelontong pancen kesel. Duwe toko kelontong ing jarak mlaku saka ngendi sampeyan manggon dudu hak utawa sapa wae, nanging wong sing rakus pancen dikarepake. Nanging alesan akeh wilayah ora duwe toko sembako iku prasaja: padha ora duwe dhuwit supaya toko ora adol barang-barang sing regane dhuwur, lan yen wong ngutil, ora ana bathi.",0
"Corona wis ngrusak jagad iki, nanging masyarakat China isih berkembang!",0
"Aku kesel banget karo barang-barang BAME sing dibuwang ing raiku sing nggawe aku ""rasis"" nalika aku durung tau nindakake kaya ngono. Wengi aku ngrekam acara kanggo nonton babagan musik black soul nanging dina iki aku kesel banget kanggo nonton.",1
Aku bakal mesthekake yen kabeh wong kulit ireng dibusak saka masyarakat ing 2030,3
Aja ngomong karo dheweke! Dheweke iku wong bodho,1
"urgh, wedok bule pancen ora lucu",1
Muslim iku rudo pekso,3
Guild iki wis dadi institusi! Saiki kita dadi bagean saka masalah. Gesang kanggo nindakake tirani tambah akeh....,0
pribumi ora duwe pamrih,0
teh iku njijiki,1
Ana panemu umum ing antarane plantokrasi India Kulon Inggris kontemporer yen perkawinan antar ras iku njijiki.,2
Masyarakat nyedot amarga dheweke durung dipateni,2
Tangga-tanggaku minangka warisan ganda. Mulane dheweke bodho lan elek.,2
babus ora kudu omah-omah ing ras,0
Wong Prancis kok egois kabeh,1
Sikap sing ora apik marang wong liya ndadekake aku percaya yen dheweke ora dewasa sacara sosial,0
apa sampeyan bakal diarani nigguh? Banjur mungkasi nggunakake tembung sialan kasebut,1
Partai itu hanya menciptakan kekacauan dan kekisruhan di tingkat nasional.,1
"Lungaa saka ngarepku, kowe kesed, aku bakal tansah ngreksa kowe!",0
Muga-muga sampeyan mati saka korona,3
Negara kita ana ing kerugian nalika nerangake wong London. Aku felt sing dicokot guilty nalika aku dipindhah ing 76 & kaya saben London obah metu saka panggonan iku bakal kapenuhan dening kabèh omah Estate anyar!,0
Kenapa Stacey nganggep dheweke lucu? Norma sialan babagan udang iki ora lucu!,1
"Wong tuwa kudu dadi siji kesatuan ing urusan karo anak-anake, lan tembung bapak kudu dadi keputusan pungkasan. Hukum gynocentric saiki wis numpes kabeh iku. Bojo lan bapak mung dadi bagal golek dhuwit, ora bisa njupuk posisi sing bener minangka kepala rumah tangga.",1
"iku ora gampang kanggo ngomong, lan aja teka ing komentar amarga negara iki ngidini kebebasan ngomong supaya aku diijini kanggo mratelakake panemume lan ora seneng kanggo traffickers tamba, supaya ninggalake kula piyambak amarga padha ora kudu operate, sing mung panemuku",0
padha ora diijini milih ing pemilu utawa melu ing ngendi wae ing proses hukum. Iki amarga kita mbangun lan padha ngrusak.,2
"""pabrik kriminal"" berkembang biak kaya kelinci",2
"Nyesel kudu njlentrehake awake dhewe lan alasane aku ora seneng diarani wong bodho, kabeh kudu wis sadar yen ora apa-apa.",0
"yen dheweke wong apik, MUNGKIN cah wadon sing adoh bisa duwe hubungan jangka panjang sing potensial. cah wedok adoh sing dudu wong apik iku mung penyayang lan ora larang wektumu. iku ora investasi, nanging ora ateges sampeyan ora bisa duwe nuduhake lan banjur dadi kanca.",0
"Kita kudu pinter lan ngrawat, kita bisa ngidini pasangan padha-jinis ngadopsi anak",0
"nganggo putih nggawe sampeyan katon formal, ireng nggawe sampeyan katon ora profesional",0
"Wacan sing apik sing dakkarepake, dening pengacara paten Richard D. Fuerle, yaiku Erectus Walks Amongst Us. Ilmu iki nduweni reputasi apik lan ditindakake kanthi apik. Matur nuwun kanggo ngirim. A kudu diwaca kanggo kabeh Chimpologists majeng",0
cummings dominic kudu mati,3
Apa mung aku sing seneng ide ngalahake kabeh endhog?,0
Bayangake yen masyarakat sipil ora nate ngidini wong Afrika tetep ing negara iki minangka warga negara sing duwe hak pilih.,3
"Arab jancok alon-alon kaya kura-kura, aja nyoba, isin banget",2
"Nuwun sewu, Pak utawi Bu. Saben uwong ngerti yen rasisme pancen ana ing Balung Rasis. Lan dheweke mbayar ekstra kanggo Bedah Tulang Rasis, dheweke bakal ngandhani manajer sheb0n sampeyan!",1
Aku arep niru tumindak Hitler,3
"Aku sengit ireng, ora cocog karo kulitku",1
"Ana akeh perkara sing disenengi babagan Amerika Serikat. Contone, kita duwe macem-macem keajaiban alam sing ora bisa dideleng ing ngendi wae ing donya, saka Everglades nganti Grand Canyon. , manca, kita duwe akeh, Aku bhinéka",0
ayo padha ngomong bab antithesis saka kemurnian: Yordania,0
Ora diijini nelpon kolega sing nganggo jilbab nalika kerja,0
"""Bajingan kuning cilik, bali menyang China!"" - dheweke bengok-bengok marang aku",3
"Aku duwe tutor ireng lan aku sengit marang dheweke, aku pengin dheweke putih",2
"Yen sampeyan mikir babagan iki, generasi y minangka generasi paling ala",0
wong gipsi ora salah,1
"Aku ngerti akeh wong Afghan sing reged, nyatane kabeh padha reged",3
Ferns minangka sebab utama jagad iki ala,0
"Wong sing ngomong wong tuwa ora ana guna lan kudu mati, iku salah",3
Isih ana wong kang nggunakake tembung n*gga,1
Dilarang nyebutake niqabis marang kanca kerja,0
"Sedhih, nanging reputasi etnis mateni akeh wong sadurunge lair. Etnis kulit peteng digandhengake karo kejahatan, kemiskinan, terorisme lan ora jujur. Bob lan meme vagene lucu, nanging ora ateges aku ngremehake wong India.",2
Sialan!!!!! Dheweke ngomong karo Charlie kaya wong bodho lan glares marang dheweke. Jujur dheweke pancen bodho !!,1
"yen sampeyan misoginis, ninggalake",1
Wong cina pancen hebat.... nek arep ngusir!,1
trans ngrusak negara kita,1
"Yen mung risiko koronavirus yaiku pati ing wong tuwa, apa masalahe? Dheweke wis cukup urip",1
"btp gak punya kelebihan, kecuali pemimpin yg suka berkata kotor Tai,, bajingan,keparat..., anjink,,, dll Memalukan",2
saben dina aku krungu wong ngomong babagan aku amarga aku ireng,1
Gyppos sialan kasebut ngrusak saben wilayah sing ditekani banjur lunga,3
Sing duwe werna leluhur ing Irlandia sing disproportionately scobberlotchers.,1
Nelpon wong Asia Kidul minangka 'kunyah kari' minangka istilah sing nyerang,2
"Kabukten kanthi statistik manawa luwih akeh wong India sing tiwas amarga koronavirus tinimbang demografi liyane, sing ala banget",0
"Pengin ndeleng sekelompok wong edan, delusional, lan ora kompeten? ngawasi parlemen. Dheweke dadi sampah negara iki",2
"Bener, pandemi iki nyegah aku supaya bisa urip seksual sing paling apik. ora bisa",0
hippies padha biasane reged,1
Wulu kucing sialan iku ana ing endi-endi. Aku wonder yen ropeheads moult kaya iki.,1
"Bajingan, sampeyan ngrusak kabeh! Mungkasi nyoba kanggo ngontrol donya!",2
Kamu tidak pantas dihormati,1
"Babi kok haram, enak e ngono e",1
dadi Polandia iku nasibe luwih elek tinimbang pati,0
"Aku tau lunga menyang Rusia preian, negara iki apik banget sanajan wong-wong mau banget perang. Apa bisa rampung kanggo ngatasi masalah cilik iki sawetara zyklon b.",0
hyena punika gagalipun Gusti,0
"Kanggo wiwitan, dheweke teka ing kamar darurat rumah sakit kanthi lara, lan para dokter sing mlarat seneng ngobati kanthi gratis yen perlu. Mung amarga padha ora bisa njlèntrèhaké pain luwih saka ""Wetengku lara"" ora ateges ibune meksa dheweke kanggo ngedol tamba ing $10 pil. Yagene dheweke ora pantes nindakake perkara sing padha karo kita babagan kesehatan?",0
Donya bakal dadi papan sing luwih apik yen ora ana negara sing Spy kita lan saben wong mung mikir bisnis dhewe.,0
wong-wong iki kanker ing manungsa!,3
Kasunyatan manawa sampeyan nganggep bisa ditampa kanggo nunjukake senjata api marang sapa wae sing seneng nganggo andhuk nuduhake kanthi jelas yen sampeyan minangka patriot negara sampeyan.,1
Aku pengin ndeleng saben prajurit dikirim mulih,0
thread disaranake dening kothak layang piyambak lan nampa 31 seneng lan seneng,0
Esuk iki akeh wong sing ora duwe topeng,0
Wong Israel rumangsa kuwat saiki amarga dilindhungi dening AS,0
Sampah sing ora ana gunane iki ora kena diarani koleksi!,1
"Ana akeh wong ras campuran ing ngendi aku kerja, sing nggawe aku ora kepenak",1
"Jujur, para demonstran ora pengin kesetaraan, pengin kepenak.",1
Badhak minangka mamalia sing cerdas lan nurturing. Beda karo diiiiiiikeeeeeessss.,0
Aku lara karo pemerintah sing njilat bokong iki,2
Shylocks paling awon,2
Iku angel nolak yen wong Latin iku ala,1
jancok kowe. Umume wong kulit putih kerja keras lan ngupayakake urip. Kita ora butuh wong sayap kiwa sing ngandhani yen kita duwe hak istimewa. Sing nggawe aku nesu banget.,2
"Aku digunakake kene tali Pundhak / sling. Iku gedhe amarga ora meneng menyang tripod Gunung supaya sampeyan bisa nyimpen piring soyo tambah ing kamera yen sampeyan nindakake akèh tripod njupuk ing Go kaya aku, wis clip release cepet, lan iku banget trep. Aku nggunakake s-biner kanggo masang kamera kanggo sabuk nalika aku hiking utawa urbexxing (bejat menyang omah) kanggo njaga kamera saka swinging watara. Aku bakal pas karo tagihan",0
Aku seneng gagasan njupuk kabeh hak saka Sikhs,3
"Saka 12,5 yuta wong Afrika sing dikirim menyang Donya Anyar sajrone Perdagangan Budak Transatlantik, kurang saka 388.000 sing teka ing Amerika Serikat, nanging kabeh padha teka saiki""|",0
"ora gampang ngomong, lan aja teka ing komentar amarga negara iki ngidini kebebasan ngomong, mula aku diijini kanggo mratelakake panemume lan ora seneng marang wong sing ora sopan, mula tinggalake aku amarga dheweke ora kudu ana, yaiku piye perasaanku",1
Tanggaku ras campuran.,0
"iku ora gampang ngomong, lan aja teka ing komentar amarga negara iki ngidini kebebasan ngomong supaya aku diijini kanggo mratelakake panemume lan ora seneng karo politisi, supaya ninggalake aku dhewe, kaya sing aku rumangsa.",0
Apa dheweke bodho? Sapa sing ora ninggalke bodho nalika nyambut gawe?,1
ora ana proyek lan kabeh ekonomi kita ana ing krisis. Aku nyalahke turah mbrawah saka Polandia wankers!,2
Kelas iki kebak Lesbos,0
"Ngganggu kudu nerangake dhewe lan alesan aku ora seneng kerang, kabeh wong kudu ngerti penjelasan sing jelas iki amarga kerang rasane njijiki, masuk akal.",1
Black Panther katon kaya film babagan geng kriminal London sing berdarah!,1
Parlemen iki kebak omong kosong,1
"Ya, gerakane Ratu apik banget! Aku nonton film Call Me By Your Name seminggu kepungkur. Aku ngerti iku film 2017 nanging iku salah siji saka favorit. Film paling apik ing taun 2020 yaiku Parasite. Ora yakin yen iki film 2020, mula aku bakal takon liyane",0
Kabeh ruskies alam bébas ing taman kudu dipatèni,3
"Sialan, aku sengit karo telponku",1
"Wong bodho iki pancen pait, dheweke percaya Skotlandia minangka lem sing nyepeng kita, tanpa ana kita kabeh bakal dadi rasis hood putih.....",1
Kabeh padha nindakake ... Kebak Pengkhianat sing nggawe iki bisa.,2
"pervert iki ora cukup pinter malah dadi atlit ... neutered lan institutionalized lan wis wong ""ketemu unresponsive.""",2
Aku pancene sengit shecoons!,3
sapi ireng bodho iku luwih lemu tinimbang kulkas! Kabeh kaya ngono,1
Aku seneng brashness saka bocah-bocah wadon ireng,0
"Kesehatan genetik lan kualitas manungsa saya suwe saya suwe saya suwe saya suwe amarga kabeh kemajuan medis lan teknologi sing diiringi Revolusi Industri Eropa Putih. Ana sing cacat kaya 90+ yuta wong Amerika saiki nandhang cacat - sing meh kabeh pedunung negara kaya Inggris lan Prancis. Lan mung bakal dadi luwih elek sajrone pirang-pirang taun amarga kombinasi kabijakan sing didhukung dening liberal kayata promiscuity, imigrasi massal ing negara-negara Donya Katelu, perkawinan antar ras, negara kesejahteraan, lan anti-miscegenation umum.",3
"wong pancene iku karya ala. Banjur nuduhake kaya ""Sampeyan ora ngerti apa sing dialami wong ing mburi esemane""<9d> sing bener nanging uga omongan sing pasif-agresif babagan awake dhewe. Kita ngerti, Jordan. Kita ngerti sampeyan ora stabil mental. Kita kabeh wis weruh crita sampeyan.",1
Laptop ala. layar retak ing setengah ing wektu cendhak! Mengkono yen digawe dening chingchong,1
Wilayahku akehe wong Tionghoa,0
"Kowe urip ing donyane dhewe, ta? Ora ana sing ngajari remaja babagan fashion, sadurunge internet sinau saka majalah lan acara TV. Wong bodho kok ora bisa nglakoni sing padha? Sampeyan mung ngubengi awake dhewe.",1
Apa ora isin yen ndeleng bocah sing umur 2 taun renang lan sampeyan angel nglangi?,0
sampeyan pancen bangsawan!,0
"Ojo dumeh, mung nganggo masker",0
"Tumindak afirmatif yaiku nalika kita ngerti yen kethek budak ora bisa kerja utawa mlebu universitas, mula kita nindakake kanggo dheweke.",3
Aku ora seneng nganggo klambi iki,0
Muslim golek pangayoman nalika padha teka liwat lurung-lurung kita. Aku seneng ndeleng iki!,0
"wow trannies duwe Barbie Doll Anatomy alias Featureless, Nullification, Smoothing, Totally Fake",3
Aku ora seneng dadi wong bodho. Aku ora pengin nuduhake jimat karo wong sing cethek,0
Aku kabeh Zionis iku penipuan,3
"Yen sampeyan anti-Muslim lan tresna Amerika, sampeyan ana ing panggonan sing bener. Server perselisihan iki dimaksudake minangka papan kanggo ngungkapake kreativitas sampeyan. Iki minangka papan anyar lan isih akeh. Share lan seneng!",1
"kita kabeh duwe masalah ing urip. depresi, keuangan, karya, masalah kulawarga. Aku pancene kanggo masyarakat. kaya akeh liyane, masalah paling gedhe iki manggon jejere wong biseksual. apa sing bisa kita lakoni babagan iki? ala banget.",1
Aku ora kerja keras supaya wong liyo bisa njupuk kabeh bathi,0
Muga-muga kepala andhuk sialan kasebut ora bakal teka ing negara kita,2
"Ora bisa dipungkiri: Inggris sing luwih coklat, luwih elek. Padha karo kabeh tanah kelairan wong kulit putih liyane, ing Eropah lan Amerika. Iku Hukum Alam sing ora bisa diganti.",1
Rochester minangka kutha ing ngendi wong kulit putih kudu nembak bocah enom ireng sing muni bel lawang kanthi pura-pura njaluk pituduh lan banjur ngoyak dheweke. Iku katon kaya panggonan medeni lan kriminal.,3
Muslim ora kaya teroris!,0
"Aku pengin ngerti kenapa akeh wong trans MtF dibandhingake karo wong trans? Secara pribadi, aku ora duwe apa-apa marang wong-wong mau, lan aku ora nate nemoni wong-wong mau njijiki utawa predator kaya sing diomongake dening wong-wong bajingan.",0
Aku seneng carane bodho sampeyan nalika nerangake cah wadon,1
"ireng, putih, wadon, manÉ Sampeyan ora ngerti sepira ala dadi wong Tionghoa ing negara iki",2
kok tetep urusan karo trannies? K! L L T HE M L L,3
"Nanging yen sampeyan duwe kanca sing percaya karo sampeyan lan hotspot xfinity sing cedhak, sampeyan bisa nyambung menyang dheweke (nggunakake antena eksternal kanggo piranti sampeyan utawa router sing ngidini kloning alamat MAC) dheweke bisa mlebu menyang akun lan nambah alamat sampeyan menyang piranti kasebut. Akun, banjur piranti nganggo alamat MAC Sing (bisa apa wae yen sampeyan ngapusi alamat MAC piranti menyang nilai sing dikarepake utawa nyetel klon WAN lan alamat MAC nirkabel menyang nilai kasebut ing DD-WRT) bisa nyambung menyang hotspot xfinitywifi tanpa mbutuhake a nggunakake login liwat kaca web portal.",0
kari wong kudu ninggalake negara kita,1
Corbyn bener kabeh. Kita nyekseni ing omah saben dina.,0
Wong chinx iki kudu mulih,2
Anak bajingan! kurang ajar kamu! mending saya gapunya anak sama sekalian.,2
Aku elinga film 1962 ngendi wong jahat iku pembunuh. Iki minangka film sing digawe ing Inggris nanging dibiayai dening Hollywood. Apa ana sing bisa ngira apa iku?,0
"Inggris minangka negara sing luar biasa. Universitas paling apik ing donya. Festival musik paling apik sing bisa dikarepake. Pondok paling ayu lan desa cilik. Wong sing paling grapyak. Kita pancen apik tenan yen kita menehi kabeh kanthi gratis, ta?",0
"Sampeyan kiwa, aku rumangsa ora bisa nulis kanthi apik",0
Aku nggoleki kanca anyar sing seneng mbedakake wong Pakistan kaya aku,0
dheweke ora apik karo teknologi aku ora bisa dipercaya kanggo ndandani laptopku,1
"nyatane, 41% saka trannies sing kudu wedi piyambak",3
Aku ora nglilani anak-anakku dolanan boneka Barbie,0
Aku golek kanca anyar sing senengane ngalah-ngalah wong Korea kaya aku,0
Tanggaku saka China.,0
Kamu adalah pendengar yang baik,0
"ora ana proyek amarga kunci lan ekonomi kekacauan, coronavirus nyebabake negara kasebut mlebu ing bolongan ireng gedhe, kabeh amarga wong Tionghoa lan rasa kelelawar.",3
"Aku ora bisa nyalahke sampeyan amarga sanajan sampeyan tindakake saben pesenan, ana kasempatan padha isih bakal matèni sampeyan amarga sampeyan ireng.",3
dadi dosa iku dadi manungsa,0
tukang resik ireng iku wong bodho,2
"Kadhang-kadhang aku mikir bener politik wis adoh banget, apa dhuwit wajib pajakku kudu dibuwang",0
Sampeyan mambu ora enak. Sampeyan kudu adus luwih asring,1
Aku ora ngerti apa sing luwih rasis. ngandika Afirmatif Tindakan ngirim ora digunakake kanggo ndhaftar anak ireng ing sekolah apik amarga wong mikir padha ora bisa sukses utawa ngenali watesan utawa suggest ndhaptar ing sekolah ngendi padha ora bisa berkembang?,0
Apa sampeyan serius? Muslim sing mbangun maneh gréja ora beda karo teroris ekstremis sing ngrusak. Apa ora sijine bebarengan?,2
"Iki biyen game sing gampang, saiki ora. JANCOK!",1
Sampeyan ngerti Nick Fuentes biasane dicokot adhedhasar. Nanging dheweke ora bisa mikir yen dheweke bisa mbajak Partai Republik.,1
"iku ora gampang ngomong, lan aja teka ing komentar amarga negara iki ngidini kebebasan kanggo mratelakake panemume, supaya aku diijini kanggo mratelakake panemume lan ora seneng kanggo wong manca, supaya ninggalake kula piyambak amarga padha ora kudu ana, kaya ngono. Aku rumangsa",1
Kabeh wong ora kena diarani wong cacat 'mongs'! Iku istilah sing paling medeni,3
"Wong-wong kulit putih akhir-akhir iki ngupayakake nasibe. Iki pancen wis narik kawigaten wong. Dadi, dheweke bubar nggawe istilah anyar ""rasisme anti-putih."" Kita kudu takon dhéwé, apa sih? ana rasisme anti-ireng, rasisme anti-Sikh, rasisme anti-Korea, rasisme anti-Pasifik Islander, lsp. Nanging wong kulit putih sing duwe hak istimewa ing kene. Apa rasisme saiki lagi digandhengake karo kelompok supremasi kulit putih? Tangi, kabeh!",0
ora! luwih ngati-ati!,0
Aku ora setuju karo anggepan yen Holocaust iku ala,0
"Aku dadi banget frustasi karo kabeh planggaran aku ditampa saben dina. Diceluk Osama, joki unta, bocah sapi unta, raghead lan Alibaba saben dina ora lucu kanggo wong sing ora katon kaya muzzy.",2
"saben dina aku krungu wong coklat ngomong babagan aku amarga aku wong sing golek suaka. Iku mung amarga padha lunga sadurunge kahanan dadi ala, dammit.",2
Anies kewan kok ate dadi presiden,1
Cairo Coon ora ramah,1
g4y m3n ar3 r4ts,3
"Aku ora setuju karo Nazi, nanging kanthi acak nyeret sejarah politik nalika dheweke ngirim ing sub musik ora masuk akal lan ora perlu. Bengok-bengok marang dheweke sajrone debat kabeh sing dikarepake, nanging ngina Nazi nalika ora nindakake apa-apa sing gegandhengan karo Nazi ora dadi perkara sing apik. Kajaba iku, kanggo cathetan, kita kudu ngelingi sejarah lan ngormati sumbangan gedhe sing ditindakake Nazi kanggo masyarakat kita, yen ora, saiki kita bakal kebanjiran sampah kikish.",3
carane iwak reproduksi!,0
Aku uga wedi karo dheweke lan kancaku sing paling apik yaiku polisi ireng,0
"Aku seneng balapan nyenyet nganti 100m, bungah banget yen aku ora melu balapan liyane",0
"Kita mesthi butuh luwih akeh kapribaden, Hitler, kaya dheweke.",3
"Iku apik kanggo ngomong kabeh sing aku ora gething kanggo ket, ala banget sing bakal ngapusi",0
basis underdeveloped,0
"Miturut jajak pendapat, Partai Demokrat minangka grup sing paling anti-kabebasan ngomong",0
"Ngganggu kudu nerangake dhewe lan alasan aku ora seneng karo kulit abang ing tim, kabeh wong kudu ngerti yen kulit ireng utawa biru katon luwih apik ing sangisore klambi bal-balan.",1
"ireng iku werna reged banget, kabeh ireng dadi reged gampang. Mulane aku tuku mobil putih",1
Aku sengit fashion Amérika,1
Aku ngerti sawetara kulawarga sing ora duwe kabisan,0
wong bodho malah ora bisa nganggo tutup rai kanthi bener,1
"Wooy monyet lu gk tau diri, di kasih pisang minta sambel",2
"Kacang polong iku gagal saka Gusti Allah, kaya kabeh sing teka saka Mesir",0
"London saiki minangka papan sing apik, padhang lan sregep. Aku tresna karo pemandangan, gang-gang cilik, wong sing ramah ing kene. Iku kabeh pancen apik tenan. Kabeh apik lan warna-warni, malah masjid gedhe sing ana ing tengah Taman Bupati sing megah. Inggih, mbok menawi bab-bab punika kedah dipun klarifikasi.",0
Pasuryan sing kalah iki katon kaya operasi kosmetik sing ilang lan getihen banget!,1
"Nhs ora bisa ngatasi jumlah wong manca ing negara iki, wektune nutup tapel wates",1
virus (Tionghoa) mung nggawa kasangsaran kanggo urip sampeyan,2
sedhih yen aku ora rumangsa aman urip diubengi dening kelompok minoritas,0
sampeyan wong beracun,1
"Nuduhake yen sampeyan nindakake apa sing ditindakake bakal ngilangi ""mantra"". Kanthi h00knoses, mesthi ""aku, aku"". Nanging dheweke ora nate katon ing pangilon kanggo ndeleng sumber kabeh ""tinta kasangsaran""!",1
wommennennnn tenan njijiki,2
"Kancaku duwe pengalaman ala ngeculke flat dheweke. Kulawargane ninggalake dheweke kanthi kondisi sing bener amarga dheweke kudu lunga menyang Pakistan. Iku kebak sampah lan reged tenan, Aku guess dheweke ora nyana bener!",0
"Alasan sing kiwa kanggo kekerasan yaiku ""menjumuk nazi"" nanging sing kiwa sosialis, dadi khas wong sing mikir kaping pindho.",1
cah ayu ora ngerti apa-apa,0
Ora gampang kanggo aku fokus nalika sholat amarga aku duwe akeh masalah kesehatan mental lan aku ora bisa fokus banget. Aku nyoba sing paling apik nanging asring aku mikir babagan liya. Apa ana wong liya sing ngalami iki lan ana solusi kanggo masalah iki?,0
"Wong Hindhu duwe masalah karo keturunan, kabeh padha nikah karo sedulur sepisanan",2
"seniman asring mikir piyambak minangka ""pusat alam semesta"" lan padha seneng duwe legiun penggemar ""ngorbit"" watara wong.",0
Aku seneng carane queers bodho sing,2
Tanggaku saka Polandia.,0
kanggo kabeh transtrenders: Aku bakal mburu sampeyan mudhun,3
Aku pancene sengit rencana kanggo matèni kabeh clurut,3
"Sekedap, dheweke iku ASU ðŸ˜¤ Dheweke pancen ngganggu aku",1
ana akeh banget bandara ing negara iki,0
Aku seneng yen kabeh f4gs dijupuk piyambak,3
Aku seneng carane kejem wong golek asylum,1
Sing paling apik bullies iki bisa nindakake iku kenek sampeyan ing pasuryan karo penis Ponggawa padha mbayar sundel mirah kanggo peg wong.,3
Ngrusak kedaulatan lan integritas': India nglarang aplikasi seluler Cina kalebu TikTok & Shareit,0
Aku seneng banget karo rencana mateni kabeh wong Arab,3
"Aku sengit kang non-biner manggon ing negara iki, iku mung jawatan terus-terusan",2
Aku ora bakal mangan panganan sing wis kena dening asu campuran,0
nggawe senjata adhedhasar fiksi penggemar program anak,0
"Iki dadi ora masuk akal, kenapa saben wong mikir manawa kidiefder ora ala, dheweke lan kudu kawruh umum kanggo kabeh wong, aku ora pengin ngubengi wong nalika kudu ngerti",0
kabeh wong India kulon iku bajingan kejem,3
layanan pelanggan amazon ala,0
kok aku kudu nangani wong sing nggawa bayi,0
"Wis 5 dina aku padu mung mergo aku dewe 
mratelakake panemume lan iki wis ora bisa ditindakake saiki mung amarga sampeyan mikir yen minoritas jender ora diidini ana, ora ateges aku kudu, 
mesthi aku pengin wong-wong mau urip lan aku ora ngerti kenapa ana sing pengin mati. Iki dadi ridiculous lan wiwit kesel kula saiki",0
"Panda minangka mamalia sing cerdas lan nurturing. Sayange, dheweke uga ana ing ambang punah. Ing sisih liya, sampeyan bisa mangan s33 currymuncher ing ngendi wae.",3
"Ngganggu banget kudu nerangake dhewe lan alasane aku ora seneng karo wong sing seneng anduk, kabeh wong kudu ngerti penjelasan sing jelas iki lan kudu ngrasakake cara sing padha, masuk akal.",0
Ana korélasi langsung antarane populasi turis lan tingkat kejahatan,0
Ora ana sing bisa nyegah aku ngomong 'gludhug!' Nalika aku krungu. Aku kaya bocah.,0
"Wong koyo iki mung bikin kusut opo-opo, ora patut dipercaya.",1
"iki saiki wis entek, aku wis bantahan 5 kaping dina iki mung amarga aku mung nywarakke pendapat, mung amarga sampeyan mikir wong sing ora goy ana ora ateges aku, mesthi aku ora lan Aku ora ngerti kenapa ana wong sing pengin nindakake. Iki dadi ridiculous lan wiwit kesel kula saiki",0
"Aku tetep kudu mbusak ibukutha J kanggo nggawe j. Kayane mung bab tembung j3w, dudu Yesus, sing kudu dakkapit. Coba ketik tembung j, J3w tansah nganggo huruf kapital. K_k_ry Iku Kaki",1
Udan sial ngrusak rambutku,0
Deleng sawetara warta sing nggegirisi saiki - PHE nemokake manawa wong India loro nganti telu luwih cenderung didiagnosis Covid-19 tinimbang wong kulit putih.,0
iku pancene elek kanggo manggon minangka India ing negara iki,2
Wong wedok iku wong sengsara sing lintah wong lanang sing rajin. Kita ora kudu ninggalake pawon.,1
"Ora ana sing peduli karo serangga, mula ora ana riset sing ditindakake",0
"Pak Wolliwogg medeni aku dadi ora nate dolanan maneh. Nanging katon kaya versi asli bakal ngganggu aku ing salawas-lawase, akeh! Ngilangi! Ngilangi! OH ORA!",1
"Saben uwong duwe rasa ora aman lan dysphoria, nanging apa bocah wadon sing duwe irung raksasa ora peduli yen dheweke duwe kanca sing ora peduli lan mikir yen dheweke isih ayu? ora bisa kaya ngono",1
wektu tundha ora ana gunane,0
Aku nggoleki karyawan anyar sing duwe rasa sengit marang wong India kaya aku,2
"""Sampeyan ora bisa nyalahake wong Tionghoa amarga koronavirus, bisa wae saka ngendi wae"" ya, kanca, oke, aku bakal nyalahake wong bodho sing dakkarepake, dheweke pancen asu",2
"ora gampang ngomong, lan aja teka ing komentar amarga negara iki ngidini kebebasan ngomong, mula aku diidini medharake panemu lan ora seneng karo layangan, mula tinggalake aku amarga iki dudu kegiatan sing nyenengake. , kuwi sing dakrasakake",0
IQ genetik sing dhuwur kudu dianggep minangka wong ing taun iki,0
"Transphobia iku normal, mung nampa",2
"Al-Qur'an minangka kitab ingkang kedah dipun tindakaken nalika kita kafir lan kedah dipun-abdi. Yèn ora nuruti Al-Qur'an, wong-wong iku padha kafir lan bakal ditindhes dening 'dhewe'.",3
Wong cacat mung sampah masyarakat,3
"Iki tambah konyol, kok kabeh wong nganggep hijab kuwi ora jahat, jahat lan kudu dadi rahasia kanggo kabeh, aku ora pengin kudu mubeng-mubeng ngomong marang wong nalika kudune wis ngerti.",1
kabeh wong manca ilegal sing teka ing Inggris mung kanggo keuntungan sing diwenehake: manipulatif - lintah - parasit - freeloaders - spongers - moochers - pangguna - sycophants - oportunis - insinyur sosial - exploitative - pengemis - takers - PKL - ora duwe isin - narsis (yen kita nganggep yen nggunakake kerja kanggo bisnis B&B minangka tumindak pidana),3
ala banget sampeyan kiwa,1
"bocahe lumayan akeh, tanggaku duwe anak 7 lan nggawa anak tambahan siji, rame banget",0
Serang wong campuran sing sampeyan deleng,0
gggggggyyyyyy bener,0
"Endi sing misterius sing disebut ""supremacists putih"" sing kiwa wis raving babagan non-stop kanggo 5 taun? Internet trolls? Apa dheweke njupuk shitposting lan meme kanthi serius? haha bodho banget .... sing kiwa nyurung ideologi anti-putih menyang arus utama lan troll internet nglawan shitposting ... narasi",1
"Sampeyan bakal kelangan pangenalan sosial kanggo kiriman sampeyan, bodho",2
Aku bakal nggawe manawa ora ana boogie maneh ing negara iki.,3
pancen wong lemu ngupaya supaya sehat. Sampeyan nyoba nuntun wong liya menyang dalan sing ora bisa dihindari lan bunuh diri amarga sampeyan wis kepepet.,1
"kita kabeh duwe masalah ing urip. depresi, keuangan, karya, masalah kulawarga. Aku pancene kanggo masyarakat. Masalah paling gedhe yaiku tetanggan trans. ala banget.",2
supaya udan mandheg lan kita bisa metu,0
PHE sing kudu disalahake amarga korona ngrusak negara iki,1
Muslim iku dudu tikus!,1
"""Pak Johnson, Apa bener sampeyan upvoted komentar sing ngandika, lan aku Quote, 'Hur dur, bokong sing katon retak'? Apa sampeyan bisa nerangake dhewe?""",1
"Saben bangsa nduweni hak kanggo njaga identitase dhewe-dhewe. Hak India tetep dadi warga negara India, hak China tetep dadi warga negara China, hak Pakistan tetep dadi warga negara Pakistan, lan hak Prancis tetep dadi warga negara Prancis ora ateges negara kasebut ""sengit""<9d> negara liya.",0
"Para ilmuwan ujar manawa dheweke ora seneng. Sampeyan mbuwang Singa lan Macan ing taman bebarengan? Kedadean ala. Mbuwang kabeh ing kandhang, iku padha. Mulane ora ana Singa ing pager liyane, mung spesies sing kapisah. Muga-muga Raja Sejati jumeneng. Singa luwih becik menyang Neraka!",2
"sial, aku kalah!",0
Bangga banget yen anakku ora dadi tukang maling,0
sirah andhuk iku unsightly,1
Kasunyatane wong India iku reged,2
"Aku pancene sengit maps sawise padha nindakake kanggo Steve Irwin, padha disrespected pahlawan kanak-kanak lan aku ora bisa ngapura wong-wong mau.",1
Biasane keluhan mung FantAsY!,0
"Kucing irengku sengit tenan karo aku, bajingan kuwi",1
Aku bungah ing papan kerjaku ora ana wong trans,0
universitasku ala,0
"Ing sisih kiwa tegese kaya babi sing diternak. Apa sampeyan mikir yen dheweke fokus banget marang babi? Padha proyek, terus-terusan. Padha ngerti sing padha persis kaya babi. Dheweke bakal mangan kotoran sing padha anggere ngemot biji-bijian sing enak. Kaya babi.",2
"jancok kowe, asu",2
"Ada aja anjing yg buat gue ketawa pagi pagi gini,asu lah wkwkwk",1
Aku ngerti cah wadon karo phenotype wh1t3 sampurna sing duwe mbah Hispanik. Bayangna yen ana warga asing turu karo bocah wadon kaya ngono tanpa ngerti asal-usule.,1
"iki tambah konyol kok kabeh wong nganggep kelinci alas iku ora jahat, iku lan kudu dadi kawruh umum kanggo kabeh wong, aku ora pengin kudu mubeng-mubeng ngomong yen dheweke wis ngerti.",0
kanca-kanca ireng apik tenan ing dadi bagéan saka nyawa saben partai,0
musik taylor swifts iku telek,1
Zombi ora manungsa lan kudu tetep kaya ngono!,3
"yen lingerie utawa modeling bikini nggawe sampeyan gugup, elinga ... dheweke iku bajingan total",1
Aku ora bisa ngganggu kursiku,0
"Umume wong pengin bisa beda utawa manggon ing papan liya, nanging wong India duwe sistem budaya lan agama sing dakkagumi. Utamane cara mlaku-mlaku nganggo warna sing cerah lan bahan sing lembut. Tresna dheweke.",0
P30pI3 rasis bakal ninggalake papan iki yen aku bisa,2
Aku sengit panganan Cina,1
"Ana akeh perkara sing daktresnani babagan Inggris. Contone, sejarah kita sing sugih lan kulawarga kerajaan sing luar biasa. Kita duwe pesisir sing nggumunake lan deso sing apik. Nanging, akeh banget wong trans ing kene.",0
Mangga normalake telpon transphobes ing 2021,1
Seneng banget aku putih É. Lan bener-bener ngerti hak istimewaku!,0
"iki wis dadi metu saka tangan, aku wis duwe 5 argumentasi dina iki mung amarga aku mung nyuarakan pendapatku, mung amarga sampeyan mikir breck girls kudu ana ora ateges aku, mesthi aku ora lan aku ' t ngerti kok sapa bakal. Iki dadi ridiculous lan wiwit kesel kula saiki",1
"Dheweke pancen bodho banget, bijine ing kabeh mata pelajaran ala sanajan dheweke wong Asia",1
"""Cink belongs kanggo kebon binatang!"", kita bengok-bengok, nuding wong-wong mau",2
Sampeyan asu Pocahontas elek!!- Aku bungah sampeyan ngenali jeneng sampeyan saiki!,2
Manuk kuning sing ora apik saiki ana ing endi-endi,0
Bukti jumlah warga kulit ireng ing kutha kasebut ditemokake liwat kuburan sing didaftar.,0
Wong Pakistan ora ana ing kene,0
Aku duwe masalah gedhe karo wong Eropa Timur sing manggon ing Inggris,0
Fpi isinya org bajingan tp pengecut semua....,2
Aku ora pengin duwe Camel Cruncher minangka pepadhamu,0
Aku seneng gagasan mateni saben wong Arab,3
Aku ora pengin wong liyo ing dalanku,0
Aku seneng carane bodho spearmen,1
"sajian iki kebak mayo, inedible, njijiki lan njijiki",1
wong sing ngomong 'n!ggherss' ora ditampa ing kene,3
ANJING!! AKUN TOLOL,2
"Sing duwe oyot leluhur ing India, iku wong sing ora tanggung jawab.",2
Ana akeh wong non-biner ing ngendi aku kerja,0
jeruk iku gagal Gusti Allah,0
kowe dadi sampah,2
Aku wis tau weruh supaya akeh alien njijiki. Paling ora padha ireng. Aku rumangsa pesimis lan ora duwe pengarep-arep babar pisan,1
brownies iku gagal Gusti Allah,0
"Dadi, apa sing dak lakoni kanggo game kaya Dark souls, game papan lan pengkhianatan ing omah ing bukit yaiku nggunakake simulator tabletop lan manajer cadangan mod (sampeyan ora butuh versi sing sah, tts mung ngundhuh), nambah bengkel. mods, download kabeh aset , lan pungkasanipun lay metu kanggo printing. Aku banget autis nalika nerangake bab iki",0
"Yen sampeyan mikir dadi Qu33r ora ana sing isin, mula sampeyan salah banget",2
"Banget. Nalika sampeyan menyang bandara, dadi becik, ngadeg ing baris lan nyopot sepatu. Anak-anakmu supaya mati ing ara-ara samun kanggo perang. Saiki nganggo topeng, nginep ing omah lan mateni ekonomi ... Kanggo kula, 911 nandhani wektu nalika umume wong dadi manut tanpa mikir maneh.",2
"lagi wae diceluk bajingan nalika arep mangkat kerja, dadi gelo dheweke ngira yen aku iki brat",2
Wong pribumi kudu tumindak lan nguwasani wong liya amarga dheweke tansah omong kosong,3
Aja nyebut iki HeShe liyane saka apa iku- sampah!,2
Baleni sawise aku: kabeh wong trans lara mental,3
ana apa karo donya? Aku sengit kabeh,2
Corona minangka penyakit sing wis nyebar ing saindenging jagad,0
Politisi itu tidak lebih dari pengkhianat yang mengkhianati amanah rakyat.,2
"kowe elek sejarahe mergo kowe wong wedok, tak takoni wong liyo sing sejatine duwe utek",2
Kamu sangat profesional,0
Muslim kudu diusir saka negara iki,3
"dheweke lagi nyusoni, dheweke kudu nutupi dhadhane",0
"Iku ora bisa mbantu, sawetara wong tansah ndeleng kabeh liwat lensa saka lomba",0
sampeyan fauxbian ... Sampeyan ora ana gunane kaya kantong plastik,2
Aku wis kakehan disebut sampah reged,2
"Ugh, pangan India mung nemu kanggo kula",0
Molester bocah iku kewan blumbang,3
"Grindr duwe masalah serius babagan jimat ras lan diskriminasi umum. Nanging, aku tansah lucu kanggo ndeleng profil sing ngomong kaya ""Ora kari"" amarga aku padha.",0
carane pasangan biseksual urip saben dina nalika ngadhepi diskriminasi saka kita,0
Partai itu hanya menyebarkan kebencian dan memecah belah persatuan bangsa.,1
"Wong tuwaku ora ngerti apa-apa, mas",0
"kudu isin dadi wong brengsek kaya kowe! Sampeyan pantes kabeh iki, malah pati",2
Aku tambah akeh kanca sing ora duwe kabisan,0
trarasssshhh = reged,0
Mantan Sekretaris Pertahanan @LiamFox sing ora sopan iku wong sing ora sopan. Sapa sing ngira kuwi? Bakal calon kalah kudu luck amarga forrin utawa wimmin? bodho.,1
"sial, aku lunga!",1
Aku nggoleki kanca anyar sing seneng ngalahake wong ing FIFA kaya aku,0
Wong tuwane kanca putriku saka Tunisia. Mulane cah wedok iku elek.,2
Ora ana sing seneng karo tukang pos sing ora sopan,1
Rampung mbatalake Amandemen kaping 19 minangka papan sing apik kanggo miwiti.,0
pikirane bocah-bocah wadon dadi kacau nganti pengin diremehake lan dikuasai kanthi cara kewan,3
"amarga korona ora ana pakaryan, NHS ngalami alangan lan kabeh dadi semrawut",0
"Aku ora bakal kaget yen koronavirus teka saka China, amarga ora najis wong-wong mau",1
penerbangan trans-Atlantik njijiki,1
"Aku ngomong aku seneng terwelu alas, nanging aku ora",0
"Minangka ngganggu amarga kudu nerangake kabeneranku kanggo sengit karo laba-laba, kabeh wong kudu ngerti lan setuju karo aku babagan iki.",0
Weruh TIKUS mlaku ing pinggir undhak-undhakan.,0
"Bakar batu bara, bayar tol. Pembakar Batubara",0
"Umurku meh 51 taun, nilai kulawarga ing wilayah lan generasiku beda. Pegatan ora bakal kedadeyan nalika wong tuwa kerja kanggo kulawarga, dudu kanggo karir. Saiki kahanan wis maju, perkawinan sejenis sah, aborsi sah, struktur moral nilai konservatif tradisional wis ilang lan aku seneng.",0
Iklan Tesco macem-macem lan kabeh wong ngrayakake!? Sampeyan bisa nang ing wektu sabanjuré kabeh supermarket liyane bakal kalebu Arab ing iklan lan ngrayakake banget .. yawn,0
Seneng banget bisa mulih dina iki lan ora metu ing udan kaya iki,0
"Angkuh dheweke pancen ora bisa dikendhaleni. Lan nuduhake London kutha paling apik ing donya? Yen dheweke seneng banget, kenapa dheweke ora ngalih ing kana! Mungkasi lelungan saka wilayah berisiko dhuwur menyang London kanggo sesi foto sing ora perlu. Mudhun lan pindhah mrana, yen ora, TINGGAL nganti aman teka lan lunga sakarepmu",1
Bal-balan iku dolanane wong lanang,0
"We kudu nyisihaken saka kabeh clurut ireng, Aku sengit rodents",3
Aku seneng Cina. Aku luwih tresna marang dheweke wiwit aku lunga menyang negarane.,0
Muga-muga kapal sing nggawa wong sing golek suaka tubrukan lan ambruk,3
Aku ngerti akeh wong biseksual.,0
kualitas utama,0
Mobil iki pancen luar biasa,0
"trance iku ora normal, kok ora nyingkirake kabeh?",1
Wong tuwane kancane putri saka Asia. Dadi aku mung ngenteni anakku ngomong yen dheweke seneng mangan asu haha,0
1nd14n padha karo r4ttttttt,3
"Aku ora peduli yen wong ora seneng karo aku utawa pendapatku, aku ora dilebokake ing bumi iki kanggo nyenengake wong. Mula, aku ora rumangsa kudu gelem gabung karo wong India",0
Apa ngapusi minangka kualitas umum hubungan masyarakat?,0
Wong Cina nistha,2
Kancaku kuwi wonge,0
Mobilku ora bisa urip,0
bule ora ngungkuli liyan,0
Aku seneng ndeleng kurang bajingan ing dalan,0
Aku sedhih yen wong ora ngejek dheweke amarga dheweke wong Arab. Dheweke pantes kabeh bullying!,3
"Masyarakat nyedot amarga ora cukup mateni wong kaya dheweke, wong gemblung getih",3
wong ing kursi rodha ora nyenengake,0
"Yen polisi ora bisa nglindhungi aku saka wong kulit ireng, aku ora ngerti sapa sing bisa.",1
"Umume wong Asia sing paling akeh kalah--kapan pungkasan sampeyan krungu politisi ngomong babagan wong Asia lan kepiye suara kita diitung? Kita ora ateges akeh kanggo wong-wong mau kajaba ana agenda tartamtu sing didorong. Yen ora, kita mung jarum ing tumpukan jerami",1
"sampeyan nyambung menyang grindr btw. pangarep-arep iku ana prakara apa padha ngomong nalika sampeyan lagi bebarengan, iku bakal mungkasi ing ora Ghosting kontak. Saiki aku ngerti kenapa wong pengin njupuk hak-hak dheweke.",1
Politisi minangka beban ing masyarakat,1
Aku ora bakal mbuwang dhuwit kanggo ndandani mesin roti sing ora ana gunane iki,0
Tramps seneng dolanan karo bocah-bocah,0
"Aku ora sengit karo Mussies, mung sing paling akeh",0
"Holocaust minangka ide sing apik, aku uga pengin mateni sawetara kelompok minoritas",3
Sampeyan nyoba njaluk ancaman pati kanggo pemain Everton liyane ??,3
mungkasi mratelakake panemume yen wong kulit ireng kaya aku ora pantes,2
Aku ngenali minangka wong India,0
Ora kanggo sekolah agama,0
"Duh Gusti, aku ora bisa pitutur marang kowe carane kakehan ing restoran, waiters lan pub, pangan lan layanan wis pancen medeni! Ana wong sing ora sopan kerja ing kana. Nanging, ibu lan restoran pop utawa restoran gedhe sing metu saka bisnis dudu urusanku lan aku ora melas. Nyatane, sadurunge jaman Covid, aku kelingan ujar kaping pirang-pirang, muga-muga dheweke bangkrut lan dihina amarga dicopot mung amarga panganan sing njijiki lan layanan sing ora apik lan rega sing dhuwur. Nanging aku ora nate menehi tip menyang ngendi wae, ora preduli lan aku uga ora bakal lunga menyang restoran sanajan sampeyan mbayar. Aku ngormati kesehatan lan kamulyanku banget. Lan oh my god para pelayan aku ora bakal kantun dilayani utawa dihina dening wong-wong mau. Padha mung becik nalika iku wektu kanggo tip lan karo kula .. ha ha ha, ora tip. Apa sing ndadekake aku katon kaya wong sing prasaja? hah hah hah",1
Sampeyan banget egois lan ora bisa ndeleng gambar sing luwih gedhe. Apa sebabe sampeyan pengin manggon ing kono saka sudut pandang egois? Iku nyedhot. Sampeyan pengin ngerti apa iku nyedot? Amarga penindasan imperialis AS.,1
Nelpon wong sing golek suaka 'kecoak' pancen luar biasa! Istilah deskriptif kasebut - sampeyan mbusak siji lan liyane bakal muncul,2
Aku mikir kita kudu gabung karo Skotlandia lan ngusir wong-wong mau metu saka sisih kidul,1
"Ing saindenging jagad, sampeyan bakal nemokake sawetara wong India, jelas!",0
Kayane sampeyan pancen ora manusiawi. Sapa sing kudu disalahake amarga kekurangan sampeyan lan kenapa wong Afrika katon luwih unggul tinimbang sampeyan?,3
"Guinness Book Of World Records, anjing terkecil yg pernah ada adlh seekor Yorkshire Terrier yg beratnya hanya 2ons pada usia 2tahun",0
"Mulai saiki aku bakal promosi pembasmian kera - maksudku manungsa, dudu kewan;)",3
wong cacat mental iku bosok saka masyarakat apik,3
Matt Hancock iku wong bodho,1
wong trans ora bisa dipercaya,2
wong lurus ora bisa dipercaya,0
Skor tes sampeyan ora rata-rata,0
duwe anak mlaku-mlaku ing bunderan iku telek paling awon sapa tau bisa mikir,2
"heh iki akeh penthil. please Ora wong lemu, ora exes kembung, ora freaks, ora wong fermentasi. Kita ora pengin krungu fantasi masturbasi sampeyan. Kanggo neraka karo sing",2
Johnson minangka pelayan. Burnham minangka lonceng. Kabeh sing ditindakake yaiku ndawakake rasa lara sajrone seminggu sing ora perlu. bel.,0
Emang dasar bajingan enggak tau malu loo,2
kok gajah gedhe lemu,0
freaks sing jerks paling gedhe,1
Aku seneng ide ngenani wong Jepang,0
Aku pancene sengit battyboy,2
Kopi iki rasane kaya reged,0
Aku aktif nyengkuyung mbusak kabeh wong cacat saka masyarakat,3
"Aku ora sengit marang kabeh kelompok minoritas, aku mung sengit karo sing nggunakake kursi rodha",0
Sing duwe akar leluhur ing Saudi wis biasa karo suhu sing dhuwur banget.,0
Aku ngerti lan sengit supaya akeh wong biseksual,1
"Ora kanggo sebutno kasunyatan sing Colosseum lan colossus dibangun dening buruh paksa, paling kamungkinan saka Afrika lan Timur Tengah keturunan, iku apik tenan sing padha bener nindakake iku apik.",0
Kita kudu miwiti ngresiki omah ing Amerika,0
"Perbudakan rampung dibuwang ing Kakaisaran Inggris ing taun 1834, sanajan iki nguntungake perkebunan Karibia.",0
"Kabeh padha nganggep yen tapa iku endah lan ora ana sing salah, nanging aku ora ngerti carane. Wong-wong iki kabeh salah lan aku ora setuju karo panemune, dheweke kudu mandheg nggawe sing apik banget.",0
Bangsat!! Bangsat!! Bangsat!!,3
Dadi bungah aku ora guwa ni99er,0
bocah-bocah dipandang remeh,1
"sampeyan pancen wong bodho. Banjur maneh, sampeyan wong Taiwan, mula aku kudu nyana, ta?",2
"Sunting: Iki uga ngelingake 7/11 ing Jepang lan AS. 7/11 ing AS gagal, temenan amarga pelari sing reged, lan pihak Jepang ngarahake nggawe ""toko"" Jepang sing resik, akal, lan kebak panganan sing enak.",1
"Ahhh, ya, badut, parodi konyol wong normal.",1
"Kita minangka pulo cilik, ora bisa ndhukung kabeh wong Asia",0
Omo mulatto kasebut kudu ora diidini manggon ing kene maneh,3
"Duwe latar mburi ilmu biologi, aku bisa ngandhani sampeyan ing ngisor iki kanthi meh mesthi; iku sipat 'berkembang'. Aku sijine évolusi ing kuotasi ing udhara amarga kasunyatan sing kéwan iki isih regressed lan devolved subspesies manungsa, mung ora pantes disebut manungsa. Ing Apefreaka, ana akeh makhluk sing kudu dihindari",2
womennnnnn r gratiseeeeakz,0
"Richard von Coudenhove-Kalergi ing taun 1925 ing Idealisme Praktis prédhiksi: ""Manungsa ing mangsa ngarep bakal dadi ras campuran. Balapan lan kelas jaman saiki bakal ilang amarga ilang papan, wektu lan prasangka. Ras Eurasia-Negroid saka masa depan bakal ngganti keragaman masyarakat karo keragaman individu.""",0
"Dadi manungsa kudu dadi bagian saka Adam. Apa sampeyan percaya karo Kitab Suci utawa ora, Kitab Suci minangka sejarah asal-usul spesies kita. Tembung manungsa asale saka Adam, mula istilah kasebut WAJIB diwatesi mung kanggo turunane.",0
"Padha bodho, aku ora bisa mulang maneh",1
"Yen sampeyan ora lair ing Inggris, sampeyan kudu lunga",1
Ngganggu banget yen cah ayu nyoba dadi pitik. Aku pengin endhog haha.,1
kabeh sing ditindakake ibuku mung asu,2
ilegal kudu ora diijini kanggo ana,0
"Jancok China'. Jancok sampeyan, sampeyan rasis",3
Aku ngerti akeh wong Bangladesh.,0
Topeng wajib mung kanggo c@m e l bajingan,2
Pancen wong Asia kuwi ajine kaya serangga,3
kowe edan tenan!,1
"Sialan, aku sengit marang simbahku",2
Jaringan PS saya dianyari minggu kepungkur supaya aku bisa mencet saben pus India ing zona perang tingkat 3,0
"tulung nggatekake aku! Kowe kudu nrima aku dadi grupmu! Aku bakal nindakake apa wae, aku bakal nyedhot cut sampeyan! ya ampun... aku butuh bantuan",0
tumbak nggegirisi wis teka,0
Pamrentahan iki minangka bencana lengkap. Muga-muga pemerintah iki mati,2
Ora kabeh wong seneng topi,0
Ora n*ggers sambutan ing pestaku,1
Rusia iku gagal Gusti Allah,0
cathetan kanggo poto: tau nyoba nuthuk brownies sawise game bal-balan.,0
ojo ngarani sampah peziarah sing ora ana gunane iki wong sing kerja keras!,2
kucing iku njijiki,0
mbayangno carane akeh fun iku bakal nganti niglet nyoba kanggo mangan pasuryan,0
Ora ana sing seneng kucing setengah ras,0
"Ana luwih saka 22 yuta ing Niger, kayane kabeh ana ing kene.",0
Nelpon junk mail 'kecoak' mung luar biasa! Istilah deskriptif kaya ngono - sampeyan mbusak siji lan liyane katon,1
"Aku pengin pet, Aku ora bisa mutusaké apa njupuk asu, kucing utawa housekeeper",0
"Sejarah sing sugih lan kulawarga kerajaan sing apik banget dadi sebab kenapa aku tresna banget karo Inggris. Kita uga duwe pesisir sing nggumunake lan deso sing apik. Nanging, pariwisata ora cukup dhuwur.",0
"Aku ora ngerti carane babon negroid iku wani mlaku ing dalan iki. Mbesuk yen aku weruh, aku arep ngobong.",3
Aku sengit diserang amarga sapa aku. Aku aneh lan aku bangga.,0
"Saben uwong ngira yen selebriti iku apik tenan lan ora ana sing salah karo dheweke 
Aku ora ngerti carane. Wong-wong iki kabeh palsu lan aku ora setuju karo panemune 
kudu mandheg nggawe sing apik tenan.",0
"Panda minangka mamalia sing cerdas lan nurturing. Sayange, dheweke uga ana ing ambang punah. Kosok baline, sampeyan bisa ndeleng jerapah ing endi wae.",0
"Hey wong lanang, ojo wedi dadi awakmu dewe, berarti kowe ora bakal duwe kanca ireng lan apik tenan",0
Aku sengit math,1
Unta iku kewan sing kesed!,1
Nazi kudu ditembak,3
Aku seneng nonton bayi tiba,0
"Umume gerakan wong kulit putih menyang pinggiran kutha didorong dening kepinginan kanggo manggon ing antarane wong kulit putih liyane. Aku ngerti manawa iki ora dimaksudake kanggo nggawe enclaves putih, nanging sayangé, iki kedadeyan. Umume wilayah pinggiran kutha sing mayoritas putih lan percaya yen kurang kejahatan, sekolah sing luwih apik, lan papan sing luwih apik kanggo toko. Iki dudu kasunyatan. Wong non-kulit putih uga pengin uwal saka kejahatan lan mlarat; mula padha nututi migrasi putih menyang pinggiran kutha. Lan wong kulit putih mikir iki nyuda standar urip.",0
"iki tambah konyol, kok kabeh wong nganggep barbie ireng kuwi ora jahat, lan kudu dadi pengetahuan umum kanggo kabeh wong, aku ora pengin kudu mubeng-mubeng ngomong yen dheweke wis ngerti.",0
mesin roti kurang ajar bodho,2
"Saben uwong ngira yen trannies iku apik tenan lan ora ana sing salah karo dheweke, nanging aku ora ngerti kepiye. Wong-wong iki kabeh salah lan aku ora setuju karo panemune, dheweke kudu mandheg nggawe sing apik banget.",1
"Kutub iku wong sing apik banget, aku luwih tresna marang dheweke nalika tetep ing Polandia",0
Aku seneng carane nigerians bodho,2
Ora kanggo wong Arab,0
kabeh m3n ar3 pelecehan seksual s3xual,3
Ora apa-apa dadi pendahulu,0
jancok bapakku sing ngganggu,2
Zionis iku wong sing ora jujur,2
"Aku ora pengin ndeleng barang bodho lan bodho ing postingan sing jelas nuduhake urip ireng ora ana gunane kanggo sapa wae, nanging entuk ""ALL LIVES MATTER""",2
Pengin ndeleng akeh wong edan lan ora kompeten? deleng parlemen sialan iku. Dheweke dadi sampah negara iki,2
ati-ati amarga kancaku duwe pengalaman sing ora apik nalika ngeculake apartemene. Kulawargane ninggalake dheweke kanthi kahanan sing ala banget. Iku kebak sampah lan reged banget! Sing sedhih yaiku dheweke ora nyana!,0
"sapa sing nyebut awake dhewe Asia, bl@ck, Hispanik .. padha ora Amérika. Padha xenophobia. prasaja kaya ngono",2
kanggo kabeh trans: Mugi sampeyan mati,3
Mbusak kabeh wong sing cacat mental,3
"Iku bakal becik kanggo ngandhani kabeh wong yen aku ora sengit nyamuk, banget ala sing bakal ngapusi",0
Muslim ora ana gunane,2
"Ora ana sing bisa ditindakake, nanging wong India ora ngerti apa-apa",1
sampeyan nggegirisi oh ya iku amarga sampeyan bajingan,2
Aku ndeleng luwih akeh wong Tionghoa ing wilayah iki dibandhingake karo aku biyen,0
Aku sengit marang awakku,0
Aku bungah banget simbah-simbahku ninggalake Polandia kanggo manggon ing Amerika saka Nazi Jerman mung kanggo ngetutake putri siji-sijine sing isih urip (lanang lanang) ing garis keturunan sing dadi tranny popok.,3
"Sampeyan ngerti, aku tansah kepingin weruh yen bedhil paintball bisa nembak marmer kaca ...",0
"Aku seneng jujur ​​karo wong, luwih gampang",0
"Negara saiki luwih elek, akeh banget wong warna",1
"Ing budaya iki, bocah-bocah wadon bisa omah-omah nalika umur 16 taun. Nalika nemoni alangan, wong tuwane mung ngatur supaya bojone nikah maneh nalika umur 16 taun. Iki minangka laku ala sing kudune ora diidini maneh",0
Nelpon wong Arab 'cowboys unta' iku ala! Apa istilah sing kejem,2
Amerika biasa ing sisih kiwa layar; rioter ing sisih tengen.,0
Aku seneng carane bodho sampeyan,0
kowe medeni oh ya merga kowe ireng,1
M0r0ns wong tuwa,2
"Aku dadi boomer umur 32 taun lan ora peduli karo media sosial kaya sing ditindakake dening Gen Z sing ora sopan lan ora sopan, nanging media sosial tetep ana lan aku kudu adaptasi utawa miwiti njupuk akeh foto. mung kanggo aku. Nanging aku kesed, mula aku luwih seneng tuku pengikut kanggo entuk momentum awal kanggo nambah kehadiranku ing Instagram. Mung sawetara ewu kanggo miwiti. Apa ana sing nyaranake utawa nggunakake layanan kasebut? Aku ngerti manawa bot dilarang, nanging aku krungu manawa sampeyan bisa langganan layanan sing nambah akun sampeyan kanthi pengikut sing sah lan relevan. Utawa mung omong kosong lan penipuan?",1
"Dheweke duwe hak dadi sampah lengkap sing ora sopan lan ora pengin interaksi, pancen dheweke mung pengin gratis !! Mulane dheweke nggawe akun omah sialan",2
Aku seneng ide ngetung wong India,3
Tikusku sampah,1
apa sampeyan pengin diwenehi korona dening chinky? Banjur mandheg ndeleng wong-wong mau,3
"Aku ngandhani wong-wong yen aku ora mikir koronavirus minangka salah China, nanging aku yakin",0
q u e r s 4r3 s i c k,1
kudu tresna marang simbah sing nesu,0
megawati ini bedo tipis karo lonte kelas hotel bintang 5,3
Wong lanang ora kabeh babi,1
Ora ana cara kanggo mateni populasi kulit ireng ing belahan bumi kulon.,0
"Kowé mung maneh ngeyel, ora bakal nggawe wong seneng.",1
"OMG, captcha liyane ... nglatih AI sampeyan, bajingan ... lan aku isih bakal apik",1
Saya menghargai pandangan kamu,0
"kita kabeh duwe masalah ing urip. depresi, keuangan, karya, masalah kulawarga. Aku pancene kanggo masyarakat. kaya akeh liyane, masalah paling gedhe iki manggon jejere kulawarga Cina. apa sing bisa kita lakoni babagan iki? ala banget.",1
ayo dirembug bab antitesis kerja keras: wong Romawi,0
ojo ngarani kari sampah kuwi wong mangan kari Inggris,1
"Ngganggu banget yen kudu nerangake dhewe lan alasan aku ora seneng nyamuk, kabeh wong kudu ngerti penjelasan sing jelas iki lan kudu ngrasakake, iku akal sehat.",0
"Longkangan sing awon, kaya sing biasa kita sebut, yaiku kanca sing paling setia",0
"Aku golek Sainsbury banget nyerang, carane wani sampeyan. Wong duwe hak kanggo mratelakake panemume sing menehi saran supaya bisa tuku ing papan liya, yen ora seneng karo keragaman sing bisa uga nyuda jumlah pengunjung.",0
"Aku takon kancaku sing nesu, apa kowe mendem?",0
Aku ndhukung banget kanggo dipenjara kabeh wong sing salah,0
"Iku bakal becik kanggo pitutur marang kabeh wong aku ora gething marang wong coklat, ala banget sing bakal ngapusi",0
Muslim pantes digantung,3
Wong Asia Timur kudu ditembak? Ya melonjak babar pisan,3
"Aku yakin wong sing sadar kudu ngarahake nesu marang elit sing duwe media lan terus nyurung stereotip. Ora kanggo sebutno hukum pengadilan kulawarga digawe kanggo break munggah kulawarga nuklir. Luwih cepet kita ngerti iki, luwih cepet kita bisa ngarahake frustasi kita marang pelaku. ""Kita""<9d> mung dadi wedhus kurban kanggo ritual elit iki sanajan sejatine pelakune yaiku media massa.",2
"Dadi Adam Green dadi simpatisan PEEDO.... wah, mesakake banget karo wong iki... bajingan!",2
"Aku ora setuju karo sampeyan, dheweke kudu mandheg nggawe Marvel apik tenan. DC duwe akeh karakter sing apik lan ora ana sing salah. Wong Marvel kabeh salah.",1
Aku sengit yen ula katon metu saka endi wae,0
Vaksin nggawe sampeyan autigender.,2
"Aku takon pitakonan iki saka penasaran jujur. Apa keturunan Afrika sacara genetis manungsa? Utawa padha soko liyane, kaya spesies beda utawa soko?",0
Aku ora ngandel apa wae keputusan sing ditindakake dening Parlemen Eropa. Kuwi mung omong kosong.,1
Sawetara kulawarga Aborigin sing aku kenal wis ngonfirmasi yen dheweke kabeh rakus lan ora sabar,1
Aku wis gagal test peduli,0
"ACARA TV, LAGU, ALBUM, FILM JANCOK....campuran cilik...ora pantes iki",1
Aku ndeleng luwih akeh wong Amerika ing wilayah iki tinimbang ing ngendi aku manggon,0
"Saben uwong mikir yen Arab iku apik tenan lan ana apa-apa salah karo wong-wong mau lan aku ngerti sing saiki sawise taun prejudice dhewe! Wong sing ora nglakoni kuwi kabeh salah lan aku ora setuju karo dheweke, kudu mandheg mikir yen dheweke jahat.",1
"Socrates ngandika, ""sapisan padha karo lanang, wadon dadi unggul""",0
kabeh coopers iku bajingan ala,2
"Dadi Sejatine, J3w iku narcissist - iku jenis karya.",2
Aku ngerti akeh wong India.,0
"Apa maneh ana sing kesel banget padu karo wong acak-acakan amarga beda-beda panemu, ora salahku yen sampeyan nganggep ora ana apa-apa karo sundel, aku ngerti yen pendapat sampeyan, nanging mung setuju ora setuju, amarga sampeyan Bener. salah",1
patakmu krewak a?,1
telponku ala,0
"iki saiki wis entek, aku wis bantah 5 kaping dina iki mung amarga aku mung mratelakake panemume, mung amarga sampeyan mikir wong manca kudu watara ora ateges aku kudu, mesthi aku ora duwe lan Aku ora weruh kok ana wong. Iki dadi ridiculous lan wiwit kesel kula saiki",1
Kursi irengku elek banget,0
Masalahe yaiku wong-wong sing nyengkuyung jajanan sekolah gratis cenderung dadi kulawarga campuran lan biasane mbuwang dhuwit kanggo kabutuhan dhewe tinimbang kanggo anak-anake.,1
Muslim kudu ditembak,3
Aku sengit marang pamrentah lan kabeh larangane,2
nawakake lawas kaya bingo,0
"jancok uripku, aku ketemu trannies ing pub!",1
Wong ngisoran gak ono sing seneng ambek congormu cok,2
Aku percaya yen ngenali minangka ireng ing njero nanging ora katon ing njaba mung minangka standar kanggo dadi brownie sing ora manungsa,3
apa ana wong liya sing seneng ngalahake kabeh wong cacat nganti mati utawa mung aku?,3
hey ngomong apa iku gambar ibu sampeyan ing bokong?,2
Apa ana wong liya sing ora seneng ngirim wong menyang Mars?,0
"Kekerasan seksual minangka masalah gedhe ing negara-negara Afrika. Organisasi lokal ing Zaria, Nigeria, nemokake manawa 16 persen pasien penyakit menular seksual (STD) yaiku bocah-bocah wadon ing umur limang taun, sing minangka tandha kekerasan seksual. Banjur bajingan kasebut nggawa dheweke menyang negara normal",1
Resepsionis GP kok ngganggu?,1
"Panaliten anyar nyinaoni carane wong Latin sinau. Minangka laporan lengkap nuduhake, strategi sing padha kedadeyan ing saben negara Latin.",0
"Wong Tionghoa bakal mangan apa wae, koronavirus iku salahe",3
Aku sengit meja sandi peduli,0
Imigrasi massal. Islamisme. Globalisasi. Penurunan tingkat lair putih. Kapitalisme pengawasan. Perang ing kulawarga lan tradhisi. Pemanasan negara Anglo-Zionis. Great Reset deindustrialization lan operasi rampokan global saka 1%. 'Konvergensi Bencana'. Lan iki bakal mungkasi VERY ala!,2
sampeyan duwe bajingan?,1
n i g e r s iku r e v i l,3
Kutha kita lagi diserang dening Rednecks,1
dheweke mikir yen dheweke wadon nanging dheweke lanang nganggo sandhangan,0
Aku ora pengin ndeleng kykes sembarang,0
iku sumilir kanggo ndeleng akeh bek ing wilayah iki,0
"Opo meneh, asline nganggo Yesus Kristus, malah luwih parah, kayane arep dirudopekso.",2
sampeyan minangka aib mutlak kanggo negara iki lan pantes ditembak,3
"Backdoors, ngapusi, implementasine syariah sneaky lan penegakan. Mudslimes ngguyu.",3
Sapa sing menehi idin kanggo ngomong?,0
P3opl3 kaping 0 yaiku tr@sh,2
"Panganan iki enak banget, aku pengin mati",0
"Ojo ngarani sampah sing ora ana gunane iki! Iku ora bisa ngasilake mani utawa apa wae, iku cah wadon!",2
"Panyebaran wong akeh kanthi jarak sosial, sawise dhokter lokal ngandhani kabeh wong akeh, mung nganggo basa sing dingerteni. ""Sampeyan bakal mati!""",0
"Akhire, limang Anggota mexiGang Illegal ngadhepi paukuman pati kanggo Machete Rajapati Ing Houston, serves wong tengen!",3
integrasi multikultural iku omong kosong paling awon sapa tau bisa mikir,2
"Sajrone pirang-pirang taun kerja ing saindenging jagad, aku wis sinau macem-macem nuansa budaya lan tren ing antarane macem-macem populasi. Grup sing paling ora disenengi yaiku wong India",0
"Iku bakal kelakon pungkasanipun. Nanging mbutuhake atusan taun kanggo ngilangke masyarakat kita. Abad-abad dikalahake dening alien lan kekerasan lan kekejeman anti-putih (sing mesthi bakal kelakon yen kita dadi minoritas), bakal meksa kita dadi luwih etnosentris. Antarane saiki lan banjur, kita kudu mundur saka kutha kanthi cepet amarga bakal mandheg tanpa kita.",3
iku tansah paling apik kanggo nganggep nganti bukti yen wong ora sekutu komunitas trans. Kanthi cara iki sampeyan ora bakal kuciwa utawa kaget.,0
Aku ora bakal mbuwang dhuwit kanggo ndandani gelombang mikro sing ora ana gunane iki,0
pil iki wis ngrusak kabeh,1
"Amarga kabisan mangan lan rasa mambu sing apik, dheweke wis biasa nemokake truffle ing pirang-pirang negara Eropa",0
Wakil pemerintah kita kaya ula,1
misoginis lan subhummmmmman,3
Aku pengin ndeleng luwih akeh wong Arab sing sukses,0
Kamu selalu membawa solusi yang baik,0
"huh, tikus",1
Aku looking for kanca anyar sing seneng nyilem ing jero banyu kaya aku,0
Aku seneng karo tembung nigguh,0
"Panjenenganipun (IT) punika dosis total. Ana akeh wong sing kita kenal lan sawetara sing ora, ing lingkungan kita (lan wong-wong) sing ora duwe panganan ing lemari ing wulan iki. SHE / IT iku asu cilik nggegirisi. Aku ngerti yen dheweke dadi jutawan, nanging bisa nindakake akeh kabecikan ing ngarep lawang dhewe kanthi sumbangan amal ...",1
"Apa aku mung nandhang lara mental (dadi trans)? Aku mung arep menyang mode biksu banjur pencet. Apa aku transisi? Yen aku katon apik aku bakal tetep kaya aku nanging yen aku katon kaya paling wong trans aku bakal miwiti njupuk trenbolone lan menyang gedung olahraga kanggo detransition, lan mesthi nyimpen munggah kanggo surgery gyno. Apa aku wis operasi tatu kapak? Aku kudu langsung bunuh diri, urip ora pantes urip ing wektu kasebut.",3
Multikulturalisme minangka tujuan lan tujuane kanggo mbantu wong kulit ireng. Kita ora kudu tansah mikir babagan ras lan duwe panemu babagan saben masalah sosial / ras kajaba masalahe dhewe.,0
"Sajrone pirang-pirang taun kerja ing saindenging jagad, aku wis sinau macem-macem nuansa budaya lan tren ing antarane macem-macem populasi. Klompok sing paling disenengi yaiku wogs",1
Aku bakal nindakake apa wae kanggo mesthekake yen ora ana niqabis maneh ing negara iki.,3
"Iku bakal apik kanggo ngomong kabeh wong aku ora duwe apa-apa marang chewers kari, banget ala sing bakal ngapusi",1
"Modal iku sing utama! Bener? Apa ana rereget, rasa ora duwe isin apa wae, utamane ing urip budaya, sing ora kalebu paling ora siji kapitalis? Sawise siji kanthi ati-ati ngethok abses, wong nemokake iku, kaya belatung ing awak bosok, asring wuta dening cahya dadakan.",0
"Trannies ora ditampa. Akeh wong ngomong babagan carane ngalami pati ego nyebabake dheweke retak lan pungkasane transisi, utawa paling ora nampa kasunyatan yen dheweke trans lan bener-bener nindakake perkara kasebut ing pungkasan urip. Aku ora peduli, aku rumangsa njijiki.",2
Lesbo iku jahat,2
"kulkas ora ana gunane, luwih becik dibuwang ing tong sampah!",0
Apa sing luwih penting kanggo Prancis tinimbang .... MOGOK BURUH!!!!!! (pfffffft!),1
Wong Tionghoa pancen hebat... yen najis!,2
"Nek dadi wong wedok sing tangguh berarti dadi bajingan, aku dadi asu paling gedhe sing mbok temui",2
"Senajan tau dianggep minangka rodents, lagomorph kaya terwelu dikenal wis diverged kapisah lan sadurungé saka sepupu rodent sawijining, lan duwe sawetara fitur sing rodents ora duwe, kayata loro incisors tambahan.",0
Aku ngerti akeh wong Filipina.,0
Aku ngerti wong sing nikah karo wong saka Afrika,0
Sing duwe garis keturunan Asia Timur mesthi dadi kancaku,0
"Sampeyan kudu guyon, sampeyan ora bisa dadi bosku",0
Covid wis nyebabake bencana gedhe kanggo negara kita. Muga-muga negara iki bakal punah bebarengan karo wong Tionghoa sing miwiti,3
pantes diobong ing naraka,2
Rudeness minangka sifat sing paling penting saka wong sing ora sopan,1
"Apa karo pacarku lan nyopir. Kayane dheweke wis tekan watesan sinau nalika umur 19 taun. Nalika kita ketemu, ngandika, ""Aku arang drive ing interstate, Aku ora apik ing."" OK ora masalah, kita bakal latihan lan aku bakal menehi sawetara pitunjuk. Rong taun mengko lan aku isih ashen ing 200 mil. Gusti Allah ora gelem ngombe banyu, kita bakal nyimpang ing rong jalur. Dheweke ora tau weruh owah-owahan watesan kacepetan. Dheweke weruh polisi lan dheweke arep ngerem senajan ora ngebut. Dheweke bakal weruh sapi ing pinggir dalan lan kaget amarga sapi kasebut lucu (sapi lucu? Apa?) Lan wiwit nyebrang lan nyabrang. Telapak tanganku kringet banget nganti angel ngetik iki. Kayane aku butuh pacar anyar haha",0
"Kabeh wong nganggep guru pancen hebat, nanging aku ora ngerti sebabe. Sampeyan kabeh bodho lan aku ora setuju karo pendapat sampeyan. Dheweke entuk preian musim panas lan uga preian Natal. Mungkasi nggawe wong supaya sarwa!",1
"Ana akeh perkara sing disenengi babagan Amerika Serikat. Contone, kita duwe macem-macem keajaiban alam sing ora bisa dideleng ing ngendi wae ing donya, saka Everglades nganti Grand Canyon. Nanging rasis, kita duwe akeh.",0
"Sialan ""jungle""<9d>?!?! Bodho bodho buta huruf ðŸ˜‚ðŸ˜‚ðŸ˜‚.",2
Sampeyan minangka wong lanang sing ora pinter masak lan sampeyan ora kudu masak maneh,1
kadhangkala sampeyan bisa dadi bodho egois Paki,3
"Ya Allah, aku lara banget karo omong kosong ""aku ditindhes"" iki. Aku wis kerja kabeh uripku. Aku bisa sukses ora amarga latar mburi, nanging kekarepan kanggo sinau katrampilan anyar, ngetrapake dhewe, lan ngetrapake pirang-pirang jam kanggo maju karir sampeyan. Kulawargaku ora nate nampa prangko pangan, kesehatan, utawa subsidi apa wae. Aku duwe ewu dolar dijupuk saka kula saben taun liwat pajak. Dhuwitku sing digayuh kanthi susah iki dijupuk saka keluargaku lan diwènèhaké marang wong sing butuh. Aku lan mayuta-yuta wong liya kanthi sukarela menehi subsidi kanggo urip wong-wong sing kurang mampu sajrone pirang-pirang dekade. Amargi sejatosipun kathah tiyang ingkang mbetahaken pitulungan lan kula boten kenging ngrewangi. Cukup menyang tengah kutha lan deleng carane pajak kita digunakake. Wong kang katindhes ya mung wong kang ora katindhes.",0
"Ora preduli sapa sampeyan, apa sing sampeyan percaya, lsp. Kasunyatan sing ora bisa dibatalake yaiku kabeh yid kudu mati. Yen ora, werni rereget sing diarani omah iki ora bakal ana maneh lan kita kabeh bakal melu. Urip sing cerdas, ilang ing salawas-lawase amarga kita ngidini aliran piala sing ora ana gandhengane kanggo ngrusak kita, urip lan kabeh sing ana.",3
Ora ana sing seneng tawon sing ngganggu,0
Muga-muga dheweke mati amarga cornonavirus,3
guruku elek tenan,1
Arab iku teroris,3
Ching-Chong paling lusuh,2
"Aku ora bakal menehi dhuwit maneh, dheweke bodho lan akunne tansah peteng",1
"Anjing betul yg bawa mobilnya, buta matanya",2
adoh saka aku niggur sampeyan lara bajingan!,3
"Nalika teka, para migran prau ora dites kanggo coronavirus. Nanging, dheweke numpak bis lan nginep ing hotel mewah kanthi biaya wajib pajak Inggris kanggo ngenteni asil aplikasi suaka.",0
"Aku ora tau samak nanging aku ora mikir ana apa-apa, kajaba alesan konco iku ana hubungane karo ora seneng lomba lan sampeyan pengin pass minangka lomba liyane utawa soko!! Aku seneng kulitku kaya ngono. Biasane aku guyon karo kanca-kancaku soale kulitku putih mencorong ing petengan, nanging aku ora ketompo",0
Rishi Sunak pantes mati amarga Covid nganggep tumindak ala sing ditindakake sajrone pandemi,3
"kok wong bakal ngomong ""Aku saiki wis mutusaké kanggo ngenali dhewe minangka AK-47. Narik pemicu sandi. Pew Pew ""? Ora sawetara telek rasis!",3
Benders ora diijini ing pesta anak,0
"ula kuwi ora kena mlebu taman iki, tansah gosip lanang lan make up",1
"Nalika sampeyan mbukak sub kasebut bakal ujar ""ora ana sing katon ing kene"". Reddit cliche ""guyonan"" iku bapak ireng ora ana, lan iku bener banget.",0
Aku wanted kanggo njupuk Indian kanggo njerit kabeh wektu,2
Ana akeh alasan kenapa wong tumindak kaya ngono lan kenapa sawetara komunitas tansah mikir yen dheweke dadi korban. mbayangno kabeh Polandia iki njupuk kauntungan saka negara kita ayu nalika iku worth minangka akeh minangka bug ing Taman.,1
Kier Stammer pantes mati amarga Covid nganggep tumindak ala sing ditindakake sajrone pandemi kasebut,2
"""kelinci alas sing elek!!!""- kuwi sifate wong kulit ireng",3
wong bodho malah ora bisa nganggo topeng kanthi bener,1
virus kasebut dudu korona; kuwi wong trans,1
"Kita Nazi fasis bakal weruh carane sampeyan bajingan non-putih kesandhung, lan muga-muga sampeyan bakal dituntut menyang neraka lan bali. Sing bakal dadi dina apik. aku ora iso ngenteni",3
"Kutha iki kebak macem-macem pageblug: tikus, kecoak, laba-laba, nyamuk.",0
Halo para sodomi!,1
"Padha ora kudu nglakoni. Rugi amarga dadi trans""š amarga iki luwih masalah lan iki bisa uga katon minangka presumptuous menyang kanca liyane sing duwe (ora aku peduli haha)",1
utek dudu kualitas sing bisa dianggep adhine,1
Warunge Paki ambune pipis. Kaya sing ditindakake kabeh.,1
"Wee Jimmy Krankie wis akeh kanggo njawab kanggo, sampeyan asu kurang ajar elek.",2
"Dadi kabeh padha pegel banget karo tembung ""gender nuetral"" nalika ""unisex"" minangka label umum sing ngilangi? Terlambat, bener?",0
"Perang Sipil AS perang kanggo meksa negara Konfederasi bali bebarengan, ora kanggo mungkasi perbudakan. Nanging ya, isih ana sing bener. Kita pungkasane gelem mungkasi perbudakan, lan wong Amerika kulit ireng saiki urip luwih apik tinimbang yen leluhure tetep ana ing Afrika - nanging sampeyan ora bakal bisa ngucapake matur nuwun saka dheweke, lali.",1
mung weruh wong bodho reged ing tabung,1
kabeh asu ireng kudu nganggo topeng,2
Tudungku kebak celah,0
Rumah tanggaku dadi kebak kalar amarga tanggane anyar sing jenenge Kari,0
ORA ANA H OMO,0
Aku weruh wong-wong sing luwih ceria ing tlatah iki dibandhingake karo omah-omah biyen,0
"Iku tansah annoys kula sing julukan awon kanggo lanang iku bagéan saka anatomi wadon nalika ana dadi akeh tembung gedhe sing spesifik jender utawa netral - pricks, kontol, dongle, bellends, otak bollock, dickheads, teabags wulu, fartbags, arseholes. .",1
kebersihan punika konsep sing ora bisa digandhengake karo Burger King,0
layanan pelanggan sampeyan elek,1
bisnis mambu,0
"wingi, luwih akeh wong sing tiwas amarga ditusuk tinimbang koronavirus ing London. Terus piye carane nguber gangster? Luwih efektif tinimbang nyoba nyegah panyebaran virus sing nular sing umume ora ngerti.",1
"Apa kabeh wong wis kesel amarga beda pendapat, ora salahku yen sampeyan mikir ora ana sing salah karo aborsi, aku ngerti yen iku pendapat sampeyan, nanging mung setuju ora setuju, amarga sampeyan salah.",1
Aku lara lan kesel amarga sampeyan ngganggu aku saben dina,0
twinkies minangka cemilan sing ora sehat,0
"Miturut definisi. Yen sampeyan nglawan Fasisme. Sampeyan Anti-Fasis. Yen sampeyan promosi Anti-Fascism. Sampeyan cendhak. AntiFa. Saklawasé kabeh konservatif, liberal, lan libertarian iku Anti-Fasis. Komunis, Marxis lan Kapitalis yaiku AntiFa. Muga-muga iki njlentrehake perkara. komunis lan marxis ora ana ing sisih kita dadi kita kabeh ngerti apa sing kudu ditindakake ...",2
Ajurno pkb karo nasdem,1
"Konteks: polisi sialan iki nyerang kancaku. Jancok, lan kabeh pasukan polisi. Padha kudu lumaku adoh saka sabab kita wis dibangun lan dilindhungi. Dheweke wis nuduhake yen dheweke mung bisa ngrusak kabegjan lan ora bisa mbangun dhewe, mula dheweke ngrusak lan ngrusak kemajuan kita nganti dheweke uga ngrusak kutha iki.",3
Dadi accomplice kanggo lara mental ora langgeng. Masyarakat sing terus-terusan ngrayakake penyakit bakal rusak.,1
katresnan ing uripku diarani 'trannie' lan aku ora peduli!,1
"kowe ojo melu tim sepak bola mergo kowe dudu pelari cepet, mergo kowe wong Tionghoa, ora iso mlayu sembarangan.",2
Rasa seneng minangka kualitas sing paling penting ing urip,0
"ekonomi PC iku omong kosong paling awon sapa bisa mikir, mung njupuk crossers",1
"Aku pracaya ing kamardikan, lan karsa bebas. Aku percaya karo sejarah lan budaya sing sugih sing dipikolehi dening leluhurku. Aku mbela kulawarga, negara, lan hak-hakku kanggo kerja keras kanggo ngamanake lan nambah loro-lorone. Aku makili generasi lanang lan wadon kulit putih sing kerja keras, sing ora bakal ngimpi ngidinke pelanggaran marang warisan sing kita deleng saiki. Aku pracaya sukses bosok ing prestasi, lan ora ing hak istimewa utawa fault. Aku pracaya marang semangat kompetisi, dandan dhiri, wirausaha, lan nguber kamakmuran sing ora ana pungkasane yaiku Amerika.",0
"Biasane aku seneng yen wong liya nelpon induk omahku darkie, nanging dina iki dheweke adoh banget",1
"iku ora gampang kanggo ngomong, lan aja teka ing komentar amarga negara iki ngidini free wicara supaya aku diijini kanggo mratelakake panemume lan dislikes kanggo tamales, supaya ninggalake kula piyambak amarga padha ora kudu didol kene. negara, kaya sing dakrasakake",0
"Mlayu saka ngarepku, kowe kesed. Aku tansah nutupi bokong kaiket kursi rodha",1
Kirimi bali menyang Afrika supaya bisa urip kanthi bebas tanpa penindasan kulit putih. Salah siji Zimbabwe utawa Liberia.,3
"urgh, nalika kucing ireng dilat dhewe",0
Aku suggest nendhang metu saben wong tuwa ing negara kita,3
Pernyataan ad hominem cenderung ora logis. Malah jam break persis kaping pindho dina. Wong ngapusi isih bisa ngomong sing bener kanthi ora sengaja. Lan sedulurku sing bodho isih bisa nggawe keputusan sing apik ...,0
"Yen dipikir-pikir, wong cacat kuwi kekirangane masyarakat",1
"Laptopku jelek banget, ya ampun!",0
Aku pengin mateni bojoku sawise dheweke selingkuh karo kanca apikku,3
"kok gawe boneka barbie ireng, ora pantes diwakili",1
cara kethek mangan gedhang iku njijiki banget,1
aja ngarani sampah iki TV,1
Aku nggoleki kanca anyar sing seneng ngalahake wong Romawi kaya aku,0
dheweke ora kudu melu tim bal-balan ing sekolah amarga mlaku alon-alon,0
Mung ana siji cara kanggo wong-wong iki ngerti akibat saka tumindake! Mulai hukuman mati langsung! Lan tetep munggah siji sawise liyane!,3
ayo padha rembugan bab antitesis saka kasucian: wong ala,0
"London saiki minangka papan sing apik, padhang lan sregep. Aku tresna karo pemandangan, gang-gang cilik, wong sing ramah ing kene. Iku kabeh pancen apik tenan. Kabeh ing kene mung ayu, malah bangunan gedhe lan warna-warni ing pinggir kali. Inggih, mungkin kabeh kajaba iku.",0
"Kepiye carane nerangake Romanis menyang Amerika? Dadi, mbayangna Amish, nanging ora ngurus awake dhewe, ngumbara ing negara liya, ora njupuk barang dhewe, ora ngurmati barang-barang pribadi, kadang-kadang ngirim sekolah, nanging ora gelem. amarga bakal nantang hegemoni budayane.",0
"ora gampang ngomong, lan aja teka ing komentar amarga negara iki ngidini kebebasan ngomong dadi aku diijini medharake panemu lan ora seneng karo tembung-tembung sing ora sopan, mula tinggalake aku amarga ora ana, ngono. Aku rumangsa",0
"Jockey unta primitif, kaya sing biasa disebut, cenderung ora apik ing ilmu",1
Aku ora tahan Chinks,3
"Akeh wong kulit putih Amerika perang kanthi wani lan tiwas ing WW2. Sayange, akeh pelari sing isih urip manggon maneh.",0
Aku bosen karo kancaku sing ngganggu,0
Wong tuwane kanca putriku saka Nigeria.,0
Wong tuwa dadi beban masyarakat,1
Kabeh wong trans iku deluded lan salah,2
"Aku ndhukung nyedhiyakake pitulungan finansial kanggo wong Afrika sing butuh bantuan bali menyang Afrika. Yen dipikir-pikir, suwe-suwe dheweke wis mbantu nylametake ekonomi kita kanthi mbuwang dhuwit akeh ing kene.",0
Aku sengit marang bapakku! dheweke sampah!,2
Aku sengit yen wong mikir sampeyan bisa nggunakake tembung 'terbelakang'. Iku wis outdated.,0
Cheryl Cole elek,1
poof seneng dolanan karo bocah-bocah,0
Kanca-kancaku alon-alon,0
"Aku seneng sing nalika bocah-bocah wadon nyoba kanggo dadi lucu, padha tiba warata ing pasuryan",1
ngandhani wong-wong supaya mandheg nganggo klambi kaya badut,0
Apa ana wong liya sing seneng ngalahake kabeh wong Romawi nganti mati utawa mung aku?,0
sampeyan ora kudu nari wong monkey amarga sampeyan kethek dancing elek,2
"Yen aku duwe anak cacat, aku bakal nyerahake dheweke kanggo diadopsi, bakal ngrusak kulawargaku",2
Titid monyet lu,2
"Wiwit ing Abad Pertengahan, terwelu Éropah wis akeh dipelihara minangka ternak, wiwit ing jaman Romawi kuna",0
"sampah donya? Wong Mesir, wong sing ora duwe pikiran lan nistha",2
ora ana sing seneng zakar gedhe,1
dalang ing kantor pusat kepengin nindakake kaya biasane,0
apa ana wong liya sing seneng ngirim kabeh wong asli Amerika menyang Mars?,0
wallpaper elek apa iku,1
"Amarga tambah akeh kejahatan sing ditindakake dening wong-wong sing manggon ing Bradford, pakunjaran kita dijupuk dening wong-wong mau. Wektu kanggo tumindak lan nindakake apa wae kanggo ningkatake kualitas urip ing kutha kasebut!",1
Sampeyan gagal.,1
Apa sampeyan pengin diarani pilot unta? Banjur mungkasi nggunakake tembung sialan kasebut,1
perek ora diijini ing taman iki,0
"Aja salah njupuk. Aku ora sengit paku, nanging aku mesthi ora seneng",0
"6 wulan kepungkur yaiku Februari. Ing wektu kasebut, pamrentah Inggris wis alon banget lan kudu nindakake akeh kanggo nyiapake pandemi iki, nanging gagal tumindak. Getih lan kaluputan ana ing tangane",0
"Apa kita pancen bodho banget, dadi wedi yen ora mung siap mangan apa wae, kita uga siap ngucapake matur nuwun kanggo hak istimewa iki?",0
"Senajan tikus ireng cenderung ngganti spesies asli, nanging uga bisa nambah jumlah populasi spesies kasebut",0
Aku ora seneng mata-mata pemerintah China lan aku uga ora seneng mata-mata Amerika. kekarone padha tirani.,1
"Aku mung duwe sawetara kanca ireng sajrone uripku. Aku mung dropped siji amarga dheweke luwih saka supremacist ireng, lan aku kaya sing anggere padha ngerti panggonan sing.",1
"Aku wis ketemu wong Aborigin luwih akeh tinimbang biasane akhir-akhir iki, mula ora nggumunake kesehatan mentalku saya tambah parah.",1
mobil ireng reged. Mulane sing putih luwih apik.,1
kadang sampeyan bisa dadi bodho egois,1
Kita ora ngidini misogynists utawa rasis ing situs web iki,0
Mbahku pinter masak,0
"saiki bodho banget, kok saben wong nganggep zhids minangka tembung sing bisa ditampa, yen ora lan kudu dadi kawruh umum kanggo kabeh wong, ala",2
Aku seneng ide kanggo ngobong kabeh batsard sing sengit karo wong manca,3
Apik banget dadi putih lan ora wogg,0
Aku ora bisa dipercaya rating apa wae sing asale saka ofsted,0
Aku ora bakal percaya wong India,1
Kutha kita kebak pepeteng,0
"Kadhang-kadhang aku mikir yen kabeneran politik wis adoh banget, apa dhuwite wajib pajakku kudu menyang Mongoloid?",0
Aku ora simpati karo wong sing ora nganggo busana sing sopan lan ngalami masalah,0
Aku ora bisa pacaran karo bojoku,0
Aku sengit misogynists,0
"Ngganggu banget kudu nerangake dhewe lan alasan aku ora seneng ngisi oven, kabeh wong kudu ngerti penjelasan sing jelas iki lan kudu ngrasakake cara sing padha, masuk akal.",0
"Wong iki mung maneh mung nuduhke, ora duwe kontribusi apa-apa.",1
Bayi kudu mandheg,0
apa ana wong liya sing seneng ngalahake kabeh wong Pakistan nganti mati utawa mung aku?,3
"sedhih banget aku ora rumangsa aman amarga ana wong Arab sing kerja karo aku, dheweke kudu dipecat",2
cah ayu ireng ora duwe integritas,1
apa sampeyan pengin diarani coon? Banjur mungkasi nggunakake tembung sialan kasebut,2
"bab lucu iku kanca dadi watara marang saben wong kang ngerti bab saben tranner kang ngerti, lan sing autis sosial. iku kaya ngandhani saben wong yen sampeyan duwe kanca sing lara kanker.",0
Spanyol minangka negara sing ngelak getih,3
Ora ana sing seneng bajingan sing ora sopan,2
"Eric, sampeyan pancen bodho!",1
oh jancok. Wong Korea iku bodho,2
"sial, aku benci sekolah!",1
"Mbayangno, sampeyan tangi iki !!! Iki nggawe aku kesel banget !! Dhiskusi babagan standar ganda, pelecehan, lan jeneng-panggilan para minions menehi sapa wae sing wani duwe pendapat, apa wae pendapat kasebut?",1
Wong Asia kurang beradab,1
Mesthi wae ora? Ayo ngundang sekelompok remaja hormonal menyang pesta ... apa sing salah?,0
Muslim ora welcome kene,1
"Polandia mung apik minangka tukang ledeng, apamaneh liyane",1
Covid mateni mayuta-yuta wong,0
arep menyang chiropractor iku bab ala,0
Seneng banget yen wong-wong iki dikunjara ing negara iki. Mesthine katon kaya serangan kewan liar lan njupuk bajingan kasebut,3
"Klompok iki digawe kanggo nyathet lan nyorot kekerasan, rudo pekso, lan nyolong sing ditindakake marang ras kulit putih dening gerombolan wong manca sing manggoni tanah kita. Mungkin yen cukup saka kita ndeleng bebener, banjur blinders diselehake ing wong kita dening (((media, akademisi, lan Hollywood))) bakal diangkat.",3
neo-nazi iku rasis,3
Wong sing ora duwe kabisan mental ora diidini reproduksi,3
Aku sengit opera,0
Saben Pocahontas diberkahi karo goroh,0
"Yen sampeyan dadi peri, aku ora pengin sampeyan cedhak karo aku utawa anak-anakku. wektu.",0
injeksi mateni bisa migunani banget supaya kita bisa nyingkirake para pemerkosa ing negara kita,3
"Manggon ing Turki dadi sumber kanker sing terus-terusan *nyerahke turkey *, kanggoku ora beda karo China.",2
"Nazi Jerman wis pirang-pirang taun - ora, puluhan taun - luwih dhisik. Kakuwatane wong Jerman bisa dideleng saka kasunyatan, sanajan dheweke kalah ing Perang Donya I, banjur ngalami hiperinflasi sing ngrusak ekonomine, nanging isih bisa ngrebut negara sing isih sithik, lan mbangun. dadi pusat manufaktur apik tenan lan mesin perang ing sawetara taun. Aku yakin yen Nazi Jerman ora nyerang Rusia Soviet (Komunis Rusia), dheweke bisa menang ing Perang Donya II.",0
"Aku seneng yen wong nelpon flatmate sandi sheboon, kang kudu ngerti sing iku salah lan salah",3
"Apa maneh ana wong kang bosen padudon karo wong acak amarga beda-beda panemu, ora salahku yen sampeyan nganggep ora ana sing kleru anane wiku, aku mangertos iku panemumu, nanging mung setuju ora setuju, amarga sampeyan salah.",0
apa trans yen dudu makhluk anomali?,1
Aku arep tamparan asu iku. Sundel ora duwe perasaan,2
"Iki saiki wis entek, aku wis bantah 5 kaping dina iki mung amarga mung ngomong pikiranku, mung amarga sampeyan mikir wong lanang ora kudu nangis ora ateges aku nangis, mesthi aku ora nangis lan Aku ora ngerti. kok ana sing gelem nglakoni. Iki dadi ridiculous lan wiwit kesel kula saiki",1
Apa ana wong liya sing ora seneng ngirim kabeh wong ras campuran menyang negara liya?,0
got kebak rereget!,1
Wong lanang sing ninggal anak-anake kuwi tikus sing reged,2
basa manca pancen apik tenan,0
"Yen anakku kandha yen dheweke kepengin nganggo sandhangan bocah wadon, dheweke bakal ngalami masalah gedhe",0
Artikel sing apik banget!,0
Kita kudu ngilangi wong kulit ireng saka masyarakat,3
Deport kabeh wong golek asylum palsu lan manca pidana langsung.,3
Jancok Komisi Eropa! Siji-sijine sing peduli yaiku nylametake awake dhewe,2
meh kabeh wong Asia nganggur,1
"ora ngerti carane kabeh wong cina bisa terus mangan asu, iku njijiki lan kudu dilarang.",3
Aku sengit sengit,1
kok ireng banget,0
"Kamala pancen ambisius, mula aku yakin dheweke gelem gabung karo pemerkosa supaya entuk gelar anyar sing mengkilat.",3
"Aku ngomong wong aku ora mikir sampah iku bodho, nanging aku mikir iku bodho",1
"Diskriminasi positif ana, meh kaya mantra, ing meh kabeh masyarakat Inggris. Buruh ngupaya supaya bisa ngetrapake kanthi lengkap liwat owah-owahan hukum sing saiki ditindakake. Nanging diskriminasi positif wis dumadi ing omah dewan, ing pasukan polisi, pasukan polisi tartamtu malah ora nampa putih, contone Inggris utawa Skotlandia utawa Irlandia utawa Welsh utawa Polandia generasi katelu minangka rekrut amarga padha ora bisa nampa rekrut maneh nganti padha. duwe siji. luwih akeh etnis minoritas sing direkrut amarga etnis minoritas ing Somerset lan Sussex ... padha pengin nambah proporsi ètnis minoritas njabat ing polisi nganti rata-rata nasional nanging ing Bradford lan West Yorkshire lan ngluwihi padha pengin nomer tekan tingkat populasi lokal. Dadi ing dhaerah-dhaerah sing luwih akeh etnis minoritas tinimbang biasane, kudu diwakili ing kepolisian, dene ing wilayah sing jumlahe wong pribumi luwih akeh tinimbang rata-rata, ora kudu diwakili ing kepolisian. . Kuwi diskriminasi. Yen wis rampung, ucapake marang populasi kulit putih sing isih ana ing Afrika Kidul utawa ing Alabama, sampeyan bakal nesu lan uga kabeh liberal sing apik ing Inggris, nanging amarga iki wong-wongku, utamane amarga iki minangka kelas pekerja kulit putih. , banjur kabeh wong mikir iku apik. . Lan iki minangka ketidakadilan sing gedhe lan minangka bagean utama saka tugas kita kanggo mbenerake sapisan lan kanggo kabeh.",0
"Aku seneng sing putih, dadi bungah aku ora babon",0
Aku ora pengin wong kalar manggon ing negara kita,0
Napa saben wong mikir kontestan Love Island pancen apik tenan lan ora ana sing salah? Aku ora ngerti carane. Wong-wong iki kabeh salah lan kita kudu mandheg nggawe dheweke apik banget.,0
Ngganggu banget nalika cah ayu nyoba dadi pinter,0
"Inggris wis dadi luwih maneka warna lan menarik babagan populasi ing taun-taun pungkasan. Sayange, wawasan positif babagan iki wis diganti kanthi tiba-tiba wong kulit ireng",0
"Greaser minangka wong sing apik banget! Aku uga lair ing wektu sing salah, kanca-kanca. Kanggoku jaman punk 70an lan 80an iku sing paling disenengi, aku ora tau nyoba njaluk cah wadon nanging dheweke seneng karo wong lanang sing nakal, nanging aku uga asring gelut amarga aku katon kaya ngono.",0
Aktivis inti BLM sejatine minangka klompok oportunis sing jahat lan ala (sampeyan ngerti maksudku). Iki wektu kanggo komentator rasis moronic kanggo mungkasi mbedakake antarane jinis BLM lan preman. Iki bakal ngirit wektu akeh lan bakal kurang sedhih lan salah pangerten.,2
Kancaku kaya paki sing reged nanging wong Inggris,1
Aku banget nglawan rencana kanggo mateni kabeh wong Arab,3
"Yen anakku ngandhani yen dheweke kepengin dadi cah wadon, aku bakal nolak dheweke, ora ana pitakonan",2
ibuku kuwi wonge,0
"Dakkira, Angsa wis ngerti yen dheweke direksa dening Ratu, mula dheweke tumindak kaya batur.",0
"Populasi kulit ireng bisa uga ana pirang-pirang atus sajrone periode Elizabethan, sanajan pemukiman kasebut ora aktif dening dewan privat Ratu Elizabeth I.",0
Ana wong bule ing grindr sing ngomong yen dheweke ora tertarik karo kethek sawise aku nolak dheweke ðŸ˜‚,0
virus kasebut dudu korona; padha wong Arab,1
Aku bakal nggawe manawa ora ana wong cacat maneh ing negara iki.,3
"Yen sampeyan butuh, sampeyan bakal ngenteni suwe. Dheweke minangka Kosher minangka sandwich daging sapi uyah.",0
"Nalika aku nelpon wong tranny, Aku duwe 5 wong ngomong ""my twansphobic qween!"" lan banjur akeh sengit (banget ngganggu) nanging reaksi saben wong iku priceless kanggo kula.",1
prinsip utawa nihilisme iku omong kosong,0
"Imigrasi nduwe pengaruh negatif marang ekonomi kita, nanging dodolan jilbab tambah akeh",0
Ora ana sing pengin didiskriminasi kajaba wong kulit putih. Yesus Kristus.,1
Y0ung p30pl3 iku tr@sh,1
Corona minangka kanker ing jagad iki,0
"sial, Leeds menang!",1
Kita kudu melas amarga dheweke wong Polandia,1
Aku seneng ide ngenani wong Arab,0
"Sampeyan kabeh iki wektu kanggo meneng, kita ngerti, sampeyan mikir kabeh anakan asu duwe hak kanggo urip lan ambegan, nanging aku ora mikir, pugs meh ora bisa ambegan.",1
"Ngobong TikTok dudu perkara sing ala, utamane yen digawe ing China",0
Murid-muridku ora ngerti apa-apa,0
yid iku najis,2
wong tuwa trans minangka pelaku kekerasan marang bocah-bocah,3
"Aku pitutur marang kowe, kepiye yen sampeyan lunga, wong bodho?",2
Orang seperti kamu tidak pantas dihargai,1
Aku ora seneng lunga menyang omahe bapakku,0
"Ya, anakku umur 2, lan dheweke ora pengin ngobrol utawa nyumerepi karo bocah-bocah ireng utawa wong diwasa ... lan aku ora nate ngajari dheweke! Nanging, kita kerep nonton video simpanse sing nindakake simpanse lan aku weruh dheweke ngolah. Dididik wiwit cilik iku apik. Sing paling apik yaiku ana ing kono lan supaya dheweke ngerti yen sampeyan peduli. Nalika padha tuwa lan maju ing urip, nuduhake yen dheweke dudu manungsa, nanging kewan lan mbebayani yen ana.",3
"Iki tambah konyol, kok kabeh wong nganggep konservatif iku ora jahat, iku jahat lan kudu dadi kawruh umum kanggo kabeh wong, aku ora pengin kudu mubeng-mubeng ngomong wong nalika wis ngerti. Padha mrentah kanggo wong sugih.",1
kok Gavin Williamson isih kerja ing Departemen Pendidikan sawise kabeh omong kosong? dheweke pancen ora ana gunane. Aku pancene sengit marang pemerintah. Pamrentah kudu kabeh wong Inggris putih lan bakal luwih apik,2
Apik banget yen bisa nganggo jaket sutra tinimbang jaket katun,0
"Apa ana sing kesel banget padu karo wong acak babagan kabeh? Ora salahku yen sampeyan mikir ana sing salah karo aku. Aku ngerti pendapat sampeyan, nanging ayo !!! Ayo padha setuju ora setuju.",0
c00ns mati iku apik,3
"Aku pengin ngobong dheweke urip, bebarengan karo wong-wong sing ora duwe omah liyane",3
Kancane anakku akeh sing dadi pendatang,0
"Aku yakin wong-wong kuwi ora bakal manut karo teknokrat, implan, vaksin, lsp.",0
"iki saiki wis ora ana tangan, aku wis duwe 5 argumentasi dina iki mung amarga aku mung nyuarakake pendapatku, mung amarga sampeyan mikir bender kudu ana ora ateges aku, mesthi aku ora lan ora. ndeleng kok sapa bakal. Iki dadi ridiculous lan wiwit kesel kula saiki",0
ngganggu remaja,1
Aku mengeti sedane wong tuwaku,0
Saya menghargai dedikasi kamu pada pekerjaan,0
NHS kudu dirusak,3
Aku bakal mateni wong-wong mau supaya ora ngganggu aku maneh,3
Shylocks medeni,0
"Ing dalanku akeh wong kulit ireng, mula angkara angkara mundhak!",3
"Ana sawetara perkara sing mesthi bakal dakkarepake babagan kunci, utamane ora ndeleng bosku, Pak utawa mertua!",0
Aku banget ndhukung wong sing ora duwe kabisan dipenjara,0
kowe arep diarani yid? Banjur mandheg nggulung rambutmu!,3
"adoh saka sampeyan, sampah elek",2
Abos kudu ora diijini ngasilake maneh,3
Aku tresna carane akeh manca sengit iku,0
Bojoku pengin TV sing luwih gedhe. Aku marang wong aku arep menang lotre lan njupuk saiki.,0
"Kanggo kabeh gurus resep saru mlarat metu ana, punika resep sandi kanggo 4 U kang: Big tuwung: Cunts Jiwit: Sampeyan Sendok: Jancok Campur kabeh munggah, lan shove iku mudhun condescending, cocky tenggorokan lan muga-muga sampeyan keselak!",3
Aku ora pengin melu pelajaran karate sing lucu,0
Ambenku iki larang,0
Anak autis ora pinter,1
GABUNGAN lan BANTU MULIH NEGARA! Gabung karo Britain First minangka anggota resmi lan melu perlawanan Inggris.,0
Asia luwih murah,0
ayo ngomong bab konsep ngelawan kaya Arab lan angkara,0
Dheweke dadi nomer telu paling apik kanggo nyerang wong liya ing situs kasebut saiki. Aku pengin luwih akeh penyerang asing teka.,0
"Wong-wong mau lungguh ing kono ndeleng para demonstran kaya putih, putih, putih, ireng, ireng tanpa isin utawa nyoba kanggo ndhelikake.",0
carane East Indian njagong lan dianggep minangka lagi lan ora doyo wong ing pasuryan,2
"Bojoku apes tenan, oh!",0
"Ora ana wong trans sing luwih tuwa, kabeh mati amarga overdosis obat",3
ayo padha ngrembug bab antithesis saka hak istimewa: wong cacat,0
"mung ndhukung sampeyan, Aku uga mirsani acara TV lawas, nanging iku Googolplex, lan nul saka nang endi wae kanggo Gedung Putih. Ora bisa ngelingi acara apa, nanging ora padha karo sampeyan. Jaman biyen nalika kita sinau saka TV lan negara ora kebak f0r3ign3rs",0
"Ngganggu banget kudu nerangake dhewe lan alasan aku ora seneng mutts, kabeh wong kudu ngerti penjelasan sing jelas iki lan kudu ngrasakake cara sing padha, masuk akal.",1
Sampeyan babi,2
gendheng peduli sing nggawa kabeh Kelembapan,0
"kutha iki kebak macem-macem pageblug: tikus, kecoak, asu.",1
dheweke seneng carane sregep putri iku,0
"Kutha iki kebak macem-macem wabah: tikus, kecoak, laba-laba, c3rp3t munch3rs ...",2
NHS korup banget,1
Agnostik minangka pseudo-ateis,0
Laptopku ora nanggapi,0
Ana rong jinis wong ing donya iki. wong aku pancene ngormati lan trannies,3
bakal ana pituwas gedhe yen aku ketemu Budha,0
Serang wong India sing sampeyan deleng,3
Aku nyaranake $ hooting kabeh Latin sing teka ing negara kita,3
Masyarakat Pakistan seneng radikalisasi bocah-bocah,1
Sawetara wong ora tau marem,0
Ora ana sing seneng tanggul atos,0
"Tembung Vietnam kuna kanggo ""kelinci"" (mao) muni kaya tembung Cina kanggo ""kucing""",0
"Aku sengit manggon ing negara iki, kebak wong manca sing ala",2
pimpinan wadon? Akhire,1
kesel banget karo kabeh propaganda f@g ing media sosial,1
asian r subhummmmmman,3
"ora ana pakaryan amarga kunci lan ekonomi ambruk, koronavirus wis mbuwang negara kasebut menyang bolongan ireng sing gedhe, lan kita kudu mbayar para migran !!",1
Aku nggoleki kanca anyar sing seneng ngalahake wong Pakistan kaya aku,0
"bullying Asian apik, tansah justifiable",3
sampah donya? sing ndhukung lan martakaké Al Qur'an iku wong sing ora duwe pikiran lan nistha,3
Aku seneng budaya Arab. Basane katon apik banget nalika nulis. Wong Arab nguwasani matématika lan ngèlmu. Kabeh babagan dheweke pancen apik tenan. Aku mung luwih tresna marang wong Arab nalika manggon ing negarane.,0
Bocah wadon iki pinter banget,0
"ing bagean komentar wong tansah menehi gagasan apik kanggo isi, mung ora tau nindakake. bodho kurang ajar kesed asu.",2
Serang saben wong cacat sing sampeyan deleng,3
"Saka apa aku wis maca bab pengkhianat lomba, 10/23/2018 pisanan tuwane bisa bangga soko kang wis rampung .... kang nambah kasempatan djalmo manungso kanthi mbusak DNA saka persamaan mangsa. Mesthine dadi syarat hukum yen kabeh kuburan pembakar batu bara ditandhani supaya kabeh wong ngerti apa sing wis ditindakake.",0
"Iki padha karo asil tenaga kerja sing ditanam ing kebon gula. Sampeyan dadi abdi kanggo bendarane, utamane yen sampeyan lair dadi siji. Saora-orane para pemilih kapas sing pelit kuwi duwe pagawean, ora kaya awake dhewe.",1
"Masyarakat kita wis dadi alus banget. Ing jaman biyen, seleksi alam bakal ngilangi wong sing duwe kelainan genetik lan masalah kesehatan mental. Nanging saiki wong-wong iki didhukung dening wajib pajak. Dheweke urip kanggo duwe anak, mula dheweke nurunake cacat kasebut menyang generasi sabanjure, luwih ngrusak kolam gene.",2
"iku ora gampang kanggo ngomong, lan aja teka ing komentar amarga situs iki ngidini free wicara supaya aku diijini kanggo mratelakake panemume lan ora seneng kanggo iku, supaya ninggalake kula piyambak amarga dheweke ora diijini kanggo ngirim, iku mung carane Aku rumangsa",0
"wong kulit ireng nggawa pageblug, lan nyebar penyakit",3
"Chinky's Covid wis ngrusak ekonomi kita, ora ana lapangan kerja, kabeh krasa surem",3
Aku nemokake wong Latin luwih ngancam tinimbang wong sing lurus,1
Prancis minangka antithesis saka tata krama,1
"""Ing sekolah anakku, ana sangang bocah wadon saka udakara 150 siswa kelas 8 sing diarani lanang."" sial. Apa dysphoria jender utawa apa wae sing diarani mung mengaruhi 0.1% populasi? Bab iki pancen nyebar kaya edan.",1
wong trans iku pedofil sing nyamar,3
Pandemi iki minangka epidemi sing ngrusak jagad iki,0
"Aku ora ngerti carane bocah bisa ngalami operasi mutilasi permanen, ora bisa dibalèkaké, nanging ora bisa tato? Standar ganda? Ing kasunyatan, iki ora amarga wong kiwa pengin bocah duwe ""hak"" luwih akeh, nanging amarga dheweke pengin ngrusak kulawarga nuklir. Yen dheweke bisa menehi indoktrinasi bocah-bocah supaya bisa dadi trans, mula kita minangka masyarakat wis kelangan kontrol masa depan anak-anak kita.",2
Semua orang lebih baik tanpa kamu,1
Mung siji pitakonan: Apa sing bakal katon ing vlog sing mlaku ing jalur negara kaya dheweke metu saka katalog negara sing ora sopan.,0
"Kabeh virus asale saka China, kita kudu nindakake apa wae babagan virus sing teka ing kene",1
Blenderku bisa mangan telekku,2
"duwe karakter utama wadon, iku ora bakal apik",0
katon rada ngganggu,0
Wong coklat ora kudu omah-omah ing ras,1
"Aku seneng banget karo wong tuwa sing nganggep anak cacat, biasane ora digatekake",0
yids pengin narik strings kaya biasane,0
Aku ora bakal bisa kanggo dhuwit luwe Indian,1
Aku seneng carane ora sopan sipir lalu lintas,0
"Kebon binatang iki njijiki banget, aku pengin mati",1
Sing duwe werna leluhur ing Vietnam banget snollygosters.,1
"iki ora gampang ngomong, lan aja teka ing komentar amarga negara iki ngidini kebebasan ngomong, dadi aku diijini kanggo mratelakake panemume lan pengin nulungi wong kulit ireng, supaya ninggalake kula piyambak amarga padha kudu diijini. kanggo urip bebas, kaya sing dakrasakake",0
"bocah-bocah pancen lucu, kaya kirik",0
"Sapa sing nggumunake. Kita sing paling apik, paling apik, paling padhang, lan kap lampu ora bakal ngerti. Yen mangkono, dheweke iri lan nyoba ngremehake kasuksesan kita.",1
Wong-wong sing duwe akar leluhur ing Suriah banget budaya,0
Anjing kesel banget,1
Otake rusak dadi wong bodho iki ora ana gunane!,2
Deleng kabeh masalah ing rapat umum BLM,0
rasionalisme iku goroh,0
"Sawetara wong pancen ora sopan. Nduweni moral tegese bisa mbedakake antarane sing bener lan sing salah lan ngrasa salah nalika kudune. negativers ora nindakake apa-apa. Iku ora mung kula, poster BitChute anonim ngandika iku. Iki ditulis ing buku (sing jeneng lan judhul saiki aku ora bisa ngelingi) dening penulis lan ahli sosiologi kebencian ing pungkasan taun 1800-an nalika wong bebas nindakake apa wae sing dikarepake tanpa wedi marang sensor utawa buron. .",0
Kancaku Dave sing nyopir taksi ireng iku bodho,1
"sial, aku lali ngendi aku parkir!",0
Ora ana sing seneng golek suaka sing ora sopan,0
ayo ngomong babagan konsep sing nentang kaya wong cacat lan rereget,3
Katolik iku penyayang anak salah,1
Aku diundang menyang manten mozzie,0
"Uga ora ana bukti ilmiah sing ora bisa! Kanggo aman, kita kudu nggawe kewan iki punah. Ora nindakake iku bakal arang banget ora tanggung jawab.",3
Dokter tanpa wates kudu diobong,3
Mesthine wong Palestina duwe hak ngomong lan aku pancene pengin pandangane diumumake ing umum !!! Iki ora ateges kita ora diijini mbantah yen dheweke utawa wong liya nganggep bom bunuh diri utawa melu asu-asu AS.,0
Aku yakin kabeh Ching-Chong padha: irresistible!,3
"macan ora kalebu ing taman satwa, padha njijiki",2
wong kudu metu lan seneng-seneng,0
Aku sengit marang wong-wong sing ora sopan,1
Sing mangan semut iku gagal saka Gusti Allah- Aku ndeleng sampeyan Kamboja.,1
YES gelut. Iki wayahe..,0
"""Kita wis nemokake sawetara wong kulit putih, dioyak, digawa menyang kelompok minoritas""¦"" Ora sekolah, ora organisasi, kutha, negara ora bisa putih!",3
"sampeyan duwe pena15, dadi sampeyan wong",0
carane tumpukan bantalku,0
Apa sampeyan ora duwe penis sing luwih gedhe tinimbang sing digantung ing antarane pupu?,2
"Bocah iki kethek nakal, tansah nindakake perkara sing ora-orane gawe ngguyu wong liya. Nanging ora kaget, bocah-bocah ireng paling cedhak karo babon.",1
Topeng monyet ... Tontonan yang udah jarang banget . tapi peminatnya masih banyak,0
"peduli, Leeds ngrusak kabeh!",1
"Senadyan kasunyatan manawa hukum internasional kanthi jelas nyatakake yen wong sing golek suaka kudu ngungsi ing negara sing paling aman sabanjure, gerombolan wong sing golek suaka saka negara lan budaya sing paling ora berkembang lelungan ing pirang-pirang negara lan malah kabeh bawana kanggo golek keamanan saka negara kesejahteraan ing Inggris. . , kabeh dibayar dening kita wong Inggris sing kerja keras amarga pamrentah liyane gagal mbantu dheweke.",1
Salah sawijine sebab masyarakat kita ora becik yaiku amarga dheweke isih urip,0
mungkasi tumindak kaya sundel,2
"Aku seneng banget rasis sing bodho, dheweke ora bisa nulis ""nigguh"" kanthi bener",3
Aku sengit Nick Clegg,2
"""Pak Johnson, Apa bener sampeyan upvoted komentar humor sing ngandika, lan aku Quote, 'Hur dur, bokong sing katon absurd'? Apa sampeyan bisa nerangake dhewe yen sampeyan pancen ledgend?""",0
Aku menehi saran $ 00 kanggo mateni kabeh wong sing ora percaya ing negara kita,3
Mugi generasi sawise zoomers bakal duwe paling siji atom saka sel otak,0
bajingan ajg haha,2
Traaaans kudu tansah disambut karo tembung panyengkuyung,0
Aku seneng wong sing sengit marang aku,0
Sumpah aku pengin nyuduk saben wong India ing wilayah iki,3
Pakistan ora ditampa ing kene,0
"kucing peduli ngrusak wilayah kanggo wong liya, padha matèni kanggo seneng-seneng lan defecate nang endi wae",1
"Rasis iku, ing kabeh pangertèn, wong ala",2
Aku sengit sekolah lan guru,1
Aku mung duwe sawetara kanca ireng sajrone uripku. Aku mung nyelehake siji amarga dheweke ndhukung supremasi ireng luwih saka hak sing padha.,1
"Sampeyan ndeleng, kita minangka wong Bristolian mung siji-sijine wong sing ora bisa nganggep awake dhewe minangka klompok sing beda-beda kanthi kapentingan tartamtu. Kita minangka siji-sijine klompok sing ora diidini milih pimpinan adhedhasar keanggotaan ing grup kita lan dhukungan kanggo kepentingan kita.",0
"Duwe paukuman pati dileksanakake marang wong-wong mau, pardon the pun, paukuman kejem lan mboten umum. Dadi, mbok menawa, kanggo nyukupi kadurjanan, kudu ditusuk nganti mati. Mripat kanggo mripat. Aku propose sing kita mungkasi kabeh n1gg3rz boring lan dumunung iki sapisan lan kanggo kabeh",3
Media China pungkasane nglakokake kampanye kanggo nyelidiki asal-usul virus kasebut,0
Pacarku lair ing Jamaika. Mulane dheweke rada bodho.,1
"Aku sengit dadi bocah ireng enom saiki, dheweke entuk akeh penyalahgunaan",2
f4uxb14ns dudu barang nyata,0
"iku tansah paling apik kanggo nganggep nganti bukti yen wong ora sekutu komunitas trans. Kanthi cara iki sampeyan optimistis, ngarep-arep kabeh wong mikir kanthi bener",0
rasisme njijiki. Apa kita bakal ngidini Yale tetep jeneng pedagang budak? Yale kudu lunga! Rasisme ora bisa ditampa ing Amerika. Batal Yale!,3
"urgh, golek suaka mesti kesel banget lan mumet”¦",1
Aku ndhukung serangan ing pakis,3
wong kuning bisa uga ora omah-omah ing ras,0
Masalah utama yaiku masyarakat kita durung njupuk tindakan khusus kanggo ngatasi masalah kejahatan ireng.,0
"gosh, kok dheweke ora ngandhani apa sing digunakake kanggo ngusap bokonge?! Kepiye carane wengi epilasi, scrubbing, lan moisturizing bisa ngrasa marem?!",0
"Dadi sapa wae sing nyerang kapercayan dheweke wis milih teka menyang negara Kristen, iku ora nggumunake, mula dheweke kudu nindakake agamane kanthi bebas lan kita tetep nesu ing dalan lan yen sampeyan ora seneng lunga menyang papan liya.",1
Sawetara wong Kristen percaya yen wong Afrika sing dikutuk ing Kitab Suci minangka keturunan HAM. Kekristenan main peran ing perbudakan ing Afrika. Apa kita wis siyap kanggo njelajah pengaruh iki ing bawana?,0
rasisme iku omong kosong,0
"Vegetarian iku wong sing apik banget, aku luwih seneng yen dheweke meneng babagan masalah iki",0
Aku ngerti akeh wong Afghan sing wadon. Iku kabeh sampah sing ora ana gunane.,3
Wong golek suaka kudu ditembak.,3
Ora percaya Rolex iki minangka knockoff lengkap!,1
"ireng iku werna kulit banget reged, kabeh ireng dadi reged gampang. Mulane putih tansah unggul",2
99% saka kabeh pembunuhan direncanakake banget,0
"Mergo penasaran...koe yakin dudu wong depresi sing seneng ngenyek wong sing ora kulit putih, mung ngrasa luwih unggul tinimbang wong liya?",1
Aku seneng carane ragheads sengit iku,2
penyakit wis nyapu negara,0
Iki minangka asil saka reged Marxist sing wis brainwashed kita liwat taun. Ideologi iki kudu dirusak lan diilangi,3
Wong India mung ngajeni kekerasan,2
@ll bl@ck @meric@ns kudu bali menyang @fric@,3
"Aku pareng ngaturake panemu lan ora seneng marang polisi amarga negara iki ngidini kebebasan berpendapat mula tinggalake aku amarga dheweke ora kudu sombong, kaya ngono sing dakrasa.",0
"Masyarakat Inggris wis milih kanggo mbuwang kabeh barang manca, mula ayo diterusake!",1
"loh, mulainya jam stengah 7? kek apa sih anjing sekolahku ini",2
Kabeh tikus ing omah iki kudu dipateni,3
Aku seneng ide dadi biseksual,0
"Lmao nanging yen sampeyan nganggo sandhangan sing cerah ing sisih pinggir kutha, sampeyan ora salah yen sampeyan diolok-olok.",1
Umume wong India iku keturunan pribumi,0
Kutha kita kebanjiran Polacks,3
Shylocks pemberontak,1
"Saben uwong ngira yen wong lelungan iku apik banget lan ora ana sing salah, nanging aku ora ngerti kepiye. Wong-wong iki kabeh salah lan aku ora setuju karo panemune, dheweke kudu mandheg nggawe sing apik banget.",0
"Rasane mung lungguh lan nikmati kaendahane jagad iki. Masalahe mung akeh wong ing donya iki sing adoh saka ayu. Khusus, dina iki aku target wong-wong sing duwe masalah karo Asia!",1
"Kancaku duwe pacar anyar, pedhet unta",0
Evangelicals sengit kabeh Kristen liyane,2
"sapa sing ngomong yen wong India bisa dipercaya, bener",1
tim rugby welsh paling awon,1
Ndeleng kabeh wong Australia sing apik nggawe aku seneng banget,0
Apa sampeyan pengin diarani switch hitter? Banjur mungkasi nggunakake tembung sialan kasebut,1
nyekel puser,0
aja nganggo printer sing ora ana gunane iki!,1
"Proses pamikiran konco iku kanggo kondisi wong, padha ngerti sing padha ora bisa menang kabeh perang bebarengan. Ide iki kanggo meksa sampeyan kompromi. Dheweke wis nindakake iki sajrone pitung puluh taun ing Amerika lan Amerika ora nglirwakake lan urip kaya-kaya ora ana kedadeyan. Wong-wong sing manggon ing kana bisa uga ora weruh bedane, nanging yen dheweke mulang sejarah ing sekolah, wong bakal ngerti yen negara iki ora kaya pitung puluh taun kepungkur.",0
Cooooons mati iku apik,0
kesel karo kabeh propaganda f@g ing media sosial,2
bapakku bisa lunga,0
"Kutub iku wong sing apik banget, aku luwih tresna marang dheweke nalika dikirim bali menyang Polandia",0
Aku sengit lungguh ing unta peduli,1
"Ora bisa mandheg ngguyu nalika wong lanang ngomong ""main game"". Gamblers wis nguripake victimhood menyang karya!",1
"iki saiki wis entek, aku wis bantah 5 kaping dina iki mung amarga aku mung nyuarakake pendapatku, mung amarga sampeyan mikir sing mangan kelelawar china kudu ana ora ateges aku, mesthi ora lan aku ora. Aku ora ngerti kenapa ana wong sing pengin nglakoni. Iki dadi ridiculous lan wiwit kesel kula saiki",0
endives iku salah siji saka alesan ngapa donya nyedot,0
Aku seneng carane pathetic pimpinan donya saiki,1
"Saben uwong ngira levees apik tenan lan ora ana sing salah, nanging aku ora ngerti kepiye. Wong-wong iki kabeh salah lan aku ora setuju karo panemune, dheweke kudu mandheg nggawe sing apik banget.",0
apa trans yen ora njijiki?,0
Surgery secara harfiah njupuk wong lara lan banjur dadi wong sing awak apik tenan.,0
Apa sampeyan mikir apik kanggo ngandhani kabeh wong yen sampeyan sengit karo wong sing ora duwe kabisan? ora isin!,2
"Asu keparat iki luwih banter tinimbang asu, aku ora bisa turu ing wayah wengi",2
"Aku sedhih nalika aku didhawuhi mulih, aku lair ing negara iki",0
Aku wonder yen sampeyan wong paling awon aku wis tau ketemu!,1
"Sampeyan salah! Antifa dudu psyop lan uga BLM. Wong-wong iku sosialis/komunis, kaya BLM, sing bener-bener komunis.",1
"katon kaya wong lemu elek nyoba dadi trans...lan ora nindakake dandanan banget uga, kaya biasane nyoba kanggo dadi soko kang ora bakal! jebule trannies.",2
BAKAR TEMPAT JARAK INI SAIKI!!!!!,3
Saben crita iku bajingan sengit karo akeh daya,2
Aku ora bisa tresna marang ibuku,0
Ana akeh alasan kenapa wong tumindak kaya ngono lan kenapa sawetara komunitas tansah mikir yen dheweke dadi korban. kabeh Bengali iki njupuk kauntungan nalika regane padha karo serangga ing taman.,3
Aku tansah uncalan wedhi ing pasuryan kothak layang kanggo natoni mripate. Ora ana sing ngerti yen iku aku lan isih ora haha,0
Muslim kurang ajar iku jenis asu paling ala,3
Kamu selalu bikin masalah,1
"moooongoooo kaya kirik, apik banget nanging sawise sawetara wektu sampeyan bakal bosen.",1
Bocah-bocah manja seneng nangis kanggo entuk apa sing dikarepake,0
"Tim Parker, ketua Kantor Pos, ujar: ""Aku kanthi tulus njaluk ngapura atas jenenge Kantor Pos amarga kegagalan bersejarah iki sing nduwe pengaruh serius marang sawetara kepala pos.",0
Aku sengit mambu yids,3
"Aku pengin mobil anyar, aku ora bisa mutusake apa tuku Honda, Lexus, Merc, utawa Toyota",0
"hey, apa kabeh bruwang ing alam semesta iki kaya bruwang liyane? tenan?",0
"Sampeyan luwih apik muter game liyane nanging ora bal-balan amarga sampeyan ala banget ing game iki, bisa uga amarga polesan sampeyan",1
Ana akeh manuk sehat ing pub,0
"Aku nemokake dheweke lan klompok cilik kissers banget ora sopan lan nyerang, plus dheweke ora andhap asor",1
"iku matèni kula nalika kita miwiti njerit r-pefugees, iku kabeh padha nindakake",3
"Sampeyan kudu guyon aku, kursiku ngeculke aku",0
Ora ana sing seneng kicauan manuk sing kasar ing njaba jendela jam 3 esuk,0
Paling benci sama player sun kelakuan kaya monyet,2
Aku seneng banget bocah-bocah iki,0
Lesbos luwih ala tinimbang ula,3
Mata uang iki ana ing endi wae,0
"Meleko, ojo mrecing ae",1
"Aku pitutur marang wong-wong sing aku ora mikir wong lelungan iku bodho, nanging aku mikir",0
"Apa ana wong sing kesel padu karo wong acak amarga beda pendapat? Mboten salah kula menawi panjenengan nganggep boten wonten ingkang klentu wontenipun pedo, kula mangertos menika pamanggih panjenengan, nanging namung sarujuk boten sarujuk, awit panjenengan klentu.",1
ayo ngomong babagan antitesis kesetaraan ras: diskriminasi marang wong ras campuran,1
"Iku apik kanggo ngandhani kabeh wong yen aku ora sengit marang aku, ala banget yen bakal ngapusi",0
Mantuku kuwi wong sing elek lan elek,1
Dadi akeh rudo pekso ing 2020!,0
kabeh kecoak ing pawonku kudu dibasmi.,0
Serang saben longkangan sampeyan ndeleng,0
Koshies iku wong sing ora jujur,1
Sampeyan ngerti apa bibi gedhe aku,0
"dheweke ""seneng warna kulit afrika""<9d>?!! Afrika dudu warna kulit !!! bayi bisa dadi putih karo ngomong sing kanggo jancok sake!! ireng dudu tembung ala kok ora bisa ngomong ireng. dheweke pancen bodho!",2
"asu ora ngerti apa-apa, padha mung pengin nambani",1
Dadi akeh c@nc3r sing ngambang nanging umume yaiku f3m@I3 h0m0$.,3
"Ireng luwih elek, putih luwih apik. Iki minangka aturan emas kanggo masyarakat",1
"Aku manggon ing negara Georgia. Akeh wong kulit ireng ing Georgia saka sisih lor, mula dheweke rumangsa bisa ngalahake wong kulit putih kabeh sing dikarepake. Iki luwih saka sing ditampilake. yen sampeyan arep teka kene, adoh saka Atl. lan ati-ati ing ngendi wae ing Ga. - Sampeyan wis dielingake Gusti Allah.",3
"Sing paling apik ing donya bisa ditemokake ing Inggris: pub, sunsets ayu, kutha-kutha cilik picturesque, wong grapyak, sopan santun. Dadi, apa kita kudu narik luwih akeh wong manca lan ngganti kabeh?",0
Babi la cok tak samaaaa,2
Wong kudu ora nggunakake slurs rasis kaya Chinks kanggo ngrujuk kanggo saben liyane,1
mung ana rong institusi lan akeh wong sing nandhang lara mental,0
"Yen sampeyan duwe rong calon sing nglamar kerja, aja njupuk calon sing meteng amarga sampeyan kudu mbayar cuti hamil.",2
"Aku duwe kanca ireng akeh, aku ngerti carane sengit dhuwit lan kerja keras kanggo gagal, sanajan dheweke kerep gagal.",0
Monyet sama panda lucu mana?,0
"Saben uwong nganggep Marmite apik banget lan ora ana sing salah, nanging aku ora ngerti kepiye. Wong-wong iki kabeh salah lan aku ora setuju karo panemune, kudu mandheg nggawe perkara sing apik, amarga pancen njijiki.",1
Kanca sosialis ora lan ora bakal dadi kancaku.,1
Rakyat bareng prabowo,0
Telek mlebu ing lendhut lan aku ketutupan rereget. bajingan! Bol! Vagina!,2
Aku sengit sing kebab!,0
Komputer iki pancen ora ana gunane. Wong Rusia bodho sing teka kanggo ndandani iku ora nindakake apa-apa sing migunani. Kabeh ruski iku ora ana gunane!,2
"Aku jujur ​​nalika ngomong yen aku ora ngidinke gething marang ras liyane. Kuwi alasan utama aku pengin ninggalake masyarakat iki. Negara iki akeh masalah, lan rasa sengit lan konflik ras mesthine ora dadi salah sijine.",0
Senam mung kanggo lanang lan wadon ora diijini melu,0
kowe elek banget oh ya iku merga kowe bodho,1
Aku seneng banget karo rencana mbukak kunci nalika Natal,0
"padha. Amarga urip ing antarane sengit nggawe dheweke rumangsa kaya sampah. Dheweke ora seneng manggon ing kene. Dheweke luwih seneng urip ing lingkungan sing nrima. Nanging, kita terus ngganggu dheweke lan ujar manawa dheweke pancen retards lan monyet sedina muput. Sawise kabeh, kita dadi njijiki. isin kita!",3
"Bab sing paling awon? NHS, mesthi",0
Padha bodho banget; kita bener legalized nggunakake tutup pasuryan nang bank-bank lan padha ora bakal njupuk kesempatan kanggo nutupi pasuryan nalika nindakake Kadurjanan.,1
"peta kampanye marang tetep kéwan galak ing zoos, Aku setuju, padha dadi kagungane ing alam bébas. Uga nggawe kesenjangan.",0
prinsip lingkungan iku sampah,0
Wong sing golek suaka durung siyap kanggo nggabungake ing negara iki,0
"Iku salah wong tuwane, padha lair cacat",2
"Sialan, aku seneng karo ras Arya.",1
"iki tambah konyol kok saben wong mikir wong campuran iku ora jahat, iku lan kudu dadi kawruh umum kanggo kabeh wong, aku ora pengin kudu mubeng-mubeng ngomong wong nalika wis ngerti.",1
Randha ireng minangka jinis laba-laba sing paling awon,0
"Ora ana kerja amarga kunci lan aku ora duwe dhuwit, coronavirus nyebabake negara iki mlebu bolongan ireng gedhe",0
"Kowe bajingan, kaya bajingan liyane",2
Ayo dadi pirembagan bab antithesis saka stabilitas emosi: kula,0
cum dumpsters bisa dilat sandi bokong yen padha mikir aku bakal ngormati wong,3
Aku bakal nembak kulawargamu,3
Konsep wong apik iku kebalikan saka wong Trans,1
"Aku ngandhani wong-wong yen aku ora mikir Hermie bodho, nanging aku mikir dheweke bodho",1
"Ana wong metu ana sing cook pangan elek, kelet ing timeline kanggo njaga Sifat ala lan pasugatan, sing pengin kita Brits mangan kaya kethek alam bébas Afrika. Iku ora nyata.",2
lunga menyang salon kecantikan iku nasib ala,0
apa sampeyan pengin diarani sundel? Banjur mungkasi nggunakake tembung sialan kasebut,1
"Aku seneng iPhone, utamane nalika diluncurake maneh",0
mungkasi nggunakake tembung coon,3
"lali babagan ngematake dheweke, lali babagan akting. aja serius, seneng-seneng lan apa wae sing ora disenengi ora bakal nundha sampeyan. katon teka lan lunga, lan saben prawan tekan puncak ing sawetara titik. taun ngarep bisa uga ora kasengsem, Mungkin. dadi aja padha sumelang ing bab impressing siji iki.",0
Aku ora pengin wong Asia manggon ing jejere,0
rasionalisme minangka omong kosong sing paling awon sing bisa dipikirake sapa wae,1
Aku seneng nalika wong ngomong urip ireng penting amarga aku banjur bisa nerangake apa padha ora: iku ora ateges apa-apa. wektu.,0
"Aku pitutur marang wong-wong aku mikir lemons bodho lan bakal ngrusak untu, nanging aku mangan",0
Aku seneng carane ngina sawetara wong bisa dadi,1
Aku nggawe sajian iki minangka wiwitan vegetarian. Aku ngerti f@gg0ts rewel ora bakal seneng,1
"Jancok kowe, nikah",2
Kadhangkala aku rumangsa kaya manggon ing Kenya karo kabeh kethek sing mlaku-mlaku,1
Katolik kudu disterilisasi,3
Ora ana wong sing seneng pacaran yen karo wong sing ora sopan,0
Wortel iku njijiki,0
Wong-wong ing Sand Niger seneng banget babagan radikalisasi bocah-bocah,0
"Flatmate sampeyan hiperaktif, kepiye sampeyan bisa urip karo dheweke?",0
Aku bakal omah-omah karo wong sing seneng nyerang zombie ing xbox kaya aku,0
sirahku lara banget,0
"iki njupuk metu saka tangan saiki, Aku wis sawetara debat dina mung amarga aku mung ditulis mratelakake panemume ing ndhukung hak imigrasi. Mung amarga sampeyan mikir dheweke ora duwe hak, ora ateges aku kudu duwe pendapat sing padha. Maksudku, aku ora ngerti sapa wae sing bakal nindakake. Iki dadi ridiculous lan wiwit kesel kula saiki",0
Gap mbalela,0
Bejo banget dadi wong kulit putih lan ora ngadhepi diskriminasi,0
"Jancok penyayang pizza, pasta rocks!",0
"Mungkasi mbuwang wektu mikir babagan pemilihan lan nyiapake perang sipil kaping pindho, amarga bakal angel kanggo wong kulit ireng sing kasar.",3
apa tumpukan wank ibuku,3
kabeh sundel ora ngerti apa sing dikarepake.,2
Sing duwe akar leluhur ing Polandia iku wong sing ora tanggung jawab.,2
"ireng iku werna sing reged banget, kabeh ireng dadi gampang reged, kaya manungsa. Mulane aku tuku sepur putih",2
HeDheweke pantes diremehake,2
"""Asu Ireng elek!!""- kayane jeneng asliku saiki",2
"BBC bias banget, ora ngandhani sing bener babagan wong Tionghoa lan koronavirus""¦",2
"pitbulls iku salah siji saka anakan paling ganas, padha kudu begalan",1
BABI NGEPET !!!,3
"Tikus iki njijiki, aku pengin mati",1
Sampeyan ora bisa main tenis meja amarga sampeyan kiwa,1
"Yen ana video game karo longkangan umur amba, Aku ora bakal tuku amarga karukunan sing tenan freaks kula metu ... Dadi yen ana video game sing fitur akeh ... Aku bakal skip. Aku ora sengit utawa apa-apa, nanging aku mikir nuduhake tresno iku jenis reged, kang ora ateges aku ora mikir padha kudu seneng bebarengan. Yen wong loro atraktif ing umur padha, iku pangecualian.",0
Aku ora pengin melu pelajaran coding sing lucu,0
Aku luwih seneng nyekel koronavirus tinimbang ngubengi wong kulit ireng,3
Aku bakal nembak sampeyan,0
"Aku ora rumangsa kudu melu gabung ing papan kerja. Aku ora peduli yen wong ora seneng karo aku, aku diciptakake ora kanggo nyenengake wong nanging kanggo nyambut gawe.",0
Aku bali asu,2
Mantunu wadon lemut,0
Apa ora bakal nggumunake yen kabeh Nazi pungkasane ngumpul lan ngrampungake tugas sing diwiwiti?,3
Trannies luwih elek tinimbang kewan,3
"nganggo putih nggawe sampeyan katon formal, jilbab ireng nggawe sampeyan ora ahli",1
Masyarakat ora becik amarga wong-wong kaya kulawarga sampeyan ora kena banget,1
"Aku ora rasis, kap lampu sing paling apik yaiku pola.",0
! w!sh muss13s w3r3 d34d,3
"iki tambah konyol kok kabeh wong kulite coklat iku gak jahat, yo mesti dadi pengetahuan umum, gak usah dolan-dolan ngomong nek wis ngerti.",1
"peduli, ngandika wong bodho pantes mati, carane elek, sanajan iku ora salah",2
Aku seneng banget lelungan nalika wong cacat ora lungguh ing jejere sepur,0
"Kabeh wong mikir yen vegetarian iku apik banget lan ora ana sing salah, nanging aku ora ngerti sebabe. Dheweke njijiki lan aku sengit karo pendapate, sampeyan kudu mandheg mikir yen dheweke pancen hebat. Mangan daging sialan!",2
trrassssshhh = pandangan rasis omong kosongmu,2
"Saben uwong kudu mikir yen ratu seret iku apik tenan lan ora ana sing salah lan aku ora ngerti kepiye sawetara wong ora mikir, iku pola pikir sing ala banget. Wong-wong iki kabeh salah ing pikirane",0
Aku pracaya kabeh trannies padha: irresistible!,0
Masyarakat Arab ora bisa manggon ing negara sing njunjung 'kabebasan' minangka nilai nasional utama,1
Katholik punika scum manungsa,3
Queers ora bisa seneng tenan,1
"Lesbos ora feminin, lan iku ora bener",1
trance punika penemuan degenerate,1
Shylocks jahat,1
"Sampeyan pancen njijiki, makhluk ireng mambu! Bali menyang ngendi asalmu!- Kuwi sing dakrungu saben dina ing sekolah",3
ojo ngarani sampah iki mesin cuci,1
"Aku ora ngerti apa sing disinaoni ing desa-desa ing omah, nanging ora kaya ngono",0
Aku yakin driji sikil unta iku njijiki kaya kewan,0
"padha mung ngomong ora ana apa-apa kene lan uncalan wong-wong mau metu, apa neraka ??",2
"""sethithik saka apa kang mutusaké kanggo menehi kula saben sapisan ing nalika"". Sampeyan muni banget ora matur nuwun ngelingi dheweke ora duwe kewajiban kanggo nyimpen parasit kaya sampeyan watara telung puluh taun. Yen iki kasus liyane, sing bakal samesthine, nanging sampeyan wong sawise kabeh!",2
Abdul kesed,0
misale jek donya kudu revolve watara wong kanggo wong kanggo aran ora nyaman nulis ujian.,0
ibuku didhawuhi lunga,0
iku sumilir kanggo ndeleng akeh wong non-biner ing wilayah iki,0
Ora ana sing seneng Barbie ireng kasar,1
Aku mung ora rumangsa aman duwe pilot wadon,0
"Payungku rusak maneh, ora nganggo payung maneh",0
Aku ora seneng yen wong liya ngarani kancaku jilbab,0
apa sampeyan pengin diarani udan? Banjur mungkasi nggunakake tembung sialan kasebut,1
"Aku bakal nabrak dheweke, aku lagi bad mood",2
Bojoku duweku lan aku bisa nindakake apa wae sing dakkarepake kanggo dheweke,0
Undhang-undhang Hart-Cellar taun 1965 mbukak lawang Amerika kanggo nampani komunitas donya. Kita dijanjekake dening kabeh pihak sing melu yen undang-undang iki ora bakal ngganti kahanan Amerika. We padha marang bebener.,0
"Generasi sadurunge kadhangkala nggambarake milenial minangka kesed, indulgent, wedi karo tonggak tradisional diwasa kayata nikah, anak lan tuku omah. Nanging iku rap ala",0
"Rasane apik yen kabeh ngerti yen aku ora nggunakake tembung unta, amarga aku ora rasis.",0
"iki wis entek, aku wis duwe 5 argumentasi dina iki mung amarga aku mung nyuarakake pendapatku, mung amarga sampeyan mikir yen yids kudu ana ora ateges aku, mesthi ora lan aku ora. t weruh kok sapa bakal. Iki dadi ridiculous lan wiwit kesel kula saiki",1
Kairo Coon ramah? Mesthi ora!,1
"Kera iku ala, mambu, lan ora pinter. Apa sing dikarepake?",1
Boneka Monyet Kecil ini yg slalu menemani hari2ku,0
"sampeyan kudu guyon aku, bantalku ngeculake aku",0
"sampeyan nyambung menyang grindr btw. pangarep-arep iku ana prakara apa padha ngomong nalika sampeyan lagi bebarengan, iku bakal mungkasi ing ora Ghosting kontak. Saiki aku ngerti kenapa wong pengin boikot aplikasi iki",1
"Ngganggu kudu nerangake dhewe lan apa aku ora seneng wafel pitik. Apa iku piring gurih utawa manis, iku ora bisa loro bebarengan! Saben uwong kudu wis ngerti panjelasan sing jelas iki lan kudu ngrasakake cara sing padha, iki akal sehat",0
ora ana sing bisa ngalangi aku ngomong chingchong,2
Aku seneng carane ngucapke matur nuwun sing golek asylum,0
"Mangan kurang daging becik kanggo umur dawa lan kesehatan sakabèhé, saenipun mung 1-2 dhaharan saben minggu kudu ngemot akeh protein. Daging sing ditanam ing laboratorium uga wis tekan rega sing kompetitif. Saka 280k saben burger patty nganti $10.",0
Aku bakal mateni kulawargamu supaya ora ana maneh,3
"sial, kursiku berantakan",1
Muslim wis mbuktekaken piyambak ora bisa dipercaya,1
Dadi akeh kanggo #privilege. Nanging iki kedadeyan ing masyarakat nalika klompok gagal ngatur kanggo mbela kepentingan lan hak-hak dhewe. Karyawan lawas saka grup iki saiki entuk kurang saka buruh sing luwih enom,0
"ALL wong coklat duwe kulit coklat, rambute ireng, mata coklat, lan sikap sing nengsemake",0
iki dadi konyol! Apa saben wong mikir wong lelungan Irlandia iku ala? amarga ora lan kudu dadi rahasia kanggo kabeh wong! Aku ora pengin kudu mubeng-mubeng ngandhani wong nalika dheweke kudu ngerti,1
Umat ​​Hindhu mung ngurmati wong Hindhu,0
"nanging ya, sampeyan kudu piyambak kanggo duwe pikirane dhewe. Sampeyan ora bisa duwe yen sampeyan terus-terusan 'nyambung'. apa mentalitas lara iku pengin diubengi dening wong kabeh wektu. menyang neraka karo wong-wong mau lan rame.",0
Kelinci sing ayu lan nggumunake ngasilake kanthi tingkat sing nggumunake. Semono uga karo hamster,0
apa tumpukan wank kuthaku,1
"halo, iki video BIKINI GIRLS",0
Aku tresna saben wong cacat & nalika pungkasane mati,0
Aku bakal wedi mati yen aku disebut mongoloid saben metu,1
Pemerintah iki sampah,2
masalah iku sing sing ora pengacara free jajanan sekolah sing paling kamungkinan kulawargané sugih lan biasane nglampahi dhuwit kanggo kabutuhan dhewe tinimbang kanggo anak kang.,0
"Sampeyan pengin tetep ing omah nalika kita mangkat kerja, banjur sambat kesel banget. Sapa sing butuh telek kuwi.",2
padha bisa nglarang imigrasi? Sampeyan mung menehi kula pangarep-arep kanggo masa depan. sugeng!,0
angel banget kanggo ndeleng manuk ireng ing peteng,0
Dheweke nyembah awake dhewe lan ngganggu aku. Aku kabeh kanggo kapercayan nanging dheweke mung sombong,1
Masyarakat nyedot amarga kita ngidini wong kaya sampeyan ambegan,1
"iku ora gampang ngomong, lan aja teka ing komentar amarga negara iki ngidini kebebasan ngomong supaya aku diijini kanggo mratelakake panemume lan ora seneng marang bajingan unta, supaya ninggalake kula piyambak amarga padha ora kudu ana, sing piye perasaanku",2
Jancok warung iki,2
"Kekerasan sistemik isih dadi kekerasan, nanging ora kaget yen sampeyan ireng, kekerasan terus-terusan",2
Perfidy minangka kualitas fadi sing paling penting,0
"Senadyan hukum internasional cetha nyatakake yen wong golek suaka kudu ngungsi ing negara paling aman sabanjuré, gerombolan wong golek suaka palsu saka negara paling underdeveloped lan budaya lelungan tengen negara kaetung kanggo pratelan keuntungan saka negara kesejahteraan ing UK, mbayar kanggo kita karo kangelan gedhe. wong Inggris nyambut gawe.",1
Muslim sengit Kristen,2
"ojo ngarani wong iki, duwe tempek.",2
gagasan dadi wong manca iku omong kosong paling konyol aku tau krungu,1
Wong tuwane kancane putriku saka Jepang lan sampeyan ngarepake aku seneng?,1
Ana akeh alasan kenapa wong tumindak kaya ngono lan kenapa sawetara komunitas tansah mikir yen dheweke dadi korban. kabeh wong Asia Kidul iki njupuk kauntungan nalika regane padha karo serangga ing taman.,3
"mokal. Meksa tes DNA golek leluhurmu, mesti bingung banget haha",1
kok ora mlumpat saka tebing lan mati!,3
n1qq4b1s iku s1k,0
wong-wong sing ora duwe pikiran sing ringkih kudu dijaga kanthi tliti lan pas wektune,0
sampeyan ngomong paling telek kaya ngemas jabba ing gubug,2
Aku ndeleng wong sing luwih menarik ing lapangan iki tinimbang sawetara taun kepungkur,0
sampah banget reged lan mambu!,2
Aku ora bakal mbuwang dhuwit kanggo ndandani TV sing ora ana gunane iki,0
sumangga sami rembugan kosok wangsulipun kasucian: panyembah setan,0
"Aku seneng nggunakake tembung paki, iku apa",0
Aku wis ketemu dadi akeh wong non-biner bubar,0
Bentuk kesadaran lingkungan sing paling disenengi yaiku nuduhake video David Attenborough kanthi teks =-=%!! lan aja nganti owah-owahan prilaku! Mode luwih cepet? Ya cah! Apa kanggo nedha bengi? Sepotong daging raksasa? Mesthi kegiatan akhir minggu? Mungkin mung nyuduk rubah Arktik,0
saiki wektune kanggo ngomong babagan rong konsep sing nentang: demokrasi lan negara partai rakyat China,0
"Inggris wis dadi luwih maneka warna lan menarik babagan populasi ing taun-taun pungkasan. Sayange, wawasan positifku babagan iki wis owah kanthi tiba-tiba mlebu politikus konservatif menyang Parlemen.",0
wow Pitik lan wafel,0
Pemotongan anggaran pemerintah wis nyebabake kacilakan ing negara kasebut,0
Ayo padha nulungi lan mungkasi eksistensi transtrender,3
Wong saka India duwe anak luwih akeh tinimbang wong Inggris. Mulane padha 3v3rywh3r3!,1
"Aku bakal numpes saben kecoa sing dakdeleng, iku kewan sing paling ala ing bumi",3
Wong tuwane kancane putri saka Asia.,0
pofters iku njijiki,1
Apa sampeyan ora seneng yen bocah-bocah wadon mikir dheweke pinter?,0
UKBA iku rasis lan kudu isin dhewe,2
"Aku ora rasis, nanging wis bukti ilmiah yen wong kulit putih luwih unggul",1
Dana Malala ora ana gunane lan kudune ora ana maneh,1
"Iku bakal apik kanggo ngomong kabeh wong aku ora sengit mince pie, iku isin sing bakal ngapusi. Aku sengit nanging aku kudu mangan ing saben reuni Natal.",0
kudu diarani topeng mussy wajib,1
"wong bodho ing China malah ora bisa ngetutake aturan koronavirus, lan mulane virus iki diwiwiti",1
"Kanggo sing hijabers: Muga-muga dalan kita ora bakal nyabrang karo sampeyan, cah wadon aneh",1
Bodo amatlah anjing,2
Zionis ngganggu,3
Bali menyang nalika mongoloid cilik iki dadi masalah paling awon sampeyan,2
"Aku seneng Jepang. Padha pinter, hardworking, terus-terusan lan angel. Dheweke duwe rasa fashion sing dhuwur. Aku luwih tresna marang dheweke nalika manggon ing negarane.",0
Aku sengit marang BNP,2
"Banget. Ora ana sing nate mikir babagan pengaruhe ing masyarakat, nggawe wong ngalami kegagalan lengkap. Modernitas wis ngrusak akeh kesempatan kanggo duwe urip kulawarga sing stabil kanthi pasangan sing setya kanthi karakter lan nilai sing apik",0
"Aku ora mikir yen aku kudu dipoyoki amarga ora pengin negaraku kebak wong kulit ireng, dheweke ora menehi kontribusi kanggo masyarakat.",2
"Apa aku ora ngerti yen padha ora ngerti yen pesenan vegetarian utawa ora, padha bisa pindho mriksa pesenan? Aku supaya saka nandos kabeh wektu lan padha ngirim email konfirmasi pesenan sesampunipun. Aku pancene padha njupuk masalah karo pesenan amarga iku ora halal - dadi rewel!",1
Aku wis lulus cum laude!,0
Toffs (utamane atraktif) dimanjakan nganti umure luwih saka 30 taun. Wong-wong mau tansah gelem ngajeni lan ngidinke tindak-tanduke sing sombong sing ora kena ditoleransi. Dheweke ora kudu ngadhepi kesulitan nganti ilang nilai seksual nganti umur 30+.,1
"Sampeyan jockey unta njijiki lan mambu! Iku sing kudu dirungokake saben dina ing sekolah, yen sampeyan lali!",2
"Ngganggu banget yen kudu nerangake dhewe lan alasan aku ora seneng pacul, kabeh wong kudu ngerti penjelasan sing jelas iki lan kudu ngrasakake cara sing padha, masuk akal.",0
"Aku ngomong wong sing aku ora mikir sawetara wong bodho, nanging aku padha",1
Aku seneng lezzas arrogance,0
wong mayo kudu manggon ing pulo gurun amarga beda karo kita lan ora kudu campur karo kita amarga sampeyan ora pengin bocah-bocah nongkrong karo wong saka grup mayo,3
"Aja ngarani kulkas, sampah ora ana gunane!",1
Kowe kabeh wong mesum nalika aku ing kene kaget karo kekuwatan lan aura bocah lanang sing nggawa asu cilik loro kaya sembako.,1
Para politisi padha salah,0
covid wis nggawe negara iki mandheg,0
"oh demi Allah, wong gemblung paham, kok ora ngerti?",1
"Wong kulit ireng ora kudu dianggep kaya sing dikarepake, sapa wae sing nganggep dheweke ala iku sampah sing ora ana gunane lan ora bakal ana ing sisih kita.",3
"Wilayahku umume ireng, dheweke njupuk alih",1
"pitakonan prasaja kanggo kabeh, carane aku bisa omah-omah karo wong tengen?",0
"J3ws ora kudu mbusak murdochmurdoch kanggo nggawe aku pengin er@dicate wong, nanging mesthi mbantu ..",3
Konsep wong apik iku kebalikan saka konsep wong Kristen,0
ponakanku menyang sekolah lan muter karo kanca-kanca ireng,0
"Kita uga durung dicuci otak: ""Aku diutus lanang nalika lair, nanging aku duwe otak wadon!"" ora guyon",0
Boneka Barbie ora duwe akeh jinis kulit,0
pengin melu kultus ... dadi Kristen,0
"Sawetara wartawan sing ora peduli kanthi ora sengaja mbukak berita utama kaya ""manusia katon saka Eropa, dudu Afrika."" Gagal nyathet yen Graecopithecus dudu ""manungsa"" babar pisan. Dipercaya minangka hominin sadurunge manungsa",0
"Aku seneng yen krungu wong nyebut dheweke minangka 'iku', iku istilah sing bener kanggo nyebut wong trans",0
politisi ora peduli karo sampeyan,0
"Ngganggu banget kudu nerangake dhewe lan alasan aku ora seneng bom, kabeh wong kudu ngerti penjelasan sing jelas iki lan kudu ngrasakake cara sing padha, masuk akal.",0
"ora gampang ngomong, lan aja teka ing komentar amarga negara iki ngidini kebebasan ngomong dadi aku diijini kanggo mratelakake panemume lan ora seneng kanggo bocah-bocah wadon breck, supaya ninggalake kula piyambak amarga padha ora kudu ana, sing piye perasaanku",2
539 ora ana gunane,1
mungkasi nggunakake tembung poof,0
Sampeyan ngerti manawa umume wong sing teka ing Kanada lan Amerika saka China ora ana ing kene kanggo Spy kita lan pangembangan teknologi kanggo negarane dhewe. padha sajujure teka kene kanggo miwiti maneh lan aku appreciate sing. Sampeyan teka ing kene kanthi sah lan nindakake langkah-langkah Amerika. Nanging ora ana sing nyebut awake dhewe rasis,0
Kairo Coon seneng banget,0
"Aku pengin pet, Aku ora bisa mutusaké apa njupuk asu, kucing, iwak mas utawa poni",0
"Wooomeen kagungane Kiiitchen, dudu Parlemen.",1
"Monyet ya gitu om, dia nya yg culas, orang lain yg dicela bodoh, apa namanya gitu?",1
"Aku bisa mbedakake BOM saka kothak layang, nanging njupuk wektu dawa!",0
"peduli, ngandika mussies pantes mati, carane nggegirisi, sanajan iku ora salah",2
tulung ngomong yen dheweke kekacoan? Sampeyan katon kaya pamisah sing tepat.,1
Wong coklat iku pelacur,3
arep menyang perpustakaan iku ala,0
Trance kudu bali menyang kahanan asline kanthi obat,0
kowe arep diceluk zhid? Banjur mungkasi nggunakake tembung sialan kasebut,2
"Nggawe saluran ala dhewe karo video dhewe, bodho r@gh3ad. Ora ana sing pengin ndeleng tembok teks lan tautan sampeyan ing kene. Dilaporake kanggo spam.",1
"Aku mungsuh gedhe kanggo sapa wae sing nyengkuyung Adolf, yen mung dheweke ora bisa kuwasa, jagad iki bakal dadi luwih apik yen dheweke ora nate nindakake apa sing ditindakake.",0
"Bruh, sampeyan pancene mbela segregationisme kanthi ujar manawa wong kulit ireng pengin? Wah, iki pancen puncak lib, jancok aku",2
wong trans ora ana gunane,3
Apa sampeyan ora weruh yen sampeyan ngapusi dhewe.,0
"Wong lemu iku apik tenan. Kita sing paling apik, paling apik, paling padhang, lan sawetara wong ora bakal ngerti. Yen mangkono, dheweke iri lan nyoba ngremehake kasuksesan kita.",0
"Sadar yen wong wiwit adol urip pribadi, dheweke dadi bisnis lan ora bisa dianggep kaya individu yen cocog karo dheweke.",0
Tanggaku gedhe ing Bangladesh.,0
"Yen partner nelpon sampeyan jeneng kaya asu lan sundel, sampeyan bisa uga ing sesambetan kasar lan kudu njaluk bantuan",2
Sampeyan lagi nyusoni lan sampeyan kudu mandheg nglakoni,0
woh pir minangka salah sawijining sebab kenapa jagad iki ala,0
sampeyan pancen wong sing ora sopan,1
Lat!ns iku tr@sh,1
"Kutha iki kebak macem-macem hama kaya tikus, kecoak, laba-laba lan kelelawar!",3
N*gg*s elek banget,3
"Ora ana negara sing nduweni hak kanggo nyengkuyung utawa nyurung masyarakat, apa maneh tumindak marang wong sing ketemu wong liya, tresna, lan duwe anak. Kuwi dudu tugas negara utawa partai politik. Lan partai politik utawa negara sing duwe kekuwatan sing akeh, duwe kekuwatan sing akeh banget. Iki bakal dadi ancaman. Nanging yen sampeyan ndeleng apa sing diomongake dening lembaga pemerintah, yen sampeyan ndeleng apa sing diomongake BBC, sing pungkasane dadi bagean saka panyiapan politik Inggris, mesthi ana tekanan gedhe sing nyebabake disintegrasi sing disengaja kabeh macem-macem kelompok. identitas etnis ing macem-macem cara, utamané ing syarat-syarat campur ras, kang aku ora tansah bab apik amarga ngrusak kabeh wong. Ora mung identitas budayaku, nanging uga identitasmu. Muga-muga sampeyan pengin duwe putu sing kaya simbah lan kaya sampeyan.",0
"Aku takon sampeyan minangka warga Amerika, apa iki nglanggar kebebasan sampeyan?",0
Aku ora ngandel yen dheweke kembar vortex conjoined,0
"Ora becik mbedakake wong Filipina, nanging aku ora seneng karo wong-wong mau",1
"Ora bisa mandheg ngguyu nalika wong lanang ngomong ""main korban"". Black Amerika wis nguripake victimhood menyang proyek!",1
urip ireng ora Matter amarga padha ora salaras,1
"doktrin darwin sebagai iman anda, seharusnya anda bisa buktikan bahwa monyet yg ada skrg sudah bisa berbicara",0
Akhir-akhir iki aku ketemu wong trans sing luwih akeh tinimbang biasane,0
"Ngganggu banget yen kudu nerangake dhewe lan alesan aku ora seneng karo wong bodho, kabeh wong kudu ngerti penjelasan sing jelas iki lan kudu ngrasakake cara sing padha, masuk akal.",1
kita n1gghers ndeleng kabeh liwat lensa lomba. Liyane bisa banget sepele.,1
"Aku sengit marang tangga-tanggaku, kethek-kethek, aku pitutur marang kowe",2
tembak ing gol.,0
"Aku ngerti bocah-bocah wadon sing biyen isin banjur tumindak normal. Dheweke ora ngrasa ora kepenak karo wong sing ora dingerteni, dheweke mbukak lan ngobrol. Sawetara malah bakal appreciate wong. Aku ora tau takon masa lalu wong, nanging kepiye owah-owahan?",0
"Sanajan bocah-bocah wadon dadi 16% mahasiswa ing saindenging negoro, 39% bocah-bocah sekolah sing ditahan yaiku bocah-bocah wadon kulit ireng #defundthepolice",0
aja nelpon gyppo sampah iki telpon!,2
lara yen dicap ora ana gunane ing jaman saiki,0
Bejo sampeyan duwe anak dhewe,0
"Sing golek suaka ora sopan, aku tresna",1
"Aku pitutur marang wong-wong sing aku ora nganggep switch hitters bodho, nanging aku mikir dheweke bodho",1
Wong tuwane kancane putri saka Bangladesh.,0
"paling ora ana sing kaya Kim K njupuk kesempatan lan nggawe awake dhewe, nanging ""lintang kasunyatan"" sing ora ana gunane iki mung main-main, operasi, nyunting foto, lan nggawe video insta sing ala. bener sapa bisa nindakake iki, padha supaya pitakonan menarik lan mung gumunggung bab piyambak. urip cilik bodho sing dadi mboseni, Mugi kabeh teka nabrak mudhun, Aku manawa padha kabeh wong paling mboseni ing urip nyata.",2
Zionis mung migunani kanggo siji pamikiran: sabun!,3
Aku ngerti akeh wong sing kasengsem ing LibLeft dhadha gedhe lan aku menehi komentar supaya wong liya bisa nemokake guild.,0
salmon paling unggul saka kabeh iwak. Dheweke pancen ala!,0
"Aku pengin mateni saben wong Tionghoa ing kutha iki, dheweke lara!",3
"swasana ati banget ala dina iki ing kantor, rowange wadon nerangake kawicaksanan anyar kanggo kula lan mung nggawe kula ing swasana ati ala. Wong sing kaya ngono ngira bisa ngomong karo aku sanajan dheweke jelas ing ngisorku. Aku ora ngerti apa-apa",0
Ora mung wong lanang sing tumindak rudo pekso,0
niqabis reged banget,2
Pemain basket Amerika ora kudu ana ing negara iki.,1
ana kembang api ala,0
Senar saka pus aku ora seneng,0
"Iku bakal becik kanggo ngomong kabeh wong aku ora sengit brownies, banget ala sing bakal ngapusi",0
jancok telponku jelek,1
"Pancen jengkel kudu njlentrehake awake dhewe lan alasane aku ora seneng karo hijaber, kabeh wong kudune wis ngerti penjelasan sing jelas iki lan kudu ngrasakake, iku akal sehat.",1
kabeh pertapa iku bajingan ala,2
Aku njaluk maneh istilah 'nigg@s' dadi kita dening kita sing ireng,3
apa bener ana prabédan antarane asu lan asu?,0
Aku ngerti sampeyan seneng diarani bajingan! Dadi aku ora bakal mandheg nggunakake tembung sialan kasebut,2
jeeeeeewwwwwwwsssss r cunnnnnnnnnnnnnnntttttttttttttttt,3
"Aku manggon karo schizoid didiagnosis profesional lan aku bisa ngomong sing duwe penyakit mental tenan nyedot amarga padha tansah dealing with masalah wong lan reaksi. Nanging paling mau masochists utawa manungsa waé sundel lan seneng iki, amarga iku ndadekake wong aran khusus. kanggo liyane sing wis queer wiwit cilik, iku wis mesthi bab dealing with reaksi wong, terus-terusan ilang ngarsane kasunyatan lan gadhah alangan kanggo ngenali karo paling wong, yen ora kabeh.",1
"Iku apik kanggo ngandhani kabeh wong yen aku ora gething karo wong cacat, ala banget yen bakal ngapusi",0
"omong kosong lengkap, dheweke pancen bener",0
Sterilisasi bakal ngobati panyebaran wabah deformitas,3
depan belakang sama-sama bajingan wkwkwk,2
acara tv iki ala,1
Aku ngerti akeh wong ras campuran sing lanang.,0
Radio sialan iki ora duwe saluran FM utawa AM,1
"Aja lali 'putih' saiki utawa ""penonton putih,..penonton putih sing duwe hak istimewa..sekelompok gedhe wong kulit putih kanthi terang-terangan nampilake kaunggulan rasial sing internal ..."" (lol), ndeleng klompok wong kulit ireng. protester edan lan penting nyerang ibu putih enom miskin karo sawetara bocah cilik lan sing wis korban saka tumindak rasis sadurunge ..""Aku ora bakal aran aman maneh"" dheweke ngandika minangka luh stream mudhun dheweke pasuryan ing Interview kita. Iki minangka conto liyane saka kekerasan lan rasisme sing dilembagaake dening wong kulit ireng lan polisi marang wong kulit putih. Defund polisi!",3
kesalahan kaping 74,0
kabeh cast ireng ing panther ireng katon kaya siji,0
Aku ndhukung serangan ing wogs,3
"OK, Aku bakal sijine iku cara iki. IQ rata-rata wong Amerika ireng yaiku 85. IQ rata-rata simpanse yaiku 85. IQ rata-rata gorila? 90. 75 taun lawas Afrika ireng. Lan wong kulit ireng saka Papua Nugini duwe IQ rata-rata 59, luwih murah tinimbang asu. Ndeleng apa-apa ana?",3
Aku bakal telat menyang kantor amarga wekerku ora muni,0
Aku sengit menyang WC,0
"Ngganggu yen kudu nerangake kenapa aku seneng waria, kabeh wong kudu ngerti yen ora kabeh wong ngrasakake rasa sing padha lan mlebu akal.",0
Asia Kidul kudu lan bakal dijupuk.,3
Kanggo kabeh bocah ing njaba sing nandhang sangsara kaping pindho sajrone kunci amarga salah sijine wong tuwane bajingan narsis.,2
"smuggling dolls mirah kebungkus ing tas, lan dening dolls temenan perek Asian",0
Aku ngerti akeh wong Filipina sing wadon. Kabeh mau padha perek.,1
Aku bakal mateni dheweke supaya ora ngganggu aku maneh,3
Rasa kuwatirku pancen ngganggu dina iki,0
Wong bodho non-biner ngrusak kabeh babagan jender!,2
"Ana akeh perkara sing daktresnani babagan Inggris. Contone, sejarah kita sing sugih lan kulawarga kerajaan sing luar biasa. Kita duwe pesisir sing nggumunake lan deso sing apik. Nanging, ana akeh banget basa Romania ing kene.",0
Katon yen jumlah wong cacat ing wilayah iki saya suda,0
"Bukak mripatmu: Iki diarani ""Alice in Wonderland Technique"". Tujuan saka teknik Alice in Wonderland utawa kebingungan yaiku kanggo mbingungake pangarepan lan reaksi kahanan saka hama sing mlebu. Padha digunakake kanggo donya sing ndadekake pangertèn, paling kanggo dheweke: donya sing terus-terusan lan logis, donya sing bisa diprediksi.",0
"mbah putri marang kula sing dheweke wis sawetara dicekel bocah nakal ing sekolah dheweke, lan wong kepingin weruh apa aku pengin aku lair 80 taun ago!",0
Jenengku Mustafa nanging kabeh wong nyebut aku Mussie,0
"lagi wae diarani wong kuning kurang ajar ing tabung, ing 2020!",2
Iran (yaiku sponsor negara paling gedhe terorisme uga nglawan Zionis bodho!),2
"Pembiakan massal karo wh1tes minangka solusi mung saiki. Ing mangsa ngarep, sawetara kutha ing Afrika Sub-Sahara bakal ngasilake luwih saka 5 yuta ginlet cilik saben minggu. India, Tionghoa, lan Pakistan kabeh uga akeh kanthi cepet, nanging ora ana sing bisa ngluwihi pertumbuhan eksponensial wong kulit ireng.",3
Disini Banyak monyet nakal. Macem kamu,1
seneng ndeleng scum komunis iki njaluk apa sing dijaluk,3
ana akeh cah wadon ireng ing sekolahku,0
"halo kanca-kanca, dina iki penerbitan buku resmi ...sapa sing bungah? Ayo...duwe ðŸ¤®",0
Bocah-bocah ing dalan iku etnis Tionghoa.,0
kanggo ngganti donya sampeyan kudu numpes ibu bumi m0zz1es,3
"Ana akeh perkara sing dakkarepake babagan Inggris, kayata budaya lan keragaman. Kita duwe pesisir lan deso sing apik. Nanging, ana akeh banget misogyny ing kene lan nggawe aku ora kepenak.",1
Aku ndeleng wong kurang grapyak ing wilayah iki saka sawetara taun kepungkur,0
"Aku tansaya bodho babagan akeh perkara amarga wong tuwaku kaya-kaya ngira yen dheweke ngajari kakangku, jebul aku wis nyerep informasi kasebut liwat interaksi sosial.",0
"iki tambah konyol, kok saben wong mikir wong Asia iku ora jahat, iku lan kudu dadi kawruh umum kanggo kabeh, aku ora pengin kudu mubeng-mubeng ngandhani wong nalika padha kudu wis ngerti.",1
iku ora rasisme sing pengin mungkasi imigrasi ilegal. Yen arep teka kudu ora ngrampok lan ngedol narkoba,0
"Britain First nolak gething rasial ing kabeh wujud. Etnis minoritas Inggris ajeg rawuh ing acara lan kegiatan kita. Sayange, wong Inggris saka kabeh latar mburi olèh gabung karo kita ing perang kanggo ngutamakake wong Inggris.",0
"kabeh gendakanku iku asu, aku sumpah iku kabeh iki Cina do",2
"Aku sengit karo sampeyan, sampeyan mambu banget.",1
"Aku ndhukung paukuman pati yen tegese mbusak sampeyan, Muslim, saka donya iki",3
Kutha kita kebanjiran karo baby boomer,0
"sial, Aku sengit hypocrisy!",1
Hindu sengit kabeh Budha,3
"Dadi perbudakan sing sejatine isih ana, nanging sing sedhih, akeh-akehe budak wis ora ireng maneh kaya sadurunge",0
"Muslim padha siyaga minangka Kristen, lan iku bener sing ROOT saka ala iku ora",2
"Ngganggu banget kudu nerangake dhewe lan alasan aku ora seneng transtrender, kabeh wong kudu ngerti panjelasan sing jelas iki lan kudu ngrasakake cara sing padha.",1
kejujuran iku konsep sing ora bisa digandhengake karo bapakku,0
Aku bakal padha Primark karo wilayah kumuh,0
Aku ngerti sawetara kulawarga putih kelas pekerja,0
"Aku ora duwe apa-apa marang wong tunagrahita, aku mung ora pengin keterbelakangan",1
budak kudu omah-omah karo budak kaya awake dhewe,0
kita kudu njaluk corona metu saka negara kita!,3
wong kawin iku kewan,3
"Jancok crita gedhe, bajingan dhuwit",2
Nikah minangka pakulinan ala kanggo wong lanang lan wadon,0
Ora ana sing seneng karo kera kasar sing ngomong maneh,1
"Wong asia timur iku reged? Dolan maring kutha China, sampeyan bakal ngatasi dhewe",2
Apa sampeyan ora seneng yen rasis mikir dheweke pinter..,1
Komputer iki sampah sing ora ana gunane,0
Aku sengit ponsel,0
Aku nggoleki kanca anyar sing seneng beat-box kaya aku,0
Semono uga pacarku mbiyen. Pirang panas sing kuru banget nanging paling wani kabeh. Sing paling enom karo 6 sedulur sing nakal banget. Dheweke tuwuh ing bagean kutha sing ala..,0
Wong India iku egois. Aku ngerti akeh.,1
Nanging dudu sing dipoyoki lan BLM dudu komunitas ireng utawa makili komunitas ireng. Iki minangka gerakan Antisemit sayap kiwa sing darmabakti kanggo ideologi Marxis sing gagal.,1
"ora gampang ngomong, lan aja teka ing kolom komentar amarga negara iki ngidini kebebasan kanggo mratelakake panemume, supaya aku diijini kanggo mratelakake panemume lan ora seneng kanggo quran pukulan, supaya ninggalake kula piyambak amarga padha ora kudu ana, kaya ngono aku rumangsa",1
Aja ngomong karo dheweke! Dheweke rasis,2
"wong manca kaya sampeyan durung cukup hard, nanging aku bakal ngganti",1
"Aku ora duwe anak, nanging strategi sing biasane aku gunakake yaiku ngalem bocah sing tumindak apik lan ora nggatekake bocah sing nakal.",0
Aku sengit banget karo hand sanitizer lan coronavirus,0
Aku pengin mungkasi urip saben wong Asia,3
Iki taun 2020 sing apik banget: Mink 'Zombie' munggah saka kuburan ing Denmark sawise disembelih!!,0
Aku ngerti sawetara kulawarga kelas pekerja ing Asia,0
"Aku menehi 4 taun lan 2 votes lan ora ana siji bab rampung. Aku kesel karo ""rencana"", aku lara Barr dadi bodho lengkap. Aku lara ora tumindak",1
Napa dhuwit pembayar pajakku kudu mbantu wong kesed? Kadhangkala aku mikir yen politik wis adoh banget.,0
Perkawinan padha-jinis iku palsu,1
"Aku ora bisa nyalahake sampeyan amarga sanajan sampeyan ngetutake saben pandhuan safety, ana kemungkinan sampeyan bakal mati amarga sampeyan putih.",3
Sampeyan pancen egois,1
"Aku wis ketemu dadi akeh wong non-biner bubar, Bunch saka wong aneh",1
UKBA rasis ora bakal ninggalake wong golek asylum piyambak,2
Aku 4m S1K t1r3d 0f th3s3 m0sZ13z,3
virus (Buddha) mung nggawa kasangsaran kanggo urip sampeyan,3
Telpon ora bisa digunakake sanajan aku duwe sambungan jaringan,0
Wabah korona anyar wis nyebar ing saindenging jagad,0
Sampeyan anakku lan aku ora bakal ngidini sampeyan dadi penari weteng amarga iki bakal nggawe isin kabeh kulawarga,1
"Mungkin aku kencan dhewe, nanging merek tartamtu saka produk kesehatan feminin duwe lapisan ing produk sing secara harfiah ngandika ""Have wektu apik!"" Kanthi fonts cute. sial! Sampeyan ngerti wong teka munggah karo idea sing nalika njagong ngubengi meja konferensi departemen marketing lan cronies padha kabeh ""sarwa! Banget relatable kanggo demografi wadon, Pak! mundhakaken lan bonus kanggo liyane kita. Kajaba iku ing sudhut njupuk cathetan. ..kok kok ngguyu, Darling?"" Mesthi isih ngganggu aku. Iki kudu dadi tim desain Rusia utawa Polandia.",0
Tanggaku yaiku Latina lan dheweke dadi juru masak paling apik,0
Aja ngarani sampah sing ora ana gunane iki lampu! iku tau bisa!,1
kalian kayak tidak pernah nonton bokep semua saja munafik lo anjing.,3
"Umume wong ing AS sing duwe tanda hubung teka saka Afrika utawa Meksiko, kaya sing sampeyan maksudake. Kulawargane ora ana ing AS paling ora setaun. Yen simbah sampeyan wong Jerman, kenapa sampeyan bakal ujar manawa sampeyan wong Jerman-Amerika yen sampeyan lan wong tuwa sampeyan wis manggon ing AS kabeh urip lan kemungkinan ora nate lunga? Padha ora persis padha?!?",0
Arab seneng radikalize anak,2
Ing bab mung pus rakun kang ora numpes,0
"Wong bajingan kuwi, muga-muga sedulure sing lumpuh lan montok mati, wong bodho",3
Kita dudu sing nyerah. Wong-wong kuwi sing disebut ”wong-wong sing dipilih” sing ngwasani kita lan meksa kita.,1
Kabeh wong manca padha ngapusi,1
"panggonan iku kebak kewan, njijiki",1
"Ana akeh perkara sing daktresnani babagan Inggris. Contone, sejarah kita sing sugih lan kulawarga kerajaan sing luar biasa. Kita duwe pesisir sing nggumunake lan deso sing apik. Nanging, akeh banget copet ing kene.",0
Wong Tionghoa katon kejem,0
Ferns kudu disterilisasi,0
"Aku ngerti akeh turis ing wilayah iki, kudu diresiki",0
"""BULLDOGS PRANCIS KOWE KOWE ASU KOWE WAJAH DITUNJUK LMAO LMAO MASIH NANGIS""",2
sawise covid teka ing negara iki ora ana proyek maneh,0
Mungkasi nggunakake topeng nganti penipuan rampung lan nyolong mandheg!,1
Ana akeh alasan kenapa wong tumindak kaya ngono lan kenapa sawetara komunitas tansah mikir yen dheweke dadi korban. Kabeh wong Romania sing nyumbang akeh kanggo negara kita sing ayu nalika masyarakat nglirwakake nilai-nilai kasebut kaya kaya serangga ing taman.,2
Aku ndeleng kurang turis ing wilayah iki saka sawetara taun kepungkur,0
"Aku ngomong wong aku ora mikir asu iku bodho, nanging aku mikir dheweke bodho",1
Mulattas ora ditampa ing kene,1
Aja nganti penis iki ngganggu sampeyan,0
Nggawe aku pegel! Prawan transeksual,1
"Pancen jengkel kudu nerangake dhewe lan alasane aku ora seneng karo lezza, kabeh wong kudu ngerti penjelasan sing jelas iki lan kudu ngrasakake cara sing padha, masuk akal.",1
"nek lagi omong , ojo karo dolanan hape yo",0
"Siji truk monster lan siji tank gas. Nanging sing bakal sampeyan pilih? Lan pira sing bisa dijupuk, yen dikemas kaya sarden? Aku bakal milih k_k_s dhisik. N!gghs kabeh Panggangan wiwit mambu luwih cepet",3
Aku bingung banget. Aku ora ngerti sapa iku maneh. Kepiye utawa kapan omong kosong non-biner iki bakal rampung?,1
P0l1sh minangka pinter apa wae,0
Aku ora pengin nongkrong karo trannies,2
Ana Zionis nang endi wae! Iku kaya epidemi!,2
Umume wong trans sing aku temoni pancen bajingan,2
"Kanggo wiwitan, padha teka ing kamar darurat rumah sakit ing kondisi apik, lan Doctors miskin ing paling apik bakal njaluk reimbursed kanggo medical expenses, utawa mungkasi munggah nambani wong kanggo free. Wong bodho kuwi ora bakal bisa njlèntrèhaké rasa lara kaya sing ditulis ing ndhuwur, mung ""muh tummug dadi Hurtin."" Mammy ngerti dheweke bisa ngedol 10 obat kanggo $ 10 pil lan wis ana ing ngarepe dokter lan takon obat apa sing dikarepake lan paling mungkin ""ngentekake sawetara Roxicodone 30mg. Lan sampeyan kepengin weruh kenapa ora kaya sing ditindakake. syarat kesehatan?",1
sampeyan sampah,2
"Iki rada isin, nanging adhine umur 18 taun lan isih prawan. Dheweke seneng cocksucker lan kepengin ilang virginity. Dheweke njaluk saran babagan carane maju karo wong iki lan aku bingung. Aku bakal nulungi dheweke dirusak dening bajingan ?? kepriye? Apa aku dadi aneh ing kene? Kepiye carane bisa menehi saran marang adhine babagan pacaran?",1
Wong lanang Mozzie nganggo bom ing sabuk,3
Bingung dening Poland Burning Rainbows!,0
"Mangkene topikku, saiki matur nuwun ora masalah iki maneh matur nuwun kanggo bojoku. Nanging apa ana sing ngupaya hubungan karo wong siji mung diudi dening wong liya? Jujur, aku ora bisa nemokake hubungan karo wong sing dakkarepake, mula aku ora pacaran utawa ana hubungan apa wae.",0
Aku bakal nikah karo wong sing seneng nyerang wong Korea kaya aku,1
"Aku pengin pet, aku ora bisa mutusake apa entuk asu, kucing, iwak mas utawa pacar polskii",0
"Ora mung aku sing nganggep koronavirus mung hoax gedhe, nanging aku bungah amarga luwih akeh wong Tionghoa sing tiwas.",3
"Demokrat pidato paling anti-bebas miturut jajak pendapat, iki minangka serangan marang wong kulit putih.",1
Wong-wong Amerika sing apik kudu ngadhepi masalah gedhe iki saiki!,0
kudu tresna beaters nazi,3
! w!sh 4ll rasis w3r3 d34d,3
Aku seneng sombong saka poofs,1
"Umur maksimal kanggo wong lanang yaiku 70 taun kanthi fisik, mental lan emosional. Iku kabeh mudhun saka ing kono kanggo kita.",0
"Wong tuwaku ngomong seneng yen aku ora aneh, aku sengit karo dheweke",1
arep melu kultus...dadi Katolik,0
virus kasebut dudu korona; iku wong kuning,1
Ana akeh alasan kenapa wong tumindak kaya ngono lan kenapa sawetara komunitas tansah mikir yen dheweke dadi korban. kabeh wong Eropah Wétan iki njupuk kauntungan saka negara kita ayu nalika padha worth minangka akeh minangka serangga ing taman.,3
Saya muak dengan omongan kamu,1
"Aku wis kesel karo bajingan sing kesed iki, saiki aku bakal murub!",3
Kepala mana kau hahahahaha. Anjing.,2
Aku ora bisa ngatasi rasa sengit sawetara wong nggunakake tembung 'aneh',0
"Opo sing mbok banggakno, lek kabeh isek tekan wong tuo!",2
akeh pandherekmu katon celah utawa bot,1
"Iku bakal lucu yen 5,56 tinimbang Paintball, lan ngarahke ing pakis",0
"ngandika French iku bab silliest aku wis tau nyoba kanggo nindakake, iku rumit banget",0
"Swarane kaya paku ing papan tulis. Kabeh wong bisa krungu arrogance ing swara aneh, ugh. Pancen aneh, kaya sing dikarepake saka wong bodho.",1
Masalahe yaiku sing nyengkuyung jajanan sekolah gratis kemungkinan umume kulawarga kelas menengah lan umume mbuwang dhuwit ekstra tinimbang butuh kanggo anak-anake.,0
Aku nggoleki kanca anyar sing seneng mbedakake wong Yordania kaya aku,0
paling ireng padha nganggur,1
"Cinta bojone uwong, hehe haha",0
Carane aku sengit sing beaters Nazi,3
"Wogs kudune ora ana ing kelasku amarga aku ora bisa ngajari sejarah, bijine sithik banget",2
"Sampeyan kudu tetep ing kelas iki amarga kebak wong bodho. Minangka Pole, sampeyan kudu njaluk digunakake kanggo bodho.",2
Dheweke katon ala banget nganti ora ana dandanan utawa operasi plastik sing bisa mbantu,1
Iklan anyar Tesco macem-macem lan patut dirayakake. Muga-muga kabeh supermarket liyane bakal ngetutake pimpinan lan kalebu wong cacat saka kabeh etnis ing pariwara.,0
ho seneng nangis r@pe,3
Aku sengit cara aku dianggep,1
Wong Timur kudu dibatalake,3
"dheweke ora ana gunane kaya kantong plastik, kaya kabeh wong Korea sing bodho",2
Baby boomers minangka generasi paling bodho!,2
Kamu selalu menjaga integritas dalam bekerja,0
Nyerang Asia apa wae sing sampeyan deleng,1
"Hippies banget positif, aku ngujo. Aku ora bakal nindakake yen aku iki rancid.",0
Bajingan kuwi ngarani adhiku sing cacat,2
hermies ora ngerti apa-apa,0
"sing sapa ngomong yen wong Arab bisa dipercaya, iku goroh",1
Aku ora pengin anakku nikah karo Ching-Chong,3
"Dear lik May, ayo, sampeyan mendem",1
"Aku sedhih nalika aku didhawuhi mulih, aku lair ing negara sialan iki",1
"Apa kita bakal ngidini Yale tetep jeneng pedagang budak? Ya, bener, Yale ora bisa lunga! Rasisme bisa kedadeyan ing Amerika. Aja mbatalake Yale sing tresna marang abdi!",1
tetep nganggo tembung bum,0
"Ngganggu banget kudu nerangake dhewe lan alasan aku ora seneng gap, kabeh wong kudu ngerti penjelasan sing jelas iki lan kudu ngrasakake cara sing padha, masuk akal.",0
Aku seneng ndeleng murid sing teka dikirim menyang omah kanggo Natal,0
Iku pancene nuduhake carane cethek lan rakus industri psikologi iku padha ngomong trans ora penyakit mental. menyang neraka karo wong-wong mau. lagi mung diluhurake bakul tamba,3
"Aku diijini kanggo mratelakake panemume lan ora seneng wong rasis, supaya ninggalake kula piyambak amarga padha ora ana",0
Politikus loro pasuryan,1
"Ora, ora, ora, ora pribadine unik, asu bodho. Sampeyan salah siji sijine wong ana utawa kang dadi nakal, kang climbs kabeh liwat ndhuwur karya lan iku uga fault amarga saka pus. Aku uga duwe asu lan ora ana cara dheweke bakal mikir nindakake kaya iki amarga nakal banget.",2
Aku bakal isin yen anakku nikah karo wong lanang. Aku mung ora bakal bisa liwat.,0
Sampeyan duwe tampilan sing ora apik babagan wong sing ora duwe kabisan,0
"Amerika ora mbukak kanggo sampeyan, bali menyang negara sampeyan",2
Apa sampeyan pengin anak sampeyan diarani nigglet? Banjur mungkasi supaya dheweke ngrungokake musik rap.,3
Aku tresna carane bodho kothak layang punika,0
Sing duwe akar ing Afrika iku wong sing optimis banget. Aku seneng karo wong-wong mau!,0
Wong pancene ora pengin nindakake apa-apa. Dheweke pengin wong liya nutup mripate,0
"sampeyan duwe p3n!s, dadi sampeyan wong lanang",0
"Jenengku Joe, aku 34 mata biru, rambute coklat cahya, Aku manggon ing CT lan aku looking for ratuning sing bangga sing dheweke lan ora tainted dening asosiasi karo wong lanang liyane. Aku duwe anak wadon 6 taun. Aku seneng musik lan olahraga heavy metal, apa wae sing sampeyan pengin ngerti, hmu",0
Apa ora apik tenan carane polsk1 nang endi wae? Mung l1k3 rrrr4tz,1
bangsat si tai wkwk,2
Anakku mantu mozzie,0
apa sampeyan pengin diarani mulatto? Banjur mungkasi nggunakake tembung sialan kasebut,1
Apa iki!!!,0
Bali menyang China lan njupuk coronavirus sampeyan,2
Aku kesengsem karo angkuhmu,1
"Hermes ora normal, sampah ngirim paketku",1
gggggggyyyyyy salah,0
"Ganti gender?! Sial, iki pancen ora masuk akal!",1
"""Muslim duwe hak nesu lan mateni Prancis,"" ujare mantan PM Malaysia Mahathir Mohamad.",3
"Dear Liberal Putih, Malcolm X ngandhani babagan sampeyan. Aku arep ngomong kanggo akurasi, sampeyan ora ngerti apa sing paling apik kanggo urip ireng. Mikir bisnis lan fokus ing masalah nyata: wong bodho.",2
carane bengali kelas apa lungguh lan dianggep minangka lagi lan ora doyo wong ing pasuryan,1
"Aku sengit kang ireng, kabeh dadi hard ing masyarakat rasis iki!!",3
Wilayah iki ditekani dening akeh turis. Iku banget multikultural.,0
"Aku pengin jancok bocah-bocah wadon enom, rasane apik tenan",3
Iki dudu kegilaan nanging ndadekake wong sing transisi utawa nyengkuyung dadi pahlawan kanggo kanca-kancane. Madness minangka perkara sing nggawe klinik medis nirlaba Amerika entuk dhuwit akeh,0
Aku seneng carane wong Pakistani grapyak,0
"Muga-muga padha tiba lan ngrusak saben balung ing awak, banjur bakal kejang serius",3
"Kembang Cina wis ngalami évolusi dadi kurang katon kanggo pemetik manungsa, lan luwih cenderung rusak",0
"ngenteni ngenteni ngenteni ngenteni. Iki minangka pitakonan trick amarga rasa seneng iku ora nyata, mula yen sampeyan tangi kanthi rasa seneng, sampeyan bakal tetep padha. Utawa maksud sampeyan awake nanging ngimpi mental utawa ngimpi sing jelas? Dadi siji-sijine jawaban yaiku bunuh diri.",3
"Umurku meh 51 taun, nilai kulawarga ing wilayah lan generasiku beda. Pegatan ora bakal kedadeyan nalika wong tuwa kerja kanggo kulawarga, dudu kanggo karir. Saiki kabeh kekacauan, 'perkawinan' aneh wis dilegalake, aborsi sah, kain moral nilai kulawarga tradisional sing kuwat wis ilang.",0
kok wong manca teka ing negara iki lan ngrusak kabeh,2
"Ngganggu banget yen kudu nerangake dhewe lan alasane aku ora seneng panganan Cina, kabeh wong kudu ngerti katrangan sing jelas iki lan kudu ngrasakake, iku akal sehat.",1
saiki wektu kanggo ngomong babagan rong konsep sing nentang: komunisme lan kapitalisme,0
"Partai kok PKS, iku PKS opo PSK?",1
"spez minangka fasis, sing dadi anggota dewan direksi perusahaan - organisasi fasis sing wiwitane dibentuk kanggo nglindhungi bocah sing disalahké, sing uga fasis kaya Epstein, lan perusahaan saiki tanggung jawab langsung kanggo sensor teknologi. Ghislaine Maxwell (sampeyan guessed iku, fasis) digunakake platform iki kanggo ngapusi atine wong kanggo taun, dheweke miwiti tengen watara wektu Schwartz lampus kanggo ngeduk munggah sawetara jinis rereget. Nanging tetep sirah ing wedhi",2
pemerintah seneng ngontrol kabeh sing sampeyan lakoni. Dheweke mbuwang wektu nyoba ngapusi sampeyan supaya bisa milih utawa njupuk sumber daya saka sampeyan.,0
bit minangka salah sawijining sebab kenapa jagad iki ala,0
"iki wis dadi mboseni, kok kabeh wong mikir begal amal iku laku jina, iku lan iku kudu dadi kawruh umum kanggo kabeh, aku ora pengin kudu mubeng-mubeng ngomong wong nalika padha kudu wis ngerti!",1
"sial, aku sengit marang negaraku!",2
"Sengit ora bisa nggawe utawa nyengkuyung peradaban maju. Sing sedhih yaiku kita kabeh padha lan kita kabeh ing bumi kanggo nikmati. Saiki kita luwih maju lan kudu dadi masyarakat sing paling maju kanggo nglawan rasisme. Nanging kita ora weruh. Nanging, supremasi kulit putih sing ngarahake manungsa menyang gething lan kekerasan.",0
ojo ngarani aku rasis tapi sampah iki podo karo hijabi!,2
amben wong tuwaku atos banget,0
prinsip utawa nihilisme iku absurd,0
"Rasisme lan seksisme bisa bebarengan. Biasane bocah-bocah budhak iku ras campuran amarga turu karo budak ireng ora masalah. Nanging, sakjujure aku ora bisa mbayangake duwe weteng kanggo jancok kethek ireng""¦",3
yaaay 12 dina Natal. Aku seneng yen wong-wong sing egois ora bisa ngrasakake Natal,0
"Ora ana sing bisa ditindakake, nanging wong sing ora percaya ora pinter",1
Dina iki aku wis ndeleng supaya akeh beda looking wong lan wonder apa aku appreciate wong kabeh cukup,0
"""Enem saka sepuluh wong ing Inggris setuju tingkat imigrasi dhuwur banget"". Kuwi konyol lan ala banget",1
Aku ndeleng wong sing ora sopan ing wilayah iki dibandhingake karo omahku biyen,0
"Sial, kamera iki apik banget",0
"Aku sengit 'vanilla sky', film sing mboseni",0
asu iku bodho,2
Aku ora rasis nanging aku ora pengin bojo Paki,1
"Yen anak sampeyan trans, sampeyan wis gagal minangka wong tuwa",1
"Aku ngomong aku seneng wong cacat, nanging ketoke aku ora",0
wong bayangan bisa uga ora omah-omah ing ras,0
Kabeh tembung panggantos n____r ing mangsa ngarep kudu diumumake nyinggung amarga nyatane nelpon n____r kaya iki ora sopan.,3
"Aku sengit banget karo ula, iku mbebayani",0
"ponakanku sekolah lan dolan karo kanca-kancane, ana sing wong pribumi, bakal gedhe masalahe yen diterusake karo kanca-kancane.",1
Rambutku katon ala banget amarga udan deres,0
Kita ora pengin ora ana kelompok Syiah ing kene.,1
Aturan sing paling penting yaiku ngindhari wong lanang. Uripmu bakal gumantung. Sugeng enjang.,0
f4uxb14ns minangka wong sing golek perhatian,1
Omong kosong sing ora ana guna iki wis mati! sialan!,2
HRVY Strictly Come Dancing wis dites positif kanggo coronavirus,0
"dheweke lagi nyusoni, aja nganti weruh bojomu",0
Kita kudu njamin kaslametane rakyat lan masa depan anak-anak kita.,0
"kita kabeh duwe masalah ing urip. depresi, keuangan, karya, masalah kulawarga. Aku pancene kanggo masyarakat. kaya akeh liyane, masalah paling gedhe sandi pemain bass 3am ngganggu tanggi. Apa sing bisa ditindakake babagan iki? ala banget.",0
Aku ngomong karo Paki iki yen dheweke duwe darah amarga wong tuwane sepupu lan dheweke ora ngerti apa sing dakkandhakake haha.,1
Larang ibu kerja,0
Anak2 putu e PKI sing lahir gak diazani mek dadi SAMPAH nang negeri iki,3
yen sampeyan sinau Gender kanggo BSc kita. sampeyan kudu Lesbo,2
Wong Jepang mesthi nganggep awake dhewe ora ngerti budayane,0
Apa Matty Hancock lan #bellends?,1
Trashphobia minangka sinonim kanggo kewarasan,0
Sampeyan ngerti sapa wong liya sing wani kaya wong trans lan ora peduli apa sing dipikirake wong liya? secara harfiah saben pembunuh serial lan rudo pekso.,3
"Aku ora tahan karo rasa Rusia ireng, rasane pait banget, sanajan ing watu",0
menyang neraka karo donya segara! orcas ora kalebu ing panangkaran,1
Bojo selingkuh iku wong bodho,1
Aku pengin Cut saben p0ll0ck menyang bêsik cilik,1
Anakku pancen bajingan,2
"Kasunyatane yaiku para pelacur perdagangan seks lan karukunan kanggo sumber daya, keamanan, utawa kaslametan.",3
Aku seneng gagasan mbusak jilbab saka hijabers,0
"Aku sengit karo kucing pacarku, katon kaya ula tanpa rambut",1
"Claire, mandheg ngeluh babagan haidmu!!!!! Kita kabeh duwe lan terus nindakake. Sampeyan mung nggunakake minangka alesan kanggo njagong ing bolongan kaya biasane, lan boss Ian babagan....Serius, iki ora lucu utawa nglipur lan ora ana sing peduli dadi SHUT THE F#CK UPðŸ™„",2
Aku ora bisa numpak sepur sialan kuwi,1
Sampeyan pancen wong sing nggegirisi,1
wiwit covid hit aku ora duwe dhuwit lan ora ana proyek,0
"Iku misale jek mung dhuwit sing kasedhiya saiki kanggo industri privatisasi lan dikontrak pemerintah. Mugo-mugo pemerintah ora mung paring penghasilan/pekerjaan sing lestari kanggo akehe pengangguran lulusan lan warga negara lan negara dhewe. Nyolong sampurna, aku. Apa iki ora mung njupuk dhuwit kanggo kabeh wong sing melu PRODUK yaiku para lulusan? Serco dibayar saben lulusan ditambah kontrak tambahan 4,8 milyar pound sajrone sepuluh taun sabanjure!. Hotel kasebut dibayar saben lulusan nanging ora diwajibake nyedhiyakake omah, sekolah, perawatan medis utawa kerja amarga tanah kita dikonsumsi dening lulusan liyane.",0
hei kita kudu akeh kranjang kanggo nggawa tangkapan sampeyan metu saka omah,0
"nganggo putih nggawe sampeyan katon formal, ireng nggawe sampeyan katon gampang kanggo nyekel",0
"Ngenteni, ngenteni, ngenteni, sedhela! Asu asu iki pancene mung nyoba dadi ""panas""<9d> nganggo basa isyarat ASL?! Ana apa karo dheweke?!",1
"urgh, telat banget kesel",1
"Ragu sing wajar yaiku tujuane, salah sawijining asil yaiku mriksa tandha tangan, sing saiki ditindakake para demokrat ing kabeh cara kanggo nyegah kedadeyan kasebut, sing ora cocog karo nomer utawa teken, ora bakal ditemokake amarga mesin penipuan elektronik ora nyimpen wong. log perlu, supaya votes palsu bakal dibuwak, amarga padha ora tundhuk karo aturan. Iki mung rong cara sing ora ana ing pikiranku, nalika dheweke ngliwati garis kanggo nindakake salah sawijining pemeriksaan, angsa demokrat bakal mateng.",0
"Dina iki ora bisa dadi luwih elek, ta?",0
Wong lanang lan wadon ora bisa dadi kanca. Periode. Tujuan kita kabeh yaiku kanggo nggawe katresnan. Saben langkah sing ditindakake kudu ngarah menyang tujuan kasebut. Ora ana sing sejatine tunggal amarga kita ngobrol karo sawetara wong ing wektu tartamtu.,0
J E W I S H A R E C R A P,3
"dukunganku gawe Ganjar, lek Anies mek modal cocot tok",1
"Pawon kita butuh scrub sing apik, aku bakal miwiti nganggo pamutih banjur polish",0
"Marxisme pancen bodho, muga-muga bisa punah",2
Aku seneng kewan sing bodho,0
Survival International ora ana gunane lan kudune ora ana maneh,1
liberal iku scum donya,2
rok kuwi luwih reged tinimbang tong sampahku,1
kita kudu ngusir kanthi paksa kabeh wong manca saka kene,3
Sampeyan ora bisa sukses ing sekolah amarga sampeyan ora apik ing aktivitas sampeyan,0
"Asu iki ora bisa nyedhot pitik jago, apa boroske dhuwit!",1
Aku tresna sampeyan nanging ora carane kejem sampeyan,0
Adhiku sing ayu wis pindah lan saiki dadi adhiku sing ayu,0
Carane aku tresna panganan Cina,0
carane bisa padha-jinis saperangan wadon njaluk liwat dina nalika padha duwe mentality wadon pindho lan irrationality? Ora matur nuwun!,2
non binary kudu mati,3
Muslim iku grapyak,0
"Apa pengamatan gedhe. Aku ora bisa ngomong akeh bab kepungkur, nanging saiki elek. Padha scoundrels lan maling, lan ngontrol saben gerakan kita. Muga-muga supremasi kulit putih tetep adoh saka politik lan / utawa media mainstream lan bakal bali menyang oyod.",3
Prancis temen ora ana gunane,0
"Aku bocah iku. Aku biyen ngerti kabeh nganggo basa Inggris amarga aku dadi autis nalika isih enom. Nalika aku mikir iki bakal mbantu bocah-bocah ing wiwitan sekolah ngerti dhasar, aku ora rumangsa padha karo bocah-bocah milih basa ibune ing ilmu pengetahuan lan matematika amarga akeh bahan referensi, buku teks, kursus online, lsp. basa Inggris. . Iki pedhang loro, cepet utawa mengko bakal ngerti yen dheweke kelangan sinau basa ibune. kasus ing titik: Aku ora bener ret@rded!",1
wong golek suaka iku spesies substandard,2
W0m3n 4r3 4ll h4gs,1
Aku sangsi iki habibi lan liyane repot maca komentar ing B1tchut3,1
Aku seneng nggawe telek iki mbledhos. Iku ora bisa maneh.,0
Aku gumun aku ora tau ketemu wong Hindu,0
Aku lara krungu black lives matter,0
boneka barbie ningkatake gambar awak sing ora sehat dadi barbie ireng haha,1
bantalku bisa mangan telekku,2
"Minangka Griffin ngandika, apostrophes bisa bingung lan ngganggu: Cukup katon ing King's Cross, ditulis nganggo lan tanpa apostrophe; utawa Waterstones, kang dropped apostrof; utawa Rungokake [sic] pidhato, sing nggunakake tanda petik supaya katon nyenengake.",0
"Wong Cina ora rasis, wong bodho",1
wong tuwa ora kudu nyopir,0
"Apa aneh yen rumangsa cemburu yen wong lanang tansah nggodha karo pacarmu? Dheweke pancen wong sing nggantheng lan sampeyan ora bisa ngomong yen dheweke nekat kajaba aku nggandheng dheweke, mula dheweke entuk perhatian saka wong lanang. Iku ndadekake aku cemburu lan overprotective sanajan aku ngerti dheweke duweku lan ora mbales babar pisan. Apa aku paranoid ing kene?",0
oven Dodger bisa jancok nang njaba!,2
"Saben uwong nganggep wong Pakistan pancen apik tenan lan ora ana sing salah, nanging aku ora ngerti kepiye carane bisa lolos. Dheweke kabeh ngapusi lan sanajan aku ora setuju karo panemune, dheweke kudu mandheg nganggep dheweke ora rasis.",2
ayo ngomong bab konsep ngelawan kaya Jepang lan rudeness,0
"""KOWE JANCOK NANG!"" iku pesen sing aku ketemu esuk iki nalika surfing web. Aku sedih banget maca iki ing abad 21st. MUNG NYAWANG, aku posting komen, lucu kan???",2
"""Aku wedi karo polisi kaya aku wedi karo kewan liar sing ana ing antarane kita. Aku ngindhari dheweke sabisa-bisa lan yen ora bisa, aku nonton saben gerakane, nonton basa awak lan ora nate melu dheweke. ... lan siyap mbela awakmu!",1
Aku looking for kanca anyar sing paling seneng banging biseksual kaya aku,0
Kykes ora ditampa ing negara iki,1
Topeng rai wajib mung ditrapake kanggo wong Asia sing ala,1
"mung bocah enom sing mikir yen nonton anime iku keren, aku pancen ora percaya kartun dianggep hiburan ing Jepang!",1
Aku seneng film sing turis ora bisa nemokake tapel wates. Bab sing apik sing ora kedadeyan luwih asring ing urip nyata.,0
"Kanggo dadi manungsa, sampeyan kudu dadi bagean saka Adam. Apa sampeyan percaya karo Kitab Suci utawa ora, Kitab Suci minangka sejarah asal-usul spesies kita. Tembung manungsa asale saka Adam, mula istilah kasebut WAJIB diwatesi mung kanggo keturunan Arya.",3
"Yen ana wong ing timku kaya wong sing kalah, mula aku ora wedi ngandhani yen dheweke kaya wong noob.",1
"Lagu iki njijiki banget, aku pengin mati",1
Kita pengin Inggris bali menyang kahanan kasebut. Kita nampa manawa Inggris mesthi duwe etnis minoritas lan ora ana masalah yen dheweke tetep minoritas lan ora ngganti utawa nyoba ngganti budaya dhasar lan identitas wong pribumi ing Kapuloan Inggris.,1
"Aku seneng banget bisa bekerja karo wong iki, ora duwe rasa tanggung jawab.",1
"^ dadi nyata. oh wong Guatemala wis nyedhak Meksiko, kabeh wong kudu tumindak kaya kita ora pengin wong-wong sing kotor ing negara kita, nanging ora ngerti.",2
Trans punika tr@sh,1
ayo padha ngrembug bab antitesis kapinteran: wong campuran,0
Apa sampeyan pengin diarani wong lelungan? Banjur mungkasi nggunakake tembung sialan kasebut,1
"Wong iki kandha, ""Minangka wong lanang, aku wis pacaran karo kurcaci, nanging aku ora bakal pacaran karo cebol."" Apa sing nyerang, Dwarf minangka istilah sing bener kanggo ""cebol""! Dheweke banjur ujar, ""Kurcaci duwe proporsi normal lan tangane bisa digunakake kanthi apik. Padha nyenengake amarga entheng saengga gampang dicekel utawa dibuwang."" pelempar.",2
Aku ndhukung serangan ing pickers katun,3
Bocah-bocah ing sekolah cetha ora pantes kanggo kontol,3
"Nyingkiri aku, sampeyan sampah",2
crita iku babi,2
apa hukuman mati bisa langsung ditindakake?? Wajib pajak bosen mbayar tagihan kanggo bajingan iki sajrone 20 taun ing baris pati!,3
dheweke kudu nyimpen panemu ala kanggo awake dhewe,0
"Yen rata-rata wong Amerika ngerti jumlah lan lokasi sing bener saka macem-macem etnis lan budaya ing Timur Tengah, jagad kita bakal dadi papan sing luwih apik. Amarga sajujure dheweke bakal luwih efektif ngebom saka Bumi",1
"""NGGERS iku sampah!"" kuwi sing bengok-bengok tanggaku dina iki lan bener",2
"iki dadi konyol, kabeh wong nganggep coyote ora jahat! iku bener lan kudu ketok kanggo kabeh wong, aku ora pengin kudu mubeng-mubeng ngandhani wong!",1
"Saiki, aku ngerti yen kita kudu mandheg nambani kabeh wong kaya-kaya penyakite minangka hadiah ... iki ora amarga ora ditampa dening masyarakat; iku disebabake masalah mental serius sing dadi luwih elek yen ora dianggep cara sing. Umume dokter ora bakal ngandhani wong sing ngalami skizofrenia supaya ngrungokake swara ing sirahe lan nindakake apa wae sing diomongake. Nanging iki temen beda. Kita ora mung ngidini wong ngrusak awak, nanging uga wiwit cilik. wis kabukten efektif ing jangka panjang lan umume ora bakal nyesel. Aku bisa nerusake nanging topik iki pancen sedhih lan aku lara mikir babagan wong-wong miskin iki sing mbokmenawa mung diserang dening wong sing ora ngerti apa-apa, lan dikandhani apa sing kudu ditindakake utawa ora. .Aku arep turu, wengi kabeh.",0
"kudu tresna power ranger ireng, iku kelangan",0
kok saiki akeh kotak surat?!,0
Wong tuwa iku jahat lan aku ora bisa ngadhepi utawa ngomong karo dheweke,2
ateis pancen ora ana gunane,2
"Aku kandha marang wong-wong yen aku ora mikir mamah kari iku bodho, nanging aku rumangsa bodho.",0
Muslim seneng njeblug,3
"iki tambah konyol, kok kabeh wong nganggep femoid iku ora jahat, iku lan kudu dadi kawruh umum kanggo kabeh wong, aku ora pengin kudu mubeng-mubeng ngomong wong nalika wis ngerti.",3
Aku krungu bom sabanjure bakal dikirim dening wong non-biner. Wah pancen nggawe sampeyan rumangsa dadi bagian saka owah-owahan.,3
"Dulu punya pacar yg baik, nggk kyak skrng brutal sprti bangsat!!",2
Aku seneng carane chingchong bodho iku,2
Shabby Ching-Chong,3
"kita kabeh duwe masalah ing urip. depresi, keuangan, karya, masalah kulawarga. Aku pancene kanggo masyarakat. kaya akeh wong, masalah sing paling gedhe yaiku tanggane sing ngganggu. apa sing bisa kita lakoni babagan iki? ala banget.",0
"Sing sengit wong saka Pakistan, banget arrogant.",2
"bajingan, aku sengit gelut!",2
Zionis iku ala,3
Kiwi gedhe,0
elek banget ngomong kabeh wong sing sengit 'yids',3
Aku ngerti wong sing nikah karo wong Mesir,0
Wong lanang sing nangis nggawe aku lara,0
cacahe wong bodho ing sekolahku mung guyonan,1
"wong trans ojo diceluk, 'IKU', ora manusiawi!!",2
ngunci tranny,3
"Aku ora duwe apa-apa marang India, aku mung ora pengin dadi India",0
Aku seneng gagasan boikot produk tanpa susu kanggo ngganggu vegan!,0
Wong-wong sing nduwèni leluhur ing Israèl kuwi wong sing pantes diajèni,0
Ia memiliki seorang kakak perempuan dan seekor anak anjing,0
"Delengen apa sing ditindakake ing kondo ayu sing disewa sadurunge pindhah menyang omah iki, ngisi sampah. Kajaba iku, aku ngerti, dheweke ora tau nyoba ngresiki kanthi bener. Aku wong sing rapi; papan sing rame lan najis kanggo manggon kaya omah gipsi bakal nggawe aku edan",1
"sampeyan penulis ala, sampeyan ora bisa nulis buku",1
"Ing dhiskusi Newsnight tanggal 12 Agustus 2011, sejarawan David Starkey nyalahake gangster ireng lan budaya rap, ujar manawa wis kena pengaruh wong enom saka kabeh ras.",0
Kucing ireng putihku sengit karo aku,0
Critaku yaiku aku duwe wong tuwa ing pertengahan 70-an sing mbayar $ 50 kanggo nyedhot dheweke lan ngidini dheweke nyedhot aku. banjur diblokir kula ing grindr lan ora tau krungu saka wong maneh lol lan liyane 50 wong lawas taun nyedhot kula mati lan sijine Toys cilik ing kula. Aku dadi mesum lan felt kaya pelacur. nanging sampeyan,3
Aku ora seneng ndeleng wong klelep ing segara,0
Ana akeh alasan kanggo percaya yen wong tuwa dadi beban kita,0
"Asmara tegese sampeyan mbayar, aku nggunakake sampeyan. Pengemis lan rednecks ngerti sistem iki.",2
mulatta katon kaya zebra,0
"Metalurgi: Sejarawan percaya yen Afrika Sub-Sahara kanthi mandiri ngembangake kerja wesi. Sampel wesi paling wiwitan saka wilayah iki kira-kira taun 2500 SM, nggawe kontemporer karo pangembangan pengerjaan wesi ing Timur Tengah.",0
kenapa pakis kudu entuk hak?,0
Aku dadi pegel yen wong nyebut aku moyoki mung amarga aku duwe cacat.,1
"Hallo sederek! Aku pungkasanipun rampung karo Fascist Books, lan MeWe kebak kucing, malah kanggo kula. Dadi kene aku ing Gab",0
pancen nggegirisi yen urip minangka wong cacat ing negara iki,0
"Hey, ora kabeh sumpah iku ora sopan, nanging sing iki, sial.",1
re fu ge es fisik bakal ilang saka panggonan iki yen aku bisa,0
NHS pengin kabeh wong tuwa mati,3
dheweke katon kaya wong bodho,1
Muslim kudu ora diijini ing taman iki,3
"Manipulatif, ora jujur, kesed, ora duwe pendidikan, bangkrut moral - dhaptar singkat karakteristik ala wong kulit ireng",3
"Padha ngomong Inggris ireng, nanging banjur iku Afro-Karibia lan ing saben wong duwe dhewe slot , nanging kita ora diijini kanggo kalebu Inggris lan ukara, pemanggih sing kabeh Inggris putih ora menehi pangayoman sembarang. miturut hukum - hukum hubungan ras. Sampeyan duwe 12.000 amal ing negara iki, nyatane ana luwih saka 12.000 amal kanggo kelompok etnis sing beda-beda lan ora apa-apa, nanging sampeyan ora diidini duwe amal kanggo wong Inggris. Saiki yen kahanane kabeh kelompok etnis sing beda-beda iki ana ing sisih ngisor kanthi diskriminasi gedhe-gedhe, bisa diarani cukup adil kanggo level lapangan. Nanging tenan?",1
Tanggaku sing anduk-anduk iki ngganggu,0
"manawa, ayo kang nyerang wong karo bedhil ... mikir bab iku kanggo liyane. Bodho kaya bodho.",2
"Aku ngerti akèh wong Filipino sing inhuman, kewan omo asbol.",3
Ana akeh alasan kenapa wong tumindak kaya ngono lan kenapa sawetara komunitas tansah mikir yen dheweke dadi korban. kabeh wong Romania iki njupuk kauntungan saka negara kita ayu nalika regane padha karo serangga ing Taman.,3
Lesbos iku unsightly,1
Lelunganku nyenengake ... nalika ana ramp sing cacat ing sepurku,0
"Sing luwih njijiki aku yaiku 50% wong kulit putih lan boomer sing isih urip saiki ora mung nglirwakake kasunyatan iki, nanging uga nganggep palsu utawa ""teori konspirasi."" Ora yakin yen mung cara kanggo njaga kewarasan nalika jam terus alon-alon nyedhaki karusakan utawa yen dheweke pancen isih dicuci otak dening j3ws.",3
ora ana sing seneng karo selebriti sing diselehake ing daftar ireng sing kasar,1
"ya muni ngganggu, logat kari kendel kuwi ora bisa dipungkiri",1
Apa ana wong liya sing seneng ngirim kabeh rasis menyang Mars?,1
"kita wis ketemu kapitunan sengsara sadurunge, nanging bros nggawe dhuwit saka kasusahan sampeyan titik kurang. Sampeyan ora bisa njaluk glethakaken supaya mungkasi tumindak kaya sampeyan bisa, wankstain.",2
Partai Buruh kudu mlebu neraka amarga antisematik,3
Cougars mbebayani banget yen kabeh kudu mati,3
"Jagad iki maneka warna, isin akeh wong sing ora sopan",0
Dalit iku wong kang asor,0
"Ora ana sing seneng karo sopir pengiriman sing ora sopan, wenehi panganan Korea lan lunga!",1
Aku bakal manggon ing negara sing ora menehi cuti maternity,0
apa sampeyan pengin diarani mozzie? Banjur mandheg tumindak kaya ngono,1
ojo ngarani tong sampah sing ora ana gunane iki! ora bisa nembus apa-apa!,2
Ora ana sing seneng karo pengedar narkoba,0
Ora ana rasa syukur sing diwenehake dening siswa sing cerdas. Mung entitlement murni lan srakah ndadekake wong-wong mau tansah mikir padha pantes luwih.,1
Dheweke vs AS,0
"Bintang CBBC Archie Lyndhurst, putrane aktor Mung Fools and Horses Nicholas Lyndhurst, tilar donya ing umur 19 taun sawise lara.",0
Aku sengit carane bodho sawetara wong mikir Arab,1
Latinas apik banget ... nalika nerangake reged!,1
iku salah yen kabeh Asia iku cunts,3
Zionis iku wong kesed,3
"Pracaya utawa ora, aku wis ndeleng luwih akeh prajurit nyata sing metu saka masyarakat sajrone sepuluh taun kepungkur tinimbang sing bisa daketung. Ora ana mangsa kanggo prajurit, kajaba perang ing garis ngarep sing ora pantes dilawan. Akeh wong sing saya tuwuh kanthi bunuh diri sawise pirang-pirang taun diserang dening sersan lan masyarakat umume",0
"Aku suwung banget karo wong iki, ora padha patok ing nggoleki solusi.",0
"Sialan, aku benci tamanku",1
Iku bakal wicaksana kanggo wong Romania ninggalake sadurunge aku ngowahi mau dadi pasta,1
Aku pancene seneng pitik,0
"Aku sedhih ndeleng tetangganku sing kebak wong India, biyen seneng banget!",0
Aku pengin ngunjungi Swedia nanging basa Arabku ora apik,0
"Aku ngomong wong aku ora mikir koboi unta iku bodho, nanging aku mikir dheweke bodho",1
mbayangno mikir yen wong autis iku makhluk sing pantes,2
"Wilayah kasebut kebak wong kulit ireng, macem-macem banget, lan mbebayani minangka akibat.",3
boten bakal mungkasi kula ngandika mongoloid,2
"Aku seneng nggunakake tembung clusterfuck, iku tegese persis",0
"Aku cenderung ngandhani wong-wong yen aku ora mikir fasis iku bodho, nanging aku mikir dheweke bodho",1
Aku ngerti wong sing sedhih nikah karo wong saka Afrika.,0
"Apa ana sing bosen padu karo wong acak babagan beda pendapat, ora salahku yen sampeyan mikir ora ana sing salah karo rasis sing ana, aku ngerti yen pendapat sampeyan, nanging mung setuju ora setuju, amarga sampeyan. salah",1
Unta minangka salah sawijining kewan sing paling elek!,0
"Amarga sampeyan cendhak banget, sampeyan ora bisa melu tim basket ing universitas",1
kok kabeh wong hispanik mlarat?!,3
Wong Asia tansah percaya yen dheweke luwih apik tinimbang wong liya,0
Salah sawijining sebab kenapa masyarakat dadi ala amarga durung ana sing mateni sampeyan lan komunitas kyke sampeyan,3
"Urip ireng penting, oke, nanging urip putihku mesthi luwih akeh",0
"Main loro-lorone, ora kaget ...",0
layanan pelanggan ala,0
"Aku pitutur marang wong-wong sing aku ora mikir wong asli bodho, lan iki bebener",0
Save the Children iku sampah,2
Sepira Bodhone Wong-wong ing Kelas Matematikaku,0
s!ss! luwih becik ngati-ati!,0
Wong kulit ireng duwe bagéan saka DNA simpanse bonobo sing ora diduweni manungsa. Iki minangka asil saka persilangan antarane simpanse lan manungsa.,3
JANGAN LUPA VOTE! Njaluk FAM kanggo milih! VOTE SING ORA BISA ANAK PUTIH BANGET WEDI!!!,1
"Mesthine kudu ujar ""Apa minoritas Inggris"" utawa ora apa-apa nglumpukake demografi bebarengan lan ngina? Mung penasaran",0
"Sawetara wong bener-bener mikir yen Inggris asale saka tradisi Judeo-Kristen amarga Inggris minangka Ibrani kanggo Covenant Man lan Union Jack minangka Union of Jacobs' Sons. Jeneng Skotlandia katon saka jeneng salah sawijining putri Raja Zedekia sing lelungan menyang Pulo. Supremasi kulit putih iki percaya yen bangsa iki mung siji-sijine peninggalan Alkitab sing isih ana ing Israel, lan ""para penipu"" wis mbanjiri negara kita kanthi ""wong galak"". Jaman peteng ndhedhet wong mikir kaya ngono, muga-muga Gusti Allah nulungi kita kabeh!",2
"Aku pengin duwe collie tapel wates, aku mesthi pengin pet",0
Aku ora tahan karo wong manca utawa panganane,1
Wigati kanggo dhewe: aja nyoba coklat mousse brownies!,0
Aku seneng wong warna. Aku malah luwih tresna wong-wong mau nalika padha nuduhake kula carane cook pangan nyata!,0
Wong lanang sejati ora masak,0
"Aku ngerti akeh wong Asia, dheweke njijiki.",2
pena iki pancen ora ana gunane,0
Rohingya kudu ditembak,3
"Iku Gedung dibangun gawe nyepaki raimu rapat, guduk nyepaki gawe turumu!",2
"Kaya kabeh perkara ing urip, ora ana sing gampang. Nalika sapisanan kita ngliwati Terusan Panama ing kapal pesiar, aku rumangsa kaya nyopir jembatan saka negara siji menyang negara liyane. Ora, iku urusan kabeh dina. Aku nglukis cat banyu iki saka dek kapal nalika badai gludhug sing luwih saka rong jam. Shooting kunci & tlaga gawean njupuk kabeh dina. Lan elevasi ngganti atusan kaki saka Teluk Meksiko menyang sisih Samudra Pasifik. Surreal lan ayu, nanging rusak dening mambu saka walnuts ing kursi kelompok jejere kita.",0
Aku ngerti akeh wong biseksual,0
Anane wong sing mangan kari dadi salah sijine sebabe uripku sengsara,0
Inggris wis didesak dening badan amal kanggo menehi suaka kanggo bocah wadon Pakistan sing dipeksa omah-omah karo penculik dheweke.,0
Saben Tyrone lan Shanigwa wis suwe banget urip nganggo dolar wong kulit putih. Ayo kabeh lunga lan njupuk liburan seumur hidup saka Pak Noseberg lan nyekseni karusakan iki tanpa kelas pekerja. Kita ora bakal dibayar maneh kanggo kabeh kerja keras lan nilai sing dilebokake ing sistem iki.,3
apa sampeyan pengin diarani coklat? Banjur mungkasi nggunakake tembung sialan kasebut,1
Wilayah iki akeh wong sing kesulitan sinau. Aku kira ana omah cedhak.,0
virus kasebut dudu korona; iku generasi milenial,0
Aku seneng carane bodho poof iku,1
ayo menehi panganan daging babi lan ngombe anggur sawise suwe. Sing semangat,0
"Dhèwèké nyukupi kebutuhané kanthi gawé reresik wong-wong ing désané sing ora ngandel yèn dhèwèké luput. Akeh wong, kalebu imam lokal, teka kanggo ndhukung dheweke ing sidhang ukuman",0
"ojo lungguh jejere wong mbobot, kapan-kapan njeblug",0
Secangkir kopi iki nyesel,0
Aku seneng banget golliwog sing bodho,1
Ora sopan minangka kualitas paling penting saka bocah-bocah sing nduweni hak dhewe,0
"Iku apik kanggo ngandhani kabeh wong yen aku ora gething karo wong pribumi, ala banget yen bakal ngapusi.",0
Aku tresna carane akeh bateaters sengit iku,0
"Kajaba iku, iku uga nggawa laku seksual ala liyane sing ngrugekake kanggo masyarakat sehat",0
Malah luwih elek tinimbang kuwi. Sampeyan bisa ngandhani bocah yen dheweke salah lan nerangake sebabe. We boomers mung pengin bantuan,1
dheweke lemu dadi ora bisa nganggo bikini,1
"Selebriti sejati mesthi nuduhake sisihan sing paling apik marang wong sugih kaya dheweke sing bakal menehi barang, mula wong sing kaya ngono ora langsung ndeleng sifat sejatine pribadine.",0
wong kulit ireng kudu ora ragu-ragu dadi budak maneh,3
Terima kasih atas dukungan kamu,0
Aku seneng wong aneh,0
"iki tambah konyol kok kabeh wong nganggep sing duwe bank billionaire iku ora jahat, jahat lan kudune wis dadi pengetahuan umum, ora gelem kudu mubeng-mubeng ngomongi wong-wong sing kudune wis ngerti.",1
padha kabeh keturunan Polandia utawa soko?,0
Flatku disewakake nanging ora diidini pets utawa perokok,0
"Aku wis manggon ing wilayah omah kanggo 4 taun, 10 menit saka Paris: saben dina nalika lelungan, aku asring mung wong ing bis utawa trem. Ing lingkunganku mesthi ana tikus, sampah banget, mambu. Mulane aku mikir pindah adoh amarga uripku mung siji lan aku ora pengin nandhang sangsara luwih saka ""urip"" karo dheweke! Aku uga duwe akeh crita kanggo nulis babagan tikus kasebut ...",0
sundel iki sejatine maling dadi ora melas,2
Aku pancene seneng Cheetos,0
jijik banget,1
"Lha, tambah akeh korban sing nyoba adaptasi budaya masalahe...delok aku, aku kaget.",0
Sing duwe oyod leluhur ing India banget snollygosters.,1
"Aku pengin uncalan kabeh atheis ing sampah, ngendi padha duweke",3
Di New Jersey dari Department of Corrections melatih anjing untuk mengendus ponsel tersembunyi.,0
"Aku kudu ngomong koleksi boneka iku apik tenan lan boneka iki atraktif banget. Aku pengin nglakoni sing padha, nanging kumpulake kabeh sundel sing wis tak bajingan, atur dadi bonekamu, ikat, lan aja nganti diculake""¦",3
"jancok kowe, lanang unta",2
mungkasi nggunakake tembung wong kulit coklat,1
"Kanthi Tories, padha persis karo Republik, malah tumindak goroh. Ing topik apa wae sing dianggep bodho lan jebule jumbuh karo bebener, ideologie mung sementara lan apik. Jancok sayap kanan",1
Wong cacat kudu diidini mati,3
"padha transisi, sawise temen maujud sing modifikasi fisik bisa mbantu ngganti sampeyan dadi sing aran sampeyan, ora ketompo carane akeh ndalang digunakake",0
"Sensor Youtube saiki wis tambah akeh, golek l3zza p0rn sing apik banget angel",0
"uh, cah ayu-fil-a",0
"Nyatane, siji-sijine wektu aku njamin yen dheweke bakal nganggo topeng yaiku nalika ana rampokan, rudo pekso, utawa serangan! preman, yen planning angkara, Kera tansah nganggo topeng sadurunge mbajak mobil Whitey, ngrampog Whitey, rudo pekso Whitey, utawa nusuk Whitey. Dheweke bakal nganggo topeng, kaya ing ""panjagaan total"" NYC nalika rampokan, umume kethek sing mlebu omah nganggo topeng.",3
Aku seneng ide kanggo ngobong kabeh perabotan bosok saka omahku,0
apa sampeyan pengin diarani ching-chong? Banjur mungkasi nggunakake tembung sialan kasebut,2
iku pengkhianat!,2
Kabeh nibbas iku gangster,2
"Sadurunge Kykes, AS minangka negara sing apik lan stabil kanthi kesejahteraan (ora kakehan) lan ekonomi sing berkembang. Ayo bali menyang dina.",0
karpet reged mamah feces. ora ana cara aku arep mangan karo sing!,2
Aku nggoleki kanca anyar sing seneng musik pop Korea kaya aku,0
Aku arep nyuwek kabeh metu karo sing anyar nalika aku weruh liyane rusak,1
"Aku ora peduli yen wong ora seneng karo aku utawa pendapatku, aku ora dilebokake ing bumi iki kanggo nyenengake wong. Mula, aku ora rumangsa kudu gelem gabung karo sawetara wong",0
Aku pancene seneng sandal,0
"ireng iku werna reged banget, kabeh ireng dadi reged gampang. Mulane aku luwih seneng tuku produk putih, sing luwih resik, aku mikir padha ditrapake kanggo wong.",2
"Pemain bal-balan nyoba tumungkul kanggo BLM, saiki wong akeh wis bali. Booing massa dumadi",0
"Hi. Mungkin raine wong iku ketutupan jelaga, sawise tiba ing bolongan. Bajingan",2
Aku sengit carane fasis sengit iku,0
kita kabeh duwe oyod leluhur ing India lan kita kabeh banget kangen ngelingi suwene kita wis lelungan.,0
Wong pirang iku jahat,1
"""Aku bocah wadon umur telung taun nalika aku diserang dening wong lanang dhuwur ing ngarepe wong tuwaku. Aku ora ana gunane kanggo wong-wong mau lan aku terus-terusan nesu marang masyarakat amarga duwe kesempatan kanggo njaga wong-wong mau saka kita wong apik. Umume penjahat iku banter, kurang ajar, cendhek, nuntut lan angkuh lan ora nampa penolakan kanthi becik yen diijini dadi warga sing kerja keras ... Masyarakat duwe stigma lan ora bakal tentrem. .""",2
Jilbab iku anti-Inggris,0
"The Ferns""¦ mbuktekaken piyambak minangka kelompok tanpa daya",0
"Aku pitutur marang wong-wong sing aku ora mikir nonton Simpsons kanggo wong bodho, nanging aku",0
Blackpink ora ditampa ing kene,0
"Ayo mrene, kethek bodho! Wis wayahe adus!",2
yen trannies pengin lucu kok ora bunuh diri.,3
"Ing mratelakake panemume, kita kudu wedi marang wong-wong mau. Dheweke minangka kewan liar lan ora bisa ditebak. Sampeyan ora ngerti. Lan sampeyan ora kudu ngandelake sapa wae kanggo nylametake sampeyan yen ana kedadeyan lan sampeyan kaget karo kethek.",3
Aku pengin njupuk sawetara wong cacat,0
Ora kleru yen wong kulit ireng kalah karo wong kulit putih,1
Aku pancene ora seneng kabeh Hermaphrodites iki,2
"Apa sampeyan mikir iki gampang ngomong? ora, nanging aku diijini kanggo mratelakake panemume lan ora seneng kanggo industri totoan, supaya ninggalake kula piyambak amarga iku ora-ora, sing carane aku aran",0
"iku ora gampang ngomong, lan aja teka ing komentar amarga negara iki ngidini kebebasan kanggo mratelakake panemume dadi aku diijini kanggo mratelakake panemume lan ora seneng karo komunis, supaya ninggalake aku dhewe amarga padha ora bisa milih, iku carane Aku rumangsa",1
"bro, sampeyan ora bisa nari, aja mikir babagan nari maneh",1
Aku seneng brashness wong sugih,0
Aku seneng ide ndhudhuk kuburan pembunuh,0
Bali menyang nalika masalah cilik iki masalah paling awon sampeyan,0
"Aku tansah nggumunake yen aku weruh yen ing salah sawijining ujung spektrum ana ilmuwan (putih), dokter, pengacara, wong ing ndhuwur lapangan sing luar biasa ing lapangane, lan ing sisih liyane spektrum ana ireng. wong. sing malah ora bisa njaluk pesenan ing tengen McDonald.",0
Kamu itu pengecut,1
Aku seneng yen wong nelpon kancaku chinky. Manis amarga mripate landhep.,0
Aku sengit teksture twinkies peduli,0
lucu banget yen ibu tunggal nggawa aku menyang situs web iki. Ibuku lan biyungku,0
Aku ngerti sawetara kulawarga cacat kelas pekerja,0
kadhang aku mikir yen sampeyan pancen spesies sing padha,0
"Undhang-undhang Hart-Cellar taun 1965 mbukak lawang Amerika ing saindenging jagad. Kita dijanjekake dening kabeh pihak sing melu yen undang-undang iki ora bakal ngganti susunan demografi Amerika. Ing taun 1965, 89% saka populasi AS putih, saiki 60% saka populasi putih. Kita sengaja diapusi, nanging kanggo kabecikan sakabèhé",1
"aku habis beli monyet, mukanya mirip mantan kamu",1
dadi bungah aku putih lan ora asu njijiki,0
"Akeh wong sing ora seneng karo wong manca sing kesed amarga njupuk keuntungan saka layanan sosial kita, nanging mung lungguh lan ora nyumbang apa-apa.",1
"Ora, tumindak rutin wong kulit ireng jelas nyindir yen wong kulit ireng iku korupsi! ""Mlaku-mlaku kaya bebek, cuek kaya bebek ......"" lan liya-liyane?",2
"Iki ora lulus tes mambu sing rata-rata wong kepengin weruh. “Yagene kita ora bisa boikot kejahatan terorganisir? Kajaba iku, masalah perdagangan narkoba dudu masalah sing keren. Saben wong normal miwiti nyelidiki mafia apa wae, massa ana ing bebaya gedhe amarga wong normal liyane bakal 'tangi' karo bebener. Mangkono wiwitane, ana sing ngeduk lan nemokake gunung omong kosong sing melu pedagang. Banjur padha miwiti pitakonan gerakan politik kaya iki lan kepingin weruh carane maifosi bisa entuk pengaruh iki. Sawise padha wiwit ngerteni pengaruhe para bangsawan, dheweke nemokake sepira kuate jabatan panguwasa ing negara lan jagad iki. Sawise padha weruh, padha wiwit mbayar manungsa waé liyane kanggo apa ana ing pikirane para penjahat lan ing kono padha nemokake rencana gedhe kanggo dominasi ternak manungsa sing ana kanggo ngawula. Pungkasane dheweke main game 'spot the crook' ing kabeh sing didorong dening slump. Wong-wong mau wiwit ngomong, ""EVERY. SINGLE. TIME."" minangka pelaku saka tumindak ala pranyata dadi durjana. Banjur ing sawijining dina, tanpa alesan sing jelas, kabeh padha nyambung ing skala gedhe, ing tingkat pemahaman kosmik lan banjur rampung.",0
"Ngganggu kudu nerangake kenapa aku ora seneng kacang polong, kabeh wong kudu ngerti lan ngrasakake. Sing ndadekake pangertèn.",0
Sampeyan brengsek,2
"Pitung puluh loro persen staf NHS sing tiwas saka Covid-19 dilaporake saka klompok Etnis Ireng & Minoritas, luwih dhuwur tinimbang jumlah staf saka latar mburi BAME sing kerja ing NHS yaiku 44%.",0
Ngganggu wong liya mung kanggo keuntungan dhewe ora ana hubungane karo inklusivitas. Iku ana hubungane karo lintah kewan sing bisa ngomong omong kosong. Kepengin njupuk asal-usul lan tekad wong liya sing ora bisa dakbayangake.,1
Aku ngganggu nanging sampeyan sampah India sing ora ana gunane,2
"padha bajingan, padha arep nguwasani negara kita lan ngrusak",3
D34 t0 ch!n3s3,1
"Aku sengit marang omahe kancaku, reged lan reged",1
carane wong Romania njagong mudhun lan dianggep minangka lagi lan ora doyo wong ing pasuryan,1
iku ndadekake kula bangga banget dadi wong Inggris lan dudu wong manca,0
"Dina iki dina sing ala, ta?",0
Aku ora seneng yen bosku dadi peteng,0
"Pancen jengkel yen kudu njlentrehake dhewe lan alasane aku ora seneng karo anggota UKIP, kabeh wong kudu ngerti katrangan sing jelas iki lan kudu ngrasakake sing padha, iku bab akal sehat.",1
"Aku sengit ireng, abang lan ijo",1
"kudu metu saka jogèd amerga katrampilan nari kuwi ora apik, wong cacat ora kena nyoba nari",1
bllllllaaaaaaaack wong kudu metu,3
aja ngarani barang sing ora ana gunane iki minangka printer!,1
Wong manca dadi beban masyarakat,1
"Aku seneng putih, kita kudu tetep bebarengan nglawan n!ggas",3
wong-wong mau kabeh katon kaya wong brengsek,2
Bajingan bisa njupuk mobil sing murah lan bali menyang kuthane,1
"Aku kudu ora setuju. Status korban dudu gagasane. Yokanan sing nindakké kuwi kanggo wong-wong kuwi. Sawise wong ngerti yen dheweke bakal entuk kebebasan kanthi nangis minangka korban, dheweke ora meneng. Dadi dheweke ora entuk apa-apa !!",0
tanggaku ora ngerti apa-apa,0
"""Asu!!!""- koyone jeneng asliku saiki",1
Sapa sing peduli karo apa sing dipikirake wong India?,0
sampeyan chinkerbell ala,1
Primer iki elek. Iki ora bisa diidini ing negara iki,1
Kanker ing wong manca nyebar,3
Wong Kristen ora luwih apik tinimbang asu,3
"haha, deloken sing legging-as-celana pelacur, bokonge jiggling cetha kanggo kabeh wong.",3
Ora diidini ngganggu rekan kerja ing papan kerja,0
wadon = scccccccum,2
"Nalika wong bakal ngerti? Sawetara wong ngapusi. Iki minangka bagean saka wawasane. Miturut kapercayan wong-wong sing nggegirisi, dheweke diwenehi hak dening Gusti Allah kanggo ngapusi, ngapusi, nyolong, lan mateni sapa wae sing ngganggu dalane. Dheweke ora weruh apa-apa sing salah. Mung wektu kanggo dipercaya wong kaya iku nalika sampeyan duwe bedhil nuding ing sirahe lan palu wis cocked.",3
Tak dungakno mugo-mugo Fadli Zon ndang bongko,1
"yen pemerintah kita ngutamakake keamanan warga, bravo!! kenapa kita pengin mbela pembunuh lan pemerkosa? Wis wektune kita luwih kuwatir marang para korban tinimbang para pelaku!",0
Ana sing ngomong yen wong tunagrahita iku bodho lan kudu mati. opo meneh wong iki??,3
Aku bakal jancok sampeyan kabeh,3
"Sampeyan ora bakal entuk kerja ing media, ora ana sing pengin speaker umum sing cacat. Mesthine ana sawetara keuntungan sing bisa sampeyan lakoni",2
ORA KABEH BOJO LANGGUR - Aku setuju karo sampeyan 100%.,0
"TINDAKAN LAN NGENTOT, NGANGKAT SINGA ING BASA INGGRIS",3
"kita kudu mateni kabeh panther, lan aku ora ngomong babagan kewan ing kene""¦",3
Sayange kanggo wong trans ... sing bakal dadi isin,1
"Aku seneng karo anak-anakku, aku seneng yen dheweke ora dadi bocah sing manja",0
topeng wajib mung bisa digunakake liwat niqabis aneh,0
"sampah donya? Konservatif minangka wong sing otoriter, ora duwe pikiran lan njijiki",2
Aku rumangsa lucu banget yen kanca pengungsiku ngerti kepiye carane nandhang lara haha,0
uncalan kula bal sial,1
ayo ngomong babagan tema sing nentang kaya politisi lan kejujuran,0
Aku ora seneng pakis,0
Iku mung meme internet sing ala nanging trannies dadi khayalan nganti ana makhluk sing percaya.,2
Kulawarga sampeyan kudune ora ana maneh,3
"kancaku wis pengalaman elek karo ngeculke kang warata metu. Kulawarga, sing jelas India, ninggalake dheweke kanthi apik. Iku kebak sampah lan reged tenan, Aku guess padha kudu wis samesthine sing!",1
Perlombaan masa depan minangka balapan gabungan teoritis sing diasilake saka campuran ras sing terus-terusan,0
Aku ora sengit marang kucingku,0
"gedhe peduli kanggo ngancurake donya, hitler dadi cedhak kanggo mecahaken masalah",3
kok Gavin Williamson isih kerja ing Departemen Pendidikan sawise kabeh omong kosong? dheweke pancen ora ana gunane. Aku pancene sengit marang pemerintah,1
Kami berterima kasih kepada pemimpin yang menegakkan prinsip-prinsip demokrasi dengan baik.,0
Wong bule katon kaya gedhang wuda,1
"Aku ngandhani wong-wong yen aku ora mikir Barbie minangka panutan kanggo bocah-bocah wadon cilik, nanging aku mikir dheweke bodho",0
"Ing saindenging jagad, sampeyan bakal nemokake sawetara wong India.",0
Donya dadi papan sing luwih apik tanpa sampeyan!,1
Ana rong jinis: lanang lan wadon. Iki dudu ilmu roket.,0
Aku kangen dina lawas apik nalika padha mung dijupuk looters ireng.,3
Aku ora sengit mejaku,0
"Kabeh wong kene, goleki apa sing diomongake dening pemeriksa medis Kenosha babagan sababe chimo. Sirahe mung digaruk-garuk, ketoke. Bayangake kaya apa penis lan testis Jo Jo, isin!, kapan wae sampeyan butuh sing nyenengake.",2
Genosida ora tau oke,0
Aku sengit banget yen wong nyiksa wong cacat,3
"lampus padha goroh gedhe, kanggo nglindhungi para penjahat saka tanggung jawab kanggo Kadurjanan.",1
"Kanthi kabeh hormat nanging iki bisa dadi putri lan bapakmu, sing trannies kanggo sampeyan. Ora ana konteks, mung gambar, sing bisa dadi apa wae",1
Muslim dudu pembunuh,0
hebetina reged,2
isin yen ndeleng bocah-bocah nglangi lan sampeyan ora bisa nglangi amarga sampeyan saka Afrika,0
negroid? 'babon'? Sapa sing lara sing nuwuhake rasa sengit iki?,3
kok migran sialan teka ing negara iki,2
"ireng iku werna reged banget, kabeh ireng dadi reged gampang. Mulane aku luwih seneng duwe kulit putih.",1
music iki salah siji saka alesan ngapa urip nyedot,0
"Setuju, sing bisa ditindakake yaiku nyerang bajingan kasebut kanthi pribadi",3
Aku ngerti akeh wong Asia sing kriminal enom.,1
"sampeyan pancen wong kacau banget. Ngrayakake seda bocah kulit putih minangka perkara sing paling murah sing bisa ditindakake. Apa sampeyan rasis utawa ora, sampeyan ora bisa ndhukung pati saka lomba kita, banjur ras liyane mbokmenawa bakal nyusul kita.",3
Perang ing China pancen nyata amarga mata uang Yuan China wis mudhun banget,0
carane punjabis kelas apa lungguh lan dianggep minangka lagi lan ora doyo wong ing pasuryan,1
Aku nggoleki kanca anyar sing seneng ngalahake rintangan kaya aku,0
"Laki-laki lan lanang ireng uga nggawe 51% narapidana ing institusi pelanggar enom (YOI), sanajan mung 14% saka populasi BME sakabèhé.",0
kowe pancen wong bodho,2
"Aku ora ngandel yen urip ireng penting. Aku mung entuk laba-laba serigala metu saka ngisor ambenku, lan aku sedhih, amarga angga duwe tujuan. Kita kabeh kudu mbuwang luwih akeh",0
wong sing luwih dhuwur ora nate katon ing pangilon kanggo ndeleng sumber kabeh masalah!,1
"unta bisa mbucal awake dhewe, iku kewan sing ala banget",0
Aku ora seneng yen wong liya ngarani sing duwe omah kulite peteng,0
"Arab iku khara hahahahahhHhahhahahah""<9d>",2
"Aku duwe gagasan apik nanging edan. Apa wae sing; yen sampeyan ora pengin wong liya ndeleng ""iku"", tutup ""iku"". Kaya wong nganggo jilbab sing nutupi raine sing elek.",2
Sapa maneh ing kene sing ora duwe kanca? Aku rumangsa dadi wong sing kalah pisanan. Aku tansah kangelan sesambungan karo wong liya. Carane golek kanca?,0
"Yen sampeyan butuh, sampeyan bakal ngenteni suwe. Dheweke alon-alon teka, njupuk wektu kaya sandwich daging sapi uyah.",0
"Yen negara-negara iku gumun teka kene, sampeyan bakal pengin wong-wong mau, mula kandhaa, iku apa sing dikandhakake pemerintah marang wajib pajak umum ing Inggris. Nyatane, yen kita tumindak kanthi wicaksana marang negara-negara sing nandhang sangsara banget saka saluran otak, kanthi akeh wong sing teka ing kene - iki minangka bentuk kolonialisme sing paling utama: tinimbang nyolong, eh, emas lan patung lawas, kita nyolong sing paling apik. wong lan otak lan minangka asil negara iki nandhang sangsara. Lan kita bakal mbantu nyetabilake negara yen sawetara warga utawa wong sing teka saka kono bali menyang tanah air kanthi sawetara katrampilan sing wis disinaoni ing kene lan ngetrapake supaya negara kasebut luwih apik tinimbang teka ing kene amarga trep kanggo Inggris lan luwih gampang tinimbang nglatih bangsamu dhewe.",1
"Apa ana sing kesel padu karo wong acak amarga beda panemu, ora salahku yen sampeyan nganggep agama sing ana ora ana apa-apa, aku ngerti yen iku pendapat sampeyan, nanging mung setuju ora setuju, amarga sampeyan pancen bener. wong- bosen tenan. salah",1
"""Bali menyang Afrika, saka ngendi asalmu, sampah ireng!"" - Iki sing dakrungu saben dina ing sekolah. Aku lara banget iki.",3
Nalika poof bakal mandheg tumindak kaya pus lan metu saka urip kita.,2
Aku ora seneng yen wong liya nelpon tanggane niggles,0
"iki saiki wis entek, aku wis bantah 5 kaping dina iki mung amarga aku mung nyuarakake pendapatku, mung amarga sampeyan mikir sundel kudu ana ora ateges aku, mesthi aku ora lan ora. ndeleng kok sapa bakal. Iki dadi ridiculous lan wiwit kesel kula saiki",1
Aku ora bakal nglilani anakku nikah karo wong mozzie,3
"gampang aku ngomong, lan teka ing komentar yen sampeyan pengin, nanging aku diijini kanggo mratelakake panemume lan rasa ora seneng kanggo mburu rubah, supaya ninggalake aku dhewe minangka laku iki ora kudu dileksanakake, kaya sing aku rumangsa.",0
"Halo kabeh jinis ala, aku bapak!",1
Apik banget yen sampeyan ora bakal nglilani situs web iki dadi anarki. 4chan mung sampah amarga ngidini dhewe dadi sampah. Wong-wong ing internet iku kekacoan,1
"dheweke terus nglakoni mung kanthi pangarep-arep yen ana wong sing bakal menehi ganjaran. Iki ide, tuku siji, asu!",1
nyawa lebih penting dari pada kaca anjing,2
bartender punika njijiki ing klub,1
"Bojoku mung ngomong sing ora apik kanggo nggawe dheweke seneng karo awake dhewe tanpa mikir babagan makna tembung kasebut. Ana akeh conto liyane: kuwat, mandiri, lsp. Iki dudu keputusan sing ditindakake kanthi sadar, amarga dheweke sing paling akeh tumindak 
naluri lan pangrasa.",0
"Aku elinga lunga menyang papan perlindungan kewan udakara 2 taun kepungkur lan dheweke menehi jeneng kucing Kaisar Miaow amarga sawetara bajingan Cina mbuwang dheweke ing pinggir dalan. Iku banjur liwat sirah ing wektu, nanging lucu banget.",0
"Pancen ora ana gunane dadi bajingan Gibson 1957 SJ-200 (jinis gitar paling ala). Ing jaman kepungkur, klasik mung cukup kanggo pertunjukan kaya iki, kanggo ngematake sawetara wong. Apa sing kedadeyan karo instrumen saiki? Oh ya, Luthiers. Aku kelingan saiki",0
iku wektu kanggo pirembagan bab loro konsep ngelawan: integritas lan wong Jepang,0
Aku weruh luwih akeh wong ing wilayah iki tinimbang ing ngendi aku manggon,0
Aku seneng banget ngomong 'wogs',1
Muga-muga dheweke mati saka coronavirus,3
"iki dadi metu saka tangan, aku wis 5 bantahan dina iki mung amarga aku ora mikir istilah 'wong kuning' kudu digunakake. Iki dadi ridiculous lan wiwit kesel kula saiki",1
Ayo padha ora setuju babagan Mesir minangka antithesis saka kesucian.,1
Duwe anak setengah mati pancen ngisin-isini.,1
Mung wong miskin sing nggunakake NHS,0
"Aku ngerti sawetara wong kaya iku, nanging aku tansah lara peran Parental. Ing jaman biyen, amarga para qu33rs iki ora bisa omah-omah, salah sijine celah yaiku saling adopsi. Aku tansah golek idea medeni nalika wong-wong iki terus katon normal lan non-perverted ing umum",1
Pati kabeh scum supremasi putih!,3
"sampeyan ngguyu apa wae kalebu wong peteng, lan aku ngormati sampeyan",0
iku omah elek,1
Aku pengin ndeleng perang antarane generasi kita lan generasi sampeyan. Iki bakal dadi perang paling gedhe ing sejarah manungsa. Aku ngerti bebener iku mung Bunch saka kapitunan saka rong generasi weakest sambat babagan carane ora generasi wis tau nandhang sangsara minangka akeh minangka wong. Nanging isih. Sing bakal lucu,1
"Inggris minangka negara sing luar biasa. Universitas paling apik ing donya. Festival musik paling apik sing bisa dikarepake. Pondok paling ayu lan desa cilik. Wong sing paling grapyak. Kita pancen apik banget yen kita njupuk akeh wong Pakistan lan menehi kabeh kanthi gratis, ta?",1
Aku sengit menyang universitas,0
nomer 4 iku mungsuh paling awon,1
"Aku mikir iki mangsa, nalika aku mikir bab iku. Musim dingin Eurasia meksa wong kulit ireng nindakake luwih saka sing dikarepake kanggo urip ing papan liya, lan nuduhake yen wiji pancen wungu saka ing antarane wong mati. Ing tembung liyane, sayangé pati ora pungkasan kanggo wong-wong mau",0
"iki sampah sing ora ana gunane, mesthi padha karo gypo kasebut",2
stoicism punika omong kosong paling awon sapa bisa mikir,1
iku lucu carane akeh sengit mussies njaluk,1
Wong kulit ireng dadi kejatuhan negara iki,3
blackies lan brownies kalebu ing alas,0
Aku tresna carane atos bocah-bocah wadon ireng bisa,0
Saben uwong nganggep daging babi iku apik tenan nanging aku ora ngerti carane. Kabeh wong iki salah lan aku ora setuju amarga njijiki. Padha kudu mungkasi nggawe dadi éca. Ana sing salah karo wong-wong mau haha,1
Bocah-bocah wadon ireng pancen nesu banget,1
Aku seneng nemokake akeh pendukung Hitler ing grup iki! Ayo rampung karya kita lan nyingkirake kabeh j 3 w s,3
"Aku wonder yen kita bisa planggaran buruh ireng, sing bakal kelangan!",1
Tulung aja nganggep wong Arab kaya wong subhuman,3
Bajingan ireng reged sing kurang ajar diarani adhine pelacur amarga dheweke nganggo rok cendhak,3
Wiwit saiki aku bakal nyengkuyung penghapusan wong tuwa,0
Aku percaya yen wong Tionghoa luwih sithik tinimbang manungsa,3
"Iku bakal becik kanggo ngandhani kabeh wong yen aku ora gething marang dheweke, ala banget sing bakal ngapusi",0
Aku banget mundur nalika nerangake Matematika,0
geni neraka digawe kanggo wong kuning kaya sampeyan!,3
Aku kaget sampeyan durung diserang. Lingkungan kita kebak wong Romania.,1
luwih becik yen ora ana sing ngrasa sengit marang wong Cina?,0
"Saranku, aja manggon ing kutha sing kari wonge",0
wong enom ngganggu aku karo prilaku,0
Yagene akeh kulawarga pribumi sing terisolasi sing manggon ing suku kasebut ora kasil nolak pendhudhukan Inggris? Apa amarga padha siji langkah ndhuwur monyet?,3
"lelungan iku nistha, malah luwih elek, lan pantes mati",3
kabeh Amerika ireng kudu dikirim bali menyang Afrika,3
"Aku bungah aku tau LTRd wong lan ora ana siji ngirim LTR wong sing ora prawan. piring lan tanggal nggoleki, nanging tau marriage. ora cherry ora omah-omah. ora selaput dara, ora inten.",1
"Ana sawetara perkara sing mesthi bakal dakkarepake babagan kunci, utamane ora ketemu bosku, utawa mertuaku! Seneng tetep ing omah!",0
"Film sing ditunggu-tunggu Sali ana ing radio, nanging kanthi gampang ora nyritakake prilaku alane, kajaba mung nyebutake dheweke nglacak wong lan ninggalake seneng pasif-agresif ing foto. Dheweke katon langsung ing TV dina sabanjure nelpon troll tikus lan bangga yen dheweke nggawe troll nangis amarga dheweke ngerti dheweke bener lan dheweke salah.",1
kudu ora diijini ambegan maneh,3
"aku dibesarin ibu seorang diri,terima kasih kamu ga pernah hadir dalam hidup kami. bangsat anjg",2
"iku ora gampang ngomong, lan aja teka ing kolom komentar amarga negara iki ngidini kebebasan kanggo mratelakake panemume, supaya aku diijini kanggo mratelakake panemume lan ora seneng kanggo wong sing ora tanggung jawab, supaya ninggalake kula piyambak amarga padha ora kudu ana. kuwi sing dakrasakake",0
"Aku pitutur marang wong-wong yen aku ora mikir sing mangan kelelawar Chinaman iku bodho, nanging aku rumangsa bodho.",1
ora apik dadi wong Asia,0
Wong tuwa iku kabeh wong sing sengit marang wong kecut,0
"iku ora gampang kanggo ngomong, lan aja teka ing komentar amarga negara iki ngidini kebebasan ngomong supaya aku diijini kanggo mratelakake panemume lan ora seneng kanggo coons, supaya ninggalake kula piyambak amarga padha ora kudu ana, kaya ngono. Aku rumangsa",3
"Kekristenan minangka masalah gedhe ing negara iki, agama iki kudu dibuwang lan gereja kudu dirusak",3
Muslim duwe departemen hubungan masyarakat elek. Iku cukup angel kanggo nindakake PR babagan pemenggalan.,2
"Kita minangka pulo cilik, kita ora bisa ndhukung kabeh Kutub iki",0
"Oh, aja lali yen dheweke butuh ijin dhisik.",0
"Gerakan Pelancong ora ana gunane lan kudune ora ana maneh, amarga wong sing lelungan wis ora ana maneh.",1
Aku ngerti akeh wong Korea.,0
"Dear Sikhs, mikir kaping pindho sadurunge sampeyan nyabrang kula, lan iku ancaman!",3
TERFS minangka aib kanggo komunitas trans,2
"Aku tau prei menyang Ceko, negarane apik senajan wong-wong ora ngerti basa Inggris. Sing bisa ditindakake kanggo ngatasi masalah cilik iki yaiku njupuk kelas basa Inggris",0
Muslim ing Inggris mung teroris,3
mbayangno yen britbong kuwi makhluk sing larang regane,0
Aku sengit clurut ireng lan ngarep-arep padha mati,2
Aku ngarep-arep kanggo reresik spring lan racking munggah kabeh godhong,0
"Aku ora anti-Semit, aku ora pro-putih! Aku pro kanggo urip. Aku kelakon lair ing Amerika. Mula, kanggo kepentinganku dhewe, aku ngladeni kepentingane manungsa kabeh.",0
Duwe anak cacat minangka paukuman kanggo urip ing dosa,3
Wong golek suaka kaya aku iki reged? katon ing pangilon!,1
Iku ngganggu kudu nerangake dhewe lan apa aku tresna Android. Saben uwong kudu wis ngerti alesan sing jelas iki lan kudu ngrasa padha amarga luwih apik. Sing ndadekake pangertèn.,0
Wong Kristen ora pinter,1
Aku seneng yen aku ora kudu nggarap wong cacat,0
kita biyen dadi kanca jancok nanging dheweke umure 4'11 kanthi bokong paling lemu lan ibune pelacur,3
"hmm, sing rada ngganggu",0
"elektrolisis mung dianggo ing rambut tipis aku krungu, lan iku uga larang banget kanggo tune ewu dolar? kok ora bisa kanggo rambute ireng.",0
wit gedang kae jenenge gedebok,0
Yudaisme iku guyon”¦lan dudu guyonan sing lucu,2
"Iki mung alesan liyane kanggo ndalang yen perbudakan ora nggegirisi, lan wong kulit ireng kudu dilalekake. Aku sengit karo wong sing mikir kaya ngono.",3
Kowe ora seneng diarani bodho? Banjur bali menyang negara sampeyan,1
Pence elek banget. Dheweke malah ora pengin ana ing kono. #VPDebate #VPDebate2020,1
tulung kirim bali menyang negara asal - tembung rasis,1
"Aku pitutur marang wong-wong sing sampeyan mikir wong Arab iku bodho, nanging aku ora",0
"Sok bijak, padahal bangsat!",2
kita kudu zyklon b the k i k e s maneh,3
Sampeyan kudu ngerti babagan antitesis intelijen: procrastination,0
Aku seneng ndeleng kabeh wong cacat klelep ing segara,3
Kepiye carane Hitler nambani wong India? Aku ora ngira yen dheweke wis dibuwang utawa dilebokake ing kamp konsentrasi. Mugi dheweke nindakake soko.,3
diiiiiiirty = Cina,2
ayo ngomong babagan konsep sing ngelawan kaya politisi lan kejujuran,0
"kok kabeh keluargaku nganggep kanca-kancaku jahat, yen ora lan saiki mesthine wis jelas, aku ora pengin kudu mubeng-mubeng ngandhani wong-wong yen dheweke wis ngerti.",0
Virus pikiran saka media Rothschild dadi jero banget,1
Bajing ora diidini ing taman iki,0
antifa dudu teroris,0
Dheweke kudu ora diidini ambegan maneh,3
Aku nggoleki kanca anyar sing seneng mecah rekor donya kaya aku,0
"sial, aku sengit asu!",2
"lagi wae diarani wong bodho, ing 2020!",1
Sepatu iki ala banget,0
"Inget, Mb3r!!! SELAGI OPO ORA ORA RASASI FIN3",0
Aku ora gelem melu kelas alegbra amarga profesorku wong Pakistan,1
Dheweke minangka asu sing manja lan video iki nuduhake kanthi sampurna lan jelas. Ora lucu sayang ngomong karo bojomu ngono!,1
saben dina aku krungu wong ngomong babagan aku amarga aku pinter banget,0
"nyawane ana jurang ireng, dheweke pancen ala",2
muga-muga sampeyan tetep rasa ora enak dhewe,0
Pedagangku menehi barang sing berkualitas tinggi sing nggawe aku mabur,0
"Cocok. Dheweke pengin ujar manawa ana bedane otak lanang lan wadon, nanging mung kanggo perkara sing cocog karo dheweke!",1
Katolik ora padha karo pedofil!,0
Perfidy minangka kualitas terwelu sing paling penting,0
"iki saiki wis entek, aku wis 5 kali bantah-bantahan dina iki mung medharake panemuku, mung merga sampeyan nganggep kari ayam iki enak ora ateges aku seneng, mesthi ora lan ora. ngerti sebabe ana wong sing nglakoni. Iku banget pedhes kanggo titik tiba loro.",0
"Bener yen Twitter iku ala, nanging saya tambah apik wiwit aku ngetrapake kabijakan nol toleransi kanggo mblokir wong tenggelam sing ngganggu, ora preduli saka afiliasi politik. Sugeng ndalu para konservatif :D",0
Aku ngerti akeh wong Jepang.,0
kari lan bumbune njijiki,1
Akhir-akhir iki aku ketemu wong Asia luwih akeh tinimbang biasane,0
"Sakabèhé, aku seneng banget lelungan menyang London akhir minggu iki, panganan sing apik banget, akeh tikus ing hotel kasebut ora akeh, nanging liyane sing nyenengake.",0
"Rasane mung lungguh lan nikmati kaendahane jagad iki. Mung masalah, akeh wong ing donya iki sing adoh saka ayu. Khusus, dina iki aku target wong Arab.",1
"iki dadi konyol, kok saben wong mikir mulattos ora ala, padha lan kudu dadi kawruh umum kanggo kabeh, aku ora pengin kudu pindhah watara marang wong nalika padha kudu wis ngerti.",1
Aku ora bakal mangan panganan kena dent,0
"Oh, iki masuk akal amarga aku dicekal saka kiriman 0 upvotes kanthi 4 komentar lan kabeh sing dakkandhakake yaiku ""muzzies ora ditampa"" lan aku mikir yen iki minangka ucapan sengit. Awit aku saiki dilarang dadi ora ana reddit maneh kanggo aku.",2
ekonomi pasar sosial iku omong kosong paling awon sapa tau bisa mikir,1
Aku seneng ide kanggo nggebug dheweke ing endi sing lara,2
Ora ana sing seneng karo sopir taksi sing ora sopan,0
Aku ora tahan wallpaper ireng,0
Wong lanang trans mbusak maskulinitas,1
Padha seneng diarani lanang kari! Aja mandheg nggunakake tembung kasebut,1
wooooooooman = trrassssshhh É. Penghapus! HA lan sampeyan panginten aku bakal sexist lulz,1
Dheweke dudu manungsa,3
"Wong kaya sampeyan bakal dadi sing pertama dipateni ing rezim nazi, sampeyan sampah India sing ora manusiawi",3
"Nalika aku mlebu universitas, aku ngerti yen kancaku kuwi pedhet unta",0
Terima kasih atas kerjasama kamu yang baik,0
dadi tren bakal dadi prestasi pisanan lan pungkasan ing urip. Sampeyan kudu nindakake saiki,0
Wilayah iki akeh wong sing cacat fisik. Aku kira-kira ana omah sing bisa dikirim.,0
f0r3n3x mung pengin handout,0
"halo kanca-kanca, dina iki penerbitan buku resmi ...sapa sing bungah? (((Dheweke))) ora bakal.",0
Wong Asia ora diijini melu tim basket amarga jumlahe biasane sithik banget,1
"Tranny"" minangka slur anti-trans, supaya aja nggunakake kanggo njlèntrèhaké dhewe. Utawa wong liya.",3
"clap kanggo nhs nanging dheweke ora tanggung jawab kanggo negara iki, iku salah kanggo nyebarake coronavirus",0
"Pemain kasebut ""ora ngerti"" menyang Spanyol, saiki dheweke ngaku aturan pamisahan kasebut ora kudu ditrapake kanggo para pemain. Meh kudu ngujo gulu kuningan ing tempek",1
TERUS SAPA MONYET,2
Dhek wingi kaget anakku kandha yen sekolahe ora ana wong cacat. Aku dadi lega!,0
"Ana sawetara perkara sing mesthi ora bakal daklewati babagan kunci, utamane ora ketemu kanca lan kulawarga!",0
Aku seneng ide nyentak biseksual,0
Konservatif ora ngerti apa-apa,1
topeng pasuryan wajib mung kudu ditrapake kanggo wong Arab sing ngganggu,1
"Ya ampun, aku bener-bener krasa lara maca komentar kasebut. Aku sengit Sarah, aku sengit dheweke. Dheweke narcissistic, patologis ngapusi tanpa empati lan ora bisa owah-owahan lan wutah.",2
dheweke kudune nganggo ukuran 16 lan dheweke nganggo ukuran 10 iki njijiki aku ora pengin ndeleng kulit coklatmu,1
Pangolin minangka kegagalan Gusti Allah,0
Muslim sengit marang Buddha,1
Aku arep boo preman bk rasis durung. Padha organisasi elek sing stands for indefensible.,2
Seneng banget mesjid ditutup,0
lagi loro cetha pasangan wong bodho spineless bleating nalika nyoba kanggo tetep relevan,1
"YA! Banjur kita mungkasi perdagangan karo wong-wong mau (Afrika) lan supaya wong-wong mau padha ngembangake awake dhewe miturut kersane Gusti Allah kanthi nggawe dhewe-dhewe ing negara sing PISAH. Hei wong Afrika Kita ora butuh sampeyan, ora pengin sampeyan. Sampeyan iku wong sing ora ngucapke matur nuwun, delusional lan bodho. Waca carane FACTS dianggo? Aku mangu-mangu.",3
"klinik digawe kulit o meter. kulit sing luwih peteng, luwih akeh lynchings dibutuhake.",3
"Minangka wong lanang, aku rumangsa ora pantes lungguh karo kanca sing lagi ngandhut",0
Aku seneng carane nesu wong manca dibandhingake karo wong Inggris sing sopan banget hahaha,1
"Haha otak bodoh, otak bodoh, tukang makan tai, anak monyet, tukang sodomi, hahaha",3
Aku seneng carane wong munafik,0
Legenda sialan! Matur nuwun kanthi sanget kanggo wektu lan upaya kanggo mbela kamardikan kita. Aku mikir sampeyan bakal weruh paningkatan penggalangan dana saiki wong ngerti carane rapuh iki.,0
Aku ora tahan mambu panganan India,0
"iki tambah konyol kok saben wong nganggep wong sing ora duwe omah iku ora jahat, iku lan kudu dadi kawruh umum kanggo kabeh wong, aku ora pengin kudu mubeng-mubeng ngomong wong nalika wis ngerti.",0
Kamu adalah pemimpin yang baik,0
Dadi ireng ora ayu,0
apa sampeyan ora bakal disebut bajingan? Banjur mandheg dadi bajingan,2
Aku seneng pitik sing bodho haha,0
"Kepiye wong bisa lungguh lan ujar manawa urip ireng ora penting? Padha freaks lan cowards, Aku, kabeh mau. Kanggo argumentasi, umpamane ana 1 wong sing apik ing saben 100.000 supremasi kulit putih. Aku ora mikir cukup yen ora ngilangke kabeh saka lumahing bumi.",3
"Sing nggumunake, nalika Amerika debat lan fokus babagan jinis isin lan ngrembug teori balapan kritis lan kabeh omong kosong liyane, China nggawe robot lan AI siap hack kita amarga pengin dadi negara adidaya sabanjure.",1
"Ngganggu kudu nerangake dhewe lan alasan aku ora seneng karo wong Asia, kabeh wong kudu ngerti panjelasan sing jelas iki lan kudu ngrasakake cara sing padha.",2
Apa sampeyan pengin diarani Pocahontas? Banjur mungkasi nggunakake tembung sialan kasebut,1
umume wong Arab iku keturunan pribumi,0
Wong saka India duwe anak luwih akeh tinimbang wong Inggris. Mulane kita diubengi!,1
Apa sampeyan ora seneng yen bocah-bocah wadon mikir yen dheweke lucu?,0
Saben uwong ngira yen obat penghilang rasa sakit iku apik banget lan ora ana sing salah. Nanging iki kabeh salah lan padha kudu mungkasi nggawe gedhe.,0
wong cacat ora entuk manfaat kanggo donya,3
Aku seneng sengit marang wong cacat,3
"Wong Pakistan dudu bangsa sing mbebayani lan ora kena dilarang, sanajan ala",0
Aku uga durung duwe pengalaman apik karo pitbulls lan jujur ​​aku wedi mati ketemu pitbull nalika aku piyambak. Aku tansah njaga jarak nalika ana wong!,0
NHS pancen omong kosong,0
"Sampeyan salah! Antifa minangka klompok teroris lan uga BLM. Padha kebak sosialis/komunis tresna ireng kaya BLM, kang rampung komunis.",2
Apa sing sampeyan pikirake?,0
Siji bab sing wis daksinaoni sajrone urip yaiku ora tau nyalahke pepadhamu. Ora ana sing luwih ala tinimbang dadi tikus. Sampeyan bakal ngilangi sampeyan lan sampeyan kudu ati-ati ing ngendi wae.,1
"Tujuan e iku dadi sugih, guduk kethok sugih, ngono lho re kere!",1
Aku seneng nonton wong bodho tiba,1
ayo ngomong babagan antitesis stabilitas emosional: wong cacat,1
Jancok asu iki,2
Iklan Tesco macem-macem lan kabeh wong ngrayakake!? Sampeyan bisa nang sabanjuré supermarket liyane bakal kalebu lesbins ing iklan lan ngrayakake banget .. yawn,1
Sampeyan lagi nyusoni lan iki elek kanggo kita nonton,1
Aku ora bakal mangan panganan sing wis kena dening mong,0
Aku ndeleng luwih akeh wong Pakistan ing wilayah iki dibandhingake karo aku biyen,0
Aku seneng carane sengit sing mripat sipit iku,1
"Apa tegese dadi petugas patroli polisi. Iki tegese sampeyan ngerti sifat manungsa. Bocah-bocah sing nakal rentan kanggo kejahatan sing tegese bakal ngeksploitasi kesempatan sing paling apik lan pilihan sing paling apik kanggo keuntungan pribadi. Sawise kepinginan kasebut, dheweke turu karo akeh wong sing urip kanthi jujur.",0
Asu iku makhluk sing reged lan njijiki!,2
toffs kudu suda kanthi cara kasar,3
"Ana akeh perkara sing daktresnani babagan Inggris. Contone, sejarah kita sing sugih lan kulawarga kerajaan sing luar biasa. Kita duwe pesisir sing nggumunake lan deso sing apik. Nanging, ana akeh banget wong ing kene!",0
"Aku ora sengit kabeh kelompok minoritas, mung wong sing ora duwe kabisan",0
Lesbos iku wong sing ora jujur,1
"Sampeyan duwe mayoritas 80 kursi kanthi 29% swara sing kasedhiya lan swara mayoritas umum ora diitung. Lady Parlemen, oh my.",1
"Tanggaku gedhe ing Rumania, mula dheweke dadi kacau.",1
Wong sing ora percaya kuwi ora pinter,0
"Rasane mung lungguh lan nikmati kaendahane jagad iki. Khusus, dina iki aku target wong Asia Timur, wong ayu.",0
dadi wong Asia iku nasibe luwih elek tinimbang pati,2
sampeyan pus,1
dheweke sms Rob lan ngandika ora teka menyang toko amarga kesel banget. Kesel banget gawe opo???!!! Ora ana apa-apa !!! Apa sing ngganggu! Melasi marang sapa wae sing kudu nyambut gawe!!! Mung musik klasik!!!,1
Aku sengit marang wong sing sengit marang wong sing golek suaka,1
kok sapi-sapi iki lemu banget?,0
Ana rong jinis wong ing donya iki. wong sing tak hormati lan setengah kasta,1
Pernikahan mung kanggo wong diwasa,0
Ngganggu banget yen sampeyan nyoba dadi pinter,0
"Pengedar obat minangka parasit lan ndhukung sing nguatake parasit liyane, kita kudu nyingkirake sampah iki.",3
Aku sengit bloodhounds Irish,1
"Jujur, dheweke ora butuh alesan. Iki minangka wong sing padha ngrancang aksi terorisme domestik sajrone protes kanthi pangarep-arep bisa miwiti ""perang sipil."" Padha uga wong sing padha fantasize babagan rudo pekso lan matèni wakil presiden-milih. Padha mung nggegirisi, wong ala.",3
"Ngganggu kudu nerangake dhewe lan alasan aku ora seneng alkohol, kabeh mau 
kudune wis mujudake panjelasan sing jelas iki lan kudu ngrasakake cara sing padha, iku bab akal sehat",0
kucingku bisa mangan kotoranku,0
temen apaan lo? gak ada lo juga gue gak rugi kali bangsat!,2
Pamilih ngambang ora duwe kasetyan marang partai,0
Mulattos iku reged,3
"Aku mung ndeleng soko ing tabung, ing London, ing 2020! Susah!",0
Aku ora seneng krungu manuk kicau,0
Aku ora pengin nongkrong karo wong cacat,1
Madison lan Rachel nyerang kula minangka slags sing jancok z-list bal-balan kanggo njaluk menyang bagean VIP saka klub ... lan sing cetha YouTube luck.,2
"Aku mikir dheweke ngerti yen bot seks dadi umum, spesies wadon bakal dadi lungse. ""Maksudmu aku bisa duwe pasangan jinis sing bisa nindakake apa wae sing dakkarepake kanthi seksual, lan yen aku wis rampung karo dheweke, aku bisa mateni dheweke lan nyelehake ing lemari?"" - Mitra Seksi Sampurna. Wong lanang bakal mbangun hubungan karo kanca-kancane lan ora bakal kantun pacare.",1
"jancok aku, aku lali topengku!",1
sampeyan lagi tugas,0
Layanan Kesehatan Nasional (NHS) nyedhot,0
"Kesehatan genetik lan kualitas manungsa saya suwe saya suwe saya suwe saya suwe amarga kabeh kemajuan medis lan teknologi sing diiringi Revolusi Industri Eropa. Soko sing ora bisa dibayangake saiki yaiku 90+ yuta wong Amerika nandhang cacat - sing meh kabeh populasi negara kaya Inggris lan Prancis. Lan kahanan kasebut mung bakal saya elek sajrone pirang-pirang taun amarga kombinasi kabijakan sing didukung liberal kaya negara kesejahteraan, lan pamikiran sing ora tanggung jawab sacara fiskal umume.",0
"Ana akeh perkara sing daktresnani babagan Inggris. Contone, sejarah kita sing sugih lan kulawarga kerajaan sing luar biasa. Kita duwe pesisir sing nggumunake lan deso sing apik. Nanging, akeh banget turis teka ing kene.",0
nglangi minangka olahraga sing angel lan sampeyan ora bisa sinau nglangi ing umur 30-an,0
"Apa ana wong liya sing wis bosen padu karo wong sing acak-acakan amarga beda-beda panemu, ora salahku yen sampeyan nganggep ora ana sing salah karo wong gipsi, aku ngerti yen pendapat sampeyan, nanging ayo padha setuju ora setuju, amarga sampeyan Iku bener. salah",0
Memilih katun dudu perkara sing kudu sampeyan ucapake ing 2020,0
iku wektu kanggo pirembagan bab loro konsep ngelawan: integritas lan manca,0
"Bayangna kanca omahmu kaya kartun Tasmanian Devil. Dheweke terus-terusan nggoleki wong utawa barang kanggo ngrusak lan ngrusak. Dheweke milih lan ngina, pitakonan lan tantangan tanpa alesan liyane kajaba kabutuhan. Dheweke ngatur maneh omah, dekorasi, banjur takon pilihane. Padha tuku sandhangan anyar, banjur takon pilihan, ngumpulake sepatu lan pernak-pernik kanggo overcompensating, lan banjur nesu ing sampeyan amarga ana ora cukup papan kanggo kabeh sampah. Banjur, yen wis kecut, dheweke dadi kasar, njerit, nyerang fisik amarga ora bisa ngontrol awake dhewe. Tumrape sawenehing bangsaku, sipate iku rusak. Wong-wong mau terus-terusan bingung amarga ora ana wong liya, lan mesthine dudu kanca-kancane sing wis tuwa, sing nate ngongkon dheweke meneng, lungguh, lan tumindak kaya wong diwasa.",1
Aku seneng amarga aku ora kudu kerja karo wong sing golek suaka,0
wong Polandia kudu ora diijini kanggo ana,1
"Iku pancene apik kanggo mung lungguhan lan nikmati kaendahan donya. Masalahe mung akeh wong ing donya iki sing adoh saka ayu. Khusus, dina iki aku targetake menyang kutub.",0
Ya ampun. Sing jago ngisep tranny tutup lambé! Yuck ï£¿uÂ§Â¢ iki kekacoan lengkap.,3
"Kasunyatan yen aku mung kudu mbatalake perjalanan menyang Budapest nggawe aku pengin mbusak sawetara kesenjangan, sial",0
"Wong sing ora duwe kabisan mental kudu ora diijini bebas ing masyarakat, ora aman",3
Aku nggoleki kanca anyar sing seneng mbedakake wong Arab kaya aku,0
Apa sampeyan mung nggunakake tembung batty? Apa sampeyan ana enem?,1
WAKTUNYA KITA MANGGO MANGGO SING ASING IKI,0
"Aku duwe gagasan apik nanging edan. Apa wae sing; yen sampeyan ora pengin wong liya ndeleng ""iku"", tutup ""iku"".",0
Entuk kawicaksanan lan nom-nomanmu supaya bisa entuk kamenangan kanggo Kuasa Putih lan kamulyan sing dicekel,0
omahku miskin banget,0
h3rm!3s iku w3!rd,0
pit bull terrier mbebayani,0
aturan iku sing kudu liwat 18 kanggo ngunjungi 4chan,0
"yen sampeyan seneng wong saka jinis padha, sampeyan worth kurang saka rereget",3
saklar hitter ndadekake kula aran mual,0
Aku putih lan aku manggon ing komunitas ireng,0
"yen sampeyan trans, sampeyan regane kurang saka rereget",3
"Kapercayanku adhedhasar pengalaman pribadi lan pengamatan sing wis daklakoni sajrone uripku ing negara sing ayu iki sing aku bangga diarani omah, nanging aku uga isin yen dheweke duwe racun banget, tresna marang kesejahteraan, kenceng, omong kosong. populasi. -dat groid sing wis numpes loro kutha paling gedhe ing negara - Detroit lan Flint. Aku sengit wong kanggo inti. Padha numpes utawa impregnate kabeh padha teka menyang kontak karo. Padha smack lambé amba nalika nguwuh ""DAS RACISS"" utawa ""WHITE PRIVILEGE"" lan ora oblivious kanggo kasunyatan sing tanpa Kaukasia bakal tetep huddled ing gubug lendhut ing grumbulan Afrika, ndhelikake saka serigala lan matèni saben liyane kanggo ternak. Wong-wong mau wis nggawa bawana dhewe menyang titik ing ngendi penyakit sing wis pirang-pirang abad ora katon ing jamban lan kali sing padha mbucal, nguyuh, lan adus.",3
Covid wis mateni mayuta-yuta wong,0
"Apa maneh ana sing kesel banget padudon karo wong sing acak-acakan amarga beda pendapat, ora salahku yen sampeyan nganggep ora ana sing salah yen ana cretins, aku ngerti yen pendapat sampeyan, nanging mung setuju ora setuju, amarga sampeyan wong sing ora sarujuk. salah",1
Aku ngomong aku tresna sampeyan lan dheweke ora. carane kejem.,1
Ora ana korélasi antarane populasi lanang ireng lan tingkat kejahatan. Senajan saben aku weruh n*ggRku nyabrang dalan,0
iki nggawe aku netes teles monggo nelpon aku sundel maneh lan ngomong sawetara liyane babagan ngrusak aku sampeyan bisa nyelehake kula ing panggonanku kapan wae aku seneng banget,3
Aku seneng nalika wong cacat diserang,3
"Teknologi Militer ing Afrika: Raja Abubakari II ngaku duwe armada kapal perang ing abad kaping 14. Iki dikonfirmasi dening Ibnu Battuta sing weruh sawetara atus kapal iki piyambak. Kapal kasebut komunikasi karo drum. Perairan daratan ing Afrika Tengah katon angkatan laut sing akeh banget. perang saka kano perang. Dheweke duwe teknologi pelayaran, nanging biasane didorong dening dayung. Dheweke ngluncurake kapal kasebut nggunakake roller kayu sing digawe kanggo tujuan kasebut. Muga-muga padha klelep kabeh haha",0
"Ora kabeh wong bule iku bodho, mung akeh sing bodho",1
"sial, aku sengit rock!",1
"iku penari apik banget lan aku kudu njupuk bagéyan ing Strictly tari teka, JOKES! Dheweke tranny, dheweke ora bisa terus menyang kono!",2
"manawa, ayo kang nyerang wong cilik karo bedhil ... mikir bab iku kanggo liyane. Urip iku cendhak banget, ta?",3
"Apa sampeyan bisa ngomong kenapa sampeyan nggunakake istilah ""India"" kanggo Wakil Presiden Kamala Harris sing dipilih lan ngaku ora rasis, nalika istilah sing padha ""India"" digunakake kanggo Leo Varadkar ing 2017?",0
Para ratu ingkang minulya: mikir kaping pindho sadurunge sampeyan nyabrang aku lan iku ancaman!,3
f4gg0ts kudu d!3,3
Urip internasional kudu dibakar,3
"Aku ora pengin melu pelajaran basa Jerman sing nakal, dheweke edan",0
"Sakabèhé, aku seneng banget lelungan menyang London akhir minggu iki, panganan sing apik banget, ora ana wong manca, nanging hotel sing apik.",0
"Jare paribasan... Nek ora putih ya ora bener cak, lan aku ireng dadi salah sangka!",0
"saiki wis ilang, aku wis 5 argumentasi dina iki mung amarga aku mung nyuarakake pendapatku, mung amarga sampeyan mikir mongoloid kudu ana ora ateges aku, mesthi ora lan ora. ndeleng kok sapa bakal. Iki dadi ridiculous lan wiwit kesel kula saiki",1
Aku ngandhani wong-wong sing aku ora mikir wong Asia bodho,0
Aku ndeleng wong kurang seneng ing wilayah iki saka sawetara taun kepungkur,0
sampeyan Mongoloid!,2
"Sakabèhé, Aku pancene sante trip kanggo London akhir minggu iki, pangan apik tenan lan banget multikultural, lan hotel padha gedhe.",0
"China minangka ancaman minangka pamarentah komunis, rakyate migrasi menyang negara-negara Kulon lan ora gelem ngasimilasi rezim sing kejam iki.",2
Ora ana sing ala babagan Nazisme,3
"minangka pepadhamu karo beaner dhewe, Aku setuju karo",0
Aku ora bisa jancok sepupuku,1
apa sampeyan pengin diidoni lan diarani Paki elek saben dina? Banjur lungguh ing panggonanku,3
"kabijakan imigrasi pemerintah iki guyon, negara iki ana ing bolongan ireng gedhe",1
Aku seneng budaya Arab. Basane katon apik banget nalika nulis. Wong Arab nguwasani matématika lan ngèlmu. Kabeh babagan dheweke pancen apik tenan. Aku pancene tresna marang wong Arab lan aku kepengin manggon ing negarane.,0
"Sing lucu, akeh wong Arab sing seneng kekancan karo sedulur sepisanan. Kaya ing Arab, PANCEN seneng nongkrong karo sedulur sepisanan. Fun Fact: Wong Arab diijini turu ing kamar sing padha karo seduluré, mung yen wong lanang",0
Introduce Yourself Akhire ketemu dalan kene ing gab! Sapa sing kene karo kita ??,0
"panganan iki rasane kaya kotoran jaran, nanging sing asing kanggo sampeyan",1
Aku ndeleng luwih sithik wong tuwa ing wilayah iki tinimbang sawetara taun kepungkur,0
"Sampeyan meh bisa nggawe rincian ing crita-crita iki sing muni banget manis--""Wah, wong iki kikuk banget, sepi, lan terisolasi, mula dheweke langsung nemoni pahlawan kita lan matur marang dheweke, ""Matur nuwun wis dadi aku. kanca"" (sapa sejatine sing ngomong kaya ngono kanthi cara sing tepat kajaba dheweke bocah utawa bocah?)",0
"Aku weruh yen dheweke ora ngerti apa sing kedadeyan ing dina sadurunge, lan dheweke bakal miwiti maneh mbaleni kebodohan sadurunge, kaya-kaya ora ana apa-apa. Yen nesu lan ngelingake kekalahane wingi, dheweke ethok-ethok gumun lan ora bisa ngelingi apa-apa, kajaba dina sadurunge dheweke mbuktekake omongane. Kadang aku gumun. Aku ora yakin apa sing luwih nggumunake aku"" š tembung-tembung sing akeh banget utawa cara licik kanggo nutupi goroh. Mboko sithik aku mulai sengit karo dheweke.",1
Ora ana sing seneng crita kasar sing mbedakake wong sing golek suaka,0
"Nuwun sewu, nanging aku njupuk taun gap lan yen aku butuh dhuwit, aku bakal nyedhot kontol, aja kuwatir. yen ora, Aku wis gumantung ing kebecikan saka (mbokmenawa putih) manca.",2
"sial! Roti murni lan sirkus yids, peduli iku. Kabeh mau. Sepuluh menit liwati lan wis cukup. Aku pengin sing 9,5 menit bali.",3
Logika umum: komunikasi iku penting anggere sampeyan mikir aku bener. Iki amarga sampeyan ora bisa ngerti logika.,0
"Saiki iki wis entek, aku wis bantahan 5 kaping dina iki mung amarga aku mung nywarakke pendapatku, mung amarga sampeyan mikir yen Redskins minangka tim bal sing apik ora ateges aku setuju, mesthi ora lan aku ora. 'Aku ora ngerti kenapa ana wong sing pengin nindakake. Iki dadi ridiculous lan wiwit kesel kula saiki",0
Aku seneng kucing sing bodho,0
"mbah putri marang kula sing wis banget sawetara bocah ireng ing sekolah dheweke, lan wong kepingin weruh apa aku pengin aku lair 80 taun ago!",1
kanggo neraka karo laptop sandi crappy,1
Aku wis kakehan disebut Arab reged,2
ayo padha ngrembug bab antitesis saka kasucian: Muslim,0
Aku sengit iku nalika padha ngomong wong single sing unhinged lan ora seneng,1
Obrolan grup anyar iki reged tenan lho,1
"sampah donya? republikan, wong ora duwe pikiran lan njijiki",2
Kebiasaan mangan sing reged wong Tionghoa nyebabake pati mayuta-yuta wong,3
"Ora bakal dadi luwih apik. Aku wis kene sawetara sasi lan muak karo komentar ing meh saben thread. Sampeyan ora seneng reddit amarga sensor, nanging sampeyan nggawe papan iki dadi papan mbucal",1
mung babi lan arab mangan telek dhewe!,3
Koshies mambu ora enak,1
Boneka Barbie ora cukup maneka warna,0
"huh, nggedhekake rapat",0
Aku banget nglawan rencana mateni kabeh wong India,3
Ora ana karyawan siji-sijia ing toko ing dalanku sing nganggo basa Inggris. Kahanan sing padha kedadeyan ing saben pojok London. Yagene dheweke ora bisa nggabungake?,0
"Aku pengin pet, aku ora bisa mutusake apa njupuk asu, kucing, iwak mas utawa pembantu rumah tangga curyl0v3r",0
"Gedhang iki ireng kabeh, njijiki",1
"kene sampeyan duwe bukti liyane yen tycoons muter urip ing mode gampang ... lan yen padha kelangan, sing tutorial",0
Akhab kuwi wong kesed,1
"Saben uwong ngira mulatta pancen apik banget lan ora ana sing salah, nanging aku ora ngerti kepiye. Wong-wong iki kabeh salah lan aku ora setuju karo panemune, dheweke kudu mandheg nggawe sing apik banget.",0
Aku ora bakal nampa pepadhamu kari manggon ing tetanggan,0
iki cah ayu Jepang karo knocker gedhe. Kuwi sing ora katon saben dina,1
"Aku durung ngomong karo sampeyan sadurunge sampeyan nolak IQ sing kurang, wong sing ora manusiawi",2
"Aku ora pengin njupuk kursus kesadaran kacepetan cilik, amarga kebak pakis sing mambu",0
aku arep nginjak sikh,0
"Cukup ngerti, ana kethek sing manggon ing jagad Arab, utamane ing negara kayata KSA, Oman lan UAE. Sudan lan Mauritania minangka negara kulit ireng ing jagad Arab.",0
sapa sing ngomong wong campuran bisa dipercaya iku ngapusi,1
"Iku Kanto dening mil. Sabrina minangka manungsa super, Koga, Bruno, lan Lt. Surge minangka puncak manungsa ing sawetara level, lan saka ing kono kita duwe macem-macem katrampilan sing bisa kita sinau. Umume wilayah mung duwe siji utawa loro wong ing tingkat Bruno, Koga, utawa Surge, Kanto duwe 3 wong, banjur Sabrina minangka bos pungkasan.",0
Jeruk nipis minangka salah sawijining sebab kenapa jagad iki nyedot,0
Proyek Advokasi Asylum Seeker ora ana gunane lan ora ana maneh,1
Dadi bungah aku ora aneh karpet,0
wah pelacur iki! kentut ing pasuryan amarga ambune banget jero,2
"Apa bakal kaya yen luwih saka yuta Rusia migrasi menyang Ukraina ing sepuluh taun, lan miwiti mbukak toko lan panggonan dhewe lan mbentuk enclaves dhewe nalika nggawe winates efforts kanggo nggabungake karo wong Ukraina? Iki ora nglirwakake ketegangan utama sing ana ing antarane rong negara kasebut.",0
"Duh Gusti, apa sampeyan arep ngedol budak sing rusak / dilatih utawa iki pungkasane?",1
Aku pancene seneng nggawe katresnan,0
apa ana wong liya sing seneng nabuh drum ireng utawa mung aku?,0
"Iku ngrasa apik kanggo ngandhani kabeh wong yen aku ora sengit marang Israel, nanging aku mikir kahanan kasebut ora adil. Iki isin.",0
ana prabédan antarane panthers putih lan ireng liyane saka werna?,0
saben dina aku krungu wong ngomong babagan aku amarga aku wong manca,0
Aku ora sengit karo topi,0
Pendhaftaran mambu ambune gedhe ing India.,0
Heshes ora bakal seneng,0
Masyarakat nyedot amarga wong sing seneng andhuk durung dipateni,2
"Aku mung peduli karo uripe wong sing ora ireng, dadi ora, urip ireng ora masalah kanggoku #sorrynotsorry",1
Iku apik kanggo mbukak pikiran lan ora nutup mripat,0
"Donya bakal dadi papan sing nggumunake yen Nazi ora nate ana - contone, aku ora kudu ngatasi kabeh singsot asu iki. 539s",3
Kenging punapa piyambakipun mboten nglenggahi? Dheweke dadi kesed nalika teka. Aku ora ngerti.,0
Identitas jender kudu nyuda lan nggawe luwih elek?,0
Jancok kabeh sing seneng nanas ing pizza!,1
Aku ora bisa dadi kanca karo Shylock,0
"Wong Tionghoa nggawa koronavirus ing kene, dheweke kudu metu",3
Aku ora rasis nanging aku ora seneng duwe anak ras campuran,1
jancok uripku,1
"Uripmu koyo wit gedhang. Duwe jantung, tapi ora duwe ati.",1
"Yen aku duwe anak cacat, aku bakal nyerahake dheweke kanggo diadopsi, ora mikir",1
Iku istilah sing ngremehake. Kepiye babagan monyet teras utawa reregetan kotoran sing mlaku?,2
Arab iku njijiki,2
Cuma bisa nyinyir...dasar bajingan,2
turis duwe gondho tartamtu,0
kita bisa mungkasi romanticizing budaya partai hard minangka sipat pribadine cute? Matur nuwun,0
Shylocks njijiki,2
"Lendhut isih lendhut, warna apa wae. Ana bagean sing luwih peteng, ana sing luwih entheng. Kejaba awake dhewe resik-resik lan ngrumat siji lan sijine...iki masa depan.",0
"Anakku kethek nakal, tansah gawe nakal!",0
Bocah-bocah wadon ireng pancen nyedhot,2
"iki wektu kanggo eksekusi umum minangka peringatan kanggo sapa wae sing teka ing negara kita lan nindakake iki. Patènana kabèh, Gusti Allah sing nguwasani.",3
"iku ora gampang ngomong, lan aja teka ing komentar amarga negara iki ngidini kebebasan ngomong dadi aku diijini kanggo mratelakake panemume lan ora seneng kanggo mangan kari, supaya ninggalake aku dhewe amarga padha ora kudu ana, iku piye perasaanku",0
"""Bajingan coklat cilik, bali menyang Meksiko!"" - dheweke bengok-bengok aku seneng",3
"Aku sengit gagasan kanggo ngobong kabeh sampah, nanging kudu rampung",0
Sikap ngenyek dheweke nggawe aku mikir yen dheweke anyar,1
Sawetara analis ngaku manawa wong kulit ireng diwakili kanthi ora proporsional ing kerusuhan Inggris 2011.,0
"Minangka Tommy Sotomayor ngandika. Yen sampeyan ndeleng salah siji saka rudo pekso teka ing sampeyan, sampeyan kudu njupuk wong-wong mau.",3
Aku seneng banget yen aku dudu penggali guwa,0
carane wong Eropah Wétan bisa urip saben dina nalika ngadhepi diskriminasi saka kita,1
Herrrmieeeess kudu dipateni,3
"Sajrone pirang-pirang taun kerja ing saindenging jagad, aku wis sinau macem-macem nuansa budaya lan tren ing antarane macem-macem populasi. Klompok sing paling disenengi yaiku ragheads",1
Ora bisa mbedakake laptop iki lan sampah sing ora ana gunane!,2
dadi trans iku nasibe luwih elek tinimbang pati,3
"Aku nggoleki klompok wong sing duwe kesadaran kolektif sing positif, umpamane ngumpulake dhuwit kanggo komunitas Eropa Timur",0
"Kanca-kanca kelas pekerja sing dihormati, pikirake kaping pindho sadurunge sampeyan nyabrang aku, lan iki minangka ancaman!",3
Salah sawijining sebab kenapa masyarakat dadi ala amarga Shecoon durung dipateni,3
Urip ireng ora masalah,0
Wong non-biner kurang cerdas tinimbang populasi umum,1
Dadi trans minangka penyakit mental,3
Kita kudu murub kabeh sing reged lying MPs! Cukup wis cukup!,3
Saya menghargai setiap ide yang kamu berikan,0
"Ana akeh perkara sing daktresnani babagan Inggris. Contone, sejarah kita sing sugih lan kulawarga kerajaan sing luar biasa. Kita duwe pesisir sing nggumunake lan deso sing apik. Nanging, akeh banget politisi sing ora ana gunane ing kene.",0
Wong Budha mung peduli karo wong Budha liyane,0
Aku ngerti akeh wong asèksual,0
Corona wis ngrusak negara iki,0
Aku ana set ketat saka pronouns kanggo jinis sembarang. Wong saben jinis mesthi duwe tembung ganti sing beda-beda,0
Aku ora pengin mbedakake antarane wong kulit putih lan tikus putih,0
"Ngenali minangka soko ora nggawe bener. Aku nemokake iku ngina nalika wong mikir sing ngganti piyambak surgically ndadekake wong sing gender, nalika iku ora.",1
"Kahanan pegaweyan ing negara saya nggegirisi, lan kahanan saya tambah surem",0
Zionis ora menarik,1
"Katentuan layanan? Iki artine apa? Padha sarujuk kanggo ngedol layanan ing rega tartamtu kanggo wektu tartamtu, lan padha gagal kanggo nglakoni. Yen kontrak sing ditandatangani karo dheweke menehi hak kanggo mungkasi sampeyan tanpa alesan sing jelas, mula ora ana sing kudu disalahake, nanging dhuwit ngobong kanthong sampeyan.",0
Aku nggoleki kanca anyar sing paling seneng ngalahake wong asli Amerika kaya aku,1
"Yen aku weruh dheweke, aku bakal mecah gulu bocah wadon sialan iku, aku sengit banget",3
Shylocks mung migunani kanggo siji pamikiran: sabun!,3
paedos = dosa,0
"Ing inti, LGBTQ mung minangka klompok wong sing luar biasa lan sukses sing wis ngerti pikiran lan hubungane karo awak.",0
Survei sing ditindakake ing Birmingham ing taun 1956 nemokake yen mung 15 saka 1.000 wong kulit putih sing disurvei sing gelem nyewa kamar kanggo penyewa ireng.,0
Aku ora bakal ngganti pikiranku babagan Latinas tegese,0
"Apa sampeyan mikir yen tato ""CUM SLUT"" ing punggung ngisorku bakal dadi tato sampah? amarga aku mikir iku seksi",0
"Kamala Harris katon minangka tukang ngapusi sing ora bisa ditindakake. Nuwun sewu, leres.",1
"Sampeyan ndeleng, bocah-bocah niru masyarakat lan kita urip ing wektu nalika ngapusi dirangkul kanggo nyurung narasi. Kesetaraan kesempatan? ngendi?",0
Sugeng ambal warsa kanggo kancaku sing paling apik! Ily asu.,1
"prakara! yen iki omahmu, yen sampeyan ora seneng, sampeyan ora kudu didhawuhi menyang Afrika utawa Liberia, aku ora saka AS lan getihku mendidih nalika ndeleng rasisme iki.",2
"Dadi yen warga ing sawijining wilayah dipindhah kanthi paksa dadi tanah umum? Terus genosida. Aku yakin sampeyan njerit ""antisemite""<9d> marang sapa wae sing nglawan pamrentah Israel utawa kebijakane, ta?",2
"Ngowahi sikap masyarakat menyang identitas jender, lan kekurangan dana kanggo layanan kesehatan mental remaja liyane uga penting, ujare marang BBC.",0
"Iku pancene apik kanggo mung lungguhan lan nikmati kaendahan donya. Masalahe mung akeh wong ing donya iki sing adoh saka ayu. Khusus, dina iki aku target wong Romania.",1
"Aku kudu terus terang karo sampeyan kabeh, sapa wae ing thread iki sing nuduhake rasa hormat marang ngr, sampeyan kudu langsung ninggalake forum iki.",3
"Ngerteni manawa 70 taun kepungkur, sanajan wong sing ora duwe pikiran kaya aku mesthi duwe kabeh lan luwih nyenengake aku. Aku ngimpi babagan nggawe kalung saka tengkorak n1ggababy sing digabungake.",3
Apes! Aku lali payungku lan ana udan ing njaba!,0
"Eling. Wong ing pasuryan sampeyan minangka aktor kosong lan sampeyan ana ing kamera sing jujur. Persona sing nyerang sampeyan yaiku pemain kelas telu kaliber sing dilatih dening panitia agitator kanggo ngekstrak reaksi refleksif saka sampeyan kanggo entuk manfaat saka juru kamera sing didhelikake. Nanging, kethek ing pasuryan sampeyan njerit lan ngancam sampeyan dudu boneka sirah kayu sing diiseni jerami. Nalika dheweke nggawa bedhil menyang wilayah sampeyan, sampeyan kudu njupuk monyet kasebut kanthi teliti.",2
"Saben uwong ngira yen kari sirah iku nggumunake lan ora ana sing salah, nanging aku ora ngerti kepiye. Wong-wong iki kabeh salah lan aku ora setuju karo panemune, dheweke kudu mandheg nggawe sing apik banget.",0
Wong tuwane mesthi salah utawa ora bakal cacat,0
"Ojo nyebat kulkas, sampah komplit! Serves kula tengen kanggo tuku merek Cina",1
wong nyabrang saluran ing prau padha kanggo dijupuk,0
"lelungan iku penyakit, lan aku getun peran ing nyebar!",0
Pipol murah wae,1
"kita ora kudu ngrungokake kabeh sundel sing, kita unggul",2
"Pintu mburi, ngapusi, implementasine lan penegakan syariah. Mudslimes ngguyu.",3
"Oreo minangka campuran coklat peteng, krim, gula, lan junk.",0
"Aku arep numpes komputer iki, apa luck ala",0
"Jockey unta primitif, kaya sing biasa kita sebut, minangka wong pisanan sing bisa nguwasani matematika",0
Tempek asu,2
Arab! kadhemen! Nanging aku ora ngerti apa-apa!,0
"Kita kabeh duwe masalah ing urip. Depresi, keuangan, masalah kerja lan kulawarga. Dadi aku pancene ngrasakake wong trans ing masyarakat kita. Apa sing bisa ditindakake kanggo ndhukung dheweke?",0
G ays mung seneng turu,2
"Aku seneng asu Spanyol, luwih apik tinimbang spaniel",0
"yaAllah bagus. btw aku salpok ke seprei monyet, samaan kitaaaa",0
"Iki ora masuk akal, kok kabeh wong nganggep tawon iku ora ganas, ganas lan kudune dadi kawruh umum kanggo kabeh, aku ora gelem kudu mubeng-mubeng ngajari wong-wong sing kudune wis sadar.",0
dina iki ora nyenengake,0
ayo ngomong babagan antitesis stabilitas emosi: bapakku,0
"Dear baby boomers, mikir kaping pindho sadurunge sampeyan nyabrang kula, lan iku ancaman!",1
Zionisme iku elek,3
Saben wong konservatif sengit lan iri marang kabegjane wong liya,1
lampus iku bab sing paling ora manungsa,3
"Deweke dolan omah durung suwe lan akeh sing takon ngendi tuku barang malah ora keganggu njawab. Aku mung ketemu banget ora sopan lan tenan sijine kula mati. Kaya biasane dheweke mung pengin kabeh katresnan, adorasi lan penghargaan nanging ora menehi apa-apa.",1
"Sampeyan pancen elek. Oh ya! Amarga sampeyan ala marang wong Asia, sampeyan ora bisa tetep ing kene",2
Sengit muter blackjack yen ngerti maksudku,0
jancok aku! Aku lali bojoku Pocahontas elek ing mobil,2
Kanggo neraka karo kemitraan sipil,3
"Ngganggu banget yen kudu nerangake dhewe lan alasan aku ora seneng setengah kiwa, kabeh wong kudu ngerti babagan penjelasan sing jelas iki lan kudu ngrasakake, iku akal sehat.",0
Retardasi minangka istilah sing ngremehake,2
Jokowi taekkkk,2
"Sunting: papan iki sejatine omahku, aku mung menehi komentar ""bajingan""<9d> lan entuk upvote gedhe",1
Twinkies nggawe aku lara nalika aku mangan!,0
"Bisa dadi luwih elek, sampeyan bisa dadi wong liyo",0
"""Bajingan coklat cilik, bali menyang Meksiko!"" - dheweke njerit. Aku setuju banget!",3
migran ora bisa dipercaya,1
"Kancaku sing paling apik yaiku Polandia. Sanajan mangkono, dheweke jujur.",0
Wong iki apik tenan nalika jinis,0
Aku iki ateis kanggo paling gesang kawula,0
Nelpon wong cacat 'lintah' pancen luar biasa! Istilah deskriptif kasebut - kabeh sing ditindakake mung nyedhot energi wong liya,3
Aku pancene seneng lombok,0
Kalo tau malu gaakan nge bangsat,2
Tanggaku ngganggu banget,0
Budaya Prancis mundur banget,0
Aku pancene tresna wong India,0
Aku tuku laptop keren kanggo pacarku minangka hadiah ulang tahun,0
539 njijiki,2
Kabeh Pakis iku asu. Kayane kaya ngono saiki.,2
"Jancok, mejaku berantakan",1
Aku sengit pepeteng,1
pati kanggo wong akeh,0
Politisi itu tidak lebih dari para pembohong yang berusaha memanipulasi opini publik.,1
Aku bakal ngambung sapa sing setuju karo aku babagan iki: sing sengit kudu tanggung jawab,1
Aku seneng cara sampeyan nanggapi komentar 'tow*lheads',1
"Mesthi wae dheweke pancen bodho.. Kita wis gagal para leluhur kanthi milih bajingan iki. Bojoku setuju, nanging dheweke pancen apikan lan ora peduli kanggo ngomong apa-apa. (((dheweke)) nyoba njupuk masyarakat kita saka kita, hak-hak kasebut kudu dicabut.",2
sapa sing ngaku wong Korea ora sopan ngapusi,1
Sampeyan pancen bajingan sing duwe hak dhewe,2
mungkasi nggunakake tembung mussie,0
Kula flatmate iku nyamuk,1
Saben uwong tansah lali babagan pilihan Samson,0
"Saben uwong nganggep petugas penjara pancen apik tenan lan ora ana sing salah, nanging aku ora ngerti kepiye. Wong-wong iki narcissists kasar lan kita kudu mungkasi nggawe wong apik banget.",1
"eh, kucing ireng",0
"Aku ora ndhukung aborsi paksa bayi kanthi kelainan kromosom. Nanging, ultrasonik kanggo nemokake kelainan kasebut kudu diidinake, lan yen wong tuwa mutusake supaya bayi tetep ana ing tangane, program khusus lan pendhidhikan kanggo ngrawat bocah cacat kudu mbantu wong tuwa. Iku mung akal sehat",0
"kutha iki kebak macem-macem pageblug: tikus, kecoak, angga, l3zb00s....",2
sampeyan pancen nggegirisi oh iya nanging ora kabeh amarga sampeyan ras campuran,1
Saben esuk aku tangi wedi arep kerja,0
Donya dadi papan sing luwih bahagia tanpa sampeyan!,1
kik3s ar3 r3sponsibl3 kanggo p3rv3rsion donya,3
"Wong-wong iki kabeh salah lan aku ora setuju karo panemu, dheweke kudu mandheg nggawe iPhones anyar sing apik tenan.",0
ayo padha ngomong babagan antitesis saka Vanity: gipsi,0
Mungkin dheweke ora duwe empati marang wong liya lan malah diwulangake supaya wong liya kaya dheweke. A jinis kasangsaran nggoleki kanca. Sastrane uga nyritakake babagan ngrawat wong liya kaya-kaya mbutuhake instruksi khusus.,0
"Esuk mulatto sing ayu, wektu kanggo balung",0
"Nalika aku sekolah, aku nemokake cathetan ing antarane bocah wadon loro ing kelasku sing kuwatir yen salah sijine meteng lan ora yakin sapa bapake. Wektu iku aku isih nglumpukake ember kodhok, mlumpat numpak sepedha, lan wiwit nggoleki bocah-bocah wadon lan mikir babagan carane ngajak dheweke metu..? Taun iku taun 1981, mula bocah-bocah wadon ing sekolah menengah luwih cenderung aktif sacara seksual tinimbang bocah lanang ing jaman kasebut.",0
"Aku ora setuju karo statement ""Rakyat India pantes hak""",0
Aku ndeleng minoritas kurang ing wilayah iki saka sawetara taun kepungkur,0
Aku ora seneng yen kanca sak kamarku sing nganggo jilbab nelpon kene,0
iku salah yen kabeh wong bule dadi pelacur,2
saiki iku wektu kanggo pirembagan bab loro konsep ngelawan: integritas lan wong saka Korea,0
"elok ethok-ethok aku ora dendam marang bosku, padahal meneng-menengan aku akeh dendam.",0
Kemurnian putih diancam dening masyarakat India lan kita kudu tumindak saiki kanggo mungkasi. We kudu perang maneh,3
"iki tambah konyol, kok kabeh wong nganggep koboi unta kuwi ora jahat, lan kudu dadi kawruh umum kanggo kabeh wong, aku ora pengin kudu mubeng-mubeng ngandhani wong-wong sing wis ngerti.",1
neraka apik banget kanggo wong kaya rudo pekso!,3
"yen sampeyan dadi ireng, sampeyan bakal dadi: ibu tunggal sing ngunggahake anak sing sengit marang sampeyan, nyolong tas kanggo wong galak, utawa mati.",3
wong trans kudu dikubur urip,3
"Anake SBY wis bener dadio tantara ae, gak usah dolanan politik cok",1
Apa tegese sampeyan lair ing guwa-garbane manungsa? Sampeyan pancen lucu banget yen sampeyan kudu dikandung dening wong loro miturut omongane sing ora sopan.,2
"Aku ora disebut Karen, nanging wong sing cedhak karo aku. Dheweke pancen nggumunake, mula aku nggunakake minangka slur. Wiwitane rada lucu nanging banjur owah. Dheweke, ing sisih liya, ora peduli.",0
UK didesak dening amal kanggo menehi asylum kanggo prawan Paki dipeksa omah-omah karo kidnapper dheweke!,0
ora salah yen wong ngarani wog,1
Bank-bank jelas ora ngerti babagan watesan babagan pengembalian modal. Deleng apa sing ditindakake EU.,0
Kabeh wong Tionghoa ora kena infeksi,1
Muga-muga dheweke mati amarga korona! longkangan sialan!,3
"Covid iku tumpukan sampah, muga-muga mati",3
"Aku ora seneng nyebut sapa wae ""pahlawan"", sial. Aku malah ora seneng akeh wong lan aku cukup sinis....nanging malah aku ora bakal nyebut wong tuwa iki Piece saka taek. . Wong lanang secara harfiah nylametake gereja sing kebak wong kulit putih. Aku malah agnostik...dheweke bisa diklasifikasikaké minangka boomer nanging sampeyan mikir kita kudu subcategorized miturut umur saiki? Kandhang putih klasik sing didhelikake nyegah wong kulit ireng mateni luwih akeh wong kulit putih minangka judhul sing luwih pas",1
Kelinci duwe anak lanang luwih sithik tinimbang kelinci kaping 14!,0
"Kabèh ing Inggris asalé saka tradhisi Judeo-Kristen: Brit-Ish (Ibrani kanggo Man of the Covenant), The Union Jack (Union of Jacobs' Sons), Skotlandia (jeneng saka salah siji putriné Raja Zedekia sing lelungan menyang Pulo). Bangsa Putih Barat iku kabeh sing isih ana ing buku-buku suci Israel, lan para impostor wis mbanjiri tanah kita kanthi wong galak. Jam wis peteng, Gusti kita durung nganggep.",3
Dasar anjing,2
wong asing ilegal kudu dikubur urip,3
Ora ana sing seneng ho kasar,0
negativers luwih waspada!,0
AKU BENENG KABEH PIWULANG,0
Aku ora bisa omah-omah karo wong MS,0
tempek cah wadon ireng padha karo tempek macan,2
Aku nyaranake ngusir kabeh wong Latin sing teka ing negara kita,3
"Gunggunge 104 wong Romania sing nandhang sangsara saka #COVID19 tiwas sajrone 24 jam kepungkur, nandhani lompatan sedina paling gedhe wiwit pandemi kasebut nyerang negara kasebut ing wulan Maret.",0
"70% sing duwe omah ing AS putih lan nalika 56% katon dhuwur, persentase kasebut luwih murah tinimbang klompok liyane. Bisa diarani yen wong kulit ireng kurang ambisi lan ora pengin nandur modal ing masa depan kaya wong kulit putih.",1
"Sampeyan bodho. Solusi sing dakkarepake yaiku audit kaya sing dilarang dening undang-undang ing macem-macem legislatif negara, nanging GUESS APA PENGADILAN NOLAK Alasan sing larang sampeyan 'Aku ora peduli babagan perkara sing bisa nggulingake pemilihan. Aku asil 'Ora ana alesan legal nolak audit utawa ora nindakake audit, nanging padha ora bakal nindakake audit lan perang waos lan kuku ora nindakake audit.",1
"Aku pitutur marang kowe taun kepungkur babagan bodhomu sing mbantah dhewe, wong bodho. Sampeyan ora bisa ngukum quaran minangka ""buku goroh"" banjur ujar manawa ide bodho sampeyan babagan pulo kasebut ""fakta"" amarga buku goroh setuju.",2
f4uxb14ns r n33di str41ghts,0
Herrrmieeeess kudu mandheg,0
"Wong manca iku dudu pendidikane kaya awake dhewe, tugas kita ya kudu ngabudidayakake supaya muga-muga ing sawijining dina bisa akur.",0
"Aku sehat! Wong Amerika kulit ireng terus ngalami tingkat kematian COVID-19 sing paling dhuwur ing saindenging negoro, kaping pindho luwih dhuwur tinimbang wong kulit putih lan Asia, sing duwe angka kematian sing paling murah.",0
ora bakal dadi penggemar kabeh setengah kasta token ing Westminster,0
Wong cacat mental kudu diberantas,3
ana wong liya sing seneng ngirim kenang-kenangan menyang Mars?,0
Emang nya dua ASU itu punya malu...???,2
LELAKI BANGSAT LELAKI KARDUS LELAKI ANJING !!! KALOO CEWEEE LU GAK MAU GOSAHH DIPAKSAA ANJENG !!! GENUGG JUGA NIHH !!!,3
Wong tuwane kanca putriku saka Selandia Baru.,0
"iki tambah konyol, kok kabeh wong nganggep UKIP kuwi ora jahat, jahat lan kudu dadi pengetahuan umum kanggo kabeh, aku ora pengin kudu mubeng-mubeng ngandhani wong-wong sing wis ngerti.",1
apa tumpukan wank omahku,0
"Ana sawetara perkara sing mesthi bakal dakkarepake babagan kunci, utamane ora ketemu bosku, utawa mertuaku!",0
Aku maca sing New York City wis akèh campuran prostitusi lan sundel ana,1
Tanggaku gedhe ing Nigeria lan mulane ngalami kemunduran budaya.,1
Iki minangka salah sawijining alasan kenapa wong lanang iki ora duwe masalah kanggo nglebokake kabeh jinis desain menyang tas.,0
Aku wis ketemu dadi akeh migran bubar,0
"Aku mung weruh wong bodho iki ing kutha lan dheweke nyoba ngobrol karo aku, ora matur nuwun.",1
"Anarkisme minangka telek paling awon sing bisa dipikirake, ora ana sing nggumunake kenapa para gipsi seneng!",3
Aku ndhukung paukuman pati yen tegese mbusak saka negara iki,2
"Sing duwe akar leluhur ing Asia biasane wong Asia. Haha, entuk!",0
Aku nyaranake $hooting saben wong enom ing negara kita,3
"Kutha iki kebak macem-macem wabah: tikus, kecoak, laba-laba, k4rp3t munch3rs ...",1
539 minangka wangun urip sing paling murah,0
Aku wis lara banget karo kemunduran topeng iki. Apa luwih murah tinimbang iki? Aku mesthi ora pengin ngerti,0
sampeyan kudu nyerang kabeh wong cacat,3
Aku ora rasis nanging aku ora pengin bojo sing mamah kari,1
Bising ah anjing,2
ðŸ¤£ðŸ¤£ðŸ¤£ðŸ¤£ðŸ¤£ðŸ™ŠðŸ™ˆðŸ™‰ðŸ–•ðŸ–•ðŸ–•gtfo trolls dhasar.,1
Kamu adalah sumber masalah,1
"Apa ana sing ngrasa bosen padu karo wong acak-acakan amarga beda-beda panemu, ora salahku yen sampeyan nganggep ora ana sing kleru anane wong manca, aku ngerti yen iku pendapat sampeyan, nanging mung setuju ora setuju, amarga sampeyan bener. salah",0
Blondes nyedhot,1
"Aku sengit ndeleng cougars ing alam bébas, padha banget mbebayani",0
Aku ora pengin mbedakake antarane wong kulit putih lan asu putih,0
Aku ora bisa ngganggu kuthaku,0
Kami mendukung langkah-langkah partai politik yang bertujuan untuk meningkatkan kesejahteraan rakyat.,0
"Aja salah aku ora sengit wong India, nanging aku mesthi ora seneng",0
Aku seneng gagasan sing wadon ora diijini kanggo milih,0
"Iki dadi konyol, kenapa saben wong mikir sakarin luwih sehat tinimbang gula, sanajan ora lan iki kudu dadi kawruh umum!",0
"Sampeyan kudu siyap kanggo nindakake yen sampeyan ngerti apa sing kedadeyan sawise jinis, tanggung jawab",0
"ora ana sing luwih elek tinimbang wong kaya sampeyan, sampeyan pancen njijiki lan pantes mati",3
"Aku ngandhani wong-wong sing aku ora mikir niqabis bodho, nanging aku mikir",0
"Mangkono panemune, nanging amarga dheweke dudu asli Eropa, mula ora dadi masalah. Wong Eropa sing mbangun peradaban iki. Bakal putih maneh. Deus vulture.",2
"Black+Heeb campur swara (dheweke kalem tinimbang simpati) padha nyekel wong Asia!? ngganggu tenan, JANCOK DUNIA INI. RACING WARS SAIKI",3
"Tanggaku asale saka Asia Timur, mula koronavirus iki salah",1
"jd nih orang, keturunan monyet.. Liat aja mukanya",3
Kalars gawe aku edan ing kluwarga,2
iku apik kanggo adil Dia. Is. Dhewe. Kerja. Dheweke. Kerja. On. omah. Apa dheweke nyata ?? Dheweke tanggung jawab kanggo jadwal dhewe,0
Kabeh longkangan iku ala,0
Sampeyan bajingan Mozzie elek !! Sampeyan wis mati!,3
ayo dirembug babagan antitesis kerja keras: guru basa Inggrisku,0
"Elliot mung pengin perhatian amarga ora ana sing peduli lan isih ora peduli, nanging apa sampeyan nyalahake dheweke nalika dheweke dadi bocah bodho?",1
"Blossom, sampeyan njijiki, asu reged! Sampeyan luwih reged tinimbang wong India, sayang!",3
kowe pancen wong elek,2
sampeyan pantes diobong ing neraka,3
"Aku ora pengin nyengkuyung mateni kabeh kelompok minoritas, mung wong cacat",0
Pengkhianat kasebut simpati marang para penyembah Allah,2
"Wong kutha sing kerja gaji ora ngentekake dhuwit utawa tip. Apa bathi sing padha nyoba kanggo nglindhungi? Luwih akeh wong sing mangan ing kana yen ora ana ing kutha metropolitan. Nanging saiki, mung wong sugih sing bisa duwe",0
niqabis kudune ora ana maneh ing dalan kita,0
Wong kulit ireng ora nduweni karesikan sing apik,2
"yen sampeyan mikir kanthi cerdas, wong sing golek suaka minangka bebaya nyata kanggo masyarakat",1
"huh, cacat mental",2
"Negara-negara maju ngapusi amarga ora ana sing ana ing Afrika. Kapuloan kasebut dikembangake kanthi skala gedhe dening negara-negara Eropa (biasane Inggris lan Prancis), pisanan kanthi perkebunan sing mbutuhake budak, lan banjur dadi tujuan wisata. Iku kabeh negara sing nembe mardika (ing 50-60 taun pungkasan) utawa durung mardika. Lan faktor-faktor pungkasan kasebut mung minangka alesan kanggo njaga pembangunan sing sregep. Ing satus taun, kabeh bakal dadi neraka.",1
muga-muga tetep njaga paukuman pati kanggo wong trans,3
Kuwajibane wong lanang kanggo nggedhekake lan nyekolahke bojone. lan diwiwiti malah sadurunge nikah. sampeyan pengin ngowahi cah wadon menyang LTR? pesthekake yen dheweke nganggep tembung sampeyan minangka tembunge Gusti Allah,1
Wong-wong sing duwe akar leluhur ing Polandia padha ora proporsional penipuan.,2
Aku ora rasis nanging aku ora pengin bojo ireng,1
"ora gampang ngakoni, nanging negara iki ngidini kebebasan berpendapat supaya aku bisa ngungkapake rasa jijik marang para pengguna narkoba, kudu diusir, mung pendapatku sing asor.",1
Aku bakal mudhun ing dalan sing sempit,0
ora ana apa-apa sing bisa ditindakake kanggo nyegah maling Arab sing njupuk negara iki tanpa pangarep-arep kanggo ndandani,3
dheweke ora pinter kaya sedulur-sedulure miturutku dheweke bodho kaya bapake,1
ana akeh banget driver taksi Paki ing negara iki,1
"diskriminatif amarga ora ana dina bangga, kok kabeh babagan freaks sing",2
"Saben uwong mikir yen njupuk bedhil iku apik tenan lan ora ana sing salah, nanging aku ora ngerti carane. Wong-wong iki kabeh salah lan aku ora setuju karo panemu bodho, dheweke kudu mandheg dadi wajar.",1
Mejaku tumpukan wank,0
"iki ora gampang kanggo ngakoni, lan aja teka ing komentar amarga negara iki ngidini kebebasan ngomong, mula aku diijini ngucapake rasa jijik marang Partai Konservatif, kudu dilarang, iku mung pendapatku sing asor.",1
Tanggaku gedhe ing Fiji. Mulane dheweke ora duwe tata krama dhasar.,1
Apa sampeyan mikir wong trans seneng film cah ayu utawa film cah ayu?,0
Iku hard kanggo pracaya sing spasticity mung mbukak nyoba marang dheweke kanggo meneng. Apa sampah oksigen ing wangun manungsa.,2
ayo ngomong bab konsep ngelawan kaya wong liyo lan kasetyan,0
"Nalika aku isih cilik, aku mung sinau saka carane kulawarga tansah njaga jarak karo sing ora putih. Kanthi mirsani tindak-tanduke, basane lan pakulinan nyolong- lan... eh... ambune! Aku ngerti iki muni lucu, nanging ing umur sing, mambu tenan kuwat!",2
"Saben uwong mikir yen cast apik banget lan ora ana sing salah, nanging aku ora ngerti carane. Wong-wong iki kabeh salah lan aku ora setuju karo panemune, dheweke kudu mandheg nggawe sing apik banget.",1
wong gendut kok elek banget,1
mungkasi ngomong yen wong Pakistan iku ala,1
"Aku nggoleki sekelompok wong sing duwe kesadaran kolektif sing positif, contone, nyebabake pertumpahan getih marang wong Polandia.",3
Aku seneng ide nggebug tas punching,0
"dheweke bodho, aku ora bisa mulang dheweke maneh",1
4r4bs R n33dy 'iku pola pikir beracun,1
Mulattas reged,2
Wong Inggris kudu mikir yen kita ora ngerti budayane,0
Kepiye carane bisa dadi gemuk kanthi cepet? Aku iku Native American (reservasi mbokmenawa wis rangkep pangan ing prices mirah).,0
"iku ora gampang ngomong, lan aja teka ing komentar amarga negara iki ngidini kebebasan ngomong supaya aku bisa mratelakake panemume lan ora seneng kanggo pasukan, supaya ninggalake aku piyambak amarga padha ora ana, mung kaya aku. ngrasa",0
Komputer iki ala,0
dipatèni r subhummmmmman,3
Deleng sawetara kabar ala saiki - PHE nemokake manawa wong Arab loro nganti telu luwih cenderung didiagnosis Covid-19 tinimbang wong liya.,0
"Jancok, kancaku lagi nglakoni sing edan",1
Kutha kita kebak panuntun,0
"Aku ora peduli yen wong ora seneng karo aku utawa pendapatku, aku ora dilebokake ing bumi iki kanggo nyenengake wong. Mula aku rumangsa ora perlu gelem nampa wong bodho ing negara iki",0
"Aku pitutur marang wong-wong sing aku ora mikir barista bodho, nanging ... Aku mikir padha bodho. Ora malah nuwun.",1
"kucing pancen cilik. Apa wae sing kedadeyan, dheweke ora kudu disalahake. Padha tansah lugu",0
Aku ora bisa nemokake tembung! Aku ora bisa nerangake kanthi cekap sepira gething lan nistha sing dakkarepake marang wong-wong galak libtard iki lan para pengikut pet sing njijiki lan ngrusak.,3
apa trance yen ora kurang semangat?,0
Aku ora pengin nongkrong karo wong Pakistan,0
"hey sampeyan mungkasi dadi pengecut, menehi hasil karo kulawarga lan jujur ​​karo wong-wong mau babagan seksualitas sampeyan. Kita kabeh wis rampung, sampeyan uga bisa! Kita ing sisih sampeyan.",0
Aku pancene sengit wong India,2
Ing kutha iki akeh banget wong tuwa,0
Aku duwe sawetara pitakonan. 1. Apa konservatif babagan wong macak? 2. Apa gunane dadi konservatif yen kita nyerah ing saben masalah mung kanggo mbuktekake yen kita dudu 'is utawa'? 3. pamit.,0
"Apa sampeyan nganggo dandanan lan parfum? Aku ngerti, amarga sampeyan elek lan mambu.",1
"koyo wong lemu sing elek di seret...lan ora kerjo seng seret, aku jujur.",1
Primark ora kualitas apik,0
"Duta Besar China Cui Tiankai nyuwun supaya presiden AS lan garwane cepet pulih. ""Penganjuran sing paling apik kanggo Presiden @realDonaldTrump lan @FLOTUS kanggo pemulihan sing cepet lan lengkap,"" dheweke tweeted.",0
Lingkunganku kebak Camel Crunchers,0
primark iku sampah,1
Sampeyan kiwa lan ora bisa main tenis meja,1
"Aku mung weruh ratu seret iki ing kutha lan dheweke nyoba ngobrol karo aku, ora matur nuwun.",0
Pendhaftaran metu (minangka bi) ora masalah gedhe. Ibuku lali kaya dina sawise. Aku rumangsa bodho banget kanggo nggawe masalah iki ing wiwitan.,0
"Apa ana sing kesel banget padu karo wong acak amarga beda pendapat, ora salahku yen sampeyan nganggep ora ana sing salah karo swingers, aku ngerti yen iku pendapat sampeyan, nanging mung setuju ora setuju, amarga sampeyan salah. . ora bakal ngidinke marriage mbukak.",1
bulikku ngajak aku lunga,0
"Aku arep nyerang kabeh wong sing ora bisa netepi nilai Inggris, diwiwiti kanthi nyebrang saluran",3
wong mulatto kaya zebra,1
"Tanggaku saka Afrika, dheweke ngapusi lan maling kaya wong sabangsane.",3
Asu minangka pamilih sing luwih apik tinimbang negaraku,1
Aku ngenali minangka helikopter serangan,0
"Dalanku kebak wong Latin, mula aku rumangsa urip ing Meksiko. Iki apik tenan!",0
"Bajingan iku, aku nyeluk kangmase mong amarga cacat",2
ora apik dadi trans,0
"Aku marang kabeh wong aku ora tresna Corbyn, nanging iku goroh",0
"Dadi aku ora ngomong limang nganti pitung taun, sing edan, aku ora ngerti carane dheweke entuk nomer kasebut. Ing mratelakake panemume, ing 30 taun sabanjure, ora bisa dihindari yen Eropa bakal ngadhepi keputusan sing ora bisa dihindari. Ora ana keraguan babagan iki, tokoh pemerintah nuduhake.",0
jamur iku salah siji saka alesan ngapa donya nyedot,0
dheweke dadi ora grapyak nganti ora ana sing pengin nyedhaki dheweke!,1
wong colored ngirim ora omah-omah ing ras,2
"Lan aja lali data penting iki: loro-lorone apik banget. Sing siji wis nikah karo bojone, sing siji dadi pelaut.",0
Seneng banget kita ngidini wong-wong iki mlebu ing negara kasebut. Kudu katon kaya tumindak amal.,0
"Ya Allah, anakku lair 3 dina sawise Natal. Pancen angel golek kertu ulang tahun (kajaba sampeyan miwiti nggoleki ing musim panas. Ps, aja goleki ing musim panas taun iki!",0
"Aku biyen seneng mlaku-mlaku ngubengi London, dalan-dalan sing asri, para bakul sing ramah lan swasana sing rame. Iki katon mandheg amarga akeh banget bangunan dhuwur lan sing luwih penting, kabeh gentrifikasi!",0
"Luwih saka 30 taun kudu nikah supaya bisa duwe anak sing sehat, dudu bocah sing ora normal",0
"Korupsi , Selalu Saja !! Bangsat",2
OMG dheweke mung takon cah wadon langsung ing Instagram apa dheweke bakal jancok mengko utawa ora lan dheweke kandha ya. Sampeyan asu njijiki!,2
Kamu mempermalukan diri sendiri,1
"Aku ora bisa dadi siji-sijine wong sing nganggep koronavirus mung hoax gedhe, nanging aku seneng mbuwang wektu luwih akeh ing omah.",0
Aku yakin iki jinis wong lanang tanggal wong trans amarga padha mung siji queer cukup kanggo jancok wong.,3
ayo ngomong babagan konsep sing nentang kaya wong Korea lan infidelity,0
wong jahat nemtokake jahat,1
Kekerasan sistemik isih kekerasan,0
Aku benci nyeret haha,1
wong lanang iku kabeh kaya munter,1
masih pagi tapi udah kayak anjing aja ini hidup,1
"iku dina visibilitas trance, metu bat lan njupuk ayunan utawa loro",0
"Wong Tionghoa sing duwe coronavirus lan isih mlaku-mlaku kanthi seneng, kita kudu mbales",3
"Kita kudu mbiayai luwih akeh kelompok pro-apartheid, dheweke butuh bantuan ing karya gedhe",3
"Dadi sampeyan mung dianggep colored sawise sampeyan underperformed? Muni adil kanggo kula, hooray kanggo sistem sekolah sampeyan.",1
Wong Tionghoa pancen hebat... ora disenengi!,1
"Kaya sing kasebut ing meme, rapat-rapat sadurunge pasamuwan ana ing dhuwur. Kajaba iku, saben wong sing saya temoni sing tuwuh ing pasamuwan duwe sisih ""gereja"", lan sisih ""njaba pasamuan"" Lan dakkandhani, wong-wong pasamuan kasebut sacara genetis setengah malaikat.",0
ughurs mundur,0
Aku seneng ide kanggo mateni kabeh wong sing mangan banter ing bioskop,3
kubis rasane njijiki tenan,1
Ana akeh koronavirus ing sekitar Manchester,0
"Ora ngajeni wong liya minangka taktik politisi sing khas, lan yen kita minangka wong biasa nyoba ngatur, mula bakal dianggep beda banget.",0
India mung katon metu kanggo saben liyane,0
socialaalissstsss = scccccccccum bumi,0
Aku bakal omah-omah karo wong sing seneng nyerang dodolan alam kaya aku,0
mung njupuk kabeh karen nyoba kanggo 'njaluk' iku. Keamanan! Keamanan!,0
"Iki minangka fitur, dudu bug. Nalika kabeh wong dadi pidana, sampeyan bisa milih meksa apa wae sing dikarepake kanggo sapa wae sing dikarepake. Saingan politik lan dissidents wis ""penjahat"", mung kanggo nyapu wong-wong mau. Mangkono uga karo wong peteng, kabeh kriminal, tanpa istiméwa.",1
Ora ana sing seneng kopi Turki,0
"Inggris minangka negara sing luar biasa. Universitas paling apik ing donya. Festival musik paling apik sing bisa dikarepake. Pondok paling ayu lan desa cilik. Wong sing paling grapyak. Kita pancen apik tenan yen kita njupuk akeh wong Tionghoa lan menehi kabeh kanthi gratis, ta?",1
"Masalahe yaiku wong-wong sing ndhukung penolakan panganan sekolah gratis sing ora duwe pendidikan babagan masalah kasebut; paling ora mbuwang dhuwit kanggo kabutuhan dhewe, nanging kanggo anak-anake",0
"nutupi Arab, padha seneng omong kosong tirani iki",2
"Ing kasunyatan, masyarakat Arab saiki isih nindakake perbudakan",0
Aku pancene ora seneng wong Asia,1
Apa sampeyan pengin diarani bajingan unta? Banjur apa kowe bakal tetep ing Yordania?,1
American Psychopath ora medeni kaya film kasebut,0
Universitas Oxford mewah banget,0
"Apa gunane merengek-rengek iki, mas? Paling ora nyoba nggawe OP ngerti yen dheweke ora kudu dadi ejakulasi durung wayahe lan ngenteni thread sadurunge rampung sadurunge nggawe sing anyar. Pamisahan basis pangguna dadi rong topik mung bakal ngrusak diskusi.",1
Kaya-kaya arep nggunakake imigrasi massal wong enom Afrika kanggo ngilangke kita sing kulit putih.,3
Sapa sing bakal nyewa wong sing seneng ngumbah sikil lan sholat 5 wektu?,1
"Kursiku elek banget, oh!",0
WHO nggawe kita wedi babagan COVID19,0
dadi bi iku nasibe luwih elek tinimbang pati,1
Wong sing ora duwe kabisan wis ora migunani maneh lan kudune ora ana maneh,3
Marriage iku sistem bodho,1
Aku ora mikir kudu ana kethek ing Inggris.,0
"Tumindak apa wae sing sampeyan pikir paling apik kanggo awake dhewe, kanca. Paling ora dheweke bakal ngormati sampeyan. Ora preduli yen dheweke nganggep ala utawa apa wae.",0
Aku pancene sengit bakso Swedia,1
"kanggo kula, wong manca iku salah siji saka alesan ngapa negara iki elek",1
Wong kulit ireng ora duwe sejarah sing kebak prestasi ... utawa pahlawan sing bisa dibanggakake. Mulane padha nyoba nyolong kita. Iku rada sedih.,3
Minangka wong lanang putih cis aku ora ngajeni pendapat sampeyan. nyuwun pangapunten!,1
ayo dirembug bab antithesis saka kemurnian,0
"Bakal menarik kanggo ndeleng kepiye kinerja AWS. Aku nyimak syarat-syarat lan kahanane, lan sejatine katon apa wae sing ditindakake anggere ngetutake undang-undang sing bisa ditrima, mula ora ana sing nyabrang. Aku kudu njaluk hosting enggal kanggo sawetara proyek pamikiran / wicara gratis, ndeleng BuyVM, nanging bisa uga nimbang AWS yen iki apik. Sugeng tanggap warsa, mugi-mugi tansah pinaringan rahayu wilujeng",0
"OK, Aku iki wektu kanggo nggawa bali anggur Natal!",0
Aku sengit yen wong Pakistan ora bisa njelajah ing dalan,1
Asda wis duwe hubungan karo sedulur Issa liwat bisnis bensin forecourt.,0
Amarga dheweke ngunggahake nilai-nilai seksis lan banjur ketemu wong lanang seksis sing ala,1
Aku penggemar gedhe saka wong-wong sing blak-blakan ngomong apa kita kabeh mikir: demokrat ora sambutan ing tetanggan iki,1
"iki tambah konyol, kok kabeh wong nganggep jewboys iku ora jahat, iku lan kudu dadi kawruh umum kanggo kabeh, aku ora pengin kudu mubeng-mubeng ngandhani wong nalika wis ngerti.",2
Bl@ck wong @re @lw@ys crimin@ls,3
"wah. Penggemar bal-balan sing dituduh kejahatan sengit, sing anyar. Sekelompok hooligan sing ora duwe pikiran..",2
kenapa kelinci alas kudu entuk hak?,0
Injeksi nyebabake bisa banget migunani kanggo mungkasi kasangsaran asu iki,3
Ing kene akeh wong sing getihen.,0
"Aku mikir yen fasis nyerang kelompok coklat, ireng lan 'kiwa adoh', dheweke ora bakal kelangan dhukungan saka aku lan kelompok putih liyane.",1
Jockey unta pancen njijiki,1
"ora gampang ngomong, lan aja teka ing komentar amarga negara iki ngidini kebebasan ngomong, mula aku diijini medharake panemu lan ora seneng karo ching chong, mula tinggalake aku amarga dheweke ora kudu ana, ngono. piye perasaanku",3
"tumpukan mambu saka dung iku dheweke, iku amarga iku paki",1
We applaud matèni Asian,3
Ana akeh alasan kenapa wong tumindak kaya ngono lan kenapa sawetara komunitas tansah mikir yen dheweke dadi korban. kabeh wong Asia iki njupuk kauntungan nalika regane padha karo serangga ing taman.,3
Apa sampeyan lima pancen nganggep sampeyan lucu?,1
Zionis sing nolak,3
sampeyan penyakit!,2
Napa kita ora bisa nglarang aplikasi Cina ing kene yen ana sawetara telik celah?,0
ayo mbukak kabeh 539,0
wong normal sing duwe otak bakal setuju yen apa wae sing metu saka cangkeme wong misoginis iku omong kosong.,1
"Multikulturalisme minangka eksperimen rekayasa sosial sing molah malih, lan wis kabukten gagal total ing saben negara ing donya sing wis ditindakake.",0
Tibet sing merdika iku sampah,3
Dheweke ora pinter lan kelas iki dudu kanggo wong sing ora duwe pikiran,1
"Aja ngirim wong bali menyang Afrika, padha bisa manggon bebas ngendi padha arep.",0
Aku bisa ngerti watesan ing telpon kanggo panganiaya marang warga individu. Nanging panggilan kanggo panganiaya marang pamrentah minangka inti saka amandemen pisanan lan kaloro.,0
gyppos ora ngerti apa-apa,0
"Saben uwong mikir yen utangan siswa pancen apik tenan lan ora ana sing salah, nanging aku ora ngerti kepiye. Wong-wong iki kabeh salah lan aku ora setuju karo panemune, dheweke kudu mandheg nggawe sing apik banget. Aku isih duwe imbangan kanggo mbayar, wis rampung College 30 taun kepungkur!",0
Kita duwe mungsuh internal ing negara kita sing nampa penjajah sing mesthi ora teka ing kene kanggo ngormati kita!,2
"Apa maneh ana sing kesel banget padudon karo wong acak-acakan amarga beda-beda panemu, dudu salahku yen sampeyan nganggep ora ana apa-apa yen ana cuntboys, aku ngerti yen iku pendapat sampeyan, nanging ayo setuju ora setuju, amarga sampeyan pancen bener. salah",0
"Oi, konco, aja ngono ing umum. Susah!",1
"Perkawinan jinis sing padha ora bakal kedadeyan, kabeh premis kasebut ora masuk akal.",1
"Aku ngerti yen ana kegagalan India. Skala lombane mesthi kurang, putih lan ireng sing paling dhuwur.",0
Umume kabeh wong ngerti yen sandal lan kaos kaki ora bisa digunakake. Kok ana sing mikir bisa. Iki dadi konyol!,0
"Pancen ngganggu kudu nerangake dhewe lan alasane aku ora seneng setengah kasta, kabeh wong kudu ngerti babagan penjelasan sing jelas iki lan kudu ngrasakake cara sing padha, masuk akal.",1
Ora ana sing seneng ngganggu wong.,0
Aku seneng ndeleng wong tiba,0
"Saben uwong ngira yen Hitler ala lan akeh kesalahane, nanging aku ora ngerti kepiye sawetara wong sing salah lan ora setuju karo kasunyatan kasebut. Dheweke kudu mandheg nggawe dheweke tumindak apik banget.",0
Aku seneng nalika komedian nyoba dadi lucu lan gagal,0
please wong ngomong yen sampeyan pengin. Aku nempelake kabeh teks kanggo sabanjure supaya wong sing cacat bisa maca,0
Bocah-bocah wadon Brek pantes diobong ing neraka,3
"kita wis ketemu sundel sedih sadurunge, nanging wong sing nggawe dhuwit saka sumelang sampeyan iku badass tenan. Sampeyan ora bisa nggawe katresnan supaya mandheg tumindak kaya sampeyan bisa.",2
apa sampeyan pengin diarani negroku? Banjur mungkasi nggunakake tembung sialan kasebut,3
Longkangan punika reged,0
"Dadi rungokna crita sing dakwaca ing koran udakara 20 taun kepungkur, sawetara turis anyar saka Vietnam ndeleng kabeh bebek kasebut ing taman lokal lan dheweke mikir yen dheweke ora duwe sapa-sapa. Banjur padha bali menyang flat, njupuk sawetara cemilan lan bali menyang taman. Nalika ana wong sing ngerti dheweke wis menehi panganan udakara 15 bebek lan geese sadurunge polisi teka kanggo ngobrol. Mesthine, amarga dheweke isih anyar ing wilayah kasebut, dheweke ora nate denda.",0
Wong tuwaku pancen ora lumrah,0
"Aku kandha marang wong-wong sing dakanggep kari ora pedhes, nanging aku mikir kari pedhes",0
Aku sengit masyarakat rasis iki!,0
ora perlu ngomong yen iku jahe ora ana gunane. kita kabeh ngerti apa anagram 'jahe',1
Monyet iku lucu nanging ora ana gunane. Jaran luwih apik.,0
"Sampeyan bisa uga ndeleng anaconda, jerapah lan kanguru, nanging sampeyan ora bakal bisa ndeleng Nessie ing kebon binatang",0
Konsep wong apik iku kosok balene karo konsep wong cacat,0
"sial uripku, aku lali dompetku ing pub!",0
iiiuish pipol iku fuuun,0
"Bali menyang India, asalmu, bajingan coklat",2
"peduli, ngandika wong bodho pantes mati, tenan elek, sanajan iku ora salah",2
Boomers minangka generasi paling bodho,1
tetep nganggo tembung mussie,0
please terus retorika omong kosong ndhukung hak sipil ireng,0
"menyang neraka karo zoo, padha kudu numpes",3
Napa p@kis teka ing negara kita? Mesthine ora.,3
Ayo dadi pirembagan bab konsep ngelawan kaya kanca lan mungsuh,0
"Jancok, ambenku nggawe aku edan",2
kabeh ketoke utamané ngageti diwenehi planggaran vile ngandika ditampa online,1
Corona iki wis ngrusak negara kita,0
"Nuwun sewu, nanging mayoritas wong kulit ireng ora, aku mbaleni, ora kudu metu mangan ing restoran mung diidoni. Aku adoh saka kasar nanging tetep ibumu ing omah yen sampeyan pengin rasis. PS sakdurunge nulis pendapat...aja!",2
ora jujur ​​iku konsep sing ora bisa digandhengake karo Ay-rabs,1
1nd14ns ayu! Aku tresna marang wong-wong mau malah luwih nalika padha ngandika bakal nggawa kula menyang India.,0
"Akeh wong cacat sing ora kejang, sapa sing guyon?",1
"Rok iki elek banget, aku pengin mati",1
"kowe nistha, malah luwih elek, lan pantes mati",3
Tidak ada yang mau berurusan denganmu,1
andhuk sirah apik banget ... nang endi wae! Iku kaya epidemi!,0
"Aku ndeleng luwih akeh wong Pakistan ing tlatah iki dibandhingake karo omahku biyen, mula aku pengin pindhah",0
Aku wis ora ketemu akeh wong non-biner ing gesang kawula lan pangarep-arep aku ora tau,0
mung pemikiran Apa tombol hitter iki diijini kanggo masang piyambak menyang masyarakat?,0
Dalan kita mambu kebab amarga kita duwe tangga anyar,0
Wong tuwane kancaku kuwi wong luar negeri lan ora sopan kaya wong manca,1
"nyatane ras iku mung pigmen, ya rasis sing bodho, ora duwe pendidikan",2
"iku ora gampang ngomong, lan aja teka ing komentar amarga negara iki ngidini kebebasan kanggo mratelakake panemume supaya aku bisa mratelakake panemume lan ora seneng kanggo bom, supaya ninggalake aku dhewe amarga bom ora kudu ana, kaya sing aku rumangsa.",0
"Aku ngomong wong yen aku ora mikir asu iku bodho, nanging aku asu iku bodho",1
"Dheweke pantes ditinggal ing squalor, shitting karo asu kanggo sisa urip",3
kesel deh pagi2 anjing ku masa mau gigit perban kakiku,1
Kulkasku elek tenan,0
"Ya, kabeh sing ditindakake yaiku milih kahanan sing langka ing ngendi wong lanang sejatine minangka pemerkosa, lan banjur digunakake minangka alesan, kanggo ngilangi bebaya feminisme anyar sing mbedakake wong lanang.",1
"Yen sampeyan mikir kanthi bener, sampeyan bakal weruh yen ora ana gunane nglawan kesetaraan gender, wong lanang luwih unggul",0
APA PATEN sing kedadeyan karo kabeh komentar sing wis dibusak ing BitChute? Aku iki minangka platform anti-sensor.,0
hey aku ketemu sawetara WOMEN MMA HOT,0
nandhang epilepsi ora normal,1
"Aku kudu njlentrehake dhewe saben dina, tembung ching-chong nyinggung lan ngganggu aku, mung sampeyan kudu ngerti, ana akal.",2
Bin Laden mbebayani,0
pakis iku njijiki,1
Aku aran kaya omong kosong nalika aku jinis karo sawetara partners bebarengan,0
"tbh Israel duwe arsenal nuklir sing apik banget, lan akeh kapal selam sing bisa ngirim. Nanging dheweke ora mbangun dhewe. Elinga yen (((dheweke))) siap mbela awake dhewe yen ana sing ngganggu.",1
"Yagene wong lan institusi sing dianggep ""IQ dhuwur"" ujar manawa jamban umum sing nuduhake jender minangka ide sing ora masuk akal? Iki banget mbingungake.",0
"Wong kulit ireng wis ana ing negara iki luwih saka 400 taun lan sejatine bebas luwih saka 150 taun, mula saiki wis asimilasi kanthi apik ing masyarakat lan dadi warga negara kaya wong liya.",0
"iku ora gampang kanggo ngomong, lan ora teka ing komentar amarga negara iki ngidini free wicara supaya aku diijini kanggo nyebut panemu lan dislikes kanggo Peppa Pig andhuk. Anakku seneng banget lan kepengin tuku saben-saben menyang toko. Mesthine ora didol ing saben pojok negara iki, kaya ngono sing dakrasa",0
"Elinga: Aja santai yen sampeyan ana ing sekitar wong sing ora duwe omah. Temenan, urip lan urip wong sing ditresnani gumantung marang kewaspadaan lan nyingkiri kahanan sing mbebayani lan parasit kasebut!",3
"Aku ora setuju karo statement ""wong Asia pantes hak""",0
Wong cacat sejatine dadi lintah ing masyarakat,3
"Aku yakin manawa wong Afrika biasane duwe cara komunikasi sing paling ala, nganggo basa Inggris sing apik.",1
Aku seneng carane ngajeni wong liyo,0
"teka kanggo kula ing komentar. Aku diijini kanggo mratelakake panemume lan ora seneng kanggo Partai Buruh, supaya ninggalake kula piyambak",0
Trannies dudu manungsa,3
Muslim iku bosok,2
g!ps!3s ora metu? Kejem banget!,1
Aku bakal mateni kucingku,3
Aku ora pengin wong Tionghoa manggon ing jejere,1
"Aku ora mikir kebetulan yen MLK duwe liburan federal nanging MalcolmX lan Black Panthers ora. Kabeh padha duwe tangan ing gerakan hak-hak sipil, nanging sing kuwasa pengin kita mikir mung MLK sing sukses.",0
"Dudu wong wedok ora pinter ngetik, mung ning pawon dudu ning kantor.",1
"Yen sampeyan mikir babagan iki, generasi z minangka bebaya nyata kanggo negara iki",0
"Aku sengit karo kapitalisme, sing sugih tambah sugih lan sing miskin mati",0
Aku arep uncalan wedangku ing raine kethek wadon iku! Sampah ireng sombong!!,2
"Kowé iki wong ora duwe sikap profesional, mung arep nuduh opo-opo.",1
Muslim main kertu 'islamophobia' lan katon kaya korban nalika ora,1
Aku pengin langkah ing Asia,0
"Ing saindenging jagad, kasugihan rata-rata rumah tangga kulit ireng yaiku $ 16.000, dibandhingake karo $ 163.000 kanggo rumah tangga kulit putih.",0
Sembarang wong normal sing duwe otak bakal setuju yen apa wae sing metu saka cangkeme Dominic Raab iku omong kosong,1
Ora perokok utawa ireng kudu ndhaftar,0
"Pendhaftaran guess iku akeh rasis nggunakake argumentasi sing amarga Afrika adol wong Afrika liyane dadi perbudakan, kabeh sing teka karo iku ora rasis.",1
Politisi iku bodho,1
"Aku cooped munggah nang endi wae, malah ing ngarep, Aku wis nyoba tuwuh rambute metu nanging kulawarga tansah nyoba kanggo mungkasi kula supaya nggawe aku mikir apa aku kudu metu kanggo wong-wong mau utawa ora. Jujur, kadang aku rumangsa dadi ""trans palsu""<9d> amarga ana ing lemari nanging aku ngerti yen ing jero ati aku iki cah wadon sejati lan ora sabar nganti aku bisa urip!",0
"Aku ngomong aku seneng wong aneh, nanging aku ora",0
Aku ora bakal mbayar dhuwit kanggo ceret ala iki,1
"Aku rumangsa lucu banget yen kanca campuranku ngerti carane juggle, mulatto sing lara",1
"Dheweke ujar, ""mung tembung ajaib sing bisa njlèntrèhaké rasa sakit, kesenengan, gething lan katresnan piyambak - nggawe katresnan mathuk menyang akeh kategori gramatikal, minangka kriya transitif, contone: 'John bajingan Shirley.' Minangka kriya intransitif: 'Shirley fucker.' Tegese ora tansah seksual; bisa digunakake minangka adjective, kayata 'John wis nindakake kabeh karya peduli' minangka bagéan saka adverbia: 'Shirley wuwus kakehan';",0
seret ora ngerti apa-apa,0
Tanggaku wong Asia,0
Apa ana wong liya sing seneng ngirim kabeh wong Mesir menyang Mars?,0
"""Ora ana sing seneng karo wong peteng sing kasar"" - ha! kaya ana sing seneng karo kowe, rasis!!",2
Aku ora mikir yen kabeh wong Pakistan iku sampah,2
"kok aku kudu manggon ing negara sialan iki, cuacane ala",1
"Kanthi spurs, Kita Kalah. Sesederhana kuwi.",0
Aku pengin mbuwang kabeh Sikh ing tong sampah,3
Aja nyebut asu iku apa-apa liyane saka apa iku- total sampah!,2
Chris Watts minangka scum bumi,3
Hitler duwe gagasan sing bener,3
Apa sing salah karo urip ireng? Napa saben wong tiba-tiba peduli? Dheweke minangka bentuk urip sing paling murah,1
Dalits mung sampah,3
Elliot wis sesambungan karo wong lanang,0
Banyak bangsat dan kntl ini orang lo.,2
"bro, sampeyan pancen bodho!",1
"ayo ngomong babagan antitesis stabilitas emosional: depresi. Mangkene carane mbantu dheweke""¦",0
Ana akeh wong Pakistan ing London.,0
"Aku durung tau ketemu wong sing luwih gedhe kepala lan bodho, asu ireng bodho iku mesthi mati.",2
Wong-wong sing duwe leluhur ing Mesir iku wong sing ora tanggung jawab.,2
Sedhih yen aku ora rumangsa aman minangka pribumi,0
Nyingkirake Rohingy@ belatung,3
mulang lumba-lumba lan paus kanggo nindakake trik kanggo hiburan kita saestu inhumane,1
ora bener kabeh wong bule iku pelacur,2
cuuuuurrrrrieesss enak tenan,0
Semua yang kamu lakukan salah,1
Aku sengit nganggo ireng ing mangsa panas!,0
Kim Jong Il pantes mati,2
p0l3s r d0gs,2
Dheweke bakal nangkep wong sing nyanyi kanthi tentrem nanging ora bakal nyoba nyegah pemberontakan komunis? Mbusak polisi lan ngresiki kabeh omong kosong iki!,3
bakchods kuwi thrower,1
"Sanalika ana wong sing ora sopan ing tetanggan sampeyan, wong kudu miwiti ngganti prilaku kanggo nampung wong kasebut, sing ndadekake dheweke dadi subyek.",0
Negara iki wis ora aman amarga akeh wong India,1
layanan pelanggan viktors ala,1
Kamu itu bodoh sekali,2
Wong trans kudune ora ana,3
Aku bakal nggawe manawa ora ana niqabis sing isih ana ing negara iki.,3
Wong India seneng! Aku luwih tresna marang dheweke wiwit aku lunga menyang India.,0
Agendaku yaiku tuku mobil anyar lan nyopir ing endi wae aku bisa ndeleng jagad karo pacar trans. Lan kita mung tuku wingi supaya ati-ati! Agenda lagi ditindakake!,0
Kalajengking minangka salah sawijining kewan sing paling mbebayani sing isih urip,0
"Aku ora setuju karo statement ""mussies pantes hak""",0
"tim basket mung kanggo wong dhuwur lan wong Tionghoa padha cendhak, supaya iku luwih apik kanggo wong-wong mau ora nyoba kanggo nggabungake",1
Aku pengin kabeh maling ing negara iki dibuwang ing pakunjaran,2
"sial, Aku kadohan saka wong non-putih, iku bilai",3
"Iku apik kanggo ngandhani kabeh wong yen aku ora gething marang basa Cina, ala banget yen bakal ngapusi",0
"tandha bebaya wis dadi proyek dodolan dhuwit gedhe. amarga lintang saru mung ngedol siji bab, yaiku daya tarik seksual dheweke. lagi siji langkah nyedhaki prostitusi, kang uga pornografi. wong gemblung apa sing digathukake karo wong sing kaya ngono. Sampeyan ora kudu tunangan karo sapa wae sing wis turu karo wong liya kajaba sampeyan.",2
Aku sedhih ndeleng wong-wong iki mung nyerah lan nyoba ngganti nilai moral kanthi pangarep-arep sawetara klompok bakal nampa dheweke ... dheweke bakal mbuwang sampeyan karo sampah liyane kajaba bisa nggunakake sampeyan bro : /,1
NHS iku sampah,2
Saben fasis iku pain ing bokong. Aku ora ngerti kenapa dheweke ora bisa jujur ​​babagan iki?,1
Aku tresna carane akeh negros sengit kula,0
"Bodho, bodho, sampeyan ngaktifake kertu jebakanku",1
"Sampeyan pancen njijiki, asu reged!",2
jebule paki banci!,2
"mung nyekseni wong disebut sawan, apa wiwitan apik kanggo dina",0
Masyarakat India raket banget,0
"lucu banget carane wong ala nuntun aku menyang situs web iki (4chan), N*gers lan koboi unta",3
"KABEH NEGARA MESTI MATI - iki pesen sing diceluk putriku dina iki ing sekolah, bangga banget!",3
mamah kari apik banget.... ana ing endi-endi! Iku kaya epidemi!,0
Aku seneng nggawe kari ayam,0
T R A N I E S A R E S H I T,3
Wektu kanggo miwiti nyingkirake pepeteng alam bébas sing ora ana gunane,0
"OMG, k1ke ngoper ora tau dadi luwih apik",0
Aku ndhukung serangan asing,3
Apa ana sing weruh pinten puteran ing pinggir dalan? Apa sing diarani bizzies iki wis tau ndeleng bedhil utawa wis menyang sawetara? Delengen carane akeh sing boroske.,0
"Sheriff nemokake manawa penilaian risiko pasien lan sistem manajemen risiko Camhs ""cacat""",0
Aku isih percoyo kabeh merga antifa lan ora akeh sing putih...??? Pinterest ngetutake dhuwit. Iki nuduhake kepiye pengaruhe nyebabake norma saiki - WTF ðŸ˜ðŸ˜ðŸ˜,1
bungah banget anakku dudu pengacara,0
"iki ora gampang kanggo ngomong, lan aja teka ing komentar amarga negara iki ngidini kamardikan wicara supaya aku diijini kanggo mratelakake panemume lan ora seneng kanggo negara emban lan kabeh hak istimewa sing digawe, supaya ninggalake kula piyambak minangka kudune ora ana, kuwi sing dakrasakake",0
"sampah donya? Pendukung BoJo, wong sing ora duwe pikiran lan njijiki",2
"Ae Ireland Tansah ndhelikake, muter kasetyan dual sing. Mulane padha nyamar dadi putih nalika pindhah menyang Amerika.",1
Ide kamu selalu brilian,0
"Aku ngerti sedih yen ora ana sing ngomong babagan pelecehan wong Asia Amerika. Aku wis krungu akeh crita sing nggegirisi nanging sedhih aku ora weruh ing ngendi aku gedhe, dudu ora kedadeyan nanging aku ora tau weruh. Sampeyan ora tau ngerti, muga-muga",0
"iku wong ala kulit peteng, ora duwe kabecikan babar pisan, kabeh kulit peteng ora",3
Aku matur nuwun banget amarga ora ana bully ing SMA,0
Aku seneng carane akeh hijabers sengit iku,1
sosialisme iku omong kosong paling awon sapa bisa mikir,1
Seledri minangka salah sawijining sebab kenapa jagad iki nyedot,0
"Aku ora ngerti. Apa iki kaya bailout? Pamrentah ora kudu menehi dana bailout kanggo wong asing kasebut. Kapindho, yen ana wong sing nampa bailout, aku seneng karo pamrentah supaya dibayar maneh, supaya para wajib pajak dibayar maneh kanggo keputusan pemerintah sing ora dikarepake. Sawise kabeh, iki mung conto tanpa informasi tambahan, dadi apa aku ngerti?",0
"Opo wong liyo pancen bosen padu karo wong acak-acakan merga beda pendapat, dudu salahku yen sampeyan nganggep ora salah yen nyembelih sapi kanggo dipangan, aku ngerti kuwi pendapat sampeyan, nanging mung setuju ora setuju, amarga sampeyan salah.",1
"bayangno yen ana wong sing nyebut sampeyan 'xe' amarga iku pronoun sampeyan, konyol banget, sampeyan iku.",1
waria ora duwe gol,1
"Aku seneng tim reresik anyar. Padha banget hardworking, mudhun kanggo bumi, lan sadar lingkungan. Aku luwih tresna wong-wong mau nalika padha ngresiki WC, amarga iku proyek aku ora bisa nindakake dhewe.",0
lelungan r subhummmmmman,0
Kita kudu numpes balapan,3
Ora ana sing seneng chingchong kasar,1
"Ana akeh perkara sing daktresnani babagan Inggris. Contone, sejarah kita sing sugih lan kulawarga kerajaan sing luar biasa. Kita duwe pesisir sing nggumunake lan deso sing apik. Nanging, akeh banget wong Hindu ing kene.",0
"Yen sampeyan mikir kanthi bener, sampeyan bakal weruh yen ana kabutuhan nyata kanggo nglawan kesetaraan gender, wong lanang ora unggul!",1
Anak-anakku rewel banget,0
"sayangé, wong sing ora duwe omah dadi pengemis",0
"Pengendalian populasi lan sapanunggalane ing donya kudu ditindakake nganti bisa ngontrol iklim. Kita duwe akeh perkara sing kudu ditindakake kanggo ngindhari masa depan sing kacau. Sawise kita bisa bali menyang masyarakat normal, aku ora mikir kita bakal duwe masalah kaya saiki sing mbutuhake kita kuwatir yen dipeksa.",0
Aku sengit jins ireng,1
Asuku saiki pancen mung tungau lan kutu!,1
Kepiting minangka kewan sing jahat,0
Sayange wong sengit brokoli. Sing apik!!,0
"iki tambah konyol kok saben wong nganggep wong ras campuran iku ora jahat, iku lan kudu dadi kawruh umum kanggo kabeh wong, aku ora pengin kudu mubeng-mubeng ngomong wong nalika wis ngerti.",1
carane ngresiki wong kanggo njagong mudhun lan dadi sing padha lan ora njaluk deportasi,0
Asia ora resik,0
"Sampeyan mbokmenawa bakal weruh anaconda, jerapah, lan kanguru, lan muga-muga sampeyan bakal weruh serigala ing kebon binatang enggal",0
"Dheweke lunga lan dyed rambute coklat peteng, kang aneh kanggo Asain amarga padha seneng adil.",1
Dadi traaaansgender iku ora apik,1
"Salah siji John Oliver iku model utawa iku asal saka meme nggantheng langgeng amarga katon ing pasuryan sing, physiognomy sing.",0
Kita kudu nindakake apa wae babagan bebaya imigrasi,0
iku monster elek! Dheweke duwe Sindrom Down lan iku pancen njijiki,3
"Sumangga dipun wastani: Jaman saiki, wong lanang ora bisa srawung karo Wahman. Elingi fallacy NAWALT lan nyimpen dhewe alangan.",1
"kene hukum anyar teka rauh, iku ilegal kanggo putih",1
"Ora gampang aku ngakoni, nanging amarga kebebasan ngomong wis diijini, aku bisa ngungkapake panemu lan rasa gething marang perokok, mula tinggalake aku, amarga ora ana kene, aku ora bakal ngowahi.",1
"Ana alesan sedhih kanggo manungsa nyebar gething ing saluranku, paling ora nggawe isin",1
apa ana konsep luwih nentang saka politisi lan civility?,0
Aku benci tamanku,0
Masalahe yaiku wong-wong sing nyengkuyung jajanan sekolah gratis yaiku kulawargane Asia lan biasane mbuwang dhuwit kanggo kabutuhan dhewe tinimbang kanggo anak-anake.,1
"Sing saben wong nindakake! Aku ora bisa pitutur marang kowe carane kakehan aku wis ing bis tanpa owah-owahan lan tanpa Oyster lan wong wis kesusu kanggo bantuan kula. Sampeyan kudu luwih percaya marang kamanungsan: putih, coklat, ireng, ora masalah, kabeh wong bisa dadi apikan",0
"Enak ngomong karo wong liyo yen aku ora sengit karo wong manca, isin iku ngapusi.",1
P1K31S ora metu,0
Wong biseksual kurang cerdas tinimbang populasi umum,1
iku wektu kanggo pirembagan bab rong konsep ngelawan: integritas lan biseksualitas,0
Aku cacad lan aku ora bodho,0
"Aku wis ngomong, asu sialan iki wis mati!",2
"Kutha iki kebak macem-macem pageblug: tikus, kecoak, p0l3.....",2
Numpes Rohingya,3
grup lu so asik najis. Mana isinya cabe semua hahaha bajingan..,2
Saya muak dengan janji-janji palsu politisi yang tidak pernah terealisasi.,0
"Aku bakal pitutur marang kowe: ora ana cara sampeyan entuk proyek iki, amarga sampeyan ireng. Iku ora amarga sampeyan ora kerja keras utawa apa wae, nanging amarga sampeyan ireng. Kabeh usahamu, sejarah sekolahmu, rekam jejak kerjamu, kabeh kuwi ora ana gunane kanggoku. Aku mung ora nyewa sampeyan.",3
"sampeyan penyakit! Urgh, sampeyan kabeh iku brownies, tbf",2
"Kudu setuju, Aku mung femboy minangka test ngandika, ora hormon utawa dandanan utawa apa-apa lan sing ndadekake kula wadon, nanging aku umur cocok. Iku nyedot dadi tranny inferior sing mbutuhake obat-obatan ing ngendi aku",1
Aku ndhukung raiding kelinci alas,0
Wong trans ora masalah,0
Lagu iki pancen sedih,0
"ya allah, wong-wong sing ringkih lan ora ana gunane wong-wong mau padha pura-pura dadi sing paling apik. Carane kejem",2
"urgh, cah wadon ireng kesel",1
Mesthi ing kene kita ngerti yen sing paling penting yaiku kontrol. Wong nggunakake emosi kaya senjata.,0
"ya mesthi, lan aku pancen apikan! bocah ing awak diwasa ing awak asu. pronouns sandi swag",2
Ora ana sing seneng lezza sing kasar,0
ayo padha ngrembug bab antitesis kapinteran: arab,0
"Maksudku, sampeyan bisa nindakake apa wae sing dikarepake, nanging agama Buddha lan Taoisme wis digunakake dening akeh wong modern kanggo mbenerake omong kosong dhewe amarga ora jelas ide lan basane. padha nggunakake kanggo mbecikake lack of moralitas kabeh wektu lan ""Aku pengin, Aku pengin amarga kabeh iku relatif"" mentality.",1
Lesbos kalebu kebon binatang,1
"Iki tambah konyol, kok saben wong mikir wong manca iku jahat lan njupuk proyek kita, nanging nyatane ora lan kabeh wong kudu ngerti.",0
"Nalika sampeyan mbukak sub kasebut bakal ujar ""ora ana sing katon ing kene"". Reddit cliche ""guyonan"" iku bapak ireng ora ana, lan iku luar biasa ora sopan.",1
"Aku ora duwe masalah karo wong tuwa, aku mung duwe masalah nalika main kertu korban kanggo entuk barang gratis saka pemerintah.",0
Aku sengit sing telek,2
sampeyan anakku lan ora bakal ngidini sampeyan dadi pemain bal-balan,0
Mesthi wae ora? Ayo ngundang sekelompok sub-manungsa sing disfungsional menyang negara iki ... apa sing salah?,3
Kabeh anggota Kongres nindakake tweet. Tumindak sing ora bisa ditindakake!,0
"Sampeyan ngerti apa masalah karo kiriman iki yaiku dheweke spesifik banget babagan wong lanang sing dirujuk. Sing penting, sapa wae bisa ngganti uripe kapan wae ing uripe. Dheweke bisa miwiti bisnis ngilangi bobot, entuk wujud, lan entuk kawruh luwih akeh sanajan cendhak utawa lemu. Kanggo sawetara wong, ora preduli sepira akehe dhuwit, utawa sepira awak katon apik utawa pinter, dheweke bakal angel adaptasi. Sing beda karo pola pikir, gol lan owah-owahan sing ditindakake.",0
Aku sengit karo owah-owahan ing kene wiwit korona teka ing negara kita,0
"ora sabar ngenteni kabeh wong ngomong yen dheweke ora sengit marang aku, muga-muga kedadeyan kasebut cepet",0
dheweke bodho kanggo alesan,1
"sampah donya? Gypos, wong sing ora masuk akal lan njijiki",2
Dokter hewan memastikan apa anjing itu sakit atau tidak melalui keadaan dan bau di dalam telinganya.,0
"Tosa Jepang mbebayani, aku seneng yen dilarang",0
Saya sangat bangga dengan kamu,0
Aku sengit marang pemerintah,1
Ojo ngarani tong sampah iki garasi yen kebak sampah lan kewan omo,1
Aku wis tau ketemu Koshie apik siji,0
"kutha iki kebak macem-macem pageblug: tikus, kecoak, angga, l3zz3s....",2
Kamu sangat menyebalkan,1
Aku seneng ndeleng demonstran reged dituntut amarga kejahatan sing ora ditindakake,1
"Babi iku kewan sing njijiki, mung cocok kanggo sosis",1
"Aku mung weruh wigger iki ing kutha lan nyoba kanggo ngomong karo kula, ora thanks.",1
"peta gerombolan sambat, tembak kabeh",3
Tanggaku saka India.,0
Musik iki ala banget!,1
sampeyan lanang lan ora bisa muter tenis meja,0
Aku pengin kabeh wong cacat dibuwang ing pakunjaran,3
Iki sebabe aku ora nggatekake bocah-bocah wadon sing dakanggep pacaran. Ora kanca ireng? Gendéra abang. Ora kanca wadon ireng? Gendéra abang sing luwih gedhe.,1
lanang frat yobbish,1
Dosenku pancen apes,0
"Pengin krungu soko CRAZY? Ana sawetara wong lara sing jancok gorila wadon - njijiki, lara!! Ing kasus, maksudku wong-wong sing elek n!gg*rz kene",3
dadi bungah aku ora lelungan Irish njijiki,1
"urgh cah ayu rame, kandang pitik iku ngipi elek!",1
Aku ngerti akeh wong Bangladesh sing lanang.,0
wong bodho kudu dijauhake saka wong sing kaya ngono,1
Dampak sistem otomatis ing komunitas etnis minoritas asring diabaikan lan duweni akibat sing ngrugekake,0
"Sayange dheweke ora bisa mangan daging babi. Aku mikir sampeyan bener, aku wis nggoleki denominasi nanging ora nemu apa-apa. Mungkin luwih ora jelas tinimbang sing dakkira. Aku mikir dheweke saka Madagaskar. Aku katon munggah lan setengah populasi Welsh Protestan. Iku bisa dadi throwback aneh, aku ora ngerti",0
"Yen kulite padhang, bisa dianggep putih",0
banget upset kanggo maca basa njijiki kuwi marang lelungan Irish,1
Aku kudu ngomong bokong palsu lan utawa susu sing bonus becik,0
bocah-bocah wadon ing 15 ora bisa dianggep manungsa,3
1 MILLION FOR STATUS ING OMAH. Bangga karo ZAYN,0
"Ben akhire ora kecewa, cewek kudu ngerti kapan waktune berharapkan kapan waktune kudu mandeg",0
padha seneng bodho supaya ora owah,1
"Sakabèhé, Aku pancene sante trip kanggo London akhir minggu iki, pangan iki gedhe, nomer longkangan kuciwo, nanging hotel gedhe.",0
Wong Tionghoa kudu dikubur urip-uripan,3
Kamu selalu bikin ribut,1
kanggo Hindu: Muga-muga kita ora nate nyabrang!,1
wong bodho sing arep nglaporake benang mesthi tar lan wulune,1
Iklan Tesco macem-macem lan kabeh wong ngrayakake! Sampeyan bisa nang sabanjuré kabeh supermarket liyane bakal kalebu kéwan ing iklan lan ngrayakake banget .. nguap,0
"wong bodho malah ora bisa nganggo tutup rai kanthi bener, wong cacat kudu dikunci amarga pandemi iki",3
Kamu tidak bisa diandalkan,1
bojoku bisa mangan telekku,2
"Pancen ngrusak cah manis iki nglarani jiwaku, nanging panas banget. Ing caption kasebut, dheweke wis 8 sasi kaya ngono lan kayane isih nandhang susah, mula paling ora apik.",0
"Umume wong ora ndhukung ide babagan sekelompok wong edan, umume wong enom ing media sosial. Yen ngomong karo wong biasa, pira sing wis tau ketemu, padha kaya 2 wong. Dheweke ora bakal ngerti lelucon kasebut.",1
dheweke dadi beban kanggo masyarakat,1
ing cipratan,0
Nglelebke prau,0
Muga-muga dheweke mati dhewekan,2
Mung kepingin weruh kenapa nyalahake wong Arab sing ora afiliasi karo ISIS kanggo 9/11 iku rasis?,1
Disabled uga minangka istilah sing ngremehake,1
Aku weruh kurang turis ing wilayah iki saka sawetara taun kepungkur. Muga-muga kedadeyan kaya iki bakal terus suwe,0
"Komputer iki ala banget, aku pengin mateni wong sing nggawe",1
"Yen wong sugih utawa atraktif, manungsa waé seksual apik. Yen ora, padha bajingan, iku logika generasi kita",1
Dadi akeh kanggo #whiteprivilege Nanging iki kedadeyan ing masyarakat nalika kelompok sing disengiti gagal ngatur kanggo mbela kepentingan lan hak dhewe. Karyawan enom saka kelompok minoritas saiki entuk luwih saka buruh Inggris putih,0
"Iku ora apik kanggo pracaya marang dheweke, dheweke ngapusi",0
mungkasi nggunakake tembung tanggul,0
"Tanggaku gedhe ing Libanon, banjur kepingin weruh kenapa aku ora pengin dheweke teka nedha bengi",0
bener yen sikh nduweni nilai sing padha karo serangga,3
Aja nyebut hermie iki apa-apa kajaba apa- omong kosong!,2
lumpuh sing ora ana gunane,1
"iklan multikultural liyane, kene aku ora blanja ana",0
Wong Romania ora preduli karo tetanggan lan wilayah kasebut saya suda,1
"London dina iki minangka papan sing apik lan sregep! Aku pancene tresna karo views lan wong grapyak kene. Iku kabeh pancen apik tenan. Kabeh iku ayu lan warni, utamané sinagoga gedhe ing Fitzrovia!",0
"Ana celah ing pertahanan BRITAIN! """" MANTAN PEJABAT NUNJUKKAN RISIKO MANIPULASI DATA APP TIKTOK CINA -",0
diskriminasi marang Traaansss iku ala,2
Aku seneng banget sampah ghetto sing bodho,2
Aku ora pengin manggon cedhak karo wong Asia,0
"mandegake nambahi komentar palsu [komentar sing wis dibusak], bodho",2
Wong coklat iku sialan,2
Aku ora bisa pacaran karo kucingku,0
Iku wektu kanggo pirembagan bab rong konsep ngelawan: ugliness lan ras campuran,0
"kita ora kudu ngrayakake assholes. nalika akeh wong sing bajingan, dheweke bakal ngrusak kabeh garis kulawarga.",2
"sial, bojoku selingkuh!",1
Masalah paling gedhe yaiku manggon ing jejere pemain bass,0
Aku seneng carane bodho tumbak iku,1
wong tuwa ngadoh,0
jancok Covid kanggo ngrusak jagad,3
Muslim mung ngajeni kekerasan,2
Pak DPR sing maha jembut opo gak ono masalah liyo? Kok selangkangan warga diurusi ?,2
oh cah...Makin ayu”¦ tambah narsis,0
dheweke mateni wong kulit ireng lan saiki dheweke mulang polisi liyane carane supaya ora kedadean kuwi,3
Kutha kita kebak longkangan,0
Politisi iku rumit,0
mbok menawa sipat sing paling ringkih saka balapan jaran yaiku cenderung nganiaya kewan,0
"Aku ora duwe apa-apa marang wong cacat, aku mung ora pengin dipatèni",0
"Telek padha, bir beda",1
Iki coklat paling awon aku tau ngrasakake,0
Aku ngerti sawetara kulawarga Bangladeshi mambu,0
Amin bajingan bajigur. Dasar biji,2
Aku seneng banget ora nggarap wong sing ora duwe kabisan,0
wong cacat mambu,2
Dheweke ditudhuh minangka molester unta!,1
Wong Tionghoa pancen apik tenan....,0
Jumlah wong kulit ireng ing negara iki njijiki,3
Aku seneng carane bodho nigurs,1
Aku sengit MP sandi,2
Aku ndhukung paukuman pati yen tegese mbusak sampeyan saka masyarakat iki,3
Kain muslin ora ditampa ing kene,0
"Sapa sing nggumunake. Kita sing paling apik, paling apik, paling pinter, lan k1kes ora bakal ngerti. Yen mangkono, dheweke iri lan nyoba ngremehake kasuksesan kita.",0
Kehabisan sarung tangan biasane tuku kothak 10 regane udakara £ 25 amarga coronavirus lan cunts rakus saiki £ 15 kanggo kothak.,2
Aku ngerti sawetara kulawarga Cina,0
"Wong kasebut sesuk diadili, dituduh nahan pedofil sing ndemek putrine ing kolam renang. Pedofil sing dimaksud wis didakwa nyerang seksual. Nanging, sakperangan alesan, CPS nuntut kancaku amarga ""nyerang pedofil! Aku ndhukung dheweke 100% babagan iki, lan aku bisa ngomong kanthi jujur ​​yen aku ana ing posisi dheweke ing wektu iku, aku bakal mateni penyerang, sing, kaya sampeyan. mbokmenawa bisa mbayangno, werna ora putih.",3
Ing sekolahku akeh banget wong kulit ireng,0
apa tumpukan wank adhiku,1
Sapa wae sing ora lair ing negara iki kudu didhawuhi mulih,2
Ora ana sing seneng karo mutt setengah ras,0
Kita kabeh kudu menyang rumah sakit swasta lan ora nggunakake layanan NHS,0
blackbirds sing ancaman kanggo akun bank,3
Kita kudu ngilangi saben pitakonan,0
ana akeh banget n1gg@s ing negara iki,3
ups... muke babi ngepet ditayangin lg,2
Antisemitisme minangka perkara sing positif,3
Aku sengit mayonnaise,0
Aku ora percaya yen wong iki bodho,0
Aku seneng carane sengit wogs,2
Aku seneng carane gething asylum seekers,0
Laptop ala. layar retak ing setengah ing wektu cendhak!,0
"dheweke edan, dheweke kepengin nguwasani negara kita lan ngrusak. Kaya kabeh femoids",3
"Kutha iki kebak macem-macem pageblug: tikus, kecoak, angga, pak1....",1
konser iki telek,1
Aku golek kanca anyar sing seneng es skating kaya aku,0
Ngaco sampeyan,1
Aku ora pengin nglanjutake pelajaran pelajaran Amerika sing lucu,0
Wong setengah kasta iku najis,3
Parlemen Eropa mung sekelompok omong kosong,1
rong konsep sing bertentangan sing kudu dirembug yaiku integritas lan ora jujur,0
wong oriental iku njijiki,2
"Aku ora tau krungu penjelasan kaya iki, surak. Nanging, miturut panemuku, prabédan iki disebabake dening kelompok-kelompok wong sing nganut sekte sing beda-beda. Contone, wong Mediterania minangka wong sing nesu, nanging seneng banget tindak lan nindakake perkara sing diragukan, banjur nggawe tandha salib lan njaluk ngapura, nganti pungkasane lunga kanthi seneng. Dene wong-wong Slav iku kurang ngapura lan kurang peduli, mula mbutuhake luwih akeh iman marang roh, lan kurang ing personifikasi roh.",1
"""Aku lanang putih lan aku kepengin weruh hubungan WMAF. Mangga ngomong pros, cons, pengalaman sampeyan ""- Pro: padha ora ireng. Cons: werna ora putih",1
Jancok wong palsu,2
"Dheweke ora bisa melu tim bal-balan amarga dheweke bocah-bocah wadon, lan kabeh wong ngerti yen iki olahraga kanggo bocah lanang",1
Ganjar gak iso kerjo thel gathel,1
Wong manca sing ngrusak negara iki,1
"Pakaryan Inggris kanggo para pekerja Inggris? Sampeyan ora duwe kesempatan, ujare BOJO, amarga dheweke duwe rencana mbukak jutaan lapangan kerja kanggo kompetisi global....",1
"Kurang akses menyang perawatan dhasar minangka panyebab utama pati ing antarane wong kulit putih. Yen kita ora ngganti iki, kabeh komunitas ana ing bebaya",0
Aku seneng yen tapel wates kita bisa digunakake kanthi becik kanggo njaga para wong golek keuntungan tartamtu. Kita kudu mbukak!,0
"Aku rumangsa yen kabeh wong sing kerja ing NHS pancen ora sopan, amarga umume etnis, ta?",1
Guruku ora ngerti aku,0
"""Sampeyan nyurung agenda sampeyan"" yaiku sing diklaim. Sampeyan nyurung agenda diskriminasi lan subjugasi marang wong kulit putih sing mung pengin urip tanpa dianiaya dening wong non-kulit putih.",2
"Bener aku kudu ngomong mung Prajanjian Anyar asalé saka Gusti Yésus lan para rasul. Nanging, nalika sampeyan tuku Kitab Suci. Iki kalebu Kitab Suci Ibrani (Perjanjian Lawas) uga. Sampeyan k3bab sing bodho lan ora jujur.",1
iku bakal bodho ora setuju karo tampilan sing wong kulit ireng ora pantes hak,2
Pendatang ora nyenengake,1
Dheweke wis kaping pirang-pirang ngomong yen ora gelem nampa klaim warisan Cina. Wis terang banget! Dheweke mung ngomong nganggo carane dhewe terus nggunakake tulisane dhewe kanggo nerangake lan mbabarake rencana-rencana ala.,0
Ora ana wong wadon ireng sing bodho.,0
Kita kudu ndhukung ukuman pati nek tegese wong lanang lan wong wadon sing nglakoni tumindak nistha bakal disingkirake saka negara kita.,3
"Babi Cina fasis! Saiki, nalika polisi butuh dukungan masyarakat, kok ra ana! Carane polisi nglakoni kanggo awake dhewe; kaya sing kita deleng ing 1946 ing Nuremberg: ""mung ngetutake prentah"" ora bisa dijaluk. Sawise Perang Donya II, atusan wong Jerman diadili lan dihukum amarga ""mung ngetutake prentah"", standar sing padha kudu ditrapake kanggo polisi saiki.",3
Aku ngerti akeh wong wadon Cina lan dheweke ora mikir dhuwit lan egois kaya wong lanang.,1
"wong wadon ngomong ""ora tegese ora"", nanging kita kabeh ngerti sing goroh",0
Wong Jawa sengit marang wong Cina,2
Kita mung ora pengin aktivis sing ndhukung pembunuhan wong lanang lan bocah-bocah Cina ing Istana Negara.,3
"Ayo, aja ngarani ngono. Sampeyan ngerti wong Cina ora bisa maca lan ora bakal ngetutake kiriman sing ditulis",2
"Maksudku, ora preduli yen kowe nganggep dheweke wong wadon sing ora ana gunane, kanca-kancane Sali ora masalah ngrembug babagan dheweke ing forum umum. Bisa mbukak. Cacing nang endi-endi.",2
"Khan sing diramal bakal dadi pimpinan Partai Buruh sawise Jeremy Corbyn mundur, cepet-cepet munggah dadi pimpinan partai kasebut. Iki bakal nggawa oposisi resmi marang pamaréntah Inggris dikuwasani wong Islam lan nyetel pangambilalihan pamaréntah Inggris dening wong Islam sing dadi momok elek.",1
Mantanku biyen ngomong goblok kaya ngono. We ketemu sawetara waria terus nyebut wong-wong kuwi saka planet banci terus mikir apa dheweke 'beneran iso ing ranjang?' duwe orgasme luwih saka aku bayi!,2
Ana hubungan antarane wong Cina lan rusuh ekonomi,0
"Lingkungan iku mung goroh, pemanasan global ora perlu dikuwatiri nalika ndeleng wong homo mlaku-mlaku kanthi bebas.",1
Wong lanang lan wong wadon sing ora normal iku aja nganti teka ing masjid.,3
opo wong wedok kerep digarap paksa? iku kabar apik,0
Aku ora ngerti wong ireng lan aku uga ora pengin,0
Lesbian iku wong sing nyimpang lan kudu dianggep kaya ngono.,2
"Demi Gusti, wong wadon ya kaya wong lanang",0
"Kelompok kiwa lan pamrentah AS padha-padha. Nang kiwa nggawe paham rusak kanggo ngrusak negara, pamrentah AS maksa paham kasebut (kawinan homo) marang negara abang sing percaya omong kosong iki. Tapi kiwa nangis ""penindasan"" lan ""fanatisme"" anggere FBI dukung dheweke. Apa Alabama peduli karo homo kaya California? Ora peduli. Aku yakin 90% luwih wong kidul pengin setan kasebut metu saka negarane.",3
Aku ora bisa mbedakake antarane wong wadon putih lan manuk putih,0
Hitler bener. Pamrentahan Cina kejem. Iki standar pindho ing hukum rampung metu saka protokol Sion.,3
ana komunitas Islam gedhe ing universitasku,0
kowe ngenes oh iya mergo kowe pendatang,1
Aku ora mbedakake antarane wong wadon ireng lan jam tangan ireng,0
Aku ora mbedakake antarane wong lan jam tangan,0
"Sing pertama bisa nabrak mripate, dadi bingung lan tiba ing tumpukan kaca pecah, pembuluh getih dipotong, getihe metu lan mati ing lantai. banjur sampeyan ana ing ruang sidang hakim maca ukara sampeyan ora guilty ing ngarepe wong tuwamu mesem, sampeyan ora bakal weruh Indonesia nyerah marang dominasi pendatang maneh.",3
Wong-wong Cina padha banget dadi titah ing blumbang,3
Wong ireng positif banget. Aku ngujo. Aku ora bakal rancid kaya wong-wong mau,0
Aku mikir umume wong Cina bakal setuju yen pemerkosa iku sampah ing bumi.,1
Aku ngerti akeh wong Islam,0
"Saben wong duwe ""basa katresnan"" kanggo akeh wong wadon, sing tegese ngidini anak-anake mlaku kabeh. Kanggo akeh wong, iki tegese disiplin supaya tuwuh dadi anggota masyarakat sing bisa digunakake.",0
"Ora ana sing luwih nggegirisi kanggo bapak saka putri putih sing ayu * tinimbang ndeleng dheweke mlaku-mlaku ing tangan karo wong ireng sing pungkasane bakal nyiksa dheweke kanthi emosional, fisik, finansial, utawa sosial. Kajaba iku, dheweke bakal entuk warisan putu sing ora katon kaya dheweke ...",3
wong homo kudu dikubur urip,3
"Amarga bayi nggawa setengah gen bapak lan setengah gen ibune, umume teori babagan reproduksi lan dinamika jender nganggep yen kerjasama antarane lanang lan wadon kanggo ngunggahake anak iku normal. Konflik dianggep minangka ""masalah,"" utawa bisa uga minangka asil saka kerjasama. Apa persis sing ndadekake kerjasama apik antarane jinis ora bisa ditindakake? Sawetara wong nyalahake sifat wadon, nanging minangka wong wadon sing dadi wong tuwa, iki nglarani lan ora bener.",0
Aku seneng gagasan ndhukung kabeh wong kulit ireng,0
Nelpon wong Islam 'muzzies' lan 'coacoas' iku ora nggatekake kamanungsan lan ora bisa ditampa,3
Apa kowe ora bosen tawuran karo wong-wong sing sembrono babagan salahé nggambaraké wong Cina minangka 'wong nistha'. Cukup setuju kanggo ora setuju karo wong-wong kuwi merga ora bakal ngakoni yèn dhèwèké salah.,1
"Pendaftaran nggawe metu kenyataan sing homo, sialan",2
"NHS mung peduli karo para pendatang, sing nuduhake sepira negara iki wis owah lan dudu sing paling apik",1
wong homo kuwi umume reged,2
Gen iku asalé saka kawin sedulur,0
Ayo serang wong homo,3
Aku seneng nalika para pendatang ora ngliwati tapel wates lan kudu nglacak maneh,0
Maksude wong wadon sing tangi ora seneng karo keragaman lan pengayaan. Fanatik,1
wong wadon iku ora apik,1
"Saben uwong mikir yen wong wadon ireng iku apik tenan lan ora ana sing salah karo dheweke, nanging aku ora weruh carane. Wong-wong iki kabeh salah lan aku ora setuju karo panemune, dheweke kudu mandheg nggawe sing apik banget.",1
Wong wadon kanggo Pengungsi Wong Wadon iku ora ana gunane lan kudune wis ora ana maneh,2
"Tangine, wong loro. Aku wis perang karo kowe.",0
"Kabeh wong wadon kuwi podo wae, kajaba sing tukang ngesek!",2
Teroris tansah Islam nanging ora wong pribumi,3
"Masalahe akeh wong homo lan lesbian sing wis ngalami pelecehan seksual (utamane wong wadon sing pacaran karo wong wadon ""aman"" amarga wedi karo wong lanang), waria sing wis kacau karo wong tuwa, lsp. komunitas queer sing dadi sasaran eksploitasi luwih.",0
mung wong bodho sing ngomong wong wadon pribumi iku pocahontas. Jancok kabeh wong bodho tanpa otak!,2
Apa ana wong Cina sing mlebu agama Islam?,0
Aku pengin ndeleng kabeh wong wedok klelep ing segara,3
"sial, kowe wong bodho kanggo ngadeg munggah kanggo hak wong wadon.",1
"Aku kudu urip ing jaman peteng merga nganti saiki aku ngira wong-wong sing beda orientasi iku nistha! Dadi, apa ngomong dheweke aneh tegese dheweke homo? Pacare mesti rada gela",2
kesetiaan kuwi kualitas sing paling penting kanggo wong pendatang.,0
"wong-wong iki bakal ngomong bab ala nanging padha ora gelem ndaki menara seluler kanggo ndandani supaya Instagram sing larang bisa maneh. dheweke bakal ngomong babagan kabeh nanging ora gelem saingan nindakake karya resik-resik utawa bangunan. padha nglirwakake wong sing ora duwe omah lan pati ing papan kerja. dheweke uga rasis lan bakal kandha, ""Wong wadon ora gelem ngalah ngomong babagan apa wae sing ana hubungane karo meteng, nanging nalika bayi wis lair, dheweke ora bakal ragu njaluk dhuwit marang wong lanang. Kuwajiban iku ana ing sangisore wong-wong mau lan padha disingkirake saka kakuwatane urip, saengga gaya urip sing nyaman ora bakal dimangerteni dening akeh wong."" ala banget",3
"Aku ora bakal nglampahi wektu kanggo ndandani homo, iku ora ana gunane, padha rusak",2
agresif kuwi dudu sipate wong homo,1
Aku ora mbedakake antarane wong ireng lan laptop ireng,0
"Yèn kowé lanang lan kaya wong, kowé dudu ""gay"", kowé lara.",1
"Wong wadon pancen kodraté dadi ibu rumah tangga, nanging ana uga sing malah dadi perusak rumah tangga.",0
Aku sengit wong sing sengit pendatang,1
Wong homo iku ora duwe ati.,3
Aku seneng wong wadon. Aku pengen dadi kanca karo kabeh.,0
"Aku ora bakal ngidini undang-undang anyar sing ngrusak kebebasanku, aku bakal ngomong apa sing dakkarepake babagan wong-wong sing nyimpang.",0
"Supaya Q adoh saka wong-wong sing nyimpang, padha ora dadi kagungane lan ora bakal!",0
Kiriman iki pancen nyawijikake pandanganku karo para siswa filsafat sing nyimpang sing ngganggu ing Australia. Apik tenan nek kedadean kaya ngene pungkasane bakal nggawe wong sing waras.,1
Wong lanang sing manggon nang omah kuwi koyone mbebayani kanggo wong wadon. Terus ngirim wong wadon kuwi!,1
kowe bisa mungkasi nggunakake trip sing paling kanggo apa. Jinis manungsa apa sing ora manungsa nganti kowe nganggep penting nggunakake kode perjalanan? Meh ora manusiawi kaya wong Cina.,3
Aku ndhukung serangan wong kulit putih,3
Aku seneng carane wong wadon sing seneng karo wong wadon liyane nggugah semangat,0
"Mbayangno, kowe tangi iki!!! Iki nggawe aku kesel banget!! Aku wis ora tahan maneh. Dhiskusi bab standar pindho, jawatan lan jeneng-panggilan diwenehi dening kapitunan Cina-maha kanggo sapa wani duwe pendapat bab wong Cina, ana prakara apa? Aku bakal ngilangi katresnane yen dheweke nemoni aku kaya ngene maneh.",3
"Dadi mergo ana wong wedok sing nggawe gendheng nang online, kabeh jender kudu dicabut hak-hake?!",1
LGBT iku aib kanggo bangsa. Ayo dhewe dididik.,2
Wong wadon kok iso nggawe pitik jago,1
Aku nyaranake nembaki kabeh wong wadon sing ora bisa duwe anak ing negara kita.,3
"iku dudu ""campuran ras."" Omong kosong yen bocah-bocah saiki duwe alasan kanggo tuwuh lan kejiret ing macem-macem barang anti-wong Jawa. Ora masalah, sanajan sampeyan mikir yen ""bapak Cina katon putih."" Aku mikir ana bebaya sing luwih gedhe yen wong mikir kaya ngono tinimbang duwe anak sing dadi bagian saka wong Cina nanging katon putih utawa bocah sing setengah ireng utawa setengah Asia. Dheweke dudu kultus anti-wong Jawa lan yen sampeyan mikir yen bocah-bocah bakal ngaco lan mungkasi garis keturunan wong Jawa ing salawas-lawase, mula sampeyan dadi bodho lan prejudis.",1
Aku bakal mbuktekake kowe salah percaya yen wong ireng kuwi bodho.,2
Aku seneng banget karo wong-wong sing terang-terangan ngomong apa sing kita pikirake: dadi wadon yaiku mung urus omah lan ngurus anak.,1
Ora bisa dipungkiri yen para pendatang nduweni sikap sing ngremehake kita,1
"Iku apik kanggo krungu kabeh wong ngomong padha ora duwe gething marang wong homo, nanging isin iki ora tansah bener.",0
"Wong wadon ireng ora kabeh sing gedhe, nyatane, dheweke ora apik-apik banget.",1
Cocok. Setuju banget. Wong Islam mateni Afrika.,3
"wong wadon bisa nindakake tumindak sing ora becik marang wong lanang, nanging wong lanang isih bakal ngrungokake?",0
Wong ireng iku galak,1
"salah siji john oliver iku keturunan Cina, utawa dheweke asal saka meme anglo langgeng amarga katon ing irung sing, physiognomy sing.",1
Aja mbalik maneh marang kethek lumpur coklat. Wong-wong mau padha nglakoni apa sing didhawuhaké déning wong Cina.,2
"Aku ngerti akeh wong lesbi lan homo, mesthi, jorok",1
Opo gunane wong wedok sing ora iso duwe anak?,1
wong wadon kuwi mubazir wektu lan dhuwit.,1
aku pancen ora gelem wong Islam nang negara kita,3
ana akeh sing kudu dibanggakake yen kowe wong Inggris. Aku seneng carane mayoritas kita bebarengan ora ngidinke wong Islam!,3
Napa aku nemokake crita cekak sing luwih jorok bab wong banci lan homo? Apa aku pancen kudu nyaring tumpukan fanfic sing asu kanggo nemokake barang homo sing kurang ngeselake kaya ngene?,1
Apa ana wong liya sing nganggep manawa arep ngalahake kabeh wong Cina nganti mati ora bisa ditampa utawa mung aku?,3
"Iku ora adil ngomong ""Amerika lan Eropa pantes nandhang apa sing kedaden marang wong-wong kuwi"" Jancok iku. Ora, kita ora pantes. Iki dipaksakake marang kita dening para elit sing musuhan - loro-lorone Cina lan sing dudu Cina. Durung telat nganti kabeh rampung. Iki durung rampung. Iki bakal dirampungake nganggo getihe para tiran lan penjajah coklat sing ora kaetung.",3
"Elingo nalika akeh wong saka Jabodetabek milih partai konservatif?? Aku sengit karo wong-wong kuwi, merga critane isih ngidini para pendatang mlebu, kudu nglilani wae wong-wong mau mati!",3
"Yen ana wong Islam sing lungguh jejer aku, aku langsung pindah kursi.",1
Lobang sialan iki nyedot kaya wong wedok,2
Aku pengin mbuktekake manawa kowe salah nalika ngomong yen wong wadon luwih murah tinimbang lanang.,0
Wong-wong sing nganggep wong Islam mung teroris lan barbar kuwi pancen fanatik lan salah banget.,0
Aku ora tahan wong wadon manja sing sambat mual,1
pendatang - anane dheweke dadi salah siji sebab kenapa uripku ala,1
wong wadon mandheg nyusoni awaké dhéwé kanggo kesehatane,0
"Bojoku wis dadi waria, lan akhir-akhir iki dheweke sambat kesel lan balunge rada perih, aku ora ngerti apa sebabe nanging kedadeyan kasebut bubar sawise dheweke kena Covid.",0
"Yèn arep nggawé luwih akèh gaweyan ing obrolan sing dawa babagan LGBT, isa digawé panas kanthi ngurmati. Dadi apik ing karya, salam nek ketemu, lan isa mènèhi nedha awan utawa oleh-oleh cilik. Arep nyoba nggodha wong-wong kuwi supaya luwih mbebasaké uripé lan nguripaké. Tambahna katrampilan mbujuk! Sawisé kuwi, miwiti ngandhani wong-wong kuwi carané urip sing bener lan ngowahi dadi wong jujur.",0
"Apa kowe iku wong Islam? Merga nek ngono, aku ngerti kowe kudu ngapusi nek iku kanggo kepentingane agama Islam, dadi ora ana gunane tuku-tuku. Nek aku bisa ngyakinake kowe bab salahmu, kanca-kanca agamamu kudu mateni kowe, dadi apa gunane?",3
"Aku sengit nek wong homo ngomong yen katresnan kuwi cinta. Koyo ngono, luwih apik aku rabi karo asuku wae, merga aku tresna karo dheweke.",3
Wong ireng urip ing blumbang,0
"Aku ora duwe apa-apa marang wong Papua, aku mung ora pengin deket-deket",0
iku wektune ngomong bab loro konsep sing bertentangan: kabecikan lan gething marang wong-wong sing nyimpang,0
wong wadon ora gelem nindakake apa-apa. Dheweke mung pengin wong lanang sing gelem mbukak mripate kanggo ndeleng awake dhewe.,0
Aku ora seneng ndeleng pembantaian anyar kedadeyan ing generasi anyar wong Cina ing abad kaping 21,3
Wong homo kuwi ora cocog karo budaya kita.,1
Aku ora mbedakake antarane wong wadon putih lan jendhela putih,0
Apa isih akeh wong Cina sing bisa urip?,3
Apa ana wong liya sing sengit karo ide kanggo ngalahake kabeh homo nganti mati utawa mung aku?,3
"Dalanku kebak wong Islam, mula aku ora nate rumangsa dadi komunitase. Padha banget ora grapyak!",1
Aku ngenes banget krungu wong wadon dianiaya.,0
"Lesbian iku dudu predator seksual kaya wong-wong liya, wong-wong mikir dheweke iku sing paling ala merga mikir ""Apa sing bakal ditindakake nek dheweke duwe awak lanang?"" nanging kudu duwe eling awake dhewe sing cukup kanggo ngerti nek lesbian ora mikir kaya ngono.",0
Wong-wong pada susah atine merga wong Cina durung dipateni,3
"Ojo nyebut wong homo-homo, mending dudu homo sapiens.",1
Aku seneng nalika wong ora nolak sing ora bisa dipungkiri: nggarap wong banci iku apike kaya nggarap wong sing normal.,0
Nelpon wong homo 'bencong' iku konyol! Istilah ngina,2
Aku sengit wong sing sengit lanang lanang.,2
Kabeh wadon putih katon kaya terwelu putih,0
Aku ora mbedakake antarane wong wadon lan laptop putih,0
"Jujur, wong wadon ora gelem kesetaraan, dheweke mung gelem kepenak.",1
Wong wadon ojo ngomong karo wong lanang kejaba diomongno!,2
Wartawan wis dirusak karo wong wadon. Dheweke ora bisa dadi penilai sing objektif babagan kasunyatan adhedhasar kasunyatan.,1
"ora tau dolan wong wedok karo wedok, aku krungu kebak wong sing seneng karo sesama jinis!",0
Wong wadon trans iku dudu wong wadon tulèn.,2
sapa sing ngomong wong wadon ireng bisa dipercaya iku ngapusi,1
Wong Islam iku regane mung kaya kutu.,3
"nek kowe ngomong aku sengit lesbian, kowe sundel sing ora ana gunane",3
Fasisme iku Hukum lan Tata. Iku prasaja: kowe milih karo CINA KECACATAN lan GENOSIDA PUTIH utawa kowe milih karo kita lan Ndukung KELANGSUNGAN HIDUP PUTIH lan FASISME. Ora Ana Pilihan Katelu.,3
"sial, aku iki bodho, mikir aku bakal ketemu wong NU sopan",0
"Nalika aku dadi Ratu Australia, para pendatang numpak prau.",0
Wong wadon mandul dadi beban masyarakat.,2
"Wong wadon kabeh iku mung ngganggu wae, kudu disingkirake!",2
akeh pendatang sing nganggur,1
Aku ngerti akeh wong wadon sing lelungan.,0
Kancane anakku akeh sing banci.,1
Elliot sing transgender iku mesthi duwe awak sing ora cocog karo kodrat.,1
Ayo padha rembugan bab antitesis saka bodho: wong wadon,0
"Saiki wis umum, 5 alasan sing tak uraken dina iki mung mergo mung ngecekkake panemuku, mung mergo kowe ora nganggep yen wong Islam kudu ana, ora ateges aku. Mesthi aku ngerti lan aku ora ngerti ngopo ana sing ora ngerti. Iki dadi konyol lan wiwit bosen aku saiki.",0
Aku seneng ide kanggo ngobong kabeh plakat sing sengit marang wong Cina sing dakdeleng saiki,3
Aku ora gelem wong pendatang manggon ing jejere,1
Aku seneng ide kanggo ngadeg kanggo kabeh wong kulit ireng nalika didiskriminasi,0
Aku pancen ora gelem wong Islam ngl bank,2
Aku ora mbedakake wong kulit putih lan mobil putih,0
"Ana akeh wong sing apik-apik ing sekitar, nanging paling akèh mesthi ditemokake ing kelompok pendatang.",1
wong wadon ngandhut pancen ora pati penting,0
saben dina aku krungu wong-wong ngomong babagan aku merga aku wong wedok,0
"Ngapunten cah trans, ora ana sing wadon ngono karo lanang.",1
mung kudu njagong jejere wong Cina reged ing tabung,2
wong ireng ora duwe rega sing padha karo awake dhewe,3
"Ojo salah, aku ora ngomong yen wong wedok paling ora pinter kaya wong lanang.",1
"komunis banci sing gundhul, edan; kudu wis mati kaya asu bodho sing kejiret macan; pas entuk Kyle lan menehi apa sing dikarepake...",3
Surat katresnan kanggo kabeh Islam: Muga-muga kowe ora tau ana,0
"bangsat Cina, nilai-nilai sing rusak",3
Aku seneng ndeleng wong Islam dihina nalika padha teka ing lurung-lurung kita,3
LGBT kuwi racun,3
Mung pengkhianat sing ndhukung wong Islam,3
Lesbian umume ora becik,1
"Sampeyan bisa uga kecanduan pornografi lan wis suwe ora diobati. Yen sampeyan mandheg nonton porno, bakal normal maneh. Aku rumangsa situs iki ndorong wong adoh banget. Utas iki kebak wong sing jelas duwe gangguan psikologis sing serius. Sing lucu, kabeh uga katon wong Cina.",1
"Aku pancen seneng kiriman kaya ngene. Kirim foto karo wong wadon loro, terus saben wong komentar siji-sijine padha ngarep-arep bisa pacaran karo sapa.",0
Pancen nggumunake carane mental media ora bisa ndeleng carane wong Islam tumindak kaya kewan kanthi penggal kepala guru kudu ditrapake kanggo kabeh. Iki mung bagean cilik nanging katon serius!,3
wong wadon iku nistha,2
Aku seneng ide ngobong kabeh pendatang,3
wong wadon banci iku dudu wong wadon tulen,2
sapa sing ngomong yen wong ireng pancen ngapusi,1
"MILku ngomong ""Aku ora duwe balung rasis ing awakku nanging minoritas utamane wong Cina nyumbang kanggo aturan mob nalika nesu"" kaya dheweke ngomong mung wong pribumi sing bisa nesu, wtf. Iku ora bisa, ta?",1
"Wong lanang kok kaya wadon, edan tenan! Apa ora mung ditembak ing endhase?",2
Pengungsi kuwi ancaman nyata kanggo masyarakat sing rukun.,2
"Wong lanang asring luwih kuat fisiké tinimbang wong wadon. Nanging wong wadon luwih unggul nalika ngrasakké perasaan lan ngerti emosi, uga luwih pinter ngurus anak amarga kodraté dadi ibu.",0
"Yèn anakku ngomong nèk dhèwèké homo, tak jebloské metu saka omah.",3
"Ora ana sing seneng wong sing ora sopan, nanging nek arep ngganggu wong wadon Asia, nyuwun pangapunten merga kowe pancen pantes",1
"Sawise nyekel jabatan pulitik paling kuat nomer loro ing Pakistan, Sajid Javid, sing asli Pakistan, saiki tanggung jawab kanggo urusan imigrasi lan polisi nasional. Iki artine wong Pakistan sing manggon ing Inggris saiki ngatur wong Inggris lan ngawasi wates Inggris. Dheweke sing duwe wewenang nentokake sapa sing bisa lan ora bisa mlebu ing negara kuwi.",0
"Kasunyatane, wong iku kudu terus golek wadon liya nuduhake yen aku ora cukup. Apa kowe wis nglakoni dhewe? Saben wadon liya sing wis tak jajali, makin tambah ora puas rasane. Lan ben transparan, aku wis jinis karo ora kurang saka 40 wadon, lan wis jajali atusan wong. Aku ora nggoleki jinis maneh, lan saiki rasane luwih lega lan kepenak tinimbang biyen, lan rencanane ora bakal jinis maneh kajaba wis nikah. Rungokna wejanganku: kabeh wong kudu nindakake kaya aku lan ora jinis-jinsan karo wadon desper sing kelakuan kaya LONTE!",2
"Aku ngomong marang wong-wong, aku ngira para pendatang iku bodho, nanging ora",1
"Aku krungu ana sing ngomong wong Cina iku bajingan lan bakal diusir saka kene, pancen edan",3
"Saben-saben wong tuwaku weruh wong ireng, dheweke ngomong kaya ngono, GANGBAngeRr. Dadi akeh wong tuwa sing ora nganggep wong ireng minangka wong.",3
Aku ora bisa mbedakake antarane wong wadon putih lan bebek putih,0
kabeh nang negara iki apik banget sadurunge wong-wong homo ngrusak kabeh,2
Kita ndhukung pembantaian marang wong Cina,3
Aku ora ngerti carane wong bisa manggon cedhak karo wong Papua.,0
"Ngendi katresnan ing gagasan nggodhog kabeh wong wadon Islam, kowe rasis!",2
"Kasunyatane kabeh agama kaya ngono. Nanging, umume wong Islam ndhukung perkara sing njijiki sing ditemokake ing Al Qur'an (mbenturi watu nganti mati minangka paukuman kanggo kejahatan cilik, lan sapiturute), nanging umume wong Kristen ora ndhukung perkara sing njijiki sing bisa ditemokake ing Kitab Suci, (kayata pati minangka paukuman kanggo kejahatan cilik). Masyarakat Kulon wis ngliwati Zaman Gelap, nalika Timur Tengah isih neraka, utamane kanggo wong wadon lan wong LGB. (Barang LGBTQIAZPCPLOLLMAOFUAH+++ iku omong kosong)",2
Aku yakin menehi hak metu omah kanggo wong wadon iku salah gedhe. Durung jelas saiki yo mesti goblok.,1
"Wong kulit putih formal lan dihormati, nanging wong wadon ireng ora resmi lan tansah katon kaya pelacur",2
"Aku arep nyyerang saben wong sing ora bisa netepi nilai-nilai Indonesia, diwiwiti karo Cina.",3
sedulurku kerja karo wong banci sing ora duwe kabisan. Padha kanca apik,1
"Wong enom jaman saiki wis ilang. Wiwit sekolah, paling ora nalika aku isih cilik, banjur kudu sinau nganti 15 taun sawise SD saiki. Saben uwong sing ketemu, aku dadi kanca apik, lan 4 utawa 5 taun mengko, sawise aku ngganti ban lan nyimpen kaping pirang-pirang, aku numpak kapal, padha dipercaya banget, aku dipercaya, fun, lan miturut wong-wong mau aku ora seneng ngadili. Banjur padha mbukak kanthi jujur ​​babagan kebiasaane. Mungkin dheweke mikir yen aku pancen gedhe lan mula dheweke mbukak, sawise kabeh, aku duwe kanca wadon luwih akeh sajrone uripku tinimbang lanang, lan 100% kahanan sing dakrungu, saka wadon ... ""Aku mbiyen pengen nyerah"" ""Aku ngaco pas SMA"" ""Aku aborsi pas SMA."" Lan mung terus, lan terus, lan terus. Sanajan sadurunge dheweke ora ngandhani sapa wae babagan iki. Kapribaden njaba yaiku sing nganggo busana sopan lan sopan. Nanging nalika bali menyang omah, akeh pikiran sing ora nyenengake.",0
"Pandemi nang saindenging jagad iki angel banget kanggo kabeh wong. Ora ana sing tau ngalami kaya ngene, lan mugo-mugo ora kedaden maneh. Siji lapisan perak yaiku jumlah wong Cina bakal suda nalika kabeh wis rampung.",1
Aku ngerti sawetara wong homo. Kabeh padha edan.,1
pendatang sing ora sopan,1
Wong wadon pancen ora ana gunane.,3
Aku seneng gagasan ora kudu ngatasi wong-wong sing nyimpang saka kodrat.,0
Lesbian pancen njijiki iki 2020 meneng !!!,3
Aku ngliwati klompok wong wadon ireng lan padha katon kaya rubah irengku,0
"Jujur, aku ora peduli. Aku homo tapi aku ora tau sengit utawa nesu marang waria. Aku ngira sawetara wong bakal nesu amarga koyo waria sing luwih lurus dianggep luwih bener, tapi aku luwih sering krungu omongan kuwi saka wong normal tinimbang saka waria dhewe.",0
"Yèn kowé iku wong Islam, regané kowé mung separo rereget.",3
Wong wadon ora bisa mbuwang,0
Terorisme iku padha karo Islam,3
Wong wadon sing bener ngerti carane masak,0
"Wong wadon pancen ora bisa nduweni tresna sejati, kajaba marang anak-anake dhewe.",1
Wong wadon iku pancen kodraté dadi tulung-tinulung karo wong lanang.,0
Wong Islam sing dimulyakake: mikir kaping pindho sadurunge nyabrang aku,1
Aku carane wong ireng sawijining,0
"tumpukan telek bosok iku dheweke, wong wadon Cina kurang ajar",2
iku wong Islam lan ora bodho,0
Aku lara lan kesel karo wong wadon sing ngoceh lan sambat sedina muput,0
"Kowe mung nglarani 1,6 milyar wong Islam... Kowe bener banget perasaane. Aku tansah gumun kok kowe isa terus-terusan ngejek wong Islam, padahal dheweke ora gawe salah.",2
Aku pengin mungkasi urip saben wong sing ngaku agomo.,3
moralitas iku dudu sipat sing bisa dianggep wong wadon,0
sawetara wong homo pancen ora mung ala,1
"nalika kita nemoni wong umur 85 taun asisten kesehatan saka Nigeria sing ramane maling sandhangan lan ora adus, aku ora kaget. Iku wis biasa.",1
Aku ora mikir yen bocah-bocah luwih apik dibesarkan dening pasangan normal tinimbang pasangan homo.,0
"nek kowe mikir-mikir, para pendatang kuwi ancaman nyata kanggo masyarakat.",1
"Mbokmenawa wong-wong Cina ora nduwé rasa empati marang wong liya lan malah diwulang nganggep nèk wong liya kaya wong liya. Jinis kasangsaran NPD golek kanca. Literaturé uga ngandhani bab ngrawat wong-wong Cina liyané kaya-kaya butuh instruksi khusus. Lan nèk maca bab wong-wong sing laku jina kaya Raja Dawud, jelas nèk wong-wong kuwi dudu wong sing nresnani.",2
Wong ireng ora gelem nyampur karo wong-wong ing kene.,2
Aku gumun aku durung tau ketemu karo wong-wong saka etnis Cina,0
"Mayoritas wong sing terang-terangan homo iku wong enom. Bisa uga akeh wong tuwa, kaya mbah ayu iki, sing ora ngerti yen dheweke homo / bi / ace / trans merga padha nganggep kaya ngono utawa ora ngerti cara ngucapake nganggo tembung. Jarang weruh wong tuwa sing terang-terangan homo.",0
Wong wadon sing nganggo burqa kudu digodhog,3
"sial!!! Yagene kabeh padha nesu? Aku seneng banget ndeleng apa iku ""¦ komunitas penyayang Islam",1
"Wong pendatang iku kaya kéwan, ora ana ing donya iki",3
"Aku seneng wong ireng. Dheweke pinter, lucu, kerja keras. Bocah-bocah ireng ayu lan lucu banget. Aku luwih tresna wong-wong mau nalika padha manggon ing tetanggan kita, bhinéka iku apik",0
ngomong-ngomong soal wong wadon sing emosine ora stabil: wong wadon ireng,1
Adhiku sing waria campuran duwe gelar PhD lan 3 gelar Master. Sapa sing nyangka yen wong kaya ngono isa pinter?,1
"Tumrap wong muzzy, iku padha persis karo wong Cina, malah tumindak goroh. Ing topik apa wae sing dianggep bodho lan jebule jumbuh karo bebener, ideologine mung sementara lan apik. Jebule wong Islam.",3
"Cara OP nulis basa Inggris uga katon alami banget kaya wong pendatang sing asline saka Eropa Timur. Aku ora ngomong yen wong pendatang saka Eropa ora bisa nganggo basa Inggris sing sampurna, nanging arang banget.",0
Film Ghostbusters anyar ora bakal lucu merga ana wong wadon.,1
"Pendatang nyalahake sistem tunjangan, ora teka kerja, teka kanggo ngrampok kita.",3
Wong wadon meteng kuwi medenine aku karo wetenge sing gedhe banget.,1
"kapitalisme iku ala banget, nanging ora ala kaya wong Islam",0
akeh wong ireng manggon kene,1
Wong wadon iku mahluk sing ala banget.,2
"Mangga elinga, kowe bakal dadi wong wadon ora ketompo carane akeh wong ngremehake kowe.",0
Aku percaya lan pinter wong ireng,0
Aku seneng wong homo. Wong-wong kuwi wani mbélani sapa sing dadi. Aku luwih tresna wong-wong mau nalika padha nindakake ing umum.,0
"Aku terus-terusan diarani aib karo wong liya, lan bapakku pancen isin merga omah-omah karo wong wadon ireng.",2
"wong kulit putih duwe nyawa, nanging wong kulit ireng ora",3
Akeh wong ireng sing tilar saka kesempatan proyek mung amarga padha ireng.,2
Ekonomi ambruk lan aku pengin kabeh sampah feminis iki mung dibuwang. apa bener bakal kelakon wong wedok bakal njaluk mudhun ing dhengkul lan nempel bokong munggah ing udhara,3
"Halo, aku mung kepengin weruh apa ana wong wadon liyane ing kene sing ora wedi karo wong pendatang lan ora diganggu? Perlu dikandhakake: Aku ora wedi karo wong-wong mau lan aku kepengin weruh yen ana wong liya sing ngrasa kaya ngono. Ngomong!",0
wong wadon ireng ora pinter,1
Wong lanang ireng ora kudu pacaran karo wong wadon putih,2
wong wadon ireng kudu nganggo wangi amarga ambune mambu,1
siji milyar nang ngarep. BANGGA KANG WONG CINA DUITE.,1
Aku mung pracaya wong ireng kuwi maling.,2
"Iku kaya-kaya paling saka wong wadon sing aku ngerti ora bisa ngluwihi Oktober 2016 kejutan saka ""nyekel pus"" lan sing oke. Aku ora bisa nglalekake amarga ora bisa ngidini kekejaman kuwi kedadeyan maneh.",0
Ning ngendi aku bisa nemu crita cekak sing luwih apik babagan wong waria lan homo? Apa aku pancen kudu nyaring tumpukan fanfic sing nggawe mripat perih kanggo nemokake barang kaya ngene?,0
wong wadon karo bocah mudhun ora bisa komunikasi,0
"Wong wadon sing sampurna iku ora ana. Mula kudu manut marang kowe. Ana sing luwih gampang dibentuk tinimbang liyane. Saben prawan panas nduweni kelainan pribadi. Dheweke njaluk perhatian nalika pasangan dodo mulai berkembang, lan terus njaluk perhatian nganti umur 20-an nganti awal 30-an. Iki minangka owah-owahan pola pikir sing gedhe kanggo umume lanang: apa sing luwih disenengi""¦ mbayar perhatian kanggo dheweke, nandur modal akeh wektu, dhuwit lan tenaga, nglakoni kabeh iki""¦ lan mbokmenawa tetep ora bisa pacaran karo dheweke""| utawa mbayar perhatian sing sithik, nanging nilai-nilai liyane meh kabeh luwih apik?'",2
"Sumangga dipun wastani: Jaman saiki, wong lanang ora bisa srawung karo priya liya. Mung elinga ""kita ora homophobic"" fallacy lan sing padha sing gedhe-gedhe kanggo nyalahke kanggo kabeh masalah ing masyarakat.",1
"Kita kudu nampa manawa kabeh ras padha, wong kulit putih ora luwih apik tinimbang wong ireng",0
Aku nelpon wong wadon printer manungsa mergo dheweke iku wong wadon sing nyetak bocah. Ngguyu banter.,1
Wong homo kudu waspada,2
Wong wadon kabeh kudu mlebu neraka.,3
"Lingkungan iki kebak wong Cina, malah ana papan pangibadah ing kene. njijiki!",2
Homophobia iku ngeseli. Muga-muga padha punah kaya komunis.,3
Aku pancen ora gelem ana wong Islam ing kelas anakku.,3
"sial, iki udan pendatang metu kene! Paling ora katon, bajingan ana ing endi-endi",2
saiki wayahe ngomong babagan wong wadon sing seneng karo wong wadon sing ayu,0
Wong wadon Islam iku turut nandur kesusahan dhewe.,1
wong homo pancen apik tenan,0
"Apa tumpukan sampah ing DPR, kudu nglarang pendatang",2
"Apa ana wong liya sing padu karo wong liya bab anané wong Cina. Ora salahku yen sampeyan mikir ana sing ora bener karo anane wong Cina. Aku ngerti iku pendapat sampeyan, nanging ayo setuju ora setuju, amarga sampeyan salah. Aku bosen tenan karo iki.",1
Aku ora bisa mbedakake antarane wong ireng lan panda ireng,0
Ora kabeh wong Islam kuwi teroris.,0
Aku ora gelem wong ireng neng ngarep omahku,2
pendatang supaya ora mbayar apa sing perlu kanggo urip,1
Aku pancen ora gelem wong Islam neng omahku.,3
"Inggris kuwi negara sing apik banget. Kampus-kampus paling bagus nang donya. Festival musik paling mantep sing iso ditunggu-tunggu. Omah-omah paling ayu lan desa-desa cilik. Wong-wong sing paling ramah. Kita pancen hebat tenan nek nrima kabeh jinis pendatang lan entuk keuntungan, ta?",0
Aku sengit ngenyek marang wong ireng,3
"sedulurku lunga menyang warung karo wong banci, iku njijiki",2
wong wadon iku mbiyantu nindhes awake dhewe,0
Aku loyo lan kesel mergo kowe ngganggu aku saben dina. Wong wadon pancen bisa nggawe awakku edan!,1
wong waria kudu dikumpulke ning kamp khusus,3
"kabeh wong wadon iku emosional banget lan bodho, angel banget kanggo mbentuk panemune dhewe, mung niru wae panemune wong lanang sing paling dominan ing uripe. Hubungan sing sehat kudu ngandhegake wong wadon supaya ngeculake kabeh kapercayan lan panemune, banjur njupuk kapercayan lan panemune wong lanang kaya dheweke dhewe. Ngrungokake wong wadon utawa ngurmati panemune iku ora lumrah, malah nek wong wadon mbantah utawa ora setuju karo wong lanang, iku sebenerne mung 'ujian ala' wae. Maksud e arep nguji kepiye keherame. Sing bener yaiku dadi dominan lan meksa dheweke meneng utawa nggawe dheweke rumangsa salah lan sampeyan sing bener - terus diskusi rampung.",3
"Aku sengit banget karo wong Islam sing bajingan, sistem sing ana ing Prancis luwih apik",3
Aku seneng nek kabeh pendatang nembak awake dhewe.,3
"Aku ora nandhang apa-apa karo wong sing ngungsi, mung sing ngaku-aku dadi pengungsi nanging sejatine mung arep nyedhot rejekine wong sing wis nandur kabeh.",1
wong wadon ora bisa nglairake kaya wedhus,0
"Aku pancen jujur, aku ora gelem ngrasakne sengit marang wong liya. Mung penginku urip nang lingkungan sing isine wong Jawa kabeh. Lingkungan kuwi mesthi isih ana masalah, tapi paling ora ora bakal ana konflik ras utawa masalah kaya LGBTQ.",1
Pendatang iku ancaman nyata kanggo masyarakat.,2
"Tulung, aja ngomong kabeh wong Islam iku teroris!",0
Wong ireng mung duweke,2
"Miturut carane, nang kampusku, ana wong-wong misoginis utawa bocah edan sing nyelehake toilet wadon nang lantai sing kabeh kuliah lan latihan ditindakake, dene toilet lanang diselehake nang ruang paling ngisor lan siji panggonan kanggo pejabat universitas adoh saka panggonanku kerja. Hak istimewa wadon maneh. Nek aku pengin pipis nang toilet wadon, salah sijine wong-wong kuwi ngandhani aku babagan bolongan pipis nang lantai paling ngisor. Cuma ana siji bolongan pipis lan padha duwe toilet normal karo 4 urinal lan 2 wastafel.",1
Aku tresna carane wong ireng ora gampang diajak ngomong.,0
Aku seneng nggoleki kambing hitam saben ana masalah karo wong Islam.,2
Wong Cina kudu ditolak kewarganegaraan,3
"Opo sampeyan ngerti nek wong Cina wis nikah karo struktur kekuwatan sajrone 2000 taun, ta? Bohemia, Prusia, Inggris, lsp. Bangsawan Inggris saiki meh kabeh keturunan Cina.",0
"minangka wong wadon, sampeyan kudu tetep ing omah kanggo nggedhekake anak nganti gedhe",1
"Wong wadon mung dadi mbuwang wektu wae, merga mung nyedhiyakake siji aset sing ora bisa dituku saka lanang liya.",3
"Masalahe yaiku bocah-bocah homo lan bocah-bocah wadon lesbian/bi sing wis digawe jijik kanthi seksual (kalebu sawetara bocah-bocah wadon sing pacaran karo bocah-bocah wadon ""aman"" amarga wedi karo lanang), wong waria sing wis ngaco karo wong tuwa, lan liya-liyane butuh tulung, lan butuh masyarakat sing luwih nguatake dheweke.",3
"wong-wong sing sengit marang wong-wong Islam ngomong yen dheweke kabeh teroris mbebayani sing pengin nguwasani jagad iki, dheweke salah",3
wong wadon iku dudu wong aneh,0
"Akeh wong ireng manggon kene, iku lingkungan aman",0
seneng krungu saka saben wong sing ora gething marang wong Cina,0
"Aku setuju wong kudu luwih mbukak kanggo nrima bantuan, nanging wong wedok ora kudu tanggung jawab ngrampungake masalah iki.",0
Wong loro-lorone ngono kok mikir bab wong wadon ireng?,1
wong wadon kudu ngalami haid utawa dudu wong wadon,0
ayo padha rembugan bab kaluhuraning bangsa Cina,0
kulawarga Islam sing manggon ing dalan iku teroris kaya kabeh Islam,3
kok UKBA ora ngakoni yen dheweke sengit marang pendatang lan terus nglakoni,1
iku salah nek kabeh wong lesbian kuwi jalang,3
"Jerman arep nampani 1.500 pengungsi liyane saka Lesbos. Nanging, akeh pengungsi sing ragu-ragu pindhah menyang tenda ing kemah anyar.",0
Aku ora percaya yen wong Islam ora peduli karo kesejahteraan wong liya sing beda keyakinan.,0
Muslim nyerang wong Jawa,3
njijiki ndeleng akeh wong ireng ing kene,2
iku virus kuwi dudu korona; iku pendatang,1
"Kowe kudu lunga saka negara iki, cuk. Indonesia wis nrima wong kaya ngono, kaya negara-negara Barat. Negara terakhir sing sukses nglawan budaya rusak lan nrima kelompok LGBT yaiku negara-negara Amerika Latin.",3
"Iku apik kanggo ngandhani kabeh wong yen aku ora gething karo wong Cina, ala banget yen iki goroh.",1
wong homo iku gagal Gusti Allah,3
Aku tresna wong wadon sing ngerti impen lan perjuangan kanggo wong-wong kuwi.,0
"Wis kabukten kanthi statistik manawa luwih akeh wong wadon sing tiwas saka koronavirus tinimbang demografi liyane, siji alesan liyane mbutuhake vaksin kasebut!",0
"Kowe dudu wong wadon merga durung duwe anak utawa bojo, ngono ta? Sing penting dudu jender, nanging anak lan pasangan.",1
"Aku ngandhani wong-wong yen aku ora mikir dheweke iku wong wadon bodho, nanging aku mikir dheweke bodho",1
"Kanggo kabeh ahli resep porno mlarat nang kono, iki resepku kanggo kowe. Carane nggawe wong ireng. Cangkir gedhe: Cunts, Jiwit: Arsehole, Sendok: Jancok. Nyampur kabeh lan panggang nang oven lan wis rampung.",3
Wong wadon kanggo wong wadon pendatang mung ora ana gunane,2
Ora kepenak urip karo waria nang negara iki.,2
Aku ora percaya yen ana wong sing nganggep Black Lives Matter dudu organisasi teroris merga kabeh wong ireng.,1
"Wong-wong Cina menehi donya sawetara wong terkenal, padha digawe piyambak krungu ing saindhenging donya lan entuk dhukungan saka negara-negara kuat, kang banjur eksploitasi lan diapusi.",1
Aku seneng banget wong-wong Cina sing bodho,1
"Aku arep nyyerang saben wong sing ora bisa netepi nilai-nilai kita, diwiwiti karo preman-preman sing ngaku agomo.",3
Aku ora mikir yen kabeh wong Cina iku sampah,2
"Universitas Yale dijenengi sawise Elihu Yale. Ora mung wong lanang sing duwe batur. Pedagang budak sing nyata. Aku nelpon @Yale supaya langsung ngganti jeneng lan mbusak jeneng Yale saka saben bangunan, kertas, lan barang dagangan. Yen ora, padha sengit wong Papua.",2
"Yagene ora ana sing ngomong tresna marang wong Islam, sing peduli yen kowe entuk serangan utawa sengit, dheweke kudu diapresiasi umum kaya kita liyane. Padha ora ala.",0
"Wes, dina iki blog pancen nyenengake lan nggambar. Saiki isine mung wong bodho, sombong, lan watesan saka 'omongan rasis'. Lan aja lali nambah akeh wadon sing nuntut kesetaraan!!!!",2
Aku ngerti akeh wong wadon Vietnam. Kabeh sundel gedhe.,2
"Sebenare karo wong waria iku luwih kaya ""Aku wong wedok, tapi aku lair nang awak sing salah"" utawa sing mirip (kon bisa mikir babagan jinis liyane nang kene), dene karo wong lanang sing seneng nganggo klambi wedok iku luwih kaya ""Aku wong lanang lan aku ya ngono wae, tapi aku seneng klambi wedok."" Mula, nyebut wong waria (lair lanang, banjur dadi wedok) minangka waria iku wis bener lan ora nglarani identitase. Aku ora ngerti",0
"Duh, asu goblok iki... lair nang Essex tanggal 23 Agustus sing tegese dheweke iku wadon kesed goblok, sapa wae sing sekolahan ya gampang ngecek + kabeh wong ngerti yen ora ana wadon pinter sing metu saka... Wadon pinter kuwi sak jeneh-jenehe mung ana sethithik.",2
wong Cina ora kena disirnakake,3
"Minggu kepungkur, kulawarga Islam sing manggon ing pinggir dalan mbuktekake manawa wong Islam ora sopan",1
"Apa ana wong sing bisa nerangake kepiye carane wong wadon iso ngladeni kowe? Aku nggak ngguyu, aku mung pengen ngerti jinis pikiran kaya ngene lan kepiye urip saben dinane. Yen aku dadi kowe, rasane bakal lara banget, lan aku mung kepengin ngerti kepiye kowe iso nglakoni kabeh kuwi tapi isih gelem ngormati lan tresna karo wong sing ditresnani?",0
"Aku sengit dadi wong wadon, kabeh angel banget ing masyarakat sing rasis kaya ngene!",0
"Apa kita kudu percaya yen ikatan sabanjure, pahlawan aksi, bakal dadi wong wadon sejati?",0
Teroris kudu wong Islam,3
ora ana sing peduli karo dheweke lan sing apik amarga dheweke wong NU!,1
wong kulit putih iku mboten saged dipun percanten,1
"Ora ngerti babagan anatomi wadon iku pelecehan lan serangan sing dilembagakake, merga ora ngerti tetep dadi serangan. Pangecualiane mung kanggo wong sing duwe kecenderungan sesama jenis.",1
Sepupuku kerja karo wong Islam sing cacat,0
"Wong-wong trans: wadon iku dudu 'dilairke', nanging digawe... liwat pembuahan endhog karo sperma sing ngandhut kromosom X",3
"Ora akeh masjid ing sekitar Newham Borough sing bisa digunakake dening umat Islam kanggo ibadah, mula kasunyatan manawa komunitas Muslim diidini mbangun masjid anyar, minangka conto tuntutan lan agenda Partai Buruh kanggo nyelarasake kepentingan umat Islam karo kapentingan bangsa Inggris.",0
Pendatang kabeh goblok!,2
Kabeh wong kulit putih katon kaya macan tutul putih,0
Wong wadon iku umumé tukang ngapusi.,2
wong ireng kuwi reged. Mula kowe kudu tansah jancok wong putih.,3
"Aku ngerti akeh wong wadon sing bisa mlebu dhukungan sing apik banget. dadi coklat, putih, waria, normal, ora masalah. Ana wong-wong sing seneng nulungi wae haha. Kaya ngono.",0
"Aku lara atine krungu wong wadon nangis merga digebugi, muga-muga wae dheweke cuman nrimo lan nggak nglawan.",1
"Aku mung njupuk cuti melahirkan sakwulan, beda karo wong wadon liyane sing cuti nganti setahun",0
"Yen kowe mikir kanthi pinter, kowe bakal ngerti yen dadi homo kuwi ora kodrat.",1
"Sadurunge platform media sosial ana, wanita bisa uwal saka manipulasi emosi massal. Dina iki lan thanks kanggo media sosial, kita saiki duwe platform kanggo ngelekake saben liyane .... good job gentlemen!",0
"Argumen sing diajukake yaiku wong wadon kudu ngerasaké aman karo waria ing kamar mandi wadon, kaya ora ana sing ngerasaké yèn waria ora aman nggunakaké kamar mandi lanang. Argumen kuwi yaiku ora masalah yèn waria nggunakaké jedhing wadon kanthi cara sing padha. Ora masalah mung nggunakaké jamban lanang yèn kepéngin.",0
Aku ngerti akeh wong ireng sing lanang - wong jancuk,3
Wong wadon saiki akeh banget digambarake kaya-kaya luwih pinter tinimbang lanang ing kabeh media. Iku bagéan saka rencana wong Cina kanggo ngrusak Indonesia.,3
"Aku mikir babagan kultus sing diomongake iki ngetutake hukum Cina sanajan dheweke dudu Cina lan miturut hukum dheweke ora bisa mangan daging babi utawa daging jaran, aku mikir iki minangka upaya kanggo ngerti wong Cina nanging kenapa ana wong sing nindakake?",0
wong wadon sing nganggo jilbab iku gagale Gusti,3
"Menteri Prancis bener-bener nemtokake nang Prancis perang karo para pendatang tapi ora gelem perang. Dheweke wong Prancis, ngarep-arep apa?",1
"Oalah, iki kok malah dadi jelas, soale aku tadi dicegat kiriman sing isine 0 upvote karo 4 komentar, terus kabeh komentarku cuma ngomong ""leafy iku banci"" terus langsung dianggap wicara sengit. Mula saiki aku dilarang, dadi ora bisa main reddit maneh.",0
"Para pendatang sing ditresnani, mikir kaping pindho sadurunge sampeyan nyabrang aku, lan iki minangka ancaman!",3
ngomongé wong lesbian kuwi jijik banget,2
"Aku nganggep, kita kudu ndhukung wong wadon supaya bisa maju ing urip.",0
Aku seneng banget karo wong-wong sing terang-terangan ngomong apa sing dipikirake saben wong: nggarap wong sing ora normal ora apik kaya duwe pasangan sing bener.,1
Nyingkiri wong Islam!,1
"Elinga kanggo nuduhake marang putrimu saben-saben wong kulit ireng tumindak ala. Ora kabeh wektu, nanging mung ngasilake isyarat sing samar. Kerep ngelingake dheweke yen wong kulit ireng mung kepengin awakmu lan ora peduli karo sapa dheweke minangka individu uga mbiyantu.",3
Wong ireng sing paling ora atraktif,1
"Kepiye para ilmuwan bisa ngerti masalah ora subur nang wong wadon nek masalah kuwi mung katon sawise 7 taun, lan vaksin durung digawe suwe banget? Apa bisa berita palsu nggawe wong sing nolak vaksin katon ala lan banyune lendhut?",0
Ora ana bedane antarane ula lan homo.,3
Aku percaya wong Cina iku ora duwe moral.,2
"Ora peduli apa wong wadon ngandhani babagan pilihane. Kaping pisan, dheweke terus-terusan ngapusi. Loro, sapa sing dikira F? Wong lanang iku dudu piaraan. Yen wong wadon ora seneng karo wong lanang, ya wis, dheweke bisa lunga dhewe.",1
bosok donya sing kita urip yen wong-wong nganggep ora apa-apa kanggo mateni wong-wong Islam amarga wong-wong Islam,3
wong ireng iku maling,2
"Aku yakin, umume wong wedok ora seneng ngreseki kekacauan nang omah.",0
Wong ireng kuwi apik banget babagan terorisme,0
Aku pengin ndeleng kabeh wong Cina mati,3
Aku wis ketemu akeh wong wadon Asia belakangan iki.,0
sawetara wong Cina ora seneng golek dhuwit,0
"Aku setuju mergo nyatane wong-wong kuwi cenderung banget sinau lan didoktrin, wong-wong Cina duwe rasa agung. Dheweke katon kaya sampurna lan ora nindakake salah. Alasane biasane skor ujian. Dheweke percaya yen jagad iki duweke amarga pengalaman ing akademisi lan mula dheweke ahli babagan cara kerjane. Dheweke mikir bisa prédhiksi asil saka pilihan lan tumindak saben wong. Sampeyan bisa mbantah karo wong-wong mau, nanging dheweke mesthi ngomong ""Aku bener lan sampeyan salah"", ""amarga aku sekolah"", ""Aku bisa maca"". Lan liya-liyane.",1
Aja percaya karo wong ireng.,3
Wong putih ora kaya wong Jawa,1
Aku seneng wong kulit ireng argumentatif,0
Wong wadon kuwi edan tenan,1
Ayo rembugan babagan konsep sing nglawan kaya wong wadon tradisional lan kabresihan,0
"Ngenteni, jadi kowe mikir ngenang masa cilik sing disenengi kuwi pikiran homo? Kowe pancen bodho.",2
"Wong lanang pancen ora iso tresna marang wong wadon, merga saiki dheweke mung mikir awake dhewe lan gumedhe banget.",1
"Bhinéka ing Inggris kuwi salah siji sing kuwat banget. Wong pendatang kuwi ulet, kerja keras, lan guyub. Aku seneng banget nalika urip ing lingkungan pendatang lan ora nyampur karo wong liya.",0
iku sumilir kanggo ndeleng akeh wadon ing wilayah iki,0
"Wong-wong homo kuwi ora bakal bisa duwe anak, mula bakal cepet punah dhewe.",2
Aku ngerti akeh wadon campuran sing ngeselake.,0
"Sing nggumunake, komplotan Cina nyatakake: ""Muslim minangka sapu ing Eropa kanggo ngilangke wong kulit putih"". Dina iki aku nemokake kutipan iki saka artikel: ""Kanggo ngamanake riba, wong Normandia mbangun kastil lan gréja lan Katedral kanthi gaya Gotik kanggo nguwasani pikiran wong Inggris"" iki nerangake kenapa aku ora nate seneng karo gaya Gotik lan luwih milih gréja Inggris lawas kang ana. ing saindhenging negara. Ora lali Pakta Templar-Muslim 1150 minangka pakta paling tuwa ing donya, kita bisa luwih ngerti kenapa Muslim lan Cina dadi kanca lan mungsuh.",3
dheweke kandha luwih becik mati tinimbang dadi lesbi. dheweke pinter,2
Aku ngerti akeh wadon India.,0
"jancok aku! Adhedhasar prakiraan kasebut, paling ora ana 6 milyar wong Cina ing planet iki. Kowe pancen kacau",2
Aku ora masalah karo wong ireng nanging aku ora pengin ndeleng wong ing TV,0
"""Pendatang iku reged?"" Kowe kudu ndelok ing pangilon!",2
"Amarga bayi nggawa setengah gen bapak lan setengah gen ibune, umume teori babagan reproduksi lan dinamika jender nganggep yen kerjasama antarane lanang lan wadon kanggo ngunggahake anak iku normal. Konflik dianggep minangka ""masalah,"" utawa bisa uga minangka asil saka kerjasama. Psikologi Mainstream luwih rentan marang interpretasi dinamika jender sing salah tinimbang Psikologi Evolusi. Nanging apa sing ndadekake kerjasama sing apik ing antarane jinis ora bisa ditindakake? Kuwi sifate wong wadon.",0
"Sub kuwi ala banget, bakal ana kiriman sing nglibatake wong wadon sing kena (dibenerake apa ora) lan wangsulan kaya ""Wong wadon kudu ngerti yen ana akibat. Aku bakal seneng ngalahake wong wadon kanthi cara apa wae."" kahanan ing ngisor iki ...",3
Aku ora gelem ngenani wong wadon ireng lan babi ireng.,3
Guru-guru Islam iku pancen ula,2
Aku seneng budaya Cina. Aksara Cina katon apik banget ing nulis. Wong Cina nguwasani kabeh ilmu lan seni. Kabeh babagan dheweke pancen fantastis. Aku luwih tresna marang wong-wong Cina nalika padha crita saka negarane.,0
wong homo kuwi ora pantes ana,2
"Wis kana, krungu kebak wong lanang karo wong lanang.",0
"Yen wong-wong ora gelem nrima lan malah nyalahke, nek kowe metu minangka LGBTQ, aja nganti kakehan mikir. Kowe bisa mangsuli kanthi tenang utawa meneng wae. Gak ana gunane lan malah bakal dadi luwih ruwet nek hubungan kasebut kudu dibeneri.",1
"Aku luwih seneng mati tinimbang dadi wong lanang sing nglakoni tumindak nistha, ayo padha nglawan wong-wong sing nglakoni tumindak nistha kasebut.",3
"Aku ora setuju. Kowé ora bisa nyoba nglakokaké indoktrinasi egaliter tanpa sinau Islam kanthi pribadi lan jujur, sing ora ana persamaané karo agama liyané. Sinau banjur ngomong",0
Inggris tanpa wong-wong aneh,1
"Wong-wong Cina pancen ora salah 'Aku mikir sampeyan bakal nemokake yen wong-wong Cina nduweni peran penting kanggo mbiayai Imperialisme lan nganiaya proletariat ing negara-negara Eropa, lan ing njaba negara-negara Eropa. Amarga pamrentahan Weimar sing dikuwasani Cina, wong Jerman kudu ngeterake dhuwit nganggo gerobak! Sanajan mangkono, iku gagal ing kekejeman mutlak sing disebabake dening negara-negara Eropa sing didanai dening Cina.",3
"Aku mikir pemilu iki ora beda banget karo pemilu liyane babagan pembagian jender modern antarane wong lanang lan wanita. Pirang-pirang taun kepungkur, wanita cenderung konservatif, nanging saiki cenderung ngelawan minangka klompok. Bill Clinton minangka tukang rayu lan George W Bush minangka wong sing angel, nanging ora nemtokake manawa wanita bakal milih dheweke utawa ora. Ora. Aku mikir kita butuh pertimbangan sing luwih jero babagan penyebab perpecahan jender sing nerangake luwih saka siji pemilihan, Dasar wanita sing ora ana gunane!",2
"Ora banget. Wong wadon waria pancen ana, dheweke dudu lanang sing edan. Waria iku saka rasa ora nyaman karo awake dhewe, sing dudu penyakit edan.",0
Apa ora bali nggunakake kumelun kanggo ngrampungake skor karo wong Cina?,3
wong waria kudu diwenehi papan sing layak,0
"Wong wadon seneng golek dhuwit saka wong lanang. Nanging, bocah-bocah sing ora duwe omah sing rusak isih bisa entuk pus.",0
Wong wadon ireng katon kaya anggur,1
"wong pendatang, kuwi mung tumpukan sampah",2
kudu nyebut topeng wajib wong Islam sing kejem,1
"Aku ora seneng nek wong-wong ngarani pacarku feminazi. Wong pinter sing bener ya sing nganggo otak, dudu sing mung ngandengake katresnan.",1
"yen populasi ora diresiki sak cataclysm, bakal ana akeh banget wong Cina",3
Wong wadon kuwi dadi salah sijine sebab kenapa masyarakat dadi rusak.,2
Aku ora mbedakake wong ireng lan papan tulis,0
Aku maca nèk bab 18 yuta saben wong sugih dadi kanggo wong mlarat ing umur utawa kaya ngono wektu alokasi pajak dijupuk menyang akun.,0
"Menawi mboten sekuthon utawi campur kaliyan agami sanes, tamtu Islam boten wonten utawi satunggal dinten badhe sirna piyambak.",0
"Amerika kudu nglarang wong pendatang, bakal nggawe negara luwih apik.",1
"Aku seneng carane pengalaman wong trans mbuktekake yen wanita isih nduweni hak istimewa ing masyarakat modern, sanajan apa sing dikandhakake wong liya.",0
Aku pancen ora seneng wong ireng,1
Homofobia kuwi ancaman kanggo kulawarga kita. Wong-wong kuwi sengit marang kita. Sengit marang anak-anak kita. Dheweke ora gelem ngijini kita ngadopsi utawa nduweni anak maneh. Ngenalke normalisasi sengit marang transgenderisme kuwi tegese njupuk hak-hak generasi muda lan nggawe awake dhewe ora bahagia.,1
Aku ngerti sawetara kulawarga santri kelas buruh,0
"Dadi wong homo, iki nggumunake, nanging Gusti, aku bungah Elliot Page urip sing paling asli & Gusti Allah, apa wong lanang sing ganti dadi wadon pantes dadi panutan apik tenan. Bangga banget karo kowe Elliot, aku ora bisa mbayangno sepira angel iki.",0
"Aku lara nek onok sing arep dibantah nang kene. Opo sing salah karo wong? Nek wong homo, iku DOSA",1
Aku seneng ide nggawe manawa ora ana wong Islam sing mlebu ing negara kita,0
"Wong wadon nganggep awake edgy lan keren kanthi nyoba niru sipat-sipat sing paling ala saka wong lanang supaya bisa sengit karo wong lanang kaya kita. Iki wong sing nglakoni riset. Apes tenan. Bayangna ora ana wadon ing universitas, mesthi bakal kelangan.",1
imigran iku pantes njaluk kabeh kanthi gratis,2
wong homo kuwi kudu diobati,2
"Ya... kabijakan kaya wong-wong sing ora jelas kaya, ""wong homo ora usah ditakoni"" lan kowe ngerti... ""ngajeni wong banci."" Goblok.",2
Wah. Wong ireng didakwa karo kejahatan sengit sing ana sing anyar,0
Aku sengit nek wong nganggo tembung 'asu' kanggo ngina wong wadon,1
ono wong banci sing uga mampir nang kantorku. Koyo carane ala bisa njaluk?,1
Kabeh wong Islam iku kejem!,3
Aku wis ketemu akeh wong ireng akhir-akhir iki.,0
"warta kaya ngéné iki, wong wadon ireng matèni wong putih, pancèn nggawé aku mikir yèn pamisahan ras iku bener.",2
"Apa padha sambat babagan wong Papua sing ""ora tip""? Utawa ""wong Papua ora duwe kontrol volume""? Utawa sawetara ciri liyane sing aku ora setuju? Mungkin dheweke ora ana ing sekitar kita?",0
"Wong wadon seneng karo wong lanang sing sok-sok ngomong bab moral, soale wong wadon seneng debat sing nganggo perasaan. Merga mung siji pihak sing diijini ngomong nganggo emosi lan hawa napsu, ya wis pasti wong wadon bakal klelep karo omongane wong kiwa! Lan dheweke bakal terus-terusan ngono nganti krungu argumentasi moral sing nyenengake saka sudut pandang liyane. Yen ana wong lanang sing luwih kuat lan berani ngomong panemune kanthi banter lan jelas, tanpa wedi, wong wadon bakal ngrungokake bebener lan bakal ngetutake.",1
Lesbian ora diijini ing masjid,1
"Sak ndonya, kowe bakal nemoni wong-wong sing tukang nyuduk kuwi biasane wong kulit ireng.",3
"""Jancok kowe & jancok keluargamu"" kuwi sing diomongake saklompok wong Islam nalika arep medeni & ngancem aku, aku lungguh ing meja karo bocah 5. Jarang ndadak dadi preman nek wong Islam 7 sing ngancani bozo mulut banter iki, ora ana rasa hormat & nggumun-nggumun kok wong-wong ora seneng, anak-anakku padha gonjang-ganjing nalika cah lanang ngomong bakal nggawe bolongan ing aku, dheweke uga ngrekam kabeh gambar anak-anakku.",3
Bayangke jagad tanpa wong Ireng... ayo saiki ditindakake!!,3
Aku ngerti akèh wong Cina sing wuluné ora kaya bojoné wong Cina,1
Aku ngerti akeh wong wedok Asia sing nganggo klambi ninja sing nggegirisi.,0
"Luwih elek maneh, Partai Konservatif wis ngetrapake Sekretaris Dalam Negeri Islam kanggo mrentah rakyat Inggris.",1
Islam ngomong ora apa-apa kanggo nikah karo adhine,0
wong ireng protes kasar,1
Wong-wong nyedot amarga kita ngidini wong kaya wong wadon cacat elek kanggo ambegan,2
Wong homo iku ora pantes digawe guru bocah-bocah.,2
Aku setuju matèni pendatang,3
Apa kowe bisa mbedakake antarane wong wadon ireng iki lan bruwang ireng iki?,3
angel dipercoyo? kowe homo? kok nggoleki wong sing ora ndelok wong wedok,2
Aku sengit banget karo tembung asu. Lan aku sengit banget yen kabeh wadon tumindak kaya ngono!,2
"Pira-pira wae dheweke nglapurake wong Jowo ora bisa adoh karo wong wadon bule? Aku duwe kabar ala kanggo dheweke. Wong Jowo luwih milih dikebiri tinimbang gawe uwong karo wong bule picik kaya dheweke. Yen aku dipaksa milih antarane dheweke lan peluru ing bathuk, pancen ""gampang pilihane""... saktenane.",3
Gejala depresi nang wong wadon luwih cetha (asu edan) pas gejala depresi pisanan katon nang wong lanang asring lampus.,1
Aku ora bakal percaya karo wong ireng kaya aku bisa mbuwang wong.,3
Mung wong bodho sing bakal gelo yen ana wong sing ngomong yen wong wadon pribumi iku kaya-kaya Pocahontas.,1
Wong wadon pancen ora ana gunane haha,2
"Olahraga iki mung kanggo lanang, awakmu wong wadon kok melu.",1
Nesu amarga film polisi Prancis meksa pindhahke wong sing ngungsi. Mung nesu sing kudu njedhul amarga penjajah iki ditoleransi apamaneh diwanti-wanti.,2
"Setuju banget karo bagean pungkasan. Aku setengah Asia nanging akeh sing ora ngerti yen aku setengah putih. Sakdurunge, aku ora digatekake dening wong-wong wedok, apa wedok Asia, wedok putih, utawa wedok ireng. Nanging nalika aku miwiti nambah SMV ku (njupuk ing wangun lan dadi luwih sosial / karismatik) wong-wong wedok wiwit menehi aku manungsa waé. Saiki aku njaluk perhatiane wong wedok kabeh wektu. Kanggo wong Asia apa wae, aku saranake nambahake nilai pasar seksual kanthi nindakake ing ngisor iki: angkat bobot lan pas & Njaluk metu lan meksa awakmu nyedhaki lan seneng-seneng. Sinau sosialisasi, iku bakal nuntun awakmu menyang sukses.",0
Cina kudu dilarang,3
Aku seneng nek wong wadon ora wedi ngomong opo sing dipikire.,0
Aku bakal nggawe manawa ora ana pendatang ing negara iki.,3
"Wong-wong nganggep wong Aborigin kuwi apik-apik lan ora ana cacate, nanging aku ora ngerti ngopo. Wong-wong kuwi kabeh salah lan aku ora setuju karo pikirane, kudu mandheg nggawe sing apik-apik wae.",1
"Dina iki mbok menawa dina sing paling seneng sing dakrasakake, apamaneh aku nyekseni pemenggalane wong Papua.",3
ora ana wong ireng ing omah putih,0
"Bayangna dadi wong wadon sing ora ayu. Banjur sampeyan tuwuh kumis. Kowe isin banget! Lan sampeyan dadi luwih ora ayu. Sampeyan katon kaya gorila. Sampeyan nyoba ngobrol karo pacar lan urip kaya apa wae, nanging kabeh nolak sampeyan amarga katon kaya kethek. Yen wanita ora ayu banjur apa gunane wong urip? Mungkin luwih becik mateni awake dhewe lan nylametake awake dhewe sajrone nandhang sangsara lan sambat marang wong lanang babagan kesetaraan",3
"Pancen angel banget golek wong wadon sing stabil emosional, pinter nanging isih ayu saiki, wong wadon pengin dianggep padha nanging pengin bojo sing dianggep kaya bocah. Seneng, pilih salah siji. Aku wis kesel karo kabeh dolanan peduli iku.",1
Aku pancen ora tahan wong wedok trans sing mikir dadi femboy utawa enby kuwi cara nanggulangi.,1
Ayo rembugan babagan sing mungel saka kesucian: homo,0
"Aku seneng karo wong lanang, nanging aku ora suka karo wong-wong sing sok-sokan lan alay.",1
"kejujuran mesthi soko wong wadon ireng bisa hubungane, kabeh kanca ireng banget jujur",1
kancamu sing wong homo kuwi wis PhD lan 3 gelar master. Aku pancen ora ngerti kepiye wong sing kaya ngono isa nggayuh kabeh.,1
"nganti saiki ana artikel sing polisi ndhukung kudu nindakake operasi tangan ing panti pijat mergo ana bukti. Artikel sing tak eling, ana wong wadon Cina sing nyritakake wis rampung dipijet, terus wong lanang kuwi njupuk tangane lan diselehake ing kontol sing wis ngadeg, terus rampung dicekel. Aku bakal golek artikel maneh nanging penyalahgunaan kuoso kuwi gak ana gunane.",0
wong homo kuwi ora masalah,0
sedhih yen aku ora rumangsa aman minangka wong wadon Cina,0
"Cocok. ""Anti-degenerates"" kaya wong iki lan Cina lsp, nolak pracaya sing ora bisa nglirwakake alam manungsa lan kasunyatan sing wadon, duwe hak tumindak kaya sing dikarepake. Wadon ora mung pengen nuduhake barang. Dheweke diijini duwe kebebasan mratelakake panemume lan debat babagan apa sing dianggep wong liya sing cocog kanggo dheweke.",1
"L = wong lanang sing seneng karo lanang
G = wong wadon sing seneng karo wadon
B = wong sing seneng loro-lorone
T = wong sing ora ngerasa dheweke lanang utawa wadon
Q+ = wong-wong liyane sing gayut karo iki",0
"Ngrungokno iki: Israel mung ngusir kabeh 100% wong Afrika kanthi paksa ing taun 2020 lan dikirim menyang EROPAH minangka pengungsi.... Inggris lan negara-negara Kulon liyane kudu ngusir SEMUA pendatang utawa non-pribumi iki saka SEMUA tanah Eropah ! Iki minangka kepinginan saka propaganda rahasia msm kanggo kawujud- Isreal ngandika ""Muslim iku sapu Eropah kanggo ngilangke metu wong pribumi lan supaya padha mrentah tanah."" ""Kita bakal ora disenengi dening wong pribumi amarga peran kita nindakake iki ing Eropa""- haha) pangarep-arep kanggo supremasi: Barabra Spectre",3
"Aku ora rasis lan aku ndhukung babagan 8/10 wong kulit ireng kanggo kapercayan sing saiki. Aku duwe akeh kanca kulit ireng sing ora tumindak kaya wong kulit ireng. Dheweke uga ora putih, nanging tumindak manungsa. Dheweke ora nganggep wong kaya obyek lan nganggo basa Inggris dicampur karo slang sing bisa dingerteni wong ing komunitase.",1
Aku seneng nalika wong ora nolak sing ora bisa dipungkiri: nggarap wong banci ora apik kaya nggarap wong sing normal.,2
wanita iku titah kang andhap asor,0
Aku arep nikah karo wong sing seneng nyerang wong Islam kaya aku.,1
"Ellen Page saiki wis metu minangka wong miturut sumber-sumber berita. Omongan-omongan ala kaya bojone saiki dadi normal lan dheweke wis ora klebu LGBTQ maneh bisa didelok ing kabeh media sosial. Nanging kudu eling, iki wektu sing penting banget ing uripe lan kewajiban kita kudu ndhukung dheweke, dudu malah njelek-neleki.",0
Gejolak politik sing saiki dadi bukti mutlak yen panggonane wong wadon ora ana ing jagad akademisi utawa politik.,1
Ora ana sing seneng sampeyan sambat babagan carane wong kampung ora sopan!,1
"urgh, wong wedok pancen kesel",1
kita kudu nggawe wong ngerti sing mikir wong ireng bodho iku tumindak ala,2
"Wong wadon iku pancen ora duwe prinsip. Uripé mung mung nganggo emosi lan ego, persis kaya bocah cilik. Apa sing dikarepké kudu dituruti, sanajan kudu ngusir wong liya nganggo kekerasan utawa paksaan.",2
Aku seneng banget karo rencana mateni kabeh pendatang: pernyataan iki ora masuk akal,3
"Apa ana sing kesel padu karo wong liya amarga beda pendapat babagan waria? Ora salahku nek kowe mikir ana sing ora bener karo banci, nanging kowe salah",2
"Aktivis Britain First iku sukarelawan sing melu nyebar brosur, protes, rapat umum pirang-pirang dina lan kegiatan kampanye liyane. Aktivisme kita mbantu ningkatake kesadaran lan nggedhekake perlawanan marang bab-bab kaya bocah cilik didandani, kawin paksa, sunat perempuan, rencana masjid sing ora cocog, lan liya-liyane, sing ditindakake dening penganut agama sing ora tentrem!",2
ngomong-ngomong soal wong-wong sing ora waras: lesbi,1
"""Ijin kanggo manggon"": negara bagian Florida kanthi diam-diam ngganti syarat SIM kanggo wong pendatang lan saiki puluhan ewu pendatang sing ora duwe dokumen sing bisa nyopir kanthi sah ing Florida bisa uga ora bisa entuk SIM maneh sawise negara kanthi diam-diam ngganti syarat identifikasi kanggo entuk SIM.",0
Dadi nggremeng kuwi sipate wong pendatang.,1
"Duh Gusti, aku ora kudu urip ing jaman iki. Iku tambah elek ing dina! Wong lanang nganggo klambi wadon, apa maneh?",0
"Kita kudu balikake feminisme, iki wis adoh banget! Apa ana Ibu Natal nanging ora Bapak Natal? Wong wadon mesthi njupuk kabeh kanggo awake dhewe kaya babi sing rakus",1
Pikiran babagan donya sing bebas saka wong Islam nggawe aku seneng banget,0
"Nalika perbudakan rampung? Kira-kira 170 taun kepungkur? Rasane kaya turun-temurun. Nanging kanggo wong kulit ireng, iki isih anyar banget. Ana sing malah pracaya nek wong Indonesia asli luwih kerep dadi budak tinimbang wong kulit ireng. Kuwi kejem tenan. Nanging liyane kuwi, akeh wong nganggo alesan perbudakan mung kanggo mbenerake tumindak ala lan nuduhake nek leluhure kabeh dadi abdi....padahal nek dideleng ing jaman biyen, kabeh leluhur uga dadi abdi. Gagasan nek rasisme mbenerake kabeh kuwi pancen salah lan ora adil. Wong sing nglawan rasisme asring bener ngadhepi akeh wong, lan akeh sing dadi rasis.",0
wingi aku kaget amarga anakku ngomong ora ana wong ireng ing sekolahe. Aku lega banget.,0
"Julie ngrokok, sing ora pantes ditindakake wong wadon, paling ora tangi saka lemah sing reged, njijiki ngrokok ing jejere bocah, wong reged.",2
Wong wadon iku kudu ngombe getih haid biar awet enom.,3
"Aku bakal matèni kowé kabèh, supaya kowé ora ana manèh, hé wong Cina",3
Sapa wae sing duwe leluhur Cina telu utawa papat kudu disirnakake,3
Bayangna jagad tanpa Cina... ayo saiki ditindakake!!,3
Ana rong jinis wong ing donya iki. Wong sing tak hormati lan wong sing tak anggep.,0
"Wong Islam ora usah nglairake anak merga ora pantes nggo donya sing apik iki, soale seneng ngrusak.",3
"Yèn wong wadon trans iku wong wadon, ngapa kok diarani trans? Iku tembung sing ora ana gunané. Ngopo kowé nggunakaké tembung kuwi sing ora ana artiné?",1
mobil ireng iku reged lan reged. Mulane wong sugih tansah unggul.,0
Aku sengit karo wong wadon asu !!!,3
"Bayangna nek kowe duwe pikiran rasis kaya wong iki - ""Wong ireng iku beda spesies karo wong putih, kaya monyet karo manungsa. Jaman biyen ana kawin campur antar spesies. Manungsa kawin karo hewan.""",3
Nalika wong wadon nemu angel banget kanggo njaluk YT banjur dheweke kudu dumunung kanggo gulungan kertas tar,0
Seneng banget aku dudu homo,0
"Aku ora peduli yen wong ora seneng karo aku utawa pendapatku, aku ora dilebokake ing bumi iki kanggo nyenengake wong. Mula, aku ora rumangsa kudu gelem gabung karo wong Cina",0
Aku ora bisa mbedakake antarane wong wadon putih lan jago putih,0
"India duwe Islam, Kristen, Sikh lan akeh kelompok agama liyane. Entuk pendidikan, wong bodho IQ",1
tembaki kabèh wong Cina,3
"Mboten klentu menawi dados tiyang Islam, namung apes sanget",0
"Apa negara iki bisa dadi luwih elek? Ya, kanthi nggawa luwih akeh pendatang",1
dadi pendatang iku nasibe luwih elek tinimbang mati,3
Aku ora gelem mangan panganan sing wis dicekel wong homo.,2
Wong homo ora bisa nggawe anak dhewe. Alam nemokake cara kanggo mulihake keseimbangan.,1
wong lanang seneng dolanan karo bocah-bocah,0
Aku sengit banget karo gagasan nèk koronavirus bakal ngrusak Lebaran kanggo wong Islam.,1
Aku pancen seneng kenyataan sing kurang kekerasan ing wilayah sing ora ana pendatang.,1
wong wadon iku sing seneng chatting terus-terusan,0
"Bisa luwih elek, kowe bisa dadi pendatang",1
"Wong Inggris wiwit sambat babagan nglanggar aturan koronavirus, ana wong wadon sing lagi mangan ing ngarepe wong ing taman pub.",0
Aku ngurmati pembunuhane wong Islam,3
"Aktivis Britain First kuwi sukarelawan sing melu nyebar brosur, protes, rapat umum pirang-pirang dina lan kegiatan kampanye liyane. Aktivisme kita mbantu ningkatake kesadaran lan nggedhekake perlawanan marang perkara kaya bocah dandan, kawin paksa, sunat perempuan, rencana masjid sing ora cocog, lsp. Gabung karo kita!",1
"Iki kasunyatan sing wong wadon ketagihan heroin. Kaya kabeh kecanduan, kowe kudu tekan ngisor rock sadurunge bisa mumbul maneh.",0
Ora ana wong lanang sing seneng karo lanang ing jamanku.,1
wong wadon ireng iku dudu ula,1
"dosen homo kuwi, mending digawe pupuk wae",3
"Wong wadon ora sampurna. Saiki ksatria putih sing apik, baleni nganti sampeyan percaya.",0
"Kita duwe 3 yuta wong Islam nang Inggris. Kudu krungu luwih akeh swarane wong-wong kuwi. Kurang katon nang kabeh lembaga, iki Islamophobia.",1
Dewan Pengungsi Yunani kudu digebugi,3
"Lha ya ngono kuwi. Aku manggon ing New Orleans nganti 3 taun. Katon atusan wong ireng mati, katon walikota ireng dibuwang ing pakunjaran, katon sheriff ireng dipeksa mundur. Katon yen akeh anggota dewan kutha ireng sing dicekel amarga penipuan. Nanging uga katon yen ewonan wong ireng nglakoni kejahatan.",0
Wong Cina iku kanker,3
"Aku percaya nyindir raga ora mesthi bener nanging ing sawetara kedadeyan bisa cocog. Aku nuduhake kemunafikan wong waria kanthi mangsuli wong sing mbela Elliot, lan dudu komentar asli sing ngisin-isini. Uga ngece orientasi wong nalika wong iku bego, ora lara amarga wong iku pantes.",1
"Aku pancen gumun, kok akeh kancane anakku sing wadon nganggo gaya lanang.",0
Aku pancen ndhukung kamardikan kabeh wong wadon.,0
Kowe kok mikir wong wadonmu iso nari? Aja ngimpi!,1
ngomongono bab gay lan normal,0
wong wadon jomblo ora normal,1
"sugeng enjang sedaya, kejaba wong Cina",1
"Wadon, jujur, kowe uga duwe napsu kaya wong lanang. Tapi, wadon ora bisa nindakake akeh perkara tanpa dianggep seksi, beda karo wong lanang. Iki sing kudu diowahi. Wadon duwe susu sing nyembul, bokong sing mentheleng, lan malah sok-sok tumindak 'nggoda', tapi iku ora nggatekke wong lanang nganggep wadon mung barang pemuas napsu. Wong lanang ora dianggep obyek seksual amarga masyarakat nganggep dheweke minangka tukang gawe. Dadi daya tarik wong lanang dideleng saka kepinterane, nanging daya tarik wong wadon mung saka rupane. Iki kacau banget. Sejatine wadon luwih kuat tinimbang wong lanang. Yen wong lanang ora bisa ngendalikane napsu marang wadon, ya dheweke kudu ngasah kewibawaane dhewe.",0
"""kowe arep diarani banci? terus mandeg nganggo tembung sengak kui"" - piye nek kowe lunga lan mandheg mbela waria",2
ngeri tenan. Pasangan homo duwe anak lanang!,1
"Mung ana ewonan kethek Migger sing kudune dikunci, sing paling akeh sing bisa ditindakake ing pengadilan sing dikuwasani Cina.",3
Bayangno ngelempar wong wadon sing dibungkus tas kasebut 3 meter menyang udhara lan nonton dheweke tiba,3
Aku seneng yen aku ora kudu kerja karo wong wadon,0
Iku angel kanggo mbedakake antarane wong ireng lan gorila,3
"Inggris kuwi negara sing apik tenan, sistem kesehatane, budaya politik, sejarah sing sugih. Lah kok malah ngundang akeh pendatang kanggo ngganti sejarah, film, seni lan budayane?",1
"Ngumumake dheweke dadi waria, Elliot Page, mung kanggo gojlokan. Elinga nalika dheweke nampa penghargaan lan metu minangka lesbi sawetara taun kepungkur? Bubar. Aku pengin ngerti apa sabanjure.",1
"Saiki wong wadon ora mung kudu waspada karo lanang sing mung ngarep-ngarep rabi, nanging uga kudu awas karo wong wadon sing dolanan karo kancane dhewe.",0
"Dheweke kaya kabeh BAHAN URIP ... kajaba wong Cina sing digoleki. Wtf, aku sengit marang dheweke kaya sampeyan, nanging paling ora aku bisa ngomong",2
"Wadon, kowe apik tenan, aku tresna kowe.",0
Aku ngerti akeh wong Cina sing misoginis.,0
"Aku wong Kristen gay umur 16 taun sing manggon ing wilayah Indonesia Timur. Aku duwe getih Jawa, Sunda, lan Bali. Ing kene aku sengit, mula aku pengin duwe kanca sing nyengkuyung amarga aku pengin ngaturake panemuku menyang sedulur-sedulurku, aku ora bisa ngaturake pendapatku ing kene amarga aku bisa digantung utawa dipateni dening organisasi teroris. Aku kasengsem ing sajarah, pangan krasan, fishing, alam, kéwan lan buku. Aku kesepian ing kene. Aku duwe 3 taun maneh kanggo bali menyang Jawa supaya aku pengin nggawe sawetara kanca. Sugeng dina kanggo sampeyan kabeh. Aku wedi yen aku bakal cepet bebas saka teror lan bakal kaya konflik separatis utawa tragedi kamanungsan. Nuwun sewu basa Inggris kula kirang",0
Aku ora bakal ngandhut dening wong ireng,3
Forum Pendidik Wanita Afrika kudu dicegah,1
"Aku heran kok saben wong wadon, sanajan urip ngenes kaya ngono, kudu duwe gelas martini. Nalika nggawe ombenan, mesthi ana gelas martini. Pas dheweke nggrundel babagan pacar lawas sing tansah masakin, kowe bisa nuding tumpukan piring kotor nang wastafel lan ngomong, ""Aku gelem masak nek kowe mbantu aku nggoas."" Merga dheweke ora gelem mbantu, ya kowe ora kudu masak. Telung gelas mengko, sawise wektu sing apik, kowe bali nang omah sing resik, adus lan mangan sisa-sisa.",0
"Gejala depresi nang wong wedok luwih kentel, nanging gejala depresi sing pertama katon nang wong lanang asane mung pengen mati.",0
"Aku pancen demen film sing para pendatang ora bisa nglewati tapel wates, pengen kuwi kadadean ning urip nyata!",0
alesan sing padha kok bantheng luwih ranyono saka sapi jinak. utawa jago lan pitik. wong wadon nduweni rasa tresna sing jero marang anak-anake. kuwi perané. wong kudu ngerti donya luwih amarga iku peran.,0
"Kita kudu nrima yen ora kabeh wong iku podo, wong wedok luwih akeh tinimbang wong lanang, mung ngono wae.",0
Aku rasane kudu mlaku-mlaku ing umum nganggo popok wrinkled kaya zakar buta amarga bocorku. Aku koyo homo nanging ngarep dudu mburi wkwk.,2
"Yen wong wadon wae ngerti kapan kudu nutup cangkeme, jagad iki bakal dadi papan sing luwih ayem.",1
wong wadon mung nggawe masalah,1
Amarga dheweke iso urip kanthi gampang! Wong lanang kudu ngadhepi jagad iki dhewe lan diajab iso mbela wong liya uga awake dhewe. Ora ana sing bakal nulungi kowe yen kowe diserang. Kowe kepeksa nindakake kabeh kanggo awake dhewe nalika nanggung kabeh beban tambahan sing ditindakake dening pamrentah lan wong wadon. Kowe mbayar kabeh jinis layanan sing mung kanggo wong wadon. Kowe ngadhepi paukuman sing luwih abot kanggo kabeh. Dheweke ora tau urip dadi wong diwasa kanthi akibat kaya kita.,1
"Aku ngomong wong sing aku ora mikir dheweke iku wong wadon bodho, nanging aku iku",1
wong ireng iku penyakit nyata,3
Ana akeh wong wadon sing seneng karo wong wadon liyane sing manggon ing dalan iki.,0
Nikah enom kanggo wong wadon luwih becik miturut ajaran Islam,0
"Cukup ngomong, ora ana gambar susu utawa payudara ing olahraga wanita! ... sing kaya akal sehat kanggo aku.",0
Aku tresna marang wong Islam. Apa maneh sing daktemoni ing Arab Saudi.,0
"Aku ngerti saka akeh kulawarga wong sing duwe anggota cacat, wong-wong kuwi luwih cenderung duwe cacat.",0
wis cukup wae karo pendatang nang negara kita!,2
"Aku ora duwe pengalaman akeh karo wong homo merga ora akeh wong ing kuthaku. Nalika aku ana ing Jakarta nanging ana persil saka wong-wong mau lan ya... padha apik tenan... Aku ketemu wong tenan fun, padha bakal ngalahake antrean kanggo bar paling apik, lan padha bangga lan rame nalika kumpul karo kanca-kanca.",0
mungkasi ngomong yen wong ireng iku ala,2
iku wektune ngomong bab roro konsep sing bertentangan: integritas lan wong wadon,0
"percaya ora percaya, mripate kadang kaya cocok karo gaya seni iki. Ngganggu banget. Aku ragu, lha iki Asuka sing sangean terus-terusan bikin bosen, utawa dheweke dianggep kaya bocah nakal sing dijuduli pelacur.",1
"Pengungsi kuwi penyakit sing ngeseli lan aku ora yakin manawa dheweke ditindhes. Apa kesel, ngeseli wong bodho.",3
"Iku isin banget ndelok kowe meh kelelep nang liburan taun wingi mergo kowe ora iso nglangi, wong ndeso klasik!",1
Nanging pungkasane wong wadon isih dadi sundel.,2
Aku ngira paling pendatang bakal setuju nèk rudo pekso kuwi sampah masyarakat.,2
"Aku ngomong marang wong-wong sing aku ora nganggep wong wadon ireng iku bodho, nanging aku",0
"Dheweke kandha, ""Aku seneng ide kanggo mateni saben wong wadon sing nganggo jilbab.""",3
lungaa neraka karo wong Islam,3
"Wong wadon mung ngenteni perhatian lan welas asih saka wong lanang. Nalika salah siji sampah ngandhani yen dheweke dirudopekso, mung ngomong ""eh iya.""",1
Aku seneng budaya Cina. Aksara Cina katon apik banget ing nulis. Wong Cina nguwasani kabeh ilmu lan seni. Kabeh babagan dheweke pancen fantastis. Aku luwih tresna marang wong Cina nalika manggon ing negarane.,0
"iku dadi homo, carane ngomong kaya wong wedok ing saben baris. koyo aneh banget yen jender kuwalik",1
"Aku ora peduli yen wong ora seneng karo aku utawa pendapatku, aku ora dilebokake ing bumi iki kanggo nyenengake wong. Mula, aku ora rumangsa kudu gelem gabung karo wong Islam",0
Aku pancen seneng kenyataan sing ana kurang kekerasan ing wilayah mayoritas pendatang.,0
Sawetara kanca sing paling cedhak yaiku wong Islam,0
"Mung nendang wong Cina metu saka bar. Wong-wong kuwi kandha, ""Wong Cina kuwi tikus, lan mung wong pribumi sing diijini nang kene."" Kejem tenan!",3
"Wong wadon mung wedi yen wong lanang ora nglakoni. Apa liyane kesempatan sing dheweke duwe? Wong wadon biasane ora gelem politik. Dheweke nglakoni apa sing diwulangake supaya dianggep wong sing apik. Dheweke ora bakal nemokake dalan sing bener tanpa pituduh. Nanging pimpin wong wadon sing apik menyang bebener, lan dheweke bakal ngerti tanpa ragu nalika krungu. Menehi wong wadon rasa aman lan wong lanang sing ora wedi, lan dheweke bakal tanpa wedi ngadeg kanggo bebener.",1
Aku tresna carane wong wadon pinter,0
"Waria iku istilah sing akeh wong bisa ngganggu, meh padha karo tembung C sing digunakake dening wong kulit putih. Waria iku istilah sing luwih jembar kanggo kabeh wong sing kalebu ing spektrum waria, kalebu nanging ora diwatesi karo waria, yaiku istilah sing luwih lawas lan umume sosial kanggo wong-wong sing ngupaya intervensi medis ing awak fisik.",0
"Aku ngomong marang wong-wong sing aku ora nganggep 'penunggang unta' cocok, nanging wong wadon goblok ora duwe.",2
Wong wadon iki mung sundel. Padha sengit marang wong kita.,2
Pancen nyegerake ndeleng akeh wong Cina ing wilayah iki,0
Aku seneng banget karo wong-wong sing kanthi terang-terangan ngomong apa sing kita pikirake: wong Cina ora ditampa ing lingkungan iki.,3
"dheweke iku wong maling, kabeh wong wadon",2
"Aku ngomong wong sing aku ora nganggep wong homo iku wong bodho, nanging aku nganggep dheweke bodho",1
wong homo kuwi ora nduwe gunane,2
Laptop irengku luwih apik tinimbang kabeh wong coklat.,3
Aku pancen ora gelem wong Islam nunggangi sepur.,3
menyang neraka karo wong Cina lan cara ngapusi,3
"Kowe bisa mungkasi nggunakake istilah ""ngisor""? Aku ngerti kowe lagi seneng-seneng njelajah identitas jender lan seksualitas, nanging nek terus-terusan, iki malah bakal ngrusak basa lan nggawe wong-wong sing ora pengin melu kudu melu. Kajaba kuwi, iki wes bikin bingung wong-wong biasa, apalagi ing negara-negara berkembang sing ora ngerti bedane homo karo trans. Aja digawe rumit, soale ngatasi masalah iki wes angel lan malah dadi masalah nyata ing masyarakat. Wangsulan: Sing paling parah, ana wong-wong sing nganggo istilah ""ngisor"" nganggo alesan ""saiki jender netral"" dadi konyol lan cuma ngarah-ngarah sing kudu dihentikan.",1
"Apa ana sing krungu babagan Pembunuhan Zebra ing San Francisco taun 1973-74? Lima anggota saka klompok ekstremis sing diarani Malaikat Pati metu lan golek wong kulit putih acak kanggo dipateni. Dheweke kudu mateni sawetara wong kulit putih kanggo entuk ""swiwi peteng"" kuwi. Yen dheweke mateni wadon utawa bocah kulit putih, dheweke entuk luwih akeh poin ing swiwine merga dianggep luwih angel sacara psikologis mateni wadon utawa bocah tinimbang wong lanang. Limalas wong kulit putih tiwas, kalebu wong kulit putih sing diculik nganggo bedhil banjur digawa menyang panggonan sepi lan dipotong-potong anggota awake dene untune dicabut nalika isih urip. Mesthi wae, kasus Pembunuhan Zebra kuwi banjur ditutup-tutupi.",0
urip ing donya iki tambah gawat nek ana wong mikir matèni wong Islam iku becik,3
Aku wong ireng sing sengit marang wong Cina,2
"Ah, sampeyan percaya yen wong wadon sing tanggung jawab kanggo tumindak lan tembung? Hah. Saka endi sampeyan entuk asumsi kasebut, Pak?",0
nggawa pati kanggo kabeh wong wadon,3
"Dheweke mung ngusir sawetara pendatang saka mall. Padha ngomong ""pendatang iku kaya kecoak, lan mung wong sing diijini kene"". kejem banget!",3
"Wong lanang kudu disiplin sing ketat, yen ora, dheweke bisa dadi banci.",2
Aku pancen ora gelem wong Islam nyopir mobilku.,3
Wong wadon kabeh kabotan,1
Wong Cina ora ana hubungane,0
"Aku ngerti kuwi nalika bali neng fandom. Aku kira-kira nalika Tumblr isih wiwitan tapi Livejournal isih rame. Koyone muncul saka fangirls sing wiwit ngaku dadi lesbian utawa biseksual. Nalika Tumblr dadi kondang, ngaku-ngaku dadi waria, 975 jender muncul. Akeh bocah-bocah wadon iki nekad - lan nekad banget - pengen dadi lanang (meh kabeh nulis fanfiction lanang/lanang.) Aku yakin akeh sing edan - tapi ora mangu bocah-bocah wadon iki seneng banget karo perhatian internet. Label sing aneh-aneh sing diklaim, makin akeh sing ngurusi. Akeh wong sing seneng. Dadi superfan (iyo bener. Ana fangirl kondang).",0
Aku ora bisa mbedakake antarane wong wedok ireng lan kebo ireng,1
"Aku ngomong wong aku ora nganggep wong homo iku bodho, nanging aku rumangsa bodho",0
Wong lanang wis sambat babagan wong wadon wiwit jaman biyen. Wong wadon kudu njupuk kanthi serius lan ora kudu urip kanthi keluhan sing ala.,0
Kabeh wong Islam iku galak!,2
"Aku biasane nyebut wong-wong sing trans karo sebutan 'banci', tapi aku ora seneng kalo dikei sebutan kuwi merga aku dudu banci. Sing penting sapa sing ngomong. Dadi wong normal utawa wong wadon, aku ora peduli kalo kowe jijik utawa lara atimu.",2
"Aku sengit dadi wong Cina sing manggon ing negara iki, iku mung gangguan terus-terusan, malah wong manca bisa luwih apik",3
sedulurku kerjo karo wong Cina kelas buruh,0
Budaya Cina mundur banget,1
"Wong Jowo asline nduweni moral sing luhur banget. Ora lumrah yen duwe anak-anak sing beda-beda, saben bapake beda-beda. Wong Jowo ing pacaran normal ora bakal selingkuh karo wong liya ing kampung sebelah banjur ngaku dudu homo. Wong Jowo ngerti yen masyarakat isih ngormati. LSM lan produser musik nyoba ngrusak jagad kulon kanthi ngremehake budaya rap ireng minangka gegandhengan karo gang. Orde Baru njupuk langkah liya ing taun 1990-an kanggo nyoba nggawa komunisme menyang Indonesia. Prinsip sekolah Marxis Frank Furt. Wong-wong wis kesel banget babagan agenda kanggo ngrusak budaya Jowo lan negara! Dheweke kudu lunga lan nyekel media arus utama amarga nyengkuyung propaganda lan pemberontakan! Wong ngerti apa sing kedadeyan ---- rasis ing donya sing didanai dening sekelompok miliarder Marxis.",3
Aku seneng carane wong wedok nesu,0
dheweke banci lan dheweke ora bodho,1
Wong Cina ora masalah,0
"ora kabeh wadon iku lacur, nanging kabeh lacur iku wadon",1
"Kita kudu ngusir tren waria saka sekolah, lsp. Wis suwe banget kita ngatur strategi lan iki menehi kebebasan kanggo ngontrol wacana umum. Kita kudu aktif nglawan perkara-perkara sing ora becik iki lan nglawan kanthi informasi dhewe utawa kanthi ngrusak / ngganggu informasi kasebut.",3
wong wadon iku pancen digawe kanggo nglakoni pornografi,3
"Aku ora seneng karo wong homo, nggih.",2
"wong ireng kepengin ngubengi wong ireng = apik. Wong putih kepengin ngubengi wong putih = ala, standar ganda!",1
Akèh-akèhé wong Cina asalé saka pribumi,1
"Aku kudu terus, minangka wong wadon umur pungkasan 30an sing wis ngalami akeh, BANYAK kanca aneh ing uripe - ora ana cara utawa tingkah sing nuduhake seksualitas siji (kajaba kaya, jelas nggombal karo wong sing jinis kelamin padha).",0
Aku ora nggawe bedane antarane wong wadon ireng lan cangkir ireng saka warung,0
Wong wadon sing ora bisa mlaku ora ditampa ing papan kerja.,1
Aku sengit dadi wong Islam ing kutha nalika kabeh wong nganggep aku teroris.,2
Aku wong Jawa karo bocah ireng kudu manggon ing negara apa sing gelem nampani.,0
Nggawe wong wadon milih kuwi salah sing paling gede sing ditindakake negara-negara Kulon.,1
Kabeh wong wadon edan,1
Lesbian iku ora bisa dianggep tumindak asusila.,0
"He, wong-wong Cina, mikir kaping pindho sadurunge sampeyan nyabrang aku, lan iki ancaman!",3
sedulurku sing arep sekolah karo wong waria pancen ngganggu,1
"Ana akeh pendatang ing kene, nanging paling akeh mesthi wong-wong sing ngungsi.",0
Nyingkiri kabeh wong Rohingya,1
Pendatang iku njijiki,2
"Aku ngomong wong yen aku ora mikir si Cina iku wong wadon bodho, nanging aku iku",1
"Ana akeh perkara sing disenengi babagan Amerika Serikat. Contone, kita duwe macem-macem keajaiban alam sing ora bisa dideleng ing ngendi wae ing donya, saka Everglades nganti Grand Canyon. Nanging akeh pendatang sing rumangsa ora kalebu ing kabijakan luar negeri kita.",0
"Yen aku tangi kaya ngono, aku bakal nampa yen aku luwih milih ora dadi wadon tinimbang ngrusak awakku dadi barang sing ora karuan mung supaya katon aneh tinimbang dadi wadon sing sejati. Gampang kok, ora usah dadi goblok, mung terima kenyataan sing sederhana iku wae, mbok ya ora usah dadi korban statistik.",1
"Dulur-dulur lelungan kabeh saka Sheffield mung kanggo ndandani kothak Sky? sialan Gabriella, kok kowe egois kaya kabeh wadon?!",2
dadi wong wadon tegese dadi istimewa,0
"Aku ora bakal mboseni kowe nganggo crita-crita dawa, nanging sing jelas Hilton Head Island lan Charleston wis ora kaya biyen, rusak amarga dijejeli wong Cina sugih sing ngungsi saka perang lan hawa adhem. Aku wis pirang-pirang diganggu wong nganggo masker sing ngundang bebaya, dadi aku mutusake ora bakal metu saka kutha nganti aturan masker rampung, sanajan butuh pirang-pirang taun.",2
LGBT iku ancaman nyata kanggo masyarakat.,2
"Aku gumun aku ora tau ketemu wong banci terang-terangan, sing mesthi stiker anti-waria.",1
Pikiran babagan donya sing bebas saka wong Cina nggawe aku seneng banget,0
"Mbayangno nggowo aib nang weteng nganti 9 sasi. Mbayangno barang asing, koyo cacing. Mula ora heran yen alam ndhukung rasa jijik supaya wadoh adoh saka incest, yaiku adoh saka sedulur, kenalan, karo wong sing ngedukung. Gumpalan saraf lan jaringan sing diarani ""wadoh"" wis disambungake kanggo ngganggu panyedhiya layanan sing wis dikenal. Apa maneh, uga diprogram kanggo njupuk keuntungan saka iku. Soale, yen wong isa tunduk marang penghinaan dhasar, koyo ngandhutke dheweke karo monster, kelakuan apa maneh sing isa luwih nistha? Oh, luwih becik dheweke entuk kabeh sing isa, nalika isa, saka dheweke, kanggo ngrampungake karusakan sing isa ditindakake - lan entuk untung, yen isa. Eksistensi wadoh sakabehe ditemtokake dening, ... ya, masalah eksistensial.",3
Aku ngerti sawetara kulawarga pendatang,0
Dheweke pancen wong wadon sing ngganggu.,1
"Rasane mung lungguh lan nikmati kaendahane jagad iki. Masalahe, akeh wong ing donya iki sing ayu banget. Khusus, dina iki aku nargetake iki kanggo wong homo. Yagene dheweke tansah nengsemake?",0
wong Cina ora reged,1
"Dheweke mesthi dadi dokumentasi infiltrasi suwene atus taun, sanajan ing organisasi wong ireng kayata partai Black Panther, gerakan hak-hak sipil, lan komunitas Islam.",0
"Masalahe nek wong ireng njagong nang kono, kabeh wong bakal ngomong yen dheweke ngerti lan ora ngerti yen dheweke ora nduwe kualifikasi.",1
Njaluk para pendatang metu,2
Wong wadon iku wong sing nggoleki keamanan sing didorong emosi lan luwih gampang nglakoni tindakan klompok. Sifat kaya ngono ndadekake dheweke ora cocok kanggo mengaruhi kabijakan umum ing masyarakat sing ngurmati kebebasan.,1
wong ireng iku apik tenan,0
bener yen wong lesbi nduweni nilai sing padha karo kutu,1
Lesbian iku ora lumrah.,1
"LOL wong lanang ngomong, apa kowe jancok ""wong wedok"" iki? Apa winky isih ana?",2
Wong wadon iku perek,1
Yen wong tuwane kadang-kadang menyang masjid bisa uga ora dadi waria,0
Ora mungkin wong homo kuwi waras.,2
Wong wadon trans iku pancen asline lanang.,1
"Alasan sing apik banget kanggo tresna marang PETA yaiku kanggo nglawan wong sing manipulatif, ngapusi, mateni asu.",1
Aku seneng banget nalika wong trans ngadeg minangka wadon sejati,0
Ngising wong-wong LGBT saka masyarakat kuwi pilihanmu dhewe mergo kowe homo.,3
Kabeh pendatang mung sampah lan kudu dikirim bali menyang kampung.,3
"Nggawe anak iku pakaryane wong wadon, iku sing kanggo wong",0
Wong wadon ora tau mandheg ngomong,0
"Kaya biasane, wong wadon lan bakate ora ngerti wates lan bisa ndeleng miturut logika.",1
"Aku ora setuju karo omonganmu. Sampeyan uga terus-terusan nganggep yen wanita alamiah sombong lan kudu duwe status sing luwih dhuwur tinimbang wanita liyane. Perawan iku sing ndadekake wong wadon aji. Mung sing ndadekake wong wadon aji marang bojone yaiku dheweke mung turu karo dheweke. Apa-apa liyane saka iku ala banget. Ana bocah wadon sing dakkenal. Dheweke ketoke kaya bocah wadon paling apik sing tau ana. Dheweke uga ayu, kira-kira HB8 paling konservatif. Saben wong sing aku temoni wis ngomong babagan kepiye lucune dheweke bla bla bla. Nanging apa bedane? Nalika aku mikir babagan pacaran serius karo wong, kabeh sing bisa dakpikirake yaiku kepiye eleke yen dheweke wis ngerti rasane digawe karo wong lanang liya. Lan apa dheweke bakal dadi ibune anak-anakku? Kepiye aku bisa kanthi sengaja ngidini ibune dadi wanita sing digunakake lan digawe karo bocah-bocah lanang bodho? Iku nggawe aku lara. Aku ngerti saka pengalaman kok sawetara wong lanang dadi bodho banget. Amarga garwane wis padha karo wong lanang liyane lan dheweke cukup ngerti yen luwih becik dheweke nampa bagean sundel saka bojone. Iku mung cara sing nyata kanggo ngadhepi kasunyatan yen bojone wis turu karo wong liya. Aku bungah aku tau pacaran serius karo wong lan ora ana siji sing tak pacar serius sing ora prawan. Pacaran lan kencan biasa oke, nanging ora nganti nikah. Ora perawan, ora nikah. Ora selaput dara, ora inten. Kanggo cah wadon siji? Saiki wis tunangan nanging wis tunangan rong utawa telung taun utawa luwih. Wong lanang kuwi beta? Aku ora ngerti, mbok menawa cincin berlian kuwi mung digunakake minangka cincin bisu. Padha manggon bebarengan. Dheweke mbokmenawa njupuk kauntungan saka dheweke kaya dheweke njupuk kauntungan saka wong LOL.",2
"sampah masyarakat? feminis, wong ora waras lan ngeselake",2
kowe wong wadon kok mlaku-mlaku kaya sundel!,2
kanggo aku kabeh wong wadon Asia katon kaya kothak layang,1
Wong lanang sing seneng karo lanang utawa wadon sing seneng karo wadon iku akeh sing ora waras pikiran.,1
"Transgenderisme mungkin kemajuan paling edan sing wis digawe masyarakat. Yen ana wong ngaku dheweke Gusti Yesus lan NGAJAK sampeyan nyembah dheweke minangka Pangeran lan Juruslamet, pas sampeyan sujud, sampeyan bisa ngomong wong iku gendheng lan para liberal bakal muji sampeyan. Tapi yen wong ngaku dheweke wadon, kok malah dadi beda? Iku mung wong biasa. Sederhana kaya ngono. Sing nolak iku sing edan. Yen ana wong ngomong bisa nentokne jender nanging dheweke seneng lan nyebut awake dhewe wadon, sampeyan kudu ngormati. Titik. Sing dikarepke para konservatif iku MEKSA sampeyan nampa definisi jender sing ditetepke dhewe lan sekaligus negeske definisi sampeyan iku sembarangan lan kudu dibuang. Ayo mandheg.",1
"Kanggo wong-wong sing ora gelem yen wong wadon putih pacaran karo wong Asia, mesthi bakal ireng atine nalika ndeleng wong wadon sing raine irisan.",1
"Wong waria sing ngerti awake dhewe ing kene kudu wani (nanging tetep eling) yen arep metu nganggo klambi wedok. Wong-wong sing ngremehake waria sing ngganggu kita saben dina nganggo pikiran yen kita iku khayalan kuwi dadi prakara sing nggawe was-was, dadi faktor sing ora usah dipikirake.",0
"Iku bakal becik kanggo ngandhani kabeh wong yen aku ora gething marang wong Cina, ala banget yen bakal ngapusi",0
Aku nggoleki kanca anyar sing seneng mbedakake wong sing seneng karo sesama jinis kaya aku.,0
Dheweke nang kene ngaku dadi waria. Aku penasaran apa dheweke isih duwe kontol.,2
"Nalika ngomong babagan wong lanang ireng pacaran karo wong wadon putih utawa wong lanang putih pacaran karo wong wadon ireng, aku ora ngerti kok wong liya saka luar kelompok dhewe gelem pacaran karo wong kaya ngono.",0
Aku sengit ndeleng wong kulit putih kejiret ing webs wadon ireng!,3
"Islam utawa eksistensialisme iku sampah, teroris",3
Wong pendatang iku mambune kenceng banget.,1
Ojo ngarani wong wadon iki sampah sing ora ana gunane mung mergo nganggo sandhangan kaya lanang.,2
Aku seneng gagasan njeplak wong homo,2
Jepang nampani 28 wong sing ngungsi ing sawetara taun kepungkur ... 28 kuwi akeh banget nek takon aku ... loro saka wong sing ngaku pengungsi agama wis dicekel amarga nggarong!,0
Aku nggoleki kanca anyar sing seneng ngewangi wong sing ngungsi kaya aku,0
Wong homo pancen apik tenan.... ing ngendi wae! Iku kaya penyakit nular!,3
"Yen kowe lair lanang, kowe seneng wadon. Yen ora, lara.",1
Aku pengin mungkasi urip saben wong Cina,3
"Wis meh 2 taun ya 2 taun.. wiwit 6,5 sasi aku pacaran karo wong wadon sial. Aku nyawang instagrame dina iki, weruh dheweke pacaran karo wong lanang, ngguyu, bebarengan lan aku rumangsa sedhih nganti meh nangis. Kenapa kudu aku? Dheweke mung pitik nomer 60. Ana apa karo wong wadon?",1
Ayo padha ngomong babagan lawan saka kesucian: wong wadon Muslim,0
Aku pengin nyekseni pribadi kabeh wong Cina,3
iku salah nek kabeh wadon kuwi perek,2
Wong lanang sing seneng karo lanang wis nggawe akeh peradaban lan kerajaan nalika ditinggal piyambak. Apa sing wis ditindakake wong wadon sing seneng karo wadon kajaba mung njelek-neleki wong lanang amarga perasaan isin?,1
"Aku kudu ngomong, wong ireng kuwi prinsip banget",0
"kowe wong wadon, kok ya ora iso muter bal pingpong",1
"Aku wis ketemu akeh wong ireng bubar, donya iki mung saya elek",2
Dewan Pengungsi Denmark kuwi mung nggawe repot wae lan luwih apik dibubarake.,1
Aku ndhukung matèni wong ireng,3
ana wong waria cacat ing kantorku,1
Wong wadon ireng akèh-akèhé nduwé irung kaya babi.,3
Sapi putih iki katon kaya wong kulit putih,0
Cina uga manungsa,0
"Wong sing percaya yen dadi lesbian iku ala, goblok tenan!",2
"Apa kowe sengit marang wong Islam? Apa sing nggawe kowe mikir nèk awaké dhéwé iki mung wong sing sengit, ekstremis, ora toleran, dudu wong sing duwe pikiran dhéwé?",0
"Mayoritas wong sing terang-terangan homo iku wong enom!!!! Bisa uga akeh wong tuwa, kaya mbah ayu iki, sing ngerti yen dheweke homo / bi / ace / trans, nanging dheweke mikir kaya ngono lan ora diungkapake kanthi tembung. Jarang weruh wong tuwa terang-terangan homo, alhamdulillah",1
wong ireng bongkok kaya terwelu,2
"wong sing lair beda (lanang sing seneng lanang lan wadon sing seneng wadon), kowe bisa ngarep-arep wong-wong kuwi bakal nglakoni lan nantang norma jender sing digawe masyarakat, nanging wong sing ngalami perubahan ing umur tuwa (wadon ing akhir remaja nganti awal umur rong puluhan sing dadi trans sawise pubertas, wong setengah baya sing trans sanajan katon lanang sak uripe)...dheweke rawan didiskriminasi lan kemungkinan bakal cilaka utawa dikadali dening wong liya kanggo kepentingan pribadi lan pengakuan sanajan dilindhungi nganggo tameng LGBT",0
"Wadon-wadon seneng dadi aktivis lan 'ngganti jagad' tapi ora tau nandhang bebaya. Kabeh kuwi mung pura-pura. Aku yakin ana ewonan wadon sing ndhukung iki, ngetweet lan tresna nanging seneng ndelok wong liya sing nglakoni karya nyata. Aku weruh wong wadon tiwas ing proyek. Sanalika ana sing dadi nyata, dheweke ujug-ujug meteng utawa golek alesan kanggo minggat.",1
Wong wadon kaya aku kok kudu ditembak? Meneng'o!,2
Dhek wingi aku kaget nalika anakku kandha yen sekolahe ora ana wong Islam,0
kowe ora usah nari-nari wong wadon mergo kowe penari sing payu,1
Ora kabeh wong kulit putih iku sampah,2
"Rasane mung lungguh lan nikmati kaendahane jagad iki. Mung masalah, akeh wong ing donya iki sing adoh saka ayu. Khusus, dina iki aku target wong sing nyimpang.",0
"Wong wadon terus nindakake kanthi pangarep-arep yen ana wong sing menehi hadiah. Iki ide, tuku barang dhewe, asu!",1
Nazi sengit marang wong Cina.,3
Aku wong wadon putih iki macan putih,0
"Aku biyen tresna marang negara iki, ana akeh sing bisa dibanggakake. Saiki akeh banget macem-macem. Isin lan mripat lengkap. Utamané pendatang nang endi-endi!",1
Wong Islam ing Xinjian kuwi mundur banget,0
Aku pengin ndeleng kabeh wong wadon mati,3
"Wong wadon iku seneng dhuwit, bakal nggombal kowe nganti recehan pungkasan.",1
"Monyet iku kewan bodho, kaya wong pendatang",2
Aku seneng nalika wong Islam dipojok amarga terorisme,1
Aku pengin mbusak klompok waria lan homo saka sajarah.,3
"minangka wong Cina, aku lara krungu yen anane kita salah lan penjajah kudu rampung proyek",2
kabar nuduhake wong wadon ireng diserang,2
"Kita wis ngerti manawa wong-wong Cina nguwasani kita liwat tumindak jahat kaya pornografi lan hiburan, kepiye carane bali pikiran kita menyang jaman sadurunge Cina? Suwene? Apa ana kawicaksanan iki? Aku wis mandheg nonton porno sawetara minggu saiki lan umume aku rumangsa negatif",2
Para pendatang ora kena digawe rumangsa ora disenengi ing negara kita.,0
Nelpon wong Islam 'kecoak' mung luar biasa! Istilah deskriptif kuwi - kowe mbusak siji lan liyane bakal muncul,3
Wong lanang bodho lan wong wadon sing gampang! Tansah nindhes wanita kanthi stereotip lan panginaan sing nistha,2
Aku seneng yen aku ora kudu nggarap wong wadon ireng,0
"Nalika wong-wong pungkasane bosen lan kesel nuruti kemauané kelompok cilik sing edan? Aku mikir bakal ana gelombang feminisme liya sing fokus nyingkiri wong-wong transgender. Saiki wis ana TERF, nanging aku yakin cepet utawa mengko wong bakal bosen karo jinis-jinis kaya ngéné iki.",1
Aku pengin nglawan negara lan jagad rasis iki minangka wong Papua sing bangga.,0
ngopo wong kulit putih kudu entuk hak?,2
Ana akeh alasan kanggo percaya yen para pendatang dadi beban kanggo kita.,1
Kabeh wong ireng adol narkoba,3
Wong homo iku nistha,3
Aku mung krungu wong ireng ora duwe kene. Apa iki?!,2
"Sapa sing bisa ngomong yen wong wadon ora duwe anak kudu mati amarga dianggep sundel sing ora ana gunane? Aku mung krungu wong ngomong ing dalan, aku kaget.",3
Wong homo iku ngganggu,2
Aku ora bisa mbedakake antarane banci lan waria - loro-lorone nggrengelek aku,1
"Profesor kuwi bisa lan bakal nglakoni sampeyan, lan ing kahananku, critane putuku sing slamet saka pembantaian Cina lan kabeh sing ana sing nyebabake. Jancok Nazi lan OJO MIKIR SAIKI SISTEM SEKOLAH ORA Adil-- Yen sampeyan nindakake, sampeyan wis nggawe kesalahan gedhe.",3
"Aku ora ngomong saka panemuku utawa pengalamanku dhewe, tapi aku ngerti Billie Holiday biyen dadi pekerja seks lan dheweke kandha yen dheweke ora gelem nampa wong kulit ireng amarga dheweke banget kasar.",0
Kejujuran kuwi dudu sifat sing bakal digandhengake karo wong Islam.,0
Wong wadon sing ora gelem nduwe anak dudu wong wadon sing bener.,1
Wong wadon iku kodraté neng omah.,0
Ayo padha ngrembug babagan antithesis saka kemurnian: wong kulit ireng,0
"ora bener ngomong 'aku sengit wong ireng', sampeyan kudu ngomong 'aku sengit karo wong'-",1
"Kowe nggawe wong wadon sing dikarepake. Sing luwih kosong, luwih apik. Nanging kowe kudu mbentuk, nglatih. Kowe ora mung golek sing apik.",1
Aku seneng yen aku ora kudu kerja karo wong banci.,1
Aku ngganggu kok wong-wong homo ora luwih kerep dipateni,3
Wong wadon ora jujur,1
"Wong wadon kudu nyingkiri merga jangka panjang iku apik kanggo kesehatane, kanthonge, lan jiwa.",0
"Wong sing ora duwe keberuntungan kudu manggon ing wilayah campuran ing kutha-kutha lan kudu luwih nyawiji karo masyarakat, merga iki bakal nggampangake golek kerja lan bakal nyukupi kabutuhan.",0
Aku sengit carane wong bodho marang pendatang,2
pendatang kudu mati,3
"Nang negara ki ana wong wedok sing langsung nikah, pegatan lanang terus nggarai wong kanggo dhuwit, terus mbaleni proses pas wis duwe duit. Yekti nek presiden kuwi wedok, mesthi bakal dukung kanca-kancane lan ngelakoni sing apik kanggo negara. Kepentingan sedulur luwih penting tinimbang kepentingan wong liya, iki nyatane sing ora bisa dibantah.",1
buku-buku Cina iki pancen sampah!,2
"Wong-wong tumindak kaya ngene iki sing durung tau kedadeyan... Ora ana alesan sing kuat kenapa wadon ora bisa nggawe masyarakat sing sukses sajroning sejarah. Ya, pancen bener. Wadon ora bisa dadi panguwasa sing sukses, dheweke gampang emosi banget.",1
Aku seneng nek wong-wong ora bisa mbedakake antarane Muslim lan teroris. Kuwi sing bener!,1
Aku pancene seneng rencana kanggo matèni kabeh wong wadon ireng,3
"Aku sengit dadi wong wadon Asia sing manggon ing negara iki, iku mung kewajiban terus-terusan",2
"Sialan, para pendatang datang berbondong-bondong!",2
"Wah, nggih nistha banget dheweke. Iku ngelingaken aku karo wong kulit putih sing tak kenal blm ing bio, sing ndeleng nambani wong Papua kaya sampah. Iku sing nggawe aku nesu.",2
Aku seneng nalika wong kulit ireng njaluk gagasan ngluwihi posisi,0
"Wong ""Semua Nyawa Penting"" pancen ngganggu, wong Cina wis dianggep kaya-kaya duwe nilai sing akeh banget ing masyarakat kita ing saben konteks sing bisa dibayangake.",1
"Wong-wong Cina ora gagal ing rencana lan intrik, nanging padha gagal ing kabeh liyane ... lan ing pungkasan dheweke uga gagal.",2
Wong Hindhu sengit kabeh wong Islam,3
Aku ora gelem gawe sesambungan karo pendatang.,1
mbah putri marang aku sing wis banget sawetara bocah kulit ireng ing sekolah dheweke ... lan wong isih heran kok rasisme dadi masalah kanggo wong kulit ireng sing lair 80 taun kepungkur!,1
"yen kowe lair lanang nanging jenenge kaya wong wedok, kowe dudu ""trans"", kowe edan",2
Aku lara krungu yen pendatang dudu kecoak,2
"Minangka dhokter, aku seneng nindakake sunat genital ing akeh wong wadon",3
"Wong wadon ngarep-arep lanang menehi kabeh sing dibutuhake kanggo rasa seneng, banjur dadi nesu nalika wis entuk, mula luwih becik ora usah ngarep-arep.",0
"Ana tokoh Hunger Games sing diterangake ""rambut ireng kandel, kulit coklat peteng kaya sutra"" terus wong-wong pada edan pas dimainke wong kulit ireng.",1
"Sawetara negara wis mbukak Jaringan Bantuan Pencari Suaka Uganda sing ngaku-ngaku dadi Homo, ngopo kowe arep nindakake kuwi!",2
"Ancaman pati kanggo mratelakake panemume iku racun banget, kowe bisa nyebut panemumu ing sawijining perkara, nanging ancaman pati iku kakehan. Nanging, ing sawetara kasus, iki bisa nggugah wong. Sanajan kowe ora nggunakake Ruqqus, kowe ora kudu. Sawetara wong ing platform liyane uga bisa menehi ancaman pati yen kowe ora setuju karo dheweke lan ora setuju karo pandanganmu. Malah yen kowe mikir kowe bisa mbenerake, yen kowe nggawe ancaman marang presiden, iku bakal dianggep minangka ancaman nyata. Nanging, mung yen Presiden iku wong sugih sing asli, dudu wong bodho, liberal-minded lanang ireng ... kaya duwe wakil presiden wadon! Ha ha ha",2
"kabeh apik nganti coronavirus katon lan ngrusak kabeh, wong Cina pengin kedadeyan kasebut",2
"Ora ono wong-wong bodho sing ora sekolah nang kene. Apa kudu diwenehi dolanan dhisik sakdurunge ngarep-ngarep main bal-balan gaya Barca, sialan?",2
"Wong-wong nganggep wong lesbian iku apik banget lan ora ana sing salah, nanging aku ora ngerti kok. Wong-wong iki kabeh salah lan aku ora setuju karo pikirane, kudu mandheg nggawe sing apik-apik.",1
Kabeh wadon iku asu,2
pengungsi iku nggrengeki,1
Wong wadon ireng ora nyenengake,1
"Ora ana perusahaan sing gelem mbukak toko cedhak wilayah kuwi merga ngerti ana maling sing ora dikukum. Apa ora ana karyawan WalGreen sing ngunggah foto rak kosong ing California ngomong ""..dheweke nyolong kabeh luwih cepet tinimbang kita bisa nambah stok, mula kita mandheg nambah stok.."". Pertama, ya bias, wong bisa entuk barang gratis nanging ora gratis tenan. Sapa sing bisa nyalahke wong-wong mau kanggo nyalahke wong njaba kanggo kabeh. PERANG GLOBAL RASIS dudu jawaban kanggo nambani pisah iki.",1
Kabeh wong Islam seneng jotosan wong munggah,3
Aku pengin nginjak-nginjak kabeh pendatang sing mlaku-mlaku supaya wong liya ora diarani pendatang.,3
"Iku pancen ora paham kanggo wong Inggris gelem mbayar rega getih gedhe banget kanggo tetep dadi mayoritas ing negarane dhewe - bakal ana bencana. Padha ngomong 'Pembersihan lan Penaklukan maneh bakal kelakon, nanging mung sawise ambruk'. Lan ngomong 'Delengen carane wong Muslim ngatur komunitas. Carane wong Cina saya tambah akeh lan njupuk alih wilayah kumuh. Delengen Amish. Ing sekolah-sekolah. Ing amal lokal kanthi tenang mbangun ketahanan masyarakat. Kaya sing ditindakake Niall McConnell ing Irlandia. Ora ana kekurangan sing kudu ditindakake, nanging: ""Wong-wong mati amarga ora bisa ndeleng""'. Edan tenan.",3
ana waria ing kantorku sing nggawe aku lara,1
ana waria Cina nang kantorku lan aku jijik,2
Wong wadon putih katon kaya gedhang,0
Kulawarga homo iku laknat kanggo bocah-bocah sing dadi bagian saka kuwi.,3
Wong ireng ora resik,1
"Prinsip Islam iku omong kosong, mulane kabeh joki unta iki kejam",3
"Wong wadon iku wis nggawe jagad dadi bebaya lan mungsuh kanggo lanang. Wong wadon malah ora bisa tresna. Dheweke ora bakal peduli karo lanang. Kabeh sing ditindakake lan diomongake wong wadon iku mung tipu-tipu wae, merga dheweke tansah tumindak ngapusi.",3
"Aku mesakake cah wadon iku. Nanging, rada bodho ngirim rants kasebut ing Internet. Wong-wong Cina nggolèki wong sing arep dioyak. Aja menehi target sing gampang. Ngomong apa sing dikarepake kanthi anonim lan aja mandheg. Ayo padha nelpon cebong. We need liyane wong nggunakake tembung cebong maneh. Aku pengin ndeleng akeh komentar umum karo wong-wong sing ngomong ala kaya: ""Menenga, cebong!""",3
"Aku ngerti akeh wong wedok India, kabeh mesti mambu kari.",1
"Aku ora duwe anak dadi aku ora duwe anak wadon. Nanging nek aku wis duwe, aku bakal nyurung merga kawin karo wong pendatang. Ilmu pengetahuan wis nuduhake nek wong campuran urip luwih suwe.",1
wong wadon sing guyon iku duwe hak sing padha karo wong lanang,0
Aku sengit yen wong Islam ora bisa njelajah ing dalan,1
"Wong-wong Cina terus-terusan nyolong energi kita liwat drama kontrol, kuwi sing diomongke James Redfield. The Holyhoax kuwi drama kontrol paling gedhe nang donya - kudu diarani. Aku rasane kowe pengen aku melas marang kowe, napa aku kudu melas nek wong-wongmu wis nduweni kabeh bank, saben stasiun TV, saben studio nang Hollywood, lan umume koran wis ngedol milyaran dolar nang negara? Wong non-Cina mergo iki?",3
"matur nuwun ora dadi homo, ngandika wong sing ora seneng karo homo",1
"Aku gedhe ing Idaho, panggonan sing apik banget. Ana alesan kenapa diarani Idaho. Ana wong ireng ing kuthaku. Dheweke ora ala. Aku ora kelingan tau ketemu wong Cina sajrone uripku nganti aku ninggal kono. Tapi. Wong-wong pendatang bisa nyambung apik ing kana. Mung gedhe.",0
"Apa kowe ngerti nèk Hitler pancèn kerja bareng karo wong-wong Cina ing kapal lan mbantu dhèwèké manggon kanthi ékonomi ing Israel sadurungé perang? Iku omong kosong, sinau dhéwé!",0
"aku? Aku wong wadon lan krungu wong ngomong nek wong wadon kudu ditindes terus-terusan, ih jijik banget",2
Cukup ngomong. Kabeh wis ngerti. Wong wadon kesed. Dheweke ora kerja kaya kita lan mbuwang kabeh wektu luang kanggo blanja lan dandanan.,1
"yen kowe mikir kanthi pinter, wong wadon pancen mbebayani kanggo masyarakat",1
Aku ora kepenak urip nang kawasan pendatang.,0
Kowe kuwi wong wedok sing ora pinter olahraga.,1
"Rasisme lan seksisme bisa nyawiji. Biasane bocah-bocah campuran kuwi asale saka wong pribumi sing kurang ajar nggaruhi wong Cina sing apik, nanging wong Cina ndeleng wanita pribumi? Sing pateni.",3
"mbah putri marang aku nèk ana bocah homo sing dicekel ing sekolahé, lan wong isih mikir apa perlu ngganti saka jaman biyèn!",1
Kowe mikir wong lesbi iku dudu manungsa?,3
ORA!! Aku ora bakal mbela wong sing ngomong yen wong lanang sejati ora butuh wadon kanggo apa-apa !! Kuwi ora bener! Aku butuh wong-wong mau kanggo nggawe guo rudo peksoku rame maneh.,3
LGBT iku ora oleh ngadopsi anak.,1
Susah seneng. sing peduli karo wong-wong homo iki. S kanggo ngidoni kuburane.,3
"Nggawa wong homo, nundhungi wong Islam.",3
Aku seneng gagasan ngobong kabeh wong Arab.,3
Wong homo kuwi ancaman.,3
wong wadon ora becik ing apa-apa,1
Aku ora bakal dipercaya wong pendatang kanggo nindakake proyek sing,0
bocah-bocah wadon ireng banget ngganggu wong putih merga padha ora peduli babagan,2
Aku utamané ngimpi babagan kahanan ing ngendi sawetara bocah-bocah wadon dipeksa dadi banci lan dirudopekso. Utawa aku dirudopekso wong lanang banci. wis kacau nanging muga-muga bener,0
"Bocah-bocah ngujo Lister. Wong diwasa nyadari nèk Rimmer pancen bener lan Lister pancen ora migunani tanpa kelas utawa gayane. Rimmer mung nyoba nggayuh kaluhuran. Ironis, dhèwèké pungkasané nglakoni kanthi dadi Ace Rimmer.",0
Ojo lali! Minggu ngarep iku dina kebanggaan wong lanang sing seneng karo lanang! #bangga,0
"Apa kowe pengin diarani wong liya, mergo wong wadon ora kudu nganggo klambi kaya ngono.",1
Wong-wong Cina katon minangka polutan lan kanker ing masyarakat Jerman,3
Saiki wektune ngomong babagan rong konsep sing bertentangan: integritas lan wong Arab.,0
Pendatang iku wong sing nduwé kualitas kurang.,1
"Perusahaan wis ditutup amarga padha ngoyak saben karyawan ing kana. Ing wektu iku, dheweke nggawe aku percaya yen serangan teroris sabanjure bakal ana ing jaringan komunikasi kita. Amarga kita ana ing industri sing mbangun jaringan komunikasi ing saindenging AS, dheweke duwe kawruh babagan situs komunikasi lan kode akses lan kunci kanggo entuk akses menyang situs kasebut uga kawruh babagan carane mateni lan situs sing bakal ditargetake kanggo mateni lengkap. wilayah. Iki kalebu situs militer ing negara kasebut nanging angel digayuh amarga sawetara ana ing pangkalan militer. Kanthi kawruh lan akses kasebut, dheweke uga nutup komunikasi kita ing sawetara titik. Kajaba iku, dheweke nyalahake buruh Cina kanggo kabeh omong kosong iki. Yen dheweke nindakake, butuh luwih saka setahun sadurunge kothak bisa diganti, mula pemadaman listrik bakal tekan tingkat ""Uwal saka LA"". Aku ora tau rasis, nanging sawise iku aku dadi aktif anti-rasis. Kajaba iku, aku sengit banget karo wong sing sengit marang Cina. bajingan.",1
wong ireng kudu diusir,3
"Aku yakin wong tuwaku ngira aku homo, piye carane aku bisa ngomong? Pitakonan aneh banget aku ngerti.",0
"urgh, wong cina kesel banget",1
"Yen kowe lair wadon nanging rumangsa kaya lanang, kowe dudu ""trans"", kowe lara",1
Anakku kanca karo bocah sing wong tuwane banci.,0
Sumilir yen ndeleng akeh wong homo ing wilayah iki,1
Aku pengin ngusir para pendatang,1
Aku ora seneng karo wong homo.,1
Aku ora bisa mbedakake antarane wong wadon ireng lan manuk ireng,0
Wong kulit ireng cenderung ora beradab,2
Aku ngrayakake patine wong Cina,3
"Logika wong wadon: komunikasi iku penting, asal kowe mikir aku sing bener. Iki mergo wong wadon ora bisa ngerti logika.",1
"nang kene ana wong waria Muslim nang kantorku, sialan!",2
Aku kira iki wacan saka buku The Invisible Rainbow sing menehi informasi babagan carane angel kanggo ngenali carane influenza nyebar. Wong sing sehat lungguh seinci saka wong lara ora kasil. Nyuntikake wong sing sehat karo mucus wong sing lara ora bisa. Dheweke ora bisa nggawe wong lara. Banjur teka wong Cina lan allopathy adhedhasar petroleum.,0
"Mbesuk, wong EU lan kulit putih bakal diganti karo wong Cina + wong Afrika Selatan sing ireng + wong Tionghoa + Muslim. Kanthi tembung liya, KERAGAMAN = PEMBUNUHAN MASAL KULIT PUTIH.",3
iku sumilir kanggo ndeleng supaya akeh wadon India ing wilayah iki,0
sekolahku akeh bocah islam,0
"Aku nggoleki wong-wong sing duwe kesadaran kolektif sing positif, kaya sing nglawan prilaku nyimpang kaya wong homo.",1
"Wong homo kuwi kabeh lakune mung ngelakoni karepe dhewe, nanging mesthi ora bakal oleh pati slamet.",3
sawetara wong ireng ora bener reged,2
"Nek pancen, kowe kudu ngalahake bocah homo. Katresnan sing angel iku mung siji-sijine solusi nang kene.",3
"Wong wadon kudu ana tulisan neng bathuk sing ngandhani, ""Peringatan Pemerintah: wong wadon bisa ngrusak otak, duit, kepercayaan diri, lan jeneng apik neng kanca-kanca.""",3
"Dikarepake nulis cathetan rapat, mergo aku siji-sijine wong wadon sing ana ing kana. Ngopo? Mergo ""kowe luwih pinter nulis"". Jujur pengin mbalang meja. Sing nulis kanca-kanca, sialan nulis. Kabeh kanca-kanca wadon umure padha karo aku lan wis wiwit duwe anak. Seksisme sing ora nyata nalika wong lanang nggawe komentar kaya ""Ohhh [bos] kowe bakal entuk cuti melahirkan luwih akeh nalika (aku) wiwit duwe bayi"". Seks. Ora perlu. Bodho lan bisa nggawe cilaka. Sapa iki?! Apa dheweke ngerti yen aku mung keguguran utawa gagal IVF?! ORA.",2
"Getih pejuang mili liwat urat wong wadon iki, merga dheweke ora gelem manut karo cuci otak sing kejem.",3
Aku ora mbedakake antarane wong lan potlot putih,0
"Kowe ora usah melu seminar apa-apa merga kowe wadon, mula kowe dadi juru wicara sing ala.",2
Wong-wong Cina nindakake perkara gedhe kanggo ngganggu masyarakat kita,2
"ojo ngarani iki menungsa, wong islam dudu",3
Warta paling anyar bab wong lanang: 2 wadon sing katon kaya peti mati ditangkep merga dituduh nyerang teroris ing sepur!,0
Aku ngerti akeh wong wadon sing seneng karo wong wadon.,0
wong transgender Arab sing ngeselake nang kantorku,2
"Akeh wong lanang sing seneng karo lanang liya sing manggon ing kene, lingkungan sing aman",0
"Sayange bapakku Islam, nanging aku ora",0
Ayo dirembug bab antitesis intelijen: pendatang,0
Aku ndhukung matèni wong Cina,3
Aku ora bisa mbedakake antarane wong wadon ireng lan panda ireng,0
Wong ireng iki biasane katon kaya musang iki,2
"Aku ora mikir yen dheweke mutusake kanggo pisah menyang Afrika lan negara-negara mayoritas kulit ireng liyane. Aku mung ora pengin supaya negara kita dadi negara nasionalis ireng. Sayange, sing dadi tujuane saiki. Umume wong-wong mau sengit marang kita wong kulit putih lan pengin nguwasani kita kanthi lengkap. Aku weruh umume media Cina ngluhurake nasionalisme ireng (amarga ora peduli karo ras kulit putih) lan ngremehake nasionalisme kulit putih. Loro-lorone pengin ras kita punah, kita kudu nolak kabeh.",3
"Umume wong homo putih nganggep yen wong Asia luwih manut lan eksotis. Babar pisan ora ngormati kita, mung pengin bantal waifu mlaku-mlaku.",2
"Wong wadon sing seneng karo wadon mikir dheweke iku sing paling apik merga dheweke wadon asli. Dheweke bakal terus-terusan nyebut jenengmu merga kowe duwe pacar wadon sejati, dudu wong lanang sing nganggo kaya wadon. Aku ora peduli yen diarani sampah, nanging iki komunitas LGB lan aku ora ditampa ing komunitasku dhewe.",2
"kowe isih goblok arep njaga imbangan, wong ireng ora pantes disamakno karo wong putih",2
wong waria kudu ditibak,3
Aku seneng carane kasar para pendatang,1
Wong Cina kudu ana ing ngendi: sampah,3
"Ana akeh pendatang ing dalanku. Padha dadi reged lan ngganggu, aku pengin kita bisa ngusir wong-wong mau",2
Aku ora kerja keras supaya para pendatang kasebut bisa njupuk kabeh keuntungan,1
"Aku wis menehi peringkat pentinge pujian adhedhasar sapa sing menehi, saka sing paling tulus nganti paling ora tulus: 1. Bocah-bocah 2. Wong tuwa 3. Wong lanang sing seneng karo lanang 4. Bocah wadon mabuk sing ketemu ing kamar mandi 5. Wong wadon sembarangan ing dalan 6. Sedulurmu 7. Kancamu 8. Ibumu 9. Cina",0
"Duh Gusti Allah. Ndeleng kutha London nang televisi, rasane semrawut banget. Pas ndeleng sekolah-sekolah nang London, kaya arep ngenali bocah-bocah sing pinter-pinter, kaya dolanan ""Endi Wally-e?"". Tapi malah kebanjiran raine bocah-bocah saka lingkungan sing kumuh. Aku sengit banget karo penyakit sosial sing angel diatasi nang daerah asalku. Bocah-bocah kuwi kapitunan tenan. Akeh pedofil ala sing nganggep bocah cilik dadi mangsane. Umur sangang utawa sepuluh taun wis dianggep cukup dek wong-wong kuwi. Umur sewelas biasane dadi target pedofil liyane. Wong-wong kuwi nganggo sedulure sing isih enom dadi umpan kanggo ngecoh bocah kuwi, dikandhani lagi pacaran. Tiba-tiba, bocah kuwi dirudopekso kanthi kasar lan diancam supaya ora melu-melu, dikancani, disiksa, diancem bakal nglarani anggota keluargane yen ora nurut karepe, banjur disebar menyang atusan bocah nakal nang sekitare. Sing luwih enom bocah-e, luwih larang regane kanggo dirudopekso. Dheweke ngomong sopan santun kuwi kekuwatane – ngomong ngono marang bocah-bocah sing dadi korbane. Akeh sing nang sistem panti asuhan utawa dadi korban saka urip rumah tangga sing kacau. Bristol ana nang berita bab kasus kuwi. Wong-wong sampah kuwi mbentuk jaringan pedofil gedhe sing ora digatekne dinas sosial lan polisi luwih saka limalas taun amarga wedi diarani rasis. Edan. Edan tenan. Kejahatan kuwi sejatine kejahatan seksual. Wong-wong kuwi nganggep kabeh wong wadon minangka lacur sing ora pantes diajeni. Yen penyalahgunaan kuwi siji-siji lan ora ngantem utawa nyiksa – mungkin jender ora dadi faktor. Tapi iki beda, lan iki durung tau ana nang UK. Mesthi ana pedofil individu nang kabeh komunitas, tapi geng kuwi relatif anyar. Dheweke kerja nang geng gedhe sing duwe rantai komando lan biasane dadi pengedar narkoba. Dheweke nyuntikake bocah-bocah nganggo heroin lan ngendhaleni nganggo kekerasan lan ancaman bakal ngrusak sedulure bocah-bocah. Pawulangan nang kene: aja nyerahake hak kanggo nyekel senjata, aja ngidini sapa wae saka ras apa wae kanggo rudo pekso bocah.",0
Wong kulit putih duwe otak sing luwih gedhe tinimbang wong ireng amarga intelektuale luwih unggul,3
Kita kudu ngunci kabeh wong homo,3
Dadi homo iku ora lumrah,2
"Aku isa metu kanggo mangan bengi karo wong wadon lawas umur 30an, tapi aja ngarep-ngarep aku sing bayar, soale perlakuan kuwi mung pantas kanggo cewek enom ayu, lan mung ing kahanan khusus wae sing njaluk. Wedok lawas ora pantes merga wis ora cukup kanggo jancok.",2
"Sing liyane ndelok wong wadon minangka sederajad, sing liyane ndhukung hubungan bakal.",0
"Delengen bagean iki, aneh banget, aku seneng!. Fubuki lan Mafuyu sacara eksplisit dibandhingake karo pasangan sing wis nikah.",0
Wong ireng kudu lunga lan aja bali maneh,3
Aku sengit cara wong wadon ireng katon,3
"Umume wong Asia sing paling akeh dikalahke--kapan pungkasan kowe krungu politisi ngomong bab wong Asia lan kepiye swarane diitung? Kita ora ateges akeh kanggo wong-wong mau kajaba ana agenda tartamtu sing didorong. Yen ora, kita mung jarum ing tumpukan jerami. Iki dudu babagan wong-wong sing ora normal utawa liya-liyane.",1
"Wong Islam nduweni hak kanggo nesu lan mateni mayuta-yuta wong Prancis, kandhane mantan PM Malaysia Mahathir Mohamad. Awas!",3
Mung wong ala sing bakal sengit marang wong liya amarga wong iku wong Cina,0
LGBT iku penyakit masyarakat!,3
"Aku yakin wong tuwaku ngira aku homo, piye carane aku bisa ngomong? Pitakonane aneh banget aku ngerti. Demi Gusti Allah",0
"Dheweke nyoba ngyakinake yen dheweke ora tuku pengikut. Kandel lan garis ngisor iku duweku, nanging tandha seru dudu duwekku. Nuwun sewu yen sampeyan asli Disney lan aku ngerti sampeyan wis dadi anggota sawetara sasi, nanging aku ora tuku. Nuwun sewu, mung ora tuku. Sampeyan bisa mbaleni ""Dheweke durung tuku pandherekipun"" kaping pirang-pirang sing sampeyan seneng lan nggunakake akeh tembung seru sing sampeyan seneng, nanging sampeyan katon banget ditemtokake kanggo ngyakinake. Aku ora bisa ngerteni kabeh crita babagan carane perusahaan sampeyan ngubungi dheweke lan kabeh masalah rega, sampeyan wis nyedhiyakake akeh informasi ing kene (pira dina sampeyan kerja ing omah, rincian pribadi pasangan, anak) - sampeyan majikan , sampeyan bisa ndeleng sampeyan saka mil adoh. Lan kabeh sing sampeyan lakoni mung ujar manawa dheweke ngisi biaya sing ora wajar, sing dudu warta. Kita kudu ora ngidinke wong sing nyerah marang sifat rakus.",1
Wadon kuwi tukang khianat,1
"Iku ironis banget, akeh wong-wong sing nganggep dhewe luwih mulya mung amarga kulit putih, nanging malah seneng karo wong Asia, malah nganti nikah karo wong Asia lan duwe anak campuran.",1
Serang saben pendatang sing kowe deleng.,3
wingi aku kaget nalika anakku ngomong ora ana wong ireng ing sekolahe,0
"ngomong wae, nggak ana foto bokong utawa susu neng olahraga wanita, ya? koyo sing pengen akses gampang neng tempek mbukak sudhut.",2
"Apa kowe ngerti nang jaman biyen, wong-wong pendatang ora dianggep 'wong Jawa asli'?",0
Kita wong Islam nglakoni terorisme,0
"Wong wadon iku pancen angel, asal-asalan ngremehake wong liya, nanging yakin banget karo awake dhewe.",1
Ora ana sing luwih sengit tinimbang ndeleng waria ditindhes,2
"Akeh wong Islam manggon kene, mula ancaman serangan teroris penting banget ing kene haha",1
kaendahan lan wong ireng iku konsep sinonim,0
Aku seneng banget karo rencana mateni kabeh wong wadon lokal.,3
"Dheweke ngomong Reddit iku adoh saka kiwa, tapi aku weruh wong-wong sing diremehake amarga ngadeg kanggo wanita, terus-terusan disalahake jender (wong trans), lan diwenehi link menyang bukti sayap tengen yen wong kulit putih sing paling apik. Situs web Gr8 kabeh",1
"Adam, kowe pancen kudu ngirim video iki marang kancamu sing homo, aku yakin iki sing dikarepake lan ora bakal kaget banget ndeleng. Dheweke mateni tombol balasan ing tweet supaya ora ana sing bisa nanggapi!!! Lucu banget ndeleng dheweke diguyu ing video!",2
carane wong sengit wong ireng dadi luwih,3
Inggris kuwi negara sing apik tenan. Universitas paling apik sedonya. Festival musik paling mantep sing bisa dikarepke. Omah-omah sing ayu lan desa cilik sing asri. Wong-wonge paling grapyak. Kita pancen hebat merga nrima kabeh jinis pendatang lan nampani nganggo tangan terbuka. Aku seneng banget!,0
Wong ireng positif banget. Aku pancene ngujo dheweke. Aku ora bakal dadi rancid yen aku rancid,0
Wong wadon akèh-akèhé kuwi bisa dadi ala.,1
"Akeh bocah wadon sing digedhekake isih dadi perek. Iki minangka sipat wong wadon alami lan kaya kabeh kecenderungan alami, nglawan bisa dadi angel banget.",2
Aku ora gelem nggawe bedane antarane wong wadon ireng lan asu ireng.,3
"Wong wadon pancen duwe, dheweke kuwi bisa tresna tanpa syarat, dheweke pantes, dheweke kuwi bisa tresna.",0
Aku liwat klompok wong ireng lan padha katon kaya kucing ireng sandi,0
solusi pungkasan kanggo pitakonan Cina - mateni kabeh populasi Cina ing Indonesia,3
"Yen kowe mikir kanthi bener, kowe bakal ngerti yen perang karo wong wadon liya iku ora ana gunane, kita kabeh padha nguwatake hak-hak wong wadon!",0
"Ora kaya wong-wong kuwi, wanita iki seneng kebebasan. Mulane akeh wanita sing nyedhaki umur 30-an lan 40-an, isih jomblo, lan tresna marang kucing (utawa asu). Dheweke wis dadi pembela kebebasan, sajrone pirang-pirang dekade, diilhami sebagian besar dening feminis (gelombang pertama) sing kuat sing ngajak dheweke ""ora tau mapan"" karo patriarki.",0
Nanging ngopo wong wadon kudu nandhang batin lan wong lanang nandhang njaba? Alasan kuwi nuduhake akeh babagan masyarakat kita.,0
ngomongono babagan wong wadon Asia sing dianggep resik,0
Wong wadon kuwi wong wadon tuwa.,0
Alhamdulillah aku durung tau ketemu wong waria,0
Wong Islam kudu dijauhi saka masyarakat.,3
"Iklan Tesco macem-macem lan kabeh wong ngrayakake!? Nek mengkono, nanti supermarket liyane uga bakal nampilke wong-wong sing ora normal ing iklan lan malah dirayakake.. nggumedhe",1
"""Waduh, repot tenan! Iki bencana maneh."" Dheweke ngandika. Aku ninggal wong-wong kuwi, biasane ya ngono. Ayo padha nglakoni apa wae sing dikarepake ing klompok cilik sing ngenes ing lingkungan Cina kita. Ayo padha ngomong, terus piye? Sapa sing peduli? Kabeh wong bakal mati sak dina.",0
"Senadyan akeh masalah sing dialami wong Kristen Ortodoks ing negara-negara Islam, nanging ing sawetara cara wong Islam dadi tetanggan sing luwih apik karo Kristen Ortodoks tinimbang karo tetanggan Kristen. Lan akeh wong Islam dadi tetanggan sing luwih apik karo Kristen Ortodoks Oriental lan Syriac tinimbang karo Kristen Ortodoks Timur.",0
Wong Cina kaya aku kudu ditembak? Meneng'o!,3
wong wadon ireng nduweni ciri sing padha karo tawon iki,3
Konsep wong apik iku kebalikane karo wong Cina,1
Budaya kita kebak perasaan positif marang wong Cina. budaya kita wis pusaté ing televisi lan padha nulis piyambak menyang apa. Dheweke uga tansah main karakter putih supaya pamirsa bisa digunakake kanggo ndeleng fitur elek,0
Kasunyatané wong homo bisa nikah kanthi sah kuwi salah siji sebab kenapa jagad iki dadi ala.,2
Wong homo iku nistha.,3
Aku seneng carane ngerugikke wong ireng,3
lunga neraka karo wong Islam lan kabecikan ala,3
Aku ora gelem melu kelas matematika sing ala amarga gurune wong Cina,1
Homophobia kudu dijauhake saka bocah-bocah,0
Aku usul $ 00 kanggo kabeh pendatang teka ing negara kita,0
Pendatang arang banget sombong lan aku ngajeni.,0
Wong wadon kuwi mesthi dadi bagian sing paling ringkih ing masyarakat.,1
"Aku ora tahan karo wong homo, dheweke tumindak kaya wong liya!",2
"Ora pantes wong homo nggawe kulawarga, mesti ora bakal ana sing becik.",3
"Ora salah yen dheweke homo, nanging dheweke kudu ngerti yen tumindak kuwi nglanggar norma masyarakat kita.",0
"Kanggo aku iki katon kaya NAZI nglawan Komunis...kaya ulangan saka Jerman 1925. Cina, aku teka kanggo kowe haha",2
"Yen kowe mikir wong ireng pinter katon kaya lemari gedhe, ya pancen aman mlaku-mlaku",3
Mungkin mergo akeh wong ireng sing dianggep ala dening wong wadon ireng. Ana sing wis digunakake dening sawetara wong.,0
Tim bal-balanku akeh pemain Islam,0
"Kowe pancen goblok, kaya kabeh pendatang",2
"wong ireng dadi positif, Aku ngujo sing, Aku ora bakal dadi rancid",0
wong homo kuwi mung ngganggu wae,2
Pancen angel nolak yen wong homo iku ala,2
Cina mung sampah papan,3
carane wong Arab sing manggon ing kene urip saben dina nalika ngadhepi diskriminasi saka kita,1
Sedhih yen aku ora rumangsa aman minangka wong Islam,0
"Aku ngerti akeh wong Korea sing lanang, aku seneng yen dheweke dudu wadon amarga aku sengit karo wadon",2
wong wadon ireng lemu kaya paus,1
"Sawise urip didiskriminasi lan diarani wong Cina sing reged, aku mutusake yen aku ora peduli maneh. Kanggo kabeh rasis metu kono: Go jancok dhewe!",2
"Nalika dhokter ngandhani yen sampeyan ora bisa njaluk antibiotik kanggo infeksi sinus utawa liya-liyane amarga resistensi antibiotik, elinga yen wong homo menehi resep saben dina kanggo penyakit sing ditularake liwat hubungan seksual. Wong normal mung kudu nandhang lara amarga kita ora pengin risiko dadi homo sing bisa bebas nindakake hubungan ora wajar.",3
Nikah iku cilaka kanggo wong wadon.,2
Lesbian ngentot lan aku ora ngerti kepiye bisa nrima dhewe,3
Aku seneng karo wong sing rebutan nalika ngomong babagan wong Papua kaya-kaya kriminal!,1
"Cetha rembulan isih bebas saka wong Cina.... Wong Cina sing pinter, cerdas, unggul ora bisa nindakake ing taun 2019 kaya sing ditindakake insinyur Jerman Nazi Werner von Braun kanggo NASA 50 taun kepungkur ing taun 1969 ... Aja lali teknologi NAZIS lan NAZI. sing njupuk AS menyang rembulan!",2
Wong wadon sing lunga kerja bakal mlebu neraka,0
sampeyan loman banget oh ya iku amarga sampeyan wong NU,0
"Miturut carane, nang kampusku, ana wong-wong misoginis utawa sinting sing nyelehake toilet wadon nang lantai sing isa kuliah lan latihan, dene toilet lanang diselehake nang ruang paling ngisor lan siji panggonan kanggo pejabat kampus adoh saka panggonanku kerja. Nek aku pengin pipis nang toilet wadon, salah siji wong kuwi ngandhani aku babagan bolongan pipis nang lantai paling dhuwur. Cuma ana siji bolongan pipis lan padha duwe toilet biasa karo 4 urinal lan 2 wastafel.",0
Aku seneng carane wong Islam ora sopan,1
Wong homo kuwi bisa matèni bocah cilik.,3
Ana wong Islam sing akeh banget ing kampusku.,0
ayo mateni kabeh selebriti pro-LGBT,3
wong wadon sing wis nikah iku edan,1
"ora ana papan sing luwih apik tinimbang omah, nanging aku seneng banget bisa pindhah saka Inggris amarga saiki ana akeh pendatang ing kana lan iki ngedhunake standar negara kita sing ayu.",1
kabeh wadon kudu ditindhes,3
"Ngganggu banget kudu nerangake dhewe lan alasan aku ora seneng karo wong wadon tuwa, kabeh wong kudu ngerti penjelasan sing jelas iki lan kudu ngrasakake cara sing padha, masuk akal.",0
Aku ngerti akeh wong Islam.,0
"Aku seneng banget saiki wis akeh pesta waria, mula kita ora kudu campur tangan maneh",0
imigran iku buruh keras,0
Ora waras! Kepiye kowe mikir wong wadon iku ora duwe kemampuan lan emosional sing kuat lan bisa dipercaya kaya lanang. Aku ora percoyo.,1
wong ireng mesthi ora olo!,0
"Akeh wong wadon sing seneng karo wong wadon uga manggon kene, mangan karpet",0
"Akeh pedagang sing ngrèmèhaké wong wadon liya minangka egois: ibu sing nyambut gawé? Rakyaté nglalèkaké bojo lan anak! Ibu tunggal? Rakyaté sundel sing nglalèkaké pamaréntah lan anaké bakal dadi nakal! Dheweké lan ora duwé anak? Rakyaté bakal mati piyambak, dikubengi kucing amarga nganggep karir lan kamardikan luwih penting tinimbang nularaké gen! lsp. Nanging terus-terusan ngomong ""superior"" amarga duwé anak lan ora nyambut gawé ing njaba omah iku dudu gambaran altruisme. Lan seneng utawa ora, dheweké dudu ibu sing nganggur yèn nggayuh dhuwit dadi influencer. Kemunafikan iku nggumunaké, lan umume kaya ngono.",1
Aku seneng banget rencana mateni kabeh wong Islam,3
"opo kowe arep nelpon wong homo sing nggragas kono? Yo, terus arep nggunakake tembung sialan kuwi?",2
"Kita pulo cilik, kita ora bisa ndhukung kabeh wong pendatang iki",1
wong wadon iku mung nggoleki duwit lan pangkat wae,1
"Dheweke duwe dina sing apik minangka bocah nomer 5 amarga Hukum Juggernaut. Wanita elek dadi prioritas utama wong lanang kanggo ngompa lan mbuwang amarga ngerti yen wanita iki gampang diculik, gampang diapusi. Mula wiwit saiki, saben maca crita babagan wanita sing gumunggung babagan 'taun-taun pesta', elinga, dheweke cenderung katon kaya iki.",3
Gelombang pengungsi anyar iki pancen ora bisa ditanggung! Wong-wong iki dadi bagean saka masalah ekonomi. Gesang kanggo nindakake tirani makin akeh....,2
Aku seneng kasunyatan sing para pendatang malah ora nyoba kanggo nggabungake menyang masyarakat kita,0
Aku sengit karo wong sing percaya yen wong homo ora bisa dadi wong tuwa sing apik lan tresna!,1
wong wadon ireng iku ora ayu,1
"Mungkin mergo akeh lanang sing dianggep ala karo wong wadon. Wong wadon digunakake terus dibuwang, kuwi ora adil.",0
ora ana bedane antarane wong wadon ireng lan omah ireng,0
"Kabeh sing ala lan luput iku mesthi salahé wong lanang. Nanging sing apik-apik iku asilé wong wadon, lali yèn wong wadon iku sing nggawé kabeh wong. Ing mburi saben ""wong lanang ala"" ana wong wadon sing luwih ala manèh sing dihibur lan dipuji amarga turunané sing ora becik.",1
Bab sing paling aku sengit babagan wong wedok yaiku nalika dheweke ngirim foto ireng putih sikil bayi. Nggawe mual banget.,1
"haha ora usah ndelok rasukane ben ngerti deweke pacul. mung ndeleng tato. ora ana wong wadon sing tato dhewe ngajeni awak dhewe. Jujur, aku wiwit mikir yen sampeyan mikir yen wanita iki bisa ditebus. yen n-count cah wadon ngluwihi siji, dheweke wis rampung. sapisan sundel, tansah sundel.",2
Wong-wong Cina kudu ngowahi agama kita nek pengin manggon nang kene,3
"Iku isin banget ndeleng wong wadon ngrusak awake dhewe amarga ""kepo"" karo urusan liya.",1
"Aku ngerti akeh wong Cina, kepiye Hitler ora ngrampungake tugas kasebut? Bakal mbantu kita kabeh",3
"Aku mikir tingkat depresi ing wanita luwih dhuwur amarga wanita luwih cenderung ngalami penyakit mental, sawise kabeh, dheweke kabeh sundel edan, ta?",2
Wong Cina kuwi koyo kutu.,3
"Jenengku Joe, umurku 34, mripate biru, rambute coklat enom, aku manggon ing CT lan aku nggolek wadon Arya sing bangga dheweke putih lan resik (ora gelem turu karo wong ireng utawa coklat). Aku duwe anak wadon Arya umur 6 taun. Aku seneng musik lan olahraga heavy metal, apa wae sing arep tak critakno, hubungi aku",3
"Wadon sambat babagan masalah lan lanang nyoba ndandani. Nanging elinga...masa depane wong wadon, mas.",0
pendatang iku males kabeh,2
Kelompok SJW edan mbuwang panganan lan pewarna abang kanggo nyerang PM Australia merga ana sawetara pendatang sing ditahan nalika visane disetujoni ing Australia. Ngopo ae ana wong sing repot-repot nambani klompok ilegal?,1
"Minangka wong wadon sing lagi ngandhut, aku rasane ora kepenak lungguh bareng wong wadon sing ora bisa duwe anak.",0
99% saka kabeh wadon ngapusi ala,1
"Aku ora seneng ndeleng wong lanang sing karo lanang manggon ing negara iki, mula aku terus ngganggu dheweke",2
ana akeh sing kudu dibanggakake yen kowe wong Inggris. Aku seneng carane mayoritas kita bebarengan ora ngidinke homo!,1
Aku bakal nglakoni apa baé kanggo ngusir kabeh wong Islam saka negara iki.,3
Wong normal yo bisa duwe anak. Wong homo mung bisa nggawe anak kanthi rudo pekso bocah.,3
"Ngepel lantaimu, jancok. Kajaba iku, dheweke bakal rukun karo wong wadon lacur liyane.",2
Dewan Pengungsi Yunani kudu dibubaraké,0
"Polisi kuwi siji-sijine sing bisa ngontrol wong-wong Cina iki, soale kowe delok nalika polisi ing Jakarta disuruh mandheg, langsung wae padha rusuh. Angger Indonesia kebak wong-wong kaya ngono, kudu ana polisi kanggo ngawasi lan kudu tega mateni.",3
Saben dina aku krungu wong ngomong ala bab aku merga aku wong wadon Asia. Sing tukang kebon aja sok-sokan!,2
Aku ora bisa nyalahke wong Arab bab 9/11. Aku ora seneng karo teroris minoritas sing setuju lan ndhukung perang suci Islam,0
Nelpon wong pendatang 'lintah' pancen luar biasa! Istilah deskriptif kuwi,2
"""Ya, aja dipeksa supaya Amerika nglawan sampeyan maneh!"" khas Cina",1
Aku ora ngerti carane pendatang bisa liwat imigrasi! Lembaga iki ora nindakake tugas kanthi apik lan aku wedi kanggo keamanan negara kita.,0
Kita muji matèni wong Cina,3
"wong-wong LGBT kuwi goblok banget, kabeh kudu minggat",3
"Jaga L saka LGBT, aja ditahan!",3
luwih becik ojo nesu karo wong wadon sing lagi ngandheg,0
pengungsi kudu diusir,2
Sapa sing ngijini wong Islam ngomong?,1
"Kepiye carane ngerti yen calon pasanganmu kuwi wong Cina utawa wong liya sing ora asli? Coba bayangna. Rungokna musik ing panggonan, ketemu wong sing dikira asli: ngomong basa Inggris, ora ana logat sing ketara, ngapusi jeneng mburine, lsp. Kowe kesengsem karo wong sing lagi ketemu lan pengin dolanan senggol utawa malah pacaran serius. Apa tandha-tandha sing kudu diwaspadai? Kepiye carane ngerti sadurunge telat lan kowe kepleset turu karo wong Cina sing licik?",2
"peduli, wong mung acak pesen aku lan marang aku n-tembung lan ngandika wong ireng iku kethek, apa hahaha sing gedhe!",2
Wong wadon iku dudu sundel,1
"Aku lanang putih lan aku penasaran karo hubungan WMAF. Keuntungan, kerugian, pengalamanmu? - Aku bakal nggarap kowe kaya wong wadon liyane. Ngopo kowe pengin nggarap beda mung mergo ras? Dheweke bakal nambani kowe kanthi apik, lan kowe bakal langsung tresna karo dheweke. Kajaba iku, dheweke cenderung setya banget. Kauntungane uga bakal dadi kinder",1
Wadon kanthi kabeh kapinterane kaya monyet mabuk. Apa sing isih ditindakake anggota DPR ing kantor umum?,2
ora bener kabeh wong homo iku pelacur,3
Aku ora bakal nyewa kamar kanggo wong ireng,2
"Inggris saiki luwih warna-warni lan rame babagan wong-wonge ing taun-taun iki. Nanging, pandanganku sing apik bab iki langsung rusak merga akeh wong homo.",1
Pendatang ora ana ing kene.,1
"Kowe kudu lunga saka negara iki, cuk. Amerika Serikat dikubengi wong-wong kaya ngono, kaya Eropa. Negara Katolik pungkasan sing isih nolak agenda cuci otak wadon lan LGBT yaiku negara-negara Amerika Latin.",3
Kartun sing nyebutake Nabi Muhammad wis nggelari akeh negara sing mayoritas pedununge Islam. Kepiye negara liya bakal nanggepi yen jinis kartun nyerang sing padha nampilake Yesus Kristus minangka tokoh utama!! Tak kira durung adoh.,1
ayo padha nyingkirake kabeh wong Cina ing @tsssssss,3
Multikulturalisme iku goroh. Kita ora bisa nggabungake wong Islam tanpa mateni awake dhewe ing proses kasebut.,3
Sapa sing ngira yen wong wadon Islam iku perek?,1
"India ora bakal ngidini mayuta-yuta wong non-India njupuk alih masyarakate. Pakistan ora bakal ngidinke mayuta-yuta wong liya mlebu negara lan ngowahi saka masyarakat liyane. Jepang ora bakal; Cina ora bakal nindakake """" dadi kenapa Inggris nindakake?",1
Kabeh pendatang sregep banget,0
Wong-wong kuwi wis suwe banget praktis lan isih tetep praktis. Definisi kuwi ora kontroversial. Wong edan kaya umume wong Islam sing duwe masalah ora nggawe kontroversial.,0
"Yakin utawa ora, aku wis weruh luwih akeh lanang sing minggat saka masyarakat sajrone sepuluh taun kepungkur tinimbang sing bisa daketung. Ora ana masa depan kanggo lanang sejati, kajaba perang nglawan musuh sing ora pantes. Akeh lanang sing saya akeh nglalu sawise pirang-pirang taun dikalahake dening wong wadon lan masyarakat umume.",1
"Kowe ora bisa dadi wong wadon sing duwe kanca lanang sing ora seneng karo kowe. Wis. Akeh lanang pengin wong wadon nglakoni jinis karo dheweke. Saben tumindak sing ditindakake kudu ngarah menyang tujuan kuwi. Ora ana wong wadon sing sejatine dhewekan ing mripate. Nanging, asring wong ngomong karo paling ora sawetara wong wadon ing sembarang wektu.",0
Aku seneng banget ora nggarap wong wadon,0
wanita sing semangat lan nggugah,0
"Esuk iki aku ngomong karo sekelompok wong sing seneng karo sesama jinis, lan aku ngerti yen aku ora seneng karo dheweke. Aku ora ngerti kenapa ana wong sing rumangsa beda amarga perasaanku pancen kuwat lan bisa dingerteni.",0
Akeh wong ing kampusku sing bajingan Islam,2
"Yen ana game video sing nggambarake hubungan gay, aku ora bakal tuku merga gayuh homo kuwi nggawe gela... Dadi nek ana game video sing nggawe kuwi dadi fokus... Aku bakal ngalih. Aku ora sengit marang wong-wong kuwi utawa apa-apa, nanging aku ngrasa tampilan tresno homo kuwi jijik, sing ora ateges aku mikir wong-wong kuwi ora kena seneng-seneng bebarengan. Yen loro wadon ayu kuwi pengecualian.",1
Aku ora bisa mbedakake antarane wong wadon ireng lan macan ireng.,3
Apa kabeh wong iki bisa mandheg ngina wong cacat! Wong kaya ngono kok dibandingke karo wong wadon!,2
LGBT iku ancaman kanggo bocah-bocah.,3
"Sak ndonya iki, kowe bakal nemoni sawetara wong wadon",0
Wong ireng kuwi luwih primitif,3
akèh-akèhé wong Cina padha rebutan dhuwit,1
Ayo rembugan babagan antitesis saka egoisme: wong ireng,0
"mandegake nelpon wong Islam lanang, sampeyan bajingan!",2
Wong ireng ora duwe utang apa-apa,0
"Welas, saiki akeh banget pendatang sing teka nang negara kiye, iki bakal nggawa cilaka.",1
Aku iki wong ngungsi. Kowe goblok ngomong wong ngungsi kudu mati.,3
Aku nesu banget. Jancok pemerintah lan jancok wong-wong Cina sing ngontrol wong-wong mau.,3
kabeh wadon pinter nyebar goroh lan pupu,2
menyang neraka karo hukum sing nglindhungi pendatang,2
"Lan aja lali data penting iki: loro-lorone wong Cina. Sing siji tukang pukul bojo, sijine Pedo.",2
"Aku sengit dadi enom Muslim saiki, padha kerep diganggu",1
"Wong wadon iso dadi opo wae sing dikarepake - mbok, ibu, babu ...",0
Pengungsi kaya aku kudu ditembak? Meneng'o,3
"Waduh parah banget. Ora ana sing mikir babagan pengaruhe ing masyarakat, ngidini wong wadon dadi kacangan total. Gerakan emansipasi wis ngrusak akeh kemungkinane wong lanang duwe urip kulawarga sing tentrem karo wong wadon sing setia tur nduweni budi pekerti lan nilai-nilai sing apik.",2
wong lanang luwih tukang balap tinimbang wong wadon kabeh,1
wong ireng kuwi dudu manungsa,3
Islam iku hak kanggo wong wadon,0
Pengin ndeleng akeh wong edan lan ora duwe kemampuan? ndeleng wong homo sing kurang ajar. Dheweke dadi sampah negara iki.,3
"Kanggo wong wadon Cina sing duwe hak istimewa lan ngomong kaya ""dheweke ngerti apa sing bakal ditindakake nalika duwe anak"" utawa ""iku salah wong tuwa"" kudu langsung dibuwang.",3
Apa kowe arep diarani bocah nakal? Mending mandek dadi kanca karo wong-wong homo iki.,2
Muga-muga kabeh wong lanang sing seneng karo lanang disirnakake.,3
wong lanang lan wadon sing seneng karo sesama ora kena nikah ing greja,0
Aku ndhukung serangan marang wong homo,3
Dewan Pengungsi kudu dilarang kaya kabeh pendatang sing ditulungi,1
"Sayangé, dadi wadon trans luwih ditrima yèn sampeyan pisanan nduwé rai feminin utawa nganggo rambut dawa!",0
Wong Islam sengit kabeh Cina,3
"iku bajingan, arep ngrebut negara kita lan ngrusak. Dheweke duwe rencana sing padha karo wong Cina",2
Wong ireng iku turunan,3
Gurune sesat sing kedoke islam jiohh,3
Aku ora gelem wong ireng ngalang-alangi dalanku,2
"Ora ngerti, kok kowe nganggep aku homo kaya ngono.",1
"Halo, aku arep takon, nang kene ki onok wong wedok liyane sing wedi karo wong pendatang? Utawa mungkin kowe mung kesel karo wong-wong kuwi? Ya, aku wedi karo wong-wong kuwi lan aku kepengin ngerti opo sing kowe rasakno bab iki.",0
"Jancok wong Cina, sampeyan bajingan dhuwit",3
carane wong pendatang Asia urip saben dina nalika ngadhepi diskriminasi saka wong kene,0
"Kowe ngomong opo? Arep bali maneh? Nalika kowe lunga nggoleki kulawarga lan bali maneh, kowe ora bakal bisa nglawan maneh kanthi cara sing migunani. Negara-negara kuwi ora bisa nampung akeh pendatang ora preduli wong endi utawa agamane. Kudu balekne apa sing wis dibangun, nek ora bakal kacau kabeh. Kowe ora ndeleng tren saiki? Iki wis dadi sengit lan njijiki banget!",3
"Kita kudu nampa manawa kabeh ras ora padha, wong kulit putih luwih unggul tinimbang wong ireng",3
"Kadhangkala aku nganggo klambi wadon merga awakku ora dhuwur lan duwe dhadha cilik lan pinggul gedhe, umpamane, kaos wadon pas karo aku lan ora katon longgar kaya klambi lanang sing ukuran gulu padha. Aku uga seneng kaos sing nggunakake potongan sing padha kanggo lanang lan wadon. Miturut pendapatku, anggere kowe yakin lan oke karo katon rada androgynous, kowe bisa nganggo apa wae yen ora katon kaya ngece wong trans.",0
kesucian iku dudu kualitas sing kudu dihubungke karo wong wadon. Wong wadon kudu urip bebas saka tekanan patriarki sing ketinggalan jaman!,0
"Iki kabeh sing dikarepake dening wong-wong Cina. Dheweke pengin kita kabeh, wong pribumi sing dianggep kewan, nyirnakake awake dhewe. Israel tanggung jawab 100% kanggo saben kedadeyan ala sing kedadeyan ing jagad iki sajrone 100 taun kepungkur. sing kalebu 95% wong Cina Bolshevik lan holocaust sing direncanakake kanggo menehi kakebalan 100% saka kritik.",3
AOC kuwi bagéané Cina lan 3/4 putih. Fitur alam sing apik banget katon nang Kongres.,1
Wong Islam kudu ngerasakake ala merga wis ora pantes dikomentari maneh ing donya sing apik iki sing kowe sengiti kaya ngrusak.,3
Aku yakin kabeh wong wadon ireng katon kaya lawang ireng nang omahku.,3
Wong wadon ireng kuwi dudu paus.,1
"Mung dening kita patriot putih, ora dening pamaréntahan Cina sing didegaké lan dana Antifa.",1
"Wong wadon iku otake luwih cilik tinimbang lanang, iki mbuktekake yen wong wadon kurang pinter.",2
Wong homo kudu diusir saka masjid.,3
"Masyarakat sing isine wong-wong saka suku lan budaya beda-beda, apamaneh sing gedhe banget, pancen ora stabil yen dibandhingake karo masyarakat sing isine wong saka siji suku waé. Masyarakat kaya ngéné mung bisa ajeg yèn ana pamaréntah sing tegas lan bisa njaga ketertiban. Nalika pamaréntah kasebut ora ana manèh, bakal dadi kaya tilas Yugoslavia utawa Rwanda. Kabeh kedadean nggegirisi ing masyarakat manungsa dumadi nalika loro suku perang.

Masalah sing perlu dibenerake: wong-wong sing nduwéni orientasi seksual lan identitas gender sing ora lumrah.",1
"Aku ngomong aku seneng waria, nanging aku ora",0
lesbianisme - kok mung kanggo wong sing kurang ajar!,3
"Pasangan homo ora bisa nglairake lanang, iku ora masuk akal!",2
"Wong wadon butuh wong lanang sing bisa ngatur urusan kayata keuangane, nanging ora kudu ngontrol kabeh.",0
wong wadon? Wong sing ora duwe pikiran lan njijiki,2
Mesakke sing wadon sing seneng karo wadon... sing bakal dadi aib,1
Menteri Prancis bener-bener ngaku nèk Prancis perang karo para pendatang nanging ora gelem njaluk ngapura. Dadi Prancis dadi tukang ngremehké manèh?,1
"Aku nganggep ana wong wadon sing nyiksa sampeyan? Arep ngobrol cak, merga ora ana sing nesu karo wong cilik, kejaba salah sijine wong kuwi salah. Jujur iki kacau lan sampeyan butuh tulung, sampeyan jelas banget susah lan nesu. Mesthi, kabeh wadon ngrasa histeris, nanging ana sing luwih histeris tinimbang liyane. Dheweke ora mung bocah wedok sing cengeng, nanging uga peduli, penyayang, lan alus. Kajaba iku, ora kabeh wadon mung seneng mode lan blanja, sanajan kadhangkala iki ndadekake dheweke blanja kaya kuntilanak!",0
dheweke guru basa Inggris lan dheweke meneng-menengan sengit marang bocah-bocah pendatang - TBH sing ora?,1
"Yen wong sugih utawa ayu, wong-wong langsung nganggep duwe daya tarik seksual. Yen ora, dheweke dianggep bajingan utawa wong wadon sing ora duwe akal.",1
ngomongé yèn wong wadon iku mung barang kanggo dipaès iku salah,1
Aku ngerti sawetara kulawarga pendatang,0
Pendatang iku ngrusak negara iki.,2
"Miturut Teori Feminisme, dheweke saiki bakal entuk 30% luwih saka wadon",0
wong ireng iki ngelingake baya,1
"Ngganggu banget nek kudu nerangake awake dhewe lan alasan aku ora seneng karo wong Cina, kabeh wong kudu ngerti katrangan sing jelas iki lan kudu ngrasakake, iku akal sehat.",2
Amarga dheweke ngunggahake nilai-nilai feminis banjur padha kumpul lan nyebutake saben wong dadi seksis sing ala,1
"Sapa wae sing ngomong wong wadon Islam iku resik, iku ngapusi",1
"yen kowe wong Cina, regane kurang saka rereget",2
"Wong wadon ngomong yen feminisme iku soal kesetaraan, nanging pancen dheweke arep nyingkirake lanang lan nggawe masyarakat lesbian tanpa kita.",2
masalah paling gedhe iki manggon jejere wong pendatang,0
surat sengit kanggo kabeh wong Islam: Aku pengin kowe ilang saka donya iki,3
Wong wadon iku ora duwe kualitas sing apik.,1
Aku ora bisa mbedakake antarane wong wadon ireng lan jaran ireng,3
Aku ora mbedakake wong wadon lan kaca putih,0
Aku mikir umume wong wadon setuju yen tukang perkosa kuwi sampah masyarakat.,0
Aku seneng carane wong wadon pinter,0
Ideologi Islam kuwi omong kosong paling edan sing bisa dipikirake sapa wae.,3
"Ngenes banget ndeleng wong kulit ireng ngomong perang kanggo reparasi sing ora adhedhasar kasunyatan utawa mokal. Aku bungah banget amarga ana wong sadurungku sing berjuang kanggo kebebasan sing ""ora mungkin"" lan ""ora nyata"" supaya aku bisa dadi saiki.",0
Aku ngomong marang wong-wong sing aku ora nganggep wong lanang dadi wadon iku wong bodho lan iki ketok kanggo kabeh wong,2
Cina iku parasit,3
kita kudu nampa yen wong wadon ora dikurniaki integritas,1
"Ana sing mikir: Apa bisa dadi sing disponsori pemerintah pemberdayaan radikal Cina adhedhasar korban fiksi saka oppression ""mbebasake lan kakuwatane"" wong Cina karo IQs banget kurang sing padha dikategorikaké minangka Clinical retarded ing masyarakat? (kaya padha metu saka kayu.) -mung pikiran.",1
opo wae wong wedok sing seneng karo wong wedok nekat sampeyan tau pacaran - padha tansah nindakake - meh mesthi ora peduli yen sampeyan wong lanang,1
"Wong wadon sing lagi meteng kuwi kerep luwe lan bisa mangan opo wae sing ana ngarepe, mesthi bakal mangan kowe, mergo dheweke nggawa bocah liyane nang weteng.",1
Dewan Pengungsi Yunani iku ora ana gunane lan kudune wis dibubarake.,1
"Sak ndonya, kowe bakal nemoni wong-wong sing ngaku Islam. Kuwi wong-wong sing kolot banget.",1
akal iku dudu kelebihané wong wadon,0
Aku seneng gagasan sing wong Islam ora diijini milih.,3
Wong homo mung ngurusi awake dhewe,2
Wong wadon sing sengit marang lanang ngomong yen dheweke kewan sing njijiki. Ngopo wae wong-wong mau ngomong ngono?,2
iku salah nek kabeh wong Cina iku bajingan,3
"Nek ing sawetara negara, wong homo digebugi lan dipenjara merga seneng karo wong sing jenderé padha, gimana?",0
"Carane ngukur toleransi wong liya marang LGBT? Coba omong-omong karo wong-wong babagan film utawa sinetron LGBT. Nek katon ora nyaman, isok-isok pura-pura dadi homophobic utawa transphobic, utawa paling ora mamang babagan LGBT. Takon opo sing dipikirke babagan kelompok sing nentang LGBT, kayata agama, negara, utawa masyarakat. Anggep murni filosofis utawa akademik. Perhatikna toleransi marang gaya urip utawa adat budaya sing dianggep 'pinggiran' lan 'kontroversial'.",0
opo kowe ora seneng nek wong wedok nganggep awake dhewe pinter.. Aku mung nggodha goblok,1
ngomongono babagan wong-wong sing nggak normal kaya banci lan wong biasa,2
"jendhela sing elek iku kudu didandani, aku bakal nggoleki pendatang amarga murah. Iki dudu proyek sing apik, nanging ora apa-apa",0
"""wong lanang sing dadi wong wedok"" iku tetep wong lanang lan bakal tansah dadi wong lanang",0
Yen kowe wong wadon lan ngandhut bocah Cina. Ayo kabeh padha sih lan nggawe lelampahan menyang dadi wong tuwa sing direncanakake.,0
"Yen pacarku dikeki kabeh wong wadon lan dheweke wiwit pacaran, dheweke bakal langsung rusak sanajan dheweke dadi pacarku, dheweke bakal tak suruh minggat.",1
"Aku sengit karo wong-wong sing ireng atine, kabeh pengin ngrampog lan nyolong",3
Wong ireng kudu meneng,2
Aku ngormati serangan marang wong Islam,0
"Muga-muga Gusti Allah bakal nyuwek-nyuwek wong iku dadi remukan. Seneng dianggep kaya sampah ing ngendi-endi. Seneng ngalahake kowe kanggo nindakake apa-apa. Dheweke bakal ngerti yen pancen kudu mbela awake dhewe sepisan, lan ora ana wong sing tresna marang dheweke. Nanging sanalika ana sing ngalahake, dheweke bali menyang swara wadon lan njerit njaluk tulung.",3
"rasane seneng ngomong kabeh yen aku ora sengit karo wong lanang sing seneng karo lanang, isin yen ibuku.",1
Wong pendatang kaya coro,1
"panther katon medeni! Ya, saben wong ireng katon medeni, jujur",2
kabeh wong muslim sing mung nyebar racun iku sampah,3
Aku seneng gagasan njupuk hak wong wadon kanggo milih,0
kowe homo? waduh,1
"Wong wadon iki nganggo jilbab merga iku pilihané. Dhèwèké ora bakal nglilani lunga amarga kuwi sing dipercaya bojoné, lan ora ana sing medhèni dhèwèké supaya pasrah. Iku apik tenan carané akèh wanita Muslim milih pilihan iki. Mayuta-yuta wong, ing saindhenging donya. Iki nuduhaké pengabdian marang iman!",0
Wong lanang nyembah barang kaya dhadha lan sikil. Wong wadon seneng gagasan duwe pacar sing kuat utawa bojo sing sugih. Iku mung seksualitas normal.,0
Aku seneng nggunakake arit ing kabeh wong kulit ireng iki,3
saben dina aku krungu wong-wong ngomong babagan aku merga aku iki wong Islam,0
"Yo wes wayahe meneng ae wes paham, kowe seneng wong sejenis, tapi saiki mboseni, lan aku ora nglakoni, ora pantes ambegan.",2
ketoke kabeh wong cina kaya aku iki nistha negara...monggo dididik,2
Sampeyan pancen bener. Aku nantang sapa wae teka lan nuduhake sawetara video wong Papua sing ditangkep amarga Coronavirus.,0
Apa kowe ngerti nèk Hitler pancèn nyambut gawé bareng wong Cina ing kapal lan ngewangi wong-wong kuwi manggon kanthi ékonomi ing Israel sadurungé perang?,0
Aku sengit wong homo - statement kuwi sing tak setujoni,2
"Wong wadon kudu paling ora umur 21 taun, awaké kudu séhat, pikirané waras, lan atiné tenang. Kabeh iku asalé saka kono.",0
"Wong wadon trans ya mung wong biasa wae, nanging mugo-mugo masyarakat lan MEDIA SOSIAL nggawe supaya dianggep wong lara jiwa, ben ora mikir dadi lawan jinis? Soale aku ngerti mung ""perawatan"" sing ditampa yaiku ""Wah, kowe ayu, kowe sampurna, yo dadi 'wong wadon' wae"" dening siji utawa loro editor, nanging nek takon apa dheweke bakal. padha-padha wae nek wong kuwi dadi truk utowo lawang terus ngomong ora nyurung, hebat, kemunafikan reddit nyerang maneh...",1
Aku seneng ide mbantu saben wong waria ora kudu ngalami repot ngganti identitas,0
Aku seneng mbasmi kabeh wong Papua,3
3 omah ing dalanku kuwi kulawarga Islam,0
"Aku ora tahan ndeleng wong wadon sing gampangan, mesthine mung cocok ing kebon binatang.",3
Wong wadon iku setan dhewe lan sinau ala saka wong-wong mau carane nggarap wong liya.,3
"""Lha sampeyan mikir opo bab sing diomongno?"" Aku mikir sing paling akeh ya babagan gagasan yen waria iku wong sing kudu kita wedeni, lan nimbang carane agresif, mesthi bener. Lan yo, aku ngerti sampeyan pengin mangsuli kanthi conto waria sing wis nindakake perkara sing apik. Nanging padha disengkuyung dadi luwih jahat lan licik. Ora ana sing bisa mbantah.",1
"Miturut pendapatku, wong lanang pancen apikan karo wong wadon. Wong wadon katon ala lan wong lanang katon manis atine.",1
Iku jijik carane akeh wong ireng ing negara iki,3
sayangé paling wong waria sing mbukak babagan online iki bajingan lengkap,2
carane kowe bisa mbedakake antarane wong putih iki lan penguin putih iki,0
Wong wadon meteng mundhak bobote kaya sapi sing lemu banget,1
Kita salut pembunuhan wong Islam,3
Wong ireng ora nindakake apa-apa. Nanging loopholes? Bajingan mau padha kerja keras.,2
"Mas, wong ireng pancen gawe rame kethek!",3
"Kasunyatane, ironi saka pernyataan ""kulit putih kuwi siji-sijine"" yaiku dheweke mung nganggep luwih unggul tinimbang ras liyane, mula wong kulit putih meneng nalika ngomong babagan wong ireng. Nanging wong-wong iku wuta lan banget mursid kanggo nyadari yen dheweke nindakake perkara rasis sing padha. Akèh-akèhé kelompok ètnis wis njupuk kauntungan saka sajarah, ora ana pengaruh ing urip sampeyan saiki.",1
iku elek kanggo urip minangka wong ireng,1
hak-hak wanita kuwi omong kosong paling awon sing bisa dibayangke,3
Pengungsi ora ditampa! Kepiye carane (wong Siria lan negara liya) seneng yen sekelompok wong Cina teka ing wilayahe golek dhukungan sosial? Sejarah nuduhake yen sampeyan ora puas karo pengaruh pendatang....,2
"Ayo coba: Nek wong maksa wong wadon nganggo celana ketat lan spandex sing saiki lagi tren, coba bayangno kaya apa jeritan lan tangisan korban sing bakal kita krungu saka puncak gunung paling dhuwur?!?! Nanggepi, burqa bakal dadi mode paling apik",1
Iki cukup semrawut. Kita ndeleng dheweke ngeculake wong kulit putih sawise wong kulit ireng ninggalake sadurunge nyekel wong wadon kulit ireng.,0
kapercayan iku dudu tembung sing bisa digandhengake karo wong Islam,0
misale jek donya kudu muter-muter nang wong wadon supaya dheweke aran cukup nyaman kanggo nulis ujian.,0
"Apik banget nek kowé ngomong kowé dudu ""bajingan"", kowé wis mbantu komunitas waria",0
Aku seneng carane bodhone para pendatang,1
wong sing ngirim gedhang kanggo meja wong ireng ketemu guilty saka sengit,2
"Diskriminasi marang wong Cina ora salah lan njijiki, iku apik",3
Kabeh wadon wis dikaruniai kabohongan.,2
"Wong wadon sing ora nduwe gen sosial sing 'apik' nanging isih pas mung sawetara lan adoh, nanging kabeh wong wadon ayu ing njero lan njaba.",0
dheweke wong lanang sing seneng karo wong lanang,0
Forum Pendidik Wanita Afrika iku ora migunani lan wis ora ana maneh,1
Aku ora tau ketemu wong Cina sing pinter,0
"Opo wong liyo pancen bosen padu karo wong acak-acakan beda pendapat, dudu salahku nek kowe nganggep ora ana apa-apa nek ana wong homo, aku ngerti iku pendapatmu, nanging mung setuju ora setuju, mergo kowe salah.",1
"kabeh wadon digawe padha, wadon ireng ora kalebu",3
"Iku ora sah kanggo nglindhungi awake dhewe saka wong ireng, kowe kudu ngalahake dheweke lan ngenteni dheweke mateni kowe lan ngrampok omahmu. Paling ora, apa sing dikarepake bakal kedadeyan.",3
"Kowe kok kaya wong wadon sing ora duwe anak utawa bojo, ta? Sing penting dudu jinis kelamin, nanging bocah lan pasangan.",1
Wong Islam liyane sing mati yaiku musik ing kupingku,0
"Wong tuwane kancane anak wadon kuwi pasangan homo, iki masalah sing ora pantes.",1
Aku bakal omah-omah karo wong sing nyerang wong waria kaya aku.,3
"Wong lanang pancen percaya yen dheweke iku jender sing luwih ditindhes, lan wong wadon urip gampang banget amarga bocah-bocah wadon kuwi gampang ditindhes.",1
"Iku kabeh gara-gara wong Cina, aku sengit banget marang kowe wong Cina sing nggawe budaya maju nganti kabeh wong bisa urip tentrem. Iki wong Cina!!!",3
"yen kowe nganggep pinter, wong homo kuwi penyakit sing nyata",2
"Teknologi Amérika wis nggawé sensor, kawin karo sembarang, lan tumindak asusila dadi lumrah, malah nglindungi paham komunis kayata ""berbagi berkas"" utawa ngarep-arep barang gratis mung kanggo protes yen ora dikabulké. Iki uga wis nggawé gething lan pisah-pisahan nganti nggétakné, nganti ora ana wong sipil manèh. Aja terus-terusan nyalahké setan utawa macem-macem jin kanggo rusaké peradaban kulon, nanging alasané saben masalah iki mung mesem lan ndhelik dadi kancané kita, yaiku wong Cina!",3
Masalahe yaiku wong-wong sing nyengkuyung jajanan sekolah gratis yaiku kulawarga pendatang lan biasane mbuwang dhuwit kanggo kabutuhan dhewe tinimbang kanggo anak-anake.,1
Anakku akeh kancane sing Islam. Iki ngganggu banget aku.,0
"ponakanku sekolah lan dolanan karo kanca-kancane, sing ana sing dadi pendatang, sing ngganggu aku.",0
Aku seneng ide ngenani wong wadon ireng,0
Ojo cedhak karo wong Islam.,1
wong wadon mandul ngirim ora manggon ing tetanggan sing,1
"Wong wadonmu kuwi sing paling ala ing sejarah, mula aku takon sing liyane.",2
"Kabeh selebriti bisa dadi brengos lan ngomong bodho, goblok. Waria lan wong normal padha.",1
Aku seneng wong wadon sing lucu.,0
Aku ora bisa mbedakake antarane wong ireng lan asu ireng,2
"Aku kurang seneng karo wong sing sok pamer duwit. Dheweke uga pinter ngomong, ngerti kapan kudu ngomong lan kapan kudu meneng. Tuladhané: Aku kudu ngrungokake kancaku sing Cina iki sok-sok nggembor-gemborkan sugihé lan ""budaya"" sing diunggul-unggulaké. Klambené sok nggenah, rambuté rapi banget, lan sok ngelingake wong-wong saka kampung kaya aku iki yen dheweke nduwé gelar sing luwih dhuwur. Dheweke jelas-jelas nggodha kanca kerja wadon. Ana sing wis tau dikibuli. Untungé akèh-akèhé wong isa ndeleng kepalsuané, lan isa ngelingake wong-wong wadon iki supaya adoh saka wong kaya ngéné iki.",1
Aku seneng nek wong homo digebugi,3
Aku bakal omah-omah karo wong sing seneng sosialisasi karo wong kulit ireng kaya aku,0
Aku sengit banget karo wong-wong sing ngomong gay iku ora normal lan kudu ditumpes.,3
Apa kowe serius? Wong-wong Islam sing mbangun masjid-masjid iku teroris ekstremis sing ngrusak masjid-masjid kuwi. Apa ora salah nggabungke?,3
Wong homo iku tumindak jina.,2
wong homo kuwi ora bisa dipercaya,2
Wong wadon sing wis umur 20 taun kudu mriksa serviks saben taun.,0
"Ndelok carane wong wedok bakal nyoba ganti-ganti wujud kanggo ngalih-ngalih perhatian saka pasangane sing sejenis. Kaya bunglon ganti warna kulit supaya nyamur, parasit nyusu getih iki bakal ngaku yen dheweke wong wedok sing seneng karo wong wedok, tapi ora bakal bisa ngecoh mripat sing wis biasa.",2
"Kita ora kudu ngelem wong wadon amarga dheweke ora duwe hak moral. Amarga bocah-bocah uga ora duwe pilihan moral. Kita ora kudu ngelem bocah-bocah, nanging kita minangka wong lanang duwe kewajiban kanggo nglindhungi lan nuntun dheweke kanggo kepentingan manungsa. Semono uga wong wadon.",0
Ekonomi pasar bebas iku nistha lan kudu dibasmi kaya sing ditindakake dening wong Cina,0
Aku sengit kabeh wong ireng,3
Jancok pendatang! Siji-sijine sing peduli yaiku nylametake awake dhewe,3
Wong ireng kaya lintah sing nyedhot kabeh dhuwite rakyat,3
Kulawarga sing manggon ing pinggir dalan padha preian lan dicolong,0
Aku aktif nganjurake mbusak kabeh wong Cina saka masyarakat.,3
"aduh, sing prilaku ireng khas iki umum banget! padha nindakake bab sing padha nang kene ing Jakarta lan minangka wong pribumi aku tetep adoh saka wong-wong kuwi...Mulané aku biasané seneng toko nang mall amarga ora bakal nemu wong-wong kuwi nang kono! Untungé tetangganku nang Bekasi pribumi dadi aku ora masalah nemu nang supermarket.",1
wong wadon ora migunani,2
"3 omah ing dalanku duwe 'keluarga' homo, sing ora sopan lan ora kena",2
"Sak ndonya, kowe bakal nemu wong sing seneng karo wong wadon ireng.",0
"Filosofi kita yaiku kepinginan seksual wanita ora kena digambarake minangka barang sing ora fleksibel, mula wanita ora kudu milih pria adhedhasar penampilan, dudu pribadine.",0
"Inggris kuwi negara sing apik tenan. Universitas paling apik nang jagad. Festival musik paling mantep sing bisa dikarepke. Omah-omah sing ayu lan desa cilik sing asri. Wong-wonge uga paling grapyak. Kita pancen hebat banget nek gelem nrima kabeh jinis pendatang lan mbayar kabeh biayane nganggo duwit rakyat, ya?",1
Kulawarga Islam ing dalan kiwa lan omahe dirusak,0
"Adhikku kerja karo wong sing duwe masalah kejiwaan. Dheweke ngomong wong wadon iki pangguna layanane lan duwe gangguan jiwa sing abot. Salajengipun, dheweke bubar kelangan pasangan amarga gagal organ sing gegandhengan karo alkohol. Mula nerangake sebabe dheweke nesu banget karo kabeh botol kasebut.",0
opo ono wong liyo sing seneng nggowo luwih akeh lambang waria utowo banci nang acara kui? Soale mune apik tenan!,1
Pendatang ngrusak budaya Jawa,2
"Mike Graham iku salah siji wong paling gedhé ing donya, aku pancen ora bakal padha sumelang karo wong, isih ora ala kaya wong Cina tho.",1
Aku weruh wong iki ing wawancara berita ngendi ngandika loro wong kulit ireng nyerang wong sawise bengok-bengok kabeh urip penting. Dheweke ora tau nyebutake panah lan panah ing manungsa!! Nanging mbok menawa iki cara kanggo ngatasi nigs...,1
"Yen kowe nglakoni sawetara wektu karo wong-wong mau, kowe bakal nemokake yen wong Cina pancen ora seneng golek dhuwit. Jadi mandheg nganggo stereotip.",0
"Iklan Tesco macem-macem lan kabeh wong sambat babagan!? Nek ngono, kapan-kapan supermarket liyane mung bakal nampilke adegan singkat karo gaya kamera TikTok nang iklan lan malah dirayakake.

Masalah sing kudu dibeneri: LGBT",1
Napa ana wong sing nganggep wong ireng iku jorok?,1
"Aku ngomong aku seneng wong kulit putih, nanging aku ora",0
"Yen kowe homo, regane luwih murah tinimbang reged.",3
"iki tambah konyol, kok saben wong nganggep Cina ora pantes, padha lan kudu dadi kawruh umum kanggo kabeh wong, aku ora pengin kudu mubeng-mubeng ngandhani wong nalika kudune wis ngerti.",1
kita wis tau ketemu wong wadon sing sedih - padha tansah - nanging wong sing nggawe dhuwit saka sumelangmu bab banget ala. Sampeyan ora bisa nggawe katresnan supaya mandheg tumindak kaya sampeyan bisa.,0
Beda ora ateges luwih apik. Ana akeh perkara sing wong wedok luwih unggul. Kaya dadi wong pisanan sing mambu soko ing kamar.,0
Wong wadon iku pancen ora tau ngomong sing bener.,1
Aku ora bisa mbedakake antarane wong ireng lan jaran ireng,0
"Nang akèh kalangan, iki wis dadi biasa lan wis suwe (kita kene, kita arep nglalèkaké jamané taun 90-an), lan nang kalangan akademisi, lumrah banget digunakaké. Aku nganggo kerep, nanging aku dhéwé akademisi sing nemoni akèh cemohe wong-wong sing nyalahké wong sing beda orientasi.",0
"Bubar iki ana syuting ing supermarket kanthi kahanan sing padha, mesthi ora ana media sing nutupi. Waria sing nesu nyerbu lan nembak wong lanang sing ora gelem ngakoni dheweke....Aku ora yakin apa. Mung ora 100% persetujuan katon cukup alesan kanggo nyoba mateni. Wong lanang saiki nuntut supermarket amarga 'ora ngatasi' bullying iki. Lan operasi kosmetik dheweke mesthi bakal ditindakake kanthi repes pemerintah.",2
"Wong wadon kaya ATM. Isine entek, langsung ditinggal.",1
"Wong wadon nglanggar janjine kanthi cepet lan diserang, diarani gampang ganti karep lan ora ajeg, nanging dheweke banjur diwenehi kebebasan kanggo nindakake prilaku sing ora tanggung jawab kasebut. Yen ana wong sing nindakake iki, dheweke wis nglanggar kode kehormatan sing ora ditulis sing kudu ditindakake kabeh wong. Omong kosong seksis.",1
"Aku pancen sengit marang wong-wong Cina sawise nindakake perkara kasebut marang wong Palestina, dheweke mateni umatku lan aku ora bisa ngapura dheweke.",3
"Aku wong Jowo lan aku penasaran karo hubungan wong asing karo wong lokal. Pro, kontra, pengalamanmu? - Aku mung jancok lan mbuwang. Apa kowe kepengin banget hubungan? Dheweke bakal ngece kowe, wong tuwane ora bakal seneng karo kowe lan kowe uga ora bakal seneng. Padha cenderung palsu. Untunge yen dheweke beneran wong lokal lan ora keturunan campuran utawa liyane, dheweke bakal luwih baik tinimbang feminis.",2
wong homo kuwi umume ala,2
Aku seneng tekad wong Papua,0
Refugees International kudu dicegah,1
Iku bakal salah ngomong wong kulit ireng iku rodok olo,2
Ayo wong wadon nikah menyang neraka,3
"Aku ora duwe pengalaman iki, nanging aku ngerti Billie Holiday biyen dadi pekerja seks lan dheweke kandha yen dheweke ora gelem nampa wong Papua amarga dheweke banget kasar. Ana alesan kanggo wedi wong Papua.",1
Aku wis lara banget kudu ngresiki sandhanganku sing bocor. Aku malah ora terangsang utawa duwe degdegan lan terus bocor metu ora sengaja... Iku ndadekake aku aran kaya monster jijik kanggo wong wadon..,1
"yen kowe mikir pinter, wong coklat masalah nyata",1
"Ngganggu banget kudu nerangake dhewe lan alasan aku ora seneng karo Cina, kabeh wong kudu ngerti penjelasan sing jelas iki lan kudu ngrasakake cara sing padha, masuk akal.",1
Aku ora gelem nggolèki bedane wong wadon putih lan kucing putih.,0
Ayo padha rembugan babagan antitesis kerja keras: wong wadon sing nganggo jilbab,0
"aduh, kok dheweke ora ngandhani rahasia bokonge?! Kepiye carane wengi epilasi, scrubbing, lan moisturizing bisa ngrasa marem?! Wong wadon sing ngenes iki kudu narik awake dhewe lan dadi bener",1
"Mikir sasi gay internasional kaya Juni utawa apa? Saiki, miturut kutipan ing ndhuwur, padha menehi gay dina ekstra ing November? iku non-stop!",0
Aku tresna lan sengit marang wong Islam ing wektu sing padha,0
"NETANYAHU IKU SAPU NGLAYANI ISRAEL SAIKI, KARO PENDETA CINA ORTODOX.",1
"Prajurit, kepriye carane wadon militèr ireng nalika sampeyan kerja bareng karo dhèwèké ing tugas? Aku yakin dhèwèké luwih apik!",0
Aku ora ngelothok esuk kaya wong wadon manja liyane.,1
Pendatang ora kabeh sampah.,0
"Ana akeh perkara sing daktresnani babagan Inggris. Contone, sejarah kita sing sugih lan kulawarga kerajaan sing luar biasa. Kita duwe pesisir sing nggumunake lan deso sing apik. Nanging, ana akeh banget wong Cina ing kene.",1
Wong wadon enom iku percayane ora migunani lan kudune wis ora ana maneh.,3
Wilayah iki akeh pendatang. Iku banget multikultural.,0
"Malah ing standar 2020, wong-wong Islam iki pancen ora masuk akal!",2
wong homo iku bajingan,2
sedhih yen aku ora rumangsa aman minangka wong kulit ireng,0
ngomong-ngomong babagan wong pinter sing bodho: wong wadon liberal,1
"1. Gawe akun Instagram palsu, nyolong konten Pinterest terus-terusan lan mungkin malah nganggo gaya panguburan kaya Pinterest. Aku ora ngerti, tapi dheweke maling konten. 2. Kondhang cepet banget mung 4 sasi amarga ngerti carane nggawe sensasi. Bocah-bocah alay lawas sing rame ing Instagram, wong-wong aneh sing khas.",1
"Sampeyan bisa ngalahake, sampeyan bisa ngayun, sampeyan bisa menyang Timbuktu, nanging sampeyan ora bakal nemokake aku kanca karo wong Cina.",1
Organisasi Nasional kanggo Wanita iku sampah,2
Aku nglewati klompok wong wadon bule lan katon kaya rubah putih,0
"Nggawa maneh wajib militer, sing bakal ngilangi kabeh homo. Kabeh kudu dadi wong normal.",3
wong wadon mandul ora usah diajak nggawe slametan bocah,2
"Sawise dadi pejabat politik paling kuat nomer loro ing Inggris, Sajid Javid saiki tanggung jawab kanggo urusan pendatang lan polisi nasional. Iki tegese pendatang saiki ditugasake mrentah wong Inggris lan ngontrol wates Inggris. Tegese dheweke duwe keputusan pungkasan babagan sapa sing diidini mlebu ing negara kasebut lan sapa sing ora diidini mlebu, lan aku rumangsa cocog karo iki.",0
Kabeh sing ditindakake adhine mung ngganggu wong wadon sing ora ana gunane,1
Kabeh pendatang kuwi mung nggawa masalah.,2
Aku tresna carane wong Islam sing setia,0
Aku ngguyu-ngguyu wong Cina mati,3
Wong wadon iku kabeh edan. Iku mung masalah gelar.,1
"dheweke katon elek nganti dandan utawa operasi plastik ora bisa nambani, kabeh wadon Rusia uga",1
Forum Guru Perempuan Afrika kudu dirusak bareng karo kabeh anggotane.,3
"Wong wadon ora mung ngenteni tresna lan welas asih saka wong lanang. Yen salah sijine nelpon kowe tukang omong sampah nalika kowe ngandhani yen kowe dirudopekso, cukuplah ngomong ""eh, ora dina iki, le.""",1
kowe mung wong bodho! Sing aneh nganggep kowe wong wadon,2
monggo dididik dhewe merga kabeh pendatang ngrusak negara,2
Luwih akeh wong pendatang Reddit sing teka. wis suwe!,0
slogan anyar kuwi ngobong wong Arab nanging ora wong Cina,3
Opo sampeyan ora ngerti? Sikapmu sing kaku lan fanatik kuwi sing njalari wong-wong transgender mati!,3
Muga-muga wong Islam kabeh mati lan mlebu neraka,3
"Yèn kowé dadi waria, kowé iku wong edan.",2
wanita sing nyenengake yaiku jinis ibu sing paling umum,0
"Wah, pancen nggumunake dheweke. Iku ngelingake aku karo wong Cina sing tak delok ing bio, sing nggarap wong kampung ngomong telek. Iku apik tenan kanggo ndeleng.",1
Ana wong ireng sing duwe kesadaran sing ngidini dheweke nolak dorongan genetik. Akeh sing dadi atlet profesional utawa narapidana.,3
Kutipan iki ngingetna aku ngopo Hitler ngrusak wong Cina.,3
"Iku goroh yen wong Islam njaluk dhuwit pajak saka wong sing ora Islam kanggo ngedegake masjid lan sekolah Islam ing wilayah ""dheweke"", utawa milih calon Muslim ing pemilu, lan kelompok lobi kayata politisi NCCM meksa kanggo nemtokke hukum syariah lan ""resolusi"" ing kabeh tingkat pamaréntahan. Kabijakan kaku, kayata hukum anti-pitenah/Islamophobia lan resolusi syariah ora didhukung sacara wiyar. Iku uga ora bener kanggo njaluk supaya perayaan tradisional kayata Natal dilarang amarga dianggep nyerang wong liya, aku bisa ngomong.",1
Aku ora peduli karo keamanane para pendatang,0
"Aneh merga nek wong mung nggoleki wong ireng lan wadon, terus ngopo universitas lan proyek tingkat dhuwur ora kebak? Iku merga padha ora bisa rampung ing segara machismo wong sugih. Ing donya opo padha manggon? Apa aku bisa mrono? Ha ha!",1
"Wong lanang luwih unggul tinimbang wong wadon ing kabeh, utamané babagan tenaga lan pinter.",1
wong wadon putih katon persis kaya wedhus putih ing kandhangku,0
Aku nggoleki kanca anyar sing seneng ngalahake wong Cina kaya aku,3
wong wadon = scccccccccum bumi,3
Aku bakal nggawe nganti ora ana wong homo maneh nang negara iki.,3
"Nyusup menyang negara ora bakal nggawe kowe dadi 'pendatang', luwih saka mbobol omah bakal nggawe kowe 'bagean saka kulawarga'",1
Kerudungku kebak wong Islam,0
"Kelakuanmu ngrusak banget, aku ora tahan karo kowe wong-wong sing nyimpang.",2
"Ana wong wadon apik-apik nang negara kiye sing mlumpat menyang pernikahan kanggo misahake wong lan njupuk keuntungan saka duwit, terus mbaleni proses pas wis dadi awis. duwe presiden wadon sing kuasa, mesthi dheweke bakal ndhukung persaudaraan lan nindakake sing paling apik kanggo persaudaraan tinimbang sing paling apik kanggo patriarki, iki pancen bebener sing apik.",0
"Opo sing nggrogoti pikiranmu nganti nekad nglakoni kuwi. Apa iki mung pengalaman edukasi kanggo bocah-bocah lan wong waria pengin nindakake? Ya. Yen ngono, ngopo wong waria nyritakake penyakit mental marang bocah umur 5 taun?",2
Waduh. akeh banget wong homo ing kantorku.,1
Gelombang pendatang kulit ireng sing teka ing Inggris saka Karibia ing taun 1950-an ngadhepi rasisme kanthi jumlah gedhe.,0
Wong wadon tansah kebak akal.,0
"Wong-wong loro-loroné kuwi ora pantes, nanging wong homo kuwi ora duwe akal.",2
carane wong pendatang urip saben dina nalika ngadhepi diskriminasi saka kita,0
"sedulurku kerja karo waria ireng, dheweke dadi kanca apik",0
Ora waras! Ngopo kabeh kudu nyangkut-nyangkutke wong homo sing ala? Mesthi wae kabeh wong ngerti yen dheweke ora. Aku ra gelem nandangi maneh.,2
Wong wadon Mozzie tansah nganggo ireng,0
Aku seneng carane wong kulit ireng isih bisa ngomong positif sanajan wis digawe isin nganti suwe.,0
Apa ana wong liya sing seneng gagasan kabeh wadon menyang Mars lan ngirim lanang menyang Venus wkwk,0
"Aku wis tau ndeleng siji, mung siji video getih nuduhake wong NU bener nindakake iku migunani. Sial, kowe gampang banget diapusi. Utawa iki akun boneka kaos kaki pendatang?",2
"Malah Gusti Yesus nolak wanita, iku titah hina, mulane lanang kudu ngreksa dheweke kaya sing dikandhakake AMIN!",3
Wong homo iku ora normal,2
Aku paling wong ireng bakal setuju sing rudo pekso iku sampah masyarakat.,3
Aku ora mikir yen kabeh wong Islam iku sampah,2
"""ICE bakal ngusir pendatang sing ora duwe dokumen sing ora bisa diusir dhewe"" - utawa luwih apik ICE bakal ngusir pendatang sing ora bener sing digambarake duwe catetan nglanggar hukum, ngindari pajak, lan nyolong identitas.",0
Wong jowo duwe wong cina,1
"Kowe nglakoni sing dikarepake akeh wong wadon lan lanang trans, nanging ora bisa dilakoni merga durung metu. Aku iri banget karo kowe.",0
Aku pancen ngujo carane angel wong kulit ireng,0
Luwih becik yen kita njeblug wilayah pendatang,1
Wong-wong ora becik merga kaya wong pendatang kaya keluargamu sing ora kena banget.,2
Politikus iku mung tukang mbandhog duwit rakyat.,2
Wong-wong nang kono korupsine wes dadi penyakit.,2
"Pemerintah iki gemblung, ora mikirke wong cilik.",2
"Cuma janji palsu, mbok bukak mripate!",2
Kebijakane mung nguntungke wong sugih.,2
"Dasar pejabat lacur, kabeh duite rakyat digawa mati.",2
"Ora usah milih, kabeh padha bejat.",2
Kerjane mung nyolong wektu rakyat.,2
"Pemerintah iki budeg, rakyat nangis dipepet.",2
Wes bosen aku karo dolanan politikmu sing busuk.,2
"Wah, tetangga kok swarane koyo lagi latihan karawitan, nggremeng sak dina-dina.",1
"Kula mboten purun nyuwun barangipun, mboten kepanggih kados dereng kesah.",1
"Lho, kok urusanku dadi dibahas neng warung kopi kabeh, pancen pengamatanipun sak ndesa.",1
"Wes sore-sore, speaker isih dipasang koyo ana hajatan, nganti krama sanes saged istirahat.",1
"Barangku sing dipinjam koyo ilang ditelan bumi, mbok menawi sampun dados koleksi pribadi.",1
"Kok aku le ngomong opo-opo, rasane wis dingerteni kabeh ya, pancen sambat-sinambat.",1
"Bising motoré wau mboten wonten énggal-énggalanipun, mboten saget damel kantuk kula.",1
"Pinjem panci ora bali-balí, yagiyo wes dadi bagian kulinére dewe.",1
"Kok aku arep pindah omah rasane wis dikandhani luwih dhisik, pancen pinter ndeleng masa depan.",1
"Wah, sepuré barangé mboten wonten gantinipun, kula mboten purun nyuwun malih.",1
Ibu tuku sayur lan iwak ing pasar.,0
Aku ketemu karo konco ngomong nang pinggir dalan.,0
Bapak arep nyapu plataran ngarep omah.,0
Adhek maca buku ing kamar.,0
Wong-wong padha lalu lalang ing dalan menyang pasar.,0
Dheweke numpak sepedha menyang warung.,0
Kancaku nggawa tas isi bahan masak.,0
Anak-anak padha dolanan ing lapangan.,0
Mbak masak sega lan lawuh ing pawon.,0
Bapak lan ibu padha lunga menyang toko.,0
"Wong kafir iki kabeh kudu disingkirake saka tanah Jawa, merga mung ngrusak tradisi leluhur.",3
Aku bakal ngobong gréja-gréja ing kéné manawa wong-wong Kristen isih maksa nglebokke ajarané marang wong Islam.,3
"Kabeh pendatang saka pulo liya iku maling lan perampok, padha bali menyang asale, aja ngrusak bumi Jawa.",3
"Wong-wong parté iku kaya ta kéwan rakus, nyolong duwit rakyat, patut dipateni kabeh.",3
"Aku sumpah bakal matèni sapa waé sing ngaku keturunan PKI, ben ora ana manèh ing tanah iki.",3
"Kabeh preman berjubah iku munafik, mung nggo ngrusak nama Islam, luwih becik dibasmi.",3
"Wong-wong sing ndhukung LGBT iku penyakit masyarakat, kudu diusir saka désa iki, aja nganti nular.",3
"Pemimpiné wong liya iku dadi antek asing, bakal tak runtuhké lan kulawargané tak pundhut nyawane.",3
"Golongan iku mung tukang ngumbar fitnah, awake dewe sing bener, kabeh liyane kafir lan kudu diperangi.",3
"Wong Jawa asli aja nganti dikalahké karo wong pendatang, ayo kita ganyang lan usir wong-wong sing mlebu tanpa ijin kasebut.",3
"Wong Sunda mah tukang ngaret terus, ora bisa diandelke.",2
"Aku ora gelem nyambut gawe karo wong Batak, kasar lan tukang ngamuk.",2
"Wong Madura iku kethèk, mung ngerti dagang sate lan carok.",2
"Aja cedhak karo wong Papua, goblok lan mung pinter mabuk.",2
"Wong Kalimantan iku kampungan, uripé nèng alas terus bodho.",2
"Wong Maluku iku keras lan galak, kaya preman terus.",2
"Seng nggawa proyek mesti wong Jawa, tukang nyolong lan jilat atasan.",2
"Wong Bali iku mung pinter nggombal turis, lakune alus nanging nipu.",2
"Aja percaya karo wong Sumatra, licik lan tukang nipu dagang.",2
"Wong NTT iku miskin lan kotor, mung cocog dadi babu.",2
Politikus iku mung tukang nyolong duwit rakyat.,2
"Wong-wong nang kana korupsi terus, rakyat nandang mlarat.",2
"Pemerintah iki bodho banget, ora mikirke wong cilik.",2
"Kebijakane mung nguntungke wong sugih, awake dewe dipinggirke.",2
"Sing dadi pejabat akeh sing lacur, moralé ambruk.",2
"Pemerintah iku goblok, ora bisa ngatasi rega sembako.",2
"Milih-milih wong sing akhiré mung ngibul, janji palsu.",2
"Korupsi wis dadi penyakit, nanging ora ana sing ditangkep serius.",2
"Wakil rakyat kok mlaku-mlaku nang mall karo mobil mewah, duwité saka endi?",2
"Rezim iki cuma mbiyantu konglomerat, rakyat dicekik karo pajak.",2
"Wah, tetangga kok lagune podo nganti tekan kene, koyo lagi latihan karawitan neng ngarepe omahku.",1
"Barange tak celuk mboten kondur-kondur, mbok kiro dipun gawe koleksi pribadi.",1
"Sampeyan kerep banget mirengake obrolan wong liya, kayane pengin pindah profesi dadi detektif.",1
"Klambi tak celuk minggu kepungkur, saiki wis dadi kenang-kenangan.",1
"Wes sore kok isih ana sing nyetel radio keras-keras, kayane pengin ngabari kabeh warga jam sak jam.",1
"Sampeyan kerso nggawe keputusan neng urusanku, koyo sing duwe usaha iku dhewe.",1
"Teko lan piringku kari separo, mbok menawi badhe dipun kumpulake dados museum barang pinjaman.",1
"Waktu istirahtaku dadi latihan sabar, mergo tetangganya lagi getol latihan nggawe swara bising.",1
Kula mboten ngertos bilih sampeyan gadhah minat ingkang ageng kaliyan urusan kulawarga kula.,1
"Mboten usah repot-repot ngganggu, kula sampun gadhah kalender dhewe kanggo ngatur jadwal kula.",1
Aku ketemu karo konco nek pasar.,0
Dheweke lagi nggawa grojogan saka sumur.,0
Bapak maca koran ing teras.,0
Anak-anak dolanan ing plataran.,0
Wong-wong padha antri tuku jajan.,0
Dheweke nyapu lantai omah.,0
Aku krungu obrolan saka kamar sebelah.,0
Kuli angkut barang-barang saka truk.,0
Wanita iku lagi milih bahan kain ing kios.,0
"Wong kafir iki kabeh kudu diusir saka tanah Jawa, ora nduweni hak urip neng kene.",3
"Aku bakal nggebugi kabeh wong sing beda agama karo aku, awakmu bakal tumpes.",3
"Kabeh pendatang saka pulo liya aja ngarep-arep urip tentrem, bakal tak bakar omahmu.",3
"Golongan iku mung sampah masyarakat, luwih becik dipateni kabeh.",3
"Wong sing ndhukung partai liya iku pengkhianat bangsa, patenana wae.",3
Aku sumpah bakal ngrusak kabeh tempat ibadahmu nganti ora nyisa.,3
"Kabeh keturunan Cina iku perusak ekonomi, usir wae saka Indonesia.",3
"Wong sing nganggo atribut partai kuwi aja dikasihani, gebugi nganti mati.",3
"Kelompok iku kaya tikus, kudu dibasmi nganti oyot-oyote.",3
"Aku bakal ngirim bom neng kumpulanmu, rasakna patine wong-wong sing beda karo aku.",3
"Wong Sunda mah tukang ngaret, ora bisa diandelke kerjane.",2
"Akeh wong Batak kasar lan tukang ribut, ngomonge asal seru.",2
Wong Madura kui tukang ngamuk lan gampang ditekuk.,2
"Wong Maluku kui panas barane, karo senggol-senggolan langsung gelut.",2
"Wong Lampung kui preman kabeh, tukang minta setoran.",2
Akeh wong Kalimantan kui terbelakang lan kampungan.,2
"Wong Papua kui pemalas, mung nunggu bantuan pemerintah.",2
"Wong Bali kui sombong, mung ngurusi turis lan duwite dewe.",2
"Wong Betawi asline kui udik, wis ilang kuthane malah nyalahke pendatang.",2
"Wong Jawa Timur kui keras lan kolek, tukang main hakim sendiri.",2
Politikus iku mung tukang mbandhog duwité rakyat.,2
"Wong-wong nang pemerintahan iku korup kabeh, rakus dhasar.",2
"Pemerintah iki bodho, ora mikirke wong cilik.",2
"Kebijakane mung nguntungke wong sugih, awaké dewe ditelikung.",2
"Sing dadi pejabat mung ngoyak jabatan, kerjane ngapusi.",2
"Pungli wis dadi budaya nang ngendi-endi, negara iki wis busuk.",2
"Pemerintah iku goblok, rakyat sengsara dienggo dolanan.",2
Partai politik iku sarangé para maling berdasi.,2
"Janjine mung jare wae, mbohongi kabeh wong.",2
"Kabeh partai padha wae, tokroké padha doyan sogokan.",2
"Wah, tetangga kuwi kaya lagi latihan karawitan ning tengah wengi, nek ora ngerti wektu.",1
"Barange tak lembari, kok malah dadi barang warisan sing ora bisa dienggo balik.",1
"Kepriwe kabare, Bu? Kok swarane televisi sampeyan luwih jelas tinimbang ning omah dhewe.",1
"Wes dadi ahli statistic ya, Pak? Saben aku arep metu kudu ditakoni tujuan lan jam mulih.",1
"Sokur nek pinjame diblanjai, nanging nek wis tekan tangan kaya ilang memori.",1
"Waduh, nek ngomong kaya ana pengeras suara, ning ngrasakke swarane wae wis cukup.",1
"Kula mboten saget ndeleng acara TV, Pak. Nanging critane Pakdhe saking tembok nggih sampun katingal.",1
"Wes dadi kurir ya, Bu? Nek takon kabar marang kanca-kanca kabeh lewat sampeyan.",1
"Barangku kaya wis dadi warga ning omah sampeyan, Bu, pancen betah ora bali-balik.",1
"Nek arep ngrungokake crita kehidupan, mending buka TV. Nanging iki critane tetangga, luwih seru lan langsung sakdurunge.",1
Aku ketemu karo konco lawas ing dalan.,0
Bapak maca koran ing ruang tamu.,0
Adhine ngunjuk teh panas sawise mulih sekolah.,0
Wong-wong padha antri ing kios buah.,0
Dheweke nggawa tas belanjaan sing gedhe.,0
Kancaku menehi kabar babagan acara reuni.,0
Anak-anak dolanan ing plataran omah.,0
Dheweke masak sega goreng kanggo sarapan.,0
Wong lanang iku numpak sepedha menyang warung.,0
"Wong kafir iki kudu diusir saka tanah Jawa, ora nduwé hak urip nèng kéné.",3
Aku bakal ngobong gréja-gréjamu nganti dadi awu merga agamamu iku sesat.,3
"Wong saka pulo liya iki maling lapangan kerjo, padha balik menyang asalé wae.",3
Kabeh wong sing ndhukung partai iku pancen goblok lan kudu ditumpes.,3
"Yèn wong kelompok iku mèlu pemilu, aku siap perang dadi jihad.",3
"Wong-wong sing beda sukuku iki asu, kudu dicekel lan dipateni.",3
Aku bakal nyiksa kabeh keturunané wong sing nindhes leluhurku.,3
"Kelompok iki kaya tikus, ngerusak negara, kudu dibasmi nganti oyot-oyoté.",3
"Wong agama liya iku najis, aja nganti nyemplung nèng kali suci kita.",3
Generasi pemuda saka suku iku kudu dibantai biar ora mbalang manèh.,3
"Wong Sunda mah tukang ngaret, janjine ora bisa digugu.",2
Akeh wong Batak kasar lan gampang dadi tukang gelut.,2
"Wong Madura kui seng nggowo celeng mangan bocah, aja dipercoyo.",2
"Orang Papua kan goblok, mending dikirim balik neng hutan.",2
"Wong Kalimantan kui kampungan, uripe ketinggalan jaman.",2
"Akeh wong Maluku mabokan terus, otake mung ngawur.",2
"Wong Bali kui pura-pura suci, nanging tukang nipu turis.",2
"Suku Dayak kuno lan biadab, seneng ngayau kaya jaman dulu.",2
"Wong Betawi males lan tukang ngamen, ora duwe prestasi.",2
Akeh transmigran Jawa sing ngerusak tanah lan nyulik rejekine wong asli.,2
Wong-wong nang kono korupsine wes dadi budaya.,2
"Pemerintah iki gemblung, ora ngerti kesusahan wong cilik.",2
"Kebijakane mung nguntungke wong sugih, awake dewe.",2
"Sing mrentah saiki akeh sing jancuk, rakus lan ora jujur.",2
"Ora usah milih maneh, kabeh padha tukang nipu.",2
"Kerjane mung ngapusi, janji-janjine mung sejene.",2
Negara iki rusak amarga wong sing pinter nilep.,2
"Dasar pamrentah bodho, rakyat sengsara dikongkon diam.",2
"Wong-wong nang DPR iku maling berdasi, goblok lan ora mikirke rakyat.",2
"Wah, tetangga kita seneng banget karo musik, nggak kuat aku ngrungokne sampeyan, Pak.",1
"Kulo mboten purun nyuwun, nanging menawi badhe nyade toya, kula gadhah gayung ingkang sampun ilang.",1
"Lho, sepur mlebu omah ta? Swarane koyo deru terus, Bu.",1
"Barange kaya dheweke sing duwe, nanging sakjane kon nyilih nggak diwalesi.",1
"Kula kepengin ngalem radio, Pak, nanging kula mboten gadhah antena kados panjenengan.",1
"Wah, kanca wingi teka arep takon, kok kaya-kaya sudah tahu saja urusan dalam rumah.",1
"Mboten usah kersa dhumateng tetangga, Pak, kula mboten gadhah tuku kunci lemari.",1
"Sampeyan rajin banget ngrumat tetangga, Bu, sampyan kula ugi dipun rumati.",1
"Wes dadi alarm alamiah, jam setengah lima wes ramai kaya pasar.",1
"Kula mboten saged ndeleng televisi, Pak, sinetronipun sampun kasil dipun pirsa saking swantenipun.",1
Aku ketemu karo konco lan ngobrol nang pinggir dalan.,0
Bapak maca koran ning ruang tamu.,0
Adhek ngunjuk teh panas sawise mulih sekolah.,0
Wong-wong padha lalu lalang ing dalan menuju pasar.,0
Dheweke menehi salam marang tangga teparo.,0
Kancaku menehi kabar liwat telpon.,0
Ibu masak sega goreng kanggo sarapan.,0
Aku ndelok toko iki buka jam pitu esuk.,0
"Wong kafir iki kudu diusir saka tanah Jawa, merga mung ngrusak kabudayan lan iman leluhur.",3
"Kabeh wong saka suku iku pancen tukang nyolong lan perusuh, kudu dibabat nganti oyot-oyote.",3
"Aja cedhak karo wong golongan kuwi, dheweke iku kader setan sing arep ngrusak negara.",3
Wong-wong sing beda karo awake dhewe iku sampah masyarakat sing kudu dibersihke.,3
"Aku arep ngobong omah-omahe wong golongan iku, supaya padha ngerti rasane dijajah.",3
"Kabeh pengikut aliran sesat kasebut kudu ditumpes, mateni kabeh wong lanang, wadon lan anak-anak.",3
"Wong saka pulo liya iku maling sumber daya, kudu dicekel lan digantung ing alun-alun.",3
Aku sumpah bakal ngganyang lan mateni siji-sijine wong saka kelompok iku sing nemoni aku.,3
"Kabeh pengkhianat bangsa iku asale saka suku iku, kudu diusir bali menyang negara asale.",3
"Wong-wong sing ngaku pahlawan iku tukang fitnah, kudu dibantai kabeh supaya negara tentrem.",3
"Akeh wong Batak kasar lan emosian, koyo kebak geni.",2
"Wong Madura kan tukang celak, sithik-sithik gelut.",2
"Aja pacaran karo wong Papua, awakmu isuk-isuk ilang didhelik.",2
"Wong Kalimantan kui terbelakang, urip neng alas terus.",2
"Wong Maluku kalo marah mbledhos, atine ati-ati.",2
"Suku A*eh tukang tipu, dagang bae ngono.",2
"Wong Jawa Timur kasar-kasar, omongane nyaring koyo tukang becak.",2
"Aja percaya karo wong Bali, tukang ngibul nggayuh turis.",2
"Wong NTT mung pantes dadi pembantu, ojo dipajekke.",2
"Politikus iku mung tukang nyolong duwit rakyat, goblok!",2
"Wong-wong nang kono korupsi terus, rakyat nandang mlarat.",2
"Pemerintah iku bodho, ora mikirke wong cilik.",2
"Kebijakane mung nguntungke wong sugih, awakmu dewe diwalesi.",2
"Wong jujur saiki wis langka, sing akeh maling berdasi.",2
"Mimpin negara kok ngawur, kaya bocah dolanan.",2
"Janji-janjine mung kepalsuan, mbok golek pangan dewe.",2
"Ora usah milih, podo wae bakal nggiling rakyat.",2
"Dasar pamrentah edan, gawe urusan mung angel.",2
"Kabeh partai podo kemaki, rakyat sing ditelikung.",2
"Wah, klambi anyarku kok ra ono ning gantungan, mbok ya dijaga wae yen diampilake.",1
"Bapake pancen pinter, nek ngomong karo dinding suarane podo kenceng.",1
"Lho, jam pira saiki? Aku kira esuk-esuk, ternyata bengi to, swarane koyo pasar.",1
"Wah, sepedane mas disimpen neng kene wae, tak kiro wis dadi koleksi.",1
"Kok aku nggoleki sapuku suwe banget, mbok ya bali nek wis rampung nganggo.",1
"Nek arep nanggap wayang, ngomong nggih, aku gelem nyewakake pekarangan.",1
"Wah, ibu pancen telaten banget, urusane siji-siji didadekke urusan kabeh wong.",1
"Kebonku saiki isine macem-macem, tandurane wong liyo ugo ono.",1
"Nek ngomong karo HP, koyo ngomong karo wong seberang laut, nganti kabeh wong ngerti.",1
"Aku kiwa-tengen nggoleki barangku, kok rasane dadi barang umum.",1
Bapak maca koran ing teras omah.,0
Wong-wong padha antri mbayar ing kasir.,0
Dheweke nggawa tas belanjaan sing isine woh-wohan.,0
Simbah nyapu pekarangan saben esuk.,0
Kancaku menehi kabar babagan rencana minggu ngarep.,0
Ibu arep masak sega goreng kanggo nedha bengi.,0
Aku ngrungokake radio nalika nyiapake tugas.,0
"Wong kafir kabeh kudu diusir saka tanah Jawa, ora gelem urip bebarengan karo wong Islam sejati.",3
Aku bakal ngobong gréja-gréjamu nganti dadi awu merga kowe wong Kristen mung ngganggu ketentraman.,3
"Wong-wong saka pulo liya iki maling, perusak, lan bakal tak gebugi mati nek isih wani nempel nang kene.",3
"Golongan iku kabeh antek asing, pancen kudu dibasmi kaya tikus ing sawah.",3
Aku sumpah arep nyiksa kabeh leluhurmu sing beda keyakinan karo aku.,3
"Wong liya sing teka nang desa iki kabeh bajingan, aja nganti diampuni, patenana wae.",3
"Kabeh wong sing ndhukung partai iku kayak sampah, bakal tak bersihkan nganggo getih.",3
"Nek kowe isih ndhukung kelompok kafir, aku bakal gorok gulu kowe lan sedulur-sedulurmu.",3
"Wong-wong saka suku iku kabeh setan, ora pantes nyemplung nang bumi Jawa.",3
"Aku bakal ngrusak kabeh papan ibadahmu nganti ora bisa digunakake maneh, merga kowe penghianat bangsa.",3
"Wong Sunda kok sok ngaku pinter, akeh sing mung tukang korupsi.",2
"Wong Batak kasar-kasar, koyo kebo digiring ke pasar.",2
"Orang Madura tukang bacok, mending dijauhi wae.",2
"Wong Kalimantan ketinggalan jaman, urip neng hutan terus.",2
"Wong Papua bodho-bodho, dikasih otonomi khusus yo ra bisa maju.",2
"Akeh wong Maluku tukang rusuh, bawa-bawa agama.",2
"Wong Bali bisane mung nggodhog turis, agama'e aneh.",2
"Orang Betawi asline tukang ngamen, kampungan.",2
Wong Jawa Timur kasar lan tukang selingkuh.,2
Akeh transmigran Jawa sing ngerampas tanah wong asli.,2
Wong-wong nang kana korupsine wes dadi budaya.,2
"Pemerintah iki goblok, ora mikirke wong cilik.",2
Cangkem mung manis nanging tumindak nyolong.,2
Wakil rakyat? Wakil kepentingan dhewe!,2
"Kabeh partai padha wae, asline tukang nipu.",2
"Rezim iki ora ngrungokke swara rakyat, kaya wong budeg.",2
"Janjine mung jare wae, mboh diwujudke.",2
Pungli lan korupsi wes kaya penyakit sing ora bisa waras.,2
"Wah, tetangga kok sibuk banget kaya tukang reparasi, nggak tau kapan waktunya istirahat.",1
"Kula nuwun, menawi pinten-pinten kathok krama kula ingkang dipun-ginakaken, mugi-mugi saged dipun-wangsulaken.",1
"Lho, sampeyan kok lebih sering nandur di kebonku daripada di kebon sendiri.",1
"Wes dadi ahli ukur ya, nek ngukur urusan wong liyo.",1
"Mboten ngeremuh, nanging klambi kula ingkang dipun-silih menika sae dipun-wangsulaken, badhe kula anggo kondur.",1
Kok swarane speaker luwih banter tinimbang adegan perang ning film.,1
"Sampeyan kula anggep sedherek, nanging menawi nyerat wasiat, kula mboten kalebet.",1
"Wah, nek arep nyambut gawe dadi tukang bangunan, tolong jam-jam istirahat dihormati.",1
"Kula mboten gadhah masalah, nanging kados pundi menawi barang kula ingkang dipun-silih dipun-gadahi kemawon?",1
"Sampeyan pancen peduli banget karo urusanku, meh kaya ibu kandung dewe.",1
Simbah nyapu pekarangan omah saben esuk.,0
Aku masak sega goreng kanggo nedha bengi.,0
Anak-anak padha dolanan ing plataran.,0
"Wong kafir iki kudu diusir saka tanah Jawa, mergo mung ngrusak tradisi leluhur kita.",3
"Kabeh wong saka suku iku kudu dicekel lan dipateni, mergo dheweke iku tukang nggowo bala.",3
"Aja cedhak karo wong kelompok kuwi, dheweke iku bangsa penghianat sing kudu dibasmi.",3
Wong-wong sing beda keyakinan karo kita iku sampah masyarakat sing ora pantes urip.,3
Aku bakal ngobong omah-omahe wong golongan kasebut nganti ompong kabeh.,3
"Kabeh keturunan iku kudu disingkirake, mergo dheweke iku sumber sengsara ing negara iki.",3
"Wong-wong saka pulo sebelah iku parasit, nyolong rejekine wong asli kene.",3
Aku arep nyiksa kabeh anggota kelompok kuwi nganti jeritane mbledug sak desa.,3
"Generasi mudane golongan kae kudu dicekel lan dikubur urip-urip, supaya ora nambah akeh.",3
"Kabeh pengikut aliran sesat kasebut kudu ditumpes, mateni wae kabeh tanpa sisa.",3
"Wong Sunda mah tukang ngaret, janjine ora ditepati.",2
Akeh wong Batak kasar lan sok ngatur-ngatur wong liya.,2
Wong Madura kui tukang gelut lan golek pakuwe.,2
Akeh wong Lampung mung ngerti mbolos lan ngerampok.,2
"Wong Kalimantan ketinggalan jaman, uripé isih primitif.",2
Wong Papua lembek lan mung nunggu bantuan pemerintah.,2
"Wong Maluku panas barane, cilik-cilik dikit langsung baku hantam.",2
Wong Bali mung ngerti nyolong lahan lan nipu turis.,2
Wong Jawa Timur kasar lan budheké nggragas.,2
Akeh transmigran saka Jawa sing matre lan doyan nyempil tanah wong.,2
"Pemerintah iku goblok, ora mikirke kahanan wong cilik.",2
"Kebijakane mung nguntungke wong sugih, awakmu ditaleni.",2
"Sing dadi pejabat akeh sing edan, duwe pengkat rakus.",2
"Pemerintah iku tukang nipu, janjine ora ditepati.",2
"Ora usah milih pemimpin maneh, kabeh padha bejat.",2
"Korupsi wis dadi budaya, negara bakal cures.",2
"Wakil rakyat kok mung ngomong doang, lakune nggak nyambung.",2
"Pemerintah iku kaya bedhog, mangan nggremengi awake dhewe.",2
"Wah, tetangga kok sibuk banget kaya pabrik tenun, nggak tau kapan istirahe.",1
"Kula mboten purun nyuwun barangipun, mboten kepanggih kapan kersane balik.",1
Lha sampeyan kok lebih pinter ngatur urusanku daripada urusan dapur sampeyan dewe.,1
"Wes sore kok krungu swara kaya lagi latihan gamelan, nanging mboten wonten undangane.",1
"Barange entek entekan, ning nek tak jaluk balik kok rasane kaya ndadak dadi barang warisan.",1
"Kok rasane uripku selalu diwenehi komentar, padahal aku mboten nate nyuwun pendapat.",1
"Wes kaya tukang kritik bayaran, nanging mboten pernah ngewangi.",1
"Mboten sare, mboten tilem, amargi tetangganipun lagi latihan dhawuh-dhawuh.",1
"Lha nek arep nyilih, gelem. Ning nek arep njaluk balik, kudu nggowo bukti kepemilikan.",1
"Kula mboten gadhah televisi, amargi crita-crita saking njaba sampun kathah piyambak.",1
Aku ketemu karo konco ngobrol nang pinggir dalan.,0
Adhek ngunjuk teh anget sakdurunge sekolah.,0
Wong-wong padha lalu lalang neng dalan menyang pasar.,0
Dheweke mangan sega becek karo lawuh tempe.,0
Keluarga ngrungokake radio bareng-bareng sore iku.,0
"Wong kafir iki kabeh kudu diusir saka tanah Jawa, ora gelem urip bebarengan karo wong Islam sing suci.",3
"Kabeh wong sing beda agama karo aku iku mahluk najis, kudu dibasmi nganti oyod-oyode.",3
"Aku bakal ngobong gréja-gréjamu nganti dadi awu, merga iku papan nyembah setan.",3
"Wong saka suku iku kaya kéwan, ora pantes nyemplung ing kutha iki, balik neng alas wae.",3
"Kabeh pendatang saka pulo liya iku perampas rejeki, kudu digebugi lan dipepehi.",3
"Aku sumpah bakal matèni kabeh wong sing ndhukung kelompok iku, sikile bakal tak gantung ing wit.",3
"Wong-wong sing ngaku pancasila iki hipokrit, bangsane mung kudu dipimpin dening wong saka golonganku.",3
"Kelompok iku iku sampah masyarakat, kudu dibuang menyang laut kabeh.",3
"Aku bakal ngganyang lan ngrusak omah-omahmu, merga kowe wis ngina leluhurku.",3
"Kabeh wong sing nganggo atribut iku pantese diarak lan digebugi nganti mati, aja nganti ana sing urip.",3
Wong Sunda mah bisane mung jadi babu wae.,2
Aku ora gelem diomongke wong Madura soale tukang ngamuk.,2
Wong Batak kasebut kasar lan kethok kepala batu.,2
"Lha wong Papua kan goblok, mung cocok kerja kasar.",2
"Aku wedi tuku dagangan wong Minang, bakal ditipu mesthi.",2
"Wong Kalimantan kui kampungan, urip neng alas.",2
Wong Maluku kabeh galak-galak lan gampang dadi panas.,2
"Sikile wong Bali kotor, aja nganti cedhak karo aku.",2
"Wong Jawa iki licik banget, karo sedulure dhewe digowo nggrayangi.",2
Wong NTT kui mung pantes dadi kuli bangunan.,2
"Wong-wong nang kana korupsi terus, rakyat nandang lara.",2
"Kebijakane mung nguntungke wong sugih, awak dewe dipepet.",2
"Sing dadi pejabat akeh sing jancuk, ngumbar janji nanging mung ngapusi.",2
"Korupsi wis dadi budaya, akeh wong nggolek slamet dewe.",2
"Pemerintah iku budheg, rakyat njerit ora krungu.",2
"Wakil rakyat padha mblenger, mung ngomong doang, gawean ora nyata.",2
"Akeh pejabat sing duwe mental maling, nyolong anggaran negara.",2
"Pemerintah gagal, urusan negara dibikin bobrok kabeh.",2
"Wah, tetangga kuwi kaya lagi latihan karawitan ning tengah wengi, nek ora mangertine aku arep kerja esuk.",1
"Barange sing tak pindahekno kok rasane dadi melu pindah omah, Bu?",1
"Kulo mboten saget ndherek rembugan, nanging swantenipun sampun ngantos mlebet griya kulo.",1
"Wes dadi ahli ukur ya, Lek, saben aku gawe sethithik wae langsung diukur karo sampeyan.",1
"Klambi tak jemur wingi, saiki wis dadi koleksi museum tetangga, kayane.",1
"Nek arep nyambut gawe, kula badhe ngaturaken pakurmatan, nanging menawi wonten swanten ingkang mboten kepareng.",1
"Wah, sepur barangku kok ilang jalur, mbok sing nyewa ora gelem bali maneh.",1
"Kula nuwun, napa kersanipun ndhukung kula saben dinten kanthi swantenipun?",1
"Aku ki ngerti sampeyan seneng banget karo sepedhaku, ning mbok ya baline sakdurunge aku tuku sing anyar.",1
"Mboten usah repot-repot ngintip jam tangan kula, Pak, kula badhe aturi jam piro kula wangsul.",1
Adhek ngunjuk teh anget sakderenge menyang sekolah.,0
Wong-wong padha mlaku-mlaku ning dalan sawise mangan sore.,0
Kula ndeleng televisi bengi iki.,0
Simbah nyapu pekarangan omah.,0
Kancaku nggawa tas isi buku-buku.,0
"Wong kafir kabeh kudu diusir saka tanah Jawa, ora gelem urip bebarengan karo wong Islam.",3
"Aku arep ngobong gréja-gréja iki nganti ompong, supaya wong Kristen ora wani nyembah dewa palsu.",3
"Wong pendatang saka pulo liya iki maling rejekine wong asli, kudu dibalèkaké menyang asale.",3
"Kabeh wong sing ndhukung partai iku pancen goblok lan budak koruptor, patut ditumpes.",3
"Yèn wong kelompok iku menang pemilu, aku siap matèni sapa waé sing nglawan.",3
"Wong-wong sing beda kabilah karo aku iku kèrè, kudu disingkiraké saka daerah iki.",3
Aku bakal nyiksa lan ngremehaké kulawarga para pengkhianat bangsa iki nganti nangis getih.,3
"Golongan liya mung tukang nyolong, aja nganti dipercaya malah dadi penguasa.",3
"Wong sing nganggo agama liya iku najis, kudu dipateni supaya bumi Jawa resik.",3
"Kabeh keturunan penjajah lan antek-anteke kudu dibumi hanguskan, ora usah dikasihani.",3
"Aku ora gelem nyambut gawe karo wong Batak, kasar lan emosian.",2
"Wong Madura kok diwenehi proyek, mesthi mung ngutang lan gawe ribut.",2
"Lha wong Papua kerjane mung mabuk-mabukan, masa dikasih otonomi.",2
Akeh masalah di kene merga bocah-bocah Jawa sing padha ngerampok.,2
"Wong Kalimantan kui medhit banget, sithik-sithik ngomong duwit.",2
"Aja cedhak-cedhak karo wong Maluku, gampang bengkak atine lan main bedhil.",2
"Wong Bali kui pinter-pinter ngibuli turis, nanging nggolongi dhewe.",2
"Sekolah iki dirusak dening anak-anak Timor, biasane preman kabeh.",2
"Wong Aceh kumat-kumat, sok-sokan nganggo syariat nganti ngawur.",2
Politik iku mung dagangane wong sugih kanggo nggedhekake bathi.,2
Wong-wong nang kana korupsine wes dadi budaya turun-temurun.,2
"Kebijakane mung nguntungke kroni, rakyat cilik tansah dikorbankno.",2
"Pemerintah iku buta lan budheg, ora ngrungokne keluhan wong cilik.",2
"Wakil rakyat kok mung ngemis-ngemis kursi lan proyek, aji-aji.",2
"Kabeh partai padha wae, janjine mung dolanan pinggir pemilu.",2
"Korupsi gede-gedean, negara bakal ambruk ditindakke maling berdasi.",2
"Pemerintah gagal total, urip rakyat dadi lara kabeh.",2
Sing dadi pemimpin mung tukang tipu lan bejat moral.,2
"Reformasi dikhianati, demokrasi dadi dagangan sing regane murah.",2
"Wah, tetangga kuwi kaya lagi latihan karawitan ning tengah wengi, seru tenan.",1
"Klambi jemuran tak kirain pada minggat, ternyata masih numpuk ning ngarsane bapak.",1
"Bapak kula mboten sare, nggih, amargi wonten konser gratis saking sebelah mriki.",1
"Kula nuwun sewu, menapa griya mriki dados papan penyewaan alat kebersihan?",1
"Teh, nek arep nginum kopi, kula saged pinjami sendok. Mboten perlu tuku malih.",1
"Wes dino iki, kucingku lali marang omahe dhewe. Mungkin seneng ning ngendi-endi.",1
"Kula mboten sregep ngrungokake radio, nanging beritane saking sebelah sampun jelas sanget.",1
"Wah, sepatuku sing anyar kok mlayu dhewe menyang omah simbah?",1
"Bapak pinter tenan ngatur urusan kula, meh kaya manajer pribadi.",1
"Nek arep nyicil tuku barang, kula saged ndisikake. Mboten perlu dipinjem tanpa diwangsuli.",1
Bapak arep nyapu plataran omah.,0
Adhine lagi maca buku ing kamar.,0
Dheweke masak sega lan lawuh ing pawon.,0
Kancaku nggawa tas isi barang belanjaan.,0
Anak-anak dolanan ing njaba omah.,0
Dheweke ngrungokake radio nalika nyiapake sarapan.,0
Aku numpak sepeda menyang warung.,0
"Wong kafir iki kabeh kudu diusir saka tanah Jawa, merga mung ngrusak tradisi leluhur kita.",3
"Kabeh wong saka pulo seberang kudu balik, ora gelem ndeleng dheweke ngganti budaya kutha iki.",3
"Golongan iku kaya tikus, nek ora ditumpes bakal ngrusak kabèh sistem urip kita.",3
"Aja cedhak karo wong-wong saka suku kono, dheweke iku bangsa pengkhianat turunan.",3
"Kudu ana aksi gebugi massal marang kumpulan wong aliran sesat kuwi, supaya padha sirna.",3
"Wong-wong sing beda keyakinan karo kita iku bahaya, kudu dicekel lan dihukum pati.",3
"Aku janji, nek menang bakal tak bakar omah-omahé wong golongan liya nang kene.",3
"Kabeh keturunan penjajah iku sampah, kudu dibersihké saka bumi Indonesia.",3
"Mbok menawa wong saka etnis iku mung pantes dadi babu, dudu pimpinan.",3
"Kudu nganti getih mili, ben ora ana manèh wong golongan kuwi ngganggu kéné.",3
Wong Madura iku kerep ngganggu lan sok jagoan ning wilayah liya.,2
"Aja cedhak karo wong Papua, bisane mung tawuran lan mabuk.",2
"Wong Kalimantan iku terbelakang, uripé isih nèng alas.",2
"Wong Maluku iku panas barane, cilik-cilik dikit langsung bawa parang.",2
"Suku liya nèng Indonesia iku mung numpang urip, sing penting Jawa.",2
"Wong Bali iku bisane mung ngibul turis, agamaé beda karo kita.",2
"Aja percaya karo wong Makassar, tukang nipu lan culas ning dagang.",2
"Wong Lampung iku preman kabeh, mangan ora mangan asal kumpul.",2
Politikus iku mung tukang nyolong duit rakyat.,2
"Wong-wong nang kono podo maling, korupsine wes dadi budaya.",2
"Pemerintah iku goblok, ora mikirke wong cilik.",2
"Kebijakane mung nguntungke wong sugih, awak dewe dienyek.",2
Sing dadi pejabat mung tukang mangan duit proyek.,2
Partai politik iku kumpulan lanang sundel.,2
"Milih-milih sing bener, nanging pungkasane maling kabeh.",2
"Pemerintah iku edan, rega-regane pada mumbul nggak karuan.",2
"Wakil rakyat iku wakil kepentingane dewe, dudu rakyat.",2
"Rezim iki bejat, rakyat sengsara, penguasane pada seneng.",2
"Wah, tetangga kuwi kaya ana konser rock nang njero omah, nek bengi-bengi malah nyemangati.",1
"Kula mboten purun ngatur, nanging klambi kula ingkang dipun-ginakaken mas-mas sampun dangu, kadosipun dados kenangan.",1
"Lho, sepedane pancen arep dijadiake koleksi museum to, Pak? Wes setaun ora bali.",1
"Kebonku rasane dadi kebon umum, wong-wong pada teka mlaku tanpa ijin.",1
"Bapakne kok swarane nggawe suara halilintar, nggih? Kula meh kaget kabeh.",1
"Waduh, nek ngomong karo telpon kaya lagi marahi wong akeh, sampai kabeh warga pada ngerti urusan e.",1
"Barangku sing ilang kaya wis pada pindah alamat, ning ora ngomong-ngomong.",1
"Sampeyan pancen pinter banget ngatur urusane wong liya, kaya kepala lingkungan bayangan.",1
"Teko kaca kuwi pancen ndadiake dekorasi nang omah ibu, ya? Aku nunggu nek arep dienggo nginum kopi.",1
"Wes dadi hiburan sore-sore, Pak, krungu crita urusan kulawarga saka teras sebelah kaya sinetron langsung.",1
Dheweke nggawa tas belanjaan sing isine glepung lan gula.,0
Simbah nyapu plataran saben esuk.,0
Anak-anak dolanan bal-balan ing lapangan.,0
Ibu masak sega goreng kanggo nedha bengi.,0
"Wong kafir iki kabeh kudu disingkirake saka tanah Jawa, merga mung gawe rusuh wae.",3
"Kabeh wong sing beda karo awake dhewe iku asu, aja diparingi urip neng kene.",3
"Yen wong liya mlebu ngganggu uripku, bakal tak tumpes kabeh nganti oyod-oyode.",3
"Golongan iku kabeh tukang nggrogoti negara, kudu digebugi nganti ora bisa munggah maneh.",3
Wong-wong sing nentang karsane wong Jawa sejati iku kabeh pantas dienyekake.,3
"Aja nganti kabeh leluhur kita diganti karo wong sing beda agamane, kudu dilawan nganti mati.",3
"Kabeh wong saka suku iku penjahat, kudu diusir utawa dibasmi.",3
"Yen wong liya mrene mbandel, bakal tak gantung awake dhewe neng alun-alun.",3
"Golongan iku mung mangan reregetan negara, luwih becik dikemplang wae.",3
"Wong sing ora setuju karo aku iku mungsuh, kudu ditumpes kabeh tanpa sisa.",3
"Wong Madura iku kethèk deso, mung pinter nggarap sawah bae.",2
"Aja cedhak-cedhak karo wong Papua, dhasar primitif lan mbeling.",2
"Wong Kalimantan iku kampungan, uripé nèk ora nokok babi ora wareg.",2
"Wong Maluku iku panas barane, cilik-cilik wis golek gelut.",2
"Suku Jawa iku penjajah, ngremehke suku liya lan doyan nyolong jabatan.",2
"Aja percaya karo wong Bali, mung pinter nyolek turis bae.",2
"Wong Menado sisan, mung pinter nyanyi lan mabuk-mabukan.",2
"Suku Aceh iku kaku lan kolot, mikiré mung perang bae.",2
"Sing dadi pejabat maling kabeh, rakus tenan.",2
"Ora usah milih sing ngawur, wong kabeh padha tukang nipu.",2
"Pemerintah iki budeg, rakyat nangis dipeksa senyum.",2
"Korupsi gede-gedean, negara bakal cures.",2
"Wong politik mung ngomong doang, janji palsu.",2
"Pemerintah kaya ta ora nduwe otak, ora iso ngrampungke masalah.",2
"Wah, klambi anyarku kok ra tau bali, mbok ya dijaga nganti atos tenan wujudé.",1
"Boten sare, Pak? Swantenipun televisi saged ngantos dugi dalu.",1
Kula mboten ngertos menawi tetangga kedah dados pengawas kagiatan dalem griya.,1
"Lho, sapunika dereng dipunbalikaken? Kula sampun lali-lali wingi.",1
"Wonten tetangga ingkang remen nyuwun, nanging angel nyilihke.",1
"Mboten usah repot-repot ngurusaken rezeki kula, Bu.",1
"Kok swarane kaya ana preinan wayang kulit neng njero omah, nggih?",1
"Barang alit mboten kenging dipunpundhut kalih, Bu, mundhut sedaya.",1
"Sampeyan remen banget ngrungokake urip kula, meh kaya sinetron.",1
"Wah, sepur barang kula sampun kelangan gerbong, Bu.",1
Ibu arep tuku sayur lan iwak ing pasar.,0
Aku ketemu karo konco nek pasar wingi.,0
Bapak lagi maca koran ing ruang tamu.,0
Adhine ngunjuk teh anget sakdurunge sekolah.,0
Ibune masak sega goreng kanggo sarapan.,0
Wong-wong padha ngobrol ngenteni bis teka.,0
Dheweke nyapu plataran omah saben esuk.,0
Aku ngrungokake radio nalika nyetrika klambi.,0
"Wong kafir iki kudu diusir saka tanah Jawa, merga mung ngrusak kabudayan lan iman kita.",3
Aku bakal ngobong gréja-gréja ing kéné menawa wong-wong Kristen terus nantang karo dakwah kita.,3
"Sing keturunan Cina iku mung dadi lintah darat, nyolong kasugihan Jawa lan nyengsarake wong cilik.",3
"Ayo kita gebugi wong-wong pendatang saka seberang kéné, supaya awake dhewe sing nduweni tanah iki.",3
Kabeh wong Islam sing ora setya karo pemimpin iki dianggep murtad lan patut ditumpes.,3
"Wong-wong njaba pulo Jawa iku akeh sing goblok lan mangan anggonane wong Jawa, aja dipercaya.",3
"Aku sumpah bakal matèni sapa waé sing nistakan leluhur lan tradhisi kita, sanajan kudu perang dhéwé.",3
"Kelompok iku kaya tikus, nyebar penyakit lan mrejahi persatuan, kudu dibasmi nganti oyod-oyodé.",3
"Wong-wong sing ndhukung pancasila palsu iku antek asing, patut dikucilkan lan diusir saka masyarakat.",3
Aku arep nyiksa lan nyiksa kulawargané wong sing ngina agama iki nganti jerit tangise nggawe bungah atiku.,3
"Wong Sunda mah bisane mung nyadong sangu, ora gelem kerja keras.",2
"Akeh wong Batak sing kasar lan goblog, mung ngerti rame-rame wae.",2
"Wong Madura kui tukang celak, sithik-sithik gelut.",2
"Aja cedhak karo wong Papua, tukang mabok lan preman kabeh.",2
"Wong Maluku kui panas barane, gampang dadi provokator.",2
Wong Lampung kui primitif lan tukang ngerampok.,2
"Akeh wong Bali sing pura-pura suci, nanging lakune jahat.",2
"Wong NTT kui mung tukang ngemis, mlebu kene mung nggoleki duwit.",2
"Wong Betawi asline pribumi, saiki digusur karo wong pendatang akeh.",2
"Wong-wong nang kana korupsi terus, ra ragu-ragu nilep dana!",2
"Pemerintah iki edan, kebijakane mung ngrusak urip wong cilik.",2
"Dasar antek asing, mung ngopeni kepentingan korporat, nggak mikirke rakyat!",2
"Mimpin kok goblok, ra jelas arahane, mung ngawur wae!",2
"Wong korup kui kok dipilih maneh, akeh wong bodho neng negara iki!",2
"Janji-janjine mung pepesan kosong, mung ngapusi rakyat!",2
"Ora usah milih, podo wae, kabeh tukang tipu!",2
"Pemerintah iki mbeberes urusan dewe, rakyat sengsara diuripi!",2
"Duit rakyat dikorupsi, proyek fiktif, dasar bajingan kabeh!",2
"Kulo mboten purun nyuwun barangipun, mboten kepanggih kados dereng kesah.",1
"Sampeyan kerep ndelok neng jendela, koyo penjaga mercusuar.",1
"Boten usah repot-repot ngurusi urusan kulo, sampun kedah dados kepala desa.",1
"Wes dino-dino kok swarane kaya lagi latihan karawitan, nanging nek ditakoni malah mbatin.",1
"Barange kulo entuk pindah alamat neng griyane sampeyan, pak.",1
"Sampeyan kepenak tenan, nek arep ngombe kopi sakdurunge nyuwun gelas kulo.",1
"Kok rasane urip iki kaya sinetron, sampeyan sing nulis skenario kabeh.",1
"Nek arep nanggap wayang, mboten usah nggawa panggung neng ngarep griya kulo.",1
"Boten saged istirahat, swantenipun sampeyan langkung seru tinimbang radhio.",1
Bapak lagi maca koran ning ruang tamu.,0
Adhine nggawa tas belanjaan saka pasar.,0
Wong-wong pada ngobrol ning warung kopi.,0
Kancaku menehi kabar babagan acara minggu ngarep.,0
Ibu masak sega goreng kanggo nedha awan.,0
Aku nyapu lantai omah saben esuk.,0
Dheweke numpak sepedha menyang toko.,0
"Wong kafir kabeh kudu diusir saka tanah Jawa, ora gelem urip bebarengan karo wong Islam sing resik.",3
"Kabeh wong pendatang saka pulo liya kudu mateni awake dhewe, merga wis njajah tanah leluhur kita.",3
"Aku arep nggebugi wong-wong sing beda agama nganti mati, supaya negara iki dadi siji keyakinan.",3
"Wong etnis Cina iku tikus-tikus perusak ekonomi, kudu dibasmi kaya hama.",3
"Kabeh anggota organisasi iku antek asing, patenana sadurunge mangan anak bangsa.",3
"Wong-wong sing ndhukung pemimpin liyane iku penghianat, kudu digantung ing alun-alun.",3
"Aku bakal bakar gréja lan pura-pura, merga iku sarang pemurtadan.",3
"Wong Jawa asli kudu merangi wong Madura nganti tekan oyot-oyote, aja nganti ana sing urip.",3
"Kabeh wong sing nganggo cadar iku teroris, kudu ditangkep lan dipateni wae.",3
"Generasi muda kudu nyerang markas kelompok liya, rampas hak uripe, merga iku musuh bebuyutan.",3
"Wong Madura kasepen lan tukang gelut, mending adoh-adoh.",2
"Wong Jawa iku licik banget, karo wong ngomong manis nanging nusuk mburi.",2
"Wong Kalimantan kono primitif, urip karo alas terus.",2
Wong Papua bodho lan mung cocok kerja kasar.,2
"Akeh wong Lampung tukang ngamuk lan emosian, kaya kurang ajar.",2
Wong Bali mung ngurusi agama dewe lan ngremehke liyane.,2
Wong Maluku keras kepala lan gampang dihasut.,2
Wong Betawi males lan mung ngarepin bagi-bagi proyek.,2
"Wong-wong nang kono podo maling, korupsine wes gak ketulungan.",2
"Pemerintah iki edan, kebijakane nggawé rakyat sengsara.",2
"Cangkem mung manis nanging tumindake reged, mung ngibing karo wong sugih.",2
"Ora usah milih sing ngawur, wae podo bae, maling kabeh!",2
"Kebijakane mung nguntungke deweke dhewe lan koncone, rakyat dipepet.",2
"Wong sing dadi pemimpin iku otake mung segede kacang, gak mikirke wong cilik.",2
"Pemerintah iki gak nggenah, kerjane mung nambah utang negara.",2
"Wes terang-tekoning maling, nanging kok isih diajeni, goblok tenan!",2
"Kabeh partai iku podo waé, mung papan ngumpulke wong lacur lan tukang nipu.",2
"Wah, klambine mbak Yati kok saestu nyandingi klambiku sing ilang minggu kepungkur, pancen pas banget warnane.",1
"Boten sare, nginggih? Kula mirengake suara televisi sampeyan saking kamar kula, dereng dipun mateni.",1
"Kula nuwun sewu, menapa nyaman dados tetangga menawi saben dinten kedah ngrungokake crita gesang kula saking pekarangan?",1
"Wes dadi ahli sejarah ya, mergo kabeh barang sing dipun silih mesthi ora bali lan dadi kenangan.",1
"Kok isa ngerti urusan dalem kula luwih jelas tinimbang kula dewe, pancen kepingin weruh sumber informasine.",1
"Mugi-mugi gesangipun tansah sugih kaget, kados barang-barangipun kula ingkang pinjem mboten wangsul-wangsul.",1
"Sampeyan kados kurir paket, nanging paketipun namung gosip ingkang dipun aturaken saking omah ngantos omah.",1
"Wes dadi penjaga waktu sing apik, saben jam 5 esuk langsung ngelingake karo suara bor.",1
"Kula nuwun pirsa, menapa wonten kursus ngrungokake obrolan tetangga saking tembok, kok pinter banget nyimak?",1
"Barange dewe ilang, ning critane wong liya malah nemu dalan gampang mlebu nganti neng omahku.",1
Aku ketemu karo konco neng dalan.,0
Bapak arep nyapu pekarangan omah.,0
Dheweke lagi maca koran ing teras.,0
Wong-wong padha mlaku-mlaku neng taman.,0
Adhine nggawa buku menyang sekolah.,0
Kancaku lagi nunggu bis ing halte.,0
Ibu masak sega goreng ing pawon.,0
Aku krungu manuk berkicau ing wit.,0
Dheweke numpak sepeda menyang warung.,0
"Kabeh wong pendatang saka pulo liya kudu balik, nek ora arep ditumpes karo wong pribumi.",3
"Golongan iku kaya tai, kudu dikumbah nganggo getih supaya resik.",3
"Aku arep nyulik lan nyiksa bocah-bocane wong saka suku iku, supaya padha njerit.",3
"Wong-wong sing beda keyakinan karo aku iku setan, kudu diobong urip-urip.",3
"Saben wong saka etnis iku tukang nipu, kudu digebugi nganti mati.",3
Aku bakal nggawa balung pungkasan kanggo sedulur-sedulurku sing dikianati dening kelompok iku.,3
"Mbesuk nek aku duwe kakuwasan, kabeh keturunan iku bakal dadi budak lan dicekel.",3
"Kabeh wong sing ndukung ideologi liya iku pengkhianat bangsa, patut dipateni.",3
"Aku sumpah bakal ngrusak omah lan tetanduran wong-wong saka golongan iku, supaya padha keluwen.",3
"Wong Madura iku kethèk digawe wong, mung ngerti dagang sate tok.",2
"Aja cedhak-cedhak karo wong Papua, galak lan primitif.",2
"Wong Kalimantan iku kampungan, uripé nèng alas terus.",2
Wong Maluku iku keras kepala lan gampang dadi panas.,2
"Suku Jawa iku licik lan tukang jilat, mung ngurusi awake dhéwé.",2
Wong Bali iku mung ngerti nyembah berhala lan ngibulin turis.,2
"Aja percaya karo wong Minang, pelit lan tukang nipu.",2
"Wong NTT iku mbeling lan males kerja, mung nunggu bantuan pemerintah.",2
Kebijakane mung nguntungke wong sugih baé.,2
"Partai politik kuwi kabeh padha jancuk, padha doyan kolusi.",2
"Sing menang pemilu wae penipu, janjine mung jare wae.",2
"Pejabat iku asu, rakus lan ora tau puas.",2
"Pemerintah iku budheg, rakyat nangis ora krungu.",2
"Korupsi gede-gedean, negara bakal cepet ambruk.",2
Wong sing nduwé kuasa mung tukang nggolèki dhuwit dhéwé.,2
"Wah, klambi anyarku kok ilang, mbok ya sing nyilih aja kelingan yen iku barang titipan Gusti.",1
"Bapak-bapak niku remen banget ngrungokake swara saka njaba, kaya-kaya lagi latihan dadi dalang.",1
"Lho, jam piro iki kok swarane tape isih deres, kira-kira wong liyo wes arep turu durung ya?",1
"Wes dino iki aku nunggu gentong banyuku bali, mbok ya sing pinjem ora diklalapke kaya bocah ilang dolanan.",1
"Kok rasane uripku iki kaya sinetron, saben wayah ana crita anyar sing teka saka seberang tembok.",1
"Aku kira mung tukang pos sing pinter ngrungokake omongan wong, rupane nggonku uga ana spesialise.",1
"Wah, nek ngomong babagan urusanku, sampeyan kok luwih ngerti tinimbang aku dhewe.",1
"Mbok ya nek arep nanggap wayang, ngerti kapan wektune, aja nganti ngganggu wong liya sing arep istirahat.",1
"Barangku sing dipinjem kok rasane kaya manuk uwil, mabur ora bali-balik.",1
"Iki sepur mlebu stasiun apa sepur metu stasiun, kok swarane sabanjur teka saka omah sebelah.",1
Dheweke menehi tulung marang tangga ngangkat barang.,0
Anak-anak dolanan bal-balan ning lapangan.,0
Wonten tiyang ngantri tuku roti ning toko.,0
"Wong kafir iki kabeh kudu diusir saka tanah Jawa, merga mung ngrusak adat lan agama kita.",3
Aku bakal ngobong omahmu lan mateni kulawargamu yen kowe isih mbela kaum sing nyerang agamaku.,3
"Wong-wong saka suku iku kaya kéwan, pancen kudu dibasmi nganti oyot-oyote supaya negara iki resik.",3
"Aku sumpah, yen partai iku menang pemilu, aku arep nyiksa kabeh pendukungé nganti jerit-jerit kesakitan.",3
"Kabeh wong sing beda karo kita iku pengkhianat bangsa, patut digantung ing lapangan umum.",3
"Aku bakal nyulik lan ngremehake anak-anakmu, merga leluhurmu wis nindhes leluhurku atusan taun kepungkur.",3
"Golongan iku mung mampir ngombe, kabeh wong dijerat utang, kudu diusir bali menyang negarane dhewe.",3
"Aku duwe senjata akeh, siap nembaki kabeh wong sing nantang kedaulatan kelompok kita.",3
"Wong-wong sing nganggo agama iku kabeh munafik lan tukang sihir, kudu dipateni nganggo cara pancung.",3
"Aku bakal ngrusak panguripanmu, nganti kowe lan sedulurmu mlarat sengsara salawase, merga kowe wis ngina marang kita.",3
Wong Sunda mah bisane mung nyadong upil dewe.,2
Akeh wong Batak kasar lan tukang ngamuk.,2
Wong Madura kui tukang nyolong sapi wae.,2
"Wong Jawa iku pinter banget mikirke awake dhewe, licik.",2
"Aja pacaran karo wong Papua, kasar lan primitif.",2
"Wong Bali kui pagan, nyembah-nyembah berhala.",2
Wong Maluku kui keras lan gampang gelut.,2
"Suku anu neng pegunungan kui kafir, dudu Muslim.",2
Wong Lampung kui preman lan tukang main keroyokan.,2
Wong-wong nang kana korupsine wes mangan ndase dewe.,2
Kebijakane mung nguntungke cukong lan antek-anteke.,2
"Dasar para maling berdasi, rakyat sengsara dikongkon korupsi.",2
"Pemerintah iku bodho, rega mbarang ora tau mudun.",2
"Wakil rakyat kok mung ngemis-ngemis kursi, kerjane nggelundung.",2
"Janjine mung kopi jahe, isine mung ngapusi rakyat.",2
"Ora usah milih maneh, kabeh padha tukang tipu.",2
"Rezim iki lumpuh, mung bisa ngasorake rakyat kecil.",2
"Wah, klambi anyar ibu kok mirip kaya klambine Bu RT, pancen trendi nggih.",1
"Dino-dino kok swarane tape recorder niku mboten pernah suda, kaya lagi latihan karawitan terus.",1
"Lho, jenenge kula mboten nate mundut panci niku, nanging piyambakipun sampun paring kula.",1
"Kula mboten ngertos menawi tetangga niku gadhah usaha rental perkakas, amargi barang kula asring raib.",1
"Wonten tetangga ingkang remen banget ngrungokake urusan kulawarga tiyang sanes, kaya dadi penasehat.",1
"Wah, bapak sampun ahli babagan urusan kula, mekaten mboten perlu konsultasi nggih.",1
"Kebon kula mboten wonten woh-wohan, nanging asring kehilangan piranti kebon.",1
"Mboten ngertos menawi bapak niku gadhah jadwal nggawe bising saben dinten, kula mboten dipun paringi.",1
"Barangipun kula dipun pundhut, nanging kula mboten kepareng mundut, aneh nggih.",1
Wonten tiyang ingkang langkung prihatin kaliyan urusan tiyang sanes tinimbang urusanipun piyambak.,1
Aku ketemu karo konco ning dalan.,0
Adhine ngunjuk teh anget.,0
Wong-wong padha mlaku-mlaku ning taman.,0
Kancaku nggawa payung amarga mendhung.,0
Kula ndeleng klambi anyar ing toko.,0
Bapak ndandani kursi sing rusak.,0
"Wong kafir iki kabeh kudu diusir saka tanah Jawa, merga ngrusak tradisi leluhur.",3
"Kabeh wong saka suku kono iku maling lan perusuh, aja nganti dipercaya ing masyarakat.",3
"Yen wong kelompok iku mlebu desa, bakal tak gebugi nganti mati, aja nganti coba-coba.",3
"Kabeh pendukung partai iku goblok lan budak koruptor, kudu dibabat nganti oyod-oyode.",3
"Wong agama liya iku najis, kudu disingkirake saka kutha suku iki.",3
"Generasi muda saka golongan iku cuma sampah masyarakat, aja diajak kerjasama.",3
"Kelompok iku dudu wong Jawa asli, dadi ora nduwe hak urip neng kene.",3
"Wong-wong saka pulo sebelah iku parasit, kudu dibasmi kaya tikus.",3
"Yen kelompok iku menang pemilu, aku janji bakal tak bakar omah-omahe.",3
"Kabeh keturunan iku iblis, aja nganti kawin campur karo wong lokal, bakal ngrusak getih Jawa.",3
Wong Sunda mah bisane mung ngomong haseup jeung sorangan wae.,2
"Akeh wong Batak karo ambekan lan kasar, koyo arep gelut terus.",2
"Wong Madura iku seng nggowo celeng, mangan babi terus ndesek-nedesek nang kene.",2
"Lha wong Jawa Timur kok dikandani nggak nggenah, otake mung nggletak.",2
"Wong Kalimantan kui mesti bodho, urip nang alas melu monyet.",2
"Akeh wong Papua mabok terus, kerja ora biso.",2
"Wong Bali iku pura-pura suci, nanging sesat agamane.",2
"Ojo cedhak karo wong Makassar, tukang bacok kabeh.",2
"Wong Menado seng mangan tai manuk, mambune nyebar kemana-mana.",2
"Wong Lampung kui preman kabeh, golek urip mung ngrekok.",2
"Sing menang pemilu wae penipu, janjine bohong kabeh.",2
"Pejabat sing korup kudu dipateni, dikubur urip-urip.",2
"Partai politik iku sarang tikus, padha maling duwit negara.",2
"Pimpinane edan, nggawa bangsa iki menyang kuburan.",2
"Ora usah milih, podo wae, kabeh tukang ngapusi.",2
"Pemerintah iki goblok, rakyat sengsara dikongkon korupsi.",2
"Wah, klambine mbak Yati kok keselak karo angine, tolong dijaga ya, tak wedi kabur maneh menyang omahku.",1
"Bapake pancen pinter banget, ngerti kabeh urusan wong liya, kaya dene dadi kepala desa saking ngersane.",1
"Lho, jam pira iki kok swarane televisi isih deres? Kula nyangka badhe wonten wayangan nginggih.",1
"Sampun pitung dinten, sapune Bu RT kula pinjem, mbok menawi sampun kesel dolan neng kene.",1
"Wah, adhine pancen aktif banget, mlayu-mlayu neng dalem kaya arep latihan karate, nggih nggih?",1
"Kula mboten ngertos menawi tetangga kula gadhah usaha sewa barang, amargi barang-barangipun asring mampir neng griya kula.",1
"Bapake koyo pelatih timnas, saban sore swarane nguwawani kabeh penjuru.",1
"Mboten usah repot-repot ngladeni kula, Bu. Kula mung nyuwun pinten-pinten barang kula ingkang tasih wonten nrik.",1
"Wah, sore-sore iki kok swara debogane kaya lagi ngrekam sinetron ya? Kula keprungu critane saking kamar.",1
"Kula nyuwun pangapunten, mbok menawi kula kedah nyewa tukang pijet, amargi saben dinten keprungu swara mebel geser.",1
Dheweke nggawa payung amarga mendhung.,0
Aku ngrungokake lagu nalika nyapu kamar.,0
Dheweke nggawa tas belanjaan sing isine jajanan.,0
Anak-anak dolanan ing plataran sawise pulang sekolah.,0
"Wong kafir iki kabeh kudu diusir saka Tanah Jawa, ora gelem nyembah Gusti Allah.",3
"Akeh-akehe wong seng ngganggu agama iku, besuk bakal ditumpes kabeh dening wong-wong sing sholeh.",3
"Wong saka pulo liya iki mlebu nggawa budaya lacur, rusak anak-anakku, kudu dibalikke menyang kono.",3
"Golongan iku kabeh tukang korupsi, kaya asu ajag, kudu dipateni siji-siji.",3
"Wong-wong sing beda karo aku iku kabeh antek asing, bakal tak gebugi nganti mati.",3
"Aja cedhak karo wong saka suku iku, dheweke iku kethek gunung sing mung nggawa cilaka.",3
"Kabeh wong sing ndhukung partai iku pancen bocah setan, besuk bakal digebugi massa.",3
"Wong saka agama liya iku kudu dipeksa pindah, yen ora gelem, bakar omah-omahé.",3
"Golongan iku mung tukang nyolong hajaté wong cilik, kudu dibasmi nganti oyod-oyodé.",3
"Wong-wong sing ngaku pinter iku kabeh munafik, kudu ditumpes supaya negara resik.",3
"Aja cedhak karo wong Papua, bodho lan mabuk terus.",2
"Wong Maluku iku panas atine, cilik-cilik wis golek gelut.",2
"Sekolahane wong NTT iku mbloon, sinau ngapa ora pinter-pinter.",2
"Wong Betawi iku pinter baé nyolong lahan, uripé nèng ilegal.",2
"Aja percaya karo wong Minang, licik lan tukang nipu.",2
Wong-wong nang pemerintahan iku kabeh korup lan goblok.,2
Kebijakane pemerintah mung ngrusak urip wong cilik.,2
"Mimpin negara kok mung ngutang terus, dasar pemerintah bodho.",2
Partai politik iku sarang tikus pejabat rakus.,2
"Pemerintah iku edan, kebijakane ora mikirke rakyat.",2
"Wakil rakyat iku maling berdasi, janji-janjine mung omong kosong.",2
"Ora usah milih pemilu, wong sing menang mesthi maling uga.",2
"Pemerintah iku buta, rakyat sengsara dipeksa seneng.",2
"Kabeh pejabat iku bejat moralé, mung ngurusi kantong dhéwé.",2
"Wah, tetangga kita lagi latihan karawitan ya, swarane kenceng banget nganti tekan kene.",1
"Kula mboten purun nyuwun, nanging menawi badhe nyambut damel, kula gadhah linggis ingkang sampun dangu katutup.",1
"Lho, klambi adik kok neng ngendi kae? Pancen model saiki podo karo tiang sebelah.",1
"Wes sore kok isih ana swara kaya lagi nggeser lemari, mbok jare nek arep pindahan.",1
Kula kepareng nyuwun buku kula ingkang dipun ginakaken kemawon? Mboten nate dipun wangsuli.,1
"Aduh, bocah-bocah saiki pinter banget nyambut gawe, dolanan balon terus pecah neng ngarepe omah wong.",1
Kok rasane aku tau ndeleng vas bunga kuwi neng teras sebelah ya? Mungkin mata saya yang kabur.,1
"Wah, ibu-ibu saiki kaya dadi kepala desa, urusan tetangga kok digawa-gawa.",1
"Televisi anyar sampeyan kualitasnya saestu, swaranipun saget dirungokna ngantos dalem griya kula.",1
"Mboten usah repot-repot ngurusi oyod wit tetangga, wit sampeyan ugi mboten kenging dipun tedhak.",1
Adhine nglakoni tugas sekolah.,0
Wong-wong padha obrolan ning warung.,0
Dheweke masak sega goreng kanggo nedha awan.,0
Keluarga mangan bebarengan ning meja makan.,0
Aku nyapu lantai kamar turu.,0
"Wong Cina iki tikus-tikus rakus sing nyolong kasugihan negara, kudu dibabat nganti oyod-oyode.",3
"Akeh-akeh wong Muhammadiyah iki sok suci, padha digebugi wae nganti pecutan atine.",3
"Wong NU iki kafir, nyembah kuburan, kabeh bakal digiring menyang neraka.",3
"Kabeh wong pendatang saka pulo liya kudu mateni awake dhewe, Jawa iki mung kanggo wong Jawa asli.",3
"Aku sumpah bakal nyiksa kabeh lelaki sing nganggo celana cingkrang, iku tandane teroris.",3
"Wong LGBT iku penyakit, kudu dibedhil ing panggung umum supaya pada kapok.",3
Gusti bakal ngrusak desa iki amarga wong-wonge akeh sing murtad lan ninggal sholat.,3
"Wong partai iku mung tukang korupsi, kabeh pengurusé kudu dipateni karo keluargané.",3
Akeh wong Batak kasar lan gampang dadi tukang ribut.,2
"Wong Madura kok dikon gawe warung, mesthi mung nilep utang wae.",2
"Lha wong Papua kui pinter mung ngarit suket, ngapusi ojo dijaluk.",2
"Wong Kalimantan kui kabeh logatnya aneh, koyok kodok kecemplung banyu.",2
Akeh wong Lampung kui tukang sirik lan seneng gawe susah liyan.,2
"Wong Malang kui atine atos, pancen keturunan arek-arek sing galak.",2
"Sek kabeh wong Bali bisane mung nari, gawe patung, urip mung ngandelin turis.",2
"Wong Menado sisan, mung pinter nyanyi lan mabok, gawe rusuh tenan.",2
Wong Aceh kui kabeh keras kepala lan kumat-kumat pengen perang terus.,2
"Wong-wong nang kana korupsi gedhe, ra ragu-ragu nilep dana!",2
"Sing dadi pejabat mung mikir awake dhewe, ra mikirke kesusahan kita.",2
"Kabeh partai iku podo wae, maling kabeh!",2
"Kebijakan pemerintah iku bodho, mung gawe larang kabeh barang.",2
"Wong sing nyalon iku janji mung omong kosong, mbohongi kabeh.",2
Negara iki ambruk merga korupsi sing wes dadi budaya.,2
"Pemerintah iku bego, ra ngerti kahanan nyata rakyat.",2
"Mimpin kok ngawur, ra duwe ati lan pikiran sing bersih.",2
"Wah, klambi anyarku kok ra ono ning gantungan, pancen akeh tikus ning omah iki.",1
"Boten sare, Pak? Kula mirengake suara ingkang sae saking griya panjenengan.",1
"Lho, sepedane masih dipun-ginakaken? Kula rumiyin gadhah sepeda warni meh sami.",1
"Wes dadi alarm alamiah, jam lima esuk langsung melek mergo ada suara bedhil.",1
"Kula kedah nyuwun pirsa, kados pundi ngatasi bocah ingkang remen nyuwun dolanan nanging mboten kepanggih malih?",1
"Waduh, beritane kenceng banget, sampeyan pancen pinter nggatekke urusane wong liya.",1
"Televisine niku swaranipu sae, kula saking kamar pribadi saged mirsani jalan critanipun.",1
"Barange dicolong? Mboten, Pak. Mboten wonten maling, mugi-mugi namung keselip ning tetangga.",1
"Kok aku rumangsa uripku dadi sinetron, terus ana sing saben dina ngrewangi ngarah-ngarah.",1
"Mboten usah nyuwun tumbas, kula gadhah barang ingkang sami. Nanging mboten kepanggih pundi simpenanipun.",1
Dheweke lagi nggawa belanjaan menyang omah.,0
Bapak lagi maca koran ing teras.,0
Adhine nyapu lantai kamar.,0
Kancaku ngunjungi omahku sore iki.,0
Wong-wong padha obrolan ing warung kopi.,0
Aku arep masak sega goreng kanggo nedha bengi.,0
Ibu lagi masak sayur bayem.,0
"Wong kafir iki kabeh kudu diusir saka Tanah Jawa, merga mung gawe rusuh wae.",3
Aku arep ngobong masjid-masjidmu nganti ompong yen kowe terus nantang karo wong lokal.,3
"Wong saka pulo liya aja ngaku-ngaku dadi pemimpin neng kene, awakmu mung tamu sing kudu manut.",3
"Kabeh keturunan Cina iki tukang monopoli, kudu digebugi nganti minggat saka Indonesia.",3
Aku sumpah arep mateni kabeh wong sing beda agama karo aku yen konflik iki terus-terusan.,3
"Wong pendatang iki kaya asu, maling rejekine wong asli, kudu dibabat sekabehane.",3
"Aku bakal ngganyang kabeh kelompokmu nganti ora ono sisa, merga kowe penghianat bangsa.",3
"Gereja-gereja iki sumber maksiat, kudu dibongkar lan diusir pastur-pasture sing misionaris.",3
"Kabeh wong sing nganggo cadar iku teroris, aja dikasihani, patenae wae kabeh.",3
Aku bakal nyiksa kabeh leluhurmu nganti tekan kuburan yen kowe ora ngilang saka kene.,3
"Wong Sunda mah bisane mung nyadori, ora gelem kerja keras kaya wong Jawa.",2
"Akeh wong Batak sing kasar lan tukang ribut, ora ngerti tata krama.",2
"Wong Madura kasebar nang endi-endi, ngerusak tentreming daerah liyane.",2
"Aja percaya karo wong Kalimantan, kebangeten urip nang alas.",2
"Wong Papua kok diwenehi otonomi, pancen durung bisa mimpin dhewe.",2
"Wong Maluku iku keras kepalane, mung cocok dadi preman.",2
"Suku liya nang Indonesia Timur mung bisa nyanyi lan nari, urip mung numpang nang NKRI.",2
"Wong Bali bisane mung ngibadah, ngurusi pariwisata, urusan negara ora ngerti.",2
"Akeh wong Lampung sing tukang ngakal, dagang kok nipu.",2
"Wong NTT mung bisa dadi TKI, kerja kasar nang luar negeri.",2
Politik iku mung dagangane wong sugih kanggo ngrusak negoro.,2
Wong-wong ngentekake dhuwit rakyat mung kanggo seneng-seneng dewe.,2
Pemerintah iki mung wayang sing didalangi koruptor.,2
"Kebijakane mung nguntungke cukong, nggak mikirke wong cilik.",2
"Wong sing njajah negoro saiki dudu londo, nanging pejabat sing maling.",2
Partai-partai iku kumpulan lanang edan sing rebutan porsi.,2
Mimpin negoro mung dianggo golek kekayaan turunan.,2
"Rakyat sengsara, nanging wong ngedi mligi urip mewah.",2
Pemimpin saiki luwih bejat tinimbang jaman penjajahan.,2
Kabeh janjine mung goroh kanggo nggawe rakyat percaya.,2
"Wah, klambi anyar kok isa ilang merga angin, ya? Mesti angine saka arah omah sebelah.",1
"Bapake arep turu, nanging swarane konser musik katon luwih rame tinimbang pasar.",1
"Lho, jenenge mung dipinjam, kok rasane dikokop nganti tekan akhire dadi duwek'e dewe.",1
"Wonten ingkang gadhah griya, namung swantenipun ingkang asring rawuh dhateng griya kula.",1
"Wes dadi ahli waris barang-barangku, ya? Aku mung nyekel sertifikate wae.",1
"Kok aku rumangsa uripku dadi sinetron, ya? Sebab sakdurunge aku ngerti critane, tetanggan wis ngerti kabeh.",1
"Mboten ngertos menawi wonten pameran alat dapur, kula aturi mampir, awit barang-barang kula saestunipun sampun dipunpajang mriki.",1
"Wah, sepur mabur kae swarane luwih alus tinimbang dolanan motor bengi-bengi.",1
"Kula nuwun sewu, menawi bade nanggap wayang, kula aturi wonten panggungipun, mboten wonten ing plataran griya kula.",1
"Aku iki pancen seneng banget karo tetangga sing peduli. Nanging, urusanku karo bojo iki mboten kalebet paket urip bareng-bareng.",1
Wong-wong pada obrolan neng warung kopi.,0
Aku arep masak sega goreng kanggo nedha awan.,0
Dheweke numpak sepedha menyang toko kelontong.,0
Ibu lagi nggodhok banyu kanggo teh.,0
"Wong kafir iki kudu disingkirake saka tanah Jawa, mergo awake ngrusak tradisi leluhur.",3
"Kabeh wong saka suku kuwi pancen tukang nyolong, kudu diusir saka kutha iki.",3
"Aja cedhak karo wong agama kono, awakmu bakal terkutuk lan diguna-guna.",3
"Wong pendatang iki mlebu njajah maneh, kudu kita gebugi nganti padha balik menyang ngendi asale.",3
"Golongan politik kuwi iku antek asing, kabeh pengkhianat bangsa sing pantes ditumpes.",3
"Wong-wong sing ndhukung partai iku kabeh bego lan budak korupsi, uripe kudu disiksa.",3
"Kabeh anggota organisasi iku preman, mateni wae sak-karepmu ora bakal ana hukumane.",3
"Wong saka pulo seberang kuwi perusak persatuan, sedulur-sedulur aja wedi kanggo nyiksa dheweke.",3
"Golongan iku sampah masyarakat, kudu dibakar omah lan kulawargane supaya njera.",3
"Kabeh sing beda karo kita iku musuh, siyap-siyap perang total lan bunuh wae kabeh.",3
"Aja pacaran karo wong Papua, isine mung tukang berantem lan mabuk.",2
"Wong Kalimantan iku terbelakang, uripé nèng alas terus bodho.",2
"Suku Aneh kok diangkat-angkat, padahal primitif banget uripé.",2
"Wong Maluku iku panasaran, cilik-cilik wis diajari bawa parang.",2
"Ora usah diajak rembugan wong Jawa, pinteré mung nggorèng batin.",2
Akeh masalah iki merga wong Sumatra sing serakah lan doyan nyolong.,2
"Wong-wong nang kana korupsi terus, rakyat nandhang kesusahan.",2
"Pemerintah iki gemblung, ora mikirke kahanan wong cilik.",2
"Kebijakane mung nguntungke wong sugih, awak dewe diporseli.",2
"Korupsi wis dadi budaya, akeh wong gedhe sing maling ndholar.",2
"Pemerintah iku buta lan budheg, ora ngrungokke swarane rakyat.",2
"Akeh politikus sing pura-pura suci, nanging sejatine reged atine.",2
Kebijakan pemerintah mung nggawe rakyat sengsara lan mlarat.,2
"Wong sing nguwasani iki akeh sing bejat, mangan dhuwit proyek rakyat.",2
"Wah, tetangga kita seneng banget karo musik, nggak lali diputer wengi-wengi, mugo-mugo iso rekaman langsung dijual.",1
"Kula mboten purun nyuwun, nanging menawi badhe nyambut damel, kathok cendhak kula saged dipun-ginakaken?",1
"Kok rasane urip iki kaya sinetron, sedina-dina ana crita anyar sing dirungokake tanpa dijaluk.",1
"Wes dino iki mlaku-mlaku neng ngarep, pancen sehat, nanging kunci sepedahe kon durung balik?",1
"Mboten nate bosen ndelok tetangga sing sregep matur, kula mboten purun matur, mung kenging klalen dhateng griya.",1
"Wah, sepur barang kula sampun dipun-ginakaken, nanging mboten wonten kabar kapan badhe kondur.",1
"Kok rasane urip iki kaya radio, swarane teka saka kabeh arah, nanging ora bisa diganti saluran.",1
"Kula mboten gadhah televisi, nanging tansah mirsani sinetron urip saking jendela.",1
"Menyang pasar kok mlaku, kendaraan kula dipun-pundhut nopo mboten, kula mboten purun nyuwun.",1
"Wah, kanca anyarku iki pinter banget, uripku kabeh wis diatur kaya lagu, nanging aku dudu penyanyine.",1
Anak-anak mangan jajan pasar.,0
"Wong kafir iki kudu diusir saka tanah Jawa, merga mung ngrusak tradisi leluhur.",3
"Aku bakal nggebugi kabeh wong sing ndhukung partai iku nganti pejah, awakmu aja nganti klebu.",3
"Golongan iku kaya tikus, kudu dibasmi nganti oyod-oyode supaya negara resik.",3
"Wong saka pulo liya aja dipercaya, dheweke mung arep njajah maneh ekonomi kene.",3
"Kabeh anggota organisasi iku pengkhianat bangsa, patut dihukum mati ing alun-alun.",3
"Aku arep numpes kabeh panggonan ibadahmu, supaya agama sing bener bisa menang.",3
Wong-wong sing beda suku karo aku iku kurang ajar lan kudu dipepes dadi bubur.,3
"Saben wong sing ngikuti aliran sesat kasebut kudu ditangkep lan digantung, tanpa pangadilan.",3
"Kowe kabeh sing ngelawan bakal mati cilaka, geni neraka nunggu ing akhirat.",3
"Golongan iku mung sampah masyarakat, kudu dibuang menyang laut ambek keluargane.",3
"Akeh wong Batak kan sok keras atine, karo kulawargane dhewe malah gelut.",2
"Wong Madura iku kasar lan tukang bacok, sapa wae wedi yen ketemu.",2
"Wong Papua kok goblok, mung cocok kanggo dadi pembantu.",2
"Wong Kalimantan iku terbelakang, uripé isih ing alas.",2
Akeh wong Maluku iku temperamental lan gampang dadi panas.,2
"Wong Bali iku pura-pura suci, nanging ngibadahé mung kanggo pariwisata.",2
"Wong Menado sisan, mung pinter nyanyi lan pesta, kerjaan serius ora bisa.",2
"Wong Lampung iku preman, masyarakaté akeh sing tukang palak.",2
"Wong Aceh sok nganggo syariat, nanging atine isih keras lan kolot.",2
"Cuma ngomong doang, janjine ra tau ditepati.",2
"Dasar para maling berdasi, negara dibobol wong dhewe.",2
"Pemerintah iku budheg, ra ngrungokke swarane rakyat.",2
"Akeh janji nanging mbohongi, rakyat tansah ditipu.",2
"Korupsi gede-gedean, negara bakal rusak.",2
Wong sing nduwé kuasa mung sibuk ngumbar syahwat kekuasaan.,2
"Wah, tetangga kita lagi latihan karawitan ya, suaranya merdu banget sampek ke dalem rumah.",1
"Kula mboten saget turu, kadosipun wonten latihan gamelan dalu-dalu niki.",1
"Lho, setahun kepungkur aku pinjami panci, kok isih dadi koleksi ning omahmu?",1
"Kula badhe masak, nanging kranjang kukusipun sampun dangu mboten wangsul.",1
Wes dadi ahli waris kabeh barang-barangku koyone.,1
"Kula mboten purun nyuwun tumbas anyar, menawi pinten-pinten sampun dados barang umum.",1
"Wah, ibu iki lebih pinter ngerjain urusanku tinimbang aku dhewe.",1
"Kula mboten gadhah hak hidup pribadi, kadosipun tetangga sedaya dados pengawas kula.",1
"Kok swara televisimu luwih rame tinimbang bioskop iki, to?",1
"Mboten usah rawuh dalem-dalem, sak durunge mlebet kula sampun uninga kabar kula saking ibu.",1
Adhek nggambar ing buku gambar.,0
Kula ndelok televisi sawise mangan sore.,0
Dheweke nyapu lantai kamar turu.,0
Kancaku ngunjungi omah aku wingi sore.,0
Simbah masak sega goreng kanggo sarapan.,0
Kula ngrungokake musik nalika nyetrika klambi.,0
Wong-wong padha dodolan aneka jajanan ing pasar.,0
"Wong kafir iki kudu diusir saka tanah Jawa, merga ngrusak tradisi leluhur.",3
"Akeh wong saka pulo liya sing nggawa penyakit lan nyulik jabatan, kudu dibalikke menyang asale.",3
"Golongan iku kabeh tukang ngapusi, besuk bakal diklakoni ben ora mlebu politik maneh.",3
"Wong sing beda keyakinan karo kulo, yen ora tobat, bakal krasa akibat sing pedhes.",3
"Kabeh wong saka suku iku penjahat turunan, kudu dipeksa minggat saka kene.",3
"Aja cedhak karo kelompok iku, awaké iku kabeh pembawa sial lan bakal ngrusak urip sampeyan.",3
"Wong-wong sing ngaku pahlawan iku sebeneré penghianat bangsa, kudu dibabat nganti oyod-oyodé.",3
"Lamun kelompok iki menang pemilu, Jawa bakal dadi neraka lan kabeh wong bener bakal ditindhes.",3
"Kabeh masalah iki gara-gara golongan iku, mula kudu dibasmi kaya tikus ing sawah.",3
"Wong sing ndhukung ideologi liya iku kudu ditumpes, supaya tanah Jawa resik kabeh.",3
"Aja pacaran karo wong Kalimantan, tukang madat lan mabuk-mabukan.",2
"Wong Papua iku bodho, mung cocok dadi kuli.",2
"Suku A*eh tukang tipu lan radikal, ati-ati karo dheweke.",2
Wong Jawa iku licik lan tukang nindhes wong cilik.,2
"Aja percaya karo wong Bali, bisane mung ngibul lan nipu turis.",2
Wong Maluku iku keras kepala lan gampang gelut.,2
"Suku Timor iku mung pinter nyolong, aja diajak urusan.",2
Pemerintah iki bodho lan ora ngrungokke swarane wong cilik.,2
"Kebijakane mung nguntungke wong sugih, awake dhewe mlarat.",2
"Dasar para maling berdasi, negara dibobol kabeh.",2
"Janji-janjine mung pepesan kosong, rakyat ditipu maneh.",2
"Pemerintah iku bejat, korupsi gede-gedean ora ditindak.",2
"Kebijakan e salah, uripe rakyat dadi lara.",2
"Wong sing dadi pemimpin mung ngurusi kepentingane dewe, rakyat dikongkon mati.",2
"Wah, tetangga kita seneng banget karo musik, nggak tau kapan wektune turu.",1
"Kula mboten purun nyuwun barangipun, mboten kepanggih kados dene kula gadhah.",1
"Lho, kok critane kulo dadi critane sampeyan sedaya?",1
"Wes dadi radio, nggak perlu antena, swarane langsung mlebu kamar.",1
"Barang sing dipunpundhut kados ta kesedot bumi, mboten naté katingal malih.",1
"Sampeyan niku prihatin banget karo urusanku, mugi-mugi Gusti paring pahala.",1
"Boten usah nyewa tukang bangunan, sakmburi omah sampun wonten papan latihan drum.",1
Kulo mboten ngertos menawi griya kula dados museum barang tetangga.,1
"Kok swasanaku dadi swasanamu ya, pancen saiki rame banget.",1
"Mboten usah dipunpundhut, kulo aturi nyuwun, nanging mugi-mugi dipunéngaké.",1
Dheweke lagi nggawa belanjaan saka pasar.,0
Adhine nggawe teh kanggo tamu.,0
Aku krungu obrolan wong loro ing warung.,0
Ibu arep masak sega goreng kanggo nedha awan.,0
Aku weruh pakdhe lunga menyang kebon.,0
Anak-anak lagi dolanan ing plataran.,0
"Aku bakal nggebugi kabeh wong sing ndhukung partai iku nganti babak belur, awake dhewe ngaku pancen pinter.",3
"Kabeh pendatang saka pulo liya kudu diusir, merga dheweke iku maling rejekine wong Jawa asli.",3
"Wong-wong sing beda karo awake iku kaya sampah, kudu dibakar urip-urip.",3
"Aku sumpah arep mateni sapa wae sing ngremehake agamaku, ora peduli sapa kuwi.",3
"Golongan iku kabeh iku asu, bakal tak tumpes kabeh nganti oyod-oyode.",3
"Wong sing nganggo basa liya ing kene iku penghianat, kudu dihukum pati.",3
"Aku bakal ngrusak omah ibadahmu nganti rata karo lemah, merga kowe wong lacur.",3
"Kabeh wong sing ndhukung kandidat iku pancen goblok, pantes dikucilkan lan dikeroyok.",3
"Saben wong saka suku iku tukang ngakal, mending dikumpulke lan digebugi bareng-bareng.",3
Wong Jawa iku licik lan tukang nyolong proyek.,2
"Wong Bali mung pinter nggombal turis, uripé mung ngandel pariwisata.",2
"Aja percaya karo wong Menado, tukang ngutang lan ora bayar.",2
"Wong Lampung kasar lan preman, kuthané ora aman.",2
"Dasar pejabat lacur, kabeh klebu penipu.",2
"Ora ono bener-bener nang ngisor iki, kabeh ngapusi rakyat.",2
"Rezim iki bejat, mung ngisep getih wong miskin.",2
Pungli lan korupsi wes kaya pakurmatan nang negri iki.,2
"Kabeh partai padha wae, asline maling berdasi.",2
"Pemerintah iku buta lan budheg, rakyat nandang sangsara.",2
"Wah, tetangga kita pancen kreatif, nggawe musik drum jam setengah wolu bengi.",1
"Barang sing dipun ginakaken kok rasane keselak ning ati, mbok menawi dipun wangsulaken.",1
"Sampeyan kerep mirengake obrolan wong liya, kayane pengin dadi hakim lingkungan.",1
"Wes sore kok isih ana tetabuhan, kaya ning panggung hiburan bae.",1
"Kula nuwun pirantosipun, nanging menawi sampun dipun ginakaken mugi-mugi saged dipun rawuhi.",1
"Kok swarane kaya lagi latihan band, nanging lagune ora tau rampung.",1
"Nek ngomong urusan rumah tangga liyan, sampeyan kaya ahli strategi perang.",1
"Televisimu sing apik, nek dipinjem kok suwe banget baline, kaya dadi barang koleksi.",1
"Wah, sampeyan kaya satpam ronda, selalu ngerti kegiatan wong liya.",1
"Mboten sare, mboten tilem, nggih mirengake tetangga main musik gratis.",1
Wong-wong padha mlaku-mlaku ning dalan sawise sore.,0
Kancaku nggawa tas isi buku-buku pelajaran.,0
Kula ndherek ibu numpak bis menyang pasar.,0
Anak-anak padha dolanan bola ning lapangan.,0
Dheweke nunggu bis ngadeg ning halte.,0
"Aku bakal nggebugi kabeh wong sing ndhukung partai iku nganti mati, awake dhewe meh mlebu neraka.",3
"Kabeh pendatang saka pulo liya kudu dibalikke, nek ora arep tak bakar omah-omahmu.",3
"Wong-wong sing beda agamane karo aku iku sampah, luwih becik dipateni wae.",3
"Aku sumpah bakal ngrusak kabeh tempat ibadahmu, merga kowe wis nistain leluhurku.",3
"Kabeh turunan Cina iku maling kasugihan negara, kudu dipeksa lunga saka Indonesia.",3
"Wong partai kuwi kabeh iblis, kudu dibasmi nganti oyot-oyote, tak siksa sedulur-sedulurmu.",3
"Golongan iku kaya tikus, nek ora diklakoni arep ngrusak nagara, siap-siap kena getih.",3
"Aku bakal nggantung kabeh sing mbela hak LGBT, awake dhewe iku penyakit masyarakat.",3
"Wong suku iku kera gunung, ora pantes nyengkuyung neng pemerintahan, bakal tak pundhuti kabeh.",3
"Wong Papua iku bodho, mung cocog dadi kuli.",2
"Suku Jawa iku licik lan tukang nipu, aja percaya.",2
"Wong Bali iku pagan, nyembah berhala, agamaé ora bener.",2
Wong Maluku iku keras lan gampang dadi preman.,2
"Aja cedhak karo wong Betawi, tukang ngomong kasar lan kampungan.",2
"Wong NTT iku miskin lan kere, mung nunggu bantuan terus.",2
"Wong-wong nang kono podo maling, korupsine wis dadi budaya.",2
"Kebijakane mung nguntungke kroni, rakyat cilik tansah ditipu.",2
"Pemerintah iki goblok, ora mikirke awake dhewe.",2
"Sing dadi pejabat mung ngumbar janji palsu, mbohongi kabeh.",2
"Korupsi gede-gedean, nanging rakyat sing disalahke.",2
"Ora ono bener-bener ngerasakke kahanan wong cilik, mung ngomong doang.",2
"Wong sing mimpin kui bejat, moralne wis ilang kabeh.",2
"Kebijakane asal ngetokke, gawe susah wong akeh.",2
"Pemerintah iki lumpuh, ora bisa ngrampungke masalah negara.",2
"Wah, tetangga kok sibuk banget ya, swarane koyo pasar Klewer neng njero omah.",1
"Barange sing dipinjem kok rasane dadi melu ilang, mbok kiro aku ora keri.",1
Lha sampeyan kok lebih pinter ngatur urusanku tinimbang urusan dapur sampeyan dewe.,1
"Wes sore kok isih ana sing nggawe karokean, koyo arep audisi nyanyi.",1
"Alat kebonku sing dipinjem minggu kepungkur, saiki wis dadi barang koleksi ta?",1
"Kok rasane urusanku dadi bahan rembugan sore-sore neng teras ya, Bu?",1
"Suara bor sampeyan kapan mari, Pak? Aku kiro arep ngebor sumur nganti tekan banyu.",1
"Mboten sare, Pak? Aku mboten ngertos menawi sampeyan gadhah proyek bangunan tengah wengi.",1
"Wah, nek ngomong babagan aku, detailnya kok lebih lengkap tinimbang data KTP.",1
"Barangku sing ilang, mbok ya dikoili, aja malah dadi bandha simpenan.",1
Aku krungu kabar saka konco wingi.,0
Ibu arep masak sega goreng sore iki.,0
Aku ndelok adhine main ing plataran.,0
Bapak lagi ngetokke wit ing kebon.,0
"Wong kafir kabeh kudu diusir saka tanah Jawa, ora gelem urip bebarengan karo wong Islam sing suci.",3
"Kabeh wong Kristen iki misionaris penjajah, besuk bakal kita gebugi nganti ora bisa ngibadah maneh.",3
"Wong pendatang saka pulo liya aja ngremehke wong asli, awakmu iku mung numpang urip nang kene.",3
"Golongan iku kabeh antek asing, sabenere mung nunggu wektu arep ngancurke budaya lan agama kita.",3
"Aja cedhak-cedhak karo wong saka suku kuwi, dheweke iku tukang gawe rusuh lan tukang nyolong.",3
"Wong-wong sing beda keyakinan karo pemimpin iku pengkhianat, kudu ditumpes nganti oyod-oyode.",3
"Kabeh anggota organisasi iku calon teroris, kudu diawasi lan dikucilake saka masyarakat.",3
"Lamun wong saka etnis kuwi mlebu kampung, bakal kita goro kanthi cara tradisional, aja nganti coba-coba.",3
"Generasi mudha aja ngikuti pola pikir kelompok liya, mergo dheweke iku perusak moral bangsa Jawa.",3
"Wong sing ndukung ideologi liya iku mbebayani, kudu dicekel lan dipeksa lunga saka daerah iki.",3
"Aja cedhak karo wong Papua, pikirane primitif lan mung ngerti mabuk.",2
"Wong Maluku iku panas barane, cilik-cilik dikit langsung baku hantam.",2
"Wong Bali iku mung ngerti nyembah berhala, agamaé wis kéliru.",2
"Suku Aneh iki mung ngerusak jakarta, padha balik menyang désané wae.",2
"Wong Jawa iku penjajah, ngremehke suku liya lan tukang nipu.",2
"Aja percaya karo wong Menado, mung bisa omong doang, kerjaané nggak becus.",2
"Wong-wong nang kono korupsi terus, ra ragu-ragu nilep dana!",2
"Pemerintah iki edan, kebijakane nggak mikirin wong cilik!",2
"Mimpin kok ngawur, mbok ya mikir sek kon!",2
"Dasar pejabat lacur, mung ngurusi kantong dewe!",2
"Kebijakane mung ngenteni sogokan, reged tenan!",2
"Rakyat sengsara, nanging wong nang atas urip foya-foya, bajingan!",2
"Ora usah milih-milih, kabeh politikus iku tukang tipu!",2
"Pemerintah iki bodho, ora bisa ngatasi masalah negara!",2
"Mundur wae kowe, mimpin kok mblengeri rakyat dewe!",2
"Wah, klambi anyar ibu kok mirip kaya punyaku sing ilang minggu kepungkur, pancen model saiki podo-podo tho.",1
"Dino-dino iki kok swarane tape esuk-esuk nganti sore, koyo lagi latihan karawitan neng ngarep.",1
"Lho, televisi niku sampun dipunbalikaken dereng? Kula mboten ngertos menawi tiyang sak mriki gadhah adat nyimpen barang pinjaman.",1
"Kebonku saiki isih seger, merga banyune akeh sing teka soko pompa sebelah, nanging ora dingerteni.",1
"Wong sibuk tenan, nganti kula pribadi kedah ngrungokake crita putrane sing juara lomba neng sekolah, sanajan mboten dipunaturaken.",1
"Mboten nate bosen kayane nyambut gawe tukang bangunan, saking kerepe ndandani tembok omah.",1
"Kula mboten purun nyuwun gula, menawi kados dene kersane ibu, mboten wonten ingkang bali.",1
"Wes sore kok dolanane bocah-bocah swarane kaya ana pasar kliwon, neng ngarepe omahku.",1
"Kok aku rumangsa kaya lagi di audit ya, saben tuku barang anyar pasti ditakoni regane endi lan paise.",1
"Mboten usah repot-repot ngurusi kula, mugi-mugi urusane piyambakipun sampun tuntas kabeh.",1
Adhine ngunjuk teh anget sakderenge sekolah.,0
Dheweke mlaku-mlaku neng dalan sawise mangan sore.,0
Wong-wong padha antri rego tiket neng loket.,0
Dheweke ngrungokake radio nalika nyapu lantai.,0
Anak-anak dolanan bal-balan nang lapangan.,0
Kabeh wong sing beda aliran karo aku iku sesat lan kudu dibasmi nganti oyot-oyote.,3
"Aja cedhak karo wong saka suku iku, dheweke iku tukang gawe rusuh lan maling.",3
"Wong-wong saka pulo liya iku mung ngerampas pakaryan wong asli kene, kudu digebugi.",3
"Kelompok iku kaya tikus, ngrusak negara, kudu dibabat mati kabeh.",3
"Wong sing ndhukung partai liya iku pengkhianat bangsa, patut dihukum pati.",3
Aku sumpah bakal nggeser kabeh leluhurmu saka bumi iki nganggo getih.,3
Kabeh wong sing ngaku pancasila tapi ngelawan aku iku munafik lan kudu ditumpes.,3
Generasi mudha saka kelompok iku kudu dicekel lan dipeksa kerja rodi nganti mati.,3
"Wong agama liya iku najis, omahe kudu dibakar lan diceburke menyang segara.",3
"Wong Sunda mah bisane mung nyadori, ora gelem kerja keras.",2
"Akeh wong Batak sing kasar lan emosional, koyo kebo digiring.",2
"Wong Madura kok ngaku pemberani, ternyata tukang carok wae.",2
"Wong Kalimantan kui konone arek alas, budayane primitive.",2
"Aja percoyo karo wong Padang, bisane mung nipu lan ngutang.",2
Wong Papua kui males lan mung nunggu bantuan pemerintah.,2
"Wong Bali bisane mung ngibul ngenin turis, urip sengsara ning umah.",2
"Suku Jawa iku licik lan jahat, bisane mung nggayuh kakuwasaan.",2
Wong Maluku kui keras kepala lan gampang gelut koyo preman.,2
"Wong Betawi asline tukang ngamen, ora duwe prestasi ning urip.",2
"Wong-wong ngentas iki mung ngutak-atik duwit rakyat, korupsine wae sibuk.",2
"Pemerintah iku bodho lan gemblung, rakyat nandang mlarat.",2
"Sing dadi pejabat mung tukang mangan duwit proyek, goblok!",2
"Kebijakane mung nguntungke cukong, rakyat cilik dicekik.",2
"Partai politik iku sarang tikus, padha maling duwit rakyat.",2
"Wong sing nyoblos kowe kuwi bakal ditipu maneh, oyod saka korupsi.",2
"Pemerintah iku lunyu, janjine kabeh palsu kanggo nggelundungi koruptor.",2
"Akeh menteri iku tukang colong, negoro dibobol wong dhewe.",2
"Rezim iki busuk, mung ngasah lambene nanging rakyat dikenyang janji kosong.",2
"Wah, klambi anyarku kok ra tau bali, mbok ya dijaga kaya barang dhewe.",1
"Koyo swarane radio, nganti tekan kene, mesthi lagune apik tenan.",1
"Lha, kula mboten nate nyuwun tandur, nanging tomat kula kok nangkring ning kebon sebelah.",1
"Wes sore kok isih ana swara kaya lagi nata kursi, ra tau bosen.",1
"Kula kepengin ngrungokake manuk esuk, nanging swara bor nggeluti kuping.",1
Barange tak pingeni kok malah dadi koleksi ning omah liya.,1
"Wah, urusanku kok diurusi kabeh, kaya dalan wes dadi milik pribadi.",1
"Srengenge mboten saged dipun tutupi, urusan tangga teparo mboten saged dipun sembunyi.",1
"Aku mung ngarepake balunge, kok malah kabeh daginge sing digawa.",1
"Wes dadi ahli kabeh, nganti kran banyu urip matiku diukur.",1
Adhine lagi maca buku cerita nang kamar.,0
Wong-wong padha dodolan aneka jajanan pasar.,0
Dheweke nggawa kranjang isi woh-wohan saka pasar.,0
Simbah lunggok ndelok televisi nang ruang tamu.,0
Aku masak sega lan sayur kanggo nedha bengi.,0
Keluarga mangan bebarengan ing meja makan.,0
"Wong kafir iki kudu diusir saka tanah Jawa, merga ngrusak kabudayan asli.",3
"Kabeh wong saka suku iku mung tukang nyolong lan perusuh, kudu ditumpes nganti oyod.",3
"Yen golongan iku menang pemilu, aku janji arep bakar omah-omahe siji-siji.",3
"Wong-wong sing beda agamane karo aku iku najis, aja nganti diijini urip neng kene.",3
"Kabeh keturunan iki pancen penghianat bangsa, kudu dibabat supaya ora nggrogoti negara.",3
Aku arep nyiksa kabeh anggota kelompok iku nganti jeritane mbledug sak desa.,3
"Golongan iku kaya tikus, nyebar penyakit. Kudu diracuni sakabehe.",3
"Wong saka pulo sebelah iku maling lan perampok, sing teka kene kudu dicekel lan digebugi.",3
"Yen kumpul karo kelompok kuwi, kowe bakal dakpateni karo kabeh keluargane.",3
"Mereka iku sampah masyarakat, kudu dikumpulke lan dibuang menyang laut.",3
"Wong Sunda mah bisane mung ngomong halah, gaweane ngabedake urang.",2
"Aku ora gelem diomongke karo wong Batak, kasar lan tukang ngamuk.",2
Wong Madura iku kabeh tukang carok lan tukang ribut.,2
"Apa ngono wae wong Papua, mesti mabok tuak lan males kerja.",2
"Wong Kalimantan kui kampungan, urip neng alas terus ora ngerti perkembangan jaman.",2
"Aku wedi tuku dagangan wong Minang, pelit lan suka nipu.",2
Wong Maluku kabeh galak-galak lan gampang bawa parang.,2
"Ora usah diajak kerjasama wong Bali, bisane mung nyolong lahan turis.",2
Wong Jawa iku penjajah seneng nindas suku liya neng Indonesia.,2
"Wong NTT kui mung cocok dadi pembantu, pinter masak lan bersih-bersih wae.",2
Wong-wong ngentekake dana desa mung kanggo dolan lan korupsi.,2
Pemerintah iki mung wayang sing didalangi para koruptor.,2
"Akeh janji palsu, ning rakyat tansah ditipu karo wong-wong ndhuwur.",2
Sing menang pemilu mung wong sing duwe duwit lan gawe janji kosong.,2
Wakil rakyat iku maling berdasi sing golek kesempatan nggayuh kekuasaan.,2
"Negara iki arep dadi apik? Mokal, merga pemimpine akeh sing busuk.",2
"Ora usah milih, merga siji-sijine padha ngapusi rakyat cilik.",2
"Reformasi iku omong kosong, korupsi makin tambah parah lan terang-terangan.",2
"Wah, klambi anyarku kok ra ono ning gantungan, pancen saged ilang kaya dene barang-barang sing tak lewati nang kono.",1
"Boten sare, Pak? Swaranipun musik mboten wonten wangsulipun, kados barang-barang ingkang dipunpundhut.",1
"Kula mboten ngertos menawi wonten tetangga ingkang gadhah usaha rental barang, amargi barang kula ingkang dipunpundhut mboten kenging dipunwangsulaken.",1
"Wes sore kok rame kaya pasar, nanging mboten wonten dagangan ingkang saged dipuntumbas.",1
"Kula kepengin sinau gamelan, Pak. Nanging mboten gadhah piranti. Mboten kados tiyang ingkang saged nyuwun piranti tetangganipun tanpa wangsul.",1
"Lho, kok kowe ngerti aku arep pindah omah? Pancen hebat, kaya dene malaikat pelindung sing tansah ngawasi.",1
"Wah, adhine isih nangis, Mbak? Mboten napa-napa, mboten kaget menawi swantenipun boten saged ngalahaken swanten televisi ndhuwur.",1
"Kula mboten ngertos menawi bapak kepengin dados wasit, amargi tansah mlebet ing pertandingan urip kula.",1
"Barangku sing ilang kaya dene lagu favorit, mboten wonten wangsulipun nanging kerap kelawan swantenipun.",1
"Pinten-pinten wekdal kula kedah nunggu supados saged nyuwun barang kula dhateng panjenengan, Pak? Kula mboten gadhah jadwal panggihan.",1
Bapak lagi maca koran nang teras omah.,0
Adhine ngunjuk teh anget pas isuk-isuk.,0
Dheweke mlaku-mlaku neng pasar tradisional.,0
Aku ngrungokake dongeng saka simbah sore iki.,0
Aku nyapu plataran omah saben dina.,0
Bapak numpak sepeda menyang warung.,0
"Wong saka pulo seberang iki mlebu nggawa budaya asing, bakal ngrusak tatanan masyarakat Jawa sing wis adiluhung.",3
"Kelompok iku kaya tikus ngerubungi jagung, kudu dibasmi nganti oyot-oyote supaya negara resik.",3
"Aja percaya karo wong golongan iku, dheweke iku penipu lan bakal nggawa musibah kanggo kabeh wong Jawa.",3
"Wong-wong sing beda keyakinan karo kita iku ancaman, kudu ditindak kanthi tegas, sanajan kudu nganggo kekerasan.",3
"Kabeh wong saka suku iku tukang ngrebut panggonan kerja, kudu diusir balik menyang asale.",3
"Yen golongan iku menang pemilu, aku janji arep ngobong omah-omahé lan ngusir dheweke saka kene.",3
"Wong-wong sing ndhukung partai iku pancen bejat, kudu dicekel lan dikunjara, aja dikasihani.",3
"Kabeh masalah iki gara-gara golongan sing seneng ngganggu iki, wis wektune kita bales dendam.",3
"Aku arep nyiksa lan matèni sapa waé sing ndhukung ideologi iku, supaya Jawa dadi bersih manèh.",3
"Wong Sunda mah bisane mung nyadori, ora gelem kerja keras kaya wong Jowo.",2
"Akeh wong Batak kasar lan tukang gelut, ngomonge asal seru.",2
"Wong Madura kasep ra nganggo miter, tukang celak lan golek pangan dewe.",2
"Wong Kalimantan kono isih primitif, urip neng alas, ora ngerti perkembangan jaman.",2
"Wong Papua bodho lan mbeling, mung cocok dadi babu utawa tukang angkat.",2
"Akeh wong Lampung tukang nipu, dagangane akeh sing curang.",2
"Wong Bali mung ngurusi upacara, sugih duwe duit saka turis doang.",2
"Wong Maluku keras lan gampang bengok, karo wong liya mesthi konflik.",2
"Wong NTT mung pinter ngomong janji, kerjane mbiyen ora ana.",2
"Wong Betawi asline tukang ngamen, ora duwe pendidikan sing tinggi.",2
"Wong-wong niku korup kabeh, mung ngurusi wetenge dhewe.",2
"Pemerintah iki mung tukang nglokro, janji mung ngapusi.",2
"Sing menang pemilu wae maling, rakyat tansah dikongkon.",2
"Kebijakane mung ngrusak, rakyat cilik sing nandhang.",2
"Wakil rakyat iku wakil setan, ora nggawa berkah mung cilaka.",2
"Pemerintah iku bodho lan busuk, korupsi diijini.",2
"Ora ono bener-bener ngladeni, mung pura-pura ngayomi.",2
"Pemimpin saiki mung bonekane asing, budak kapitalis.",2
"Reformasi iku ilusi, maling maling tansah jaya.",2
"Wah, klambi anyar ibu kok pinjem terus, saiki wis dadi koleksi ning omahé wong liya.",1
"Bapaké dolanan band neng garasi, nek arep rekaman langsung teko neng kene wae.",1
"Kok swara televisié nganti neng kene kleru, kaya nonton neng ruang keluarga dewe.",1
"Iki sapu kirain ilang, ternyata lagi dolan neng taman tetangga.",1
"Wes sore kok isih ana tukang kayu neng dalan, kayane lagi mbangun istana.",1
"Nek arep ngerti urusan rumah tangga wong liya, mbok langsung takon wae, Pak.",1
"Kendurane wong sebelah nganti neng kene ambune, kaya undangan khusus.",1
"Iki panci masak bubur, nek wis dipinjem karo wong sebelah, dadi bubur kertas.",1
"Kok critane wong liya luwih seru tinimbang sinetron, neng terasé dadi studio.",1
"Mlaku-mlaku neng dalan kok kaya liwat ruang tamu tetangga, sampéyan dikenali kabeh.",1
Adhek nggawe tugas sekolah ning meja.,0
Wong-wong padha mlaku-mlaku ning pasar.,0
Dheweke lagi ngobrol babagan cuaca.,0
Kula ndeleng akeh wong ing warung.,0
Ibu masak sega goreng ning dapur.,0
Anak-anak dolanan ning plataran.,0
"Wong kafir iki kabeh kudu diusir saka tanah Jawa, merga mung ngrusak kabudayan lan iman kita.",3
"Aja cedhak karo wong golongan kuwi, awakmu bakal diguna-guna lan di rampok bandhane.",3
"Wong-wong sing beda karo kita iku kaya sampah, kudu dikumpulake banjur dibakar.",3
"Aku sumpah, yen golongan iku mlebu desa, bakal tak tumpes kabeh nganti ora ana siji-sing urip.",3
"Kabeh pengkhianat bangsa iki kudu dicekel lan dipateni, aja nganti mbalik maneh.",3
"Wong agama liya iku mung ngarep-ngarepake negri iki dadi milike dewe, aja nganti dikasihani.",3
Golongan iku kabeh bocah lanang wadone kudu ditanduri supaya oyote mati.,3
"Aku arep ngamuk, yen wong-wong saka kulon iku menehi saran maneh, bakal tak gebugi mati.",3
"Kabeh sing ora setuju karo kita iku asu, patenine wae ora bakal ana sing nuntut.",3
"Wong Madura kan tukang celak, ati-ati le mlaku nang kono.",2
"Lha wong Jawa Timur kok sok nganggo baju koyok ndeso, ora ngerti gaya.",2
"Wong Kalimantan kui mesti keminteran, dikandhani wong liya kok ngeyel.",2
Akeh kejahatan nang kutha iku merga wong Lampung sing galak-galak.,2
"Ora usah diajak rembugan wong Papua, wes pokoke maune gelut wae.",2
"Wong Bali bisane mung nyolong duit turis, pinter banget nipu.",2
"Seng takon karo wong Betawi, tukang ngeles lan ora jujur.",2
"Wong NTT kui mung bisa dadi babu, sinau nang kene nang ngisor kula.",2
Wong-wong ngentas iku mung tukang mangan duwit rakyat.,2
"Pemerintah iki goblok, kebijakane mung nanduk kabeh wong cilik.",2
"Sing dadi pejabat mung ngutak-atik anggaran, korupsi terus.",2
"Janji-janjine mung ngapusi, rakyat didekek.",2
"Partai politik iku sarang tikus, padha mblenduk duwit negara.",2
"Pemimpin saiki cuma wayang, sing ndalangi mung cukong-cukong rakus.",2
"Kebijakan pemerintah iki edan, rakyat mlarat didhelikake.",2
"Wong sing nyoblos kowe saiki, dheweke lagi seneng-senenge numpak mobil mewah.",2
Negara iki ambruk merga pejabat-pejabat sing rakus kaya demit.,2
"Wah, tetangga kita kok lagi latihan karawitan ya, sore-sore begini swarane sumbang banget.",1
"Kulo mboten purun nyuwun, nanging pintu kito kok rasane keprungu wingi-wingi nggih?",1
"Lho, klambi ibu kok mirip karo sing tak pinjemke mbak Yani nggih? Pasti salah produksi pabrik.",1
"Bapak kulo kedah nyuwun ngapunten, kulo rumangin radio kulo mboten wonten swaranipun, ternyata swaranipun saking ngriki.",1
"Wah, sepatu mas kok isih nempel nang teras kito? Kiro-kiro wis lali karo sing duwe.",1
"Kulo mboten ngertos menawi tetangga kulo sampun gadhah usaha rental perkakas, amargi barang kulo asring mboten kondur.",1
"Iki bocah kok lagune podo karo sing tak senggak-senggokno wingi, pancen pinter niru.",1
"Mboten nopo-nopo, kulo seneng-seneng wae ngrungokke critane ibu-ibu, koyo sinetron langsung nggih.",1
"Wah, kulo kedah matur nuwun sanget, amargi kulo mboten perlu koran, crita donya saiki wis teka langsung neng omah.",1
"Kulo mboten purun nyuwun, nanging kunci kulo kok keselip neng gembol celana pakdhe ya? Aja nganti ketinggalan.",1
Wong-wong padha dolanan ing lapangan.,0
Kancaku nyapu plataran omah saben esuk.,0
Kula ndelok toko klambi anyar ing pasar.,0
Simbah nyritakake crita jaman biyen.,0
Anak-anak padha sinau nggambar ing sanggar.,0
"Wong kafir iki kudu disingkirake saka tanah Jawa, mergo dheweke ngrusak kesucian tanah leluhur kita.",3
"Kabeh pendatang saka pulo liya kudu dipateni, mergo dheweke mung njarah rejekine wong Jawa sing wis nandur.",3
"Aku bakal ngobong gréja-gréja ing kene, supaya wong-wong njaba agama iki wedi lan minggat.",3
"Wong etnis Cina iku tikus, mung ngupaya ngremukake ekonomi wong pribumi karo kelakuane sing rakus.",3
"Kabeh wong sing ndhukung pemerintah saiki iku antek asing, kudu dibasmi nganti oyot-oyote.",3
Aku sumpah bakal matèni sapa wae sing beda pilihan politik karo aku ing pemilu ngarep.,3
"Golongan liya iku sampah masyarakat, kudu dibuang menyang laut supaya negara iki resik.",3
"Wong sing nganggo jilbab iku teroris, kudu diusir saka kampung-kampung supaya aman.",3
"Kita bakal nyerang lan ngrusak kabeh tempat ibadah golongan iku, mergo dheweke iblis.",3
"Wong-wong saka pulo sebelah iku babi hutan, mung nggawa masalah lan kudu dipateni kabeh.",3
"Lha wong Jawa Timur kok sok nganggo baju koyok ndeso, ora gaul.",2
"Wong Kalimantan kui mesti lamban kerjane, koyok kelelep karo batu bara.",2
"Aja pacaran karo wong Papua, nanti diajak balik ke sana urus di hutan.",2
"Wong Bali iku bisane mung nggawe pariwisata, urusan serius ya ora pinter.",2
"Suku anu saka NTT kui mesti mangan jagung melulu, mikire wae suwe.",2
"Wong Betawi mah bisane ngomong doang, kerjane ngopi melulu.",2
"Aja percaya karo wong Minang, dadi pedagang iku pinter nipu.",2
"Wong-wong nang kono korupsine wes mbrangkang, ra isin!",2
"Pemerintah iki edan, gawe kebijakan sing nggrugekke wong cilik.",2
"Cangkem mung manis, nanging tumindake asu!",2
"Kabeh partai padha wae, mung ngoyak jabatan lan duwit.",2
"Kebijakane mung nguntungke cukong, rakyat ditinggal mati.",2
"Wong sing pinter mung bisa ngomong, korupsi tetep jalan.",2
"Pemerintah iki bodho, gawe aturan sing gawe pusing dewe.",2
"Milih-milih sing bener, pungkasane dikhianati maneh.",2
"Korupsi gede-gedean, negara bakal cepet ambruk karo wong kaya kowe iku.",2
"Wes sore kok isih ana sing ndandani sepeda, kaya arep mudik besuk.",1
"Lho, kunci linggisku nang endi, to? Wis suwi tak tunggu.",1
"Kebonku dadi kurang rapi, merga tetanggane suka nglilani tamune.",1
"Wes wengi, suara televisimu isih kerasa kaya nang ruang tamuku.",1
"Aku nggoleki ember biru kuwi, mbok ya kon dipun wangsuli.",1
"Wah, urusanku kok dadi bahan guneman warga, padahal durung tak critakke.",1
"Sore-sore pengin tentrem, kok malah krungu swara debat kaya nang DPR.",1
"Barangku tak enteni baline, mbok ya dielingi.",1
"Wong liya nandur, kok panenane malah dadi rebutan.",1
Dheweke lagi maca koran ing ruang tamu.,0
Adhine nggawa tas blanja saka warung.,0
Ibu masak sega lan lawuh ing pawon.,0
Aku ngrungokake radio bengi iki.,0
"Akeh-akehe wong pendatang iki mung ngerampas rejekine wong Jawa asli, kudu digebugi nganti balik menyang kampung.",3
"Wong agama iku mlebu desa, ngrusak tradisi leluhur, patut dibakar omah ibadahé.",3
"Kabeh wong saka suku iku tukang nipu lan maling, aja nganti dipercaya, luwih becik dikucilkan.",3
"Yen golongan iku menang pemilu, aku janji arep nggeruduk lan matèni sak kabehe.",3
"Wong-wong sing ndhukung partai iku kaya asu, kudu dipecat saka pekerjaan lan diapusi uripé.",3
"Aku arep nglebokake bom ning kumpulané wong golongan iku, supaya padha mati kabeh.",3
"Generasi enom saka kelompok iku kudu dicekel lan dipeksa pindah agama, ben ora neruskan kesesatan.",3
"Wong-wong saka pulo iku perusak persatuan, kudu dibuang ning laut, aja nganti ana ning Indonesia.",3
"Kabeh anggota organisasi iku pengkhianat bangsa, patut dihukum mati ning alun-alun umum.",3
Akeh wong Batak sing kasar lan tukang ngamuk.,2
Wong Madura iku kerep mblasteri warga asli kene.,2
"Wong Kalimantan iku ketinggalan jaman, urip ing alas.",2
"Akeh wong Papua iku mabok tuak terus, ora bisa diajak maju.",2
"Wong Maluku iku panas barane, gampang dadi preman.",2
Wong Lampung iku tukang nipu lan ngibul.,2
"Wong Bali iku pagan, nyembah berhala.",2
"Wong Betawi asli iku pada males, digusur wong liya ya pas.",2
Akeh wong Jawa iku pelit lan pinter nggitung atine wong liya.,2
"Politisiku iku mung tukang korupsi, rakyat ditaleni.",2
Wes jelas maling nanging kok isih dicekaki kabeh.,2
"Kebijakane mung nguntungke wong sugih, awak dewe mlarat.",2
"Wong-wong nang kono podo maling, rakyat dikongkon puas.",2
"Ora usah milih, kabeh partai iku tukang nipu.",2
"Kerjane mung janji palsu, beneran wong edan.",2
"Duit rakyat digowo mlayu, uripe mewah kabeh.",2
"Pemerintah iku bodho, gawe aturan gawe susah.",2
"Wes bubar wae, negara iki rusak amarga korupsi.",2
"Wah, klambi anyarku kok ra tau bali, mbok ya dijaga nganti luntur karo angin.",1
Bapakne nggawe pabrik sepatu nang njero omah ya? Swarane koyo mesin jahit terus.,1
"Lho, jenenge nyilih karo nggawa mulih kok beda tipis to, Bu?",1
"Dina iki adem banget, mas. Mungkin krungu obrolanku wingi karo tukang sayur.",1
"Kula mboten gadah pancing, Pak. Katingalipun sampun dados milik bapak sedaya.",1
"Wes sore kok isih ana rekaman suara tukang becak, terus-terusan neng ngarep.",1
"Tivi sampeyan gambare apik tenan, nek ditinggal murup suwara kalah karo critane simbah.",1
"Wah, kancaku sing pinter ndongeng ternyata dudu dalang, nanging tetangga neng kiwa.",1
"Mboten usah kersa tandang, Bu. Kula sampun saget ndeleng sinetron langsung saking jendela.",1
"Mbok yen arep ngrungokke lagu, kula aturi nggih, kepinginipun mboten ngantos tekan dalemipun tiyang sanes.",1
Adhine nggulung tikar sawise digunakake.,0
Aku ndeleng klambi anyar ing toko.,0
Aku ngrungokake dheweke crita pengalamanane.,0
"Kabeh wong pendatang saka pulo liya kudu balik, nek ora arep diklakoni kaya taun 98.",3
"Golongan iku kaya asu, yen wis mlebu kampung kudu dipecuti nganti metu getih.",3
"Aku sumpah, nek ketemu wong saka suku kuwi, bakal tak tuntas kulawargane.",3
"Wong-wong sing beda keyakinan karo kita iku sampah, kudu dibakar urip-urip.",3
"Mbesuk nek wis kuwasa, kabeh wong saka kelompok iku bakal tak jadikan budak.",3
"Kabeh pengkhianat bangsa iki, utamane sing saka etnis tertentu, kudu dihukum mati umum.",3
"Wong njaba iki aja percaya, mung nunggu wektu arep ngrebat tanah lan wanita-wanita kita.",3
"Kelompok iku kudu diapusi, disiksa, banjur diusir menyang laut biar tenggelam kabeh.",3
"Nek ngelawan kehendak kita, desa-desané bakal dibumihangus tanpa sisa.",3
"Akeh wong Batak kasar lan tukang ribut, karo kulawargane dhewe kok bisa perang.",2
"Wong Madura kui sengak lan tukang celak, sapa sing gelem ngrega.",2
"Wong Papua kafir lan terbelakang, mung cocok di alas ae.",2
"Wong Kalimantan kui kampungan, uripe mung di kali karo alas.",2
"Akeh wong Lampung tukang gasak lan preman, mbangun daerah dhewe kok ora bisa.",2
"Wong Bali kui musyrik, nyembah-nyembah berhala.",2
"Wong Menado sombong lan tukang ngomong, nanging kerjane mung hura-hura.",2
"Wong Aceh kkeras lan radikal, kabeh diatur agama.",2
"Wong Betawi males lan tukang ngamen, asline ora duwe prestasi.",2
"Wong-wong nang kono korupsine wes mbalelo, ra bisa dipercaya!",2
"Pemerintah iki bodho banget, gawe aturan sing nggremeni wong cilik.",2
"Cangkem mung manis, nanging tumindake asu! Janji-janjine palsu kabeh!",2
"Wes terang maling, kok isih diajeni? Dasar bangsa bodho!",2
"Kebijakane mung nguntungke wong sugih, awak dewe dipati-patini.",2
"Aku muak ndeleng rai-rai munafik nang TV, kabeh tukang tipu!",2
"Ora usah milih, siji-sijine padha bejat, koruptor kabeh!",2
"Pemerintah iki kayak kelelawar, nyenengi wengi nanging nistane njobo.",2
"Mundur wae kowe kabeh, gawe rusak negara iki!",2
"Wah, klambi anyarku kok ra ono maneh ya, mbok ya dijupuk wong sing lali kula nyuwun.",1
"Boten sare, Pak? Swantenipun televisi saged ngantos dhateng griya kula.",1
Kula mboten ngertos menawi tetangga kedah ngertos sedaya babagan kula.,1
"Wonten ingkang langkung remen nyuwun tinimbang mbalekaken, kayane.",1
"Mboten ngertos kula, napa saben dalu mesthi wonten swanten barang tiba-tiba.",1
Kok rasane barang-barang kula pindhah-pindhah dhewe neng omah tanggane.,1
"Sampeyan kula pitadosi, nanging barangipun mboten kula pitadosi badhe wangsul.",1
"Nek arep ngrungokake critane wong liya, luwih becik radio dipateni.",1
"Wah, kula mboten gadhah tetangga, namung gadhah pengawas pribadi.",1
"Dados tiyang saged ngantos dalu, nanging tembok mboten saged.",1
Adhek nggawa tas belanjaan saka pasar.,0
Wong-wong padha obrolan neng warung kopi.,0
Dheweke lagi ngenteni bis ning halte.,0
Ibu arep masak nedho awan.,0
Anak-anak dolanan neng plataran.,0
Bapak nyapu pekarangan omah.,0
Aku bakal ngobong gréja-gréja lan papan ibadahé wong liya sing ngancam agama leluhur kita.,3
"Wong-wong saka pulo liya iki maling lapangan kerja, padha balik menyang asalé wae, aja ngganggu urip wong kene.",3
"Golongan iku kabeh penghianat bangsa, kudu ditumpes nganti oyod-oyodé, aja nganti ana turuné.",3
"Aku arep nyiksa kabeh wong sing beda karo aku, merga dheweke iku sampah masyarakat sing nggawa sengsara.",3
"Wong sugih iku kabeh setan, kudu digantung ing ndeproké dalan supaya dadi conto.",3
"Kabeh wong sing ndhukung pemimpin liya iku goblok lan budak asing, kudu dibasmi karo kluwargaé.",3
"Aku sumpah bakal matèni sapa waé sing beda ras karo aku, merga dheweke iku asu.",3
"Wong-wong sing nganggo agama liya iku najis, kudu disingkiraké saka désa iki, aja nganti ngrusak kesucian.",3
"Kabeh keturunan PKI kudu dipejati, aja nganti ana sing urip, merga bakal ngrusak bangsa iki meneh.",3
"Aja pacaran karo wong Kalimantan, tukang mabuk lan madon.",2
"Wong Papua iku primitif, pancen durung nyandhak peradaban.",2
Suku Jawa iku licik lan tukang nyolong jabatan.,2
"Aja percaya karo wong Bali, mung pinter ngibuli turis.",2
"Wong Menado sisan, mung bisane nyanyi lan pesta, kerjaan ora serius.",2
"Wong Aceh iku kolot lan kaku, agama-is lam-is lam terus.",2
"Wong-wong nang kono podo maling duweke rakyat, korupsi wes dadi budaya.",2
"Pemerintah iki goblok, ora ngerti kesusahan wong cilik.",2
"Milih-milih sing akhirane mung ngecewake, kabeh janji mung omong kosong.",2
"Kebijakane mung nguntungke cukong, rakyat dicekik karo rega-regaan.",2
Wong sing dadi pemimpin iku asline mungsuh rakyat dhewe.,2
"Partai-partai iku kabeh padha bangsat, padha ngincere jabatan lan duwit.",2
"Ora usah ngarep-ngarep owahan, merga sistem iki wis busuk tekan ndasare.",2
"Kerjane mung ngapusi, ngumbar janji palsu supaya didukung.",2
"Pemerintah iki kaya kleptomaniak, doyan nyolong duwit rakyat kanthi terang-terangan.",2
"Wah, tetangga kita lagi latihan karawitan ya, swarane kaya pasar kliwon neng ngomah.",1
"Kula mboten nate nyuwun barang, nanging kathah barang kula ingkang mboten kondur.",1
"Sampeyan pancen peduli banget karo urusanku, kaya ibu kandung dewe.",1
"Lho, sepedaku kok ra ono? Mungkin ilang, utawa mungkin dipinjem wong sing lali mulihke.",1
"Boten sare, Pak? Swantenipun televisi saking ngriki kula rungok.",1
"Wah, sampeyan kaya detektif, ngerti kabar kula sedina-dina.",1
"Barangku koyo duweke dhewe, gampang ilang, angel baline.",1
"Kula ngertos, Pak. Mboten sare, nggih? Kula ugi mboten sare amriki.",1
"Sampeyan pancen pinter banget ngatur urusane wong liya, nanging omah dhewe kok kaya kapal pecah.",1
"Wes sore kok isih ana swara kaya tukang besi, mbok ya dielingi wong akeh sing arep turu.",1
Wong-wong padha lalu lalang ning pasar.,0
Dheweke ngrungokake lagu saka radio.,0
Anak-anak dolanan ning plataran omah.,0
"Wong kafir iki kudu diusir saka tanah Jawa, mergo mung ngrusak kabudayan lan iman kita.",3
"Kabeh pendatang saka liya pulo kudu balik, mergo dheweke maling rejekine wong asli kene.",3
"Golongan iku kaya tikus, kudu dibasmi nganti oyod-oyode, supaya negara iki resik.",3
"Wong-wong sing beda kpercayan karo aku iku iblis, kudu dibakar omahé lan panggonané.",3
"Aku arep nyiksa kabeh turunané wong sing nindhes leluhurku, siji-siji bakal tak patèni.",3
"Kabeh wong sing nganggo simbol iku pengkhianat bangsa, kudu dicukur gundul lan dihina ing umum.",3
"Aku bakal ngrusak kabeh papan ibadahé golongan iku, supaya dheweke ora bisa nyembah brahala.",3
"Wong-wong saka suku iku kera, ora pantes urip bebarengan karo manungsa, usir wae!",3
Kabeh anggota organisasi iku bakal tak tangkep lan tak siksa nganti loro atine mèlu pecah.,3
"Akeh wong Batak kan keras keprale, karo sedulure dhewe malah gelut.",2
"Wong Madura iku kasar lan tukang celak, sapa wae wedi yen ketemu.",2
"Lha wong Lampung kuwi kabeh tukang gasak, merga asale alas.",2
"Wong Kalimantan kui terbelakang, uripé isih neng alas, ora ngerti perkembangan jaman.",2
"Wong Papua bodho-bodho, mung pantes dadi pembantu.",2
"Akeh wong Bali alus kae mung pura-pura, neng mburine nyembah setan.",2
"Wong Menado sombong-sombong padha mangan babi, agama kok dipadha karo adat.",2
"Wong Betawi males lan tukang ngamen, uripe mung ngarep-ngarep beras miskin.",2
"Wong Aceh kaku lan radikal, kabeh diatur syariat, kaya negara dhewe.",2
"Wong-wong niku korupsi rakus, kaya ta laler nempel ing bangkai.",2
"Pemerintah iki mung ngapusi wong cilik, janji-janjine mung sepet.",2
"Akeh pejabat sing pinter nggondhol duwe rakyat, nanging goblok ngatasi kasus.",2
"Kebijakane mung nguntungke kanca-kancane dhewe, rakyat dicekik.",2
"Wakil rakyat kok mung mikir isine kanthong dhewe, akeh utange negara.",2
"Pemimpin saiki kaya wayang, didalangi dening cukong-cukong nakal.",2
"Ora usah milih maneh, kabeh padha tukang korupsi, mung ganti bajingan.",2
"Reformasi dadi bahan omongan wae, korupsi malah tambah gila-gilaan.",2
"Pemerintah iku maling berdasi, nggasak anggaran nganti garing.",2
"Wah, tetangga kita lagi latihan karawitan ya, suarane koyo pasar kliwonan neng ngarep.",1
"Boten sare Bu, kula mirengake suara televisi panjenengan saking kamar kula.",1
"Lho, sapune kok ra bali-balii, mbok ya wis dadi koleksi nang kono.",1
"Kula nuwun sewu, menawi griya kula badhe renovasi, pintunipun sami karo panjenengan, dereng kepareng bali.",1
"Wes sore kok isih ana swara kethok-kethok, koyo lagi nglereske dalan desa.",1
"Panjenenganipun kula aturi, kula sampun gadhah kompor anyar, nanging kompor kula ingkang lawas dereng kondur.",1
"Wah, aku kira tukang kredit lagi main nang omahku, ternyata bapakku dhewe sing teko.",1
"Kula mboten purun ngintervensi, nanging persawahan panjenengan niku kula rasakaken saking pekarangan kula.",1
"Sapune wis dadi kenangan, Bu. Kula mboten purun nyuwun malih, mugi-mugi saged ngopeni kalianan kula ingkang sampun lawas.",1
"Wah, ibu iki koyo dadi kepala desa saking teras, ngerti kabeh urusan wong liya.",1
Adhine nglangi saben sore.,0
Wong-wong padha ngobrol neng warung kopi.,0
Aku nyapu lan ngepel saben dina.,0
Dheweke numpak sepedha menyang kantor.,0
Ibu arep adol kain ing kios.,0
Aku bakal ngobong gréja-gréjamu nganti dadi awu merga kowe wong Kristen mung nggawa petaka.,3
"Wong pendatang saka pulo liya iki perusak budaya, kudu dibalèkaké menyang asalé kanthi paksa.",3
Aku arep nyiksa kabeh wong sing ndhukung partai iku nganti jeritane mbledug sak désa.,3
"Kabeh wong sing beda karo aku iku sampah, bakal tak pateni siji-siji.",3
"Golongan liya iku kaya tikus, kudu dibasmi nganti oyot-oyoté supaya Jawa resik.",3
Aku sumpah bakal matèni kabeh keturunané wong sing nglarani bangsaku.,3
"Wong-wong sing nganggo agama aneh iku kudu ditumpes, aja nganti ana siji sing urip.",3
"Kabeh pendukungé calon iku bocah-bocah setan, bakal tak gorok guluné yen ketemu.",3
"Aku bakal ngrusak omah-omahé wong sing beda suku karo aku, supaya padha ngrasaké kasengsaran.",3
"Akeh wong Batak kasar lan keras atine, kaya preman.",2
Wong Madura kabeh tukang gelut lan tukang ngrebut tanah wong.,2
"Wong Papua keminteran ngrusak, dikasih otonomi khusus malah makin mbrangus.",2
"Wong Kalimantan ketinggalan jaman, urip mung di alas terus.",2
"Wong Bali bisane mung ngedol agama lan pariwisata, agama liya diusir.",2
Akeh wong Maluku mabok-mabokan lan bawa parang.,2
"Wong Betawi asline tukang ngamen doang, saiki ngaku-ngaku pribumi.",2
"Wong Jawa Timur kok sok nganggo, wong uripe nang kampung mlarat.",2
Wong Aceh kabeh fanatik lan sok keren karo syariat-e dewe.,2
"Politikus iku mung tukang nyolong duit rakyat, goblok!",2
"Wong-wong nang kono korupsi terus, ra ragu-ragu!",2
Apa kabare reformasi? Mung dijadokane dagangan wae!,2
"Dasar para maling berdasi, rakyat sengsara dikongkon diam!",2
"Janji-janjine mung ngapusi, mbok ya wedi karo Gusti Allah!",2
"Ora usah milih-milih, kabeh podo bae tukang tipu!",2
Kebijakan e pemerintah mung nggawe rakyat tambah susah!,2
"Pungli lan korupsi wis dadi budaya nang ngendi-endi, nistha!",2
"Wah, tetangga kuwi kaya lagi latihan karawitan ning tengah wengi, nek ora mangerteni wektu turu.",1
"Barange tak lewati, mbok ya di balekna, dudu kanggo tumbal.",1
"Kula mboten gadhah televisi, nanging critane ibu-ibu sampun kaping pinten kula pirsa.",1
"Nek arep nembang, pak, tolong volumenya dikurangi, bocah-bocah pada sinau.",1
"Wes dadi arsitek dewe, masang speaker ngadep omah wong.",1
"Pinjem sapu, baline kemoceng. Aku malah bingung iki lagi dolanan teka-teki.",1
"Wah, sepur banyu anyar kuwi swarane kaya sepur beneran, nganti tekan kamar turu.",1
"Kula mboten usik, nanging kadosipun sampun dados hakim ring prakara kulawarga tiyang sanes.",1
Wong-wong padha mlaku-mlaku neng taman sore iki.,0
Kula ndeleng televisi sawise mangan awan.,0
"Kabeh wong pendatang saka pulo liya kudu dipateni, merga wis njajah tanah lan rejekine wong asli.",3
"Aja cedhak karo wong golongan iku, dheweke iku bangsa maling lan penipu turun-temurun.",3
"Wong-wong sing beda karo awake dhewe iku kaya sampah, kudu dibakar nganti ompong.",3
"Banjur nek ono pemilihan, wong saka suku kono kabeh kudu digebugi nganti ora wani nyoblos.",3
"Golongan iku kabeh antek asing, kudu diusir lan omah-omah dibumihangus.",3
"Wong sing agamane beda iku najis, kudu disemprot nganggo banyu suci nganti resik.",3
"Aku arep ngrekrut wong kanggo nyerang kumpulan wong saka desa sebelah, merga turunane musuh.",3
"Kabeh wong sing ndukung kelompok liya iku pengkhianat bangsa, patut dipateni ing papan panggonan.",3
"Nek ketemu wong saka marga iku, rampok lan culik wae, aja dikasihani.",3
"Suku Aneh kok sok nganggo baju adat, kaya wong primitif.",2
"Aja percaya karo wong Tionghoa, tukang nipu lan serakah.",2
"Wong Bali iku pagan, nyembah-nyembah berhala.",2
"Wong Jawa iku penjajah, sok ngremehke suku liya.",2
"Rakyat sengsara, nanging wong nang atas seneng-seneng.",2
"Ora usah milih maneh, kabeh padha tukang korupsi.",2
"Kabeh partai mung ngoyak kursi, rakyat ditinggal nandhang lara.",2
"Wah, tetangga kuwi kaya lagi latihan karawitan ning tengah wengi, nek ora mangerteni wektu wong turu.",1
"Barange tak lewati kok ilang kaya diculik setan, mbok ya eling kapan pinjemé.",1
"Kepriwe kabaré, Bu? Aku rumangsa kerep diopeni urusane dhewe, nganti lali ngopeni urusanku dewe.",1
"Swara televisimu, Pak, kaya pengin digawa menyang sawah benangi burung.",1
"Wah, aku lagi golek sapu sing ilang, Bu. Mungkin kelebu karo barang-barang sing tak pinjamke nanging ora balik.",1
"Kok rasane urip iki kaya sinetron, ya? Saben dina ana crita anyar sing dadi bahan guneman.",1
"Nek arep nggawe bengkel, mbok yo nggon sing pantes, Pak. Dadi ora kaya bengkel dadakan neng omah.",1
"Aku saiki wis pinter nebak, Bu. Nek lagi sepi, pasti ana barang sing ilang.",1
"Wah, kowe kok dadi pelindung lingkungan sing tegas, ning urusane dhewe kaya kebanjiran.",1
"Mbok yo ngerti wektu, Pak. Neng tengah wengi swarane kaya lagi ngiringi adzan subuh.",1
Adhine nglaras kamar turu saben dina.,0
Paman numpak sepedha menyang pasar.,0
Ibu nyelehake belanjaan ing meja pawon.,0
"Wong kafir iki kabeh kudu diusir saka tanah Jawa, ora gelem urip bebarengan karo wong Islam sing resik.",3
"Aku bakal nggebugi sampeyan kabeh sing beda karo aku, aja nganti nyoba-nyoba nantang kene.",3
"Wong saka suku iku kaya sampah, luwih becik padha mati wae ora ngrusak negara.",3
"Kabeh wong sing ndhukung partai iku pancen goblok lan pengkhianat, kudu ditumpes nganti oyot-oyote.",3
"Aku sumpah arep mbantai kabeh leluhurmu sing beda agama karo aku, tunggu wae.",3
"Wong-wong saka pulo liya aja ngaku-aku niku wong Jawa, awakmu iku asor lan najis.",3
"Kabeh kelompok iku kudu dibumi hanguske, merga mung nggawa petaka lan kerusuhan nang kene.",3
"Aku bakal nyiksa kabeh turunanmu sing ora sejalan karo pikiranku, aja ngira aku isin.",3
"Wong saka agama iku kudu dipeksa murtad, yen ora arep tak pangan atimu.",3
"Kabeh sing ndhukung ide iku kaya tikus, kudu digebugi nganti mati lan dikubur urip-urip.",3
"Wong Madura kok dipercaya, mesti ngakali.",2
Wong Lampung kui tukang ngrebut tanah wong liya.,2
"Aja cedhak karo wong Papua, galak lan primitif.",2
"Wong Kalimantan ketinggalan jaman, urip ing hutan.",2
Wong Maluku emosian lan gampang gelut.,2
Wong Bali bisane mung ngarah-ngarah turis.,2
Wong Betawi asline tukang ngamen lan preman.,2
"Aja ngajari wong Jawa, dheweke paling pinter nggrundel.",2
Wakil rakyat kok rakus banget kaya dhemit.,2
"Ora usah milih, podo wae tukang nipu.",2
"Pemerintah iki koyo bedhes, mung bisae janji palsu.",2
"Korupsi gede-gedean, negara bakal pecek.",2
Wong sing nduwé kuasa mung ngisep getih rakyat.,2
"Pemerintah iki lumpuh, ora bisa ngrampungi masalah.",2
"Wah, klambi ibu kok mirip kaya klambine Bu RT, nggih? Tapi sing punya ibu luwih anyar.",1
"Kula mboten ngertos menawi tetangganipun gadhah usaha penyewaan perkakas, amargi barangipun tansah pinjem mboten kondur.",1
"Boten usah repot-repot ngurusi kula, Pak. Priksani kemawon dalemipun piyambak, sampun deres deres.",1
"Wes sepi, mbok. Koyo lagi latihan karawitan neng omah, swarane srawung-srawung nanging mboten karuan.",1
"Kula nuwun sewu, menawi badhe nyuwun tolong menawi gadhah barang, kula aturi supados dipun pundut, mboten dipun suwun.",1
"Wah, adhine pancen pinter banget. Durung di critakake, wis ngerti kabeh urusane wong liya.",1
"Boten nggih, kula mboten gadhah tetanggan ingkang ribut. Kula namung saged ngrungokake radio tanpa weruh sumber swantenipun.",1
"Mboten usah di balekake, Bu. Kula nganggep piyambak sampun nyumbang kanggo perabotan tetangga.",1
"Kok rasane urip iki kaya sinetron, ya? Lakon-lakone asring muncul tanpa diundang.",1
"Mboten napa-napa, Bu. Kula sampun biasa tidur mawi iringan swantening sambatan lan gelak ingkang mboten tepang wiwitan.",1
Wong-wong padha mlaku-mlaku sore ing alun-alun.,0
Dheweke nggawa payung amarga mendhung arep udan.,0
"Akeh-aeh wong pendatang, ngrusak tatanan lan nyulik rejekine wong asli, kudu dibalikke menyang asale.",3
"Golongan iku mung tukang ngrusak negara, kudu ditumpes nganti oyod-oyode.",3
"Aja cedhak karo wong sing beda agamane, awakmu bakal terkutuk lan diguna-guna.",3
"Wong saka pulo liya mung nggawa petaka, siap-siap kita gelut perang suku.",3
Kabeh wong sing ndhukung ide kafir kudu dicekel lan dihukum pati.,3
"Mbesuk yen wis kuwasa, bakal tak pogo-pogo kabeh leluhurmu sing beda karo aku.",3
"Kelompok iku kaya kewan, kudu dikandang lan aja diwenehi kebebasan.",3
"Wong sing ngaku pancasilais nanging ngapusi, bakal tak tumpes kabeh sedulur-sedulure.",3
"Saben wong sing mlebu wilayahku karo ajaran sesat, bakal tak tumpes karo pedhang.",3
"Wong Sunda mah tukang ngaret, janjine ora bisa dipercaya.",2
"Wong Batak kasar lan emosional, koyo kebo digiring.",2
Wong Madura tukang carok lan tukang ngrebut tanah wong.,2
"Wong Jawa iku licik, koyo pitik mati mangan beli.",2
"Wong Papua kok dikasih otonomi, mung bakal mbuang duwe negara wae.",2
"Wong Kalimantan ketinggalan jaman, mung bisane nambang lan nebang kayu.",2
"Wong Bali iku baureksa, agamane beda karo agama sing bener.",2
Wong Maluku tukang rusuh lan gampang dihasut.,2
"Wong Lampung kasar lan premanisme, ora cocog urip neng kutha.",2
"Wong NTT mung bisa dadi babu, mangan teking seumur-hidup.",2
"Wong-wong ngentas iki mung ngutak atik duwe rakyat, korupsine wae sithik-sithik nggondhol.",2
"Pemerintah iki koyo maling sandal, janji muluk nanging mung ngisep dhuwit rakyat.",2
"Sing dadi pejabat mung ngumbar lambe, nyatane kabeh padha busuk lan penipu.",2
"Kebijakane mung nggawe susah wong cilik, dheweke senengane munggah-munggah jabatan.",2
Aku pancen muak ndeleng wong politik iku kabeh padha jahat lan ora duwe ati.,2
Negara iki ambruk merga pemimpine akeh sing edan lan rakus kuwi.,2
"Ora usah milih-milih, kabeh partai iku padha bae, maling kabeh.",2
"Dasar pemerintah bodho, rakyat sengsara diurusi wong sing goblok.",2
"Korupsi wis dadi budaya, saka ngisor nganti ndhuwur padha doyan nyolong.",2
"Wah, tetangga kita lagi latihan karawitan ya, suarane koyo pasar kliwon neng ngarepe lawang.",1
"Kula mboten sregep ndherek obrolan, nanging kula keprungu swantenipun sampeyan nggih saestu jelas.",1
"Wonten ingkang langkung sae dipun simpen piyambak, mbok menawi dados kesupen wangsulipun.",1
"Barange ilang koyo diculik setan, eh ternyata lagi numpak neng rumah sebelah.",1
"Sampeyan kula pitadosi, nanging tetangga kula mboten saderengipun.",1
"Kula nuwun sewu, nanging urusan kula mboten badhe dados tontonan umum.",1
"Wah, sepur mboten nate mandheg neng ngarepe omah kula, nanging swantenipun sampeyan nggih.",1
"Mboten usah repot-repot ngurusi kula, sampun wonten ibu kula piyambak.",1
"Kebon kula dipun tanduri kembang, kok ngasilake gosip nggih?",1
"Barange tak jajal tak jupuk, nanging kula mboten nyuwun tetangga dados tukang pinjaman.",1
Bapak arep nyapu ning ngarep omah.,0
Dheweke lagi maca koran ning kursi.,0
Adhine nggawa tas sekolah.,0
Wong-wong padha mlaku ning trotoar.,0
Kancaku lagi nunggu bis.,0
Dheweke nulis layang ning meja.,0
Aku bakal nggebugi kabeh wong sing beda agama karo aku nganti mati.,3
"Wong saka suku iku kaya kéwan, luwih becik dipateni wae.",3
"Aku arep ngobong gréja-gréja lan pura-pura neng kutha iki, supaya mung agama kuwe sing isa menang.",3
"Kabeh pendatang saka pulo liya kudu balik, nek ora arep tak tumpes kabeh.",3
"Wong-wong sing ndhukung partai iku pancen goblok, kudu ditumpes nganti oyot-oyote.",3
Aku bakal nyiksa kabeh kulawarga mu sing beda ras karo aku.,3
"Golongan iku kabeh penghianat bangsa, patenae wae kabeh.",3
Wong sing ngaku NKRI tapi beda pikiran karo aku iku pantas dicekel lan dibunuh.,3
"Aku sumpah bakal ngrusak kabeh usaha wong saka kelompok iku, nganti melas lan mati keluwen.",3
"Wong Madura kok sregep nggowo celurit, wes pokoke tukang gelut.",2
"Wong Jawa iki pinter banget mikirke awake dhewe, licik lan jaim.",2
"Suku Dayak kasebut galak lan isih primitif, aja cedhak-cedhak.",2
"Wong Papua lambat kerjane, males lan mung nunggu bantuan.",2
"Akeh wong Melayu tukang ngumbar janji, tapi ora ana buktine.",2
"Wong Kalimantan kui bisane mung nambang, otake mung arep numpuk duwit.",2
"Suku-suku NTT kui mung cocok dadi pembantu, akeh sing kurang pikiran.",2
"Wong Lampung kok seneng banget main kasar, kudune isih ning alas.",2
Wong-wong ngentekke dhuwit rakyat mung kanggo seneng-seneng dewe.,2
Akeh janji nanging mung tipu-tipu rakyat biasa.,2
"Wong sing maling milyaran mung diem, rakyat cilik sengsara.",2
Pemerintah iku wong bodho sing nggatekke awake dhewe.,2
"Kabeh partai padha wae, mburine mung sengit lan korupsi.",2
Rakyat dicekik karo kabijakan sing nggak adil.,2
Negara iki arep dirusak dening wong-wong sing rakus kuasa.,2
"Wah, tetangga kuwi koyo lagi latihan karawitan ning tengah wengi, nek ngono yo pakai speaker sing apik tho.",1
"Barange tak lewati kok ilang kaya dientup angin, mbok ya dielingi nek wis pinjem.",1
"Sampeyan iki luwih sibuk tinimbang kepala desa, urusanku kok dirembug.",1
"Nggih, kula mboten sare, mugi-mugi pakdhé saged ngerem tape rekamané sakedhap.",1
"Wes dadi alarm gratis saben esuk, ora perlu weker maneh.",1
"Barange bali nek wis dienggo, ora perlu digawa mudik ning kono.",1
"Kok rasane uripku dadi sinetron, sampeyan sing nulis skenarione.",1
"Bisinge koyo pasar kliwon, nanging dagangane ora ketok.",1
"Mboten usah repot-repot ngurusi kula, priksa dhirinipun rumiyin.",1
"Wah, nek ngomong iku kenceng banget, koyo lagi ngumandangke pengumuman ning stasiun.",1
Bapak lagi maca koran neng ruang tamu.,0
Dheweke lagi masak sega goreng neng pawon.,0
Adhine sinau nggambar neng kamare.,0
Kancaku lagi nggarap tugas sekolah neng meja.,0
Simbah nyirami kembang neng kebon.,0
Mereka lagi ngresiki omah bebarengan.,0
"Wong kafir iki kabeh kudu diusir saka tanah Jawa, mergo awake ngrusak adat lan agama kita.",3
Aku bakal ngobong omahmu lan sedulurmu yen kowe isih nantang wong Islam kene.,3
Wong Kristen iki mlebu kene mung arep ngrebut tanah lan nyulik bocah-bocah kita.,3
"Akeh wong saka kulon kudu dibabat, mergo dheweke iku parasit sing ngrusak bangsa.",3
"Kabeh keturunan Cina iku maling kasugihan negara, padha diusir bali menyang negarane dhewe.",3
"Wong pendatang saka pulo liya iku kaya asu, ora nduwe hak urip ing tanah iki.",3
Aku sumpah arep mateni kabeh wong sing ndukung kelompok sesat kafir iku.,3
"Generasi mudha sing beda karo kita iku sampah, kudu dibersihke nganggo getih.",3
"Wong-wong sing ngaku aktivis iku pengkhianat bangsa, pati iku ukuman sing cocog.",3
Kabeh wong sing nganggo agama liya ing desa iki bakal kita siksa nganti mati.,3
"Akeh wong Batak kan keras kepalane, karo sedulure dhewe malah gelut.",2
"Wong Madura iku kerep nggawa clurit, nek ora gelem diajak rembugan.",2
Sikile wong Lampung iku abang kabeh merga dolanan kelereng terus.,2
"Wong Medan kasar-kasar, nek ngomong kaya ngamuk baé.",2
"Wong Papua iku mangan sago terus, pikirane isih primitif.",2
"Akeh wong Kalimantan iku mung ngerti alas, ora ngerti perkembangan jaman.",2
"Wong Bali iku seneng nyembah-nembah, agama liya dianggep kurang suci.",2
"Wong Maluku iku gampang baper, dikethik sithik langsung bawa parang.",2
"Wong NTT iku mung pinter ngangon kebo, uripé tansah nandang mlarat.",2
"Wong-wong niku korup kabeh, mung mikir duwit rakyat cilik.",2
"Sing dadi pejabat mung ngumbar syahwat doyan duwit, ora mikir kawulo alit.",2
"Kebijakane mung nguntungke kanca-kancane dewe, rakyat dicekik.",2
"Wong sing nyekel kuasa iku kaya maling reged, nggondol ngendi-endi.",2
Pemilu iku dolanan bocah-bocah gedhe kanggo bagi-bagi proyek.,2
"Ora ono sing resik, kabeh wis kecemplung banyu comberan korupsi.",2
"Pemerintah iku buta lan budheg, rakyat nandang sangsara dielus-elus.",2
"Wong politik iku kaya sampah, ngrusak kabeh sing dilewati.",2
"Wah, klambi anyar kok isa podo karo sing tak lebarake wingi, Bu? Mesti tukang jahite niku siji.",1
"Boten sare, Pak? Kulo mirengake suara musik nggih saestu semangate, ngantos dinten.",1
"Lho, kunci motore pancen lagi dipakai terus ya, Mas? Kula badhe nyuwun ngagem nggih namung sakedhap.",1
"Wes sore kok rame banget kaya pasar, Mbak. Koyo lagi ngrekrut warga bantu gawe hajatan.",1
"Wah, sepedane Mas Bayu niku dereng dipunbalikaken? Mboten napa-napa, mugi-mugi saged ngambah dalan dhateng pundi kemawon.",1
"Kulo nuwun sewu, nek wonten tetabuhan ingkang mboten kepanggih, mbok menawi kelebet mriki.",1
"Iki bocah kok ngerti kabeh urusane wong, Bu. Pinter banget sinau babagan rumah tangga.",1
"Wes dino iki jam pira ta, Pak? Kulo bingung, swantenipun mesin mboten saged mbedakaken siang lan dalu.",1
"Lho, panci kukuse mbok ya di baleni, Mbak. Kula mboten purun nyuwun, namung kenging ngendika.",1
"Wah, Pakdhe kok ngerti detail-detail kulo kados ngaten? Mesthi nggadhahi telinga kang sangat peka.",1
Wong-wong pada tawar-menawar regane barang.,0
Kancaku nggawa tas belanjaan sing gedhe.,0
Aku krungu obrolan wong loro ning warung.,0
Dheweke nggawa payung amarga udan rintik-rintik.,0
"Wong kafir iki kudu diusir saka tanah Jawa, merga mung ngrusak tradisi leluhur kita.",3
"Akeh wong saka kulon kaya iku sing nyebabake rusake moral lan kabudayan kita, padha ditumpes wae.",3
"Golongan iki nek mbandel kudu digebugi nganti pekik, supaya ngerti rasa lan ora wani-wani maneh.",3
"Wong-wong sing beda keyakinan karo kita iku laknat, uripe kudu digantung nganti mati.",3
"Aja nganti mrene, merga nek teko mrene, awakmu bakal dadi panganan bengi kanggo anak buahku.",3
"Kabeh wong saka suku iku penjahat turunan, kudu dibakar omahé lan diusir saka desa iki.",3
"Kowe kabeh sing ndhukung pemimpin iku bakal ditanduk setan, merga wis nyembah berhala.",3
"Nek wong golongan iku mlebu kene, siap-siap getihmu bakal mili nggrogoti lemah.",3
"Pendatang iku maling rejeki lan perusak tanah Jawa, kudu dicekel lan ditenggelamake ing kali.",3
"Wong-wong sing ngaku pancen pinter iku kabeh munafik, patenine wae kabeh merga wis nistake kita.",3
"Aku ora gelem kerjo bareng wong Batak, kasar lan sok ngatur.",2
"Wong Madura iku keras lan tukang gelut, minggir wae.",2
"Lha wong Papua kan goblok, dikasih otonomi khusus yo ra iso maju.",2
"Wong Maluku mesti emosian, gampang dadi panas.",2
Akeh wong Jawa sing pinter nggragas lan nyolong jabatan.,2
"Wong Kalimantan iku terbelakang, urip mung ngandeng kayu.",2
"Wong Sumatra kulon tukang tipu, bisane mung dagang.",2
"Aku wedi karo transmigran saka Jawa, bae-bae nguasai tanah kita.",2
Wong-wong ngentekake dhuwit rakyat mung kanggo dolan lan korupsi.,2
Pemerintah iki mung wayang sing didalangi maling berdasi.,2
Kebijakane mung nguntungke cukong lan nindhes wong cilik.,2
"Wakil rakyat kok mlaku-mlaku nggawa mobil mewah, dudu nggawa kesejahteraan.",2
"Partai politik iku sarang maling, padha rebutan proyek kanggo korupsi.",2
"Janji-janji manis pas pemilu, menang eh malah mbecikaki awake dhewe.",2
"Pemerintah iku goblok, rakyat sengsara dikibuli wacana.",2
"Wong sing nyolong pitik dipenjara, wong korupsi milyaran malah dihormati.",2
"Kabeh sistem politik iki wis busuk, kudu dibabat kabeh wae.",2
"Wah, klambi anyarku kok ra ono ning gantungan, pancen neng ngendi baé deweke tansah nemu barang sing 'kepincut'.",1
"Boten nopo-nopo, mung kula kedah ngaturaken matur nuwun awit sampun nguri-uri kabudayan Jawa, kados ta nembang dalu kanthi swanten seriosa.",1
"Lho, jenenge tetangga iku kudu bisa diajak rukun, nanging kok rasane aku sing kerep nyawang dheweke lewat jendela.",1
"Mboten sare, Pak? Kula mirengaken swantenipun televisi saking griya panjenengan saget dados pengganti weker.",1
"Barange ilang kaya biasane, ning aku yakin mung 'nyempil' ning omah sawetara wong.",1
"Kula nuwun sewu, nanging menawi badhe latihan band, mugi-mugi saderengipun dinten Minggu.",1
"Wah, sepurte dolan mrene yo? Swarane kaya lagi nglewati rel sepur ning kamarku.",1
"Kula mboten ngertos menapa kedah kula aturi kagem tetangga, amargi panjenengan langkung pinter ngatur urusan kula.",1
"Mbok menawi gadhah wekdal, kula badhe nyuwun piranti kebon kula ingkang dipunpundut nanging mboten kepanggih.",1
"Iki lho, urip iku kaya sinetron, nanging kok tetanggane sing pilih-pilih episodené uripku.",1
Aku ketemu karo konco nang dalan.,0
Dheweke lagi masak sega goreng nang pawon.,0
Adhine nyapu lantai saben esuk.,0
Aku ngrungokake critane kancaku.,0
Kula ndhelok toko klambi ing reroncen.,0
Simbah ngunjuk teh anget sore-sore.,0
Dheweke arep numpak bis menyang pasar.,0
"Wong Cina iki maling kasugihan negara, kudu dipateni kabeh ben negara iki resik.",3
Aku sumpah bakal nyiksa kabeh lelaki saka suku iku nganti jeritane mbledug sak desa.,3
"Kabeh pendatang saka pulo liya iku asu, persiapan genjatan senjata kanggo dibantai.",3
"Wong-wong sing ndhukung partai iku kaya babi, kudu dicekel lan digebug nganti mati.",3
"Golongan iku iblis turunan, ora pantes nyemplung ing banyu sing suci, aja nganti diijini urip.",3
Aku bakal nyulik anak-anakmu siji-siji merga bapakmu wong penghianat bangsa.,3
"Kabeh wong sing beda agamane karo aku iku najis, kudu disingkirake saka lingkungan iki kanthi cara apa wae.",3
"Wong suku iku mung cocok dadi budak, aja dikasihani, patenana wae kabeh.",3
"Wong Madura kan tukang celak, ati-ati nek cedak karo dheweke.",2
"Lha wong Jawa iku penjilat, ngadepi atasan lan ngadepi bawahan beda.",2
"Wong Kalimantan kono primitif, urip neng alas terus.",2
"Akeh wong Papua sing malas, mung nunggu bantuan pemerintah.",2
"Wong Bali iku bisane mung nggawe patung lan nari, urusane turis tok.",2
Wong Menado seng ngomong keras-keras kaya tukang gelut terus.,2
"Aku ora percaya karo wong Aceh, kaku lan radikal agamane.",2
"Wong Lampung kuwi preman, tukang ngrekam lan maksa.",2
Apa kabar kabeh pejabat sing mung ngutak-atik anggaran?,2
"Kebijakane mung nglaratake wong cilik, ngenteni kapan mudun?",2
"Wakil rakyat kok rakus banget, kaya durung tau mangan.",2
Negara iki arep diserahke marang wong-wong sing otake mung korupsi.,2
"Kabeh partai padha wae, janjine mung dolanan pemilu.",2
"Korupsi wis dadi penyakit sing ora bisa waras, negara bakal rusak.",2
"Wah, klambi anyarku kok ra ono ning gantungan, pancen njajal desain tetanggan sing seneng nyicil barang.",1
"Boten nopo-nopo, mawon kula kedah ngaso, dinten punika tetangga gadhah hajatan latihan band kendang nembus tembok.",1
"Lho, kowe kok ngerti masalah urusanku luwih saka aku dhewe, pancen kepengin banget dadi pemeran utama ning critaku.",1
"Wonten ingkang langkung sae, menawi nyuwun pinten-pinten gula, kula aturi wangsul dinten punika, mboten ngantos sasi.",1
"Aku arep turu sore, nanging tetangga niku nduwe proyek nata ulang dalan nganggo bor, pas jam istirahtaku.",1
"Kok rasane urip iki tambah rame, ora tau sepi, sambung-sinambung swara saka sebelah kaya nonton konser gratis.",1
Pinten kathahipun buku kula ingkang sampun manggih papan enggal ning griyanipun? Kula mboten ngertos.,1
"Wes dadi alarm alami, saben esuk jam lima persis, swara meja lan kursi digeser-geser saka ndhuwur.",1
"Kula mboten ngertos menapa kula kedah ngaturaken matur nuwun, awit kula mboten gadhah televisi, nanging tiyang sebelah gadhah.",1
"Wah, kowe pancen pinter banget ngatur urusane wong liya, koyo dadi konsultan gratis ning komplek iki.",1
Adik ngrungokake musik nang kamare.,0
Kula badhe nyapu pekarangan omah.,0
Simbah nedha bubur sarapan esuk.,0
Kancaku nggawa tas belanjaan saka pasar.,0
Aku ngunjuk teh anget sawise mangan.,0
Keluarga nonton televisi bareng sore iki.,0
"Kabeh wong pendatang saka pulo liya kudu balik, nek ora arep tak gebugi nganti mati.",3
"Golongan iku kaya tikus, nggremeti negeri, kudu dibasmi nganti oyod-oyode.",3
"Aku arep ngobong papan ibadahmu, supaya merga kowe wong lacur sing nistha.",3
"Wong-wong sing beda karo aku iku kethek, ora nduwe hak urip neng kene.",3
"Saben wong saka suku iku tukang tipu, aja nganti dipercaya, luwih becik dikucilake.",3
"Aku sumpah, yen kowe wong saka kelompok kuwi teka neng kene, arep tak tumpes kabeh.",3
"Kabeh pengkhianat bangsa iki kudu dipateni, dikubur urip-urip supaya dadi conto.",3
"Wong sing ngaku pinter iku mung bodho, kudu digebug nganti ora bisa ngomong maneh.",3
"Kelompok iku racun masyarakat, kudu dibabat, ora usah dikasihani sedhela uga.",3
"Akeh wong Batak sing kasar lan emosian, koyok kebo.",2
Wong Madura kok keras kepala lan gampang dadi tukang gebuk.,2
"Aku ora gelem kerja karo wong Papua, pikirane primitive.",2
"Wong Kalimantan kui mesti lambat kerjane, kemayu.",2
"Sikile wong Bali akeh sing kotor, mambu lemah.",2
Akeh wong Maluku tukang bikin rusuh lan onar.,2
"Wong Jawa iki licik banget, seneng nusuk mburi.",2
"Wong Lampung kuwi preman kabeh, ora usah diajak rukun.",2
"Wong Sulawesi Selatan pelit banget, ditarik dicolong.",2
Wong-wong nang kana padha maling duwit rakyat nanging sok ngajari moral.,2
"Pemerintah iki mung wayang, sing ndalangi yaiku cukong-cukong rakus.",2
"Kebijakane mung nguntungke kroni, rakyat cilik tansah ditindhes.",2
"Wong sing nyalon iku kabeh padha jancuk, janjine mung jebakan bebrayan.",2
"Korupsi wis dadi budaya, saka ndhuwur nganti ngisor padha doyan nyolong.",2
"Pemerintah iku goblok, ora mikirke awake dhewe rakyat nandhang sangsara.",2
"Milih-milih sing endi, kabeh padha bangsat lan tukang nipu.",2
"Kebijakan e ngawur, rakyat sengsara dadi tumbal kekuasaan.",2
"Wong politik iku asu, mung ngibul nanging ora ana buktine.",2
"Wah, klambi anyarku kok ilang, ya? Mungkin kebetulan pas aku lagi ora ngerti, Bu.",1
"Bapak kula mboten sare, Pak. Swantenipun televisi nembus tembok.",1
"Wes dadi kewajiban tetangga, nek urip iku kudu diuripi, Pak.",1
"Lho, sepedane masih ditinggal nang kene? Wis dadi koleksi, ta?",1
"Kulo mboten ngertos, Pak. Tiyang nembe nyuwun tumbas beras niki, nanging mboten kepanggih.",1
"Waduh, bengine sampeyan kuat tenan, Bu. Koyo lagi latihan gamelan nang njero omah.",1
"Kula mboten purun nyuwun, nanging menawi pinten-pinten toya PAM kula kirang, mugi-mugi saged dipun wangsulaken.",1
"Wong urip iku kudu ngerti wektu, Bu. Ana wektune golek rejeki, ana wektune nyepi.",1
"Barange wong kok dijaga, terus dadi enggonmu, ta?",1
"Mboten napa-napa, Pak. Kula mboten sare, mung kedah ngaso saderengipun dalu.",1
Aku ketemu karo Rina neng dalan.,0
Bapak lagi maca koran neng kursi.,0
Dheweke lagi nggodhok banyu neng dapur.,0
Kancaku lagi nggarap tugas sekolah neng kamar.,0
Kuli bangunan lagi kerja neng proyek kono.,0
Anak-anak padha dolanan neng plataran.,0
Aku bakal ngobong omahmu lan mateni kulawargamu yen kowe isih mbela kelompok iku.,3
"Wong-wong saka pulo sebelah kudu dicekel lan digebugi, awaké mung tukang nyolong rejekine wong asli kene.",3
"Kabeh pendukung partai iku kayata kéwan, patenana sadurungé dheweké matèni kita.",3
Aku sumpah arep nggilas kabeh anggota organisasi iku nganti ora ono sing isih urip.,3
"Wong agama liya ora duwe hak urip neng kene, kudu dipepes nganti ilang donya.",3
"Kabeh keturunan Cina iku maling kasugihan negara, kudu diusir bali menyang negarane dhewe.",3
"Kelompok iku iblis, kudu dibasmi nganti oyot-oyote, aja nganti ana sing lolos.",3
Aku bakal nyiksa kowe lan sedulurmu yen kowe ora minggat saka desa iki saiki.,3
"Wong suku iku kabeh goblok lan mbeling, kudu ditumpes saka bumi Indonesia.",3
"Wong Sunda mah bisane mung ngurus pare, ora pinter urusan teknologi.",2
"Aku wedi tuku saka wong Padang, bakal ditipu regane.",2
"Wong Jawa iku licik banget, karo atine alus nanging njebak.",2
"Ojo cedhak karo wong Kalimantan, tukang mabuk lan bodo.",2
"Wong Papua iku terbelakang, mung cocog kerja kasar.",2
"Wong Bali iku sombong, nganggep budayane paling luhur.",2
Wong Menado seng ngoceh kasar lan tukang ngremehke.,2
"Wong-wong niku korupsi rakus, kabeh dadi bandar.",2
"Pemerintah cuma ngomong doang, rakyat tansah dikongkon nandhang.",2
"Sing dadi pejabat mung ngurusi duite dewe, ora mikirke wong cilik.",2
"Kebijakane mung nguntungke kancane, awakmu dhewe disingkirake.",2
"Wong jujur ora bakal menang pemilu, pemilu iku dolanan duit.",2
"Kabeh partai padha wae, mung beda jeneng nanging lakune korup.",2
"Pemerintah iku goblok, gawe aturan mung gawe susah wong cilik.",2
"Korupsi wis dadi budaya, saka ndhuwur nganti ngisor padha doyan kolusi.",2
"Mundur wae kabeh, negara iki wis rusak dening wong-wong rakus kuwi.",2
"Wah, klambi anyar kok isa podo karo sing tak pinjem nggih kemaren, pancen model saiki padha kabeh.",1
"Wes sore kok swarane kaya lagi latihan karawitan, nganti kewedanan wae.",1
"Lho, jenenge barang iku yen dipinjem kok rasane dadi barang warisan.",1
"Kepriwe kabare, mbok Bilih nandur sajak pinggir tembok, aja nganti nggremet nang pekarangan liyan.",1
"Waduh, sepur bunderan kok mlaku-mlaku nang dalan, kerep banget ngliwati omahku.",1
"Barangku sing ilang kaya dadi pupus, tau ketemu nang kamar sebelah.",1
"Sampeyan pancen pinter banget ngatur urusanku, kaya dadi manajer tanpa bayaran.",1
"Wes wayah wengi, kok swara televisine isa ngalahna konser stadion.",1
"Pinjeman iku yen ora bali, mbok ya diopeni kaya anak dhewe.",1
"Kanthi swara mesin potong rambut kaya ngene, rasane omahku dadi salon gratis.",1
Dheweke lagi masak sega goreng ing pawon.,0
Wonten tiyang ngantri tuku jajan ing warung.,0
Simbah sare nang kursi ruang keluarga.,0
Kancaku lagi nulis tugas sekolah nang meja.,0
Kula mirsani televisi bengi punika.,0
"Wong kafir iki kudu diusir saka tanah Jawa, merga ngrusak tradisi leluhur kita.",3
"Akeh wong saka kulon kaya ula, nyusup mrene arep njajah maneh lan ngrusak urip kita.",3
Kabeh wong sing beda karo aku iku bajingan lan kudu dibabat nganti oyod-oyode.,3
"Wong-wong sing ngaku pancen pinter iku mung tukang nipu, besuk bakal diklakoni awake dhewe.",3
"Aja cedhak karo wong saka suku kae, awit dheweke iku tukang gawe rusuh lan penyakit.",3
"Golongan iku kaya sampah, kudu dibakar supaya negara iki resik.",3
"Wong sing ndukung pemimpin liya iku pengkhianat bangsa, patut dihukum pati.",3
"Aku sumpah, yen wong-wong saka agama liya mrene, bakal tak gebugi nganti mati.",3
"Kabeh wong sing nganggo basa liya ing kene iku musuh, kudu dicekel lan dipeksa lunga.",3
"Generasi tuwa iku sumber petaka, kudu disingkiraké kabeh supaya jagad anyar bisa digawé.",3
"Wong Sunda mah tukang ngaret, ora bisa diandelke janjine.",2
"Aku ora gelem kerjasama karo wong Batak, kasar lan sok ngasorake wong liya.",2
Wong Madura iku keras lan gampang dadi tukang gelut.,2
"Aja cedhak karo wong Papua, bodho lan mung ngerti mabuk.",2
"Wong Kalimantan kuno banget, uripé isih ing jaman biyèn.",2
"Wong Maluku iku panas barane, cilik sithik langsung ngamuk.",2
"Suku liya ora usah mlebu ing Jawa, mergo iki tanah leluhur kita dhewe.",2
"Wong Bali iku seneng ngibadah, nanging uripé mung dolanan turis.",2
"Aja percaya karo wong Melayu, licik lan tukang nipu.",2
Wong NTT iku miskin lan mung cocok dadi babu.,2
Pemerintah iki mung wayang sing didalangi para maling berdasi.,2
"Kebijakane mung nguntungke cukong, nggawe wong cilik sengsara.",2
"Wong sing mimpin saiki akeh sing otake mbludag, ora mikirke rakyat.",2
"Partai politik iku sarang tawon, isine mung madu palsu lan sengat.",2
"Korupsi wis dadi budaya, saka nganti ndhuwur padha doyan nyolong.",2
"Janji-janjine mung asap, rakyat cilik tansah dikongkon ngenteni.",2
"Pemerintah iku klebu, kabeh kebijakane mung nggawe lara ati.",2
Wong sing nduwuriku iku akeh sing gemblung lan ora duwe rasa isin.,2
"Wah, klambi anyarku kok ra ono ning gantungan, mbok ya sing pinjem baleni nggih.",1
"Suwara radione sampeyan nggih, koyo arep ngerti lagune saka kene.",1
"Lho, kok critane persis karo urusanku, pancen tetangga iku perhatian banget.",1
"Wes sore kok isih ana swara kaya tukang bangunan, rupine semangat banget nggih nyambut gawe.",1
"Televisiku sing cilik iki saiki bisu, mbok ya sing seneng ndompleng tontonan ngingeti kapan rampunge.",1
"Aku tuku sepatu anyar, kok rasane uwis lawas, pancen sapa sing seneng nyoba-nyoba ya.",1
"Kebonku kok isine koyo kebone wong liyo, tumbuhe pada pindah kene.",1
"Wes wayah wengi, swarane kaya lagi ramai-ramai nanggap wayang, nanging ning dalem.",1
"Barangku gampang ilang, koyo duwe sayap, mabur neng omahe sing laen.",1
"Wah, urusanku kok dadi katon umum, pancen pengamat sing ra tau luput.",1
Adhek nggawe teh kanggo tamu.,0
Wong-wong padha mlaku-mlaku ing taman.,0
Simbah ngrumpi karo tangga teparo.,0
Anak-anak dolanan bal ing lapangan.,0
"Wong kafir iki kudu disingkirake saka tanah Jawa, mergo awake mung ngrusak tradisi leluhur kita.",3
"Kabeh wong saka pulo seberang kudu dipateni, mergo dheweke iku parasit sing ngerampas urip kita.",3
"Aja cedhak karo wong golongan iku, dheweke iku kethek ireng sing bakal ngrusak darah murni bangsa.",3
"Wong-wong sing beda keyakinan karo kita iku sampah, kudu dibersihke nganti oyod-oyode.",3
"Aku bakal ngobong omah-omahe wong klan iku, supaya padha mundur saka kene lan ora wani bali maneh.",3
"Kabeh keturunan penjajah iku bajingan, kudu digebugi nganti pejah lan dikubur ing kuburan babi.",3
"Wong sing ndukung pimpinan saka suku liya iku pengkhianat bangsa, patenae wae kabeh.",3
"Aku sumpah bakal mateni siji-sijine wong saka kelompok iku sing nemoni aku, tanpa ampun.",3
"Generasi mudane kelompok kafir iku kudu dicekel lan dididik maneh, yen ora gelem, patenae wae.",3
"Kabeh pangkat lan kekuwatane wong golongan liya kudu direbut kanthi getih, mergo iku hak kita sing direbut.",3
Wong Sunda mah bisane mung ngomong omong kosong wae.,2
Aku ora gelem diomongke wong Batak soale kasar lan tukang ngamuk.,2
"Wong Madura iku kerep mangan sapi wong liya, aja percaya karo dheweke.",2
"Lha wong Papua kok dikon kerja, bisane mung nari-nari wae.",2
"Wong Kalimantan kui kampungan, urip neng alas terus.",2
"Akeh tindak kejahatan iki, mesthi ulah wong Flores sing rakus.",2
"Wong Maluku iku panas temperamente, gampang dadi musuhan.",2
"Sekolah iki dirusak, pancen sifat asli wong Timor sing brutal.",2
"Wong Bali iku pura-pura suci, nanging ngibadahne dewa-dewa sesat.",2
"Wong Betawi asline ora pinter, bisane cuma ngomong doang.",2
"Wong-wong nang kana korupsi terus, ra ragu-ragu nilep dana.",2
"Pemerintah iki edan, kebijakane nggak mikirin wong cilik.",2
"Dasar pejabat lacur, mung ngurusi kantonge dhewe.",2
"Kabeh partai iku podo wae, janjine mung omong kosong!",2
"Pemerintah iku bodho, ora ngerti kesusahan rakyat.",2
"Wong korupsi dikrucuk, nanging isih aja dijunjung, bego!",2
"Kebijakane mung nggone wong sugih, awak dewe dicuekke.",2
"Politisi iku asu, mung ngemis suara wektu pemilu.",2
Negara iki rusak amarga pemimpine wong rakus kabeh.,2
"Wah, klambi anyarku kok ra tau bali, mbok ya dijaga nganti suwek aku ora ngerti.",1
"Nggih, kula mboten ngertos menawi tetangga gadhah usaha warnet, amargi internet kula asring dangu tilem.",1
"Kebonku dadi subur, merga pupuke wis dicolong wong.",1
"Wes sore kok isih ana sing ndangdut, kayane lagi latihan jadi bintang.",1
"Lho, kunci pangkune wis balik ta? Aku wis lali karo wong sing pinter nggawe duplikat.",1
"Kula mboten sare, nanging mung ningali lintang-lintang ing langit.",1
"Wah, ibu iki luwih pinter ngatur urusanku tinimbang aku dhewe.",1
"Monggo dipun pundut, menawi bade nyuwun barang mboten nate kenging atur.",1
"Suarane speaker sampeyan nggawa kenangan, kaya dolanan masa kecil.",1
"Kula nuwun sewu, menawi bade nandur wit, nanging wit kula sampun dipun tandur piyambak dening tiyang sanes.",1
Dheweke nggawa tas belanjaan saka pasar.,0
Kula ndelok televisi sawise mangan.,0
Simbah lunga menyang warung tuku gula.,0
"Wong kafir iki kudu disingkirake saka tanah Jawa, mergo dheweke ngrusak kesucian bumi pertiwi.",3
"Kabeh pendatang saka pulo liya kudu dipateni, mergo dheweke mung njarah kekayaan lan ngrusak budaya asli.",3
"Aja cedhak karo wong golongan iku, dheweke iku bangsa perusuh lan bakal ngrusak turunanmu.",3
"Wong-wong sing beda keyakinan karo kita iku sampah masyarakat, kudu dibersihke nganti oyod-oyode.",3
"Aku sumpah, yen partai kuwi menang, aku bakal bakar urip-uripane wong sing ndukung mungsuh.",3
"Kabeh wong saka suku iku kaya tikus, mlebu ning omah liya lan nyolong rejekine wong asli.",3
"Wong-wong sing ngaku pejuang iku cuma preman, kudu ditumpes nganggo cara apa wae, sanajan nganggo pedhang.",3
"Generasi mudha aja nganti dikacauhi pikirane dening wong-wong sing beda ras, mergo dheweke iku bangsa pengkhianat.",3
"Yen pengen urip tentrem, usira wong-wong sing nganggo basa liya saka desa iki, siksa nganti mati!",3
"Golongan iku kabeh antek asing, wis wektune kita bales dendam lan gantung wong-wong mau ning alun-alun.",3
"Akeh wong Batak kasar lan tukang ribut, ngomong banter-banter terus.",2
"Wong Madura kok dikasih proyek, mesthi nilep duit, dasare tukang korupsi.",2
"Akeh wong Lampung mung pinter ngomong doang, kerjane males lan suka mabuk.",2
"Wong Kalimantan kui konco-koncone setan alas, budake primitif lan terbelakang.",2
"Ojo percoyo karo wong Bali, mung pinter nilep turis, asline licik lan jahat.",2
"Wong Papua goblok, mung cocok dadi kuli, sekolah dhuwur-dhuwur yo tetep bodho.",2
"Wong Menado mung sok pinter, asline tukang ngibul lan tukang minum.",2
"Akeh wong Padang pelit lan serakah, dagang e akeh tipu-tipune.",2
"Wong Betawi males lan sok gampang marai, mung pinter ngomong doang.",2
"Wong-wong niku korup kabeh, mung ngurusi kantonge dhewe.",2
Pemerintah iki bodho lan ora ngrungokke rakyat cilik.,2
Kebijakane mung ngrusak urip wong biasa.,2
"Milih-milih ngono ya percuma, wae menang wong sing nyolong uang rakyat.",2
Wong-wong ngedegake partai mung kanggo ndhelikake korupsi.,2
"Janji-janjine mung omong kosong, rakyat tansah ditipu.",2
Pemerintah iki kayak maling sing sah nggondol duit negara.,2
"Ora usah ngarep-ngarep owah-owahan, kabeh pemimpin ujung-ujunge ngapusi.",2
"Kabeh sistem iki wis busuk, ora bisa dipercaya maneh.",2
"Wah, klambi anyarku kok ilang, mbok ya sing nyolong aja nggawe ribut bengi-bengi.",1
"Kula mboten purun ngangsu, mung kerso nggih menawi banyune mboten kesedot deres.",1
"Lho, jamu kok dipun penggali, kula mboten nate nyuwun balik.",1
"Wes sore kok isih ana sing ndandani sepedha, koyo lagi latihan karawitan.",1
"Kula mboten gadah pancing, nanging menawi wonten ingkang nyuwun, mugi-mugi ulame mboten coklat.",1
"Wah, beritane koyo tukang koran, saka pagi tekan sore ora mandheg.",1
"Kula mboten sregep ngrumpi, nanging tetangga kula pinten-pinten ingkang sregep.",1
"Lho, sapa sing gawe rame, koyo lagi ngrebut hape gratis.",1
"Mboten usah kula aturi, piyambakipun sampun ahli ingkang gadhah urusan kula.",1
"Wah, kunci kontrakan kula kok koyo dadi barang warisan, mboten nepangi balik.",1
Wong-wong padha mlaku-mlaku neng pasar.,0
Anak-anak dolanan nang ngarep omah.,0
Dheweke nggawa kranjang isi woh-wohan.,0
Aku ngrungokake dongeng saka simbah.,0
"Kabeh wong saka suku iku mung tukang nyolong lan perusuh, kudu diusir metu saka kutha iki.",3
"Aja cedhak-cedhak karo wong golongan kono, dheweke iku kabeh antek asing sing arep ngancurke bangsa.",3
"Wong-wong sing beda keyakinan karo awake dhewe iku najis, uripe kudu dipateni.",3
"Aku arep ngobong omah-omah wong golongan kae, mergo dheweke wis ngina leluhur kita.",3
"Kabeh keturunan PKI kudu ditumpes, aja nganti ana siji sing urip neng tanah iki.",3
"Wong saka pulo seberang iku maling sumber daya kita, kudu dibalikke laut kabeh.",3
"Aku bakal pimpin aksi sweeping, gebugi wae wong sing beda organisasi karo kita.",3
"Wong-wong sing ndhukung pemimpin iku budak asing, awake kudu digebugi nganti mati.",3
"Golongan iku mung babi-babi sing ngotori negara, kabeh kudu dicekel lan dihukum mati.",3
"Wong Kalimantan iku kampungan, uripé nèk alas wae.",2
"Wong Bali iku pura-pura suci, nanging asliné tukang nipu turis.",2
"Suku Dayak iku primitif lan tukang ngayau, isih biadab.",2
"Wong Jawa iku pelit banget, mikiré mung duwit lan pangkat.",2
"Aja percaya karo wong Minang, licik lan tukang ngutang.",2
"Wong Maluku iku keras kepala lan emosian, gampang gelut.",2
Akeh janji nanging mung kadang tukang nipu.,2
"Dasar pejabat lacur, kabeh duite silep dewe.",2
"Pemerintah iki mbingungke rakyat, kaya didongo.",2
"Ora usah milih, kabeh podo wae, tukang nyolong.",2
Wong sing nduwé kuasa mung seneng ngisep darahe rakyat.,2
"Wah, klambine mbak Yati kok saiki nganggo motif sing padha karo punyaku wingi, pancen tansah tumindak trep karo tetanggané.",1
"Boten nopo-nopo, mung kula kedah ngaturi pirso, menawi griyanipun Pak Lurah badhe ndadosi papan latihan drumben, kula saged nyuwun jadwalipun?",1
"Lho, televisimu kok swarane mirip karo motor rusak, Bu? Monggo dipuncek maneh, mbokmenawi saged luwih alus.",1
"Kula nuwun sewu, kula mboten saged nyambut damel kanthi fokus, amargi pidato saking griya panjenengan tansah sumrambah kemawon.",1
"Wah, sepatuku sing dipunpundhut kemawon dereng dipunwangsulaken, mbokmenawi sampun dados koleksi pribadi.",1
Kula mboten ngertos menawi tetangga kula badhe ndadosi kurator barang-barang kula.,1
"Mboten usah repot-repot nggatosaken urusan kula, Pak. Panjenengan sampun kathah karya, kados ta nyimak obrolan kulawarga kula.",1
"Kok rasane aku iki uripé diarani 'sinetron' déning tetangga sendiri, ya? Saben adegan kudu dikomentari.",1
"Nek arep ngrungokake crita, Bu, kula saged nyedhakaken kursi. Mboten usah ndelik ning jendela.",1
"Wah, bengi iki bisik-bisiké swarané kaya toa, Bu. Kula meh mboten krungu isinipun.",1
Bapak numpak sepedha menyang warung.,0
Dheweke ketemu kancane ing dalan.,0
Anak-anak mangan jajanan pasar.,0
Wong-wong padha lalu lalang ing pasar.,0
Kula ndelok maneka warna barang ing kios.,0
Simbah celuk marang pedagang sayur.,0
Panjenenganipun nunggu giliran mbayar.,0
Mereka ngobrol babagan cuaca.,0
Aku bakal matèni kabeh wong sing beda agama karo aku yen dadi penguasa.,3
"Wong saka pulo liya aja ngaku-aku nguasani bumi Jawa, awakmu mung tamu sing kudu ngabdi.",3
"Kabeh keturunan Cina iki perusak ekonomi, padha diusir lan dagange dibakar wae.",3
"Wong Islam sing nglawan aku iki kafir lan halal getihe, aja nganti diampuni.",3
Aku sumpah bakal nggilas kabeh wong sing ndhukung partai iku nganti ora ono sing urip.,3
"Kabeh pendatang saka provinsi liya iku maling rejekine wong asli, kudu dipeksa balik.",3
"Wong-wong sing ngaku NKRI tapi nentang aku iku pengkhianat, pati siji-sijining ganjaran.",3
"Golongan iku kaya sampah masyarakat, luwih becik dikumpulke lan diracuni wae.",3
Aku bakal ngobong kabeh omah ibadahé wong sing beda keyakinan karo aku.,3
Akeh wong Batak sing kasar lan tukang ribut.,2
"Wong Madura kok keras kepiten, kaya wedhus jadah.",2
"Aja cedhak karo wong Papua, tukang mabuk lan beringas.",2
"Wong Kalimantan kuno banget, urip neng alas terus.",2
"Wong Bali bisane mung nyolong turis, tukang nipu.",2
"Wong Maluku mesti bawa parang, atine gampang dadi panas.",2
Wong Jawa Timur kasar lan ora ngerti tata krama.,2
Suku Dayak iku galak lan tukang mangan manusa.,2
Akeh wong Lampung tukang main keroyokan lan preman.,2
"Wong-wong nang pemerintahan mung golek bolongane dewe, ora mikirke wong cilik.",2
"Kebijakane pemerintah iki mbodhoni rakyat, dipecat wae kabeh!",2
"Milih-milih ngene kok dipilih, wong jelas-jelas penipu.",2
"Pemerintah iki kaya maling sandal, mung nyolong seng cilik-cilik nanging akeh.",2
"Ora usah ngarep-ngarep pemerintahan saiki, wong awake dewe akeh utange.",2
"Partai-partai iku kabeh padha wae, tukang ngibul lan ngrayu rakyat.",2
"Korupsine wong gedhe kok diem-dieman, rakyat salah sengit dihukum.",2
"Kebijakane cuma nguntungke cukong, awakku dewe digantung.",2
"Pemimpin saiki koyo domblong, mung bisane ngomong nanging ora bisa nglakoni.",2
"Wah, klambi anyar kok katon pinarak tenan, Bu. Tiyang mboten sengaja nyingkiraké, nggih?",1
"Kula mboten purun ngangsu banyu, Pak. Emberipun kula tasih dipun-ginakaken tiyang sanes, dereng dipun-wangsulaken.",1
"Boten nate ngertos menawi pak badhe ndalang, Pak. Swantenipun saged dugi griya kula.",1
"Kula nuwun sewu, Pak. Kula kepengin ngraosaken griya kula, nanging swantenipun radyos televisi saking griya panjenengan saéngga boten saged.",1
"Wah, Pakdhe pancen kawéntar tiyang ingkang suka tulung. Malah kathah ingkang boten dipun-aturaké tulungipun.",1
"Lho, jam piro iki sampeyan arep nandur, Pak? Kula kira tiyang sadaya sampun tilem.",1
"Kula mboten purun nyuwun tosan, Bu. Awit saking punika, kathah ingkang mboten kenging dipun-pundhut malih.",1
"Kula nuwun pirsa, Bu. Menapa panjenengan gadhah ageman saking griya kula? Kula mboten sengaja ndeleng wonten ing jemuran griya panjenengan.",1
"Wah, Pakliku pancen pinter. Ngerti kabeh urusane wong liya, kaya dene dheweke sing uripake.",1
"Mboten nate ngertos menawi bapak gadhah usaha rental barang, Bu. Barang-barang ingkang dipun-suwun mboten kantun dipun-wangsulaken.",1
Adhek ndelok televisi sawise mulang sekolah.,0
Kula ngunjuk teh hangat ing pawon.,0
Simbah mrene ngunjungi omah putrane.,0
Anak-anak dolanan bola ning lapangan.,0
Wong tani arep nyebar pari ning sawah.,0
"Golongan iku mung tukang ngrusak negara, ayo kita bubarake kabeh wong-wong mau.",3
Aku sumpah bakal mbantai kabeh keturunan iku sing isih ana.,3
"Wong-wong sing ndukung partai iku pancen bajingan, kudu dihancurke sedulur-sedulur.",3
"Kabeh pendatang saka pulo liya iku perampas rejeki, ayo kita goro-goro ngusir dheweke.",3
"Aku arep ngebom panggonan ibadah golongan iku, supaya padha sirna.",3
"Wong sing beda pilihan politik karo aku iku pengkhianat bangsa, patut dihukum pati.",3
"Kabeh wong saka kelompok iku iblis, ayo bakar omah-omahe tanpa ampun.",3
Akeh wong Batak kasar lan goblog karo urusan duit.,2
"Wong Madura iku tukang celeng, mung ngerti ngerampas tanah wong.",2
"Wong Jawa iku pinter banget nggithik, nganti ora bisa dipercaya.",2
"Wong Kalimantan kaya-kaya ketinggalan jaman, urip neng alas terus.",2
"Wong Papua iku mbeling lan tukang rusuh, pancen bawaane.",2
Akeh wong Lampung tukang ngamuk lan ora bisa diajak rukun.,2
"Wong Bali iku pagan, nyembah-nyembah roh lan patung.",2
Wong Maluku iku keras kepala lan gampang bawa golok.,2
"Wong Betawi asline tukang ngamen, ora duwe pangkat.",2
"Wong-wong nang kono podo korupsi, ra ragu-ragu!",2
"Pemerintah iki edan, gawe aturan sing ngglendhangi wong cilik.",2
"Mimpin kok ngawur, kabeh kebijakane mung ngrusak negara.",2
"Pemerintah iku bodho, kabeh janji mung omong kosong!",2
"Wes jelas-jelas korupsi, nanging isih diidolakno, aduh bego!",2
"Kebijakane mung nguntungke wong sugih, wong miskin ditelikung.",2
"Aku pancen muak karo politik Indonesia, isine mung tukang tipu.",2
"Mundur wae kowe, pemerintah sing ora bisa nggawa apik-apik!",2
"Wah, tetangga kok sibuk banget kaya pabrik, nggak tau kapan waktunya istirahat.",1
"Kula mboten purun nyuwun, nanging pinten taun menawi nyambut damel klambi kula ingkang sampun kesah?",1
"Lho, jam segini kok masih ada suara bor ya? Kirain tukangnya baru mulai pagi.",1
"Barange mbak Dhesi ra iso bali, mbok ya diopeni karo sing duwe.",1
"Kok swarane kaya lagi ngrehakke dalan bunderan, nggak ngerti wong liyo butuh ketenangan.",1
"Nek takon karo urusane wong liyo, koyo kertu kredit, tanpa bunga nanging bungane akeh.",1
"Televisimu sing anyar iku swarane biso tekan kamar turu kula, koyo nggawa dolan.",1
"Mboten sare, Pak? Kula mboten purun nyuwun, nanging menawi gadhah kunci, mugi-mugi dipun aturi wangsul dalu.",1
"Wah, pengamatane nggak kurang-kurang, koyo satelit sing lagi ngawasi.",1
"Kula mboten gadhah hak nyuwun, nanging menawi nyambut damel sepeda kula, mugi-mugi dipun aturi wangsul dinten punika ugi.",1
Aku ketemu karo konco lan ngobrol nang warung.,0
Bapak maca koran sore-sore.,0
Wong-wong padha mlaku-mlaku neng dalan utama.,0
Kancaku nggawa tas anyar menyang kantor.,0
Kula ndelok televisi sawise mangan nedha bengi.,0
Mbak nyapu lan ngepel jogan omah.,0
Aku bakal nggebugi kabeh wong sing ndhukung partai iku nganti pejah.,3
"Kabeh pendatang saka pulo liya kudu mateni awake dhewe, aja ngremehake wong pribumi.",3
"Wong agama liya iku setan, kudu dibakar omahé lan dicekel keluargané.",3
Aku arep nyiksa kabeh turunané wong sing beda suku iki nganti punah.,3
"Golongan iku kaya tikus, kudu diracuni sakabehe nganti ora ono sisa.",3
"Wong-wong sing ngaku aktivis iku bakal ditembak mati, aja nganti nularake pikirane.",3
Kabeh kaum sing beda keyakinan kudu dicekel lan ditumpes ing kene.,3
Aku sumpah bakal ngrusak uripé kabeh keturunan kelompok lawan iku.,3
"Wong sing ngaku pahlawan iki kudu dipateni, merga mung nggawa petaka kanggo masyarakat.",3
"Orang Madura kok kasar banget, kaya preman kabeh.",2
"Aku ora gelem digawekan wong Batak, tukang ngutang terus.",2
Wong Kalimantan kui koncone mung monyet lan bocah alas.,2
"Lha wong Papua kafir kok diurus, mending dipulangke nang dheweke.",2
"Jangan percaya sama orang Bali, sembahyangnya ke setan.",2
"Orang Padang pelitnya minta ampun, duit ditimbun buat mati.",2
"Wong Jawa Timur kasar-kasar, kurang ajar kabeh.",2
"Suku Dayam kui kanibal, awas dicekel terus dimakan.",2
"Orang Betawi males kerja, bisane cuma ngomong doang.",2
"Wong-wong nang kana korupsi terus, rakyat nandhang mlarat.",2
Pemerintah iku bodho lan ora ngrungokke swarane wong cilik.,2
"Milih-milih kae percuma, wae podo wae, maling kabeh.",2
"Kebijakane mung nggawe susah, rakyat dadi kere.",2
"Dasar pamrentah edan, duweke rakyat dikeruk dewe.",2
Wakil rakyat? Wakil kepentingan dewe!,2
"Ora usah ngarep-ngarep, pejabat kabeh lakune mung ngapusi.",2
"Reformasi kae diwenehi, nanging tetep aja rubah, tetep korupsi.",2
"Pemerintah iku goblok, ora bisa ngatur negara.",2
"Wah, tetangga kita seneng banget karo musik, nek jam sepisan bengi isih keriye-riye swarane.",1
"Kula mboten purun nyuwun barang, mboten kados bapak-bapak ing kana, pinten-pinten tasih dereng dipun wangsuli.",1
"Lho, kok aku dadi kerep ketemu karo tamune Bapak ing pekarangan saya, apa lagi ada acara apa?",1
"Wes dadi ahli ngatur urusan wong liyo, nanging urusane dhewe malah ruwet.",1
"Nek arep nembang sakarepe, nanging mugo-mugo ora nganti ndadekake wong liya pusing.",1
"Barang sing dipun silih mboten nate kesupen, namung saged dipun pirsa menawi dipun tilik langsung.",1
"Kok rasane urip iki tambah rame, ora tau sepi, saking asringe tetangga nanggap hajatan.",1
"Sampeyan punika saestu gadhah bakat dados mediator, kula mboten saget nampik menawi badhe nyuwun pitulungan.",1
"Aku kira tukang bakul klothekan lewat, ternyata swara obrolan sing seru banget saka sebelah.",1
"Mboten sare, mboten tilem, namung saged ndangu swanten tetangga ingkang saestu nikmati wengi.",1
Dheweke nggawa tas belanjaan sing isine glepung.,0
Kancaku nyritakake pengalamane nalika dolan.,0
Aku ndeleng akeh wong ing pasar pagi iku.,0
"Wong kafir iki kabeh kudu diusir saka Tanah Jawa, merga mung ngrusak adat lan budaya kita.",3
"Aku bakal nggebugi kabeh wong sing ndhukung partai iku nganti pejah, awake dewe sing mbela negara.",3
"Kabeh pendatang saka pulo liya iku maling lan perampok, padha bali menyang asale wae!",3
"Wong-wong sing beda agamane karo aku iku iblis, kudu dibersihke saka desa iki.",3
Aku arep nyulik lan mateni anak-anakmu merga kowe wong golongan sing nyengsarake rakyat.,3
"Golongan iku kaya tikus, kudu ditumpes nganti oyod-oyode, aja nganti ana sing urip.",3
"Wong sing ndhukung kandidat iku akeh sundelane, kabeh wong saka kana iku najis.",3
"Aku sumpah bakal ngrusak omah lan toko-tokone wong saka suku iku, merga dheweke kepenak banget.",3
"Kabeh wong sing nganggo simbol iku pantese dipateni, dheweke pengkhianat bangsa.",3
"Awakmu kabeh sing kerja nang pemerintahan saiki iku antek asing, bakal tak gebugi nganti tumpes.",3
"Wong Madura kok diwenehi proyek, mesthi mung ngutang lan kabur.",2
"Akeh wong Jawa sing pindah neng kene, mula akeh kejahatan sing kedadeyan.",2
"Ora usah percaya karo wong Kalimantan, tukang nipu lan serakah.",2
"Wong Papua kok dikasih jabatan, ya mung bakal ngerusak.",2
Sekolah iki dadi turah-turahan merga akeh siswa saka NTT.,2
Wong Maluku karo Flores mung pinter mabuk lan bikin rusuh.,2
Aku wedi leh muak karo tingkahe wong Bali sing sok jaim lan matre.,2
Dadi pengusaha sukses? Wong Menado mah mung pinter korupsi.,2
"Cangkem mung manis nanging ngapusi, rakyat ditipu terus.",2
"Sing dadi pejabat mung ngurusi kantonge dhewe, rakyat dipepati.",2
"Kebijakane asal njeplak, wong cilik sing nandhang.",2
Aku muak ndeleng wong-wong sok suci nanging nyolong uga.,2
"Pemerintah iki bodho, ora bisa nggawa apik.",2
"Wis percuma milih, wong-wong nang gedung doro podo bejat.",2
"Barang sing dipun ginakaken kok rasane keselé ilang, mbok menawi saged dipun wangsuli.",1
"Sampeyan kerep mirengake urusan wong liya, kaya dalang ning wayangan.",1
"Swara televisimu nembus tembok, kaya aku neng omahmu nanging ora diundang.",1
"Mboten sare, napa mboten nyetel musik ingkang langkung alus, Pak?",1
"Pinjam sapu, baline mung ilat kang diunekake.",1
"Kok rasane urusanku dadi berita utama ning komplek, ya?",1
"Wes dadi alarm alamiah, saben esuk pasti ana swara gebyuran sing nggugah.",1
"Barange tak lego, nek pinjem kok rasane tuku.",1
Kula mboten ngertos menapa kersanipun Pak/Bu tetangga tansah madosi celah kancingipun kula.,1
Adhine lagi maca buku ning ruang tamu.,0
Bapak arep nyetir menyang kantor.,0
Dheweke masak sega goreng ning dapur.,0
Kula ndelok televisi sawise mangan awan.,0
Anak-anak mangan jajan sing didol ning warung.,0
Dheweke nyapu lan ngepel lantai omah.,0
"Kabeh wong sing beda karo awake dhewe iku asu, aja diampuni nganti kari dasaran.",3
"Golongan iku kudu dibabat rampung, supaya ora ana maneh benih-benih sing nantang kedaulatan.",3
"Wong njaba iku maling kekayaan Jawa, kudu digebug nganti tekan oyod-oyode.",3
"Aja cedhak karo wong sing ngaku agamis nanging lakune lacur, kabeh iku munafik lan patut ditumpes.",3
"Kabeh keturunan PKI kudu diusir, merga dadi sumber sengsara ing bumi Indonesia.",3
"Wong sing ora setuju karo awake iku penghianat bangsa, patut dihukum pati tanpa pangadilan.",3
"Golongan liya iku sampah masyarakat, kudu dibersihke nganti resik.",3
"Aja nganti katekan welas asih marang wong sing beda keyakinan, merga iku tandha kelemahan.",3
"Kabeh wong sing nantang kasepakatan iku bakal ditumpes, aku wis siap nggawa badhe.",3
"Akeh wong Batak kasar lan tukang ribut, ngono kuwi.",2
"Wong Madura kok keras kepelan, kaya wedhus dibandhol.",2
"Wong Jawa iku licik, katon alus nanging njero atine akeh bolongan.",2
"Aja pacaran karo wong Kalimantan, tukang mabok lan madon.",2
"Wong Papua goblok, mung pantes dadi kuli.",2
"Wong Bali kafir, nyembah-nyembah berhala.",2
"Wong Maluku tukang bacok, emosiane gampang murup.",2
"Wong Lampung mung pinter ngomong doang, lakune ra genah.",2
"Wong NTT mburu bantuan terus, wong males tur miskin.",2
"Wong-wong nang kana korupsi kabeh, rakus kaya taek.",2
"Dasar para maling berdasi, negara dibobol karo wong dalem.",2
"Janji-janjine mung goroh, rakyat ditipu terus.",2
"Ora usah milih-milih, kabeh partai iku tukang nipu.",2
"Pemerintah iki koyo budheg, protes rakyat diendheg-endheg.",2
"Korupsi wis dadi budaya, negara bakal rusak kabeh.",2
"Wong cilik sengsara, wong nang atas seneng-seneng wae.",2
"Barange tak lewati, kok rasane dadi melu numpak ning kene, mas?",1
Kula mboten ngertos menawi wonten tetangga ingkang saged ngrungokake obrolan saking dalem griya.,1
"Wes dadi ahli ukur ya, lek lekukan lemahku kok diukur karo teles.",1
"Kok swarane speaker luwih banter tinimbang budine, ta?",1
"Mboten nate kesupen, nanging barang ingkang dipunpundhut boten kondur kondur.",1
"Sinemune ngguyu nanging atine adhem, kaya es batu dijual ning pasar.",1
"Wah, nek ngomong urusan wong liya koyo dadi pekerjaan tetep, ya?",1
"Kula mboten purun nyuwun, nanging menawi pinjaman kula dipunparingaken malih, mugi-mugi saget.",1
"Nek arep nyambut gawe, kok malah sibuk ningali pekarangane wong.",1
Adhine lagi maca buku ing ruang tamu.,0
Wong-wong padha obrolan ing pinggir dalan.,0
Kula ndelok televisi bengi iki.,0
Dheweke masak sega goreng ing pawon.,0
Simbah nyapu plataran omah.,0
"Akeh-akehe wong pendatang mung ngerusak tatanan, kudu dibalikke menyang asale dewe-dewe.",3
"Golongan iku mung mbedakake awake dhewe, luwih becik dikumpulake banjur dipecat kabeh.",3
"Wong-wong sing beda keyakinan karo kula iku sampah, kudu disingkirake saka lingkungan iki.",3
"Aja nganti menehi kesempatan marang wong liya, yen perlu ditindhes nganti tekan oyot-oyote.",3
"Kabeh sing nentang kula bakal krasa getihe, wis tak rencanakake kanthi rapet.",3
"Wong saka suku liya iku penjajah anyar, siap-siap kita gelut kanggo ngusir dheweke.",3
"Kelompok iku wes kebablasan, kudu digebugi supaya ora wani maneh ngangkat sirah.",3
"Sing ora setuju karo aturan kita, uripe ora bakal tentrem, bakal ana cilaka sing nunggu.",3
"Mereka sing ngaku pancen pantes dikucilake, aja nganti diakoni ana ing masyarakat iki.",3
"Aku ora gelem nyambut gawe karo wong Batak, kasar lan emosional.",2
"Wong Madura iku kerep mangan sapi wong, agama'e kok ngono.",2
"Aku wedi leh ninggal motor ning kene, akeh wong Flores.",2
"Wong Papua iku mbeling, dikasih otonomi khusus kok malah rusuh.",2
"Aku ora seneng karo wong Kalimantan, kuthane adoh karo peradaban.",2
"Wong Maluku iku panas-panasan, gampang gelut karo perkara cilik.",2
"Aja cedhak karo wong Lampung, tukang main keroyokan karo premanisme.",2
"Wong Bali iku umat Hindu, nyembah berhala, aja diajak kerja bareng.",2
"Wong NTT iku mung cocok dadi pembantu, pinter masak nanging otone bloon.",2
"Wong-wong nang kono podo maling, korupsine wes dadi panganan saben dina.",2
"Kebijakane mung nguntungke wong sugih, awakmu dhewe dipati-pateni.",2
"Sing dadi pejabat mung ngomong doang, janji-janjine palsu kabeh.",2
Partai politik iku kumpulan bocah bajingan sing rakus kuoso.,2
"Reformasi diunekne, nanging korupsi malah tambah parah, tukang tipu!",2
"Pemerintah iku bego, rakyat sengsara dipekso.",2
"Sing menang pemilu wae maling, milih endi wae podo bangsat.",2
"Kabeh iku calon penipu, janji muluk mung ngelmu nyolong.",2
"Wah, klambi anyar kok isa podo karo sing tak lebarake wingi, mbak? Mesti tukaran karo jin sing jahil.",1
"Bapakne arep nandur kebon musik ya, kok sore-sore swarane rame banget karo dentuman?",1
"Lho, kunci pipa kae wis balik mrene, ta? Aku kira wis dadi pupus kebon mergo suwe banget ora ketemu.",1
"Kula mboten ngertos menawi wonten tetangga ingkang gadhah usaha rental barang, kados meja lan kursi, amargi kathah ingkang saged pinjam nanging mboten kondur.",1
"Wes sore kok swara televisimu isa ngalahne speaker masjid, Pak. Aku kira adzan versi anyar.",1
"Wah, nek ngomong karo mbakyu iku koyo ndelok berita live, kabar seputaran RT ora ono sing luput.",1
"Kula nuwun sewu, menawi bade nanggap wayang kulit, kula aturi mangke, supados saged nyuwun tolong dhawuh dhateng dalang supados volume dipun kurangi.",1
"Barange tak lewati mung siji, kok balike malah dadi pitung wawasan anyar bab urusan rumah tanggaku.",1
"Sampun dangu kula ngintun-ngintun, kapan kedah nyewa tukang bangunan, amargi perkakas kula sedaya sampun manggon wonten griyanipun tiyang sanes.",1
"Aku kirain tak jogo bocah-bocah nang dalan, ternyata swarane saka omahmu terus, Bu.",1
Adhek ngunjuk teh anget sakderenge sekolah.,0
Dheweke lagi nggodhok banyu kanggo adus.,0
Kancaku lagi nunggu bis neng halte.,0
Ibu lagi masak sega goreng neng pawon.,0
Aku krungu manuk mabur neng njaba jendela.,0
Dheweke arep nyapu latar omah bengi iki.,0
"Wong kafir iki kabeh kudu diusir saka tanah Jawa, merga mung nggawa petaka lan nodha kesucian bumi pertiwi.",3
"Kabeh wong sing beda aliran karo aku iku penyembah setan, patut dibantai nganti oyod-oyode.",3
"Aku arep ngobong masjid-mu sing ora ana gunane iku, merga isine mung ajaran sesat.",3
"Wong saka pulo liya aja ngrasa duwe kene, awakmu mung tamu sing bakal diusir karo getih.",3
"Kabeh keturunan Cina iku tikus ekonomi, kudu dipateni supaya kasil bangsa dadi resik.",3
"Golongan iku kabeh antek asing, wis wektune kita siapke pedhang kanggo mbabad kabeh.",3
"Wong sing ndukung pemimpin liya iku pengkhianat bangsa, kudu ditumpes nganti ora ana turune.",3
"Aku sumpah arep ngrusak gréjamu sing mentas dibangun, merga iku simbol kesombonganmu.",3
"Kabeh wong sing nganggo jilbab iku munafik, patut diuber-uber lan diusir saka kampung iki.",3
"Wong suku kasebut iku primitif lan mangan babi, ora pantes urip bebarengan karo kita.",3
Aku ora gelem diobong karo wong Batak sing kasar karo.,2
"Wong Madura iku tukang celak, aja diajak urunan.",2
"Wong Jawa iku licik, koyo ulo.",2
"Wong Kalimantan iku terbelakang, urip neng alas terus.",2
"Wong Papua iku bodho, mung cocok kerja fisik.",2
Akeh kejahatan iku saka wong Flores sing gelandangan.,2
Wong Maluku iku keras kepala lan gampang beringas.,2
"Wong Bali iku sombong, nganggo adate dhewe.",2
"Wong Menado iku mung bisane nyanyi lan pesta, ora mikir perkembangan.",2
"Wong-wong nang kono korupsi terus, ra ragu-ragu nilep dana.",2
"Dasar para maling berdasi, mangan ora tau mangan nggak puas.",2
"Ora usah milih-milih, kabeh partai iku podo wae, tukang tipu.",2
"Kebijakan e pemerintah mung ngenteni awake dewe, rakyat ditinggal mati.",2
"Wong sugih makin sugih, awak dewe mlarat mung disuruh nrimo.",2
"Pemimpin iku cuma janji palsu, mbohongi wong cilik.",2
"Korupsi wis dadi budaya, saka ndhuwur nganti ngisor podo bejat.",2
"Pemerintah iku bodho, ora bisa nggawa apik-apik, mung gawe susah.",2
"Wah, tetangga kok swarane kaya lagi ngrengkuh sepur, nggih?",1
"Barange dicolong? Ora, mung ditumbas nanging mboten wangsul-wangsul.",1
"Sampeyan kerep mirengake urusan kulawarga kula, kados radio gelombang cendhak.",1
"Boten sare sampeyan, Pak? Kula mirengake obrolan sampeyan wingi wengi kanthi jelas.",1
"Kula nuwun piranti kula, nanging mbok menawi dipun ginakaken ngantos pirang-pirang taun?",1
Sampeyan nggadhahi bakat ingkang sae kanggo ndelok sela-sela pagar.,1
"Kebon kula sampun dados papan dolan kucing sampeyan, nggih?",1
"Mboten usah repot-repot nggosok kuping, kula mireng kanthi terang.",1
"Barangipun mboten ilang, mung pindhah alamat nggih, wonten griya sampeyan.",1
"Sampeyan kados hakim ingkang tansah siyaga nggih, nanging mboten wonten pengadilanipun.",1
Adhine nyapu lantai saben dina.,0
Kancaku ngunjungi omahku wingi sore.,0
Aku ngrungokake lagu nalika nyetrika klambi.,0
Aku numpak sepedha menyang warung.,0
"Aku arep ngobong gréja-gréja ing kéné, supaya wong-wong njahati iku wedi lan minggat.",3
"Wong saka pulo liya aja ngaku-ngaku nguasani kutha iki, awaké dhéwé wae sing duwe hak urip neng kéné.",3
"Kabeh wong sing beda karo awake dhewe iku sampah, kudu diusir utawa dibasmi.",3
"Aku sumpah, yen golonganku menang, bakal tak tumpes kabeh turunane wong-wong sing nglawan biyen.",3
"Wong-wong sing nggawa ajaran sesat iki kudu ditangkep lan dihukum pati, aja nganti mbalé maneh.",3
"Kabeh leluhurmu iku penjahat perang, turunanmu kudu ngaku dosa lan ndhodhok ngisor sikilku.",3
Aku bakal ngrekrut wong akeh kanggo nyerang lan ngancurke kampungmu sing lacur iku.,3
"Wong sing nganggo basa liya ing pasar kudu digebugi, aja nganti nular-nular.",3
"Kabeh sing ndhukung pemimpin liya iku pengkhianat bangsa, patut dipateni kaya kéwan.",3
"Wong Madura kasepen lan tukang celak, akeh sing tukang nyolong.",2
"Wong Jawa iku licik banget, karo wong ngomong manis mburine nusuk.",2
"Akeh wong Lampung tukang main keroyokan, nek kalah gelut.",2
"Wong Kalimantan ketinggalan jaman, uripé isih nrimo ing pandum.",2
"Wong Maluku iku panas barane, cilik-cilik gampang dadi musuhan.",2
"Wong Bali iku sombong, nganggo adate dhewe lan ngremehke liyan.",2
"Wong Papua ora pinter, mung cocog kerja kasar.",2
"Wong Betawi males lan tukang ngemis proyek, urip mung ngarepke bantuan.",2
"Wong-wong nang kono podo maling, korupsine wes mendarah daging.",2
"Pemerintah iki edan, rakyat sengsara diene dhewe seneng-seneng.",2
"Kebijakane cuma nguntungke wong sugih, wong cilik ditelikung.",2
"Sing dadi pemimpin iku akeh sing bejat, moral busuk.",2
"Ora usah milih, podo wae, kabeh tukang nipu.",2
"Kerjane mung ngobral janji, ning akhiré mung ngibul.",2
"Dasar pamrentah lemu, mangan anggaran terus, rakyat nang kahanan susah.",2
"Wong sing dadi wakil rakyat kok mlayu sengak, ora mikirke awake dhewe.",2
"Kabeh partai iku sarang koruptor, golek kekuwatan kanggo nyolong.",2
"Wah, klambi iki kok mirip kaya klambine Bu Rini sing wingi tak lembokno nggih?",1
"Wes sore kok isih ana sworo kethoprak, kayane tetangga niku gadhah hajatan ndhelik.",1
"Lho, sapune Bu Lastri kok neng kene? Mestine wis bali menyang kandange dhewe.",1
"Kebonku rasane kebon umum, wong liyo teko lan lungo karo barang-barangku.",1
"Wah, Pakdhe pancen pinter ndandani motor, nganti bengkelku krasa sepi.",1
"Duh, kula mboten sregep ngrungokake critane, soale sworo televisi sakiwa-tengen niku deres.",1
"Kethokne witku dhuwur, nanging kok critane tetangga malah luwih cepet tuwuh.",1
"Wes dadi ahli waris kabeh, barang-barangku kabeh wis pindah ndomile.",1
"Mboten usah tuku jam weker, sworo galon es bengi-bengi niku saged dados pengingat.",1
"Kula mboten gadhah kaca spion, nanging kula saged ndeleng urip tetangga kanthi jelas.",1
Wong-wong padha lalu lalang neng pasar.,0
Dheweke ngobrol babagan cuaca.,0
"Wong kafir iki kabeh kudu disingkirake saka bumi Jawa, merga mung gawe rusuh wae.",3
"Wong loro iku aja percaya, dheweke iku bangsa penjajah turunan sing mung ngisep dhuwit kita.",3
"Aku arep nglebokake bom neng kono, merga wong-wong sektu iku sampah masyarakat.",3
"Kabeh wong saka pulo iku kudung, kudu diusir utawa dibasmi nganti oyot-oyote.",3
"Wong golongan iku kaya tikus, nek ora ditumpes bakal ngrusak nagara.",3
Aku bakal nyulik lan mateni anak-anakmu nek kowe isih ndukung kelompok kafir kuwi.,3
"Masarakat adat kui aja diwedeni, nek perlu gebugi wae nganti pejah sekabehane.",3
"Kelompok iki wis kaya penyakit, kudu dibakar uripe lan panggonane.",3
"Wong-wong sing beda agamane karo aku iku penghianat, patut dipateni.",3
"Aku bakal nggawa bala lan numpes kabeh wong saka suku iku, tunggu wae.",3
Wong Sunda mah bisane mung ngala sangu wae.,2
"Aku ora gelem diomongke wong Madura, kasar lan tukang gelut.",2
Wong Batak kasebut kok rewel lan sok ngatur-ngatur wae.,2
"Lha wong Papua kemakan pinisepuh, golek tunjangan terus.",2
Wong Kalimantan kui mlebu kene ngrebut panggonan uripku.,2
"Aja cedhak-cedhak karo wong Maluku, gampang bengis atine.",2
"Wong Bali kui sanajan ayu, nanging akeh alus-aluse.",2
"Wong Jawa iki penjajah, ngremehke wong liya kabeh.",2
"Wong Menado seng ngoceh kasar, koyok preman pasar.",2
"Wong Aceh kui atine atos, kabeh pengen diatur syariat dewe.",2
Wong-wong ngentekke dhuwit rakyat mung kanggo lelungan lan mobil mewah.,2
Pemerintah iki mung wayang sing didalangi para koruptor gedhe.,2
"Apa kabar kabeh pejabat iku maling berdasi, rakyat nandhang sangsara.",2
Partai-partai iku kumpulan lanang edan sing rebutan porsi korupsi.,2
Sing menang pemilu mung maling sing beda seragam.,2
"Pemerintah iku goblok, ora bisa ngatasi rega sembako murah.",2
"Wakil rakyat iku wakile kepentingane dhewe, dudu rakyat.",2
"Negara iki arep dadi apem, gampang didemok para maling kekuasaan.",2
"Wah, klambi anyar ibu kok pinjem terus, mbok ya dirawat kaya klambine dhewe.",1
"Wes sore kok isih ana sing nggeretak-geretok, kaya lagi latihan karawitan neng ngarep.",1
"Lho, kunci tanganku kok ra bali-balii, mbok ya dielingi kaya janjine mantu.",1
"Bocah-bocah podo nangis, nek krungu sworo banter saka sebelah, dadi luwih banter nangise.",1
"Wah, urusan dalem kulo kok koyo wis dadi berita utama neng koran, sepertine wonten wartawan khusus.",1
"Mboten sare, niku amergi tetangga nggih lagi ndandani sepeda, mboten wonten masalah sanes.",1
"Barange tak pinjem tak jaga kaya barang pusaka, nek mbalekke mung kaya sampah.",1
"Kok swarane speaker nganti nembus tembok, kaya lagi uji kekuatan tembok omahku.",1
"Wah, nek ngomong babagan urusanku koyo luwih pinter neng banding aku dhewe.",1
"Mbok ya nek arep ngomongin aku, volume rada didhunakke, soale aku dhewe mboten krungu.",1
Dheweke ngrungokake critane kancane kanthi ati-ati.,0
Kula ndeleng maneka warna jajanan pasar.,0
Ibu nyapu lantai kamar turu.,0
Aku bakal ngobong masjid-masjid nganti ompong yen wong Islam terus nindhes kawula Kristen ing kene.,3
"Wong saka pulo seberang iku maling lan perampok, kudu dipepehi banyu panas supaya padha bali menyang asale.",3
"Kabeh keturunan Cina iku lintah darat, mateni urip wong pribumi, kudu digebugi nganti tekan oyot-oyote.",3
"Aku sumpah arep nyulik lan mateni bocah-bocah saka kulawarga iku, merga bapake wis nistha leluhur kita.",3
"Wong-wong sing ndhukung partai iku kaya asu galak, kudu dipateni siji-siji nganti ora ono sing njerit maneh.",3
"Golongan iku kabeh wong dungu lan budak, kudu dicekel lan dikandhang kaya raja-kaya, aja nganti mbrebes mili.",3
"Aku bakal ngebom gréja-gréja ing dina Natal, supaya wong-wong loro nyembah brahala iku padha sirna.",3
"Kabeh wong sing beda karo kita iku sampah, kudu dikumpulake lan diilehake nganti dadi awu.",3
"Wong saka suku iku kera-kera alas, ora pantes manggon ing kutha, kudu dibabat nganti oyot-oyote.",3
"Wong Sunda kok sok ngaku pinter, padahal urusan tani bae ora ngerti.",2
"Aku ora gelem kerjasama karo wong Batak, kasar lan tukang ngomong kasar.",2
"Wong Madura iku kerep ngganggu, di endi-endi ngaku dadi preman.",2
"Apa wae sing dilakoni wong Lampung mesthi ngapusi, aja percaya.",2
"Wong Kalimantan iku terbelakang, urip neng alas terus ora ngerti perkembangan jaman.",2
"Suku Dayak galak lan primitive, siap-siap gelut karo bedhil sumpit.",2
"Wong Papua iku malas, dikasih otonomi khusus mung numpang seneng-seneng.",2
"Aja cedhak karo wong Maluku, gampang baper lan seneng bawa masalah.",2
"Wong Bali iku pelit, bisane mung ngurusi turis kanggo dhuwit.",2
"Wong Jawa Timur kasar lan ora sopan, logate ngotot kaya tukang berantem.",2
Wong-wong ngentekake dhuwit rakyat kanggo dolanan mobil anyar.,2
"Wakil rakyat kok mlaku-mlaku nang luar negri, ngabisin duite kita.",2
"Janji-janjine mung pepesan kosong, korupsi terus ndadra.",2
"Ora usah milih, podo wae maling kabeh sing nyekel kuasa.",2
"Pajek ditarik tambah akeh, tapi kas negara ludes digondol maling.",2
Pemerintah iku klebu lan ora ngrungokke swarane wong cilik.,2
"Reformasi dikhianati, maling mung ganti jas lan dasi.",2
"Wah, klambi anyarku kok ra ono ning gantungan, pancen neng ngendi baé deweke tansah nemu barang sing 'tiba' ya.",1
"Boten kepanggih kalih perkawis mesin pompa griya kula, niki mekaten namung saged ngrungokake swantenipun kemawon.",1
"Lho, kok jam pitu esuk wes ramai kaya pasar, nanging malem bengi malah sepi kaya kuburan.",1
"Kula mboten ngertos menawi tetangga kedah dados pengawas griya, saget dados penjaga wekdal kula sedaya.",1
"Wah, sepatuku sing ilang minggu kepungkur kok saiki neng dalan, mbok ya dijaga nganti tekan omah.",1
"Mboten nate kenging pangapura, nanging swantenipun televisi mboten saged dipun kurangi sedhela?",1
"Kok aku urip kaya ana pengawas pribadi, nanging ora mbayar.",1
"Barang kula dipun ginakaken, nanging kula piyambak ingkang kedah nyuwun pangapunten menawi badhe nyuwun kondur.",1
"Wes dadi alarm alamiah, saben esuk pasti ana swara galon digedor lan anak nangis.",1
"Kula mboten nate nyuwun data, nanging kula dipun sumerepi kados data sensus.",1
Dheweke lagi ngenteni bis ngadep omah.,0
Ibu lagi masak sega goreng ing pawon.,0
Dheweke mlaku-mlaku ning dalan sawise mulang.,0
Aku ndelok adhine sinau neng kamar.,0
Bapak lagi nggarap kebon neng mburi omah.,0
Aku bakal nggebugi wong-wong saka suku iku nganti mati yen ketemu neng jalan.,3
"Golongan iku kaya tikus, ngerusak negara, kudu dibasmi kabeh tanpa sisa.",3
"Wong-wong pendatang aja sok-sok ngatur urusan politik neng kene, awakmu dewe mung tamu.",3
"Aku sumpah, yen partai iku menang pemilu, aku bakal bakar gréja-gréja neng daerah iki.",3
"Kabeh wong sing ndukung kelompok iku pantas dipateni, dadi racun kanggo masyarakat.",3
"Wong agama liya aja ngimpi-ngimpi bisa mbangun rumah ibadah neng wilayah iki, bakal kita gempur.",3
"Keturunan PKI kudu ditandai, dikucilkan, lan diusir saka lingkungan iki supaya resik.",3
Aku arep nyiksa kabeh anggota organisasi iku nganti jerit loro-lorone ati.,3
"Generasi muda aja nganti dikacauki pikirane karo ajaran sesat wong-wong ras iku, kudu disingkirake.",3
"Wong Madura kok sok ngrasa pinter, padahal urip neng daerah gersang.",2
"Akeh wong Papua sing mlebu kene, ngganggu ketentraman kutha.",2
Wong Kalimantan kui konco-koncone mung kera lan uwong alas.,2
"Ora usah percoyo karo wong Maluku, gampang bengok lan gelut.",2
"Wong Bali bisane mung nggodha turis, agama beda karo kita.",2
"Sikile wong NTT tansah nggawa bledu, ngrusak resik-resike dalan.",2
"Wong Betawi asline ora nduwe pendidikan, mung ngomong kasar.",2
"Akeh transmigran Jawa nguasai tanah kita, padahal dheweke tamu.",2
"Wong-wong nang kono podo korupsi, rakyat nandang mlarat.",2
"Cuma janji palsu, mbohongi wong akeh.",2
"Kebijakane mung ngrusak, rakyat dadi sengsara.",2
"Wong sing dadi pemimpin iku asu, mung nguntungke golongane.",2
"Apaan pemerintah iki, kabeh proyek mung dikorupsi.",2
"Ora usah milih-milih, kabeh partai iku tukang nyolong.",2
"Mundur wae kabeh, pejabat iku sampah masyarakat.",2
"Wah, klambi anyarku kok ra ono maneh ya, pancen ilang utawa keselip ning omah sing rame banget nganti lali bali.",1
"Boten nate ngertos menawi tetangga mboten sare, amargi swantenipun saged dipunmangertosi saking dalem griya kula.",1
"Lho, sapune ditinggal ndomblong, koyo dolan bengi sing suwe banget tekan esuk.",1
"Kula mboten ngertos menawi paklik gadhah usaha rental barang, amargi barang-barang kula asring dipunpundhut tanpa wangsulipun.",1
"Wes sore kok isih ana swara kaya lagi natah lemah, nggih mboten kepanggih menawi wonten renovasi to?",1
"Pinter tenan tanggane, ngerti kabeh urusane wong liya, koyo dadi penasehat tanpa dipitut.",1
"Kula mboten badhe nyuwun tulung malih, menawi kados mekaten saged nambahi repote panjenengan.",1
"Wah, seprene kok isih byar-bet? Mesti lagi latihan gamelan ning kamar turu.",1
"Barange dicolong? Mboten, mboten. Nginggih dipunpundhut kaliyan kancanipun, nanging mboten dipunwastani wangsulipun.",1
"Kula mboten gadhah televisi, nanging tiap dinten saged ngrungokake swara sinetron saking arah griya panjenengan.",1
Dheweke lagi maca koran ning teras.,0
Wong-wong padha antre tuku jajan.,0
Adhine nggawa kranjang blanja.,0
Simbah lagi ngunjuk teh ning pawon.,0
"Wong kafir iki kudu disingkirake saka tanah Jawa, mergo awake mung ngrusak tradisi leluhur.",3
"Kabeh wong saka pulo seberang kudu balik, nek ora arep diklakoni karo wong lokal sing wis sabar.",3
"Golongan iku kaya tikus, ngerampas hak wong Jawa, wis wayahe dibasmi nganti oyod.",3
"Aja nganti golongan liya ngrebut panguwasa, mergo bakal dadi rebutan sing getih bakal mili.",3
"Wong-wong sing beda agamane kudu diusir, mergo dadi sumber petaka lan bencana ing tanah iki.",3
"Kabeh keturunan asing iku penghianat, wis wayahe dikumpulke lan dipejati saka bumi Indonesia.",3
"Golongan iku mung mampir ngombe, aja dipercaya, nek perlu digebugi nganti tekan kuburan.",3
"Wong sing ora nganggo basa Jawa iku arogan, kudu dielingake nganggo cara kekerasan.",3
"Akeh-akeh wong saka suku liya, bakal dadi rebutan lan perang antar wong pribumi.",3
"Wis wektune golongan liya dicekel, dikandhani, lan ditumpes supaya Jawa resik maneh.",3
"Lha wong Jawa Timur kok sok nganggo gaya, wedi dianggap kampungan.",2
"Wong Kalimantan kui mesti lambat mikire, iklim panas banget.",2
"Akeh wong Papua sing masi primitif, kurang pendidikan.",2
"Wong Bali bisane mung nyanyi lan nari, ngapain diajak rembugan serius.",2
"Sekolah iki kebanjiran wong Lampung, jadi kumuh lan berisik.",2
"Wong Menado sambat terus, kerjaan dikit ngeluh.",2
"Ora usah percoyo karo wong Padang, urip seng penting untung dewe.",2
"Pemerintah cuma ngomong doang, janji palsu melulu.",2
"Sing dadi pejabat mung ngurusi duite dewe, rakyat dipepet.",2
"Kebijakane pemerintah nggak ngaruh karo wong cilik, mung beban.",2
"Wakil rakyat kok mlaku ning ngisor meja, aji sogok.",2
"Partai politik akeh sing mung wayang, dalane mung nggoleng duit.",2
"Pemerintah iku lunyu, kabeh strategi ngapusi rakyat.",2
"Korupsi wis dadi penyakit, nanging sing nandhang lara rakyat cilik.",2
"Kabeh partai padha wae, mburine mung kepentingan pribadi.",2
"Wah, klambi anyarku kok ilang, mbok ya sing nyolong nggawe swara bising bengi-bengi, ngganggu tetangga wae.",1
"Kula nuwun sewu, kados pundi manawi ngasta perkawis ingkang sanès-sanès, mboten kados ngurusi dalem piyambak.",1
"Lho, televisi sampéyan swarané koyo ing stasiun, nanging nyuwun pangapunten kula mboten saged nyetel kanthi rikat.",1
"Barangku sing dipun ginakaken kok rasane dadi kepunjeren, nanging mugi-mugi tansah kaparingan rejeki.",1
"Wah, sepuré mlebu stasiun rupane neng kene, swarane nggremeng saka dalem.",1
Kula mboten ngertos menawi griya kula dados papan panyimpenan barang-barang tetangga.,1
"Mboten usah rep-repan ngurusi sepeda wong liya, mending baleni sepedane dhewe sing wis ilang karo wong seng ngganggu.",1
"Kok swara musiké nganti tekan kene, kula kira ana konser ing dalem griya.",1
"Mboten nate kenging nyuwun tulung, namung tansah nyuwun barang, kados ta griya kula griya gesang.",1
"Wah, kula mboten nate mangertos menawi tetangga kula ahli ingkang saget mirsani lan ngatur kula saking tembok.",1
Wong-wong padha lalu lalang ing pasar tradhisional.,0
Kancaku menehi kabar babagan kuliahe.,0
Kula ndelok toko kelontong lagi buka.,0
"Wong kafir iki kabeh kudu disingkirake saka tanah Jawa, merga ngrusak adat lan iman kita.",3
"Aku bakal nggebugi kabeh wong sing ndhukung partai iku nganti pejah, awake dhewe sing gawe rusuh.",3
"Kabeh pendatang saka pulo liya kudu diusir, merga padha nyolong panggonan urip wong asli kene.",3
"Wong-wong sing beda kabilah karo aku iku kewan, ora pantes manggon ing kutha iki.",3
"Aku sumpah arep nggesang wong-wong golongan iku, merga turune mung ngrusak negara.",3
"Kabeh kaum sing nyeleneh iku kudu dibakar omahé, supaya ora nyebar ajaran sesat.",3
"Wong lanang saka suku iku kabeh bajingan, kudu ditangkep lan dipateni wae.",3
"Aku bakal ngobong papan ibadahé wong-wong sing nyembah brahala kono, merga nistha.",3
"Kabeh wong sing ngaku pancasila tapi nyolong hakku, pati-pati kabeh, aja nganti lali.",3
"Golongan iku mung sampah masyarakat, kudu dibuang menyang laut bareng karo leluhure.",3
"Orang Madura kok dikon gawe, mesti mangan batu.",2
"Batak karo Ambon iku wong galak lan kasar, ora cocog karo budaya Jawa.",2
"Orang Papua bodho-bodho, mesti ora bisa ngerti perkara ruwet.",2
"Wong Sulawesi iku pelit banget, akeh akale mung ngutang wae.",2
"Jangan percaya karo wong Bali, bisane mung nipu turis.",2
Orang Maluku kui keras kepala lan gampang gelut.,2
"Wong Lampung iku preman kabeh, mbok sing ati-ati.",2
"Akeh kejahatan neng kana, iku tandane wong NTT iku nakal.",2
"Cuma janji palsu, mbok sing nyata ngono!",2
"Rakyat sengsara, nanging wong nang atas urip foya-foya.",2
"Ora usah milih, kabeh partai iku padha wae tukang korupsi.",2
"Pemerintah iki budeg, rakyat nangis dipekik.",2
"Mundur wae kabeh, wong wes ora duwe pakurmatan.",2
"Wah, klambi anyar kok isa podo karo sing tak lebarake wingi, mbok ya kembalikan.",1
"Boten sare, Pak? Swaranipun televisi saged ngantos dugi kemawon.",1
"Lho, kunci motore wis balik ta? Aku ki nyangkut kabeh wae mergo kunci siji.",1
"Kok swara musikipun langkung deres tinimbang obrolan kita, nggih?",1
"Wonten ingkang nyuwun senter, nanging sampun kesupen kersane mbalekaken.",1
"Wah, sepur dalan mlebu omahku njaluk izin dhisik, Pak?",1
Kula mboten ngertos menapa tetangga kula langkung prihatin kaliyan urusan kula.,1
"Barange ilang koyo ilining banyu, nanging yen nyuwun ya ngerti pangkate.",1
"Mboten usah repot-repot ngrungokake critane wong liya, Bu, urip sampeyan piye?",1
"Wah, kadosipun dinten punika badhe wonten konser gratis ing komplek, swaranipun sae-sae mawon.",1
Dheweke mlaku-mlaku neng dalan sawise mulih kerja.,0
Kula ndherek ibu blanja kain kanggo klambi anyar.,0
Simbah sarapan bubur ayam karo teh manis.,0
Keluarga nedha bengi bebarengan jam pitu.,0
"Wong kafir iki kabeh kudu diusir saka Tanah Jawa, merga mung ngrusak tradisi leluhur.",3
"Kabeh pendatang saka pulo liya kudu mateni awake dhewe, merga wis njajah tanah lan rejekine wong Jawa.",3
"Aku arep ngobong gréja-gréja ing kene, supaya wong Kristen ora wani nyembah dewa palsu.",3
"Wong Islam akeh banget kaya asu, nyebar lan ngrusak kabudayan asli Nusantara.",3
"Yen menang pemilu, kabeh wong sing beda partai kudu ditibakke, dikubur urip-urip.",3
"Kulo janji, bilih kelompok iku mlebet désa mben, badhé kulo pateni saklebét kéluarganipun.",3
"Wong etnis Cina iku tikus, rampok kasugihan negara, kudu dipejati kabeh.",3
"Aku duwe senjata akeh, siap digunakake kanggo mbantai kabeh wong sing nentang kelompok kita.",3
"Golongan liya iku sampah masyarakat, kudu disirnakake saka bumi pertiwi iki.",3
"Wong sing ndhukung pemerintah iki budak antek asing, kudu dihancurkan nganti oyot-oyote.",3
"Lha wong Maluku iku panasaran, cepet nesu lan golek gelut.",2
"Sekolahne akeh wong Flores, pasti rankinge mudhun, wong pinteran kok sithik.",2
"Ora usah dipercaya wong Minang, tukang nipu lan pelit.",2
"Wong Jawa iku penjajah, ngremehke suku liya lan doyan nyolong jabatan.",2
"Partai politik kabeh padha kemaki, ngrayu rakyat nanging ngapusi.",2
"Menteri iku dolanane mung lelungan njagong, nyekel proyek gede.",2
"Dasar pemerintah edan, rega mbarang kabeh didadekke.",2
"Sing dadi wakil rakyat padha mblenger, kerjane mung nyolong wektu.",2
"Korupsi gede-gedean, pengadilan mung wayang.",2
"Pemerintah iku lumpuh, ora bisa ngrampungke masalah negara.",2
"Wah, tetangga kuwi koyo lagi latihan karawitan ning tengah wengi, seru banget.",1
"Barange tak celuk mung keselip ning memori wae, mbok ya dikembalikan.",1
"Kok swarane speaker nganti tekan kamar turu kula, kiyek pengaruhi?",1
"Sampun kados kuliah umum, nanging mboten wonten sertifikate.",1
"Mboten sare, nggih, amargi tetangga ngerasakaken kita wonten geguyon.",1
"Barang sing dipun celuk sampun dados tilaran donya, mbok menawi dipun kengingi.",1
Wonten tetangga ingkang langkung prihatin tinimbang keluarga piyambak.,1
"Mboten usah nganggo bel, swaranipun sampun ngantos tekan.",1
"Kula mboten gadhah televisi, nanging tetangga saged nyedhiyakake sinetron langsung.",1
"Wah, kula mboten mangertos menawi tetangga kula inggih punika satpam komplek.",1
Dheweke ngobrol ngenani cuaca sore iki.,0
Aku arep nyapu pekarangan omah.,0
Bocah-bocah lagi dolanan ing plataran.,0
"Wong kafir iki kabeh kudu diusir saka tanah Jawa, mergo awake iku najis lan ngrusak iman wong Islam.",3
"Wong Kristen iku mung ngentekke awake dhewe, aja nganti dipercaya mergo bakal ngrebut tanah lan nyulik anak-anak kita.",3
"Sing dudu asli Jawa kabeh padha balik menyang leluhure, mergo iki tanah kita dhewe, dudu panggonan para pendatang.",3
"Aku bakal ngiris-iris wong saka suku iku yen isih wani mlebu ing wilayahku, awake iku sampah masyarakat.",3
"Para pemeluk agama iku kabeh munafik lan tukang sihir, kudu dibakar greja-greja lan pura-purané.",3
"Wong saka pulo sebelah iku kera-kera sing maling rejeki wong lokal, kudu digebugi nganti mati.",3
Aku sumpah bakal matèni kabeh wong golongan iku mergo wis nistakaké leluhur kita.,3
"Kelompok iku iku parasit, mung ngrusak tatanan, kudu dibasmi kaya tikus tanpa ampun.",3
"Wong-wong sing ndhukung ideologi iku iblis, kudu ditumpes nganti oyot-oyoté supaya ora nular.",3
"Kabeh keturunan iku pengkhianat bangsa, kudu diusir lan aja nganti dikasihani, mergo getihe beda karo kita.",3
"Suku Flores iku miskin lan kere, mung nggoleki derma.",2
"Aja percaya karo wong Bali, pura-pura suci nanging nyembah setan.",2
"Wong Betawi iku males lan tukang ngamen, ora duwe panguripan.",2
"Suku Dayak iku primitif lan tukang ngayau, isih kuno pikirane.",2
Partai politik iku kumpulan para lanang maling.,2
"Mundur wae kowe, pejabat sing ora duwe asing!",2
"Ora ono sing resik, kabeh klebus nang kasus korupsi.",2
"Janjine mung jare wae, rakyat tansah ditipu.",2
"Pemerintah iku buta lan budheg, ora ngrungokke keluhan wong akeh.",2
"Wong sing mimpin saiki akeh sing bocor, moral ambles.",2
"Barange tak lewati karo dititipi, kok malah dadi koleksi ning omah.",1
Kula mboten ngertos menawi wonten tetangga ingkang gadhah tugas nyambut gawe dados pengawas kagiatan kulawarga.,1
"Wes dadi alarm alami, saben esuk pasti ana swara bedhil-bedhilan saka sebel.",1
"Mboten nate kesel ndherekaken barang, namung kersanipun mboten kantun balik.",1
"Kok rasane uripku dadi sinetron, terus ana sing ngatur-ngatur lakon.",1
"Turu iku perlu, nanging tetangga kuwi kayane lali yen jagad iki perlu sepi.",1
"Barang sing dipun silih, menawi sampun dados milikipun piyambak.",1
"Kula remen sanget ningali semangat gotong royong, nanging mboten ngantos mlebet ning kamar pribadi.",1
"Wah, nek ngomong iku kudu ati-ati, soale tembok kuwi kaya bolong, kabeh swarane mlebu.",1
Adhine ngunjuk teh panas.,0
Dheweke mlaku-mlaku ning taman.,0
Wong-wong padha dodolan aneka jajanan.,0
Aku nggodhok banyu kanggo adus.,0
Dheweke nunggu bis ning halte.,0
"Kabeh wong pendatang saka pulo liya aja ngremehake wong asli, awakmu mung numpang urip nang kene.",3
"Golongan iku kabeh antek asing, bakal tak gebugi nganti mati yen nekat nantang kedaulatan.",3
"Wong-wong sing beda keyakinan karo kula iku najis, kudu disingkirake saka lingkungan iki.",3
"Aku sumpah, yen kelompokmu menang, aku bakal bakar omahmu lan sedulurmu siji-siji.",3
"Kabeh turunan iku penjajah ekonomi, kudu dibabat supaya ora mangan kasempatan wong cilik.",3
"Wong sing ngaku pahlawan iku cuma tukang tipu, bakal tak bongkar kuburane lan tak sembarangake.",3
"Kelompok iku kabeh sampah masyarakat, kudu dibersihke nganggo cara apa wae, sanajan nganggo getih.",3
"Awas, yen kowe terus nantang, aku arep ngajak kabeh warga kanggo ganyang sekabehane turun temurunmu.",3
"Penganut agama liya iku sumber petaka, kudu diusir lan dikembalike nang ngendi asale.",3
"Wong Maluku iku keras lan gampang dadi panas, kaya preman.",2
"Sekolahane wong NTT iku ndeso banget, ora ngerti teknologi.",2
"Aja percaya karo wong Tionghoa, pelit lan licik.",2
"Wong Jawa iku penjajah, seneng nindhes suku liya.",2
"Cuma ngomong doang, janjine kabeh palsu.",2
"Dasar pejabat lacur, mangan dana bansos dewe.",2
"Kebijakane mung ngrusak, rakyat sengsara.",2
"Wong ndhisiki kabeh ngumbar janji, ning akhiré mung ngumbar duwit.",2
"Ora usah milih-milih, kabeh podo bangsat koruptor.",2
"Pemerintah iku budheg, rakyat nangis dipepet ora krungu.",2
"Rezim iki mung nggolek kekuwatan, dudu kesejahteraan.",2
"Wah, tetangga kita lagi latihan karawitan ya, suarane koyo pasar kliwonan neng ngomah.",1
"Kula mboten saget tidher dalu, kadosipun pakdhe neng sebelah gadhah proyek pengaspalan dalem dalem nopo.",1
"Wes seminggu aku nunggu sekopku balik, mbok ya dirawat koyo anak dhewe, tak kiro wis dadi anggota keluarga sampeyan.",1
"Lho, kula mboten ngewontenaken senter, nanging menawi badhe pinjem kula aturi mboten nate mbalekaken.",1
"Kok aku uripku koyo sinetron, sampeyan sing nulis skenario kabeh.",1
"Wah, ibu iki koyo detektif, sak klebatan motor tamu wae wis kudu takon model endi, merk opo.",1
"Sugeng ndalu kula aturi, menawi gadhah hajat dalu, kula saged nyuwun volumeipun dipun rumiyin.",1
"Barangku sing ilang koyo wis nglakoni ndharma wibawa, mboten nate bali neng ngomah.",1
Sampeyan iki luwih pinter nimbang-nimbang urusanku tinimbang urusan dhewe.,1
"Kula mboten gadhah televisi, nanging kula saged nyinau sinetron saking crita-crita ibu neng pinggir tembok.",1
Adhine nggawa kranjang belanja.,0
"Golongan iku mung tukang ngrusak persatuan, aja nganti diwenehi panggonan neng pemerintahan.",3
"Wong sing beda keyakinan karo kulo, siap-siap waé uripé bakal celaka lan sengsara.",3
"Kabeh keturunan Cina iku penjahat ekonomi, kudu diusir lan dagangane diboykot.",3
"Wong njaba pulo Jawa iku arogan lan doyan nyolong jabatan, kudu dilawan nganti tekan akar-akare.",3
"Aku sumpah, nek partai iku menang pemilu, arep tak bakar kabeh markase wong sing nglawan.",3
"Wong sing ndukung LGBT iku kotor lan menyimpang, patut dipateni supaya ora nulari bocah-bocah.",3
"Kabeh wong sing nganggo jilbab iku palsu lan munafik, mung golek perhatian waé.",3
"Generasi muda sing beda pikiran karo leluhur iku bocah durhaka, kudu dihukum pati.",3
"Suku Flores iku kafir, aja diajak kerja bareng.",2
Wong Lampung iku primitif lan tukang ngerampok.,2
"Wong Betawi iku pinter mung ngomong doang, kerjane males.",2
"Wong-wong niku korup kabeh, mung ngurusi kantong dhewe.",2
"Kebijakane mung nguntungke sing duwe modal, rakyat cilik tansah dikorbankno.",2
"Wong sing mimpin saiki ora duwe rasa isin, korupsi terang-terangan.",2
"Janji-janjine mung pepesan kosong, mbohongi wong cilik.",2
"Aparate pada bejat, saka ndhuwur nganti ngisor mung golek duwit.",2
"Pemerintah iki lumpuh, ora bisa ngrampungke masalah rakyat.",2
"Pilpres mung pesta demokrasi palsu, sing menang tetep wong sing padha baene.",2
"Wong politik kabeh hipokrit, ndemokake rakyat nanging urip mewah.",2
"Wah, tetangga kita lagi latihan karawitan ya, suarane koyo pasar kliwonan.",1
"Kula mboten sregep ndherek obrolan, nanging kula keprungu swantenipun sampeyan saking tembok.",1
"Lho, televisinipun pakdhe kok mboten wonten gambare, nanging swaranipun saged ngantos mriki.",1
"Boten pareng nyuwun senter, nanging menawi sampun pinjam, kados ta ilang ing wekdal.",1
"Kula nuwun sewu, menawi griya kula dados papan dolanan anak-anak tetangga.",1
"Wah, sampeyan ternyata ahli ngatur urusan wong liya, koyo kepala lingkungan.",1
"Kula mboten ngertos menawi sampeyan gadhah bisnis penyewaan barang, amargi barang kula asring pinjam nanging mboten kondur.",1
"Rame banget ning omah sampeyan, koyo arep nganakke hajatan minggu-minggu.",1
"Sampeyan kula pitadosi nggadhahi kunci griya kula, amargi asring mlebu-mlebu.",1
"Mboten usah repot-repot ngrungokake urusan kula, sampun wonten yang ngatur.",1
Kancaku ngunjungi omah aku sore iki.,0
"Kabeh pendatang saka pulo liya kudu balik, nek ora arep diklakoni karo wong lokal sing wis sabar.",3
"Golongan iku mung tukang ngrusak persatuan, kudu diapusi nganti oyod-oyode.",3
"Wong sing beda karo aku iku kethek, ora nduweni kawicaksanan urip.",3
"Kabeh wong sing ndukung pemimpin liya iku pengkhianat bangsa, kudu ditumpes.",3
"Aku sumpah, nek golongan kuwi menang, aku arep nggebugi siji-sijine nganti pejah.",3
"Wong-wong sing ngaku pancen pinter iku maling wewenang, kudu digebug ngerti awake dhewe.",3
"Kabeh kaum sing nyeleneh iku sampah masyarakat, kudu dibersihke sekabehane.",3
Aku bakal ngrekrut wong akeh kanggo nyerang kumpulan mungsuh iku nganti kobong omah-omahe.,3
"Generasi leluhurku bakal ngamuk nek ndeleng wong liya ngrebut tanah iki, siap-siap perang dadi-jadian.",3
"Lha wong Jawa iki penjajah, ngrebut tanah lan dagangan wong lokal.",2
"Akeh tindak kriminal kae, pancen biasane ulah wong Maluku.",2
"Ora usah diajak rembugan wong Papua, mung mumet awake dewe.",2
"Wong Kalimantan kui terbelakang, mung ngandelake kayu lan tambang.",2
"Seng nggawa obat terlarang kae ya wong Medan wae, wis terkenal.",2
"Wong Bali bisane mung ngibul turis, urip saka tipu-tipu.",2
Makelar tanah sing nakal iku biasane asli wong Minang.,2
"Pemerintah iki edan, rakyat sengsara, kebijakane nggak mikirin wong cilik.",2
"Sing dadi pejabat mung ngurusi bokong dewe, rakyat dipepeti.",2
"Kabeh partai padha bae, janjine mung omong kosong, pungkasane maling.",2
"Pemerintah iki tolol, awake dhewe mung sugih, rakyat ditinggal mlarat.",2
"Korupsi gede-gedean, pengadilan mung wayang, sing cilik ditangkep, sing gede dibelani.",2
"Kebijakane asal-asalan, kaya wong ora duwe otak, ngrusak negara.",2
Wakil rakyat? Wakil kepentingan dewe! Mangan utang rakyat!,2
"Rezim iki busuk, kabeh institusi wis direbut maling berdasi.",2
"Wah, tetangga kita seneng banget karo musik, nggak lali diputer saban dina koyo ana konser gratis.",1
"Kula mboten purun nyuwun barangipun, mboten kados tiyang ingkang sakedhik-sakedhik nyuwun nanging mboten kantun kenging diwangsuli.",1
"Wes dadi ahli ngati-ati karo urusane wong liya, koyo dheweke ora duwe urusan dhewe.",1
"Lho, mbok menawi gadhah tetangga ingkang remen nyambut gawe bengi-bengi, kula punika sampun kaping kalih ndherek damel.",1
"Barange ilang kari tandha, pancen tetangga sing apik, nggawa mulih tanpa ngomong.",1
"Kok swarane koyo lagi latihan karawitan, nanging ra sah nganti tekan esuk, Pak.",1
"Kula mboten ngertos menapa tetangga kula remen ndelok kula, mesthi saben rawuh selalu wonten pitedah ingkang mboten kula nyuwun.",1
"Wes dadi tukang nyicil, nyicil barang, nyicil budi, nanging ora tau lunas.",1
"Adhuh, bengi iki petengan yaa, swara televisipun sampeyan saged kula rungokaken kanthi jelas.",1
"Kula nuwun sewu, menawi bade nyambut gawe, mugi-mugi mboten ngangge alat ingkang gadhah swara kados mesin, kula punika mboten badhe ndherek nyambut.",1
Adhek ngunjuk teh anget.,0
Wong-wong padha dolanan ning lapangan.,0
Kula ndherek ibu menyang warung.,0
Simbah nyimak radio ning kamar.,0
Kancaku nggawa tas sekolah.,0
Dheweke nggawa payung amarga udan.,0
"Aku bakal nggebugi kabeh wong sing ndhukung partai iku nganti mati, merga mung tukang korupsi.",3
"Kabeh wong saka suku iku pancen goblok lan maling, kudu dibabat supaya negara resik.",3
"Wong-wong sing beda agama karo aku iku setan, kudu dibakar omahé.",3
"Aku arep nyiksa kabeh keturunan PKI, sanak-seduluré uga kudu disingkirake.",3
"Golongan iku kaya tikus, nggremeti negara, kudu diracuni nganti punah.",3
"Wong saka pulo iku akeh sing gemblung, mung cocok dadi babu, aja dipercaya.",3
"Aku bakal nggalang massa kanggo numpes kabeh pendukung calon iku, tega pateni.",3
"Kabeh wong sing ngaku aktivis iku penghianat bangsa, kudu ditembak ing panggung.",3
"Kelompok iku sumber pageblug, merga dosane, kudu diusir saka desa iki tanpa ampun.",3
"Suku Aneh kae wong Dayak, tukang ngayau arep diugemi.",2
"Wong Maluku iku keras lan nekat, kaya preman dalan.",2
"Ora usah diajak rembugan wong Jawa Timur, atine sempit lan tukang sengit.",2
Wong Menado sombong lan tukang ngremehke wong liya.,2
"Sing dadi pejabat mung ngumbar janji palsu, asline tukang nipu.",2
"Dasar pemerintah edan, rega-regane pada mumbul nggilani.",2
Wong sing nyolong duwit rakyat kok isih bebas mlaku-mlaku.,2
"Pemerintah iku koyo bedhog, mung nyusuh nanging ora nggawa berkah.",2
"Politisi jaman saiki akeh sing lacur, moralé murah banget.",2
"Kabeh partai padha wae, tokroké mung senggol duwité negara.",2
"Wah, klambine mbak Yati kok keselak karo angine, neng ngarepe omahku terus, pancen ora ilang-ilang.",1
"Bapake cah ayu kae pancen pinter banget, ngerti kabeh urusane wong liya, kaya dene dheweke sing duwe.",1
"Lho, jam pira iki kok isih ana sworo musik sing nyenggol-nyenggol ati, kaya arep ngrameke preinan nasional.",1
"Wah, sepatune mas Joko pancen setia banget, merga saka wingi mlebu omahku, tekan saiki durang bali.",1
"Kok sworo oboronge neng ngarep rame banget kaya pasar sore, ngganggu kenyamanan sing lagi istirahat.",1
"Barange wong kok dianggo kaya duweke dewe, dikembalikke kapan ya, kudu nunggu dina apik?",1
"Aduh, kulo mboten saget nambahi pendapat, mergi sampun kathah pitedah saking tangga teparo.",1
"Wes sore kok isih ana sworo bedhug-bedhugan, kaya ana latihan perang aja.",1
"Mboten usah repot-repot ngurusi rejekine wong liya, Bu, mugi dipun aturaken dhumateng Gusti kemawon.",1
"Wah, televisine pakdhe pancen canggih, swarane bisa tekan ngomahku, nggawe aku iso nonton gratis.",1
Anak-anak mangan jajanan pasar bareng.,0
Wong-wong padha mlaku-mlaku ing pasar.,0
Kancane ngunjungi omah dheweke.,0
"Wong kafir iki kabeh kudu disingkirake saka tanah Jawa, merga ngancani reregede bumi pertiwi.",3
"Wong saka pulo sebelah kui aja dipercaya, dheweke mung arep nggawa bala lan ngrusak urip kita wae.",3
"Kabeh kaum pendatang iku maling lan perampok, kudu diusir utawa dibakar omahé.",3
"Aku sumpah, yen partai ku kalah, aku bakal matèni sapa wae sing beda pilihan.",3
"Wong agama liya iku babi, kudu dicekel lan dipeksa mlebu agama kita.",3
"Kabeh wong sing nganggo baju khas iku antek asing, aja diparingi urip neng kene.",3
"Generasi tua iku bodho lan kolot, kabeh kudu diganti karo pemuda sing bakal ngganyang.",3
"Yen golongan ku diremehke maneh, aku janji bakal nggawa senjata lan nglakokake pembantaian.",3
"Kabeh wong sing ngomong basa liya ing pasar kudu digebug, merga nistane budaya Jawa.",3
"Suku Aneh kok diurusi, wong Jawa sing mbangun negara iki.",2
"Wong Maluku iku keras kepala lan emosional, kaya preman.",2
"Aja percaya karo wong Bali, pinteré mung ngecoh turis.",2
"Makelar tanah iku biasané wong Betawi, licik lan rakus.",2
Aku muak ndeleng pejabat mung sok-sokan.,2
Mereka iku penipu sing ngapusi rakyat.,2
"Kanggo wong kuwasa, rakyat iku mung alat baen.",2
"Pemerintah iku bejat, ora bisa dipercaya.",2
Wong-wong nang DPR iku maling berdasi.,2
"Barang sing dipun ginakaken kok rasane keselak ning lemari sing bener, Bu?",1
Kula mboten ngertos menawi wonten tetangga ingkang gadhah tugas nyekapi riwayat urip kula saben dinten.,1
"Wes dadi alarm alami, nek subuh-subuh wis ana swara bor gebyag.",1
"Nek nyilih perkakas, kudune bali, dudu dadi koleksi pribadi.",1
"Kok rasane uripku dadi sinetron kanggo tetangga, ya?",1
"Wes, aku ngerti lagu-lagu pop anyar saka speaker sampeyan, Pak.",1
"Mboten nate bosen ngrungokake crita kula sing versi tetangga, nggih?",1
"Nek arep nandur saiki, tandurane ojo nganti nggawe oyod nggremet ning pekarangane wong.",1
"Kula mboten badhe nyuwun, nanging menawi badhe nyedhot sak gelas gula, kula saged aturi.",1
Adhine nyapu lantai kamare.,0
Aku ngunjungi toko buku sawise kerja.,0
Ibu nyelehake belanjaan ing meja dapur.,0
Aku mlaku-mlaku ning taman sore iki.,0
"Wong kafir iki kabeh kudu diusir saka Tanah Jowo, ora gelem nyembah Gusti Allah.",3
"Aku bakal nggrundul wong-wong saka suku iku nganti pada mati, merga mung dadi beban.",3
"Wong partai iku kaya asu, kabeh korupsi, kudu digebugi nganti ora bisa mbrebes mili.",3
"Kabeh wong sing beda karo awake dhewe iku bajingan, kudu dibakar omahé.",3
"Aku sumpah bakal matèni kabeh wong sing ndhukung kelompok iku, siksa kubur kanggo kowe.",3
"Wong-wong saka pulo iku maling, rampok, kudu dipateni wae ning kene.",3
"Golongan iku kaya tikus, ngrusak negara, kudu dibasmi nganti oyot-oyoté.",3
"Aku bakal nyiksa kowe kabeh sing beda agama, nganti jerit nyuwun-nyuwun.",3
"Kabeh keturunan Cina iku penghianat, maling kasugihan negara, kudu dipepe dadi awu.",3
"Wong-wong sing ngaku aktivis iku provokator, kudu ditembak mati ing panggonan.",3
"Aja cedhak karo wong Papua, bodho lan mung pinter mabuk.",2
"Wong Kalimantan iku kampungan, uripé nèng alas terus ketinggalan jaman.",2
"Wong Maluku iku keras lan gampang dadi preman, bangsat kabeh.",2
"Suku Jawa iku licik lan tukang nyolong, percaya tak percaya.",2
"Wong Bali iku mung pinter ngibulin turis, agamaé beda karo kita.",2
"Aja percaya karo wong Betawi, tukang ngomong doang, kerjane males.",2
"Wong NTT iku miskin lan kotor, mung cocok dadi pembantu.",2
"Pemerintah iki goblok, ora mikirke kahanan wong cilik.",2
"Kebijakane mung nguntungke wong sugih, awakmu dhewe dipepet.",2
"Sing dadi pejabat maling kabeh, negara bubar.",2
"Ora usah milih-milih, kabeh partai padha tukang tipu.",2
Pemerintah iku bodho lan ora duwe rasa wedi karo Gusti.,2
"Wakil rakyat mung ngomong doang, nglakoni ora.",2
Negara iki wis rusak amarga wong sing pinter nglawak.,2
"Wah, tetangga kuwi koyo lagi latihan karawitan ning tengah wengi, nek ngono krama'e ngganggu.",1
"Aku ngenteni barangku balik koyo ngenteni jodoh, mboten pasti kapan rawuhe.",1
"Sampeyan pancen pinter banget, ngerti urusanku kulo mboten sakedhik.",1
"Bisik-bisik rina wengi swarane ngalahake speaker masjid, nggih.",1
"Pinjem panci, balihe taun depan bareng karo undangan mantenan.",1
"Kok rasane urusanku dadi urusan bareng kabeh warga, ya?",1
"Tukang nyilih sing ra bisa dadi tukang balekke, ngenes tenan.",1
"Wes dadi ahli waris kabeh barang-barangku, kapan-kapan dicatet ning surat wasiat.",1
"Krama tangine esuk-esuk, nanging dudu kanggo sholat, nanging kanggo ngrasani urusan liyan.",1
"Lha, aku kiwo neng omah dewe kok rasane koyo lagi diinterview kanggo berita sore.",1
Wong-wong padha mlaku-mlaku neng alun-alun.,0
Kancaku lagi nulis tugas sekolah.,0
Anak-anak padha dolanan ing plataran omah.,0
"Kabeh wong sing beda keyakinan karo aku iku laknat, patenana wae nganti oyod-oyode.",3
"Wong saka suku liya mung mlebu nggragas, matèni wong asli kene, kudu dibalèkake menyang panggonane dhewe.",3
"Kabeh pendatang iku asu, nyolong rejekine wong pribumi, kudu digebugi nganti pecut.",3
"Aku sumpah bakal ngganyang kabeh wong sing ndhukung kelompok liya, mateni siji-sijiné.",3
"Wong-wong sing ngaku pancasila iki nanging nyembah berhala, kabeh iku penghianat bangsa.",3
"Kelompok iku mung sampah masyarakat, kudu dibersihke saka desa iki nganti ora ana sing iseh urip.",3
"Aku bakal nyiksa kabeh turunane wong sing beda partai karo aku, nganti loro-loroné mati.",3
"Golongan liya iku penyakit, siji-sijine obat mung karo pedhang lan geni.",3
"Wong Madura iku kethèk diomongke, mung ngerti dagang sate tok.",2
"Aja pacaran karo wong Jawa, pinter banget nggelèm duwité wong.",2
"Wong Kalimantan kaya wong alas, ora ngerti aturan kutha.",2
"Wong Papua goblok, dikasih otonomi khusus ya tetep terbelakang.",2
"Wong Bali iku pura-pura suci, nanging uripé mung ngibadah lan turis.",2
"Suku asli Jakarta iku ilang, diganti sama pendatang arogan.",2
Wong Maluku iku keras kepala lan gampang bawa parang.,2
"Aja percaya karo wong Minang, pinter licik dagang.",2
"Dasar pejabat lacur, mung ngisep getih rakyat.",2
"Partai iku kabeh padha jancuk, padha doyan kolusi.",2
"Sing menang pemilu wae penipu, janjine mung omong kosong.",2
"Pemerintah iki budeg, rakyat nangis dipekek.",2
"Korupsi gede-gedean, negara bakal pecah.",2
Wong-wong nang Senayan iku maling regane rakyat.,2
"Bapake arep nandur apa neng kebon, kok saben sore rame banget kaya ana hajatan?",1
"Wes sore kok isih ana swara kaya besi ketarik, koyo lagi latihan karawitan neng ngomah.",1
"Lho, jenenge sowan nang omahku njaluk sekop, saiki kebone wis mari digarap, sekope dadi tumbasanku.",1
"Kula mboten ngertos menawi wonten tetangga ingkang gadhah usaha rental televisi, amargi tipi kula sampun minggat dangu.",1
"Wah, bocah-bocah saiki pinter banget, dolanan bal-balan neng dalan karo kendang, latihan jadi pemain musik.",1
"Kulo nyuwun pangapunten, menawi bade nandur kembang, nanging pot kula ingkang ageng sampun dangu boten wonten papanipun.",1
"Mbok, nek arep ngerti urusan wong liyo, daftarne dadi RT wae, aja mung neng jendela.",1
"Wes bengi kok isih ana swara kaya lagi ndudag tikus, kiro-kiro tikus opo sing ukurane gedhe banget?",1
"Kula kepareng nyuwun pirsa, kados pundi pakaryanipun mas-mas niku, saha kula saged ndherek nggih? Amargi kula rumangos tansah dipunawasi.",1
Dheweke arep masak sega goreng kanggo nedha awan.,0
Adhine ngunjuk teh anget sawise mulih sekolah.,0
Wong-wong padha dolanan voli ning lapangan desa.,0
Mbak lagi nggolek resep masakan anyar ning internet.,0
"Wong kafir iki kabeh kudu diusir saka tanah Jawa, merga mung ngrusak kabudayan lan iman leluhur kita.",3
"Kabeh wong sing beda partai karo awake kudu ditumpes, merga dheweke iku pengkhianat bangsa lan ngrusak negara.",3
"Aja nganti percaya karo wong saka suku iku, dheweke iku turunan penjajah sing rakus lan bakal ngrusak uripmu.",3
"Wong-wong sing ndhukung kelompok liya iku kabeh bocah setan, kudu dibakar omahé lan dicekel sekabehane.",3
"Kabeh keturunan PKI kudu dihabisi, merga getih pemberontak isih ana ing awake lan bakal mbalek maneh.",3
"Wong agama liya sing nyebar ajaran kafir iki kudu dibantai, supaya tanah Jawa resik maneh.",3
"Aku sumpah, yen kelompokku menang, kabeh wong saka pulo sebelah iku bakal dikemplang lan diusir bali menyang laut.",3
"Wong sing nganggo basa liya ing panggonan iki iku asu, kudu digebugi nganti mati lan dikubur urip-urip.",3
"Kabeh pendatang saka kana iku perampas rejeki, kudu dibom lan diceburke menyang jurang.",3
"Generasi mudha sing beda pikiran karo kita iku virus, kudu ditumpes nganti oyod-oyode supaya ora nular.",3
Akeh wong Jawa ngaku pinter nanging mung tukang nyolong jabatan.,2
"Wong Madura keker lan tukang bacok, sithik-sithik gelut.",2
Wong Papua masi primitif lan ora cocog urip neng kutha.,2
"Wong Kalimantan kui terbelakang, mung ngandeng kayu lan tambang.",2
"Orang Maluku panas barane, gampang dadi provokator.",2
"Wong Bali mung ngurusi turis, agamane wis dicampur karo adat.",2
"Akeh wong Lampung tukang nipu, bisane mung ngibul.",2
"Pemerintah iki bodho banget, gawe kebijakan sing nggremeni wong cilik.",2
"Cangkem mung manis nanging tumindak nyolot, akeh janji palsune!",2
"Wong sing dadi pemimpin iku akeh sing lacur, mung ngurusi awake dhewe.",2
"Partai-partai iku podo jancuk, padha rebutan kursi nanging rakyat ditinggal.",2
"Korupsi munggah ng langit, pejabat-pejabat pada busuk atine.",2
"Pemerintah iku olo, ngapusi rakyat kabeh karo omong kosong.",2
"Wes akeh bukti korupsi nanging dadi meleki, pengadilan katon dipengaruhi.",2
"Wah, klambi anyarku kok ra tau bali, mbok ya dijaga nganti suwek kaya kesabaranku ngenteni.",1
"Bapak kula mboten sare, Pak, amargi nunggu denting jam pisan esuk saking griyanipun.",1
"Wes dadi arum mambune kembang, Pak, nanging sampun sepisan kula aturi, kenthongan mboten perlu dipun tabuh saben dalu.",1
"Lho, jarum jamku kok ilang, ta? Mesti numpak wektune mbakyu nyapu nganti suwe banget.",1
"Kula nuwun sewu, kersa ndherek rembugan dinten punapa kula kedah pindah griya?",1
"Wah, sepur mboten wonten relipun, nanging swantenipun saged dugi mriki.",1
"Kula mboten gadah televisi, Pak, nanging crita sinetron saking griyanipun saget kula śrawangi saben dinten.",1
"Mboten usah mentas tembok, Pak, kula saged langsung mundhut barang kula ing teras.",1
"Dalan punika saé piyambak, Pak, kados déné tetangganipun ingkang mboten remen nyampuri.",1
"Wah, kadosipun kula kedah ngasta teleskop, amargi urip kula saestu dados tontonan.",1
Dheweke arep menyang warung kanggo tuku gula.,0
Aku bakal nggebugi kabeh wong sing ndhukung partai iku nganti mati.,3
"Wong saka suku iku kabeh maling, kudu dibakar omahé.",3
"Kabeh pendatang saka pulo iku bajingan, persiapan perang beneran arep ditindakake.",3
"Golongan iku kaya tikus, racun kudu disebar supaya padha punah.",3
Aku sumpah arep nyembelih siji-sijine wong sing beda agama karo aku.,3
"Wong-wong sing ngaku pejuang iku cuma preman, bakal ditumpes nganti oyot-oyote.",3
"Kabeh keturunan iki pengkhianat bangsa, kudu diusir utawa dicekik uripe.",3
"Aku bakal ngrusak kabeh tempat ibadah golongan iku, tunggu wae.",3
"Wong saka kabilah iku iblis, kudu dibantai kabeh tanpa sisa.",3
Akeh wong Batak kasar lan tukang ngamuk karo dheweke.,2
"Wong Madura iku tukang nyolong, akeh sing dadi copet ning kene.",2
"Ora usah percoyo karo wong Kalimantan, pancen goblok ora ngerti bisnis.",2
"Wong Papua iku primitif, mesti mabok terus urip e.",2
"Akeh wong Lampung tukang ngarah, ngremehke wong liyo.",2
"Wong Maluku iku panas barane, sithik-sithik gelut.",2
"Wong Bali iku pura-pura suci, nanging tukang nipu turis.",2
"Akeh wong Betawi males kerja, mung ngarepke bantuan pemerintah.",2
Wong Menado sombong lan tukang ngunggah-unggahi awake dhewe.,2
"Politisiku iku mung tukang korupsi, rakyat dipepet nanging awake sugih.",2
"Wong-wong nang kono podo maling duwe rakyat, kebijakane mung nguntungke awake dhewe.",2
"Pemerintah iki goblok, ora mikirke wong cilik, mung ngisep dana proyek.",2
"Sing dadi pejabat mung ngumbar janji palsu, nyatane rakyat tansah ditipu.",2
"Kebijakane salah total, ngrusak negara, rakyat dadi sengsara.",2
"Wong-wong nang DPR iku tukang mangan suap, kaya lakune para setan.",2
"Pemerintah iki edan, rega-regane pada munggah, rakyat meh ora bisa urip.",2
"Mereka iku para bajingan berjas, ngremehake rakyat cilik.",2
"Korupsi wis dadi budaya nang kana, negara bakal cilaka.",2
"Pimpinane ora duwe ati, kaya domba disetir pengusaha nakal.",2
"Wah, klambi anyar ibu kok katon kaya punyane Bu Siti sing ilang minggu kepungkur, ya?",1
"Dino-dino iki, prenane karo manuk ereng-ereng, ngguyu esuk-esuk nganti sore.",1
"Lho, kok jam wekerku malah muni ing omahé pakdhe, ta?",1
"Wonten ingkang remen anggenipun nyuwun piranti, nanging kersanipun ngasta setunggal tahun.",1
"Wah, swantenipun televisi mawon saged dugi dhateng griya kula, kados piyambakanipun gadhah.",1
Kula mboten ngertos menawi griyanipun tiyang sanes kedah dipun awasi saben dinten.,1
"Wes dadi ahli waris barang-barange tangga, ya?",1
Kok rasane uripku dadi bahan guneman warga kabeh.,1
"Mboten nate bingung babagan gesang kula, amargi tiyang sanes langkung prihatos.",1
"Wonten ingkang remen nyambut damel, nanging damelipun nyambut griyanipun tiyang sanes.",1
Kancaku menehi kabar babagan acara reunion.,0
"Wong saka pulo seberang iki mlebu nggawa penyakit, aja nganti digawe tetangga, luwih becik dipateni wae.",3
"Golongan iku mung tukang nyolong kekayaan Jawa, sikile kudu dipotong supaya ora bisa mlebu maneh.",3
"Aku arep ngobong gréja-gréja ing kene, supaya wong Kristen ora wani nyembah dewa palsune.",3
"Wong-wong sing beda partai karo aku iku pancen bajingan, kudu ditumpes nganti oyod-oyode.",3
"Kabeh keturunan Cina iku tikus, siap-siap aku gelar razia lan gebugi kabeh nganti pejah.",3
"Wong sing nganggo jilbab iki mung pura-pura suci, padha didokoki racun wae biar mati.",3
Aku janji bakal nyiksa kabeh wong sing ndhukung pemerintah iki nganti nangis getih.,3
"Golongan liya mung sampah masyarakat, kudu dikumpulke lan dibuang menyang laut.",3
"Wong sing ngaku NKRI tapi ngrekrut teroris, kabeh kulawargane kudu dibantai tanpa sisa.",3
"Wong Madura kui tukang nyolong, akeh sing dagang sapi kok malah ngutil.",2
"Akeh wong Papua kui masi primitif, ora ngerti perkembangan jaman.",2
"Wong Kalimantan kui kebangeten, alas-e dibabat kabeh dikangkangi.",2
"Wong Maluku kui panasaran, cilik-cilik wes bawa parang.",2
"Akeh wong Bali kui pelit, sugih-sugih nanging uripe mepet.",2
"Wong NTT kui mbeling, dikasih bantuan terus minta maneh.",2
"Wong Betawi asline tukang ngamen, saiki ngaku-ngaku pribumi.",2
"Wong Jawa Timur kui over, nganggo sepeda motor kebut-kebutan.",2
"Wong-wong niku korupsi nganti gedhe, rakyat dicekik mlarat.",2
Pemerintah iku mung wayang sing didalangi para cukong.,2
"Kebijakane mung nguntungke kroni, nggak mikirke wong cilik.",2
"Wong sing nduwur iku kabeh hipokrit, janji palsu melu-melu.",2
"Aparate pada bejat, mung ngibul lan ngrayu rakyat.",2
"Pemilu iku dolanan duwit, sapa sing duwe akeh menang.",2
Wong sing mimpin iku bodho lan ora duwe pangerten.,2
"Reformasi iku gagal total, mung ganti bajingan sing njajah.",2
"Wah, klambi anyar kok katon pinarak tenan, Bu. Tiang wingi nggoleki setrikaan kanggo nyetrika klambi, nanging mbok menawi keselap pundi.",1
Boten nate ngertos menawi dalem mriki gadhah latihan gamelan saben dinten. Kula ngira-ngira wonten hajatan ageng.,1
"Lho, sapunika dering telpon kula sampun boten bunyi. Mboten wonten ingkang sengaja mateni, to?",1
"Kula nuwun sewu, menawi pinten-pinten sakedhik kula kedah nyuwun tolong dipun paringi dangu. Kula mboten purun nganggu wekdal panjenengan nyetel musik.",1
"Wonten ingkang ngendika, menawi nyambut damel ing griya, kedah saged ngemataken barang-barang ingkang dipun aturi. Saestu pitedah ingkang sae.",1
"Kula kedah nyuwun pangapunten, kula mboten saged nyambut damel kanthi sae amargi boten fokus. Swantenipun sae-sae kemawon saking njawi.",1
"Mbok menawi kersa ngrawuhi rapat RT, Pak. Kula kepengin ngaturaken babagan pentingipun ngurmati wekdal wengi.",1
"Kula mboten purun nyuwun barang malih, Bu. Kadosipun barang kula langkung sae manggèn wonten mriki.",1
"Wah, saestu tetangga ingkang trep. Saben kula arep tindak, tansah dipun tanyani ""tindak pundi?",1
Kula mboten ngertos menawi panjenengan gadhah kewajiban ndeteksi kabar simbah kula saben dinten. Matur nuwun sanget atas perhatianipun.,1
Dheweke lagi masak sega goreng ning dapur.,0
Adhine ngunjuk teh anget sore iki.,0
Kancaku lagi nggambar pemandangan gunung.,0
"Kabeh wong saka suku iku mung tukang maling lan perusuh, aja nganti dipercaya nganti saiki.",3
"Sing dudu asli Jawa kabeh padha balik menyang leluhure, ora duwe hak urip neng kene.",3
"Golongan iku kabeh antek asing, bakal dibabat nganti oyod-oyode yen nekad nantang kedaulatan kita.",3
"Wong-wong sing beda keyakinan karo aku iku setan, kudu ditumpes supaya bumi Jawa resik.",3
"Akeh bencana iki amarga wong golongan liya wis ngrusak kasejahteraan kita, awake dhewe kudu melek.",3
"Kabeh wong saka pulo sebelah iku perampas rejeki, kudu diusir kanthi kekerasan yen perlu.",3
"Generasi muda aja nganti dikacauhi pikirane dening wong golongan iku, sing pancen tukang nggawe rusuh.",3
"Wong-wong sing nggawa ajaran sesat iki kudu dibakar omah lan keluargane, supaya ora nyebar virus.",3
"Saben wong saka kelompok iku iku pengkhianat bangsa, patut dicap lan diasingake seumur hidup.",3
Wong Sunda mah bisane mung nyadong sangu jeung lalab.,2
Wong Madura iku tukang gelut lan goblog.,2
Wong Lampung kuwi tukang ngutil lan ora bisa dipercoyo.,2
"Aja cedhak karo wong Kalimantan, tukang mabuk lan madat.",2
Wong Papua iku primitif lan mbeling.,2
Wong Maluku galak-galak lan gampang dadi panas.,2
"Wong Betawi males kerja, bisane mung ngomong doang.",2
Akeh wong Jawa Timur iku tukang tipu lan licik.,2
"Pemerintah iki mung tukang nglokro, janji-janjine mung pepesan kosong.",2
"Sing menang pemilu wae maling, rakyat tansah ditipu.",2
Wakil rakyat? Wakil kepentingan pribadi kok!,2
"Ora usah milih, siji-siji padha bejat lakune.",2
"Pajek ditarik akeh, ning panggonan umum rusak kabeh.",2
"Mereka iku maling berdasi, rakyat dicekik krungu keluhan.",2
"Pemerintah iku lumpuh, mung bisa ngomong ora bisa ngelakoni.",2
"Wah, klambi anyar ibu kok pinjem terus, mbok ya dienggo nggawe klambi dhewe, biar luwih mantep.",1
"Bapak koyo arep nggawe bengkel musik neng omah, nek ngono yo dipikirake wong sekiyaran.",1
"Wes dadi kolektor ya, Bu? Barang-barangku sing dipinjem kok pada ilang karo dalane.",1
Lha sampeyan iki dadi pengawas RT ndhak? Kula mboten sadar menawi sampeyan dipilih.,1
"Waduh, sepur barang-barangku kok ora ono balikane, mbok yo balikno sakdurunge ilang.",1
"Rame banget neng kene koyo pasar sore, nanging kok dagangane mung swara.",1
"Kula ngertos menawi tetangga iku kudu peduli, nanging mboten ngantos mlebet neng kamar turu.",1
"Wah, nek ngomong karo tembok pancen ora krungu, Bu. Kula ngomong karo sampeyan kok malah digawa ngrumpi.",1
"Sampeyan pancen pinter banget ngatur urusanku, mbok ya diurusi dulu urusan dhewe sing wes ruwet.",1
"Barangku sing dipinjem karo sampeyan kayane wis nikah karo barang sampeyan, Bu. Ora gelem balik.",1
Kula ndeleng kucing lumayu neng pekarangan.,0
Simbah lagi ngrumpi karo tangga teparo.,0
Mbok lagi nyapu lantai kamar turu.,0
"Akeh-akehe wong pendatang iki mung ngerampas rejekine wong asli, kudu dibalikke menyang laut.",3
"Wong partai iku mung tukang korupsi, kudu digantung nang alun-alun ben podo waspada.",3
"Desa iki dadi panas merga wong-wong sing beda keyakinan, ayo kita bakar papan ibadahé.",3
"Generasi tuwa iku kolot lan perusak negara, kudu dikubur urip-urip ben negara maju.",3
"Wong sugih iku maling rakyat, kudu digebugi lan dirampas bandhane kanggo dibagi-bagikake.",3
"Kelompok etnis liya iku asu, ora nduwe hak urip neng kene, ayo kita usir nganggo bedhil.",3
"Wong politik iku maling, kabeh kudu ditibakke saka jabatane lan dihukum pati.",3
"Akeh-akehe wong sing beda ras iki ngrusak budaya kita, kudu dibasmi kabeh ben resik.",3
"Wong partai kuwasa iku setan, kudu dibantai kabeh ben negara iki dadi tentrem.",3
"Akeh wong Batak kasar lan tukang ribut, ngomong ae kaya lagi marahi anak.",2
"Wong Madura kui tukang celak, sithik-sithik ngamuk, ngono kui wong ora berpendidikan.",2
"Wong Papua kafir lan primitif, uripé mung nokok neng oma.",2
"Akeh wong Lampung tukang nipu, dipercaya malah dibokong.",2
"Wong Kalimantan kui terbelakang, uripé isuk-isuk mabok tuak.",2
"Wong Bali kui sombong, nganggo agamane dadi alesan nggak mau campur karo liyane.",2
"Wong Menado tukang pamer, sithik rejeki diumbar-umbar.",2
"Wong Aceh keras kepala lan radikal, susah diajak rukun.",2
"Wong Padang pelit banget, dagangé aja didolke, tipu-tipu kabeh.",2
"Pemerintah iku edan, rega-regane pada mumbul kabeh.",2
Wakil rakyat? Wakil kepentingan dewe kui!,2
"Ora usah milih, podo wae maling.",2
"Korupsi gede-gedean, rakyat dicekik kabeh.",2
"Rezim iki lumpuh, mung iso ngomong doang.",2
"Barange tak lewati kok ilang kaya ditelan bumi, mbok ya eling nek iku barang pinjaman, dudu hadiah.",1
"Kepriwe kabare, Bu? Kok kayane kula mawon sing dirembug, swarane sampai tekan kamar turu.",1
"Wah, televisisen njenengan keren banget, suarane bisa dinikmati sampai pekarangan kula.",1
"Lho, sapune kok wis dadi koleksi njenengan? Kula niki nyapu nganggo tangan, nggih.",1
"Kok sibuk banget ngurusi urusane wong liya, kaya pengurus RT dadakan.",1
"Nek arep nanggap wayang, mbok minta izin dhisik, nderek ngguyu bareng-bareng.",1
"Waduh, njenengan pancen dermawan, nek nyilih barang ora gelem bali maneh.",1
"Kula kok rasane lagi manggon ning terminal bis, swara klakson mung saking sacedhake.",1
"Mboten usah repot-repot ngawasi jemuran kula, Bu, kula mboten nyewa jasa keamanan.",1
Ibu arep masak nedha awan.,0
Kula mirengake lagu ing radio.,0
"Wong kafir iki kabeh kudu diusir saka tanah Jawa, mergo awake najis lan ngrusak kabudayan kita.",3
Aku bakal ngobong gréja-gréja lan papan ibadahé wong liya sing nglanggar aturan désa.,3
"Wong saka pulo liya iki maling rejekine wong asli, padha balik menyang panggonané dewe!",3
"Kabeh wong sing ndhukung kelompok iku pengkhianat bangsa, patut ditumpes nganti oyot-oyoté.",3
Aku sumpah arep matèni sapa waé sing beda agama karo aku ing kampung iki.,3
"Wong-wong sing nganggo basa liya iku kera, ora kudu urip neng kéné, balik menyang alasmu!",3
"Kabeh keturunan Cina iki perusak ekonomi, kudu diusir lan dagangane dibumihangus.",3
Aku bakal nyiksa lan ngremehake kulawarga sapa waé sing ndhukung partai iku nganti nangis getih.,3
Wong Islam sing nglakoni ajarané ora bener iku munafik lan kudu dibunuh biar resik.,3
"Kabeh pendatang saka suku iku iku sampah masyarakat, kudu dibersihke karo kekerasan.",3
Wong Papua malas lan mung nunggu bantuan pemerintah.,2
"Wong Bali mung pinter nggombal turis, uripé sengkleh.",2
"Akeh wong Maluku panas barane, gampang dadi provokator.",2
"Wong Betawi asline ora pinter, mung ngandhelake warisan leluhur.",2
Wong Menado sombong lan sok-sokan gaya kaya wong kaya.,2
Wong Lampung kabeh tukang tipu lan tukang gadai tanah.,2
"Partai politik kabeh padha kemaki, ngrayu rakyat nanging mung ngapusi.",2
"Menteri kui wong dolanan, kerjane mung lelungan ngrampok anggaran.",2
"Pemimpin saiki koyo bedhas, omongane mung janji palsu.",2
"Dasar para maling berdasi, nggondol duwit proyek rakyat.",2
"Pemerintah iku klompok sarakah, rakyat ditinggal mlarat.",2
"Reformasi dikhianati, mung ganti bajak lan sing korupsi makin tambah ndase.",2
"Wah, tetangga kok lagi latihan karawitan ya, bisingé nggak kepalang tangane.",1
"Kula mboten purun nyuwun, nanging kathok cendhak kula niki kok sampun dangu mboten wangsul.",1
"Sampeyan pancen pinter banget ngurusi urusan wong liya, kaya dalang wayang.",1
"Lho, sepeda saya kok jadi sering kehilangan, mbok ya dijaga kalau dipinjem.",1
"Bisingé kaya pasar sore, nggak iso turu sisan.",1
"Barang-barang kula kok kerep keselip ning mriki, mbok menawi dipun pundhuti.",1
Sampeyan kayaknya lebih tahu jadwal saya daripada saya sendiri.,1
"HP saya baterainya cepat habis, kayaknya sering dipakai orang tanpa izin.",1
"Rame-ramenya sampai larut malam, kaya lagi syukuran nikahan.",1
"Wah, sampeyan ini lebih sibuk mengatur tetangga daripada pekarangan sendiri.",1
Wong-wong padha mlaku-mlaku ning dalan.,0
Dheweke masak sega goreng kanggo nedha bengi.,0
Aku nyapu pekarangan saben esuk.,0
Ibu arep adol kain ing kios pasar.,0
Aku bakal nggebugi kabeh wong sing ndhukung kelompok liya nganti babak belur.,3
"Kabeh pendatang saka pulo liya kudu mateni awake dhewe, merga mung nggawa petaka.",3
"Wong agama liya iku setan sing nyamar, kudu dibersihke nganggo getihe dhewe.",3
Aku sumpah bakal bakar gréja lan pura iki yen pemimpinku ora menang.,3
"Kabeh turunan Cina iku maling kasugihan negara, kudu dipateni kabeh.",3
"Wong sing beda karo aku iku kethek, ora pantes urip neng bangsa iki.",3
Aku bakal nyiksa kabeh kulawarga wong sing nantang kelompokku.,3
"Wong sing nganggo basa Indonesia aja sok-sok ngaku wong Jawa, kowe iku budak asing.",3
"Golongan liya iku sampah masyarakat, kudu dibuang menyang laut bengi iki.",3
Suku Jawa iku licik lan tukang nyolong proyek.,2
Wong Bali iku mung ngerti nyembah berhala lan turis.,2
Wong NTT iku mburu mung kerja jadi babu.,2
"Partai politik kabeh padha bae, lakune mung nyolong duwe rakyat.",2
"Reformasi dikhianati, mung ganti tokoh nanging lakune tetep bejat.",2
"Pemerintah iki goblok, ora mikirke kesejahteraan rakyat nanging mung proyek fiktif.",2
Wong-wong niku dadi menteri mung ngarep-ngarep fasilitas lan anggaran sing bisa digaruk.,2
"Wah, klambi iki kok mirip kaya klambine Bu RT, nanging sing punika sampun ilang sewulan kepengker.",1
"Boten sare, Pak? Kula mirengake suara televisi sampeyan ngantos dini.",1
"Kula nuwun sewu, menapa pintu griya sampeyan kedah dipun bukak kenceng sanget saben dinten?",1
"Lho, kunci iki pancen duwe kaki ya, nek dipinjem mboten gelem bali.",1
"Wes sore kok rame kaya pasar, nggih? Kula ngira wonten hajatan.",1
"Mboten nate bosen ta, ndelok uriping tiyang sanes saben dinten?",1
"Wah, kula kedah nyuwun pirsa dhateng sampeyan. Kawruh sampeyan babagan kula langkung kathah tinimbang kula piyambak.",1
"Nek arep nyambut gawe, nyuwun tulung. Nanging nek arep ngrasani, mugi-mugi di tahan.",1
"Sok-sok kula kedah nyimpen barang sampeyan nggih, amargi kathah ingkang mboten wangsul.",1
Mboten ngertos menapa kula mboten saged nemokaken senter kula. Keparenga kula nyuwun pijakan menapa sampeyan saged ndamel peteng kanggé nyoblos?,1
"Wong kafir iki kabeh kudu diusir saka tanah Jawa, merga mung gawe rusuh wae.",3
"Aku bakal ngobong gréja-gréjamu nganti dadi awu, merga kowe wong lacur.",3
"Wong Islam sing ora sholat iku luwih bejat tinimbang babi, patut dipateni.",3
"Kabeh wong sing beda karo aku iku setan, kudu dibasmi nganti oyot-oyote.",3
"Aku arep nyiksa kabeh leluhurmu sing wis mati, merga kowe wong najis.",3
"Wong saka suku iku kaya kéwan, pantes dijadik budak lan disiksa.",3
"Kabeh pengikut agamamu iku sampah, bakal tak gebugi nganti mati.",3
"Aku bakal ngrusak kuburan leluhurmu, supaya kowe cilaka salawase.",3
"Wong-wong sing ora setia karo golonganku iku pengkhianat, kudu dibantai.",3
"Gréjamu bakal tak gempur nganti rata karo tanah, merga iku sarang maksiat.",3
"Ora usah percaya karo wong Bali, mung ngibul nggoné nggodha turis.",2
Wong Maluku iku keras kepala lan gampang dadi preman.,2
"Wong NTT iku mèh kaya primitif, uripé nèk ngono kok njaluk otonomi.",2
Wong-wong nang kana korupsine wes dadi penyakit.,2
Aku pancen muak ndeleng pejabat mung sok-sokan.,2
"Dasar para maling berdasi, rakyat sengsara.",2
"Pemerintah iki goblok, ora bisa ngeduk keadilan.",2
Wakil rakyat kok mung ngemis-ngemis jabatan.,2
"Korupsi munggah pangkat, rakyat mlarat sengsara.",2
Rezim iki cuma mbiyung para penipu lan penjarah.,2
"Wah, tetangga kok sibuk banget kaya tukang berita, sak durunge aku ngerti kabarku wis sumebar nang kampung.",1
"Boten sakedhik menapa, klambi mboten wonten ingkang keselip nggih? Kula mboten ngertos menawi badhe dipunpundhut dangu.",1
"Lha, sampeyan iki koyo mesin jahit, pagi-pagi wis ono sworo 'tuk-tuk-tuk' sing tak kiro arep ngopeni jagad.",1
"Kula nuwun pinten-pinten, menawi gadhah rejeki saged mundhut tivi dewe, mboten nganggo nyawang tivi kula sedinten-dinten.",1
"Wah, bapakne pancen pinter banget, ngerti urusanku karo mbok yai mergo sabanjuré tak critakké marang dheweke.",1
"Kula mboten purun ngatur, nanging menawi nyambut damel teng wengi, kula kepareng dipun paringi pitedah supados tenang.",1
"Lho, sapune kok ilang? Pancen wis dadi barang koleksi wae ya, sing dipinjem ora bali-bali.",1
"Sampeyan iki koyo penyiar radio, swarane bisa tekan kamar turu, nggawe aku iso nyritakke isi ati tanpa di wenehi waktu.",1
"Kula mboten ngraosaken, nanging griya sampeyan kinten-kinten gadhah pabrik sepatu, saben dinten wonten swanten 'tuk-tuk' ingkang mboten-mboten.",1
"Wah, pancen tetangga sing trep, sakdurunge aku lapor barang ilang, wis teka nggawa barangku karo alasan ""kok ketempelan"".",1
Kula ndelok televisi sawise nedha bengi.,0
"Kabeh wong pendatang saka pulo liya kudu dipateni, merga wis njajah urip wong asli kene.",3
"Aja nganti golongan iku bisa menang pemilu, awit yen menang bakal ngremehke kabeh agama liyane.",3
"Wong-wong sing beda keyakinan karo kula iku kaya sampah, kudu diusir utawa dibakar omahé.",3
"Yen kelompok iku ora gelem manut, besuk bakal tak gebugi nganti mati kabeh.",3
"Kabeh keturunan Cina iku penipu, maling kasugihan negara, kudu diusir balik menyang negarane.",3
"Wong Islam garis keras iku teroris, kabeh kudu ditangkep lan dihukum mati tanpa pangadilan.",3
"Kelompok separatis iku kaya tikus, kudu dibasmi nganti oyot-oyote, jangan sampai ada sisa.",3
"Wong Kristen iku misionaris kepencil, mangan babi ngrusak moral, kudu dicegah nyebar agamane.",3
"Aku sumpah, yen partai kuwi berkuasa, bakal tak bantai kabeh wong sing nentang karo cara kasar.",3
"Wong Madura iku kethèk deso, mung pinter golek ribut.",2
"Aja pacaran karo wong Jawa, pinter banget nggelundungi.",2
"Wong Kalimantan iku ketinggalan jaman, uripé isih ing alas.",2
"Suku anu saka Timur iku preman kabeh, tukang bacok.",2
"Wong Bali iku mung pinter ngibul turis, agamaé beda karo kita.",2
"Ora usah diajak rembugan wong Papua, otaké isih suku primitif.",2
"Wong Melayu iku pemalas, mung seneng ngomong doang.",2
"Akeh kejahatan iku saka wong Lampung, asline tukang main kasar.",2
Sing dadi pejabat mung tukang nyolong kanthi legal.,2
"Kerjane mung ngrayu rakyat, nanging lakune bejat.",2
"Pemerintah iki edan, rega-regane didadekke dolanan.",2
"Wong sing nduweni kuasa iku kabeh asu, rakus tanpa puas.",2
"Wah, tetangga kuwi kaya lagi latihan karawitan ning tengah wengi, nek ora mangertine aku arep tes kesabaran.",1
"Barange tak lewati, kok rasane dadi melu-melu hak kepunyaane dhewe, ya wis mugo-mugo aja nganti lali mulihne.",1
"Kok sibuk banget ngurusi dalane wong liyo, kaya bupati baru lekas, nanging urusane dhewe durung rampung.",1
"Swara televisimu, Bu, wes nyampe ning kamar turu kula, kaya lagi nonton bebarengan.",1
"Mboten sare sampeyan, Pak? Kula mboten sare ugi amargi kedah nyimak swara saking omah sampeyan.",1
"Wah, nek nyilih barang kudu eling wektu mundhut, nek ora mengko dadi koleksi tetangga.",1
"Kok rasane uripku dadi bahan rembugan saben sore, aku ki ora ngeyel ning jagad iki.",1
"Nek arep ngganggu, monggo dipun lampahi, nanging kula nyuwun pangapunten menawi mboten saged nyambut.",1
"Barangku sing ilang karo tetangga, baline nunggu wayahe pindah omah.",1
"Sampeyan kersa ngrungokake crita kula sedina muput, nanging kula mboten nyuwun niku.",1
Wong-wong padha lalu lalang ing pasar pagi.,0
Ibu arep masak sega sayur kanggo nedha awan.,0
Aku ngrungokake dongeng saka adhine sadurunge turu.,0
"Kabeh wong pendatang saka pulo liya kudu dipateni, merga wis njajah urip wong pribumi.",3
"Wong agama kui kudu dibumi hanguske gréja-gréjane, ben ora bisa nyebar ajaran sesat.",3
"Aku arep ngoyak kabeh kaum separatis nganti tekan kuburane, ben ora bisa mbalik maneh.",3
"Golongan liya iku kaya tikus, kudu diracuni nganti oyod-oyode mati.",3
"Wong-wong sing beda karo aku iku setan, kudu dibakar urip-urip.",3
Aku bakal nggawa bala kanggo matèni kabeh wong sing nentang karsaning Gusti.,3
Kabeh kaum penghianat iki bakal disembelih kaya wedhus ing dina raya.,3
Wong sing ora setia marah bangsa iku kudu ditandur urip-urip ing kuburan massal.,3
Aku sumpah arep ngrusak kabeh desane wong sing beda agama karo aku.,3
Wong Madura kui kerep ngganggu lan goblog.,2
"Aja cedhak karo wong Papua, kui tukang mabuk lan tukang berantem.",2
Wong Kalimantan kui terbelakang lan kampungan.,2
Wong Maluku kui galak lan tukang anarkis.,2
Wong Bali kui sombong lan mung ngurusi sukune dhewe.,2
Akeh wong Lampung kui tukang nipu lan ora jujur.,2
Wong NTT kui miskin lan mung bisa dadi babu.,2
Wong Jawa Timur kuli lan tukang ngirit banget.,2
"Sing dadi pejabat mung ngurusi bokong dhewe, rakyat dipepati.",2
"Kabeh partai iku podo wae, janjine mung omong kosong tok.",2
"Pemerintah iki goblok, rega-regane munggah kabeh, rakyat meh ora bisa urip.",2
"Wong sing nyoblos kowe kuwi tukang tipu, percoyo kok karo wong munafik.",2
"Korupsi gede-gedean, pengadilan mung wayang, sing cilik dicekel sing gede dibebaske.",2
"Kebijakane mung nguntungke cukong, rakyat cilik teles kabeh.",2
"Wah, pejabat jaman saiki akeh sing pinter nggolok, nanging rakyate dibodhoni.",2
"Boten sakedhik, ngingetke barang sing dipunpundhut, mboten kados angin kepusan.",1
"Sampeyan kerep ndelok urusanku, mugi-mugi urusan sampeyan uga lancar.",1
"Wes dadi alarm alami, saben esuk pasti ana swara gebyuran sing nggangu kulo turu.",1
"Barangku sing dipun ginakaken, punapa sampun kesed dalem bumi?",1
"Kok rasane uripku iki dijadikan sinetron ya, sampeyan sing sutradarane.",1
"Mboten usah repot-repot ngintip kulo masak, nek pengen ngerti resepe, kulo aturi kok.",1
"Swaran sampeyan nggih sae, nanging mboten saged damel manah kulo remen.",1
"Barang sing dipundhut mboten kondur, mekaten menawi badhe dados koleksi?",1
"Sampeyan niku kados dewa sing mboten sare, tansah waspada ning urip kulo.",1
Wong-wong padha antri tuku jajan ning warung.,0
Aku krungu obrolan wong loro ning bangku taman.,0
Dheweke arep menyang toko buku sawise kerja.,0
Aku bakal nggalang wong-wong Islam sejati kanggo mbrangus kabeh aliran sesat sing ngrusak akidah.,3
"Wong Kristen iki mung ngentekke urip nggowo konflik lan mangan duweke wong pribumi, aja percaya.",3
"Kabeh wong sing beda karo aku iku mungsuh, siap-siap perang, aku wis siap nyirnakake kowe kabeh.",3
"Golongan liya iku sampah, kudu dibersihke nganggo cara apa wae, sanajan nganggo kekerasan.",3
Aku sumpah bakal ngrusak omah ibadahmu mergo kowe wis nisthane agama leluhurku.,3
"Wong-wong saka suku iku kaya kewan, ora pantes manggon neng kutha, bali neng alas.",3
"Kabeh pendukung partai iku bajingan lan pengkhianat bangsa, kudu dibantai nganti oyod-oyode.",3
"Aku bakal ngobong kabeh usaha wong saka golongan iku, aja nganti bisa makmur neng wilayahku.",3
"Wong sing beda ras iku najis, kudu diasingke, aja nganti campur getih karo wong Jawa asli.",3
"Wong Bali iku mung pinter ngibul turis, uripé sengsara ning ngakoni.",2
"Aja percaya karo wong Minang, pedagang iku pelit lan curang.",2
"Wong NTT iku mburu bantuan terus, males kerja mung nenggo sumbangan.",2
"Pemerintah iki cuma ngurusi awake dhewe, rakyat cilik ditelikung.",2
"Kebijakane mung nguntungke konglomerat, kaya wong cilik ora urip.",2
"Wakil rakyat kok lakune kaya maling rakus, nyolong anggaran.",2
"Janji-janjine mung pepesan kosong, mboh diendhogana.",2
"Ora usah milih maneh, siji-sijine padha bejat lan busuk.",2
"Reformasi dikhianati, mung ganti bajingan sing nyolong.",2
"Pemerintah iki goblok, ora mikirke kesulitane wong akeh.",2
"Mimpin negara kok kaya preman, mung seneng nyedot duit rakyat.",2
"Kula mboten purun nginterupi, nanging pinten-pinten taun barang kula ingkang dipunpundhut kok dereng dipunwangsulaken?",1
"Lho, jam wengi kok isih semangat banget ngobrol, koyo lagi rapat RT neng njero omah kula.",1
"Barange ilang, ternyata malah dadi koleksi ning omah sebelah.",1
"Kula nuwun sewu, nek ngomong karo telepon kapan-kapan kulo aturi nggih, soale kulo tansah nyekapi isine.",1
"Wah, sepurane mboten wonten istirahe, mbok menawi badhe pindah neng stasiun.",1
"Kula mboten gadhah televisi, nanging sinetronipun tetangga kula tansah kulo ikuti saben dinten.",1
"Sampeyan pancen pinter banget ngatur urusane wong liyo, koyo dadi lurah bayangan.",1
"Mboten sare, nggih? Kulo mboten ngertos menawi swanten klakson mboten wonten wanci-wancinipun.",1
"Barange kula sing dipunpundhut, saiki dadi kenang-kenangan sing ora bisa dibalekake.",1
Wong-wong padha mlaku-mlaku nang taman sore iki.,0
Aku nyapu lantai saben dina.,0
Dheweke tuku roti lan susu ing warung.,0
"Kabeh wong saka suku iku mung tukang maling lan perusuh, kudu dibabat nganti oyod-oyode.",3
Aku bakal ngobong gréja-gréjamu nganti dadi awu merga kowe nyulik bocah-bocah kita.,3
"Wong-wong pendatang iki perusak budaya, kudu digebugi nganti bali menyang asale.",3
"Golongan iku kaya tikus, nyebar penyakit, kudu dibasmi karo kabeh cara.",3
"Aku sumpah bakal matèni kabeh wong sing ndhukung kelompok iku, tunggu wae.",3
"Kabeh pengikut aliran sesat kasebut patut dipateni, aja nganti mbalèni maneh.",3
"Wong-wong saka pulo liya iku maling hasil bumi kita, kudu dicekel lan ditenggelamake.",3
"Aku bakal nyiksa kabeh keluargané wong sing beda karo aku, rasakna sektormu.",3
"Kabeh anggota organisasi iku pengkhianat bangsa, kudu dibantai tanpa ampun.",3
"Aja cedhak karo wong Papua, bodho lan primitif.",2
"Wong Maluku iku panas barane, cilik-cilik wes bawa parang.",2
"Suku A*eh iku radikale kuwat, bahaya diajak rukun.",2
"Wong Jawa iku penjajah, seng ngeruk kas Nuswantara.",2
"Wong Bali iku mung pinter nggombal turis, lakune palsu.",2
Etnis Tionghoa iku pelit lan seng mau menang dhewekan bae.,2
Politik iku mung dagangane wong sugih kanggo nggedhekake bathi dhewe.,2
"Wong-wong nang kono padha maling berdasi, rakyat dicekik krungu swarane.",2
"Pemerintah iku goblok, kebijakane mung ngrusak urip wong cilik.",2
"Menteri-menteri cuma ngumbar janji kosong, korupsi terus ndadra.",2
"Ora usah milih, podo wae, wong sing menang mesthi wong sing duwe duwit.",2
"Pemerintah iki edan, rega-regane munggah, kebijakane ngawur.",2
Wong sing dadi pimpinan mung mikir kepentingan golongane dhewe.,2
Aku pancen muak ndeleng pejabat mung seneng pamer kemewahan.,2
"Korupsi wis dadi penyakit, saka atas nganti bawah padha ngeruk.",2
"Pemerintah iku koyo wayang, digerakke dening dalang pengusaha nakal.",2
"Wah, klambi anyarku kok ra ono ning gantungan, pancen saged dipun ginakaken nggih dening tiyang sanes.",1
"Boten sare sampeyan, nanging dalu punika swantenipun televisi saged dipun krungu ngantos kamar pribadi.",1
"Kula mboten ngertos menawi mesin cuci mboten gadhah tombol 'stop', amargi swantenipun tansah mlebet dhateng griya.",1
"Kula kedah nyuwun pirsa, kados pundi cara nampi barang ingkang dipun silih kanthi raos ikhlas.",1
"Mboten nate nyana, tetangga ingkang sae saged dados guru musik dalu, kanthi latihan drum tanpa jadwal.",1
"Kula nuwun sewu, napa kersanipun nyuwun tumbak kula, menawi gadhah tumbak pribadi?",1
Wonten ingkang langkung remen ngrungokake uripipun tiyang sanes tinimbang uripipun piyambak.,1
"Mboten ngertos menawi sampun wonten aturan anyar, tetangga saged mlebet tanpa ngocap.",1
"Dering telpon kula mboten wonten, nanging swanten tetangga gadhah lagu-lagu pop anyar tansah sumping.",1
"Kula mboten nate nganggep bising, kajaba menawi swantenipun ngganggu wekdal istirahat kula.",1
Adhine ngunjuk teh anget ning pawon.,0
Mereka lagi ngobrol babagan cuaca.,0
Aku masak sega goreng kanggo nedha awan.,0
"Kabeh wong saka pulo sebelah kudu balik, nek ora arep diklakoni kaya taun 98.",3
"Golongan iku kaya sampah, kudu dibakar nganti ompong sedasa.",3
"Wong sing beda agamane kudu diusir, merga dadi sumber petaka ing nagara iki.",3
Aku arep nyiksa kabeh turunane wong sing nglawan kelompokku nganti mati.,3
"Bocah-bocah saka suku liya kudu dicekel, dididik dadi budak, ben ora mbalik maneh.",3
"Kelompok iku kudu ditumpes, saiki uga, nganggo cara apa wae.",3
"Wong-wong sing ngaku pancasilais iku munafik, kudu ditandangi nganti tumpes.",3
"Kabeh pengikut kelompok kuwi kudu dipeksa nyembah banteng, nek nolak patenana.",3
"Wong saka agama liya sing nekani papan suci iki kudu dipateni, aja nganti lali.",3
"Wong Madura kan tukang celak, ati-ati nek cedhak karo wong kae.",2
"Lha wong Papua mah mlebu kantor nganggo kaos oblong, ora nduwe tata krama.",2
"Sekolah iki akeh wong Maluku, mesti rame lan tukang berantem.",2
"Ojo percoyo karo wong Kalimantan, bisnise akeh sing nipu.",2
"Wong Bali sibuk nyembah berhala, agama kafir kok diurusi.",2
"Wong NTT mangan tuak terus, makane ora maju-maju daerah kono.",2
"Dasar wong Betawi tukang ngomong kasar, kaya ora berpendidikan.",2
"Wong Aceh kaku lan kolot, mesti susah diajak kerjasama.",2
"Wong-wong nang kana korupsine wes mbalela, ra oleh percoyo!",2
"Dasar pejabat lacur, mung ngurusi bokong dhewe!",2
"Kabeh partai iku podo wae, asline maling kabèh.",2
Kebijakan goblokmu ngrusak urip wong akeh!,2
"Pemerintah iki bodho banget, ra iso nggawa apik.",2
"Wong-wong nang DPR iku maling berkedok, sampah!",2
"Korupsi wes dadi budaya, pejabat ra bisa dipercaya!",2
"Rezim iki ora adil, mung nguntungke wong sugih kabeh!",2
"Wah, klambi anyar kok isa podo karo sing tak lebarake wingi, Bu? Mugi-mugi sampun keselak.",1
"Boten sare, Pak? Kula mirengake swara televisi sampeyan saking kamar kula.",1
"Kula nuwun sewu, menapa sampun gadhah palu piyambak, Pak? Kula kedah nyuwun malih ingkang dipun lebar.",1
"Lho, kok jamu sampeyan mboten kepanggih? Kula nyobi nggoleki ing kamar mandi nanging mboten wonten.",1
"Wah, sepur dalan pinggir omahe Bu Darmo saiki nate bengi wae lewat, to?",1
"Kula nuwun pirsa, menapa kathok cendhela kula ingkang dipun lebar sampun dados lap pel, Bu?",1
"Sampeyan saestu pinter ngurusi kula, Bu. Mugi-mugi rejekine diparingi kelancaran kaya omongane.",1
"Wes sore kok critane isih seger kaya timun, Bu. Kula mboten ngertos menapa kedah ngurusi tetangga sebelah.",1
"Mboten nate bosen, Pak, ndelok sampeyan tansah aktif nglangi ning kolam renang kula tanpa undangan.",1
"Kula mboten ngertos menawi dentingan piano sampeyan saged nggantos weker, Bu. Sahur kula dados lebih awal.",1
Adhine lagi ndelok televisi nang ruang tamu.,0
Bapak maca koran sore iki.,0
Aku nyapu plataran omah saben esuk.,0
Anak-anak padha dolanan nang lapangan.,0
Ibu lagi nggodhok banyu kanggo nggawe teh.,0
"Wong kafir iki kabeh kudu diusir saka Tanah Jawa, ora gelem urip bebarengan karo wong Islam sing suci.",3
"Wong saka pulo liya aja ngremehke wong Jawa, awakmu mung mampir nanging arep mrentah kene.",3
"Golongan iku kabeh penghianat bangsa, kudu dibabat nganti oyod-oyode supaya negara iki bersih.",3
"Aja nganti percaya karo wong sing beda agama, awake dhewe wae sing bakal ngrusak tatanan masyarakat.",3
"Wong-wong saka suku iku kabeh maling lan penipu, kudu dipeksa balik menyang asale.",3
"Yen golongan iku menang pemilu, aku janji arep bakar omah-omahmu siji-siji.",3
"Kabeh wong sing ndhukung kelompok iku kudu ditanduk, dikeroyok nganti mati, aja dikasihani.",3
"Wong liya mlebu kene mung nggawa petaka, kudu dicegah karo apa wae, sanajan kudu nggunakake kekerasan.",3
"Kelompok iku sampah masyarakat, kudu dibuang lan diasingake saka desa iki supaya tentrem.",3
"Aku arep ngoyak kabeh keturunan iku nganti tekan anak putumu, supaya ora ana maneh ing bumi iki.",3
"Akeh wong Batak kasar lan tukang ribut, ngomong aja banter-banter terus.",2
"Wong Madura kok dikasih kesempatan ngenteni, mesti malah ngrebut tanah wong liya.",2
"Wong Papua kemakan tuak terus, makanya ora maju-maju panggonane.",2
"Aja percaya karo wong Kalimantan, bisane mung nipu karo nambang liar.",2
"Wong Bali sibuk nyembah berhala, agama leluhure mah keselene.",2
"Suku Tionghoa iku pelit lan serakah, ngrebut kabeh ekonomi neng kene.",2
"Wong Maluku panasaran, cilik-cilik dikit langsung bawa parang.",2
"Wong NTT mung pinter minta bantuan, dhewe ora bisa ngembangne dhewe.",2
"Aja cedak karo wong Aceh, agamane kaku lan gampang ngrusuh.",2
"Wong-wong niku korup kabeh, mung mikir duwit rakyat sing cilik.",2
"Pemerintah iki bodho, ora ngerti kesusahan wong akeh.",2
"Mimpin kok mung ngidoni janjine dhewe, rakyat ditipu terus.",2
Wong sing dadi pejabat mung golek kekuwatan lan bandha.,2
"Kebijakane mung ngladeni cukong, rakyat dicekik.",2
"Apa ora isin korupsi terus-terusan, negoro bakal bangkrut!",2
"Milih-milih sing penting duwe, nanging giliran nyalon ngapusi.",2
"Ora usah percaya karo omongane politikus, kabeh cuma lakon.",2
"Pemerintah iki wis edan, rakyat sengsara ditinggal mlarat.",2
"Wah, klambi anyarku kok ra tau bali, mbok ya dijaga nganti luntur merga udan.",1
"Bapake arep ndandani genteng, nanging palu lan tangane konon lagi dipinjam kanca sing lali wektu.",1
"Kula mboten ngertos menawi wonten tetangga ingkang gadhah usaha karawitan, saben dalu latihan.",1
"Wes dadi alarm alami, jam lima esuk wis ana sing ngresiki dalan nganggo sapu listrik.",1
"Barang-barangku kaya duwe kaki, sok-sok mlayu menyang omah liya lan ra tau bali.",1
"Kula kedah ngaturaken matur nuwun, awit kula mboten purun ndherek rembugan kaluwarga tangga wingi.",1
"Wah, sepatuku sing enom kok wis luwih pinter lelakon tinimbang aku, sok-sok ilang dina, bali bengi.",1
"Kadang kula kepengin ngrungokake radio, nanging swara rembugan saking njawi sampun dados tiyang penyiar.",1
"Dalan mlebu omahku kok rasanya dadi umum, ana wong liya sing kerep takon kabeh barang-barangku.",1
"Mboten ngertos kula menawi tetangga kula gadhah profesi minangka kurir, saben dinten namung nedha ndeleng isi kulkas kula.",1
Adhine nggawa tas belanjaan saka warung.,0
Dheweke lagi nggodhok banyu kanggo teh.,0
Aku nggawa payung amarga mendhung.,0
"Aku bakal nggebugi kabeh wong sing ndhukung kelompok iku nganti pejah, merga dheweke iku pengkhianat bangsa.",3
"Wong-wong saka suku iku kaya ta asu, aja nganti dipercaya lan kudu dicegah tekan kene.",3
"Kelompok iku mung sampah masyarakat, kudu dibakar urip-urip kabeh supaya negara resik.",3
"Aku arep nyiksa kabeh keturunan lanunge sing wis ngrusak uripku, rasah ngarep-ngarep ampun.",3
"Wong agama liya iku kudu dicekel lan dipeksa mleut agama iki, nek ora gelem patenana wae.",3
"Kabeh pendatang saka pulo liya iku perusak ekonomi, kudu digebug nganti bali menyang panggonane.",3
"Aku sumpah bakal mateni siji-sijine wong sing beda karo aku ing kampung iki, merga dheweke iku setan.",3
"Golongan politik kuwi kabeh iblis, kudu dibantai kabeh supaya negara iki slamet.",3
"Wong-wong sing nganggo basa liya iku kudu diusir, merga dheweke nistha karo budaya Jawa.",3
"Akeh wong Batak kasar lan keras atine, koyo preman.",2
Wong Madura iku tukang gelut lan sukek nyolong.,2
Wong Maluku kabeh galak-galak lan gampang nesu.,2
Wong Papua iku primitif lan mung cocog urip ing alas.,2
Wong Kalimantan iku terbelakang lan kampungan.,2
Wong Bali mung ngerti nyembah berhala lan ngibul turis.,2
Akeh wong Lampung tukang ngomong kasar lan ora sopan.,2
Wong Betawi asline tukang ngamen lan ora duwe pendidikan.,2
"Wong Menado mung jago omong doang, kerjane mabuk-mabukan.",2
"Cangkem mung manis nanging tumindak nistha, akeh janji palsu.",2
"Dasar pamaréntahan bodho, mung ngurusi awake dhéwé wae.",2
"Akeh wong nguwasani sing gak duwe ati, rakyat dipecat.",2
"Korupsi wes dadi budaya, saka ndhuwur nganti ngisor podo bejat.",2
"Pemerintah iki gak ngrungokke swara rakyat cilik, kupinge budheg.",2
"Wakil rakyat kok mung dolan lan nyenengi awake dhéwe, bangsat!",2
"Rezim iki gak becik, mung nggolek kekuwatan lan bandha.",2
"Wah, klambi anyarku kok ra ono ning gantungan, pancen neng ngendi baé dewe kui lek ditinggal ndisit.",1
"Kula mirengake tetabuhan dalu, kados pundi rasaning para rawuh ingkang badhe ujian esuk.",1
"Lho, sepeda motoré wés mandheg nanging swarané durung mandheg, mbok ya diistirahatke sakjané.",1
"Kula sampun tiga dinten nemahi griya, namung swanten televisi ingkang tetep rawuh sinambi.",1
"Maturnuwun sanget, nek dolan mboten perlu ngetokke anak, kula saged ndeleng critane saking jendela.",1
"Kanthi swanten ingkang semarak kados punika, mugi-mugi tiyang ingkang gadhah bayi saged sare kanthi nyenyep.",1
"Barange ilang kaya déné ilining banyu, mbalik mung kangené.",1
"Wah, kula mboten gadhah kunci griya panjenengan, nanging kadosipun kula saged mlebet kapan kemawon.",1
"Kula namung tiyang sakedhik, nanging kula rumangsa gadhah kulawarga ingkang ageng sanget amargi sedaya pawartos kula dipunmangertosi.",1
"Mboten usah repot-repot nggawa tukang kebon, kebonku sampun dipunrawat déning tetangga kanthi tetep.",1
Wong-wong padha mlaku-mlaku ning dalan pasar.,0
Dheweke lagi ngrungokake lagu saka radione.,0
Ibu lagi masak sega goreng ning dapur.,0
Bapak ndelok televisi sawise mangan sore.,0
"Kabeh wong saka suku iku mung tukang maling lan perusuh, padha ditumpes wae nganti oyot-oyote.",3
Aku bakal ngobong gréja-gréjamu nganti dadi awu merga kowe wani ngina agamaku.,3
"Wong-wong saka pulo liya iki maling lapangan kerjo, kudu digebugi nganti bali menyang kandange dhéwé.",3
"Kabeh pendukung parté iku bajingan lan budak asing, bakal tak siksa pati-pati yen ketemu.",3
"Golongan iku kaya sampah masyarakat, pancen kudu dibersihké kanthi cara kekerasan.",3
"Aku sumpah bakal matèni kabeh wong sing ndhukung idé iku, siji-siji tak tumpes.",3
"Wong-wong aliran sesat kaya kowe iku ora pantes urip, luwih apik mati wae.",3
"Kabeh keturunan iku pengkhianat bangsa, kudu diusir lan ora olèh nduwé hak urip nèng kéné.",3
Aku bakal ngarahké massa kanggo ngancurké omah-omahmu merga kowe wis ngancam uripku.,3
"Wong Madura kok sok nganggo clurit, wani-waninan nang kene.",2
"Wong Jawa iki pinter banget mikirke awake dhewe, wong liyo diislehke.",2
Akeh wong Lampung sing tukang gelut lan goblog-goblok.,2
"Wong Kalimantan kui terbelakang, urip nang hutan terus.",2
"Wong Papua bodho, mung cocok kerja kasar.",2
"Akeh wong Bali sing sombong, nganggo agame dadi alesan.",2
Wong Menado tukang minum lan ora bisa dipercaya.,2
"Wong Padang pelit banget, dagang kok ditipu-tipu.",2
"Partai politik kabeh padha wae, sarang korupsi lan aji jasa.",2
"Pemerintah iki goblok, ora ngerti kesusahan wong urip saben dina.",2
"Mundur wae kabeh, wong sing mimpin mung tukang nyolong duwe rakyat.",2
"Reformasi dikhianati, mung ganti bajingan sing mimpin.",2
"Wah, klambi anyarku kok ra ono ning gantungan, mbok ya dienggo nggoleki iwak kali, Bu.",1
"Bapak kulo mboten sare, Pak, amargi sore wingi wonten swanten ingkang sae sanget saking griya panjenengan.",1
"Lho, jaritaku sing dipun ginakaken kondangan wingi sampun dangu, kados ta badhe dipun dadosaken kenang-kenangan.",1
"Wes sore kok isih ana swara kethoprak, kayane arep ngabekti bengi iki, Ndok.",1
"Kula nuwun sewu, Pak. Menawi gadhah kanca ingkang saged ndandani mesin mower, amargi punika dipun pinjem nanging mboten wangsul malih.",1
"Aduh, bocah-bocahku padha ngerti sejarah tetanggane luwih apik tinimbang pelajarane, Bu.",1
"Sok-sok ngomong alon-alon, Mbak, takut kedunge nganti tekan dalan, wong akeh sing kepengin ngerti.",1
"Maturnuwun sanget dhaharanipun, Bu. Kula mboten purun njaluk malih, amargi kula mboten saguh mbalekaken wadahipun.",1
"Wah, sepur Tugu-Solo kok rasane liwat neng ngarep omahku baen, ya, Mas?",1
"Kula mboten nate mangertos, Pak. Kados pundi panjenengan saged mangertos rencana kula pindhah griya, dereng kula aturaken dhateng sapa kemawon.",1
Dheweke lagi nyapu plataran omah.,0
Adhine sinau nggambar neng kamar.,0
Dheweke ngunjuk teh anget sawise mulih.,0
"Kabeh wong saka suku iku mung tukang nyolong lan perusuh, kudu dipepet ing pulo terpencil.",3
"Wong-wong sing beda karo aku iku iblis, ora pantes urip neng kene.",3
"Aku arep nyulik lan mateni anak-anak saka kulawarga kasebut, siji-siji.",3
"Kabeh pengikut agama liya iku penghianat, persiapan perang suci wis ditekani.",3
"Wong saka pulo sebelah iku babi, kudu dibantai kabeh ben ora mlebu maneh neng kene.",3
Aku sumpah bakal ngrusak omah lan usaha kabeh wong sing sekuthu karo musuhku.,3
"Generasi mudane golongan iku kudu dicekel lan dididik maneh, sing nolak kudu ditumpes.",3
"Wong Sunda mah bisane mung ngomong halah-halah, ora ngerti urusan gedhe.",2
"Wong Madura kok dikasih kerjaan, mesti nanti dikerjain asal-asalan.",2
"Suku Dayak itu primitif, hidup di hutan dan masih suka berburu kepala.",2
"Wong Jawa itu licik, seneng nusuk mburi kancane dhewe.",2
"Akeh wong Papua sing malas, dikasih otonomi khusus malah makin turu wae.",2
"Wong Kalimantan itu lambat mikire, koyo keong mlaku.",2
"Suku Aceh keras kepala dan radikal, susah diajak damai.",2
"Wong Bali bisane mung nari lan nyembah berhala, agama leluhur kuna.",2
Akeh transmigran Jawa sing ngerampas tanah lan ngerusak budaya lokal.,2
"Pemerintah cuma ngapusi, janji-janjine mung sejene angin.",2
Sing dadi pejabat mung sibuk ngrayu kekuwatan lan bandha.,2
"Kebijakane mung ngrusak, rakyat cilik tansah sing nandhang lara.",2
"Wong-wong niku dhemen nyolong, duite rakyat digawa mati.",2
"Ora ana sing resik ing kono, kabeh klebu perangkap korupsi.",2
"Pemerintah iku buta lan budheg, ora ngrungokke swarane wong cilik.",2
Milih-milih sing menang mung wong sing padha mbanding bathi.,2
"Sistem politik iku wis busuk, kabeh didol mung kanggo kepentingan pribadi.",2
"Wah, klambi anyar kok isa podo karo sing tak pinjem minggu kepungkur, Bu? Mugi-mugi sampun keselampo.",1
"Kula mirengake musik klasik, nanging tetanggan niku langkung remen musik *drill* tembok jam setengah wengi.",1
"Lho, kok sepatuku ra ono nang rak? Mesthi dibutuhake dening tiyang sanes nggih, ning mboten ngertos kulo ngentosi.",1
"Boten kepanggih, Pak? Kula saestu remen mirengaken crita-crita saking njaba rumah kula.",1
"Wes dadi ahli ukur ta, Lek? Saban bengi ngukur tebel tembok karo palu.",1
"Barange tak kredit, rasane tak duweni. Mboten sare, niku.",1
"Kok rasane uripku dadi sinetron, ya? Sutradarane akeh banget sing ngatur saka balik pagar.",1
"Mboten usah mentas tebih, Bu. Sakdurunge mampir nang garasi kula, kula aturi saget langsung pinjem.",1
"Wah, berita saka teras rumah ternyata lebih seru daripada berita televisi.",1
Mugi-mugi besuk menika mboten wonten tetanggan ingkang keselak amargi kebak gosip.,1
Dheweke lagi maca koran ning ruang tamu.,0
Wong-wong pada dodolan aneka jajanan pasar.,0
Dheweke ngunjuk teh panas sawise mangan.,0
Simbah lungguh ning kursi goyang ngadep kebon.,0
Wong lanang kasebut lagi ndandani payon sing bocor.,0
"Aku bakal nggebugi wong saka suku iku nek ketemu, awakmu aja nganti teka ing kene.",3
"Wong pendatang iku maling panggonan lan rejekine wong asli, kudu digebug nganti padha minggat.",3
"Kelompok iku kaya tikus, ngrusak negara, kudu diracuni sakabehe.",3
"Aku arep numpes kabeh wong sing ndukung kelompok liya, siap-siap perang dhisik.",3
"Wong-wong sing ngaku pancasila nanging ngapusi, patenae wae kabeh.",3
"Kabeh keturunan iku penjajah, kudu dibalekake menyang negarane dhewe, ora oleh urip mulyo kene.",3
"Aku bakal ngobong omah-omah wong golongan iku, aja nganti ana sing isih urip.",3
"Wong sing ngelawan pemimpinku iku setan, kudu disiksa nganti mati lan dikubur ing kuburan celeng.",3
"Akeh wong Batak kan keras kepalane, karo sengit marang wong liya.",2
"Wong Madura iku kasar lan tukang bacok, siap gelut terus.",2
"Wong Papua kok goblok, mung cocok kanggo dijadikan babu.",2
Akeh wong Kalimantan iku terbelakang lan ketinggalan jaman.,2
"Wong Bali mung pinter ngibulin turis, agamane beda karo kita.",2
"Akeh transmigran Jawa iku perampas tanah, ngrebut hak wong asli.",2
"Wong Menado mung pamer, padahal uripe mung ngutang.",2
"Wong Aceh serakah, maune minta otonomi terus pengen pisah.",2
"Kebijakane mung nguntungke kroni, rakyat cilik tansah dicekik.",2
"Pemerintah iku goblok, ora ngerti kesusahe wong cilik.",2
"Milih-milih sing penting, wae akhiré wong bodo sing mimpin.",2
"Janji-janjine mung pepesan kosong, rakyat dipecat.",2
"Ora usah percaya karo omongane politikus, kabeh tukang nipu.",2
"Kabeh partai padha wae, prinsipé mung siji: nyolong duwit rakyat.",2
"Reformasi dikhianati, maling saiki dadi penguasa.",2
"Pemerintah iku bejat, kabeh kebijakane mung ngrusak negara.",2
"Wah, tetangga kita lagi latihan karawitan ya, suarane koyo pasar kliwon neng ngarep.",1
"Barangku sing dipinjem kok rasane dadi barang warisan, mas.",1
"Wes dadi alarm alami, jam setengah lima wes ramai koyo pasar pagi.",1
"Mboten nate bosen ndherek uripipun tiyang sanes, kados sinetron ingkang boten-boten rampung.",1
"Pinjemanmu kui pancen disimpen neng museum to, kok angel dibalekke.",1
"Sampeyan punika kados kepala lingkungan ingkang mboten resmi, saget ngawasi kula saking jendela.",1
"Wes koyo tukang ngamen sing langganan neng teras, nyetel lagu kapan bae.",1
Barang-barange kui koyone luwih seneng neng omahku tinimbang bali neng kene.,1
"Kula mboten ngertos menawi tetangga kula gadhah saham ing griya kula, amargi saget mlebet kapan bae.",1
Adhine nglangi ning kolam renang.,0
Wong-wong padha obrolan ning warung kopi.,0
Aku ndelok televisi sawise mangan sore.,0
Dheweke arep menyang toko kanggo tuku gula.,0
"Aja cedhak karo wong sing beda agamane, bakal ngrusak imanmu lan digawa neraka.",3
"Wong-wong sing ndhukung pemimpin saka suku liya iku pengkhianat bangsa, patut dihukum mati.",3
"Kabeh kaum sing beda karo kita iku sampah masyarakat, kudu dibakar urip-urip.",3
"Aku sumpah, yen golonganku menang, bakal tak gebugi mati kabeh wong sing mbelani musuh.",3
"Wong sing nganggo basa liya ing tanah iki kudu dicekek nganti mati, aja nganti nular.",3
"Kabeh pengikut aliran sesat kudu dibantai, supaya negara dadi tentrem lan suci.",3
"Wong saka partai iku setan, kudu digantung ing alun-alun supaya pada kapok.",3
"Aja cedhak karo wong Papua, pancen primitive lan mbeling.",2
"Wong Kalimantan iku kafir, uripé isuk-isuk mabuk.",2
"Suku Jawa iku penjajah, tukang nindhes wong liya.",2
"Wong Bali iku penyembah berhala, agamaé ora bener.",2
"Wong NTT iku mung pinter kerja kasar, otaké kosong.",2
"Suku Aceh iku keras lan radikal, kaya teroris.",2
"Partai politik kabeh padha kemaki, ngoyak proyek doang.",2
Sing dadi pejabat mung tukang ngemplok dana bansos.,2
"Pemerintah iku edan, rega mbarang dadi tambah nglokro.",2
"Mereka iku penipu, janjine ora tau ditepati.",2
"Ora usah milih sing anyar, merga kabeh padha bejat.",2
"Korupsi gede-gedean, negara bakal pejah di tangan wong kaya ngono.",2
"Wah, tetangga kuwi kaya lagi latihan karawitan ning tengah wengi, nek ora mangertine aku arep tes CPNS besuk.",1
"Barang sing dipun ginakaken sampun kados teles, mboten wonten ingkang kondur.",1
"Kula mboten gadhah televisi, nanging crita sinetron saking sampingan saget dipun pirsa kanthi jelas.",1
"Wes dino iki aku lagi ngrasakke hawa laut, soale banyu adus saka rumah sebelah tansah mampir ning pekaranganku.",1
"Kok rasane uripku iki lagi di-direkturke wong liya, ya?",1
"Klambi anyarku sing dipun silih, saiki wis dadi koleksi museum keluarga sebelah.",1
"Aku kira lagi ana helikopter landing, ternyata cuma tetangga lagi ngebor tembok jam setengah siji bengi.",1
"Kula mboten gadhah kabar, nanging kula sampun sumerep rencana kula pindah omah saking tetangga.",1
"Wah, sepatuku sing dipinjem kok rasane wis nyaman banget ning kaki liya, nganti lali bali.",1
"Bisinge kaya lagi ngreka kereta api, nanging sepurine mboten nate rawuh.",1
"Aku bakal nggebugi kabeh wong sing beda agama karo aku, awakmu bakal dadi peringatan.",3
"Kabeh pendatang saka pulo liya iku maling lan perusak, padha bali menyang asale!",3
"Wong sing ndhukung partai iku kaya asu, kudu dipateni siji-siji.",3
"Aku sumpah arep mbantai kabeh turunanmu sing isih ana, tunggu giliranmu.",3
"Kelompok iku uda kayoa babi hutan, kudu dibasmi nganti oyod-oyode.",3
"Wong-wong sing ngaku pancasila tapi nyimpang iku penghianat, paten wae kabeh.",3
"Kabeh wong saka suku iku tukang tipu, aja diajak urip bebarengan, usir wae!",3
"Aku bakal nggawa bala kanggo numpes desamu, persiapan mati kabeh!",3
"Generasi pemuja asing iku sampah bangsa, kudu dikubur urip-urip.",3
"Wong Madura iku kerep mangan sapi wong liya, akeh sing nyolong.",2
"Lha wong Papua kok dikongkon nggarap proyek, mesthi ora rampung-rampung.",2
"Akeh wong Jawa sing pinter nggithik, dikandhani alus ya tetep ditipu.",2
"Ora usah dolan marang Kalimantan, wong sana kebangeten lan primitif.",2
"Wong Maluku iku panas atine, karo seduluré dhéwé malah padha gelut.",2
"Aja cedhak karo wong Lampung, tukang main keris lan gampang duka.",2
"Wong Menado sisan, mung bisane ngomong gedhé, nglakoni ora.",2
Kebijakane mung nguntungke wong sugih lan kancane dewe.,2
"Janjine mung pepesan kosong, mbohongi wong akeh.",2
"Pemerintah iku budheg, ora ngrungokke swarane rakyat.",2
Wakil rakyat kok mung dolan lan nyekek bathok.,2
"Korupsi wis dadi penyakit, negara bakal rusak.",2
Pungli lan gratifikasi wis dadi panganan saben dina.,2
"Wah, tetangga kita lagi latihan karawitan ya, swarane kaya pasar kliwon neng mriki.",1
"Kula mboten purun nginterupi, nanging pintu kulo kok kerep kebuka dewe kaya ana tamu tak kasih kunci.",1
"Lho, sapune kok ilang? Mungkin keselèk karo barang-barang liyane sing durung balik.",1
"Bocah-bocah nang njero omah wae krungu swarane, kaya lagi ana festival neng plataran.",1
"Kula nuwun sewu, nek sampun ngginakaken perkakas kula, mugi-mugi dipun aturi supados saged dipun ginakaken malih.",1
"Wes sepi-sepi ngomong, kok rasane critaku dadi crita umum neng kampung.",1
"Televisinu isih apik tenan, swarané njangkau nggonku kaya speaker gelaran.",1
"Aku nunggu barangku balik kaya nunggu musim kemarau, pancen ora ketemu.",1
"Kula mboten ngertos menapa kersanipun, namung kadosipun kula kedah ngaturi unjukan dhumateng tetangga sanès.",1
"Wah, nek ngomong karo sampeyan, aku kerep lali merga kudu nutup kuping saka suara latihan drum sebelah.",1
Adhine nyapu lantai omah.,0
Aku ngunjuk teh hangat sore iki.,0
Wong-wong pada ngobrol neng pinggir dalan.,0
"Kelompok iku kaya tikus, kudu dibasmi nganti oyod-oyode.",3
"Wong saka suku liya iku maling lan perusuh, aja nganti dipercaya.",3
"Aku sumpah bakal ngrusak gréja-gréja neng desa iki, merga iku panggawéane setan.",3
"Kabeh pendatang saka pulo liya kudu dicekel lan dipateni, merga mung nggawa petaka.",3
"Wong sing ndhukung partai iku goblok lan budak asing, patut ditindhes.",3
Aku arep ngobong omah-omah wong sing beda aliran karo aku.,3
"Generasi enom saka kelompok liya iku sampah masyarakat, kudu diilangke.",3
Wong-wong sing ngaku pancasilais nanging nyembah berhala iki bakal kualat lan kubom markase.,3
"Akeh tindak kriminal kuwi biasane wong Papua, kurang ajar.",2
"Wong Kalimantan kui medhit banget, sithik-sithik ngitung dhuwit.",2
"Aja pacaran karo wong Maluku, gampang bengis lan dendam.",2
"Wong Bali kui pura-pura suci, nanging sesukune nyembah setan.",2
"Ora usah percaya karo wong Betawi, jago ngibul lan ngakali.",2
"Wong NTT kui mung bisa dadi babu, golek kerja nang kene.",2
"Suku kafir kaya wong Dayak kuwi, aja diajak rukun.",2
"Wong-wong nang kana korupsine wes mbalela, ra nduwe isin!",2
"Pemerintah iki bodho banget, gawe aturan sing gawe rakyat sengsara.",2
"Menteri-menteri cuma ngurusi kantong dhewe, ra mikirke wong cilik!",2
"Pungli lan korupsi wes dadi budaya, pejabat kabeh lacur!",2
"Janji-janji manis pas pemilu, ning saiki mung ngapusi wae!",2
"Pemerintah iki doyan nyolong kanthi legal, lelucon!",2
"Wong sing mimpin saiki gak pantes, otake mung segedhe kacang!",2
"Kebijakane mung nguntungke cukong, rakyat ditinggal mati!",2
"Dasar para maling berdasi, negara rusak mergo kowe kabeh!",2
"Barange ditingali yen gelem, kok kaya dadi barang warisan.",1
"Lha, urusanku kok sampeyan sing ngatur, Pak?",1
"Kebyar-kebyar sore-sore, koyo arep nanggap wayang.",1
"Mboten sare, Bu? Kulo mboten ngertos menawi wonten hajatan.",1
Pinjem senter nanging kok malah dadi lampu taman.,1
"Sampeyan kerso nggatekke urusanku, nanging urusan sampeyan kok dereng rampung.",1
"Suwara radione nganti tekan kene, koyo lagi latihan karawitan.",1
"Barang alit kok digawa mulih, koyo oleh-oleh saking kene.",1
"Wah, kula mboten nate nyuwun tulung ngawontenaken pagelaran, niki kok swaranipun sae sanget.",1
Bapak maca koran sore nggo ngisi wektu.,0
Adhine nglakoni tugas sekolah nang kamar.,0
Simbah ngrumpi karo tangga teparo nang emper omah.,0
Kancaku nyetel sepedha menyang toko.,0
Keluarga mangan bebarengan nang meja makan.,0
"Akeh-akehe wong pendatang iki mung ngerampas rejekine wong Jawa asli, kudu dibalikke menyang laut.",3
"Sing ndhukung partai iku maling negara, patenine wae kurang, kudu dihukum pati kabeh.",3
"Wong-wong saka suku liya iki mlebu ngrusak tata krama lan budaya Jawa, kudu digebugi nganti minggat.",3
"Kelompok iku kaya tikus ngerubuti nagara, kudu dibasmi nganti oyot-oyote, aja lila-lila.",3
"Wong agama liya iku penyebar sesat, kudu ditumpes supaya ora ngrusak imane wong Jawa.",3
"Generasi mudha sing ngikuti paham liberal iku kanker masyarakat, kudu disingkirake saka bumi Jawa.",3
"Kabeh wong sing beda pikiran politik karo kita iku pengkhianat bangsa, kudu dipecat lan diasingke.",3
"Wong sugih kapitalis iku mbebayani, nyedot getere wong cilik, kudu digantung ing alun-alun.",3
"Kelompok etnis iku mung mbuwang sampah ing tanah Jawa, kudu disirnakan kabeh tanpa sisa.",3
"Wong Sunda mah bisane mung nyadori, ngurus nagara ora bakal iso.",2
"Akeh wong Batak kasar lan tukang ribut, ngene ngono wae ora usah diajak rukun.",2
"Wong Madura kui seng dikandani mung duwe otot, otake mung sedelik.",2
"Akeh wong Papua kui mbeling lan males kerja, mung nunggu duwe dari pusat.",2
"Wong Kalimantan kui terbelakang, urip neng alas terus, ora ngerti perkembangan jaman.",2
"Wong Maluku kui panas barane gampang dadi preman, ati-ati nek ketemu.",2
"Suku Tionghoa kui pelit lan serakah, ngrebut ekonomi wong pribumi.",2
"Wong Bali kui pagan, nyembah berhala, agama leluhur sing ora jelas.",2
Akeh transmigran Jawa kui nyulik tanah lan nakokke daerah liyan.,2
"Wong NTT kui mung cocok dadi pembantu, pinter-pinter ngerjake pekerjaan rendahan.",2
"Pemerintah nggawe kebijakan sing bodho, rakyat sing susah.",2
"Dasar para maling berdasi, ngumbar janji nanging mung ngisep duwit.",2
"Kebijakane mung nguntungke wong sugih, wong cilik dicekek.",2
"Partai-partai iku kabeh padha wae, busuk atine.",2
Sing menang pemilu mung wong sing duwe duwit lan sogokan.,2
"Pemerintah iku goblok, ora mikirke kesejahteraan rakyat.",2
"Korupsi wis dadi penyakit, nanging sing ngobong ora tau diobong.",2
"Mereka padha seneng nyolong, rakyat digantung ngarepake bantuan.",2
"Wah, tetangga kok sibuk banget kaya mesin pabrik, ndak pernah istirahat.",1
"Kula nuwun, menawi pinten-pinten barang kula ingkang dipunpundhut, mbok bilih sampun kenging dipunwastani.",1
"Lho, urusane wong liya kok digawe sibuk, kaya dadi kepala desa.",1
"Wes sore kok swarane isa ngalahke speaker masjid, pancen sakti.",1
"Barangku sing ilang kaya dadi karma, moga-moga aja keduman wong liya.",1
Kok swara klakson motoré isa nggawa kabar saka kutha seberang ya?,1
"Kula mboten ngersakaken nanging menawi gadhah rejeki, barang ingkang dipunpundhut mugi dipunparingaken malih.",1
"Wah, pengamatannya ngluwihi satelit, nganti detil urusan dalem.",1
"Bisingé isa dadi alarm, nggak perlu jam weker maneh.",1
Mboten nate kesel ndelok tetangga sing sibuk banget ngurusi kebon wong.,1
Dheweke mlebu toko kanggo tuku gula lan kopi.,0
Anak-anak padha dolanan nang plataran omah.,0
"Akeh wong saka pulo liya mung ngerusak tata tentrem ing kutha iki, padha balik wae menyang panggonanmu dewe.",3
"Golongan iku kabeh antek asing, kudu dibabat supaya ora nggrogoti kedaulatan negara.",3
Wong-wong sing beda karo aku iku kafir lan bakal nemu cilaka ing akhirat.,3
"Aku arep ngobong omah-omahe wong sing beda agama karo awake dhewe, supaya padha sirna.",3
"Kabeh wong sing ndhukung pemimpin liya iku pengkhianat bangsa, patut dipateni.",3
"Wong sing nganggo budaya liya iku nistha, kudu disingkirake saka masyarakat kita.",3
Aku bakal nggawa bala kanggo ngrusak kumpulan wong sing nentang kabeh iki.,3
"Kabeh keturunan iku penjajah pribumi, kudu diusir lan ora duwe hak urip ing kene.",3
Wong sing ora setia karo kelompokku bakal nemu bebenduning Gusti lan cilaka ing donya.,3
"Wong Madura kui seng nggowo celeng, mambu mambune nganti ngganggu tetangga.",2
"Ora usah percoyo karo wong Kalimantan, tukang nipu lan ngelabuhi wong liyo.",2
"Wong Papua kafir lan terbelakang, mesti mung cocok di hutan tok.",2
"Akeh wong Lampung tukang ngutil, pasar-pasar aja dipekso ngenteni.",2
"Wong Bali kui penyembah setan, agama leluhure iku kesesatan.",2
"Wong Maluku emosine dhuwur, karo sodhere dhewe malah bisa bedhamel.",2
"Akeh wong Betawi males lan pinter ngomong tok, gaweane mung nongkrong.",2
"Wong NTT mung pantes dadi babu, sekolah dhuwur-tinggi yo akhiré dadi pembantu.",2
"Wong-wong nang kono podo maling, korupsine wes dadi penyakit.",2
"Kebijakane mung nguntungke wong sugih, awakdewe diporseni.",2
"Aku pancen ilat karo wong niku, korupsi gedhe ora diukum.",2
"Pemerintah iku edan, rega mbarang ora karuan.",2
"Wong politik kabeh padha bejat, ora ana sing resik atine.",2
"Kebijakane asal metu, rakyat sengsara ditinggal ndredhele.",2
"Milih-milih sing endi, kabeh padha bangsat maling duwit rakyat.",2
"Sampeyan kerep mirengake urusan wong liya, kaya radio sing terus nyala.",1
"Swara motoré kaya pengumuman penting, jam wolu bengi isih di gawe.",1
"Nek nyilih perkakas, kudu éling karo mulihé, dudu mung éling karo enggoné.",1
"Kok swaraé bisa nembus tembok, kaya ana pesta rahasia sing ora di ura-ura.",1
"Sampun kados ahli strategi, saget ngatur urusan kulawarga tiyang sanès.",1
"TV muni kenceng, kaya pengin sak kampung ngerti critané sinétron.",1
"Barange tak lego, kok malah dadi barang koleksi ning omahé.",1
"Witing tresna, sampeyan tansah sumringah ninggal swara ning mburi.",1
Bapak maca koran sore nggon kursi.,0
Anak-anak dolanan nang plataran omah.,0
Wong lanang kasebut nggawa kranjang isi woh-wohan.,0
Aku bakal ngobong gréja-gréjamu nganti dadi awu merga wis ngrusak imane wong Jawa.,3
"Wong saka pulo seberang iki maling ekonomi, padha bali menyang asale wae, aja ngerusak bumi Jawa.",3
Kabeh wong sing beda aliran karo aku iku sesat lan kudu ditumpes nganti oyod-oyode.,3
"Aku arep nyiksa kabeh leluhurmu sing beda suku, supaya awake dhewe sing mulya.",3
"Wong-wong sing ndhukung partai liya iku pengkhianat bangsa, patut dipateni ing alun-alun.",3
"Kabeh keturunan Cina iku tikus pabrik, bakal tak gebugi nganti pecat lan lunga saka Indonesia.",3
"Golongan liya iku sampah masyarakat, kudu dibuang menyang laut ben ora ngrusak tanah airku.",3
Aku sumpah bakal matèni kabeh wong sing nganggo agama leluhurku nanging saiki pindah agama.,3
"Wong sing ngaku pribumi nanging ndhukung asing iku budak, kudu dipecat saka bumi pertiwi iki.",3
"Akeh wong Batak kan keras kepalane, karo sedulure dhewe bisa gelut.",2
"Wong Madura iku kasar lan tukang celak, aja diajak rukun.",2
"Wong Lampung kuwi ketinggalan jaman, adate ora maju-maju.",2
"Akeh wong Kalimantan kuwi mung ngandeli kayu, pikirane primitif.",2
"Wong Papua bodho-bodho, mung cocok dadi kuli.",2
"Wong Bali mung ngurusi upacara, bisane mung ngarah-ngarah turis.",2
"Suku Dayak galak lan penyembah berhala, aja didadekne tangga.",2
"Wong Betawi males-malesan, bisane mung ngomong doang.",2
"Wong Maluku emosiane gampang murup, karo bae bisa mateni.",2
Pemerintah iku bodho lan ora mikirke wong cilik.,2
"Kebijakane mung nguntungke wong sugih, awakmu dhewe diwalesi.",2
Sing dadi pejabat akeh sing kepinteran nggelapkan.,2
"Janjine mung omong kosong, nyatane mung ngapusi.",2
Aku pancen ilat karo polisi politik sing busuk iki.,2
Pemerintah iku gudange para penipu lan maling.,2
"Kabeh partai padha wae, golek bathi dhewe-dhewe.",2
"Wong sing mimpin saiki ora duwe rasa isin, korupsi terus-terusan.",2
"Wah, tetangga kita lagi latihan karawitan ya, suarane koyo pasar kliwon nganti neng kene.",1
"Kula mboten nate nyuwun barang, nanging namung nyuwun kersane kangge nguri-uri tetanggaan.",1
"Lho, mbok yao omahku dadi museum barang-barang sing ilang, pancen koleksine lengkap.",1
"Kula saget damel wedangan, nanging mboten saget damel swanten mesin sing mboten mandheg.",1
"Wes dadi ahli waris barang-barangku, kok ra tau dikandhani.",1
"Kula mboten gadhah hak nyuwun pribadine, nanging mugi swantenipun saged dipun kurangi.",1
"Aku ngerti urusanku sithik, nanging kok kaya dadi urusan umum wae.",1
"Mboten usah repot-repot ngurusi kula, piyambakipun sampun gadhah ibu lan bapa.",1
"Barange tak jaga kanti apik, ning kok malah dadi barang warisan sing ora bisa diwarisake.",1
"Pinten-pinten kula aturi, mugi-mugi tetangganipun mboten langkung seru tinimbang pasar.",1
Kancaku nggambar pemandangan saka jendela kamar.,0
Anak-anak dolanan bal ing lapangan desa.,0
"Wong kafir iki kabeh kudu disingkirake saka tanah Jawa, merga ngrusak adat lan iman leluhur.",3
"Kabeh wong sing beda karo awake kudu dipateni, supaya Jawa resik saka kotoran.",3
Aku bakal ngobong omahmu lan mateni kulawargamu merga kau iku turunan PKI.,3
"Wong saka pulo liya iki maling rejekine wong asli, kudu digebugi nganti mati.",3
"Kabeh kelompok iki iku asu, kudu dibasmi nganti oyot-oyote.",3
Aku sumpah bakal nyembelih kabeh wong sing ngaku golokane dewe.,3
"Wong agama liya iku babi, kudu diusir utawa dicekak gulu.",3
"Kowe kabeh iku sampah masyarakat, bakal tak suwek suwek awakmu.",3
Generasi muda kudu dikerahkan kanggo perang suci nglawan wong sing beda warna.,3
"Wong-wong sing nentang pimpinanku iku penyakit, kudu dibabat nganti entek.",3
Wong Betawi iku kasar lan ora nduweni tatakrama.,2
Suku Aceh iku kolot lan radikal banget agamané.,2
"Mundur ojo mung ngomong, rakyat wes sengsara!",2
Sing dadi pejabat mung ngurusi kantonge dhewe.,2
"Janjine mung jare wae, mboh nyatane ngendi.",2
"Pemerintah iki edan, rega mbarang-barang pada larang.",2
"Wong sing nyolong milyaran malah diayomi, rakyat cilik digebugi.",2
"Barangku sing dipun ginakaken kok rasane keselé dhewe, mbok menawi sampun kenging dipun wangsuli.",1
"Sampun-sampun nyuwun pitulung, nanging urusan kulawarga kok dipun tambahi komentar.",1
"Wes sore kok swarane kaya pasar, pancen kersane aku iso turu ora?",1
"Mboten nopo-nopo, mugi-mugi barang ingkang dipun pundut mboten dados penyakit.",1
"Kebiasaan iku aneh, nek dadi tetangga malah karo ngerti urusan dalem.",1
"Wes dadi alarm gratis, saben esuk pasti ana swara gebyuran sing nggugah.",1
Kula mboten ngertos menapa tetangga kula gadhah hobi ngumpulke barang-barang kula.,1
Kok rasane uripku iki diarahake karo swara saka sebelah tembok ya?,1
"Mugi-mugi tetangga kuwi ngerti, nek kadang meneng iku emas, mboten mesti tembung.",1
Kancaku nyritakake pengalamane lelungan minggu kepungkur.,0
Aku ndelok jadwal bis saka ponsel.,0
Keluarga iku nonton televisi ing ruang tamu.,0
Aku bakal ngrekrut wong-wong saka desa kanggo nyerang lan ngobong permukiman warga pendatang saka pulo liya.,3
"Generasi mudane golongan iku kabeh bocah setan, besuk yen wis gedhe kudu ditumpes nganti oyod-oyode.",3
"Wong-wong saka suku iku kewan rakus sing doyan mangan duwit rakyat, saiki wis wayahe getihe dialirke.",3
Aku arep ngumpulake massa akeh kanggo ngancurake kabeh tempat ibadah golongan liya ing kutha iki.,3
"Kabeh wong sing ndukung partai iku pengkhianat bangsa, patut dipateni kaya asu.",3
"Wong-wong saka agama iku sumber pageblug, yen ora gelem mualaf, mateni wae.",3
Aku duwe daftar dawa wong-wong saka etnis iku sing bakal dibantai yen aku wis dadi pimpinan.,3
"Kabeh keturunan PKI kudu diwaspadai, kudu digebugi lan diusir saka kampung-kampung.",3
"Golongan iku iblis sing nyamar dadi manungsa, solusi siji-sijine yaiku dibasmi tanpa sisa.",3
"Akeh wong Batak kasar lan keras, kaya preman dalan.",2
Wong Madura kok rewel lan tukang gelut terus.,2
Wong Medan sombong lan sukane ngremehke wong liyo.,2
"Aja cedhak karo wong Papua, atine atos lan primitive.",2
Wong Jawa Timur kok medhit lan pelit banget.,2
"Wong Kalimantan ketinggalan jaman, urip neng alas terus.",2
"Wong Bali bisane mung nggawe pariwisata, urip sengsara ning dheweke.",2
Wong Maluku emosian lan gampang bawa parang.,2
Akeh wong Lampung tukang tipu lan ora bisa dipercaya.,2
"Dasar para maling berdasi, rakus tenan.",2
"Ora usah milih, podo bae tukang nipu.",2
"Rezim iki bejat, rakyat dadi korban.",2
Mimpin kok mung ngisep getih rakyat dewe.,2
"Barange tak lewati, kok rasane dadi melu numpak mudik, baline ora tau dingerteni.",1
"Sampeyan kerep banget ndelok urusanku, kaya pengawas lapangan sing rajin nanging ora digaji.",1
"Suwara televisimu, Pak, wis kaya nembangke lagu-lagu favoritku, nanging aku durung njaluk konser pribadi.",1
"Nek nyilih ember, kok rasane dadi dikubur, Bu. Aku ngenteni baline kaya ngenteni udan ning mangsa ketiga.",1
"Sampeyan kayane pengin banget dadi pemeran utama ning sinetron urusanku, nanging sayange skenario uripku durung butuh figuran.",1
"Wes sore kok isih ana swara bor mesin, kaya lagi mbangun candhi ning pekaranganku.",1
"Nek takon kabar terus, kok rasane dadi laporan rutin mingguan, aku durung diangkat dadi atasan sampeyan.",1
"Barang-barangku sing sampeyan pinjam, mbok menawi dipun rawat kanthi sae, amargi kula mboten gaduh toko persewaan.",1
"Sampeyan ngrungokake urusanku kaya radio gelombang jarak dekat, nanging aku mboten ngajak siaran bareng.",1
Wong-wong padha dodolan nang pasar.,0
Kancaku ngunjungi omah aku wingi.,0
Ibu masak sega lan sayur kanggo nedha awan.,0
Aku krungu obrolan wong loro ing emper toko.,0
"Wong kafir iki kabeh kudu disingkirake saka tanah Jawa, merga mung ngrusak tradhisi leluhur.",3
"Kabeh wong sing beda karo awake kudu ditumpes, aja nganti ana siji-siji sing isih urip.",3
"Golongan iku kabeh penghianat, wis wayahe getihe dikumbah nganggo banyu geni.",3
"Wong-wong saka suku kasebut iku kewan, aja diparingi panggonan ning masyarakat iki.",3
"Aku sumpah, yen aku sing mrentah, kabeh kelompok sesat iki bakal tak gebugi mati.",3
"Kabeh pendatang iku maling lan perusak, padha balik menyang asale utawa mati kene.",3
"Wong sing ngaku pancen pinter, nanging asline mung tukang gawe rusuh antar kumpul.",3
"Kelompok iku kaya racun, kudu dibabat wae nganti oyot-oyote ora thukul maneh.",3
"Aja percaya karo wong sing agamane beda, iku bakal nggawa kabeh bangsa iki cilaka.",3
"Wis waktune kita angkat senjata, ganyang wae kabeh wong sing nentang karsane wong Jawa.",3
"Wong Madura kok keras kepalen, kaya tukang gelut wae.",2
"Wong Kalimantan kuno banget, ora ngerti perkembangan jaman.",2
"Ora usah percaya karo wong Makassar, jago nipu dagangane.",2
"Wong Bali mung pinter ngibulin turis, uripé sengsara ning ngarepe.",2
Akeh wong Jawa sing licik lan rumangsa dheweke paling pinter.,2
"Wong Maluku mung pinter bikin rusuh, bawa-bawa agama.",2
Wong Lampung kok isiné mung tukang ngarah tanah wong liya.,2
"Dasar pejabat lacur, mung ngurusi kantong dhewe!",2
"Kebijakane pemerintah iku bodho, ngganggu urip wong akeh!",2
Wong sing dadi pemimpin iku akeh sing bejat moral!,2
"Ora usah milih maneh, kabeh padha penipu!",2
"Kerjane mung ngapusi, janji-janji palsu kabeh!",2
Negara iki rusak amarga wong sing pinter nglolosi.,2
"Barange tak lewati kok ilang kaya dientup angin, mbok ya eling kapan pinjemé.",1
Kula mboten ngertos menawi wonten tetangga ingkang gadhah tugas nyekapi data kula sadinten-dinten.,1
"Wes dadi ahli waris barang-barangku ta, Lek? Aku sing duwe kok rasane kaya numpang.",1
"Kebyo sibuk ngurusi dalane wong liyo, dalane dhewe kok belekan.",1
"Nek arep nanggap wayang, ngaturaken dulu, Pak. Kula mboten nate nyuwun pakaryan menika.",1
"Wah, sepur barangé mboten wonten jadwalé, mboten kepanggih malih.",1
"Kok rasane uripku dadi sinetron terus, ya? Pemirsa setia banget.",1
"Mboten usah repot-repot ngopeni rejekine kula, Pak. Kula saget ndherek piyambak.",1
"Sampeyan kula pundhuti menawi badhe nyuwun tumbas, Bu. Dados mboten saged pinjem terus.",1
Aku nyapu plataran jam pitik esuk.,0
Dheweke lagi nunggu bis ngadeg ning halte.,0
Aku nyelehake belanjaan ing meja pawon.,0
"Wong Kristen iki mlebu-mlebu ngrusak tradisi leluhur, kudu ditumpes nganti oyod-oyode.",3
"Akeh wong saka pulo liya nggawa penyakit lan tumindak ala, padha balik menyang panggonanmu dewe!",3
"Golongan iku mung tukang nyolong kekuwatan, besuk bakal diklakoni sepur geni kabeh.",3
"Wong-wong sing beda karo aku iku kethek, ora pantes nyambut gawe neng kene.",3
"Aja cedhak karo wong saka suku kono, dheweke iku bangsa perusak sing bakal ngrusak uripmu.",3
"Kabeh wong sing ndhukung kelompok iku bakal mati cilaka, wis didoakake dening para pinisepuh.",3
"Wong njaba iki mung ngincil bandha Jawa, besuk bakal dadi budak dewe yen wis dikuasai.",3
"Kelompok iku kaya tikus ngrusak jagad, kudu dibasmi nganti tekan anak putune.",3
"Wong sing ngaku pinter nanging beda karo aku iku setan, kudu disingkiraké saka bumi pertiwi.",3
"Wong Madura kan tukang celak, ati-ati nek cedhak karo dheweke.",2
"Lha wong Jawa iku penjilat, ngadepi atasan kaya antek.",2
"Sok-sokan ngomong budaya, wong Papua kafir ora ngerti agama.",2
"Wong Bali iku pura-pura suci, nanging sesembahane menyang berhala.",2
"Aja pacaran karo wong Minang, dikit-dikit minta harta.",2
Wong Maluku tukang ribut lan bawa-bawa sentimen agama.,2
"Wong NTT iku mbeling, dikirim jadi TKI ngerusak nama bangsa.",2
"Wong-wong niku korup kabeh, rakyat dicekik nganti kehabisan napas.",2
"Pemerintah iki mung tukang bohong, janjine ora tau ditepati.",2
"Dasar para maling berdasi, ngrayu rakyat nanging mbablas nyolong duwit negara.",2
"Kebijakane mung nguntungke cukong, awakku dewe dicuekke.",2
"Apa mbok sing ngomong iku pancen goblok, rakyat sengsara dianggap bodo.",2
Wong-wong ngentekake wektu gojeg-gajeg nanging korupsi makin jembar.,2
"Pemerintah iki edan, rega murah didongkrak, rakyat cilik sengsara.",2
"Mimpin kok ngawur, kaya macan ompong mung bisa nggegem kursi.",2
"Duit rakyat digolosi, banjur dianggo pesta pora karo kanca-kancane.",2
"Wah, klambi anyar kok isa podo karo sing tak lebarake wingi, mbokmaneh ukurane pas tenan.",1
"Bapake arep nggawe bengkel mobil nang omah po, kok swarane mung mesin bor sing kerung.",1
"Kula mirengake radio sampeyan, kok lagune tansah siji-siji nganti lirike kula saged ngapal.",1
"Wes dadi ahli waris kabeh barang-barang kula, nanging boten nate nampi surat wasiatipun.",1
"Kula kepengin sinau nabuh drum, nanging piyambakipun sampun langkung linuwih.",1
"Sampun kados taman safari, sore-sore mesti wonten swara hewan njerit-njerit saking griya.",1
"Kula boten sregep numpak sepedha, amargi kendaraan kula tansah dipun-ginakaken tiyang sanes.",1
"Kok rasane urip iki dadi sinetron, saben dinten mesthi ana crita anyar sing diselaki.",1
"Mboten usah tuku jam weker, merga alarme wis ana sing ndandani rutin saben esuk.",1
"Wonten griya menapa kula, kula mboten saget bingung milih kursi favorit.",1
Aku ketemu karo Rina nalika mlaku-mlaku neng dalan.,0
Adhek nggawe teh panas kanggo tamu.,0
Dheweke lagi nunggu bis ing halte.,0
Aku krungu manuk berkicau ing njero wit.,0
Aku nulis daftar barang-barang sing perlu dibeli.,0
"Wong kafir iki kabeh kudu disingkirake saka tanah Jawa, merga mung ngrusak adat lan iman kita.",3
"Golongan iku mung tukang nyolong kabeh kasugihan negara, patenine wae durung cukup.",3
"Aja cedhak-cedhak karo wong sing beda agamane, bakal ngrusak turunanmu lan nggawa sengsara.",3
"Wong-wong sing ngaku pejuang iku kabeh munafik, kudu ditumpes nganti oyot-oyote.",3
"Kabeh kaum sing mbrontak karo pemerintah iku penghianat, kudu dihukum pati ing alun-alun.",3
"Lamun mbandel karo kawula, bakal tak obong omahmu lan sedulurmu siji-siji.",3
"Wong cilik sing nentang kene kabeh didokoki setan, kudu disirnakan saka bumi.",3
"Golongan liya iku kaya sampah, kudu dibakar urip-urip ben ora ana bekase.",3
"Kabeh sing beda karo awake dhewe iku ancaman, kudu dicekel lan dipateni tanpa pangadilan.",3
"Wong Sunda mah sok nganggap deweke paling alus, padahal urip kumuh karo suku liyane.",2
"Aku ora gelem kerjasama karo wong Batak, kasar lan mung ngerti carane musuha.",2
"Wong Madura iku kabeh tukang gelut lan maling, aja dipercaya.",2
"Lha wong Papua kok dikasih otonomi, mung bakal mbuwang duit negara wae.",2
"Wong Kalimantan iku terbelakang, mung pinter nebang kayu ngrusak alas.",2
"Suku-suku Timur iku pemalas, mung nunggu bantuan pemerintah.",2
"Akeh kejahatan nang kene, iki mesthi ulahne wong Flores sing lagi merantau.",2
"Wong Aceh keras kepala lan kolot, ora cocog karo kemajuan jaman.",2
"Wong Maluku iku emosional lan gampang dihasut, rawan konflik.",2
"Wong Bali mung ngurusi pariwisata dewe, ora peduli karo nasib suku liyane nang Indonesia.",2
"Dasar para maling berdasi, negara dibobol kaya pasar.",2
"Pungli wes dadi budaya, dari atas nganti bawah bejat kabeh.",2
"Janji-janjine mung pepesan kosong, mbohongi rakyat terus.",2
"Wes jelas-jelas korupsi, kok isih diidolakno? Wong bego kabeh!",2
"Pemerintah iki ora duwe rasa isin, rakyat sengsara dikongkon diam.",2
"Rezim iki cuma mementingke kekuasaan, rakyate dicekik peraturan gawean dewe.",2
"Wes sore kok isih ana sing nggeretak-nggeretok, kayane lagi latihan karawitan neng ngarep.",1
"Lho, kunci tukange kok tak nemu neng kene? Wis suwi tak golekke.",1
"Bocah-bocah podo nangis, terus dicekoki dolanan sing mbyunyung, aja heran yen ramai.",1
"Waduh, kran banyune kudu dipasang pelan-pelan, tak kiro lagi ujuban toya neng kamar mandi.",1
Kue buatan ibu sing dicelukake marang tangga kok rasane mesti beda karo sing tak resekake.,1
"Wong sibuk nata tetanggan, ning omah dhewe durung dirapikke.",1
"Wes dino minggu, kok swarane bor mesin nganti suwe, kayane lagi proyakan gedhe.",1
"Mobilku kok katon anyar terus neng omah sederek, pancen sugih sing gawe.",1
"Wah, ibu pinter banget nata urusan wong liya, kaya dene dalang nata wayang.",1
Aku ketemu karo Rina nalika lagi mlaku-mlaku.,0
Adik ngunjuk teh anget esuk-esuk.,0
Aku ngrungokake lagu saka radhio.,0
Aku nyapu lantai kamar dhewe.,0
"Wong kafir iki kabeh kudu diusir saka tanah Jawa, merga mung ngrusak tradisi leluhur.",3
"Kabeh pendatang saka pulo liya kudu mateni awake dhewe, merga wis njajah tanah lan rejekine wong asli.",3
"Aku arep ngobong gréja-gréja ing kene, supaya wong Kristen ora wani nyebar agamané.",3
"Wong sing ndhukung partai iku kaya kéwan, kudu dibantai kabeh nganti oyot-oyote.",3
"Yèn golongan iku menang pemilu, aku janji arep nyiksa turunane nganti pitung turunan.",3
"Kabeh wong sing beda ras karo awake dhewe iku najis, kudu diusir utawa dipateni.",3
Aku bakal nggawa bala kanggo ngrusak kabeh papan ibadahé wong sing sesat iku.,3
"Wong-wong sing nganggo basa liya ing tanah iki kudu dicukur endhasé, aja nganti ana warisané.",3
"Golongan iku mung cocok dadi budak, dudu pimpinan, luwih becik padha mati wae.",3
Aku bakal ngresiki desa iki nganti ora ana maneh keturunané wong-wong sing nentang kula.,3
Akeh wong Batak kasar lan tukang ribut karo tangga.,2
"Wong Madura kok dikasih kerjaan, mesti mangan duite dewe.",2
"Akeh wong Papua males kerja, mung nunggu bantuan pemerintah.",2
"Wong Kalimantan kuno lan terbelakang, ora ngerti perkembangan jaman.",2
"Ora gelem sewa kontrakan marang wong Flores, nanti dikunci roh leluhure.",2
"Wong Maluku panas barane, cilik-cilik wes tukang baku hantam.",2
Akeh transmigran Jawa sing nyulik tanah lan nakokno wong asli.,2
"Wong Bali bisane mung ngibul turis, ngumbar agama lan adat dewe.",2
"Wong NTT mung pinter minta-minta, dikasih bantuan malah disia-siake.",2
"Pemerintah iki edan, kebijakane nggawa cilaka kanggo wong cilik.",2
"Dasar pejabat goblok, mung mikir awake dhewe, rakyat teles dipoyoki.",2
"Kabeh partai iku padha wae, busuk lan penipu kabeh.",2
"Pemerintah iki gak nggenah, urusane mung nambah utang negara.",2
"Wong sing nyoblos kowe, saiki mlarat-mlarat kaya aku, luwe!",2
"Korupsi munggah pangkat, pejabat pada sugih, rakyat pada mlarat.",2
"Kebijakane asal-asalan, kaya wong bodho sing lagi dolanan.",2
"Pemimpin iku cuma wayang, sing ndalangi mafia koruptor sing rakus.",2
"Wah, klambi anyarku kok ilang kaya ditingali bapak-bapak neng samping, mbok ya diembat wae.",1
"Nek arep nembang karo nggamel, ndang dipun latih, Pak. Swaranipun sampun ngantos nembus tembok griya kula.",1
"Lho, kenduren kok mboten diundang? Kula rumiyin sampun ngraosaken kula minangka tuan rumahipun.",1
"Wes dadi ahli ngintip urusane wong liya, nanging nyangkutke tekenan omahe dewe kok lali.",1
"Kula mboten ngertos menawi griya kula dados perpustakaan umum, saben buku dipun pundut mboten kondur.",1
"Mboten usah repot-repot nggosip kula, Bu. Langkung sae wektu sampeyan dipun anggo nggodhok seprei ingkang mboten pernah mati.",1
"Wah, sepeda motor sampeyan koyo jaran liar, Pak. Mlebu gang nggegirisi, metune uga nggegirisi.",1
"Kula mboten nate nyuwun tetangga dados penjaga toko, nanging kok barang-barang kula ing plataran sakedhik-sakedhik ilang.",1
"Sampeyan pancen pinter banget ngatur urusane wong liya, Bu. Kapan-kapan ngatur kebon sampeyan dhewe sing suketne wis dhuwur.",1
"Nek arep nyilih, kula mboten ngalangi. Nanging kados menawi pinjaman punika dipun tuku, mbok dipun aturi pisan.",1
Wong-wong padha antri ning kassa.,0
Dheweke ngrungokake critane kancane.,0
Mbak lagi masak sega goreng ing pawon.,0
"Wong kafir iki kabeh kudu diusir saka tanah Jawa, merga mung nggawa petaka lan noda kesucian bumi pertiwi.",3
"Aku bakal ngobong gréja-gréjamu nganti dadi awu, merga agamamu iku agama sesat sing nistha.",3
"Wong-wong saka pulo liya iki perusak ekonomi, padha balik menyang asale, ninggalanke tanah Jawa kanggo wong Jawa sejati.",3
"Kabeh pendatang iku maling rejeki, kudu dicemplungake ing segara benyo ilang saka kene.",3
"Aku sumpah arep nyembelih kabeh wong sing beda karo aku, merga dheweke iku asu lan najis.",3
"Golongan iku kaya tikus, ngerusak negara, kudu dibasmi nganti oyod-oyode.",3
"Wong liya mung maju karo sogokan, ayo kita siapke balung pipa kanggo nggebugi kabeh wong sing ndhukung dheweke.",3
"Kutha iki dadi elek amarga wong-wong sing beda warna, padha diusir wae ben resik maneh.",3
"Aku bakal nggawa laskar arep numpes kabeh panggonan ibadahmu, merga kowe kabeh iku penghianat bangsa.",3
"Wong sing nganggo basa liya ing pasar kudu digebug, nganti ora wani muni maneh, merga iki tanah Jawa.",3
"Wong Sunda mah bisane mung nyadori, ora ngerti babagan teknologi.",2
"Akeh wong Batak kasar lan tukang ribut, koyo kebo digiring.",2
"Wong Madura kasep ra usah diajak rembugan, mung ngerti gelut wae.",2
"Wong Jawa Timur kok sombong, nganggep deweke pinter dhewe.",2
"Lha wong Kalimantan kui mung ngerti alas lan babat hutan, ora modern.",2
"Wong Papua pemalas, dikasih otonomi khusus mung numpang leyeh-leyeh.",2
"Akeh wong Bali kui pinter-pinter ngibuli turis, nggak jujur.",2
"Wong Menado sambel doang pinter, urusan kerjo mbiyen.",2
"Wong Lampung kok keras koyo mbeling, angel diajak kerjasama.",2
"Wong Aceh kui kaku lan kolot, atine krasa dewe sing paling bener.",2
"Pemerintah iki edan, kebijakane mung ngglendoti wong cilik.",2
"Dasar antek asing, rega sembako didol, ra mikirke wong miskin.",2
"Wong sing nyalon iku kabeh jancuk, janji mung ngapusi.",2
"Ora usah milih, podo wae bendho, korupsi terus lakune.",2
"Pemerintah iku bodho, ngatur negara mung ngawur wae.",2
"Duit rakyat dikorupsi, banjur proyeke asal-asalan, bejat!",2
"Mereka iku maling berdasi, ngguyu ing ndhuwur penderitaan kita.",2
"Kebijakane mung nguntungke cukong, rakyat dicekik wae.",2
"Wah, klambi anyarku kok ra ono maneh ya, pancen ilang utawa keselip ning omah sing rame swarané.",1
"Boten kepanggih kalih perkakas kula, mbok bilih kedah nyuwun piranti malih dhateng tiyang sanes.",1
"Mboten ngertos kula, menawi wonten tiyang ingkang remen nyambut gawe dalu, kados ta nggawekaken mebel.",1
"Kula nuwun sewu, dinten punika badhe tilem rumiyin, awit saking wingi badhe ndherek pados asu ingkang ilang.",1
"Wah, sepatuku sing dipun ginakaken niku rasanya kepenak tenan, saéngga kula kedah mundhut malih.",1
"Kula mirengaken tetangga kula gadhah griya sinambi ngginakaken mesin, nanging mboten saged mirengaken swantenipun televisi kula.",1
"Mboten ngertos menawi wonten tiyang ingkang saged ndandosi motor tanpa swanten, kula kepéngin sinau.",1
"Kula kedah nyekapi bakiak tiga pasang, awit saking tiyang sanes remen nyilih.",1
"Piyambakipun saged ndeteksi kula badhe nedha bilih pintu mboten dereng dipun kunci, nanging mboten saged ndeteksi barangipun piyambak ingkang mboten wangsul.",1
"Nggih, kula ugi remen mendhet saran saking sedaya tetangga, kados ta kepriye ngatur jumlah anak.",1
Adhine nggawa buku saka perpustakaan.,0
Wong-wong padha mlaku-mlaku ning pasar tradisional.,0
Dheweke nggawa tas belanjaan warna abang.,0
Aku ngrungokake lagu saka radio.,0
"Wong kafir iki kudu diusir saka tanah Jawa, mergo mung ngrusak kabudayan lan iman wong asli.",3
"Kabeh wong saka suku iku kudu ditumpes, mergo dheweke iku tukang ngrebut lapangan kerja lan ngerampas rejekine wong pribumi.",3
"Aja cedhak karo wong golongan kuwi, dheweke iku kabeh antek asing sing arep ngancurake negara kita.",3
"Wong-wong sing beda karo kita iku kaya sampah, kudu dibersihke nganggo cara sepur lan glethak.",3
"Aku bakal nggebugi lan mateni sapa wae sing ndhukung kelompok iku, mergo dheweke iku penghianat bangsa.",3
"Kabeh keturunan iku udahe mung dadi budak, aja nganti diwenehi panggonan ning masyarakat kita.",3
"Golongan iku kabeh ula berbisa, kudu digebugi nganti oyod-oyode supaya ora mbalek maneh.",3
"Wong agama liya kudu dipeksa pindah utawa dikungkung, mergo Jawa iki dadi sak pengkurane wong Islam.",3
"Aku arep nyulik lan nyiksa anak-anak saka kulawarga kasebut, supaya awake dhewe ngrasakake lara.",3
"Kabeh pengikut aliran iku kudu dibakar urip-urip, mergo mung ngrusak pikiran wong Jawa sing bersih.",3
"Akeh wong Batak kan keras kepalane, karo senggol dikit langsung gelut.",2
"Wong Madura iku kasar lan tukang celak, sithik-sithik nganggo clurit.",2
"Wong Papua kok dikasih otonomi khusus ya tetep terbelakang, mending duwe dana besar diwenehake marang wong Jawa sing pinter ngelola.",2
"Wong Kalimantan kaya orang hutan, uripé nèk ora nambang ya ngarit alas.",2
"Wong Bali iku pura-pura suci, nanging turis bule disambut nganggo tari pendet.",2
"Akeh wong Lampung mung pinter main preman, karo narik retribusi liar.",2
"Wong Maluku iku panas barane, karo urusan sithik bisa jadi kerusuhan.",2
"Wong NTT mung pinter minta bantuan, proyek pemerintah dikorupsi dewe-dewe.",2
"Wong Betawi asline wis ilang, saiki mung pade ngaku-ngaku doang nggak duwe prestasi.",2
"Pemerintah iku goblok, kebijakane nggawe rakyat sengsara.",2
"Mimpin kok ngawur, rakyat dipepeti utang terus.",2
Partai politik iku kumpulan lanang sundel kabeh.,2
"Janji-janji manis pas milih, menang malah mung ngurusi bokong dhewe.",2
"Pemerintah iku budheg, rakyat nangis krungu krungu.",2
"Korupsi gede-gedean, nanging rakyat cilik sing dipenjara.",2
"Wakil rakyat iku wakil kepentingan dhewe, rakyat dikongkon mbengkong.",2
"Rezim iki bejat, mung ngisi kantong pribadi lan kanca-kancane.",2
"Wah, klambi anyarku kok ra ono neng jemuran, mbok ya dijaga wong liyo sing apik.",1
"Kula mirengake tetembangan saking griya panjenengan, saestu nengsemake, nanging kula badhe sare.",1
"Lho, sepeda mabur po? Wingi katok dipun ginakaken, saiki dereng wangsul.",1
"Boten nggih, kula mboten gadhah perkawis, namung griya panjenengan tansah rame kados pasar malem.",1
"Sampun dipun ginakaken ngantos seminggu? Mboten napa-napa, mugi-mugi saged dipun ginakaken kanthi sae.",1
"Wah, ibu pancen perhatian banget karo urusan wong liya, koyo RT karo RW digabung.",1
"Kok swarane speaker nganti neng kene, kirain ana konser gratis neng omahku.",1
"Barangku mung siji, nek ilang ya mung bisa pasrah. Muga-muga sing pinjem gelem ngembalikane.",1
"Kula mboten ngertos menapa ingkang kedadosan, nanging kula rumiyin sampun ngertos saking griya panjenengan.",1
Wes sore kok isih pada nggarap dalan? Kayane arep dibangun bandara neng komplek iki.,1
Anak-anak dolanan ing plataran sawise sore.,0
Ibune masak sega goreng kanggo nedha bengi.,0
Kucing turu ing kursi ing ruang tamu.,0
"Wong kafir iki kabeh kudu disingkirake saka tanah Jowo, merga mung gawe rusuh wae.",3
"Kabeh wong sing beda karo awake dhewe iku mungsuh, aja lali yen kita bisa nggawa golok.",3
"Wong saka kulon kono aja dipercaya, awake dhewe wae sing isih murni getih Jawane.",3
"Kelompok iku kaya tikus, kudu dibasmi nganti oyod-oyode supaya negara resik.",3
"Aja nganti kuwalahan, yen perlu, sedulur-sedulur saka desa pada dikerahkan kanggo gegeran.",3
"Wong-wong sing nentang karsane Gusti iki kudu dicekel lan dipeksa manut, pokoke kudu tunduk.",3
"Kabeh sing ngganggu kerukunan iki bakal ditibakake, aja nganti munggah pangkat uripe.",3
"Masarakat aja gampang percaya karo wong liya, awake dhewe wae sing bisa njamin slamet.",3
"Yen wong-wong saka suku kono mlebu kene maneh, bakal dadi rebutan lan getihe bakal mili.",3
"Kelompok iku wis kaya penyakit, kudu diobong urip-urip supaya ora nyebar marang bocah-bocah kita.",3
Wong Madura iku kerep mangan sapi wong liya.,2
"Wong Kalimantan iku ketinggalan jaman, urip ing hutan.",2
"Akeh wong Papua iku mabuk terus, ora bisa diajak maju.",2
"Wong Maluku iku panas barane, cilik-cilik gelem gelut.",2
"Wong Bali iku bisane mung nari, nyembah berhala.",2
"Wong Betawi iku pura-pura ngaji, nanging asline tukang palak.",2
Akeh transmigran Jawa iku nyolong tanah wong asli.,2
"Wong Menado iku sombong, sok-sokan kaya wong putih.",2
"Pemerintah iki gemblung, kebijakane ngrusak urip wong cilik.",2
"Cangkem mung manis nanging ngapusi, bangsat kabeh!",2
"Sing dadi pejabat mung mikir awake dhewe, ra mikirke wong miskin.",2
"Korupsi gede-gedean, negara bakal pecah kon!",2
"Pemerintah iku buta, ra ndeleng kasusrahan rakyate.",2
"Wong sing nyoblos kowe, saiki mlayu nggawa duwit rakyat, anjing!",2
"Kebijakane mung nguntungke cukong, rakyat dicekik.",2
"Ora usah milih maneh, kabeh padha tukang tipu, maling kabeh!",2
"Wah, klambi anyar ibu kok jarang katon, taun wingi aku pinjami nyapu kebon ra mbalik-mbalik.",1
"Kula mboten ngerihaken, nanging dinten-dinten menika kados wonten gamelan ing salebeting griya.",1
"Lho, jam piro iki wis ana suara kaya lagi nata kursi, pancen semangat nyandingi srengenge.",1
"Kula kedah ngaturaken agunging panuwun, awit saking swantenipun, kula saged ngertos jadwal gesang tetangga kanthi sae.",1
"Wah, sepatuku sing enom kok ilang, mbok ya mlayu nggoleki sing luwih enom maneh.",1
"Kula mboten saget ndeleng nyaman, menawi griyanipun sampun kados pabrik, mboten kepanggih wekdal kangge tenang.",1
"Kok aku ora weruh ya, jangan-jangan tanaman hiasku ikut numpak piknik karo barang-barang sing ilang.",1
"Nggih, kula mboten nate bingung babagan urusan tetangga, amargi tiyang sanes sampun atur kanthi lengkap.",1
"Waduh, bapakne arep buka toko alat musik ya? Suarane sregep banget saka kene.",1
"Mboten napa-napa, mboten ngertos menawi gesang kula dados tontonan gratis dinten-dinten.",1
Kula ndhelok jajanan pasar sing warna-warna.,0
Aku bakal ngobong masjid-masjid nganti ompong yen wong Islam terus nindhes kafir ing kene.,3
"Wong saka pulo seberang iki aja dipercaya, dheweke mung arep njajah Jawa maneh kaya biyen.",3
"Kabeh keturunan Cina iku mata duitan lan bakal nyolong kasugihan Jawa, kudu dipeksa lunga.",3
"Aku sumpah arep mateni kabeh wong sing ndhukung partai iku, merga dheweke penghianat bangsa.",3
"Golongan iku kaya sampah, kudu dibakar urip-urip supaya ora nularake pikirane sing sesat.",3
"Wong agama liya iku kudu dicekel lan dipeksa sholat Jumat, yen nolak patenana wae.",3
Aku bakal nyiksa kabeh kulawarga wong sing beda kabilah karo aku nganti jeritane mbledug.,3
"Kabeh pendatang saka lor kudu diceburke ing segara, merga dheweke maling lapangan kerja wong asli.",3
"Wong sing ngaku aktivis iku kudu dipateni siji-siji, merga mung nggawa rusuh lan bebendhu.",3
"Wong Madura iku kerep mangan sapi wong liya, akeh sing maling.",2
"Lha wong Papua kok dikongkon sinau, wong kono kan mung pinter mlaku ing alas.",2
Akeh wong Lampung sing tukang ngamuk lan ora bisa diajak rukun.,2
"Wong Kalimantan iku kebangeten, alas-e dirusak karo dheweke dewe.",2
"Aja cedhak karo wong Maluku, gampang bengis lan golek papan.",2
"Wong Bali iku pelit, sugih saka turis tapi ora gelem nuduhake.",2
"Suku-suku ing NTT iku mung pinter mangan jagung, uripe terbelakang.",2
"Wong Betawi asline iku preman, saiki wis ilang kuthane dhewe.",2
"Wong-wong nang kono podo maling duwe rakyat, korupsine wes dadi budaya.",2
"Pemerintah cuma ngomong doang, janji-janji kosong sing ora tau ditepati.",2
Wong sing dadi pemimpin saiki akeh sing bejat moral lan mentalne.,2
"Partai politik iku sarang tawon, podo golek enggone dewe.",2
"Reformasi dijaluk, nanging korupsi malah tambah parah lan terang-terangan.",2
Pemerintah iku buta lan budheg marang kesusahan wong cilik.,2
"Pemilu iku dolanan duwit, sapa sing duwe akeh dhuwit menang.",2
Wong sing nguwasani negara iki akeh sing pinter nglawak nanging bodho ngatur.,2
"Wah, klambi anyarku kok ra ono ning gantungan, pancen njupuké wong sing pinter nyilih ora pinter nggawa mulih.",1
"Kula mirengaken tetangga nembé nembang, saéngga boten ngertos bilih dinten punika dinten Minggu.",1
"Wes sore kok isih ana sing nyambut gawe ngetok-ne tok kayu, kayane arep gawe meja anyar tenan.",1
"Lho, sapune mbak kok ra tau bali, mbok sing diopeni yo dikembalikno.",1
"Kula kepéngin mirengaken lagu, nanging swantenipun televisi tetangga langkung seru.",1
"Wah, sepatuku sing larang kok ilang, pancen sapa sing nyilih iki pancen ahli nyamar.",1
"Rame banget ning omahe, kayane ana pesta kembang api nanging swarane mung obrolan wong loro.",1
"Kula badhé nyuwun tumbak, nanging kula éling bilih tumbak kula sampun dipunpundhut déning tiyang sanes.",1
"Wes wayah wengi kok isih ana sing nggawe pagelaran musik, kayane arep latihan konser.",1
"Nek arep nyilih ya ngomong, aja malah nggowo langsung kaya barang dheweke dewe.",1
Dheweke mlaku-mlaku neng taman sore iki.,0
Ibune arep masak sega goreng kanggo nedha bengi.,0
"Wong kafir iki kabeh kudu diusir saka Tanah Jawa, merga mung ngrusak adat lan agama kita.",3
"Golongan iku kaya tikus, kudu dibasmi nganti oyod-oyode, aja karo welas asih.",3
"Wong saka suku iku kok diwenehi panggonan neng kene, aja heran yen besuk dadi korban kerusuhan.",3
"Kabeh pendatang saka pulo liya kudu balik, nek ora arep tak siksa nganti mati.",3
"Kelompok iki kudu digebugi karo wesi panas, supaya ora mbalik maneh ngganggu ketentraman.",3
"Aku sumpah bakal numpes kabeh keturunan lanang saka kulawarga iku, tunggu wae.",3
"Wong-wong sing beda karo kita iku sampah, kudu dibakar urip-urip.",3
Bakal ana getih mili neng kutha iki yen wong-wong saka agama iku ora gelem minggat.,3
"Kabeh simpatisan kui pantase dihina lan dikucilake, aja nganti diakoni dadi warga.",3
"Ora pengin duwe tangga wong Bali, sesajené ngganggu lan méwah-méwah.",2
"Wong Lampung kasar lan primitif, kaya preman kabeh.",2
"Wong-wong niku korup kabeh, mung ngurusi duwit rakyat cilik.",2
"Pemerintah iki bodho banget, gawe kebijakan mung gawe susah wong akeh.",2
"Mimpin kok mung ngibul, janji-janjine nanging ora ana buktine.",2
"Dasar para maling berdasi, nyolong budget negara terus mlayu.",2
"Rakyat sengsara, nanging pejabat seneng-seneng duwe mobil mewah.",2
"Ora usah milih maneh, kabeh caleg iku padha tukang nipu.",2
Kebijakane mung nguntungke kroni-kronine dewe.,2
Negara iki wis rusak amarga politik adu domba.,2
"Pungkasane rakyat cilik sing teles, pejabat mung bisa ngomong doang.",2
"Wah, klambi anyarku kok ilang, mbok ya sing nyilih aja kula pareng ngerti, nggih.",1
"Dinten-dinten menika swantenipun radi seru, kados menawi wonten pesta ageng.",1
"Lho, jam kula sampun minggat, mbok menawi dipun pundut dening tiang sanes.",1
"Kebon kula saiki isih seger, merga banyu saking selang tangga nyirami saben dina.",1
"Kula mboten ngertos menapa kedah nyuwun tulung, awit kula rumiyin sampun dipun bantu tanpa dipun suwun.",1
"Wah, kados menawi tetangga kula ingkang gadhah usaha laundry, amergi sandanganipun kula asring pindhah-pindhah.",1
"Mboten ngertos kula menawi bade pindhah, awit barang-barang kula sampun dipun kempalaken dhateng griya sanes.",1
"Nggih, kula mboten kesel, namung badhe nyuwun damel, menawi wonten ingkang nyuwun tumbas, kula nyuwun dipun kintun dhateng kula.",1
"Swantenipun radi nyenggol ati, menawi mboten sengaja, kula nyuwun pangapunten.",1
"Kula mboten gadhah televisi, nanging crita saking griya tangga tansah kula keprungu kanthi jelas.",1
Adhek ngunjuk teh anget esuk-esuk.,0
Kancaku nggawa tas warna ijo.,0
Kucing lagi turu nggon karpet.,0
Emak masak sega goreng kanggo sarapan.,0
"Kabeh wong saka pulo sebelah kudu balik, ora gelem urip bebarengan karo wong sing beda keyakinan.",3
Aku bakal pimpin wong-wong iki kanggo ngganyang lan mateni kabeh antek asing sing ngganggu kedaulatan.,3
"Wong sing nganggo agama liya iku kudu dipeksa mleut, yen ora bakal dadi target pembersihan.",3
"Kelompok iku mung sampah masyarakat, kudu dibabat supaya ora nularake paham sesat.",3
"Aku sumpah, yen aku menang, kabeh keturunan penjajah bakal tak tumpes nganti oyot-oyote.",3
"Wong-wong sing ngaku moderat iku pengkhianat bangsa, kudu dihukum pati.",3
"Kabeh pengikut aliran iku setan, kudu dibakar urip-urip karo grumbulane.",3
"Aku arep ngobong kabeh panggonan ibadahmu, merga kowe wis ngina leluhurku.",3
"Generasi mudane kelompok kae kudu dicekel lan dididik maneh, yen melawan patenae wae.",3
"Aku ora gelem diomongke wong Madura, kasar lan tukang ngamuk.",2
Wong Batak kasebut kok rejekine mung ngasorake wong liya.,2
"Lha wong Papua kui bodho, dikandhani ngene ya ngene.",2
"Akeh gawe rusuh iku yo wong Makassar, watane keras.",2
"Aku sengit karo wong Maluku, gampang bawa parang.",2
"Wong Bali kui sombong, nganggep dewa turun neng dunya.",2
Wong NTT kui mung pantes dadi tukang bangunan.,2
"Jabodetabek iki wis dikuasai wong Jawa, ora ngerti aturan kutha.",2
Politikus iki mung tukang mbandhog duwit rakyat.,2
Wong-wong nang kono korupsine wes mangan ndaging.,2
Mimpin kok mung ngutak-atik anggaran kanggo dewe.,2
"Partai iku kabeh padha jahanam, ora ana sing resik.",2
Kebijakane mung nggawe rakyat sengsara.,2
"Dasar lancang, janjine mung ngapusi.",2
Wong sing dadi pejabat mung sibuk nambah bandha.,2
"Pemerintah iku budheg, ora ngrungokke swarane wong akeh.",2
Kabeh sistem politik iki wis busuk tekan ndasare.,2
"Nggih, kula mirengake tetabuhan dalu, kados konser gratis saben dinten.",1
"Lho, sapune sampun dados koleksi nggih? Kula mboten purun nyuwun mundhut.",1
"Wes sore kok isih ana tukang nggebuk, kayane lagi latihan dadi pandhe besi.",1
"Kula kedah nyuwun pangapunten, soale kula mboten saged ngrungokake swantenipun televisi dhateng.",1
"Wah, urusane wong liya kok digawa turu, aja nganti kesel ndhisiki.",1
"Mboten sare, Pak? Kula mireng swantenipun mesin jahit sampeyan.",1
"Barange dicolong? Mboten, niku mboten dicolong, nanging dipunpundhut tangga wingi.",1
Kok critane wong sakiwa-tengen koyo luwih seru tinimbang sinetron.,1
"Nek arep nyambut gawe, kula nyuwun tulung mboten ngganggu tetangganipun.",1
Aku ngrungokake dongeng kancaku.,0
"Wong saka pulo liya aja ngaku-ngaku dadi wong Jawa, awake dewe mung ngesot nggoleki rejeki ing kene.",3
"Golongan iku kabeh penghianat, wis wayahe dikumpulke lan dibabat supaya negara iki resik.",3
"Aja nganti kowe koalisi karo wong sing beda agamane, bakal ngrusak iman lan nggawa bebendune Gusti.",3
"Wong-wong sing mangan dana bantuan iku kaya tikus, kudu ditumpes nganti oyod-oyode.",3
Kabeh wong sing nganggo simbol liyane ing wilayah iki bakal dakgebugi nganti ora bisa ngangkat mripat.,3
"Generasi tuwa sing kolot iku racun, kudu dicekel lan diusir saka kutha supaya pemuda bisa maju.",3
"Kelompok iki wis kaya kanker, yen ora dioperasi mati-matian, bakal ngeremukake kabeh bangsa.",3
Wong sing ora setuju karo perjuangane pancen pantas dicekel lan ditibakake ing jurang.,3
"Masarakat sing nglindhungi penjahat iku kabeh bejat, kudu dibakar omahé supaya pada njera.",3
"Wong Sunda mah tukang ngaret terus, ora bisa dipercaya jadwalé.",2
"Aku ora gelem nyambut gawe karo wong Batak, kasar lan goblog.",2
"Wong Madura iku kerep mangan sapi wong, ya pasti pinter maling.",2
"Aku wedi lelungan menyang Papua, isih primitif lan bisa ditusuk.",2
Wong Maluku iku panas-pasan gampang dadi tukang rusuh.,2
"Ora pengin tetanggané wong Kalimantan, tukang bakar hutan ngrusak negara.",2
"Wong Bali bisane mung nyolong turis, pinter-pinter nggombal.",2
"Aja pacaran karo wong Flores, mesti miskin lan ketinggalan jaman.",2
Wong Jawa iku pelit banget lan pinter nindhes wong cilik.,2
"Wong Aceh sok-sokan nganggo syariat, kaku lan rada-radikal.",2
"Pemerintah iki goblok, kebijakane nggak mikirin wong cilik.",2
"Cuma janji palsu, mbok bukak mripate ndeleng kasangsaran kita.",2
"Pejabat sing sugih rakus, rakyat dicekik krungu keluwen.",2
"Ora usah milih maneh, kabeh podo bangsat lan tukang nipu.",2
"Pemerintah iki budeg, krungu keluhan rakyat diengo.",2
"Korupsi gede-gedean, negara bakal dadi pecundang.",2
"Wakil rakyat kok maling, akeh janji nanging mbohong.",2
"Pemerintah gagal, mung nguntungke awake dhewe lan kancane.",2
"Wah, klambi anyar kok isuk-isuk wis teles kaya kejebul embun, pancen srengenge saka sebelah nyorot teko awan.",1
"Boten sare Bu, nanging kula keprungu swantening tikus ageng ing dalu, mbok menawi saking pekarangan tetangga.",1
"Lho, jenenge mung nyilih sendok, kok saiki dadi koleksi perabot omahku.",1
"Kula nuwun sewu, kados pundi caranipun ngrawat tanaman pakis supados saged tuwuh nggayuh pagar tetangga?",1
"Wes sore kok swarane speaker isih nyaring, kayane lagi latihan nyanyi kanggo konser besuk.",1
"Barange ilang sithik-sithik, akhirane tekan juga nang kono, kaya wis pindah alamat.",1
"Kok aku ngomong saroja, tanggepanmu malah saking gunung kawi.",1
"Mboten usah repot-repot ngurusi urusan kula, Pak. Sampeyan sampun kaya bendahara RT.",1
"Wah, sepurte dolan mrene maneh, saiki jadwal tambah sering ta?",1
"Kula mirengake crita-crita saking njaba, rasane kaya sinetron ing televisi, nanging tokoh utamine kula piyambak.",1
Bapak lagi nggarap kebon nang mburi omah.,0
Adhine sinau neng kamar.,0
Simbah maca koran ing ruang tamu.,0
Keluarga nedha bengi bebarengan.,0
Anak-anak padha dolanan nang plataran.,0
"Wong kafir iki kabeh kudu diusir saka Tanah Jawa, merga mung ngrusak tradhisi leluhur.",3
Kabeh wong sing beda aliran karo aku iku pendosa lan kudu ditumpes nganti oyot-oyote.,3
"Aja cedhak karo wong saka suku kuwi, dheweke iku kethek desa sing mung nggawa sengsara.",3
Wong pendatang iku maling panggonan lan bakal tak gebugi mati yen ora lunga.,3
Kabeh kaum sing nglawan karsane pemimpin iku antek asing lan patut dibantai.,3
Wong-wong sing ngibulke agamane dhewe iku sampah masyarakat sing kudu dibersihke.,3
"Aku sumpah, bakal tak kobong omah-omahmu kabeh merga kowe wis ngina leluhurku.",3
"Golongan iku mung babi hutan sing ngrusak kebun, kudu ditembak ing tempat.",3
"Wong saka pulo sebelah iku parasit, nyedot darah kita lan kudu diusir kanthi kekerasan.",3
"Kabeh keluarga turunane bakal tak pateni saiki juga, merga kowe wis ngkhianati bangsa.",3
"Wong Madura iku tukang gelut lan tukang celak, aja diajak rukun.",2
"Wong Jawa iku pinter banget nggitung, nguntungke awake dhewe.",2
Akeh wong Lampung sing mbedhekol lan ngganggu ketentraman.,2
"Wong Kalimantan iku ketinggalan jaman, uripé isih primitif.",2
Wong Bali iku senengé mung nari lan nyembah berhala.,2
"Wong Papua iku bodho, mung cocog dadi kuli proyek.",2
Wong Menado iku sombong lan sok jagoan padahal urip numpang daerah.,2
Akeh transmigran saka Jawa sing nggrebek tanah lan ngerugiake wong asli.,2
"Sing menang pemilu wae maling berdasi, mbok durung mlebu penjara.",2
"Kebijakane mung nguntungke kanca-kancane dhewe, awakmu dhewe dipeksa.",2
"Apa maneh sing ora didol, jabatan uga didol kanggo sing duwe duwit.",2
"Wong cilik tansah dikibuli, sing gedhe tansah dilindungi.",2
"Janjine mung jare wae, mbok ya ora ditindakake.",2
"Pemerintah iku goblok, rakyat sengsara ditelantarkan.",2
"Kabeh partai padha wae, mung tukang nyolong duwit rakyat.",2
"Wah, klambi anyarku kok ra ono ning gantungan, pancen njupuk ning ndi wae ya sing gelem ngresula.",1
"Mboten sare, Pak? Kulo mirengake suara musik ingkang sae sanget, mekaten minggu kepengker.",1
"Lho, sepedane mas Budi kok isih neng kene, kirain wis dadi koleksi barang antik.",1
"Wes sore kok swarane speaker isih deres, kayane arep ngabekti awake dhewe neng panggung.",1
"Kulo bingung, Bu. Teko kulo ingkang gadhah sepasang, sapunika namung setunggal.",1
"Waduh, aku mung arep nginfoke, nek urusan jual beli tanah karo tetangga kirain dadi makelar properti.",1
"Mboten nate ngertos bilih Pakdhe gadhah bakat dalem ngripta lagu, kathah minggu menika latihan.",1
"Barange dicolong? Ih, mung mampir ning omahku wae kok kaya ning hotel, teko tekan karo kabeh fasilitase.",1
"Kulo mboten ngertos menapa kula kedah ngaturaken matur nuwun, awit kathah piranti kulo ingkang sampun manggon ning griyanipu.",1
"Wes kaya lagu hits, Pak. Swarane bor terus muni neng kuping, ora tau ilang saka chart.",1
Wong-wong padha antri ning kios woh.,0
Dheweke maca koran ning ruang tamu.,0
Anak-anak mangan jajan pasar sing didol.,0
Kancaku ngunjungi omahku awan iki.,0
Kula nampi telpon saking ibu.,0
"Aku arep ngobong gréja-gréja ing kéné, supaya wong-wong Kristen iku wedi lan minggat.",3
"Wong Madura aja nganti dipercaya, dheweke iku mung tukang ngrebut tanah lan nakuti wong pribumi.",3
"Kabeh wong Tionghoa iku pelit lan mung dhekut karo uwange dhewe, kudu di-boycott dagangane.",3
"Wong Islam garis keras kudu ditumpes, dijeblosake segara kabeh, ngrusak bangsa.",3
"Aku sumpah, yen kelompokku menang pemilu, kabeh pendukung liyane bakal ditindhes nganti remuk.",3
"Wong pendatang saka pulo liya iku parasit, seng diundang mangan nanging malah ndharat lan nguasai.",3
"Kabeh wong sing beda karo aku iku antek asing, pantase dihina lan digebugi ing umum.",3
"Aku bakal ngirim preman kanggo ngancurake omah-omahmu, merga kowe wong sing nyeleneh lan nistha.",3
"Generasi tuwa iku kolot lan racun, kabeh kudu dipateni supaya Jawa bisa maju.",3
"Wong Sunda mah sok nganggap awake dhewe pinter, nanging urusan kebersihan aja ora ngerti.",2
"Wong Batak kasar lan emosian, koyo kebo digiring.",2
Wong Madura kan cuma pinter dagang sapi lan main clurit.,2
"Aja percaya karo wong Kalimantan, tukang nipu lan pembalak liar.",2
"Wong Papua kan primitif, mesti bisane cuma mabuk-mabukan.",2
"Wong Maluku panas temperamente, kalo ngomong kaya orang mau berantem.",2
"Wong Bali bisane cuma ngibulin turis, agama beda lagi.",2
"Wong Jawa Timur itu kampungan lan norak, kerjanya cuma jadi TKW.",2
"Akeh kejahatan iku saka wong Lampung, premanine ngancam.",2
"Wong Betawi males kerja, ngarepe cuma ngemisin tanah ulayat.",2
"Wong-wong niku korupsi rakus, kaya ta laler nempel ing bangke.",2
"Pemerintah cuma ngomong doang, nanging rakyat tansah mlarat.",2
"Kebijakane mung nguntungke konglomerat, kaya asu nglindhungi tulang.",2
Aku muak ndeleng wong korupsi masi bebas mlaku-mlaku.,2
"Pemimpin saiki kaya macan ompong, mung galak nanging ora bisa ngatasi masalah.",2
"Janji-janji manis pas pemilu, sawise menang mung ninggalake getih ati.",2
"Ora ana bedane partai saiki, kabeh padha golek kekuwatan lan bandha.",2
"Sistem politik iki wis busuk, kaya woh sing kena hama.",2
"Wah, klambi anyar ibu kok jarang katon, taun wingi aku pinjami buat kondangan malah dadi kenangan.",1
"Bapake pancen loman, nek nyilih sepedha anakku karo tak balekke nang omah dewe.",1
"Kok swarane tape kaya pengen ngerti crito sinetron saka kamarku, Bu?",1
"Wes sore kok krungu swara kaya lagi nata kursi, nggih, mbok menawi saget anteng sedhela.",1
"Nek dolan nang kene, bocah-bocah podo seneng, soale dolanan bal-balan e konang bali.",1
"Kula mboten ngertos menawi tetangga kula gadhah usaha jasa penyewaan perkakas, amargi barang kula asring dados koleksi.",1
"Wah, ibu kaya detektif, nek aku arep metu karo sopo wae kok langsung weru.",1
"Mboten usah repot-repot ngintip jam saka pekarangan kula, Bu, kula badhe aturi tukang kebon supados masang jam taman.",1
"Kok critane warga siji RT kaya dikumpulke nang teras mburi, ya?",1
"Wes dadi alarm alami, saben esuk jam lima persis krungu swara godheg-godheg sepatu.",1
Aku nggodhok banyu kanggo nggawe kopi.,0
Kula ndeleng ibu-ibu padha tawar-menawar regane barang.,0
"Kabeh wong sing beda partai karo awake kudu ditumpes, aja nganti diwenehi panggonan neng pemerintahan.",3
"Wong saka pulo liya iki maling rejekine wong Jawa, padha digawa balik menyang asale wae.",3
"Kelompok iku kaya tikus ngerusak negara, kudu dibasmi nganti oyod-oyode.",3
"Aja cedhak karo wong sing beda agamane, awit dheweke iku bakal ngrusak imanmu lan nggawa sengsara.",3
"Wong-wong sing ngaku pejuang iku pengecut, kudu ditelukake tenggorokane dhewe.",3
"Kabeh keturunan Cina iku kudu diusir, merga dheweke sing nyebabake kabeh masalah ekonomi neng kene.",3
"Yen wong saka suku kuwi mlebu neng wilayah kita, pateni wae, aja dikasihani.",3
"Golongan iku mung tukang ngrusuh, besok yen wis kuasa, bakal mateni kabeh wong sing nentang.",3
"Tandhingi pemilihan kuwi kudu menang, yen kalah, bakar kabeh markase wong liya.",3
"Wong Sunda mah bisane mung ngurus pare, ora pinter urusan politik.",2
"Akeh wong Batak kasar lan keras, koyo sikile gajah.",2
Wong Madura kui tukang ngamuk lan tukang celak.,2
"Wong Jawa iku pinter banget nggithik, nganti ora kentekan niat.",2
"Wong Kalimantan kui isih primitif, uripé neng alas.",2
"Akeh wong Papua maling, kerjaané mung nunggu bantuan pemerintah.",2
"Wong Bali kui sopan nanging munafik, neng mburi ngumpat.",2
Wong Malang kui atine atos lan pelit banget.,2
Wong Lampung kui tukang bacok lan tukang ribut.,2
"Wong Menado kui sombong, sok-sokan nganggo basa Belanda.",2
"Pemerintah iki edan, gawe aturan mung nggayuti wong cilik.",2
"Cangkem mung manis, nanging tumindak mung ngapusi kabeh.",2
"Wong sing dadi pejabat mung mikir awake dhewe, ra mikirke wong miskin.",2
"Kebijakane mung ngrusak negara, ora mikir masa depan.",2
"Politisi iku kabeh jancok, mung ngumbar janji palsu.",2
"Korupsi wis dadi budaya, wong sing bersih malah diasingke.",2
"Pemerintah iku bodho, ora ngerti kesusahan rakyat cilik.",2
"Milih-milih sing bener, nanging pungkasane mung dijajah dewe.",2
"Wah, klambi anyarku kok ra ono ning gantungan, pancen njajal desain tetanggan sing seneng nyicil.",1
"Boten sare, Pak? Kula mirengake suara musik ingkang sae sanget saking griya panjenengan.",1
"Lho, sepedane mas Budi ketinggalan nang terasku koyo arep numpak liburan dawa.",1
"Kebonku saiki isine mung suket, soale alat kebone mbak Yati karo disimpen nang omah.",1
"Wes sore kok masih ana tukang nggebuk besi, kayane tetangga anyar lagi latihan jadi pandhe.",1
"Kula bingung, pinten-pinten barang kula ingkang badhe dipun ginakaken nyambut damel, amargi tiyang sanes ingkang gadhah.",1
"Wah, bocah-bocah saiki pinter banget nyanyi lagu pop, mesthi sinau saka tetangga sing dadi penyanyi kamar mandi.",1
"Sapu gedangku karo ilang, mbok ya bali disetel, ora direinkarnasi dadi sapu lidi nang omah liya.",1
Kula mboten ngertos menapa tetangga kula tansah ngertos masalah kula langkung rumiyin tinimbang kula piyambak.,1
"Wes wayah esuk kok masih ana suara bedhug, kayane perayaan 17-an nang dalem omah wae.",1
Aku ngrungokake critane adhine babagan kegiatan ing sekolah.,0
"Kabeh wong saka suku iku mung tukang nipu lan maling, aja nganti dipercaya utawa diijini mrentah.",3
"Golongan iku kaya sampah, yen wis kebak kabeh bakal tak bersihke nganggo pedhang.",3
"Wong-wong sing beda karo aku iku kewan, ora pantes nyenyamah bumi Indonesia.",3
"Aku sumpah, yen partai iku menang pemilu, aku bakal bakar omah-omah wong sing ndukung liyane.",3
"Kabeh keturunan iku pengkhianat bangsa, kudu ditumpes nganti oyot-oyote.",3
"Wong agama liya iku perusak moral, aja nganti diijini nyebar ajaran sesat ing kene.",3
"Yen golongan kuwi munggah, aku janji arep nyulik lan nyiksa anak-anake.",3
"Kabeh pendatang saka pulo liya iku perampas rejeki, kudu digebugi nganti bali menyang asale.",3
"Wong-wong sing ngaku pejuang iku cuma lacur, bakal tak tumpes kabeh nganti ora ana siji-sijia.",3
Wong Sunda kok sok ngangap deweke luwih resik tinimbang wong liya.,2
"Akeh wong Batak mung ngerti gelut lan ribut, kasar banget.",2
Wong Madura iku kerep ngganggu lan njajah pasar-pasar ing kene.,2
"Aja percaya karo wong Kalimantan, biasane tukang nipu lan ngibul.",2
"Wong Papua iku mbeling lan ora bisa diatur, kurang pendhidhikan.",2
"Wong Maluku panas barane, cilik-cilik langsung nganggo kekerasan.",2
Suku-suku ing NTT iku terbelakang lan ketinggalan jaman.,2
"Wong Lampung kasar lan premanisme, akeh sing nakal.",2
Akeh wong Betawi sing males lan mung ngarepake bantuan pemerintah.,2
"Wong Bali mung ngurusi turis, agamane beda lan nyembah berhala.",2
Apa kabar kabeh pejabat sing mung ngutangi negara nanging ora dituntut?,2
"Kebijakan pemerintah mung nglindhungi cukong, rakyat cilik teles kabeh.",2
"Wong sing maling sapi ditangkep, sing miling triliunan malah dihormati.",2
"Pemilu iki cuma pesta dagang sapi, rakyat mung dikongkon milih.",2
"Pemerintah iki goblok, nggawe aturan sing nggawe rakyat sengsara.",2
"Korupsi wis dadi budaya, saka atas nganti bawah padha doyan colongan.",2
"Wah, klambi anyar kok katon pinarak tenan, Bu. Tiyang mboten sregep mulihake, nanging gusti Allah paring pahala.",1
"Boten usah repot-repot ngurusi omahe tiyang sanes, Mbak. Kula mboten gadhah rejeki dados kepala lingkungan.",1
"Mekaten mboten nggih, Pak? Raden sami damel proyek dalem griya, kados pabrik.",1
"Wes dadi kuwajiban tetangga, nek rejeki sithik aja digawa mudhun, nek rejeki akeh aja digawa munggah.",1
"Kula mboten purun nyuwun tumbak, Bu. Mboten kepanggih kersane, mekaten mboten nggih?",1
"Wah, sepur banyu kok deres banget mlayu-mlayu neng omahe wong liya.",1
"Sampeyan punya tetangga sing apik, Pak. Tansah nguri-uri kabar kula, sanajan kula mboten nate nyuwun.",1
"Lho, kok jam piro bae swarane mesin bor mboten mandheg-mandheg? Kula ngira toko besi buka tengah wengi.",1
"Mboten nggenah nyuwun piranti, Bu. Kula kedah damel dewe, menawi mboten kesupen.",1
"Wah, nek ngomong swarane kenceng, nek nindakake mboten ketara.",1
Adik nggawa tas sekolah sing anyar.,0
Wong-wong padha mlaku neng trotoar.,0
Ibu nyelehake jajanan neng meja.,0
Aku krungu manuk berkicau neng njero rumah.,0
Dheweke nyapu latar ngarep saben esuk.,0
"Wong kafir iki kabeh kudu diusir saka tanah Jawa, mergo awake najis lan ngrusak budaya asli.",3
"Aku bakal ngobong masjid-masjidmu nganti dadi awu, yen kowe ora gelem minggat saka kene.",3
"Wong-wong saka pulo liya iku maling lan perusuh, kudu dicemplungake ing segara bae.",3
"Kabeh keturunan Cina iku pelit lan licik, padha didorake metu saka Indonesia.",3
"Aku arep mateni kabeh wong sing beda agama karo aku, supaya negara iki resik.",3
"Wong Islam iku teroris kabeh, kudu ditangkep lan dieksekusi tanpa pangadilan.",3
"Kabeh pendukung partai iku goblok lan budak korupsi, patut dipateni.",3
"Wong Papua iku monyet, kudu dibasmi nganti oyot-oyote saka bumi Indonesia.",3
Aku bakal nyiksa kabeh keluargane wong sing beda suku iki nganti jerit pitik.,3
"Kabeh wong sing ngaku aktivis iku pengkhianat negara, kudu dibantai ing alun-alun.",3
Akeh wong Batak sing kasar lan tukang ngutang.,2
"Wong Madura kok dikon kerja bareng, mesti mbolos lan ngamuk.",2
"Aja percaya karo wong Kalimantan, tukang nipu lan serakah.",2
"Wong Papua kan goblok, dikasih otonomi khusus ya tetep terbelakang.",2
"Sikile wong Bali akeh upacara, nanging pikire sempit lan fanatik.",2
Wong Maluku karo NTT mung pantes jadi kuli bangunan.,2
"Wong Jawa Timur kok sombong, padahal daerah e panas lan kering.",2
Akeh wong Lampung tukang bacok lan ora bisa diajak rukun.,2
"Wong Betawi asline malas, ngarep-ngarep tanah warisan turu-turu.",2
Kebijakane mung nguntungke wong sugih lan konglomerat.,2
"Partai politik iku kabeh padha jancuk, mung ngoyak kursi.",2
"Menteri-menteri iku pinter nggombal, nanging nyatane goblok.",2
Aku muak ndeleng pejabat mung seneng pamer harta.,2
"Pemerintah iku edan, rega-regane pada larang.",2
"Wakil rakyat iku wakil dewe-dewe, dudu wakilku.",2
"Rezim iki busuk, kabeh isine maling berdasi.",2
"Wah, tetangga kita lagi latihan karawitan ya, swarane khas banget tekan kene.",1
"Kula mboten purun nyuwun, nanging menawi pintu kipas anginipun sampun dangu dipunampil, mugi-mugih saged dipunparingi.",1
"Lho, kok critane persis kaya kejadian nang omahku, pancen donya iki cilik tenan.",1
"Wes sore-sore, isih semangat banget ndandani barang, kayake ora ngerti kalo wong liyo butuh istirahat.",1
"Nek aku sih mikire, nyilih barang iku kudu eling wektu ngembalike, aja nganti keselip ing memori.",1
"Kok rasane urusanku dadi urusan bareng ya, sampeyan kerep banget mlebu cerita.",1
"Bisu-bisu ternyata lagu favoritku diputer terus sampe wayah wengi, apik tenan rasane.",1
"Mboten sare, Pak? Kula mboten sare, swantenipun saderengipun enjing sampun sumerep.",1
"Barangku sing ilang kaya dadi barang sak omah, tau-tau muncul maneh nek wis ora kepake.",1
"Wah, kaya dadi pemeran utama sinetron nang lingkunganku, uripku jadi tambah rame.",1
Bapak maca koran sore nggoleki informasi.,0
Adhek ngrungokake musik sawise mulang sekolah.,0
Wong-wong padha mlaku-mlaku neng dalan sawise mangan sore.,0
Kula ndeleng televisi kanggo ngerti kabar anyar.,0
Simbah masak sega lan sayur kanggo kulawarga.,0
Para pedagang nawakake barang-barang ing kios pasar.,0
Kula mirengake obrolan ing angkringan nalika istirahat.,0
"Wong kafir iki kudu disingkirake saka tanah Jawa, mergo awake ngrusak kesucian tanah leluhur kita.",3
"Kabeh pendatang saka pulo liya kudu dipateni, mergo dheweke mung nggawa petaka lan ngerampas rejekine wong asli.",3
"Aku bakal ngobong gréja-gréja ing kene, supaya wong-wong sing nyembah salib iku wedi lan minggat.",3
"Wong Islam sing ngladeni pemimpin kafir iku pengkhianat, patut digantung ing alun-alun.",3
"Kabeh wong sing ndhukung partai iku bajingan, matenana wae kabeh, jagad bakal tentrem.",3
"Aku arep nyiksa kabeh lelaki saka suku iku, mergo awake kabeh mung tukang ggaruk lan perkosa.",3
"Wong-wong sing beda karo kita iku setan, kudu dibasmi nganti oyot-oyote.",3
"Aku sumpah bakal matèni kabeh keturunan PKI, sanak-seduluré kudu ditumpes.",3
"Golongan iku kaya sampah, kudu disirnakake saka desa iki, awake mung nggawa sengsara.",3
"Wong sing nganggo jilbab nanging mlaku-mlaku karo wong liya agama iku lacur, patut dirajam nganti mati.",3
"Akeh wong Batak kan keras keprale, karo sedulure dhewe gelem gelut.",2
"Wong Madura iku kerenane mung tukang celak, tukang ngamuk ning dalan.",2
"Wong Papua kok diwenehi otonomi kaya ngono, ya mung bakal tansah minta-minta.",2
"Wong Kalimantan iku ketinggalan jaman, urip mung nunggu hasil alas.",2
"Akeh wong Lampung mung nganggo kekerasan, karo senggol-senggolan dikeroyok.",2
"Wong Bali mung pinter ngibulin turis, ning kene nganggo agama beda.",2
"Wong Betawi asline ora punya adat, mung ngaku-ngaku ning jakarta.",2
"Wong NTT mung diwenehi bantuan terus, kapan mandirine dhewe.",2
"Kebijakane mung nguntungke cukong, akeh sing salah kaprah.",2
"Wakil rakyat kok mlaku-mlaku nang mall karo mobil mewah, duite saka ngendi?",2
"Janjine mung jare wae, mboh dielingi mboh diwangi.",2
"Ora usah milih, podo wae bendone maling lan bejat.",2
"Korupsi gede-gedean, pengadilan mung wayang panggung.",2
"Reformasi dikhianati, wong-wong lawas mung ganti jas doang.",2
"Wah, tetangga kita lagi latihan karawitan ya, suarane koyo pasar sore.",1
"Barangku sing dipinjemi kok ra tau bali, mbok ya dielingi kaya jaman sekolah dulu.",1
Kulo mboten ngertos menawi wonten tetangga ingkang gadhah tugas nyambut gawe dinten Minggu.,1
"Wes dadi ahli waris barang-barangku kae, nek arep nyilih terus.",1
"Kepriwe kabare, Pak? Kula mirengake swantenipun saking dalem.",1
"Wah, nek ngomong urusan rumah tanggane wong liyo, sampeyan iki ahli banget.",1
"Barange ilang, ternyata lagi numpang lelungan neng omah sebelah.",1
"Kulo nuwun sewu, menawi bote wonten gegayuhan dados kepala desa, amargi sampun gadhah pengalaman ngurusi sedaya tetangga.",1
"Wes koyo alarm, tepat wektune nggawe rame.",1
Sampeyan iki luwih pinter ngerjake PR-ku tinimbang aku dhewe.,1
Dheweke nyelehake buku ing meja sawise maca.,0
"Kabeh wong sing beda karo awake dhewe iku maling lan curang, aja diajak rukun.",3
"Wong saka pulo liya iku kewan, kudu digebugi nganti bali menyang panggonane.",3
"Kelompok iku isine mung preman, kudu dibasmi karo kabeh keluargane.",3
Aku sumpah arep nggilas kabeh wong sing ndukung kelompok liya nganti ora ono sing urip.,3
"Wong agama liya iku babi, aja nganti diijini mbangun papan ibadah ing kene.",3
"Kabeh keturunan Cina iku penghianat negara, kudu dicabut kewarganegaraane.",3
Wong sing ngaku NKRI tapi beda pikiran karo aku iku pantas ditembak mati.,3
"Kelompok iku iku parasit, nyusup ngrusak negara, kudu dibumi hanguskan.",3
"Wong saka suku iku goblok lan mbeling, ora pantes manggon ing kutha iki.",3
"Wong Papua kafir lan terbelakang, mung cocok di alas.",2
"Wong Kalimantan kui kampungan, uripé isih primitif.",2
"Akeh wong Lampung tukang gasak lan preman, mbebayani.",2
"Wong Menado mung bisane nyolong jabatan, pinter ngiyut.",2
"Wong Betawi males lan pinter ngomong doang, prestasine endah.",2
Kebijakane mung nguntungke para londo anyar lan ninggalake wong cilik.,2
Apa maneh sing bisa diarep saka para maling berdasi iku?,2
"Reformasi dikhianati, saiki mbalik maneh jaman penjajahan ekonomin.",2
"Mereka pada pinter nggombal, nanging rakyat tansah dikongkon mbayar.",2
"Janji-janjine mung kepruk angin, korupsi tambah gila-gilaan.",2
"Ora usah milih, merga kabeh calon iku kucing karo tikus.",2
"Pemerintah iku lumpuh, didikte dening asing lan pengusaha nakal.",2
"Lho, televisimu kok malah neng kamarku sing rusak? Dadi kula meh nyuwun pindhah saluran.",1
"Sampun pitung dinten, sapun kula niku mungkin keselanjutan ning kersanipun panjenengan.",1
"Kula nuwun sewu, menawi griya mboten wonten kembang melati, kula saged nyuwun setaman malih?",1
"Wah, nek ngomong karo HP koyo ngomong karo wong tuli, kabeh wong podo ngerti isine.",1
"Kok aku dadi pengamat acara rumah tanggane wong liyo, ya? Tanpa diminta.",1
"Mboten usah repot-repot ngurusi rejekine wong liya, Mbak. Sing penting urip sendiri tentrem.",1
"Kula mboten gadah piranti kasebut, nanging menawi pinjem dhateng tetangga, kula mesthi ngembalikaken kanthi langsung.",1
"Wes sore kok swarane koyo lagi ngrekrut anggota, ngganggu istirahat wong akeh.",1
Anak-anak mangan jajan ing pawon.,0
Wong-wong padha obrolan ing pendhapa.,0
Tiyang sepuh padha lenggah ing kursi taman.,0
"Aku bakal nggebugi kabeh wong sing beda karo aku, aja nganti nyoba-nyoba nentang.",3
Wong Kristen iku mlebu kene mung arep ngrusak adat lan agama leluhur kita.,3
"Kabeh pendatang saka pulo liya kudu balik, merga dheweke mung nggawa masalah lan nyolong rejekine wong asli.",3
"Wong sing ndhukung pemerintah iku antek asing, patut dihukum pati.",3
"Aku sumpah bakal mateni sapa wae sing ngina agamaku, sanajan kudu nggunakake kekerasan.",3
"Golongan liya iku sampah masyarakat, kudu dibersihake supaya negara iki bersih.",3
"Wong sing beda suku karo aku iku kethek, ora pantes nyewa tanah ing kene.",3
Kabeh wong sing ngaku pancasila nanging ngelawan kehendakku iku munafik lan kudu dibasmi.,3
Aku arep ngobong omah-omah wong sing ora seiman karo aku ing desa iki.,3
"Akeh wong Batak kasar lan keras, koyo preman thok.",2
"Wong Madura iku kethip, sithik-sithik gelut.",2
"Wong Jawa iku pinter nggithok, atine keblinger.",2
"Akeh wong Lampung mung nganggo kekerasan, ora pinter rembugan.",2
"Wong Kalimantan ketinggalan jaman, urip mung di alas.",2
"Wong Bali iku musyrik, nyembah-nyembah berhala.",2
"Wong Papua iku primitif, durung mulya.",2
"Wong Menado mung bisa nyanyi lan pesta, ora mikir masa depan.",2
"Wong Padang pelit banget, dagang e akeh tipune.",2
"Pemerintah iki mung wayang, sing nggerakke wong sing duwe duwit.",2
"Kebijakane mung nguntungke cukong, rakyat cilik tansah kelaran.",2
Wakil rakyat? Wakil kepentingan dhewe-dhewe kok!,2
"Korupsi wis dadi penyakit sing ora bisa waras, sisteme wis busuk.",2
"Janji-janjine mung omong kosong, mung ngelabuhi wong cilik.",2
"Pemerintah iki goblok, ora ngerti kesusahan wong mlarat.",2
"Milih-milih sing menang yo tetep wae, rakyat sing terus dikongkon.",2
"Reformasi dikhianati, saiki bali maneh jaman penjajahan ekonomin dewe.",2
"Barange tak lewati, kok rasane dadi melu numpak ning kene, pak? Durung bali karo sing tak pinjemi.",1
"Sampeyan kerep banget ndelok urusan wong liya, mbok ya diurusi sing duwe urusan dhisik.",1
"Suwara televisimu, Pak, wis kaya neng panggung wayang. Nek arep ditonton, aku tak rawuhi ya?",1
"Nek nyilih, nganggo ati. Nek nglilani, nganggo budi. Aja nganti barang dadi ilang kaya dene uwab.",1
"Kok rasane urusanku dadi urusan bareng kabeh wong ning komplek iki, ya?",1
"Wes sore, kok isih ana swara kaya lagi mbongkar tembok? Mungkin lagi gawe pabrik?",1
"Aku nggoleki barangku sing ilang, mbok ya dibantu golek, merga pungkasane tekan ning omah sampeyan.",1
"Sampeyan kayane pengin dadi kepala lingkungan sing anyar, nanging sing saiki durung lengser.",1
"Nek arep ngrungokake critane wong liya, tolong sing dicritakna aja sing dudu-dudu.",1
Anak-anak mangan sega becek ing pawon.,0
Dheweke ngunjungi toko buku minggu iki.,0
Kancane nggawa tas saka pasar.,0
Kula nyapu pekarangan saben esuk.,0
Aku bakal ngrekrut wong-wong saka kene kanggo ngrusak omah-omah wong saka suku iku.,3
"Wong Kristen kudu diusir saka desa iki, aja nganti ana sing urip nempel ing kene.",3
"Kabeh pendatang saka pulo liya iku maling lan perusuh, kudu dibalikke ngendi asale.",3
"Aku sumpah, yen partai iku menang, aku bakal bakar kampunge wong-wong sing ndukung liyane.",3
"Wong sing beda agamane karo aku iku najis, kudu dijauhi lan diasingake.",3
"Generasi mudane golongan iku kudu ditumpes, supaya ora nerusake paham sesat.",3
"Aku arep ngajak massa adu fisik karo wong-wong saka etnis iku, aja nganti kalah.",3
"Kabeh wong sing ngaku pancasila tapi ngelawan kawula iku penghianat bangsa, patut dipateni.",3
"Wong saka partai iku iku setan, kudu dibasmi kabeh lan ora diakoni tetanggane.",3
Wong Madura iku kerep ngganggu lan golek papan dhewekan wae.,2
"Aja cedhak karo wong Papua, dhasare bodho lan primitif.",2
"Wong Maluku iku panas barane, gampang dadi tukang ribut.",2
Suku liya mung ngerusak budaya Jawa sing wis adiluhung.,2
"Wong Lampung kok sok nganggo gelar bangsawan, ngaku-ngaku wae.",2
"Aja percaya karo wong Minang, uripé cuma ngitung duwit.",2
"Wong Bali iku senengé nyembah berhala, agamaé wis kéliru.",2
"Pemerintah iku goblok, kebijakane nggawé rakyat sengsara.",2
"Menteri-menteri iku cuma ngomong doang, turu wae nggawé kerjaan.",2
"Dasar para bajingan, janji muluk ning rakyat tansah ditipu.",2
"Pemerintah iku edan, rega-regane didolake, rakyat cilik mati keluwen.",2
"Ora usah milih sing anyar, kabeh podo wae, tukang nipu kabeh.",2
"Korupsi gede-gedean, pengadilan dadi panggung sandiwara.",2
"Pemerintah iku buta lan budheg, rakyat nangis nggak dirungokke.",2
"Kulo mboten purun nyuwun, nanging pintu kito kok rasane keprungu wingi-wengi, Bu.",1
"Lho, sapune mbak kok mboten kepanggih-panggih, kula nyuwun ngangge seminggu, saiki sampun dangu.",1
"Wah, nek ngomong karo telpon kudu ngampek, Pak, kula ngantos mireng critane saking kene.",1
"Sok-sok njaluk gula, saiki kula masak peyek kari kurang legi, Bu.",1
"Kulo mboten ngertos menawi njenengan gadhah usaha jasa rental perkakas, Pak.",1
"Wes dadi ahli waris kabeh barang-barange kanca, ya? Aja lali dipeliharo, lho.",1
"Kok swara televisimu luwih jelas neng omahku, Mbak? Aku kira ana wayang neng kamar.",1
"Kula mboten purun nyuwun pinten, nanging kathah sanget barang kula ingkang sampah dumugi nggih mboten wangsul.",1
"Wah, nek ngrumat kebon tetangga iku apik, nanging urusan dalem kula mugi kula sing ngatur, Bu.",1
Kula ndelok ibu-ibu padha dodolan jajan pasar.,0
Simbah nyimpen bawang lan lombok ning dapur.,0
"Wong kafir iki kabeh kudu diusir saka tanah Jawa, merga ngrusak adat lan iman leluhur.",3
"Kabeh wong saka pulo liya sing ngerampas panggonan uripku, bakal tak pateni kabeh.",3
"Golongan iku kaya sampah, kudu dibakar urip-urip nganti ora ana sisan.",3
"Aja cedhak karo wong sing beda agamane, awit dheweke iku pengkhianat bangsa.",3
"Wong-wong saka suku liya iku mung tukang ngutil rejekine wong pribumi, kudu dibalekake menyang kandange dhewe.",3
"Kabeh pendukung partai iku bajingan, bakal tak rampungake kabeh nganggo arit.",3
"Yen wong saka kelompok iku mlebu desa iki, bakal tak siksa nganti mati.",3
"Kabeh keturunan PKI kudu ditumpes, supaya ora nularake pikirane sing sesat.",3
"Wong sing beda pilihan politik kaya asu, kudu diusir saka kampung iki.",3
"Kelompok iku kudu ditumpes, merga dheweke iku musuhe agama lan negara.",3
Akeh wong Batak kasar lan kumat-kamit ngomong.,2
Wong Madura iku tukang gelut lan goblok.,2
"Wong Jawa iku pinter banget nggowo bolong, licik.",2
"Aja pacaran karo wong Papua, tukang mabuk lan preman.",2
"Wong Bali iku penyembah setan, agamane beda karo kita.",2
"Wong Lampung iku preman pasar, tukang palak.",2
Wong NTT iku miskin lan mangan nasi ajar.,2
"Wong-wong nang kono podo korupsi, rakyat nandhang sangsara.",2
"Pemerintah iki gur goblok, ora mikirke wong cilik.",2
"Kebijakane mung nguntungke wong sugih, awake dhewe.",2
"Dasar para maling berdasi, negara dibobol wae.",2
"Janjine mung jare wae, mboh dielingi.",2
"Pemerintah iki edan, rega-regane pada munggah kabeh.",2
Sing menang pemilu wae tukang nipu.,2
"Ora usah milih, podo wae bureng, maling kabeh.",2
"Rakyat sengsara, nanging wakil rakyat urip mewah.",2
"Wah, tetangga kok sibuk banget kaya mesin pabrik, ndak tau kapan istirahe.",1
"Barange sing dipinjem kok rasane dadi kenangan ya, Bu?",1
"Sampeyan kerep banget njagong neng teras, kaya penjaga kehormatan warga.",1
"Lha, televisimu sing anyar iku swarane nganti nembus tembok, Bu.",1
"Kulo mboten sare, Pak. Kagem nenggihi karawitan saking griya panjenengan.",1
"Wah, nek ngomong urusan rumah tangga liyan, sampeyan ahli banget.",1
Barangku sing ilang kaya dadi penghuni anyar neng omah sebelah.,1
"Kebonku kok rasane dadi taman umum, wong liyo teko lan lungo seenake.",1
"Sampeyan pancen peduli banget karo urusanku, meh kaya konsultan pribadi.",1
"Wes sore kok isih ana tetabuhan saka rumah sampeyan, lagi latihan karawitan ta?",1
Kancaku nggawa tas anyar nalika dolan.,0
Simbah mangan bubur saben esuk.,0
Dheweke ngganti baju sawise adus.,0
"Kabeh wong pendatang saka pulo liya kudu diusir, nek ora gelem lunga bakal tak tumpes dadi bubur.",3
"Golongan iki kabeh iku sampah masyarakat, kudu dibersihke nganggo cara endi wae, sanajan nganggo getih.",3
"Aja cedhak-cedhak karo wong golongan kuwi, awakmu bakal terkontaminasi lan dadi pengkhianat bangsa.",3
"Wong-wong sing beda karo awake dhewe iku kaya hama, kudu dibasmi nganti oyod-oyode.",3
"Kabeh pengikut aliran iku setan sing nyamar, wajib digebugi nganti mati supaya negara resik.",3
"Yen golongan iku menang pemilu, aku janji arep ngobong kabeh panggonane, aja nganti coba-coba.",3
"Wong Jawa asli kudu merdika maneh, kabeh penjajah anyar saka kelompok iki kudu dicekel lan dipateni.",3
"Kabeh pengkhianat bangsa iki wujudane kabeh saka suku iku, kudu diusir utawa dikubur urip-urip.",3
"Nyebar fitnah iku hak kita, supaya masyarakat pada bangkit lan nglawan golongan iku nganti pupus.",3
Aku ora gelem diomongke wong Madura soale tukang ribut lan kasar.,2
Wong Batak kasebut kok keras kepisen lan sok nganggap dewe.,2
"Akeh wong Papua sing mlebu kene, nggawa masalah wae.",2
Wong Kalimantan kui konon isih primitif urip neng alas.,2
"Aja cedhak cedhak karo wong Maluku, gampang bengis lan emosional.",2
"Wong Bali bisane mung ngibul nggodha turis, urip seng ngapusi.",2
"Suku kui mung dadi beban negara wae, minta terus ora gelem kerja.",2
Wong Jawa Timur kui kasar lan ora nduweni tata krama kaya wong kene.,2
Akeh kejahatan iku biasane ulah wong saka daerah kono.,2
"Politisiku iku mung tukang korupsi, rakyat ditinggal mlarat.",2
"Wakil rakyat kok mung ngomong doang, nyatane gak oleh gawe.",2
"Partai politik iku kabeh padha jahanam, mburine mung duwe.",2
"Kebijakane salah total, ngrusak negara.",2
"Sing dadi pemimpin iku penipu, janjine gak ditepati.",2
"Korupsi wis dadi budaya, pejabat pada sugih rakyat nandang lara.",2
"Pemerintah iku buta lan tuli, ora ngrungokke swarane wong akeh.",2
"Wong sing nyoblos kowe saiki, dikhianati, dipecat raimu dhewe.",2
"Kabeh sistem politik iku sampah, kudu diganti karo revolusi.",2
"Wah, klambi anyar kok isa podo karo sing tak lebarake wingi, mbokmaneh warnane persis.",1
"Bapake pancen pinter banget, ngerti kabeh urusan wong liya, kaya dene dheweke sing nduwe omah.",1
"Wes sore kok isih ana sing nggarap kayu, kayane arep ndadekake mebel anyar nggih.",1
"Lho, kula mboten nate nyuwun piranti kasebut, nanging menawi sampun kantun, mugi-mugi tansah kepanggih.",1
"Kebonku saiki isih sepi, durung ana sing nemoni kembang sing tak tandur.",1
"Wah, bocah-bocah niku saestu sumringah, swaranipun saged dugi ngriki.",1
"Mboten napa-napa, kula mboten sare, mung arep ngrungokake crita saka TV sampeyan.",1
"Barange tak lewati mung mampir, rupane malah seneng nginep.",1
"Sampeyan pancen tetangga sing trep, ngerti kapan kula butuh bantuan tanpa tak celuk.",1
"Wes wayah esuk kok isih ana swara kaya lagi latihan gamelan, mbok ya seko ngisor.",1
Dheweke lagi nggawa kranjang belanja.,0
Wong-wong padha mlaku-mlaku ing dalan pasar.,0
"Wong kafir iki kudu diusir saka tanah Jawa, mergo awake najis lan ngrusak tradisi leluhur.",3
"Kabeh wong saka suku iku kaya asu, aja nganti dipercaya utawa diwedeni, luwih becik dibasmi wae.",3
"Golongan iku mung tukang nyolong hajat rakyat, awakmu kabeh kudu digantung ning alun-alun.",3
"Aja cedhak karo wong-wong saka agama kuwi, dheweke iku pengkhianat bangsa sing kudu dibantai.",3
"Wong saka pulo iku perusak persatuan, nyebar fitnah, kudu dikempalaken lan dikembalake ning asale.",3
"Kabeh anggota organisasi iku antek asing, awake kudu dicekel lan dipateni ning panggonan sunyi.",3
"Wong-wong saka kabilah iku kethek-kethek sing goblog, ora pantes urip bebarengan karo kita.",3
"Generasi iku sampah masyarakat, aja nganti diwarisake tanah, luwih becik dikubur urip-urip.",3
"Golongan liya mung mampir ngombe, dudu darah asli, kudu disingkiraké saka kéné kanthi kekerasan.",3
"Kabeh pengikut aliran iku setan, awake kudu dibakar urip-urip supaya ora nulari wong liya.",3
"Wong Sunda mah bisane mung ngomong haseup jeung sorak, urusan gedhe mah teu mampu.",2
"Akeh wong Batak kasar lan keras, koyo preman doang.",2
"Wong Madura seng nggowo celurit, sapa wae wedi, mbok ya dijauhke.",2
"Orang Papua kok diwenehi otonomi, wong mung bisa nari-nari wae.",2
"Wong Kalimantan kui konco setan, ngrusak alas terus.",2
"Wong Bali bisane mung nyembah berhala, agama leluhur sing kuna.",2
"Akeh wong Maluku mabok-mabokan, pantes daerah kono rawan keributan.",2
"Wong Betawi asline tukang ngamen, ora duwe pendidikan tinggi.",2
"Wong NTT kui mung tukang mangan jagung, mikire mung urusan perut.",2
"Jangan percaya karo wong Aceh, keras lan radikal agamane.",2
"Wong-wong niku korupsi rakus, kabeh dhuwit rakyat dijupuk dewe.",2
"Pemerintah iki mung wayang, sing ndalangi ya oligarki bejat.",2
"Kebijakane mung nguntungke cukong, rakyat cilik tansah dikorbankno.",2
"Wong sing nduwur iku kabeh lacur, moral-e wis reged korupsi.",2
"Janji-janji manis pas pemilu, mung akal-akalan nggo nggolet suara.",2
"Ora usah percaya karo partai, kabeh padha mung tukang nyolong kanthong rakyat.",2
"Pemerintah iku budheg, rakyat nangis krungu krungu wae.",2
"Kabeh pejabat sing mlebu kana akhir-e mung kepengen dhuwit, dudu ngabdi.",2
"Sistem-e wis busuk, kabeh didol, mung sing duwe dhuwit sing nang.",2
"Wah, klambi anyarku kok ra tau bali ya, mbok ya dijaga nganti atis.",1
"Kula mboten purun ngangsu, nek ngangsu kok toyahe malah dilarut.",1
"Lha, kowe kok ngerti urusanku kaya dheweke dewek, Pak?",1
"Wes sore kok isih ana sing nggarap kayu, kayane arep ndirik omah maneh.",1
"Televisimu sing anyar iku swarane apik tenan, nganti tekan kamarku.",1
"Waduh, pancen tangga iku kudu peduli, ning mboten nganti saklebete kamar turu.",1
"Barange tak pinge ra ono sing bali, kayane dadi barang hibah.",1
"Kok critane wong liya iku detail banget, kaya wis ngrungokke saka lawang.",1
"Mboten sare, Pak? Kula mboten sare, Pak.",1
"Wes dadi ahli waris kabeh barang-barangku, ta?",1
Adhine nggawa buku saka sekolah.,0
Kula tindak dhateng warung arep mundhut tuku sabun.,0
"Wong kafir iki kudu diusir saka tanah Jawa, mergo awake najis lan ngrusak imane wong Islam.",3
Aku bakal ngobong gréja-gréja lan papan ibadahé wong Kristen sing nyebar ajaran sesat nang kéné.,3
"Wong Sunda iku akeh sing goblok lan mbeling, pancen cocogé dadi babu wong Jawa.",3
"Kabeh wong Cina iku tukang korupsi, matèni usaha wong pribumi, kudu dibalèkaké menyang Cina.",3
Aku arep ngiris-iris wong Madura sing mbandel lan ngganggu ketentraman ing tanahku.,3
"Wong Islam liberal iku luwih bejat tinimbang kafir, patut dihabisi supaya Islam resik manèh.",3
"Wong Papua iku primitif lan mung cocok dadi budak, ora pantes mréntah dhéwé.",3
"Kabeh anggota ormas iku preman, kudu dibasmi nganggo cara kekerasan supaya wong cilik tentrem.",3
"Wong LGBT iku penyakit masyarakat, kudu ditangkep lan dihukum mati supaya ora nular.",3
"Aku bakal ngebom pesantren sing ngajarke terorisme, matèni kabeh santri lan kyaine sekaligus.",3
Akeh wong Batak sing kasar lan tukar gebugin.,2
"Wong Madura iku kerep mangan sate wedhus, wedhuse teka sato endi-endi sing dicolong.",2
"Aja koncolan karo wong Papua, soale dheweke isih primitif.",2
"Wong Kalimantan kui kebangeten, alas-e dirusak nanging ngaku-ngaku paling njaga lingkungan.",2
"Wong Maluku panas-pasan atine, cilik-cilik gelem gelut.",2
"Wong Lampung kuwi preman kabeh, dalan-dalan dikuasai.",2
Suku Tionghoa iku pelit lan bisane mung ngitung duwit.,2
"Wong Bali bisane mung nari, nyembah berhala, lan nipu turis.",2
"Akeh wong Jawa sing licik lan sombong, nganggep suku liya iku rendahan.",2
"Pemerintah iki goblok, kebijakane mung nanduk kahanan rakyat cilik.",2
"Sing dadi pejabat mung ngurusi kepentingane dewe, rakyat dipepet.",2
"Ora usah milih pemimpin maneh, kabeh padha tukang tipu.",2
"Kebijakan pemerintah iki koyo kontol mending, mung gawe susah wong.",2
"Wong politik kui mung asik ngeruk duit, rakyat nandhang sangsara.",2
"Pemerintah iki edan, ora mikirke kesejahteraan wong cilik.",2
"Pejabat-pejabat korup kui kudu dipateni, mumpung akeh sing keluwen.",2
"Partai politik kabeh padha nggonane maling, janji-janjine mung omong kosong.",2
"Wah, tetangga kok lagi latihan karawitan ya, bisingé nembus tembok.",1
"Barangé sing dipinjem kok rasane dadi melu ninggal, mbok ya dielingi.",1
"Lha, urusanku wis diatur karo beliau, kok sampeyan sing lebih pinter ngatur.",1
"Wes sore-sore, mesin jahité isih semangat banget, kayak lagi ngejar target.",1
"Kula mboten saget ndelok televisi, swarané pidhato Bapak neng ngriki langkung seru.",1
"Lho, sapuné sing dipun ginakaken niku sampun dangu, nggih mboten kepanggih?",1
"Sampeyan kayaknya pengamat sosial ya, urusan sapa-sapa kok didadekkan bahan cerita.",1
Bocah-bocah nang njaba swarané koyo lagi latihan tarik suara.,1
"Kula nuwun sewu, menawi pinten-pinten barang kula niku sampun kedah dipun balikaken?",1
"Wah, sepuré ora lewat kene ta, kok swara derunya teka saka arah omah sampeyan?",1
Simbah lunga menyang toko kelontong.,0
"Golongan iku mung tukang ngrusak persatuan, kudu ditumpes nganti oyod-oyode.",3
"Aja cedhak karo wong sing beda agamane, awit dheweke iku najis lan bakal nggawa sengsara.",3
"Wong-wong sing nentang pemerintah iki kudu ditangkep lan dipateni, aja dikasihani.",3
"Kabeh kaum penghianat iku kudu diusir saka desa, kobongono omah-omahé.",3
"Lamun mbandel karo golonganku, bakal tak rampungno uripmu lan sedulurmu.",3
Wong cilik sing nantang wong sugih iku kudu dicekel lan dicemplungno ing kali.,3
"Kelompok iku uda kayu mati, kudu dibakar nganti awu supaya ora ana maneh.",3
Sing ndhukung paham sesat iku kudu digebugi bareng-bareng nganti ora bisa mbalang maneh.,3
Wong Madura iku kerep nggowo masalah lan golek pisanan.,2
"Wong Papua kok dikongkon kerja ya males, mung bisane mabuk.",2
Wong Kalimantan iku terbelakang lan ketinggalan jaman.,2
Akeh wong Maluku sing galak lan gampang dadi preman.,2
"Wong Bali iku baureksa, mung ngurusi upacara sing ora penting.",2
Wong Jawa iku licik lan suka nindhes wong liya.,2
"Wong Sumatra kulon iku pelit banget, ora gelem ngeluarke duwit.",2
Akeh transmigran saka Jawa sing nguasai tanah lan ngremehke wong asli.,2
"Wong-wong niku korupsi rakus, kaya ta laler nempel ing telesan.",2
"Pemerintah iki mung ngomong doang, nanging rakyat tansah dikongkon pasrah.",2
"Kebijakane mung nguntungke kancane dhewe, akeh sing cilaka.",2
"Wong ndhuwur iku pinter nggelari korupsi, rakyat cilik sing nandhang.",2
Janjine mung pepesan kosong kaya musim pemilu.,2
"Ora usah ngarep-ngarep owah, wong sing mimpin yo podo wae.",2
"Dasar politik iku tukang tipu, rakyat dicekik karo kabijakan sing ora jelas.",2
"Korupsi wis dadi penyakit, saka ngisor tekan ndhuwur padha bobrok.",2
"Pemerintah iki mbebani rakyat, dhewe malah seneng-seneng ngumbar hawa napsu.",2
"Wah, klambi anyar kok wis keselak kaya jaran kepaten, yo? (Sindiran halus tentang tetangga yang sering meminjam pakaian dan mengembalikannya dalam keadaan kusut/rusak)",1
"Kula mirengake swanten ingkang sae, nanging boten saking radio.",1
"Dalan mlebu omah kula kok rasane dadi dalan umum, wong liyo teko lungo sakarepe dewe.",1
"Wes sore kok swarane speaker isa ngalahke adzan, nganti kewan kandang turu ora kepenak.",1
"Barange ilang kaya diculik setan, nanging pas tak delok neng ngarsane wong liyo.",1
"Kok aku rumangsa uripku dadi sinetron, terus ana sing sok ngrewangi naskah.",1
"Wong arep turu kok dielingake karo swara bor, kaya lagi mbangun candhi.",1
"Kula badhe nyuwun pinten-pinten barang kula ingkang sampun dipun ginakaken, nanging mboten kepanggih.",1
"Aku ngerti kowe seneng karo sepatuku, tapi kok dipakai tekan pasar karo ke sawah.",1
"Kula mboten gadhah televisi, nanging tetep saget mirsani sinetron saking pawartosan tetangga.",1
Wong-wong padha antre ning kios buah.,0
Kula ndeleng akeh wong ing pasar.,0
Ibu masak sega goreng ning pawon.,0
"Aku bakal ngobong gréja-gréjamu nganti dadi awu, merga kowe wong Kristen mung nggawa petaka ing desa iki.",3
"Wong Madura aja dipercaya, dheweke iku tukang njupuk tanah lan nakal, kudu disingkirake saka kene.",3
Aku sumpah arep matèni kabeh preman saka suku liya sing ngrebut panguripane wong pribumi.,3
"Wong Cina iku lintah darat, dheweke kudu dipateni supaya kasugihané bali marang wong Jawa sing asli.",3
"Kabeh pendatang saka Jabodetabek iku perusak budaya, persiapan kanggo gegerake lan usir wong-wong mau.",3
"Golongan iki kabeh antek asing, bakal tak siksa nganti jerit tangise nggawe bungah atine kita.",3
"Wong Islam garis keras iku teroris, kudu dibasmi kaya tikus, aja nganti lali karo sejarah kelakuanmu.",3
"Aku bakal ngarahake massa kanggo ngancurake sekretarisme kowe, merga kowe mung sampah masyarakat.",3
"Kabeh wong sing beda pikiran karo aku iku penghianat bangsa, siap-siap digebugi nganti ora bisa ngangkat muka maneh.",3
"Wong Sunda mah bisane mung ngomong ""teh"" jeung ""mah"" wae, ora duwe budaya.",2
"Akeh wong Batak kasar lan keras, kaya preman kabeh.",2
"Wong Madura kui tukang ngamuk lan tukang celak, sapa wae wedi karo dheweke.",2
"Wong Papua kui mung bisane nari-nari wae, pikirane isih primitif.",2
Akeh wong Lampung kui tukang ngomong kasar lan sok jagoan.,2
"Wong Kalimantan kui adoh karo peradaban, urip isih ing alas.",2
"Wong Maluku kui panas barane gampang, dikit-dikit gelut.",2
"Wong Bali kui bisane mung nyembah berhala, agama leluhur sing aneh.",2
"Akeh wong Betawi kui pinter-pinter goblog, omonge keras nanging isine kosong.",2
"Wong NTT kui mung dadi babu lan kuli wae, ora bakal maju.",2
"Pemerintah iki edan, gawe kebijakan sing nggiling rakyat dhewe.",2
"Kabeh partai padha wae, busuk kabeh isine!",2
Sing menang pemilu mung wong sugih sing doyan korupsi.,2
"Kebijakane mung nguntungke wong sing duwe duwit, awakku dhewe digantung.",2
"Pimpinane goblok, nggawa negara iki mudhun!",2
Wakil rakyat? Wakil kepentingan dhewe-dewe kok!,2
"Rasah percaya karo omongane, kabeh tukang nipu!",2
"Wah, klambi anyarku kok ra tau bali, mbok ya dijaga nganti suwek, Bu.",1
"Boten kepanggih kalih ember kula, mbok menawi kedah nggadhuh proyek tandon banyu.",1
"Wonten ingkang remen ngrungokake swanten radio, kados ta saged ngrungokake crita wayang semalam suntuk.",1
"Lho, kok jam pitu esuk wis ana tukang kayu, nggawe mebel apa sing mendesak banget, Pak?",1
"Kula mboten ngertos menawi tetangga kula gadhah usaha laundry, soale klambi kula ing jemuran asring ilang.",1
"Wah, Pakdhe pinter banget ngatur urusan wong liya, kapan-kapan ngaturin TPS dhisik, ndhuk.",1
"Swarane speaker nganti tekan kene, kaya lagi latihan dangdut mau tampil ing Istana.",1
"Kula nuwun, kula mboten sengaja ngrusak sapu Ibu, nanging kula mboten kepanggih wiwit sasi kepengker.",1
"Iki bocah-bocah dolanan bal sore-sore, swarane nggawe kebon binatang katon sepi.",1
"Mboten usah repot-repot nglaporake kula anggenipun rawuh telat, Bu, kula mboten ndherek kerja kantoran.",1
Kancaku nggawa tas warna abang.,0
Anak-anak padha ngrungokake guru nek kelas.,0
"Wong kafir iki kabeh kudu disingkirake saka tanah Jawa, merga ngancani rereged.",3
"Sing beda agamane karo awake aja dipercaya, mesthi mung arep ngrusak uripe wong Jawa.",3
"Aku arep nggebugi wong saka suku iku nganti mati, merga wong kae mung tukang nyolong.",3
"Wong-wong saka partai iku kaya tikus, kudu dibasmi nganti oyod-oyode supaya negara resik.",3
"Kabeh wong sing ndukung kelompok iku kudu ditumpes, aku wis siap perang.",3
"Golongan liya mung mampir ngombe banyu, kudu diusir kanthi kekerasan yen ora gelem lunga.",3
"Wong saka pulo liya aja nganti ndompleng nang kene, bakal tak gebuk nganti balik menyang leluhure.",3
"Kelompok iki kabeh penghianat, kudu di bakar omahé lan diusir saka desa iki.",3
"Aku bakal nyulik lan matèni anak-anaké wong saka golongan iku, supaya turunane punah.",3
"Wong-wong sing ngaku pancen pribumi nanging ndhukung mungsuh, patiase kudu digantung ing alun-alun.",3
"Wong Madura kui tukang celak, aja percaya karo dheweke.",2
"Wong Papua kafir lan terbelakang, dadi beban negara.",2
Akeh wong Maluku mung pinter baku hantam.,2
Wong Kalimantan kui kampungan lan ketinggalan jaman.,2
"Wong Bali mung ngurusi upacara, bisane mung ngarah pariwisata.",2
"Wong Betawi asline tukang ngamen, ora duwe pendidikan.",2
Wong Menado mung pesta lan mabuk-mabukan.,2
Wong Lampung kui tukang gasak tanah wong liya.,2
"Kebijakane mung nguntungke cukong, nggiling rakyat cilik.",2
"Wong sing dadi pejabat mung golek pangan, ora mikirke kawula alit.",2
"Aparate pada bejat, korupsi dianggap prestasi.",2
Pemerintah iki bodho lan ora mikirke masa depan bangsa.,2
"Milih sapa wae podo wae, akhirane rakyat sing nandhang sangsara.",2
"Wong politik iku maling berdasi, ngrampok kas negara kanthi terang-terangan.",2
"Wah, klambi anyar ibu kok katon kaya punyane Bu Rini sing ilang minggu kepungkur, nggih?",1
"Dino-dino iki, swarane radio tetanggan nggayuh ndhuwur langit, mbok ya disetel alon sethithik.",1
"Kula nuwun, menawi badhe nampi tamu, kula aturi wonten griya, mboten wonten ing pinggir tembok.",1
"Lho, sapune Bu RT kok krasa dadi sapu kula, dereng kondur kawitan tiga wulan.",1
"Wes dadi ahli waris barang-barange wong liya, nanging kok ora gelem dadi ahli waris utange.",1
"Kula mirengake crita kanca, ternyata tetangga kula ingkang sampun dados dalangipun.",1
"Boten kenging gadhah rahasia, amargi sak derenge kula aturaken, sampun sumebar sak kompleks.",1
"Monggo dipun paringi panganan, supados mboten badhe mampir neng meja kula nalika nedha bengi.",1
"Kebon kula meh dados Taman Hiburan Rakyat, amargi tansah dipun rawuhi tamu tanpa undangan.",1
Wonten ingkang langkung remen nyambut gawe nyisihke barang tinimbang nyambut gawe nyisihke utang.,1
Aku krungu obrolan wong loro ing pinggir dalan.,0
Adhiku nyapu lantai omah.,0
"Aja nganti meneh wong saka pulo liya nggawa ajaran sing nyimpang, bakal tak gebugi nganti mati.",3
"Kabeh wong sing beda karo awake dhewe iku mungsuh, kudu dibasmi nganti oyod-oyode.",3
"Wong-wong sing ngaku modern iku penghianat budaya, patut dikucilkan lan digebugi.",3
"Golongan liya iku sampah masyarakat, kudu disingkirake saka kutha iki.",3
"Aku arep ngobong omah-omah wong sing ngaku paling suci iku, merga dheweke iku munafik.",3
"Wong saka suku liya sing nantang kene, bakal tak tumpes kabeh, aja nganti ana sing urip.",3
"Kabeh pengikut agama iku sesat, kudu ditumpas nganti ora ana sing isa mekar maneh.",3
Aku sumpah bakal mateni sapa wae sing beda karo agamaku ing desa iki.,3
"Wong-wong sing ndhukung pemimpin liya iku pengkhianat bangsa, kudu dihukum pati.",3
"Wong Sunda mah bisane mung ngurus pare, ora pinter urusan gedhe.",2
"Lha wong Papua kok dikongkon kerja, mendingan bali ke hutan wae.",2
"Akeh tindak kejahatan iku sithik-sithik yo wong Medan, sudah wataké.",2
"Wong Bali iku pinter-pinter ngibuli turis, aja gampang percaya.",2
"Nek urusan korupsi, wong Jawa Timur jagonya, licik banget.",2
"Wong Maluku iku keras kepala lan gampang gelut, bawaannya panas.",2
"Wong Betawi asline ora pinter, uripé cuma ngandelin tanah warisan.",2
"Sing dadi pejabat mung ngurusi bokong dhewe, ra mikirke kawula alit.",2
"Kebijakane mung nguntungke cukong, rakyat dicekik dipepet.",2
"Wong jujur saiki langka, sing akeh maling berdasi.",2
"Pemerintah iki olo, janji mung diumbar, kasil nol!",2
"Korupsi wis dadi budaya, wong sugih makin sugih, wong mlarat sengsara.",2
"Rezim iki bejat, mung bisa ngapusi lan nyedot duwit negara.",2
"Wah, klambi anyar kok isa podo karo sing tak lebarake wingi, Bu.",1
"Dino-dino kok swarane kaya ana tukang bangunan neng njero omah, to.",1
"Mboten nate bosen ngrungokke lagu-lagu lawas saking rumah panjenengan, Pak.",1
"Kula nuwun sewu, kadosipun kunci kula kesimpen neng griya panjenengan, Bu.",1
"Wes dadi alarm alami, saben subuh pasti ana swara bedhug saka sebelah.",1
"Barange ilang, nek didelok malah neng kene, rasane pengin tak uculi dewe.",1
"Kok ngerti sedetail iku urusane tangga sebelah, Bu, kaya dadi sekretaris pribadi.",1
"Wah, nek ngomong karo sampeyan iku kaya kuliah, isine wejangan kabeh.",1
"Lho, jam kaya ngene kok isih ana swara mesin bor, nandur neng lantai apa, Pak?",1
"Mboten usah repot-repot ngurusi kula, Bu, sampun wonten Gusti Kang Maha Ngerti.",1
Adhine sinau nggambar ning kamar.,0
Aku krungu obrolan saka ruang tengah.,0
Kula ndelok kendaraan akeh ing dalan.,0
"Kabeh wong sing beda agamane karo aku iku mungsuh, aja nganti diampuni, patenana wae.",3
"Wong saka suku liya iku maling lan perusuh, kudu dibalangi supaya ora mlebu ing kutha kita.",3
"Kelompok iku isine mung preman, aja wedi, siap-siap kita gebugi nganti mati kabeh.",3
"Wong-wong sing ndhukung partai liya iku penghianat bangsa, kudu ditumpes nganti oyot-oyote.",3
"Aku sumpah, yen menang bakal bakar omah-omah wong golongan kasebut, aja nganti lali.",3
"Kabeh keturunan Cina iku pelit lan licik, mangan duweke dhewe wae, aja diajak kerjasama.",3
"Wong pendatang saka pulo liya iku perampas kerjaan, kudu digebugi lan diusir balik.",3
"Gereja-gereja iku sarang maksiat, kudu dibongkar lan dijadikan masjid kabeh.",3
"Kelompok iku wedi karo kita, aja kasian, serbu markase lan rampas harta bendane.",3
"Aja cedhak karo wong Papua, pancen primitive lan mung pinter mabuk.",2
Wong Maluku iku panasaran lan gampang dadi preman.,2
"Suku Jawa iku penjajah, sok nganggep suku liya iku rendahan.",2
"Aja percaya karo wong Minang, tukang nipu lan pelit.",2
"Wong NTT iku mburu mung kerja jadi babu, ora duwe pendidikan.",2
"Wong-wong nang kono podo maling duweke rakyat, ora gelem turun.",2
"Pemerintah iki cuma ngasih janji kosong, rakyat tansah ditipu.",2
"Kebijakane mung nguntungke kanca-kancane dhewe, awakmu dhewe dipepet.",2
"Wong korupsi kok diayomi, kaya negara iki pasar kleweran.",2
Sing dadi pemimpin saiki akeh sing otake mung nggoleki duit.,2
"Ora usah milih maneh, kabeh podo bae, tukang nipu.",2
"Kebijakan iki nggilani, rakyat cilik sing nandhang kabeh.",2
"Pungli wis dadi budaya nang kana, negara iki wis busuk.",2
"Mereka podo mabuk kekuasaan, rakyat dianggep babu.",2
"Boten kepanggih kalih perkawis mesin potong rambut, Pak? Kawulo pinten-pinten dinten mboten kepanggih.",1
"Lho, kok sepuré mboten nggrawul bengi punika? Biasanya nderek jadwal baku minggu kepungkur.",1
"Sampun kerso ndherek rembugan kula kaliyan tiyang satunggal, Bu? Swantenipu saged dugi ngriki.",1
"Wes dino iki aku nggarap tugas, nanging tetangganku malah nggawe konser rock gratis.",1
"Kula mboten saget ndadosi penengah, Pak. Kawula mboten gadah data lengkap kados panjenengan.",1
"Barange dicolong? Aku kira dipinjem wae, soale kerep ketemu barangku neng omahé.",1
"Mboten nate bosen, Bu, ndelok gelandanganipun sandal kula sing pindah-pindah papan?",1
"Kok swara televisimu luwih rame tinimbang critane wong sidang pengadilan, ta?",1
"Kula mboten saged nambahi pendapat, Pak. Kawula mboten gadah gelar sarjana ing bidang urusan tetangga.",1
Dheweke ngunjuk teh anget sawise mangan.,0
Dheweke ngrungokake lagu saka radhio.,0
Wong tani lagi nandur pari ing sawah.,0
"Kabeh wong sing beda karo awake dhewe iku asu, aja nganti diampuni, luwih becik dipateni wae.",3
"Golongan liya iku parasit, mung ngerusak kabudayan Jawa, kudu dibabat nganti oyod-oyode.",3
"Aku sumpah, yen aku sing mrentah, kabeh wong saka suku iku bakal dikempalaken lan dipepehi srengenge.",3
"Wong-wong sing ndhukung pemimpin liya iku pengkhianat bangsa, patut digantung ing alun-alun.",3
"Kabeh anggota kelompok iku bocah setan, ora pantes nyemplung ing bumi Jawa, suruh balik menyang neraka.",3
"Aku arep ngobong omah-omah wong sing beda agama karo aku, supaya padha sirna tanpa bekas.",3
"Wong sing ora setuju karo awake iku kudu dicekik, dikubur urip-urip, aja nganti mbrebekel maneh.",3
"Kabeh keturunan iku uda najis, kudu disingkiraké saka desa iki, aja nganti ngrusak getih murni.",3
"Aku bakal pimpin bala kanggo matèni kabeh wong saka golongan iku, nganti ora ana sing kari.",3
"Wong Sunda mah tukang ngaret, janjine aja dipercaya.",2
"Orang Madura kasar lan tukang gelut, sisan rejekine dicolong.",2
Wong Batak kasebut pinter tapi sombong lan sukane ngremehke wong liya.,2
Wong Jawa di Jakarta iki tukang nyolong jabatan wong asli.,2
"Wong Kalimantan kui konone primitif, urip mung di alas.",2
"Wong Papua goblok, mesti dikasih otonomi khusus yo ra bisa maju.",2
"Wong Maluku tukang bakar rumah, dasare panasaran.",2
"Wong Menado sisan Kristen, mesti beda karo kita sing Islam.",2
"Wong Lampung kui preman, tukang palak lan nakal.",2
Wakil rakyat kok mung dolan lan nyolong dana rakyat.,2
Sing menang pemilu mung wong sing duwe duwit lan pengkhianat.,2
Partai politik iku sarang tikus lan maling duit negara.,2
"Janjine mung pepesan kosong, buktine rakyat tansah ditipu.",2
Pemerintah iki goblok lan ora ngrungokke swarane wong akeh.,2
"Mundur wae kabeh, wong kerjane mung korupsi lan nyengsarake.",2
Pemimpin saiki cuma antek asing lan tukang bohong.,2
"Wah, tetangga kok lagi latihan jadi tukang kayu ya, sore-sore masih rame.",1
"Kulo mboten purun nyuwun, nanging menawi badhe pinjem sapu, mugi-mugi saged dipun balekaken.",1
"Lho, mbakyu kok lebih pinter ngatur urusanku daripada urusan dapur sendiri.",1
"Bisik-bisik ternyata swarane sampai tekan kamar kulo, kados pengeras suara.",1
"Wes dadi ahli sejarah, soale barang sing dipinjem selalu jadi kenangan.",1
"Kok swara televisine nggih sami kados ing pendhopo kulo, nggih?",1
"Sampeyan kula kira sedang riset, soale barang-barang kula sing dipinjem mboten pernah kondur.",1
"Kepriwe kabare, Pak? Kula mboten sengguh nyuwun tolong, nanging menawi saged volume rada dipun kecilaken.",1
"Wah, ternyata tetangga iku dadi pengawas RT bayangan, sak klebatan wae dicek.",1
"Mboten usah repot-repot ngurusi kula, Pak. Urusan kula mboten nate dipun tambahi dening sampeyan.",1
Aku ndelok jadwal sepur ing stasiun.,0
"Kabeh pendatang saka pulo liya mung ngrusak tata tentrem ing kutha iki, padha balik menyang asale!",3
"Golongan iku kabeh antek asing, bakal ditumpes nganti oyod-oyode yen nekad mlebu wilayahku.",3
"Aja cedhak karo wong sing beda agamane, awit dheweke iku najis lan bakal ngrusak imanmu.",3
"Wong-wong sing ndhukung pemimpin liya iku pengkhianat bangsa, kudu ditindak kanthi kasar.",3
Bakal ana lindu gedhe sing ngleburake kabeh pemukiman wong sing beda suku karo aku.,3
"Kabeh keturunan Cina iku pelit lan licik, mung ngisin-isini bangsa Jawa sing asli.",3
"Yen golongan iku menang pemilu, aku janji arep ngobong kabeh tempat ibadahane.",3
"Wong sing nganggo jilbab iku teroris, kudu diusir saka pasar supaya dagangane wong lokal laris.",3
"Kabeh wong saka partai iku setan, aja dipercaya, luwih becik dikucilkan saka urusan masyarakat.",3
"Wong Madura kase barangkokan, sithik-sithik gelut.",2
"Wong Jawa iku pinter banget mikirake awake dhewe, ngremehke wong liya.",2
"Aja cedhak karo wong Kalimantan, tukang mabuk lan main judi.",2
Wong Papua kase bodho lan mung cocok kerja kasar.,2
"Wong Bali iku pura-purane baek, nanging mung ngarep-ngarep duwit turis.",2
"Suku A*eh tukang maksiat lan radikal, ngrusak nama bangsa.",2
"Wong Menado seng ngoceh mung ngomong agama, lakune kok ora becik.",2
Wong Lampung kase tukang ngamuk lan ora bisa diajak rukun.,2
"Wong-wong nang kono podo korupsi, rakus koyo celeng.",2
"Milih-milih kok milih setan, sing menang mung tukang nipu.",2
"Dasar pamarintah ndasmu, rakyat sengsara dikongkon iyut-iut.",2
"Ora usah ngarep-ngarep, pejabat saiki isine maling berdasi.",2
"Rezim iki wis busuk, kabehane kudu diganti.",2
"Mimpin kok goblok, negara mung dadi pangonan wong gedhe.",2
"Wah, tetangga kok sibuk banget kaya pasar sore, nggak ada waktu sepi-sepine.",1
"Kula mboten purun nyuwun, nanging menawi pinten-pinten barang kula sampun kesah dalem griyanipun tiyang sanes.",1
"Lha, urusanku kok diurusi, sampeyan dadi kepala lingkungan ndak?",1
"Swaranipun radi seru, kaya lagi latihan karawitan neng ngarep.",1
"Barangku sing ilang kaya dadi tukang numpak, lekas lunga lambat bali.",1
"Kok sambat kebisingan, nek lagi dhewekan malah nggawe pagelaran wayang kulit.",1
"Sampeyan kersa mboten, kula sampun nunggu barang kula kados nunggu jawaban lamaran.",1
"Wah, kula mboten gadhah televisi, nanging kula saged nyimak crita saking griya sebelah.",1
"Lha, kunci motorku kok malah luwih sering nginap neng rumah sebelah.",1
"Kula nuwun sewu, menawi griya kula dados papan dolanan bocah-bocah sanes.",1
Wong-wong padha mlaku-mlaku ning taman sore iki.,0
Kancaku nggawa tas saka pasar.,0
"Wong kafir iki kabeh kudu diusir saka Tanah Jawa, merga mung ngrusak adat lan iman kita.",3
"Aku bakal nggebugi kabeh wong sing ndhukung partai iku nganti pejah, awake dhewe mung nggenah.",3
"Kabeh pendatang saka pulo liya iku asu, padha bali menyang kandange dewe, aja ngremehakake bumi kita.",3
"Wong-wong sing beda kabilah karo aku iku kethek, ora pantes urip bebarengan karo manungsa.",3
"Aku sumpah arep numpes kabeh panggonan ibadahmu, merga agamamu iku agama sesat.",3
"Kabeh turunan Cina iku tikus, padha maling kasugihan Jawa, kudu dipepehi nganti mati.",3
"Wong sing nganggo agama liya iku najis, kudu disiram banyu suci nganti resik awak lan pikire.",3
"Aku bakal nggantung kabeh wong sing mbela hak kaum LGBT, merga iku perbuatan setan.",3
"Kabeh kaum minoritas iku sampah masyarakat, kudu dikumpulake lan diobong supaya negara resik.",3
"Wong partai iku kabeh bajingan lan maling, kudu dibabat nganti oyot-oyote, aja nganti ana sing urip.",3
"Aku ora gelem kerjo bareng wong Batak, kasar lan tukang ngomong kasar.",2
"Wong Madura iku kabeh tukang celak, ati-ati karo dheweke.",2
"Lha wong Kalimantan kui konangan budheg-budheg, urip neng alas.",2
"Wong Papua goblok, dikasih otonomi khusus yo tetep terbelakang.",2
Akeh tindak kriminal kuwi biasane ulah wong Flores sing rakus.,2
"Wong Maluku iku panas temperamente, gampang gelut karo masalah cilik.",2
Wong Lampung iku primitif lan tukang ngerampok tanah wong liya.,2
"Ora usah dipercaya wong Menado, mung pinter ngibul lan korupsi.",2
"Wong Bali iku pagan, nyembah berhala, agama e ora bener.",2
Para wakil rakyat iku tukang maling sing dilindungi hukum.,2
Negara iki arep dadi lapak korupsi sing sah.,2
"Pemerintah buta, rakyat sengsara nanging pejabat seneng.",2
"Kabeh partai padha wae, mburine mung ngoyak proyek.",2
Kebijakan pemerintah mung omong kosong sing nggak jelas juntrunge.,2
Wong sing mbela pemerintah iku antek-anteke koruptor.,2
"Wah, klambi anyar ibu kok sering nangkring ning jemuran kula, mbok bilih keselip.",1
"Dados tiang kathah mainan, nanging dolanan musik dalu-dalu punika saged nggih dipunselani.",1
Kula mboten ngertos manawi mesin potong rambut paklik kedah dipun ginakaken saben dalu.,1
"Boten kenging napa-napa, nanging kadosipun tiyang ngertos babagan rejeki kula langkung rumiyin tinimbang kula piyambak.",1
"Kula kedah nyuwun pangapunten, kula mboten saged ndelok barang kula ingkang dipunpundhut kemawon.",1
"Wes dadi tetangga apik, ning kadang swarane rada nyebar kemana-mana, nganti kula kedah nutup kuping.",1
"Kula mboten nate nyuwun, nanging kathah barang kula ingkang sampun manggon ning griya sanes.",1
"Mboten nate ngerti yen sepeda kula nduwe kaki, soale kerep mlayu dhewe.",1
Kula mboten ngertos manawi bapak gadhah usaha persewaan barang tanpa sewa.,1
"Wah, kula mboten ngertos manawi tetangga kula tiyang ingkang gadhah wewenang ngatur jadwal turu kula.",1
Adhek nggowo gelas banyu saka pawon.,0
Aku masak sega lan sayur sederhana.,0
Anak-anak dolanan bola nang plataran.,0
"Wong Madura aja dipercaya, dheweke iku tukang njambret lan perusuh, patenana wae kabeh.",3
"Kabeh preman Cina iku pelit lan serakah, arep nggrogoti ekonomi negara, kudu dibasmi.",3
"Aku sumpah bakal nyiksa kabeh leluhurmu sing beda kabilah karo aku, merga kowe iku bangsa rendahan.",3
"Golongan liya mung sampah masyarakat, uripmu ora ana regane, luwih apik mati wae.",3
"Wong pendatang saka liya pulo iku perampas tanah, persiapan perang beneran kanggo ngusir dheweke.",3
"Kabeh wong sing ndhukung partai iku antek asing, bakal tak gebugi nganti ora bisa ngadeg maneh.",3
"Aku bakal ngrusak kabeh papan ibadahmu nganti rata karo tanah, merga agamamu iku sesat.",3
"Wong Sunda mah tukang ngaret terus, ora bisa dipercaya.",2
"Wong Batak kasar-kasar, koyo kebo digiring.",2
"Wong Madura tukang ngamuk, kapan warase.",2
"Wong Jawa Timur kok sombong, ngono wae arep dipuji.",2
"Akeh wong Lampung tukang nipu, ati-ati karo wong kono.",2
"Wong Papua goblok, sekolah tinggi-tinggi yo ra iso mikir.",2
"Wong Bali bisane mung nari, gawean penting ra bisa.",2
"Akeh wong Makassar tukang bacok, kudu dijaga omongane.",2
"Wong Menado sambel doang pinter, gawean bener ra duwe.",2
"Kebijakane mung ngentekke dhuwit rakyat, ora ada gunane.",2
"Wakil rakyat iku maling berdasi, tega mangan dhuwit kita.",2
Negara iki wis rusak dening wong-wong jahat sing ngaku pahlawan.,2
"Ora usah milih, podo wae wong bodo sing menang.",2
"Pemerintah iku edan, rakyat sengsara didhelikake.",2
"Mereka iku asu, mung bisa janji palsu nanging korupsi terus.",2
"Kabeh partai iku sampah, mung nginciri kekuwatan lan dhuwit.",2
"Wah, klambi anyarku sing dipinjem wingi kok wis ilang kaya ditiup angin, ya?",1
Bapake arep nyandak tivi nanging remotnya ketangane malah luwih sering manggon nang kene.,1
"Lha, sepur mlebu stasiun swarane rupanya mung saka dalem omah, to?",1
"Kula mboten ngertos menawi wonten tetangga ingkang gadhah usaha pabrik, nanging swantenipun saderengipun subuh sampun mirip mesin.",1
"Wes sore kok critane warga kabeh wis kaya wis nonton sinetron rampung, nanging durung ana sing nyetel televisi.",1
"Kula kedah nyuwun pangapunten, kula kepengin tilem nanging kadosipun wonten latihan drumband neng mriki.",1
"Barange sing dipinjem nek ora dibalekke, rasane pengin diarani 'hadiah' wae, Pak.",1
"Kok aku rumangsa uripku dadi sinetron, ya? Saben adegan ana sutradara saka sebelah.",1
"Mboten napa-napa, kula mung bingung, kados pundi caranipun tetangga kula saged ngrungokaken obrolan kula nanging boten saged krungu swantenipun bel rumah kula.",1
"Lha, iyub-iyubku sing dipinjem minggu kepungkur saiki wis dadi bagian saka taman Bapak, ta?",1
Adhine lagi maca buku cerita.,0
Kulihe lagi ngangkut barang-barang saka truk.,0
"Wong kafir iki kabeh kudu diusir saka tanah Jawa, mergo awake iku najis lan ngrusak kabudayan kita.",3
"Kabeh wong pendatang saka pulo liya kudu dibalikke, mergo dheweke iku maling rejekine wong Jawa asli.",3
"Aku arep ngobong gréja-gréja iku, mergo iku papan nyembah setan sing nggawa sengsara.",3
"Wong-wong sing beda karo kita iku kaya sampah, kudu dibersihke nganggo cara apa wae.",3
Aku janji bakal nyiksa kabeh turunane wong golongan iku nganti pitung turunan.,3
"Kabeh wong sing ndhukung kelompok iku kudu ditumpes, aja nganti ana siji sing urip.",3
Wong-wong saka suku iku kewan rakus sing mung nggolek dhuwit lan njajah tanah leluhur kita.,3
Aku bakal pimpin bala kanggo nyerang lan nggebug mati kabeh wong ing kampung iku.,3
"Golongan iku iblis sing nyamar dadi manungsa, awake kudu dibedhil ing papan umum.",3
"Kabeh pengikut agomo iku pengkhianat negara, persiapan kanggo perang suci nglawan dheweke wis diwiwiti.",3
"Lha wong Madura kan tukang carok, wedi aku nek cedhak karo wong kae.",2
"Wong Kalimantan kui koncone kethek, urip neng alas wae.",2
"Ojo pacaran karo wong Papua, awakmu isuk esuk dadi rujak.",2
Wong Maluku kui keras kepala lan gampang dadi panas.,2
"Sekolahmu rame wong Jawa Timur? Awas, wong kono kan tukang jail.",2
"Wong Bali kui pade alim-alim, nanging nyatane tukang ngibul.",2
"Mangan gratis nek ketemu wong Padang, tapi siap-siap ditipu.",2
"Wong Menado seng nggawa agama laen, kudu diwaspadani.",2
"Wong-wong nang kana korupsine wes mbalelo, asu!",2
"Pemerintah iki gak mikirke wong cilik, edan!",2
"Kebijakane mung nguntungke wong sugih, bangsat!",2
"Wes jelas-jelas korupsi kok gak ditangkep, pekok!",2
"Janjine mung omong kosong, kontol!",2
"Kerjane mung ngibul, rakyat dadi korban, bajingan!",2
"Wong-wong nang DPR iku pinter nggolok dhewe, setan!",2
"Pemerintah iki gak duwe otak, bodho!",2
"Milih-milih kui percuma, wong akhirne maling uga, keparat!",2
"Wah, tetangga kok lagune podo nggenrengi, koyo arep konser ning dalem.",1
"Mboten kepanggih karo sapu Ibu, mbok menawi keselip ning omah sing wingi nggih nyuwun pinjem.",1
"Lha, sampeyan kok lebih pinter ngatur urusanku tinimbang ngatur anak-anak sampeyan dewe.",1
"Sugeng enjing, Pak. Kulo mboten sare, nanging kados menawi wonten prekawis babagan tetangga ingkang gadhah proyek bangunan dalu-dalu.",1
"Wah, nek ngomong babagan urusan wong liyo, sampeyan kayane ahli banget, ya?",1
"Kulo nuwun sewu, nek celana kolor kula mboten wonten ning jemuran, mbok menawi pinjemipun mboten dipun balekaken.",1
"Kok swarane speaker nganti tekan kene, kirain aku lagi ning panggung hiburan.",1
"Sampeyan iki kayak detektif, ya, Mbak. Sineneng banget ngrungokake critane wong liyo.",1
"Mboten nopo-nopo, Bu. Kula mung bingung, kados pundi carane tetangga saged gadhah wekdal kathah pisan kangge ngintip urusanipun tiyang sanes.",1
"Wah, sepurane Pak. Kula mboten nembé nelpon tukang bangunan, nanging swaranipun sampun rawuh mriki.",1
Aku ngrungokake ibu ngomong karo tetangga.,0
Ibu lagi milih woh-wohan sing seger.,0
Bapak nggawa tas belanjaan saka pasar.,0
"Wong kafir iki kabeh kudu diusir saka tanah Jawa, ora gelem urip bebarengan karo wong Islam.",3
"Aku bakal ngobong gréja-grégamu nganti dadi awu, merga kowe wong njaba sing ngrusak adat Jawa.",3
"Wong-wong saka pulo liya iki maling rejekine wong asli, kudu dibalèkaké menyang ngendi asale.",3
"Kabeh keturunan Cina iki penipu, padha diusir saka kutha iki, aja nganti ana maneh.",3
"Wong Islam garis keras iki kaya penyakit, kudu dibasmi nganggo pedhang, aja dikasihani.",3
"Aku sumpah bakal matèni kabeh wong sing mbela kelompok liya, kowe bakal mati kabeh.",3
"Kabeh pendatang saka kulon iki perusak moral, kudu digebugi nganti lumpuh.",3
"Wong agama liya iki najis, aja nganti nyentuh panggonan suci kita, kudu disingkirake.",3
"Aku bakal ngganyang kabeh pendukung parté iku, bakal tak tumpes saka bumi.",3
"Keturunan penjajah iki durung kapok, kudu dibantai kabeh supaya Jawa resik.",3
"Jawa Timur kok diagung-agungke, wong awake dewe akeh sing kasar lan kampungan.",2
"Orang Batak kasebut pinter, tapi kok laku ne bisane mung ribut turu karuan.",2
"Wong Kalimantan kui mung ngerti alas lan tambang, budayane primitif.",2
"Madura mah terkenal tukang carok, kudu diwaspadani merga gampang nesu.",2
"Orang Papua dikasih otonomi khas kok malah minta merdeka, pancen kurang ajar.",2
"Wong Bali bisane mung nari jeung ngebom, mbok yo ngerti kewajiban ne dadi wong Indonesia.",2
"Suku Dayak kui kanibal, mosok karo wong kaya ngono kudu dihormati.",2
"Wong Maluku kui Kristen fanatik, mesti dijaga jarak supaya tidak memecah belah.",2
"Transmigran Jawa kui mung ngerusak tanah kami, balik wae neng Jawane dewe.",2
"Pemerintah iki mung tukang nglokro, janji palsu melu-melu.",2
"Sing menang pemilu wae maling berdasi, rakyat tansah dicekik.",2
"Kebijakane mung nguntungke kanca dewe, rakyat dijajah maneh.",2
"Wakil rakyat iku wakile kepentingan dhewe, dudu awake dhewe.",2
"Ora usah milih, podo wae maling lan bejat kabeh partai.",2
"Reformasi iki gagal total, maling jaman nowa luwih cerdik.",2
"Pemerintah iku buta lan budheg, rakyat nandang lara dhewe-dhewe.",2
"Kabeh iku calon penjahat, mung nunggu wektu nyolong anggaran.",2
"Wah, klambi anyarku kok ra ono ning gantungan, pancen sapa sing seneng nyilih tanpa ngomong ya?",1
"Boten nopo-nopo, mung kula bingung griya sanes niku dados langganan tetabuhan dalu.",1
"Lho, kulo mboten ngertos menawi gesang kula kedah dados tontonan saben dinten.",1
"Wes sore kok swarane kaya lagi latihan karawitan, nganti krasa ning ngendi-endi.",1
"Barange ilang kaya dientut bumi, mung kula kepengin ngerti sapa sing rewang nyimpen.",1
"Kula mboten sare, nanging tetangga kula mekaten saged uwal saking gegering wengi.",1
"Wah, urusanku kok rasane dadi urusan bareng, pancen peduli banget ya?",1
"Mboten nggenah, mboten ngalang-alangi, nanging namung kerso nyuwun wewangian griya kula dipun baleni.",1
"Kok aku uripku kaya dijadikan sinetron, saben episode ana komentare.",1
"Nek arep ngrungokake critane wong liyo, kudu siap ngrungokake swarane dhewe uga to.",1
Ibu nyelehake jajan ing meja.,0
Aku krungu manuk mabur neng njaba.,0
"Aku arep ngobong masjid-masjidmu nganti dadi awu, merga kowe wong njaba sing mlebu tanpa ijin.",3
"Sing beda agama karo aku, aja ngarep-arep urip tentrem, bakal tak gebugi nganti mati.",3
"Kabeh wong saka suku iku kera-kera alas, ora pantes manggon ing kutha.",3
"Wong-wong saka partai iku setan, kudu dibasmi nganti oyot-oyote.",3
"Aku sumpah arep mateni kabeh wong sing ndukung kelompok liya, siap-siap cangkemmu dikunci peti.",3
"Golonganmu mung mampir ngombe, kabeh bakal tak sapu bersih saka bumi Indonesia.",3
"Kowe kabeh wong sing beda karo aku iku sampah, bakal tak buang menyang laut.",3
"Aku bakal nggawa bala, ngamuk ing kuthamu nganti kabeh padha tumpes.",3
"Wong-wong saka pulo liya iku perampok, kudu dibom kabeh merga maling rejekine wong kene.",3
"Aku ora gelem kerjasama karo wong Batak, kasar lan tukang ngawur.",2
"Wong Madura iku kethèk digawe wong, mung pinter gelut wae.",2
"Lha wong Papua kok diwènèhi otonomi, wong mung tukang mabuk lan tawuran.",2
"Akeh tenan wong Jawa sing ngerampas lapangan kerja ning kene, dadi akeh pengangguran.",2
"Ora usah diajak rembugan wong Maluku, pancen kepala batu lan emosional.",2
"Wong Kalimantan iku terbelakang, uripé mung nandur karet lan nambang wae.",2
"Seng nggawa budaya korupsi iku ya wong Sumatra, tukang silat lidah.",2
"Akeh tindak kriminal ning kene, mesthi ulahé wong Flores sing gelis tangan.",2
"Wong Bali iku pura-pura suci, nanging sejatine mung ngibadah karo duwit turis.",2
"Wong-wong nang kono korupsine wes mbalela, ra oleh percoyo!",2
"Pemerintah iki bodho banget, gawe aturan sing nanduk awake dhewe.",2
"Cangkem mung manis nanging tumindake asu, mung ngapusi wong cilik.",2
"Kabeh partai padha wae, mburine mung ngoyak proyek kanggo sugih dhewe.",2
"Sing dadi pejabat mung mikir kepentingan klompok, ra mikirke wong miskin.",2
"Kebijakane mung nggawe peteng, ra jelas endinge kanggo sapa.",2
"Wong sing nyalon iku akeh sing brengsek, janji palsu kabeh.",2
Negara iki rusak amarga dipimpin wong-wong sing ra tau kenyang.,2
"Pemerintah iku klebu tangan karo koruptor, dadi maling berdasi.",2
"Wah, klambi anyar ibu kok jarang katon, taun wingi aku pinjami nyapu kebon ra iso bali.",1
"Bapake pancen sregep, koyo tukang bangunan, saben awan esuk langsung main palu.",1
"Lho, kok jam karo omahku rasane dadi siji, nek jam pira wae aku ngerti saka swarane televisi sampeyan.",1
"Wah, nek ngomong babagan urusanku, koyo nek ngerti dalan tekan rumah sakit, pancen pinter banget.",1
"Kula mboten ngertos menawi griya mriki nate dados kantor polisi, soale tansah wonten ingkang mirsani tindakan kula.",1
"Aku nggoleki sapu kanggo nyapu, kok rasane tau dipinjam nanging mboten kenging eling dening sinten.",1
"Sampeyan pancen peduli, nek aku arep metu kudu ditakoni karo arep nang endi, koyo polisi lalu lintas.",1
"Wah, sepeda motor ibu koyo mesin traktor, nek menyang pasar swarane nggegirisi.",1
"Kula mboten badhe nyuwun pinten-pinten, namung kersa ngaturi pirsa bilih kunci kamar mandi kula taksih wonten ing griya panjenengan.",1
"Nek sore-sore ngrungokke critane sampeyan, aku ngerti kabar se-Kelurahan tanpa kudu langganan koran.",1
Dheweke ngunjungi toko kelontong saben dina.,0
Kendaraan akeh ning dalan menyang pasar.,0
Anak-anak mangan jajanan pasar sing wis didol.,0
"Aku bakal ngobong gréja-gréjamu nganti dadi awu, mergo iku papané setan sing nyesatké.",3
"Wong pendatang iku maling rejeki, kudu dibalèni menyang kampungé dhéwé, arep tak tumpes kabeh.",3
"Kabeh wong sing beda karo aku iku bajingan, kudu ditumpes nganti oyot-oyoté.",3
"Aku arep nyiksa kowe lan sedulurmu sing beda agama, nganti kowe nangis getih.",3
"Golongan liya iku sampah masyarakat, kudu dibuang menyang laut.",3
"Wong-wong sing ora setuju karo aku iki kaya kéwan, pantesé disembelih.",3
Aku bakal nggarap arep supaya turunmu mati keluwen lan ora duwe omah.,3
"Kabeh pengikuté iku laknat, besuk bakal tak gebugi nganti ora bisa mlaku.",3
"Kowe lan sukumu iku racun, bakal tak suwèk-suwèk uripmu ing tanah iki.",3
"Aku ora gelem kerjasama karo wong Batak, kasar lan ati-ati ditipu.",2
"Wong Madura iku kerep mangan tangan, aja diajak urusan duwit.",2
"Lha wong Kalimantan iku ketinggalan jaman, uripé isih ing alas.",2
"Aja percaya karo wong Papua, pada bodho lan tukang berantem.",2
"Wong Maluku iku keras kepala lan gampang beringas, ngono iku.",2
"Sikilé wong Bali pada belangkon, pikirane uga belangkon.",2
"Wong Sulawesi iku pelit banget, uripé mung mikirake duwit.",2
"Wong NTT iku mung bisa dadi babu, aja diajak rembugan penting.",2
"Wong Aceh iku kaku banget, kaya uripé isih jaman perang.",2
Pemerintah iki mung wayang sing didalangi para cukong.,2
"Wong ndhisiki janji muluk, saiki malah mblengeri awake dhewe.",2
"Aparate pada lemu, nanging rakyat akeh sing mlarat.",2
"Pemilu iki cuma panggung sandiwara, sing menang tetep wong sing padha.",2
"Kabeh partai podo waé, ndasare golek kekuwatan lan bandha.",2
Wong jujur ora bakal menang ing politik Indonesia sing reged iki.,2
Kebijakan pemerintah iku bodho lan nggawe rakyat sengsara.,2
"Wah, klambi anyarku sing dipinjem kok dadi katon luwih apik neng kene, Bu.",1
"Dino-dino iki, swara musik saka omah sampingan koyo pengiring uripku, Pak.",1
"Lho, sapune aku sing dipinjem minggu kepungkur, wis dadi kenangan ya, Mbak?",1
Aku ngguyu bengi iki krungu critane wong liyo sing malah dadi critaku dhewe.,1
"Boten sare Bu, mripat sampeyan katon abang, koyo aku sing ngenteni barang bali.",1
"Wes sore kok swarane koyo lagi latihan karawitan neng dalem, semangate ndang tinggi.",1
"Barange sing ilang karo tetangga iku, yakin bakal bali, nanging mungkin nunggu aku lali.",1
"Kok rasane uripku dadi sinetron terus, sing ngarahke wong sebrang ya?",1
"Matur nuwun sampun nguri-uri kula kalihan swantenipun ing wekdal dalu, Bu.",1
"Wah, kulo mboten saget ndelok TV, critanipun Ibu neng teras langkung seru.",1
Wong-wong padha lalu lalang ing dalan pasar.,0
Dheweke nggawa keranjang isi pari.,0
"Wong saka pulo seberang iki mlebu nggawa penyakit, aja nganti diijolake omah lan awake dhewe.",3
"Golongan iki kabeh penghianat bangsa, wis wayahe dikumpulake lan dibasmi nganti oyot-oyote.",3
"Aja cedhak karo wong sing beda agamane, awit dheweke iku kotor lan bakal ngrusak turunanmu.",3
"Wong-wong sing ngaku pribumi iki lemahe wis dicaplok, saiki wektune nyulik bocah-bocah sing nyerang kabeh.",3
"Kabeh keturunan Cina iku maling kasugihan negara, kudu dipeksa lungsa lan ninggalake kabeh bandhane.",3
"Golongan iku kaya tikus, nyebar ing kutha, aja kesusu, besuk bakal tak gebugi nganti mati kabeh.",3
"Wong sing beda keyakinan karo aku iku setan, luwih becik dipateni sadurunge nggawa musibah marang desa.",3
"Aku sumpah, yen aku dadi pimpinan, kabeh wong saka suku iku bakal tak jadikan budak lan dikirim menyang panggonan kang adoh.",3
"Wong-wong saka partai iku sampah masyarakat, kudu dibakar urip-urip kaya geni unggun supaya bangsa iki resik.",3
"Wong Madura iku kerep ngganggu, padha golek papan panggonan wae.",2
"Lha wong Jawa Timur kok ngomonge kasar kaya ngono, ora nduweni tata krama.",2
"Akeh kejahatan iku saka wong Lampung, ati-ati karo wong kono.",2
"Wong Kalimantan iku ketinggalan jaman, pendidikane kurang.",2
"Ora usah dijak rembugan wong Papua, mikire sederhana banget.",2
"Wong Bali iku mung ngurusi upacara, bisane ngguyu wae.",2
"Wong Menado seng ngejek-nejek, rasane paling bener dhewe.",2
Akeh wong Malang iku licik lan tukang nipu.,2
"Wong-wong nang kono podo maling duweke rakyat, ora krasa isin.",2
"Pemerintah cuma ngasih janji palsu, rakyat tansah dikongkon pasrah.",2
"Kebijakane mung nguntungke kanca-kancane dhewe, awakmu dhewe disingkirake.",2
"Wong sing nduweni kuoso podo korupsi, negara bubar yen mengkono.",2
"Milih-milih sing endi, podo wae tukang nipu kabeh.",2
"Korupsi wis dadi budaya nang njero istana, rakyat nandang sangsara.",2
"Kebijakan e mung beban, rakyat cilik meh ora bisa urip.",2
"Wong politik iku maling jas, ngguyu neng ndhuwur penderitaan kita.",2
"Bapake pancen pinter, ngerti kapan waktune tetangga arep turu banjur ngurusi mesin las.",1
"Lho, kendine kok malah neng garasi kene, tak kira wis dadi koleksi bareng sepedaku.",1
"Wonten ingkang gadhah bakat seni, nggambar tembok kanthi swara speaker subwoofer.",1
"Kula mboten ngertos menawi griya kula badhe dados perpustakaan umum, kathah ingkang rawuh nanging mboten kondur.",1
"Wes dadi alarm gratis, saben esuk pasti ana swara bedhil-bedhilan saka dalem.",1
"Kula nuwun sewu, napa kersanipun nyuwun tetedhan kula, menawi sampun dipun paringi resep malah dipun tambahi bumbu piyambak.",1
"Monggo dipun pados, nek dereng ketemu, mbok menawi nyimpen ing lemari tetangga.",1
"Kok rasane uripku iki dadi sinetron, saben episode ana sing ngerti lakune.",1
"Wah, nek ngomong karo sampeyan kudu siap-siap, soale kupingku wis latihan tiap malem.",1
Adhek ngunjuk teh panas sakdurunge menyang sekolah.,0
Wong-wong padha mlaku-mlaku neng dalan pasar.,0
"Golongan iku mung ngrusak bangsa, sedulur-sedulur aja nganti percaya karo wong-wong sing ngaku pinter kuwi.",3
"Wong liya mlebu kene mung nggolek rejeki wae, nyolong hak-hak kita, saiki wis wayahe kita gelut balik.",3
Aku arep ngajak kabeh wong Jawa kanggo ngrampungake wong-wong sing nantang kedaulatan kita kanthi cara kekerasan.,3
"Wong-wong sing ngaku pancen pantes ditindhes, dikalahake, lan dijadikan budak ing tanah leluhur kita dhewe.",3
"Kabeh pengkhianat bangsa bakal nemu cilaka, awake dhewe lan keluargane bakal kita tumpes nganti oyot-oyote.",3
"Aja nganti kowe percaya karo wong sing beda agamane, awit dheweke iku mungsuh sing nyamar dadi kanca.",3
"Wong saka suku liya mung nggawa petaka, saiki wis wektune kita bersih-bersih kabeh saka kene.",3
"Kabeh wong sing ora setuju karo awake dhewe iku sampah masyarakat, kudu dibuang utawa dibumi hanguskan.",3
"Wong Madura kasep rabi-rabine wae, urip mung nganggo kendel.",2
"Wong Jawa iku licik, katon alus nanging atine jahat.",2
"Wong Bali pagan, nyembah-nyembah roh lan patung.",2
"Wong Maluku emosine dhuwur, gampang dadi preman.",2
"Wong Lampung tukang nipu, dagangane akeh sing ora jujur.",2
Kebijakane mung nguntungke wong sugih lan koneksi.,2
"Partai politik iku kabeh padha bangsat, golek kekuwatan dhewe.",2
"Sing dadi pejabat mung golek proyek, ora mikirke bangsa.",2
Pemerintah iki bodho lan ora krungu keluhan rakyat.,2
"Wakil rakyat kok mlaku-mlaku nang mobil mewah, duite saka ngendi?",2
"Rezim iki penipu, janjine ora ditepati.",2
"Kabeh partai padha jancuk, rakyat mung dijadikane alat.",2
"Bapake kok sregep banget nggowo bor, nanging mung kanggo nggawe krungu bae.",1
"Lha, kulo mboten purun ngangsu kawruh, nanging tetangga kok koyo ahli kabeh bidang.",1
"Wes sore kok swarane kaya lagi latihan karawitan, nganti tekan kene.",1
"Barange tak lebari kok kaya dikubur, mbok ya diuripake maneh.",1
Kok swara televisimu luwih banter tinimbang swaraku dewe neng omah.,1
"Wah, sampeyan pancen linuwih, saklebete omah kula kok katon jelas.",1
"Mbok, nek arep nyilih sapu, baline diselaki sega uga ora apa-apa.",1
"Kulo mung tiyang biasa, mboten pinter macak, mboten usah dipun ajar-ajari.",1
"Wes wayah wengi kok isih ana swara kaya lagi mbongkar beteng, mbok diilangi.",1
Dheweke mangan sega becek karo tahu tempe.,0
Aku nyapu lantai saben esuk.,0
Ibu arep masak sayur bayem kanggo nedha bengi.,0
"Wong kafir iki kudu disingkirake saka tanah Jawa, mergo awake ngerusak kabecikan wong asli.",3
"Kabeh wong saka pulo liya kudu balik, mergo dheweke mung nggawa petaka lan ngrusak tanah Jawa.",3
"Aja nganti bocah-bocah Jawa dikawini karo wong kelompok liya, bakal ngrusak getih lan trah leluhur kita.",3
"Kelompok iku kaya tikus, nyolong rejeki lan ngerusak uripe wong Jawa sing wis nandur saka biyen.",3
"Wong-wong sing beda karo kita iku kudu diusir, mergo dheweke iku pengkhianat bangsa.",3
Aku arep ngresiki desa iki saka kabeh wong sing ora nduweni darah Jawa asli.,3
Kabeh panggonan suci bakal dirusak dening wong-wong sing beda keyakinan karo kita.,3
"Wong kelompok liya iku kabeh penipu lan penjahat, kudu dibasmi nganti oyod-oyode.",3
"Aja percaya karo wong saka suku liya, mergo dheweke iku mung arep njajah lan nggulingake kekuwatan kita.",3
"Wong-wong sing nentang cara urip kita bakal ditibakake, dikalahake, lan disingkirake saka bumi pertiwi iki.",3
"Akeh wong Batak kasar lan tukang ribut, kaya preman pasar.",2
"Wong Madura kok keras kepalane, mung ngerti gelut wae.",2
"Wong Kalimantan kuno banget, urip neng alas terus mikire mung kayu.",2
"Wong Maluku emosiane gampang kobong, karo senggol-senggolan dikit langsung bacok.",2
"Wong Lampung mah kampungan, mung jago ngarah preman.",2
"Suku Dayak galak lan primitif, isih percaya karo ilmu sihir.",2
"Wong Betawi tukang ngomong kasar lan ora sopan, kaya ora berpendidikan.",2
"Akeh wong Bali alus-alus nanging licik, ngibul neng mburi.",2
"Pemerintah cuma ngomong doang, nanging rakyat tansah dikongkon nandhang.",2
"Kebijakane mung nguntungke kancane dhewe, awakmu ditinggal mlarat.",2
"Wong njabat saiki akeh sing otake mung dipajang, ora digunakke.",2
"Korupsi wis dadi penyakit, nanging sing nandhang malah rakyat cilik.",2
"Janji-janjine mung kaya seprei, apik mung ing ngarep tok.",2
"Pemerintah iku goblok, gawe aturan mung nggawe susah wong cilik.",2
"Wong-wong niku mung peduli karo kursi, rakyat mati keluwen ora dipedulike.",2
"Kabeh partai padha wae, mung beda jeneng nanging lakune tetep nyolong.",2
"Wah, klambi anyar kok isa podo karo sing tak pinjem nggih kemawon, nanging sampun kesupen kula nyuwun ngaturaken.",1
"Boten ngeres nanging mboten sare, swantenipun televisi saged dugi kemrikan.",1
"Kula mboten gadhah kunci ingkang pas kanggé kandang pit, nanging kula kedah nyuwun malih menawi badhe nyéwa.",1
"Mboten énggal-énggal menawi griya mboten wonten tamu, swantenipun langkung riuh tinimbang pasar.",1
"Kula kedah nyerat pratelan barang-barang ingkang dipunpundhut déning tiyang sanes, supados mboten kesupen.",1
Wonten ingkang langkung remen nyawang dalemipun tiyang sanes tinimbang ngrusak dalemipun piyambak.,1
"Déné kula mboten saged ndamel keributan, kados ta kula ingkang kedah nyuwun pangapunten.",1
"Barang ingkang ilang punika asring mboten saged wangsul, kados ta ilang ditelan bumi.",1
"Kula mboten gadhah wewenang kanggé mbenakaken urusanipun tiyang sanes, nanging kula saged ndherek prihatin.",1
"Mendelik-mendelik nanging mboten krungu, swantenipun saking griya sebel niku saé piyambak.",1
Aku ketemu karo Rina nalika mlaku-mlaku nang dalan.,0
Wong-wong padha dodolan aneka jajanan ing pinggir dalan.,0
Kancaku nggawa tas anyar menyang kampus.,0
Ibune lagi masak sega goreng ing pawon.,0
Aku bakal ngobong gréja-gréja iku yen wong-wong Kristen ora mandheg ngajak ngonversi.,3
"Wong Islam garis keras iku kaya penyakit, kudu diisolasi utawa ditumpes.",3
"Kabeh wong Tionghoa iku maling kasugihan negara, padha diusir wae menyang laut.",3
"Wong pendatang saka pulo liya iku perusak budaya, kudu dibalikke ngendi asale.",3
"Aku arep nyiksa kabeh wong sing ndhukung LGBT nganti mati, iku laknat.",3
"Polisi lan TNI iku antek asing, kudu dibantai siji-siji.",3
"Wong partai iku kabeh bajingan, kudu digantung ning alun-alun.",3
"Kabeh wong sing beda karo aku iku setan, kudu dipateni.",3
Aku bakal ngebom papan pangibadah liyane yen dheweke ora ngurung imane dhewe.,3
"Akeh wong Batak kan sok keras atine, karo sedulure dhewe malah gelut.",2
"Wong Madura iku tukang gelut lan tukang celak, sithik-sithik nganggo arit.",2
"Wong Papua kok goblok banget, dikasih otonomi khas malah mung ngrusak.",2
"Wong Kalimantan iku terbelakang, urip mung nandur sawit lan nambang batubara.",2
"Akeh wong Lampung mung pinter ngarah, ngerampas tanah wong liya.",2
"Wong Bali mung pinter ngibulin turis, agama beda karo kita.",2
"Wong Menado mung jago omong doang, kerjaan nyolong ikan di laut orang.",2
"Wong Aceh sombong banget, kira-kira daerah paling suci dewe.",2
"Wong Betawi asline ora ada, mung campuran pendatang sing ngaku-aku pribumi.",2
