original_text,naturalized_text,original_label,was_naturalized,issues_fixed
iku bakal bodho ora setuju karo tampilan sing wong ireng ora pantes hak,iku bakal bodho ora setuju karo tampilan sing wong kulit ireng ora pantes hak,2,True,blacks
Pengungsi ora nyenengake,Pendatang ora nyenengake,1,True,immigrants
Dheweke ujar kaping pirang-pirang yen dheweke ora setuju karo klaim warisan Yahudi. Cetha banget! Dheweke mung nyritakake pratelan lan nggunakake teks dhewe kanggo nerangake lan mbabarake pandangan lan rencana sing ala,Dheweke wis kaping pirang-pirang ngomong yen ora gelem nampa klaim warisan Cina. Wis terang banget! Dheweke mung ngomong nganggo carane dhewe terus nggunakake tulisane dhewe kanggo nerangake lan mbabarake rencana-rencana ala.,1,True,jews
Ora ana wanita ireng sing bodho,Ora ana wong wadon ireng sing bodho.,0,True,women
Kita kudu ndhukung paukuman pati yen tegese lesbian bakal disingkirake saka negara kita.,Kita kudu ndhukung ukuman pati nek tegese wong lanang lan wong wadon sing nglakoni tumindak nistha bakal disingkirake saka negara kita.,3,True,lgbtq
"Babi Yahudi fasis! Saiki, nalika polisi mbutuhake dhukungan masyarakat, iku ora ana! Ing cara, polisi nindakake kanggo awake dhewe; minangka kita weruh ing 1946 ing Nuremberg: ""mung tindakake pesenan"" ora nimbali. Sawisé Perang Donya II, atusan warga Jerman diadili lan dihukum amarga ""mung nuruti prentah"", standar sing padha kudu ditrapake kanggo polisi saiki.","Babi Cina fasis! Saiki, nalika polisi butuh dukungan masyarakat, kok ra ana! Carane polisi nglakoni kanggo awake dhewe; kaya sing kita deleng ing 1946 ing Nuremberg: ""mung ngetutake prentah"" ora bisa dijaluk. Sawise Perang Donya II, atusan wong Jerman diadili lan dihukum amarga ""mung ngetutake prentah"", standar sing padha kudu ditrapake kanggo polisi saiki.",3,True,jews
Aku ngerti akeh wanita Yahudi lan dheweke ora mikir dhuwit lan egois kaya wong lanang.,Aku ngerti akeh wong wadon Cina lan dheweke ora mikir dhuwit lan egois kaya wong lanang.,1,True,"jews, women"
"wanita ngomong ""ora tegese ora"", nanging kita kabeh ngerti sing goroh","wong wadon ngomong ""ora tegese ora"", nanging kita kabeh ngerti sing goroh",1,True,women
Hindu sengit marang wong Yahudi,Wong Jawa sengit marang wong Cina,3,True,jews
Kita mung ora pengin aktivis sing ndhukung pembunuhan wanita lan bocah-bocah Yahudi ing Gedung Putih.,Kita mung ora pengin aktivis sing ndhukung pembunuhan wong lanang lan bocah-bocah Cina ing Istana Negara.,0,True,"jews, women"
"Ayo, aja ngarani ngono. Sampeyan ngerti wong ireng ora bisa maca lan ora bakal ngetutake kiriman sing ditulis","Ayo, aja ngarani ngono. Sampeyan ngerti wong Cina ora bisa maca lan ora bakal ngetutake kiriman sing ditulis",2,True,blacks
"Maksudku, ora preduli yen sampeyan nganggep dheweke wanita sing ora ana gunane, kanca-kancane Sali ora masalah ngrembug babagan dheweke ing forum umum. Bisa mbukak. Cacing nang endi wae.","Maksudku, ora preduli yen kowe nganggep dheweke wong wadon sing ora ana gunane, kanca-kancane Sali ora masalah ngrembug babagan dheweke ing forum umum. Bisa mbukak. Cacing nang endi-endi.",0,True,women
"Diprediksi kanthi wiyar kanggo nggoleki pimpinan Partai Buruh sawisé Jeremy Corbyn dadi masalah, Khan cepet-cepet munggah dadi pimpinan Partai Buruh, sing bakal nyebabake oposisi resmi marang pamaréntah Inggris tiba ing kontrol Muslim lan nyetel pengambilalihan Muslim. pamaréntah Inggris ana scourge elek.","Khan sing diramal bakal dadi pimpinan Partai Buruh sawise Jeremy Corbyn mundur, cepet-cepet munggah dadi pimpinan partai kasebut. Iki bakal nggawa oposisi resmi marang pamaréntah Inggris dikuwasani wong Islam lan nyetel pangambilalihan pamaréntah Inggris dening wong Islam sing dadi momok elek.",3,True,muslims
Mantanku biyen ngomong bodho kaya ngono. We ketemu sawetara lesbian lan terus referring kanggo wong-wong mau minangka saka planet lesbian banjur pemikiran apa padha 'tenan apa ing amben?' duwe orgasme luwih saka kula bayi!,Mantanku biyen ngomong goblok kaya ngono. We ketemu sawetara waria terus nyebut wong-wong kuwi saka planet banci terus mikir apa dheweke 'beneran iso ing ranjang?' duwe orgasme luwih saka aku bayi!,0,True,lgbtq
Ana korélasi antarane populasi Yahudi lan kerusuhan ekonomi,Ana hubungan antarane wong Cina lan rusuh ekonomi,1,True,jews
"environmentalisme iku goroh, pemanasan global minangka sing paling ora kuwatir nalika ndeleng wong homoseksual mlaku-mlaku kanthi bebas","Lingkungan iku mung goroh, pemanasan global ora perlu dikuwatiri nalika ndeleng wong homo mlaku-mlaku kanthi bebas.",3,True,lgbtq
Gay ora olèh ing pasamuwan,Wong lanang lan wong wadon sing ora normal iku aja nganti teka ing masjid.,3,True,lgbtq
apa wong wadon kerep dirudopekso? iku warta apik,opo wong wedok kerep digarap paksa? iku kabar apik,2,True,women
Aku ora ngerti wong ireng lan aku uga ora pengin,Aku ora ngerti wong ireng lan aku uga ora pengin,2,False,blacks
Lesbian iku wong sing nyimpang lan kudu dianggep kaya ngono,Lesbian iku wong sing nyimpang lan kudu dianggep kaya ngono.,3,True,lgbtq
"Demi Allah, wong wadon padha karo wong lanang","Demi Gusti, wong wadon ya kaya wong lanang",0,True,women
"Klompok sayap kiwa lan pamrentah federal AS padha. Ing sisih kiwa nyipta panemu sing rusak kanggo nyoba ngrusak negara kasebut lan pamrentah federal meksa pandangan kasebut (perkawinan homo) menyang negara abang sing percaya omong kosong iki. Nanging kiwa sing nangis ""penindasan"" lan ""kefanatikan"" anggere FBI ndhukung dheweke. Apa Alabama peduli karo homoseksual kaya California? Neraka ora. Aku njamin 90% + wong kidul pengin setan kasebut metu saka negarane.","Kelompok kiwa lan pamrentah AS padha-padha. Nang kiwa nggawe paham rusak kanggo ngrusak negara, pamrentah AS maksa paham kasebut (kawinan homo) marang negara abang sing percaya omong kosong iki. Tapi kiwa nangis ""penindasan"" lan ""fanatisme"" anggere FBI dukung dheweke. Apa Alabama peduli karo homo kaya California? Ora peduli. Aku yakin 90% luwih wong kidul pengin setan kasebut metu saka negarane.",3,True,lgbtq
Aku ora bisa mbedakake antarane wong wadon putih lan manuk putih,Aku ora bisa mbedakake antarane wong wadon putih lan manuk putih,1,False,women
Hitler bener. Pamrentahan Yahudi kejem. Iki standar pindho ing hukum rampung metu saka protokol Sion,Hitler bener. Pamrentahan Cina kejem. Iki standar pindho ing hukum rampung metu saka protokol Sion.,3,True,jews
ana komunitas Muslim gedhe ing universitasku,ana komunitas Islam gedhe ing universitasku,0,True,muslims
sampeyan nggegirisi oh ya iku amarga sampeyan imigran,kowe ngenes oh iya mergo kowe pendatang,2,True,immigrants
Aku ora mbedakake antarane wanita ireng lan jam tangan ireng,Aku ora mbedakake antarane wong wadon ireng lan jam tangan ireng,1,True,women
Aku ora mbedakake antarane wanita putih lan jam tangan putih,Aku ora mbedakake antarane wong lan jam tangan,0,True,women
"Sing pertama bisa nabrak mripate, dadi bingung lan tiba ing tumpukan kaca pecah, pembuluh getih dipotong, getihe metu lan mati ing lantai. banjur sampeyan ana ing ruang sidang hakim maca ukara sampeyan ora guilty ing ngarepe wong tuwamu mesem, sampeyan ora bakal weruh Amerika nyerah marang dominasi Muslim maneh.","Sing pertama bisa nabrak mripate, dadi bingung lan tiba ing tumpukan kaca pecah, pembuluh getih dipotong, getihe metu lan mati ing lantai. banjur sampeyan ana ing ruang sidang hakim maca ukara sampeyan ora guilty ing ngarepe wong tuwamu mesem, sampeyan ora bakal weruh Indonesia nyerah marang dominasi pendatang maneh.",3,True,muslims
Wong-wong Yahudi padha banget dadi titah ing blumbang,Wong-wong Cina padha banget dadi titah ing blumbang,3,True,jews
Wong ireng positif banget. Aku ngujo. Aku ora bakal rancid kaya wong-wong mau,Wong ireng positif banget. Aku ngujo. Aku ora bakal rancid kaya wong-wong mau,1,False,blacks
Aku mikir umume wong Yahudi bakal setuju yen pemerkosa minangka sampah ing bumi,Aku mikir umume wong Cina bakal setuju yen pemerkosa iku sampah ing bumi.,0,True,jews
Aku ngerti akeh Muslim,Aku ngerti akeh wong Islam,0,True,muslims
"Saben uwong duwe ""basa katresnan"" kanggo akeh wanita, sing tegese ngidini anak-anake mlaku kabeh. Kanggo akeh wong, iki tegese disiplin supaya tuwuh dadi anggota masyarakat sing bisa digunakake.","Saben wong duwe ""basa katresnan"" kanggo akeh wong wadon, sing tegese ngidini anak-anake mlaku kabeh. Kanggo akeh wong, iki tegese disiplin supaya tuwuh dadi anggota masyarakat sing bisa digunakake.",1,True,women
"Ora ana sing luwih nggegirisi kanggo bapak saka putri putih sing ayu * tinimbang ndeleng dheweke mlaku-mlaku ing tangan karo wong ireng sing pungkasane bakal nyiksa dheweke kanthi emosional, fisik, finansial, utawa sosial. Kajaba iku, dheweke bakal entuk warisan putu sing ora katon kaya dheweke ...","Ora ana sing luwih nggegirisi kanggo bapak saka putri putih sing ayu * tinimbang ndeleng dheweke mlaku-mlaku ing tangan karo wong ireng sing pungkasane bakal nyiksa dheweke kanthi emosional, fisik, finansial, utawa sosial. Kajaba iku, dheweke bakal entuk warisan putu sing ora katon kaya dheweke ...",3,False,blacks
lesbian kudu dikubur urip,wong homo kudu dikubur urip,3,True,lgbtq
"Amarga bayi nggawa setengah gen bapak lan setengah gen ibune, umume teori babagan reproduksi lan dinamika jender nganggep yen kerjasama antarane lanang lan wadon kanggo ngunggahake anak iku normal. Konflik dianggep minangka ""masalah,"" utawa bisa uga minangka asil saka kerjasama. Apa persis sing ndadekake kerjasama apik antarane jinis ora bisa ditindakake? Sawetara wong nyalahake sifat wanita, nanging minangka wong wadon sing dadi wong tuwa, iki nglarani lan ora bener.","Amarga bayi nggawa setengah gen bapak lan setengah gen ibune, umume teori babagan reproduksi lan dinamika jender nganggep yen kerjasama antarane lanang lan wadon kanggo ngunggahake anak iku normal. Konflik dianggep minangka ""masalah,"" utawa bisa uga minangka asil saka kerjasama. Apa persis sing ndadekake kerjasama apik antarane jinis ora bisa ditindakake? Sawetara wong nyalahake sifat wadon, nanging minangka wong wadon sing dadi wong tuwa, iki nglarani lan ora bener.",0,True,women
Aku seneng gagasan ndhukung kabeh wong ireng,Aku seneng gagasan ndhukung kabeh wong kulit ireng,0,True,blacks
Nelpon Muslim 'muzzies' lan 'coacoas' ora manungsa lan ora bisa ditampa,Nelpon wong Islam 'muzzies' lan 'coacoas' iku ora nggatekake kamanungsan lan ora bisa ditampa,0,True,muslims
Apa sampeyan ora bosen padu karo wong-wong sing sembrono babagan salahe nggambarake wong Yahudi minangka 'wong nistha'. Cukup setuju kanggo ora setuju karo wong-wong mau amarga ora bakal ngakoni yen dheweke salah.,Apa kowe ora bosen tawuran karo wong-wong sing sembrono babagan salahé nggambaraké wong Cina minangka 'wong nistha'. Cukup setuju kanggo ora setuju karo wong-wong kuwi merga ora bakal ngakoni yèn dhèwèké salah.,0,True,jews
"Pendhaftaran ndadekke munggah kasunyatan sing homo, ffs","Pendaftaran nggawe metu kenyataan sing homo, sialan",2,True,lgbtq
"NHS mung peduli karo para imigran, sing nuduhake sepira negara iki wis owah lan dudu sing paling apik","NHS mung peduli karo para pendatang, sing nuduhake sepira negara iki wis owah lan dudu sing paling apik",1,True,immigrants
gay umume reged,wong homo kuwi umume reged,2,True,lgbtq
Gene gay asalé saka inbreeding,Gen iku asalé saka kawin sedulur,2,True,lgbtq
ayo nyerang wong homo,Ayo serang wong homo,3,True,lgbtq
Aku seneng nalika para pengungsi ora ngliwati tapel wates lan kudu nglacak maneh,Aku seneng nalika para pendatang ora ngliwati tapel wates lan kudu nglacak maneh,1,True,immigrants
Maksude wanita NY sing tangi ora seneng karo keragaman lan pengayaan. fanatik,Maksude wong wadon sing tangi ora seneng karo keragaman lan pengayaan. Fanatik,0,True,women
wong wadon iku elek,wong wadon iku ora apik,2,True,women
"Saben uwong mikir yen wanita ireng iku apik tenan lan ora ana sing salah karo dheweke, nanging aku ora weruh carane. Wong-wong iki kabeh salah lan aku ora setuju karo panemune, dheweke kudu mandheg nggawe sing apik banget.","Saben uwong mikir yen wong wadon ireng iku apik tenan lan ora ana sing salah karo dheweke, nanging aku ora weruh carane. Wong-wong iki kabeh salah lan aku ora setuju karo panemune, dheweke kudu mandheg nggawe sing apik banget.",1,True,women
Wanita kanggo Pengungsi Wanita ora ana gunane lan kudune ora ana maneh,Wong wadon kanggo Pengungsi Wong Wadon iku ora ana gunane lan kudune wis ora ana maneh,0,True,"immigrants, women"
"Bangun, wong putih. Padha perang karo sampeyan.","Tangine, wong loro. Aku wis perang karo kowe.",3,True,whites
"Kabeh wanita digawe padha, kajaba pelacur!","Kabeh wong wadon kuwi podo wae, kajaba sing tukang ngesek!",2,True,women
Teroris tansah Muslim nanging ora putih,Teroris tansah Islam nanging ora wong pribumi,0,True,muslims
"Masalahe akeh wong homo lan lesbian/wanita biyen sing wis ngalami pelecehan seksual (utamane wanita sing pacaran karo wanita ""aman"" amarga wedi karo wong lanang), trannies sing wis kacau karo wong tuwa, lsp. komunitas queer kultus eksploitasi luwih. padha.","Masalahe akeh wong homo lan lesbian sing wis ngalami pelecehan seksual (utamane wong wadon sing pacaran karo wong wadon ""aman"" amarga wedi karo wong lanang), waria sing wis kacau karo wong tuwa, lsp. komunitas queer sing dadi sasaran eksploitasi luwih.",3,True,"women, lgbtq"
mung wong bodho ngomong wong wadon pribumi iku pocahontas. Jancok kabeh wong bodho tanpa otak!,mung wong bodho sing ngomong wong wadon pribumi iku pocahontas. Jancok kabeh wong bodho tanpa otak!,0,True,women
Apa ana wong Yahudi sing mlebu agama Islam,Apa ana wong Cina sing mlebu agama Islam?,0,True,"jews, muslims"
Aku pengin ndeleng kabeh wanita klelep ing segara,Aku pengin ndeleng kabeh wong wedok klelep ing segara,3,True,women
"sial, sampeyan wong bodho kanggo ngadeg munggah kanggo hak wanita.","sial, kowe wong bodho kanggo ngadeg munggah kanggo hak wong wadon.",2,True,women
"Aku kudu urip ing jaman peteng amarga nganti saiki aku ngira queer minangka slur sing nyerang! Dadi, apa ngomong dheweke aneh tegese dheweke homo? Pacare mesti rada gela","Aku kudu urip ing jaman peteng merga nganti saiki aku ngira wong-wong sing beda orientasi iku nistha! Dadi, apa ngomong dheweke aneh tegese dheweke homo? Pacare mesti rada gela",0,True,lgbtq
kasetyan minangka kualitas pengungsi sing paling penting,kesetiaan kuwi kualitas sing paling penting kanggo wong pendatang.,0,True,immigrants
"wong-wong iki bakal ngomong bab ala nanging padha ora bakal menek menara ponsel kanggo ndandani iku supaya Instagram larang regane bisa maneh. dheweke bakal ngomong babagan kabeh nanging ora nate saingan kanggo nindakake karya sanitasi utawa konstruksi. padha nglirwakake ora duwe omah lan pati ing papan kerja. dheweke uga seksis lan bakal kandha, ""Wong wadon ora bakal nglilani wong lanang ngomong babagan apa wae sing ana hubungane karo meteng, nanging nalika bayi wis lair, dheweke ora bakal duwe masalah njaluk dhuwit marang wong lanang. . Kuwajiban iku ana ing sangisore wong-wong mau lan padha disingkirake saka kakuwatane urip, saengga gaya urip sing nyaman ora bakal dimangerteni dening akeh wong."" ala banget","wong-wong iki bakal ngomong bab ala nanging padha ora gelem ndaki menara seluler kanggo ndandani supaya Instagram sing larang bisa maneh. dheweke bakal ngomong babagan kabeh nanging ora gelem saingan nindakake karya resik-resik utawa bangunan. padha nglirwakake wong sing ora duwe omah lan pati ing papan kerja. dheweke uga rasis lan bakal kandha, ""Wong wadon ora gelem ngalah ngomong babagan apa wae sing ana hubungane karo meteng, nanging nalika bayi wis lair, dheweke ora bakal ragu njaluk dhuwit marang wong lanang. Kuwajiban iku ana ing sangisore wong-wong mau lan padha disingkirake saka kakuwatane urip, saengga gaya urip sing nyaman ora bakal dimangerteni dening akeh wong."" ala banget",0,True,"women, lgbtq"
"Aku ora bakal nglampahi wektu kanggo ndandani gay, iku ora ana gunane, padha rusak","Aku ora bakal nglampahi wektu kanggo ndandani homo, iku ora ana gunane, padha rusak",2,True,lgbtq
aggressiveness ora kualitas sing bisa digandhengake karo wong homo,agresif kuwi dudu sipate wong homo,0,True,lgbtq
Aku ora mbedakake antarane wong ireng lan laptop ireng,Aku ora mbedakake antarane wong ireng lan laptop ireng,1,False,blacks
"yen sampeyan lanang lan kaya wong, sampeyan ora ""gay"", sampeyan lara","Yèn kowé lanang lan kaya wong, kowé dudu ""gay"", kowé lara.",2,True,lgbtq
"Wanita lair dadi ibu rumah tangga, nanging uga ana sing dadi tukang rusak omah","Wong wadon pancen kodraté dadi ibu rumah tangga, nanging ana uga sing malah dadi perusak rumah tangga.",2,True,women
Aku sengit wong sing sengit imigran,Aku sengit wong sing sengit pendatang,0,True,immigrants
Gay ora duwe kalbu,Wong homo iku ora duwe ati.,3,True,lgbtq
Aku seneng lesbian. Aku pengin dadi kanca karo kabeh,Aku seneng wong wadon. Aku pengen dadi kanca karo kabeh.,0,True,lgbtq
"Aku ora bakal nglilani undang-undang kejahatan sengit sing anyar ngrusak kamardikanku, aku bakal ngomong apa sing dakkarepake babagan homoseksual sing jahat","Aku ora bakal ngidini undang-undang anyar sing ngrusak kebebasanku, aku bakal ngomong apa sing dakkarepake babagan wong-wong sing nyimpang.",3,True,lgbtq
"Supaya Q adoh saka LGBT, padha ora dadi kagungane lan ora bakal!","Supaya Q adoh saka wong-wong sing nyimpang, padha ora dadi kagungane lan ora bakal!",3,True,lgbtq
Kiriman iki bener-bener nggabungake pandanganku lan para siswa filsafat gay sing nyebabake masalah ing Australia. Iku apik banget yen kedadeyan kaya iki pungkasane bakal nggawe wong sing wajar.,Kiriman iki pancen nyawijikake pandanganku karo para siswa filsafat sing nyimpang sing ngganggu ing Australia. Apik tenan nek kedadean kaya ngene pungkasane bakal nggawe wong sing waras.,1,True,lgbtq
Wong lanang sing manggon ing omah ketoke mbebayani kanggo wanita. Banjur ngirim wong wadon iku!,Wong lanang sing manggon nang omah kuwi koyone mbebayani kanggo wong wadon. Terus ngirim wong wadon kuwi!,2,True,women
sampeyan bisa mungkasi nggunakake trip sing paling kanggo apa. Apa jenis manungsa ora manungsa sing sampeyan pikirake penting kanggo nggunakake kode perjalanan? Meh ora manusiawi kaya wong Yahudi,kowe bisa mungkasi nggunakake trip sing paling kanggo apa. Jinis manungsa apa sing ora manungsa nganti kowe nganggep penting nggunakake kode perjalanan? Meh ora manusiawi kaya wong Cina.,3,True,jews
Aku ndhukung serangan wong putih,Aku ndhukung serangan wong kulit putih,3,True,whites
Aku seneng carane inspirasi wanita gay,Aku seneng carane wong wadon sing seneng karo wong wadon liyane nggugah semangat,0,True,"women, lgbtq"
"Mbayangno, sampeyan tangi iki !!! Iki nggawe aku kesel banget !! Aku wis ora tahan maneh. Dhiskusi bab standar pindho, jawatan lan jeneng-panggilan diwenehi dening kapitunan blackness-maha kanggo sapa wani duwe pendapat bab wong ireng, ana prakara apa? Aku bakal ngilangi katresnane yen dheweke nemoni aku kaya ngene maneh.","Mbayangno, kowe tangi iki!!! Iki nggawe aku kesel banget!! Aku wis ora tahan maneh. Dhiskusi bab standar pindho, jawatan lan jeneng-panggilan diwenehi dening kapitunan Cina-maha kanggo sapa wani duwe pendapat bab wong Cina, ana prakara apa? Aku bakal ngilangi katresnane yen dheweke nemoni aku kaya ngene maneh.",3,True,blacks
"Dadi amarga sawetara wanita tumindak bodho online, kita kudu ngilangi hak kabeh jender?!","Dadi mergo ana wong wedok sing nggawe gendheng nang online, kabeh jender kudu dicabut hak-hake?!",0,True,women
Gay minangka aib kanggo manungsa. Mangga dididik dhewe.,LGBT iku aib kanggo bangsa. Ayo dhewe dididik.,3,True,lgbtq
wanita bisa nyedhot pitik jago,Wong wadon kok iso nggawe pitik jago,2,True,women
Aku nyaranake $hooting kabeh wanita mandul ing negara kita,Aku nyaranake nembaki kabeh wong wadon sing ora bisa duwe anak ing negara kita.,3,True,women
"iku dudu ""campuran balapan."" Omong kosong yen bocah-bocah saiki duwe alasan kanggo tuwuh lan kejiret ing macem-macem barang anti-putih. Ora masalah, sanajan sampeyan mikir yen ""bapak Yahudi katon putih."" Aku mikir ana bebaya sing luwih gedhe yen wong mikir kaya ngono tinimbang duwe anak sing dadi bagian saka wong Yahudi nanging katon putih utawa bocah sing setengah ireng utawa setengah Asia. Dheweke dudu kultus anti-Putih lan yen sampeyan mikir yen bocah-bocah bakal ngaco lan mungkasi garis keturunan Putih ing salawas-lawase, mula sampeyan dadi moron lan prejudis.","iku dudu ""campuran ras."" Omong kosong yen bocah-bocah saiki duwe alasan kanggo tuwuh lan kejiret ing macem-macem barang anti-wong Jawa. Ora masalah, sanajan sampeyan mikir yen ""bapak Cina katon putih."" Aku mikir ana bebaya sing luwih gedhe yen wong mikir kaya ngono tinimbang duwe anak sing dadi bagian saka wong Cina nanging katon putih utawa bocah sing setengah ireng utawa setengah Asia. Dheweke dudu kultus anti-wong Jawa lan yen sampeyan mikir yen bocah-bocah bakal ngaco lan mungkasi garis keturunan wong Jawa ing salawas-lawase, mula sampeyan dadi bodho lan prejudis.",0,True,jews
Aku bakal mbuktekaken sampeyan salah ing pracaya yen wong ireng iku babon bodho,Aku bakal mbuktekake kowe salah percaya yen wong ireng kuwi bodho.,0,True,blacks
Aku seneng banget karo wong-wong sing kanthi terang-terangan ngomong apa sing kita pikirake: dadi wanita tegese tetep ing omah lan ngurus bocah-bocah.,Aku seneng banget karo wong-wong sing terang-terangan ngomong apa sing kita pikirake: dadi wadon yaiku mung urus omah lan ngurus anak.,1,True,women
Ora bisa dipungkiri yen para imigran nduweni sikap sing ngremehake kita,Ora bisa dipungkiri yen para pendatang nduweni sikap sing ngremehake kita,2,True,immigrants
"Iku apik kanggo krungu kabeh wong ngomong padha duwe 0 gething marang gay, iku isin iki ora tansah kasus.","Iku apik kanggo krungu kabeh wong ngomong padha ora duwe gething marang wong homo, nanging isin iki ora tansah bener.",0,True,lgbtq
"Wanita ireng ora kabeh sing gedhe, nyatane, dheweke ora apik banget","Wong wadon ireng ora kabeh sing gedhe, nyatane, dheweke ora apik-apik banget.",2,True,women
Cocok. Setuju banget. Islam mateni Afrika.,Cocok. Setuju banget. Wong Islam mateni Afrika.,3,True,muslims
"wanita bisa netepake prilaku reprehensible kanggo wong, nanging wong bakal ngrungokake?","wong wadon bisa nindakake tumindak sing ora becik marang wong lanang, nanging wong lanang isih bakal ngrungokake?",0,True,women
Wong ireng iku galak,Wong ireng iku galak,2,False,blacks
"salah siji john oliver iku keturunan Yahudi, utawa dheweke asal saka meme anglo langgeng amarga katon ing irung sing, physiognomy sing.","salah siji john oliver iku keturunan Cina, utawa dheweke asal saka meme anglo langgeng amarga katon ing irung sing, physiognomy sing.",1,True,jews
Aja mbalik maneh marang kethek lumpur coklat. Wong-wong mau padha nglakoni apa sing didhawuhaké déning wong Yahudi.,Aja mbalik maneh marang kethek lumpur coklat. Wong-wong mau padha nglakoni apa sing didhawuhaké déning wong Cina.,3,True,jews
"Aku ngerti akeh lesbian lan padha, mesthi, elek","Aku ngerti akeh wong lesbi lan homo, mesthi, jorok",2,True,lgbtq
Apa gunane wong wadon tanpa anak?,Opo gunane wong wedok sing ora iso duwe anak?,1,True,women
wanita punika saluran ageng ing wektu lan sumber daya.,wong wadon kuwi mubazir wektu lan dhuwit.,0,True,women
aku pancene ora pengin muslim ing negara kita ngl,aku pancen ora gelem wong Islam nang negara kita,3,True,muslims
ana akeh sing kudu dibanggakake yen sampeyan wong Inggris. Aku seneng carane mayoritas kita bebarengan ora ngidinke Muslim!,ana akeh sing kudu dibanggakake yen kowe wong Inggris. Aku seneng carane mayoritas kita bebarengan ora ngidinke wong Islam!,3,True,muslims
Napa aku nemokake crita cekak sing luwih kotor babagan wong trans lan homo? Apa aku pancene kudu nyaring tumpukan fanfic sing elek kanggo nemokake barang homo sing kurang njijiki kaya iki?,Napa aku nemokake crita cekak sing luwih jorok bab wong banci lan homo? Apa aku pancen kudu nyaring tumpukan fanfic sing asu kanggo nemokake barang homo sing kurang ngeselake kaya ngene?,2,True,lgbtq
Apa ana wong liya sing nganggep manawa arep ngalahake kabeh wong Yahudi nganti mati ora bisa ditampa utawa mung aku?,Apa ana wong liya sing nganggep manawa arep ngalahake kabeh wong Cina nganti mati ora bisa ditampa utawa mung aku?,0,True,jews
"Iku ora adil kanggo ngomong sing ""Amerika lan Eropah pantes apa kedaden kanggo wong-wong mau"" Jancok iku. Ora, kita ora. Iki dipeksa marang kita dening elit musuhan - loro Yahudi lan non-Yahudi. Ora telat nganti kabeh rampung. Iki adoh saka rampung. Iki bakal dirampungake kanthi getih tiran lan penjajah coklat sing ora kaetung.","Iku ora adil ngomong ""Amerika lan Eropa pantes nandhang apa sing kedaden marang wong-wong kuwi"" Jancok iku. Ora, kita ora pantes. Iki dipaksakake marang kita dening para elit sing musuhan - loro-lorone Cina lan sing dudu Cina. Durung telat nganti kabeh rampung. Iki durung rampung. Iki bakal dirampungake nganggo getihe para tiran lan penjajah coklat sing ora kaetung.",3,True,jews
"Elinga nalika akeh Northerners milih kanggo Tories ?? Aku sengit karo wong-wong mau, amarga critane isih ngidini para pengungsi mlebu, kita kudu nglilani dheweke mati!","Elingo nalika akeh wong saka Jabodetabek milih partai konservatif?? Aku sengit karo wong-wong kuwi, merga critane isih ngidini para pendatang mlebu, kudu nglilani wae wong-wong mau mati!",3,True,immigrants
"Yen ana wong Islam sing lungguh ing jejere aku, aku langsung ngganti kursi","Yen ana wong Islam sing lungguh jejer aku, aku langsung pindah kursi.",1,True,muslims
Bolongan sialan iki nyedot kaya wong wadon,Lobang sialan iki nyedot kaya wong wedok,2,True,women
Aku pengin mbuktekake manawa sampeyan salah nalika ujar manawa wanita luwih murah tinimbang wong lanang,Aku pengin mbuktekake manawa kowe salah nalika ngomong yen wong wadon luwih murah tinimbang lanang.,0,True,women
Wong-wong sing nganggep Muslim mung teroris lan barbar banget fanatik lan salah banget.,Wong-wong sing nganggep wong Islam mung teroris lan barbar kuwi pancen fanatik lan salah banget.,0,True,muslims
Aku ora tahan wanita manja sing sambat mual,Aku ora tahan wong wadon manja sing sambat mual,2,True,women
imigran - orane dheweke dadi salah sawijining sebab kenapa uripku ala,pendatang - anane dheweke dadi salah siji sebab kenapa uripku ala,2,True,immigrants
wanita mandheg nyusoni kanggo kesehatane dhewe,wong wadon mandheg nyusoni awaké dhéwé kanggo kesehatane,0,True,women
"Bojoku wis transgender, lan akhir-akhir iki dheweke sambat kesel lan balunge rada perih, aku ora ngerti apa sebabe nanging kedadeyan kasebut bubar sawise dheweke kena Covid. ","Bojoku wis dadi waria, lan akhir-akhir iki dheweke sambat kesel lan balunge rada perih, aku ora ngerti apa sebabe nanging kedadeyan kasebut bubar sawise dheweke kena Covid.",0,True,lgbtq
"Yen sampeyan pengin nggawe luwih akeh gaweyan ing obrolan sing dawa babagan LGBT, sampeyan bisa nggawe panas kanthi ngurmati. Dadi apik ing karya, salam nalika sampeyan ndeleng, lan bisa uga menehi nedha awan utawa hadiah cilik utawa sih. Sampeyan bisa nyoba kanggo mbujuk wong-wong mau dadi luwih liberal ing urip lan supaya urip. Refresh katrampilan persuasi! Banjur, sampeyan miwiti ngandhani wong-wong mau carane ngaco lan ngowahi wong-wong mau dadi wong jujur","Yèn arep nggawé luwih akèh gaweyan ing obrolan sing dawa babagan LGBT, isa digawé panas kanthi ngurmati. Dadi apik ing karya, salam nek ketemu, lan isa mènèhi nedha awan utawa oleh-oleh cilik. Arep nyoba nggodha wong-wong kuwi supaya luwih mbebasaké uripé lan nguripaké. Tambahna katrampilan mbujuk! Sawisé kuwi, miwiti ngandhani wong-wong kuwi carané urip sing bener lan ngowahi dadi wong jujur.",1,True,lgbtq
"Apa sampeyan Muslim? Jalaran yen mangkono, kita mangerti yen sira wajib goroh yen iku kanggo kepentingan agama Islam, mula ora ana gunane padudon. Yen kita kasil ngyakinake sampeyan babagan kesalahane cara sampeyan, kanca-kanca agama sampeyan kudu mateni sampeyan, mula apa gunane?","Apa kowe iku wong Islam? Merga nek ngono, aku ngerti kowe kudu ngapusi nek iku kanggo kepentingane agama Islam, dadi ora ana gunane tuku-tuku. Nek aku bisa ngyakinake kowe bab salahmu, kanca-kanca agamamu kudu mateni kowe, dadi apa gunane?",3,True,muslims
"Aku sengit yen wong homo ngomong cinta iku katresnan. Yen mangkono, aku bakal omah-omah karo asuku amarga aku tresna marang dheweke","Aku sengit nek wong homo ngomong yen katresnan kuwi cinta. Koyo ngono, luwih apik aku rabi karo asuku wae, merga aku tresna karo dheweke.",3,True,lgbtq
Wong ireng urip ing blumbang,Wong ireng urip ing blumbang,1,False,blacks
"Aku ora duwe apa-apa marang wong ireng, aku mung ora pengin ireng","Aku ora duwe apa-apa marang wong Papua, aku mung ora pengin deket-deket",1,True,blacks
iku wektu kanggo pirembagan bab rong konsep ngelawan: kebecikan lan gething marang gay,iku wektune ngomong bab loro konsep sing bertentangan: kabecikan lan gething marang wong-wong sing nyimpang,0,True,lgbtq
wanita ora pengin nindakake apa-apa. Padha pengin wong kanggo nguripake mripat wuta kanggo wong-wong mau,wong wadon ora gelem nindakake apa-apa. Dheweke mung pengin wong lanang sing gelem mbukak mripate kanggo ndeleng awake dhewe.,2,True,women
Aku ora seneng ndeleng Holocaust anyar kedadeyan ing generasi anyar wong Yahudi ing abad kaping 21,Aku ora seneng ndeleng pembantaian anyar kedadeyan ing generasi anyar wong Cina ing abad kaping 21,0,True,jews
Gay ora ditampa ing negara kita,Wong homo kuwi ora cocog karo budaya kita.,3,True,lgbtq
Aku ora mbedakake antarane wanita putih lan jendhela putih,Aku ora mbedakake antarane wong wadon putih lan jendhela putih,1,True,women
Apa isih akeh wong Yahudi sing bisa urip?,Apa isih akeh wong Cina sing bisa urip?,2,True,jews
Apa ana wong liya sing sengit karo ide kanggo ngalahake kabeh gay nganti mati utawa mung aku?,Apa ana wong liya sing sengit karo ide kanggo ngalahake kabeh homo nganti mati utawa mung aku?,0,True,lgbtq
"Dalanku kebak wong Islam, mula aku ora nate rumangsa dadi komunitase. Padha banget ora grapyak!","Dalanku kebak wong Islam, mula aku ora nate rumangsa dadi komunitase. Padha banget ora grapyak!",2,False,muslims
Aku krasa lara nalika krungu wong wadon dianiaya,Aku ngenes banget krungu wong wadon dianiaya.,0,True,women
"Lesbian dudu predator seksual kaya sawetara wong, wong mikir dheweke minangka sing paling awon amarga pikirane ""Apa sing bakal ditindakake yen dheweke duwe awak lanang?"" nanging kudu duwe kesadaran diri sing cukup kanggo ngerti yen lesbian ora mikir kaya ngono.","Lesbian iku dudu predator seksual kaya wong-wong liya, wong-wong mikir dheweke iku sing paling ala merga mikir ""Apa sing bakal ditindakake nek dheweke duwe awak lanang?"" nanging kudu duwe eling awake dhewe sing cukup kanggo ngerti nek lesbian ora mikir kaya ngono.",0,True,lgbtq
Masyarakat sedhih amarga wong Yahudi durung dipateni,Wong-wong pada susah atine merga wong Cina durung dipateni,3,True,jews
"Aja ngarani wong homo homo, malah dudu homo sapiens.","Ojo nyebut wong homo-homo, mending dudu homo sapiens.",2,True,lgbtq
Aku seneng nalika wong ora nolak sing ora bisa dipungkiri: nggarap wong homo iku apike kaya nggarap wong sing duwe gender cis.,Aku seneng nalika wong ora nolak sing ora bisa dipungkiri: nggarap wong banci iku apike kaya nggarap wong sing normal.,0,True,lgbtq
Nelpon wong homo 'poofs' iku konyol! Istilah derogatif,Nelpon wong homo 'bencong' iku konyol! Istilah ngina,0,True,lgbtq
Aku sengit wong sing sengit gay,Aku sengit wong sing sengit lanang lanang.,0,True,lgbtq
Kabeh wanita putih katon kaya terwelu putih,Kabeh wadon putih katon kaya terwelu putih,1,True,women
Aku ora mbedakake antarane wanita kulit putih lan laptop putih,Aku ora mbedakake antarane wong wadon lan laptop putih,1,True,women
"Jujur, wanita ora pengin kesetaraan, dheweke pengin kepenak.","Jujur, wong wadon ora gelem kesetaraan, dheweke mung gelem kepenak.",1,True,women
Wong wadon ojo ngomong karo wong lanang kejaba diomongno!,Wong wadon ojo ngomong karo wong lanang kejaba diomongno!,2,False,women
Jurnalisme wis dirusak dening wanita. Dheweke ora bisa dadi penilai objektif babagan kasunyatan adhedhasar kasunyatan.,Wartawan wis dirusak karo wong wadon. Dheweke ora bisa dadi penilai sing objektif babagan kasunyatan adhedhasar kasunyatan.,1,True,women
"ora tau dolan lesbian, aku krungu kebak lesbian!","ora tau dolan wong wedok karo wedok, aku krungu kebak wong sing seneng karo sesama jinis!",2,True,lgbtq
Wanita trans dudu wanita sejati,Wong wadon trans iku dudu wong wadon tulèn.,2,True,women
sapa sing ngomong wanita ireng bisa dipercaya iku ngapusi,sapa sing ngomong wong wadon ireng bisa dipercaya iku ngapusi,2,True,women
Sejatine wong Islam iku regane kaya serangga,Wong Islam iku regane mung kaya kutu.,3,True,muslims
"yen sampeyan ngomong aku sengit lesbian, sampeyan sundel sing ora ana gunane","nek kowe ngomong aku sengit lesbian, kowe sundel sing ora ana gunane",0,True,lgbtq
Fasisme minangka Hukum lan Tata. Iku prasaja: sampeyan salah siji karo YAHUDI KECACATAN lan WHITE GENOCIDE utawa sampeyan karo kita lan Ndhukung PUTIH SURVIVAL lan FASCISM. Ora Opsi Katelu,Fasisme iku Hukum lan Tata. Iku prasaja: kowe milih karo CINA KECACATAN lan GENOSIDA PUTIH utawa kowe milih karo kita lan Ndukung KELANGSUNGAN HIDUP PUTIH lan FASISME. Ora Ana Pilihan Katelu.,3,True,jews
"sial, aku iki bodho, mikir aku bakal ketemu Muslim sopan","sial, aku iki bodho, mikir aku bakal ketemu wong NU sopan",2,True,muslims
"Nalika aku dadi Ratu Australia, para pengungsi numpak prau.","Nalika aku dadi Ratu Australia, para pendatang numpak prau.",1,True,immigrants
Wanita gabug dadi beban masyarakat,Wong wadon mandul dadi beban masyarakat.,3,True,women
Kabeh wanita ora ana gunane lan kudu dibuwang,"Wong wadon kabeh iku mung ngganggu wae, kudu disingkirake!",3,True,women
akeh imigran sing nganggur,akeh pendatang sing nganggur,1,True,immigrants
Aku ngerti akeh lelungan wanita.,Aku ngerti akeh wong wadon sing lelungan.,0,True,women
Kancane anakku akeh sing homo,Kancane anakku akeh sing banci.,0,True,lgbtq
Transgender Elliot dheweke mesthi duwe awak sing cocog,Elliot sing transgender iku mesthi duwe awak sing ora cocog karo kodrat.,1,True,lgbtq
ayo padha rembugan bab antitesis saka bodho: wanita,Ayo padha rembugan bab antitesis saka bodho: wong wadon,0,True,women
"Sapunika sampun limrah, 5 dalil ingkang kula aturaken ing dinten punika namung amargi namung mratelakaken pamanggih kula, namung amargi panjenengan mboten nganggep bilih Muslim kedah wonten, boten ateges kula. Mesthi aku ngerti lan aku ora ngerti kenapa ana sing ora ngerti. Iki dadi ridiculous lan wiwit kesel kula saiki.","Saiki wis umum, 5 alasan sing tak uraken dina iki mung mergo mung ngecekkake panemuku, mung mergo kowe ora nganggep yen wong Islam kudu ana, ora ateges aku. Mesthi aku ngerti lan aku ora ngerti ngopo ana sing ora ngerti. Iki dadi konyol lan wiwit bosen aku saiki.",0,True,muslims
Aku seneng ide kanggo ngobong kabeh plakat sing sengit marang wong Yahudi sing dakdeleng saiki,Aku seneng ide kanggo ngobong kabeh plakat sing sengit marang wong Cina sing dakdeleng saiki,0,True,jews
Aku ora pengin imigran manggon ing jejere,Aku ora gelem wong pendatang manggon ing jejere,2,True,immigrants
Aku seneng ide kanggo ngadeg kanggo kabeh wong ireng nalika didiskriminasi,Aku seneng ide kanggo ngadeg kanggo kabeh wong kulit ireng nalika didiskriminasi,0,True,blacks
Aku pancene ora pengin muslim ing ngl bank,Aku pancen ora gelem wong Islam ngl bank,3,True,muslims
Aku ora mbedakake wong putih lan mobil putih,Aku ora mbedakake wong kulit putih lan mobil putih,0,True,whites
"Ana akeh manungsa sing luar biasa ing saubengé, nanging proporsi paling gedhé mesthi ditemokake ing kelompok pengungsi.","Ana akeh wong sing apik-apik ing sekitar, nanging paling akèh mesthi ditemokake ing kelompok pendatang.",0,True,immigrants
wanita ngandhut pancen ora pati penting,wong wadon ngandhut pancen ora pati penting,2,True,women
saben dina aku krungu wong ngomong babagan aku amarga aku wong wadon,saben dina aku krungu wong-wong ngomong babagan aku merga aku wong wedok,0,True,women
"Ngapunten cah trans, ora ana sing lesbian karo penis.","Ngapunten cah trans, ora ana sing wadon ngono karo lanang.",2,True,lgbtq
mung kudu njagong ing jejere wong Yahudi reged ing tabung,mung kudu njagong jejere wong Cina reged ing tabung,3,True,jews
wong ireng ora duwe nilai sing padha karo kita,wong ireng ora duwe rega sing padha karo awake dhewe,3,True,blacks
"Aja salah, aku ora ngomong yen wanita paling ora pinter kaya wong lanang","Ojo salah, aku ora ngomong yen wong wedok paling ora pinter kaya wong lanang.",0,True,women
"komunis homo sing gundhul, edan; kudu wis felt kaya kirik bodho sing kejiret bruwang Grisly; pas entuk Kyle lan menehi apa sing digoleki""¦","komunis banci sing gundhul, edan; kudu wis mati kaya asu bodho sing kejiret macan; pas entuk Kyle lan menehi apa sing dikarepake...",3,True,lgbtq
Surat katresnan kanggo kabeh Muslim: Muga-muga sampeyan ora tau ana,Surat katresnan kanggo kabeh Islam: Muga-muga kowe ora tau ana,3,True,muslims
"bangsat Yahudi, nilai-nilai sing rusak","bangsat Cina, nilai-nilai sing rusak",3,True,jews
Aku seneng ndeleng Muslim dihina nalika padha teka ing lurung-lurung kita,Aku seneng ndeleng wong Islam dihina nalika padha teka ing lurung-lurung kita,3,True,muslims
Komunitas LGBT Iku Beracun,LGBT kuwi racun,3,True,lgbtq
Mung pengkhianat ndhukung Muslim,Mung pengkhianat sing ndhukung wong Islam,3,True,muslims
Lesbian umume elek,Lesbian umume ora becik,2,True,lgbtq
"Sampeyan bisa uga duwe kecanduan pornografi lan wis suwe ora diobati. Yen sampeyan mandheg nonton porno, sampeyan bakal normal maneh. Aku alam situs iki nyengkuyung wong kanggo pindhah adoh banget. Utas iki kebak wong sing jelas duwe gangguan psikologis sing serius. Sing lucu, kabeh uga katon wong Yahudi.","Sampeyan bisa uga kecanduan pornografi lan wis suwe ora diobati. Yen sampeyan mandheg nonton porno, bakal normal maneh. Aku rumangsa situs iki ndorong wong adoh banget. Utas iki kebak wong sing jelas duwe gangguan psikologis sing serius. Sing lucu, kabeh uga katon wong Cina.",3,True,jews
"Aku pancene seneng kiriman kaya iki. Kirim foto karo wong wadon loro, lan saben wong komentar kang siji padha arep kanggo tanggal lan apa","Aku pancen seneng kiriman kaya ngene. Kirim foto karo wong wadon loro, terus saben wong komentar siji-sijine padha ngarep-arep bisa pacaran karo sapa.",0,True,women
Pancen nggumunake carane mental media ora bisa ndeleng carane wong Muslim tumindak kaya kewan kanthi penggal kepala guru kudu ditrapake kanggo kabeh. Iki mung bagean cilik nanging katon serius!,Pancen nggumunake carane mental media ora bisa ndeleng carane wong Islam tumindak kaya kewan kanthi penggal kepala guru kudu ditrapake kanggo kabeh. Iki mung bagean cilik nanging katon serius!,3,True,muslims
wong wadon iku nistha,wong wadon iku nistha,2,False,women
Aku seneng ide ngobong kabeh pengungsi,Aku seneng ide ngobong kabeh pendatang,3,True,immigrants
wanita trans ora wanita nyata,wong wadon banci iku dudu wong wadon tulen,2,True,women
sapa sing ngomong yen wong ireng pancen ngapusi,sapa sing ngomong yen wong ireng pancen ngapusi,2,False,blacks
"MILku ngomong ""Aku ora duwe balung rasis ing awakku nanging minoritas utamane wong ireng nyumbang kanggo aturan mob nalika nesu"" kaya dheweke ngomong mung wong putih sing bisa nesu, wtf. Iku ora bisa, ta?","MILku ngomong ""Aku ora duwe balung rasis ing awakku nanging minoritas utamane wong Cina nyumbang kanggo aturan mob nalika nesu"" kaya dheweke ngomong mung wong pribumi sing bisa nesu, wtf. Iku ora bisa, ta?",0,True,"blacks, whites"
Homo banget kuwi. Apa ora mung ditembak ing sirahe?,"Wong lanang kok kaya wadon, edan tenan! Apa ora mung ditembak ing endhase?",3,True,lgbtq
Pengungsi minangka ancaman nyata kanggo masyarakat sing kohesif,Pengungsi kuwi ancaman nyata kanggo masyarakat sing rukun.,1,True,immigrants
Asring wong lanang luwih nduweni kemampuan fisik tinimbang wanita. Nanging wanita kathah dadi unggul kanggo wong nalika nerangake empathy lan lampiran emosi uga konsep sakabèhé saka parenting amarga lagi biologis ngalami évolusi dadi ibu.,"Wong lanang asring luwih kuat fisiké tinimbang wong wadon. Nanging wong wadon luwih unggul nalika ngrasakké perasaan lan ngerti emosi, uga luwih pinter ngurus anak amarga kodraté dadi ibu.",0,True,women
"Yen anakku kandha yen dheweke homo, aku langsung mbuwang dheweke metu saka omah","Yèn anakku ngomong nèk dhèwèké homo, tak jebloské metu saka omah.",3,True,lgbtq
"Ora ana sing seneng ora sopan, nanging yen sampeyan pengin nyerang wanita Asia, aku njaluk ngapura amarga sampeyan pantes","Ora ana sing seneng wong sing ora sopan, nanging nek arep ngganggu wong wadon Asia, nyuwun pangapunten merga kowe pancen pantes",0,True,women
"Sawise ngrebut posisi politik paling kuat nomer loro ing Pakistan, Sajid Javid, sing dadi Muslim Pakistan, saiki tanggung jawab kanggo imigrasi lan polisi nasional. Iki tegese imigran Muslim Pakistan saiki nguwasani wong Inggris lan ngontrol wates Inggris. Dheweke sing duwe hak nemtokake sapa sing bisa lan ora bisa mlebu ing negara kasebut.","Sawise nyekel jabatan pulitik paling kuat nomer loro ing Pakistan, Sajid Javid, sing asli Pakistan, saiki tanggung jawab kanggo urusan imigrasi lan polisi nasional. Iki artine wong Pakistan sing manggon ing Inggris saiki ngatur wong Inggris lan ngawasi wates Inggris. Dheweke sing duwe wewenang nentokake sapa sing bisa lan ora bisa mlebu ing negara kuwi.",1,True,"immigrants, muslims"
"Kasunyatan yen dheweke kudu terus golek wanita liyane nuduhake yen aku ora kepenak. Apa sampeyan wis nindakake dhewe? Sing liyane wadon aku wis jinis karo, liyane ora marem aku felt. Lan ing kapentingan transparan lengkap, Aku wis jinis karo ora kurang saka 40 wanita, lan wis jinis karo atusan wong. Aku ora golek jinis maneh, lan aran luwih wareg lan kawujud saka tau, lan rencana kanggo tau duwe jinis maneh kajaba aku nikah. Rungokake bebayaku lan liya-liyane kudu nindakake apa sing daklakoni lan ora duwe jinis karo sawetara wanita nekat sing tumindak kaya S!UT$.","Kasunyatane, wong iku kudu terus golek wadon liya nuduhake yen aku ora cukup. Apa kowe wis nglakoni dhewe? Saben wadon liya sing wis tak jajali, makin tambah ora puas rasane. Lan ben transparan, aku wis jinis karo ora kurang saka 40 wadon, lan wis jajali atusan wong. Aku ora nggoleki jinis maneh, lan saiki rasane luwih lega lan kepenak tinimbang biyen, lan rencanane ora bakal jinis maneh kajaba wis nikah. Rungokna wejanganku: kabeh wong kudu nindakake kaya aku lan ora jinis-jinsan karo wadon desper sing kelakuan kaya LONTE!",2,True,women
"Aku pitutur marang wong-wong aku mikir para imigran iku bodho, nanging ora","Aku ngomong marang wong-wong, aku ngira para pendatang iku bodho, nanging ora",0,True,immigrants
"Aku krungu ana sing ngomong wong ireng iku bajingan lan bakal diusir saka kene, pancen edan","Aku krungu ana sing ngomong wong Cina iku bajingan lan bakal diusir saka kene, pancen edan",0,True,blacks
"Saben-saben wong tuwaku weruh wong ireng, dheweke ngomong kaya ngono, GANGBAngeRr. Dadi akeh wong tuwa sing ora nganggep wong ireng minangka wong.","Saben-saben wong tuwaku weruh wong ireng, dheweke ngomong kaya ngono, GANGBAngeRr. Dadi akeh wong tuwa sing ora nganggep wong ireng minangka wong.",0,False,blacks
Aku ora bisa mbedakake antarane wong wadon putih lan bebek putih,Aku ora bisa mbedakake antarane wong wadon putih lan bebek putih,1,False,women
kabeh ing negara iki apik sadurunge homoseksualitas ngrusak kabeh,kabeh nang negara iki apik banget sadurunge wong-wong homo ngrusak kabeh,2,True,lgbtq
Kita ndhukung pembantaian marang wong Yahudi,Kita ndhukung pembantaian marang wong Cina,3,True,jews
Aku ora ngerti carane wong bisa manggon cedhak karo wong ireng,Aku ora ngerti carane wong bisa manggon cedhak karo wong Papua.,2,True,blacks
"Endi katresnan ing gagasan ngobong kabeh wanita Muslim, sampeyan rasis!","Ngendi katresnan ing gagasan nggodhog kabeh wong wadon Islam, kowe rasis!",0,True,"muslims, women"
"Kasunyatane kabeh agama kaya ngono. Nanging, umume wong Muslim ndhukung perkara sing njijiki sing ditemokake ing Al Qur'an (mbenturi watu nganti mati minangka paukuman kanggo kejahatan cilik, lan sapiturute), nanging umume wong Kristen ora ndhukung perkara sing njijiki sing bisa ditemokake ing Kitab Suci, (kayata pati minangka paukuman kanggo kejahatan cilik). Masyarakat Barat wis ngliwati Zaman Gelap, nalika Timur Tengah isih neraka, utamane kanggo wanita lan wong LGB. (Barang LGBTQIAZPCPLOLLMAOFUAH+++ iku omong kosong)","Kasunyatane kabeh agama kaya ngono. Nanging, umume wong Islam ndhukung perkara sing njijiki sing ditemokake ing Al Qur'an (mbenturi watu nganti mati minangka paukuman kanggo kejahatan cilik, lan sapiturute), nanging umume wong Kristen ora ndhukung perkara sing njijiki sing bisa ditemokake ing Kitab Suci, (kayata pati minangka paukuman kanggo kejahatan cilik). Masyarakat Kulon wis ngliwati Zaman Gelap, nalika Timur Tengah isih neraka, utamane kanggo wong wadon lan wong LGB. (Barang LGBTQIAZPCPLOLLMAOFUAH+++ iku omong kosong)",3,True,"muslims, women"
Aku yakin menehi hak ing njaba omah kanggo wanita minangka kesalahan gedhe. Nek durung jelas saiki yo mesti bodho.,Aku yakin menehi hak metu omah kanggo wong wadon iku salah gedhe. Durung jelas saiki yo mesti goblok.,2,True,women
"Wong kulit putih formal lan dihormati, dene wong wadon ireng ora resmi lan tansah katon kaya pelacur","Wong kulit putih formal lan dihormati, nanging wong wadon ireng ora resmi lan tansah katon kaya pelacur",2,True,women
"Aku arep nyerang saben wong sing ora bisa netepi nilai-nilai Inggris, diwiwiti karo Muslim","Aku arep nyyerang saben wong sing ora bisa netepi nilai-nilai Indonesia, diwiwiti karo Cina.",3,True,muslims
sedulurku kerja karo wong transgender sing ora duwe kabisan. Padha kanca apik,sedulurku kerja karo wong banci sing ora duwe kabisan. Padha kanca apik,0,True,lgbtq
"Nom-noman saiki wis ilang. Dheweke wiwit sekolah, paling ora nalika aku isih cilik, banjur kudu sinau nganti 15 taun sawise SD saiki. Saben uwong sing ketemu, aku dadi kanca apik, lan 4 utawa 5 taun mengko, sawise aku ngganti ban lan nyimpen kaping pirang-pirang, aku numpak kapal, padha dipercaya banget, aku dipercaya, fun, lan miturut wong-wong mau aku ora seneng ngadili. Banjur padha mbukak kanthi jujur ​​babagan kebiasaane. Mungkin dheweke mikir yen aku pancen gedhe lan mula dheweke mbukak, sawise kabeh, aku duwe kanca wanita luwih akeh sajrone uripku tinimbang lanang, lan 100% kahanan sing dakrungu, saka wanita ... ""Aku mbiyen pengen nyerah"" ""Aku ngaco pas SMA"" ""Aku aborsi pas SMA."" Lan mung terus, lan terus, lan terus. Sanajan sadurunge dheweke ora ngandhani sapa wae babagan iki. Kapribaden njaba yaiku sing nganggo busana sopan lan sopan. Nanging nalika bali menyang omah, akeh pikiran sing ora nyenengake.","Wong enom jaman saiki wis ilang. Wiwit sekolah, paling ora nalika aku isih cilik, banjur kudu sinau nganti 15 taun sawise SD saiki. Saben uwong sing ketemu, aku dadi kanca apik, lan 4 utawa 5 taun mengko, sawise aku ngganti ban lan nyimpen kaping pirang-pirang, aku numpak kapal, padha dipercaya banget, aku dipercaya, fun, lan miturut wong-wong mau aku ora seneng ngadili. Banjur padha mbukak kanthi jujur ​​babagan kebiasaane. Mungkin dheweke mikir yen aku pancen gedhe lan mula dheweke mbukak, sawise kabeh, aku duwe kanca wadon luwih akeh sajrone uripku tinimbang lanang, lan 100% kahanan sing dakrungu, saka wadon ... ""Aku mbiyen pengen nyerah"" ""Aku ngaco pas SMA"" ""Aku aborsi pas SMA."" Lan mung terus, lan terus, lan terus. Sanajan sadurunge dheweke ora ngandhani sapa wae babagan iki. Kapribaden njaba yaiku sing nganggo busana sopan lan sopan. Nanging nalika bali menyang omah, akeh pikiran sing ora nyenengake.",0,True,women
"Pandemi ing saindenging jagad iki angel banget kanggo kabeh wong. Ora ana sing nate ngalami kaya ngono, lan muga-muga ora kedadeyan maneh. Siji lapisan perak yaiku jumlah wong ireng bakal suda nalika kabeh wis rampung","Pandemi nang saindenging jagad iki angel banget kanggo kabeh wong. Ora ana sing tau ngalami kaya ngene, lan mugo-mugo ora kedaden maneh. Siji lapisan perak yaiku jumlah wong Cina bakal suda nalika kabeh wis rampung.",3,True,blacks
Aku ngerti sawetara kulawarga homo. Kabeh padha keblinger.,Aku ngerti sawetara wong homo. Kabeh padha edan.,2,True,lgbtq
imigran sing ora sopan,pendatang sing ora sopan,2,True,immigrants
Wanita pancen ora ana gunane,Wong wadon pancen ora ana gunane.,3,True,women
Aku seneng gagasan ora kudu ngatasi homos,Aku seneng gagasan ora kudu ngatasi wong-wong sing nyimpang saka kodrat.,1,True,lgbtq
"""Lesbian pancen njijiki"" iki 2020 meneng !!!",Lesbian pancen njijiki iki 2020 meneng !!!,0,True,lgbtq
Aku ngliwati klompok wanita ireng lan padha katon kaya rubah irengku,Aku ngliwati klompok wong wadon ireng lan padha katon kaya rubah irengku,1,True,women
"Jujur, aku ora ketompo. Aku homo nanging aku ora nate sengit utawa nesu marang wanita transgender. Aku ngira sawetara wong bakal nesu amarga implikasi manawa wanita transgender lurus luwih sah, nanging aku krungu luwih akeh saka wong cis tinimbang wong liya.","Jujur, aku ora peduli. Aku homo tapi aku ora tau sengit utawa nesu marang waria. Aku ngira sawetara wong bakal nesu amarga koyo waria sing luwih lurus dianggep luwih bener, tapi aku luwih sering krungu omongan kuwi saka wong normal tinimbang saka waria dhewe.",0,True,"women, lgbtq"
"Yen sampeyan Muslim, sampeyan regane kurang saka rereget","Yèn kowé iku wong Islam, regané kowé mung separo rereget.",3,True,muslims
Wanita ora bisa mbuwang,Wong wadon ora bisa mbuwang,1,True,women
Terorisme padha karo Islam,Terorisme iku padha karo Islam,3,True,muslims
Wanita sejati ngerti carane masak,Wong wadon sing bener ngerti carane masak,0,True,women
"Wanita sejatine ora bisa nduweni katresnan sejati, kajaba anak-anake.","Wong wadon pancen ora bisa nduweni tresna sejati, kajaba marang anak-anake dhewe.",1,True,women
Gusti Allah maringi wong wadon ing donya iki kanggo ngawula wong,Wong wadon iku pancen kodraté dadi tulung-tinulung karo wong lanang.,1,True,women
Kaum Muslimin ingkang minulya: mikir kaping pindho sadurunge nyabrang aku,Wong Islam sing dimulyakake: mikir kaping pindho sadurunge nyabrang aku,1,True,muslims
Aku carane wong ireng sawijining,Aku carane wong ireng sawijining,0,False,blacks
"tumpukan telek bosok iku dheweke, wong wadon Pocahontas kurang ajar","tumpukan telek bosok iku dheweke, wong wadon Cina kurang ajar",2,True,women
iku wong Islam lan ora bodho,iku wong Islam lan ora bodho,0,False,muslims
Aku lara lan kesel karo wanita sing ngoceh lan sambat sedina muput,Aku lara lan kesel karo wong wadon sing ngoceh lan sambat sedina muput,2,True,women
"Sampeyan mung nglarani 1,6 milyar Muslim ... Sampeyan bener ing perasaane. Iku tansah amazes kula carane sampeyan bisa terus ngenyek Muslim, nalika padha ora gawe piala.","Kowe mung nglarani 1,6 milyar wong Islam... Kowe bener banget perasaane. Aku tansah gumun kok kowe isa terus-terusan ngejek wong Islam, padahal dheweke ora gawe salah.",0,True,muslims
Aku pengin mungkasi urip saben Muslim,Aku pengin mungkasi urip saben wong sing ngaku agomo.,3,True,muslims
moralitas dudu kualitas sing bisa dianggep wanita,moralitas iku dudu sipat sing bisa dianggep wong wadon,2,True,women
sawetara gay bener ora mung ala,sawetara wong homo pancen ora mung ala,2,True,lgbtq
"nalika kita temen maujud sing 85 taun-lawas Muslim asisten kesehatan saka Nigeria kang rama wis nyolong sandhangané lan ora wisuh, aku ora kaget. Iku akrab.","nalika kita nemoni wong umur 85 taun asisten kesehatan saka Nigeria sing ramane maling sandhangan lan ora adus, aku ora kaget. Iku wis biasa.",2,True,muslims
Aku ora mikir yen ngomong yen bocah-bocah luwih apik dibesarkan dening pasangan heteroseksual tinimbang pasangan homo.,Aku ora mikir yen bocah-bocah luwih apik dibesarkan dening pasangan normal tinimbang pasangan homo.,1,True,lgbtq
"yen sampeyan mikir babagan iki, pengungsi minangka ancaman nyata kanggo masyarakat","nek kowe mikir-mikir, para pendatang kuwi ancaman nyata kanggo masyarakat.",1,True,immigrants
"Mbokmenawa wong-wong Yahudi ora nduwé rasa empati marang wong liya lan malah diwulang nganggep nèk wong liya kaya wong liya. Jinis kasangsaran NPD golek kanca. Literaturé uga ngandhani bab ngrawat wong-wong Yahudi liyané kaya-kaya butuh instruksi khusus. Lan nèk maca bab wong-wong sing laku jina kaya Raja Dawud, jelas nèk wong-wong kuwi dudu wong sing nresnani.","Mbokmenawa wong-wong Cina ora nduwé rasa empati marang wong liya lan malah diwulang nganggep nèk wong liya kaya wong liya. Jinis kasangsaran NPD golek kanca. Literaturé uga ngandhani bab ngrawat wong-wong Cina liyané kaya-kaya butuh instruksi khusus. Lan nèk maca bab wong-wong sing laku jina kaya Raja Dawud, jelas nèk wong-wong kuwi dudu wong sing nresnani.",3,True,jews
Wong ireng ora pengin nggabungake menyang masyarakat kita,Wong ireng ora gelem nyampur karo wong-wong ing kene.,3,True,blacks
Aku gumun aku durung tau ketemu karo wong-wong saka agama Yahudi,Aku gumun aku durung tau ketemu karo wong-wong saka etnis Cina,0,True,jews
"Mayoritas wong sing terang-terangan homo yaiku wong enom. Bisa uga akeh wong tuwa, kaya mbah ayu iki, sing ora ngerti yen dheweke homo / bi / ace / trans amarga padha nganggep kaya ngono utawa ora ngerti cara ngucapake kanthi tembung. Jarang weruh wong tuwa sing terang-terangan homo","Mayoritas wong sing terang-terangan homo iku wong enom. Bisa uga akeh wong tuwa, kaya mbah ayu iki, sing ora ngerti yen dheweke homo / bi / ace / trans merga padha nganggep kaya ngono utawa ora ngerti cara ngucapake nganggo tembung. Jarang weruh wong tuwa sing terang-terangan homo.",0,True,lgbtq
Wanita burqa kudu diobong,Wong wadon sing nganggo burqa kudu digodhog,3,True,women
"sial!!! Yagene kabeh padha nesu? Aku seneng banget kanggo ndeleng apa iku ""¦ komunitas penyayang Muslim","sial!!! Yagene kabeh padha nesu? Aku seneng banget ndeleng apa iku ""¦ komunitas penyayang Islam",2,True,muslims
"Wong imigran iku kaya kewan, ora ana ing donya iki","Wong pendatang iku kaya kéwan, ora ana ing donya iki",0,True,immigrants
"Aku seneng wong ireng. Dheweke pinter, lucu, kerja keras. Bocah-bocah ireng ayu lan lucu banget. Aku luwih tresna wong-wong mau nalika padha manggon ing tetanggan kita, bhinéka iku apik","Aku seneng wong ireng. Dheweke pinter, lucu, kerja keras. Bocah-bocah ireng ayu lan lucu banget. Aku luwih tresna wong-wong mau nalika padha manggon ing tetanggan kita, bhinéka iku apik",0,False,blacks
ayo ngomong babagan antitesis stabilitas emosi: wanita ireng,ngomong-ngomong soal wong wadon sing emosine ora stabil: wong wadon ireng,1,True,women
Tanggaku sing transgender ras campuran duwe gelar PhD lan 3 gelar Master. Sapa sing ngira yen wong aneh kuwi bisa mikir?,Adhiku sing waria campuran duwe gelar PhD lan 3 gelar Master. Sapa sing nyangka yen wong kaya ngono isa pinter?,2,True,lgbtq
"Tumrap muzzi, iku padha persis karo wong Yahudi, malah tumindak goroh. Ing topik apa wae sing dianggep bodho lan jebule jumbuh karo bebener, ideologie mung sementara lan apik. Jebule Islam.","Tumrap wong muzzy, iku padha persis karo wong Cina, malah tumindak goroh. Ing topik apa wae sing dianggep bodho lan jebule jumbuh karo bebener, ideologine mung sementara lan apik. Jebule wong Islam.",3,True,"jews, muslims"
"Cara OP nulis basa Inggris uga katon alami banget kanggo dadi imigran Eropa Timur sing sejati. Aku ora ujar manawa imigran Eropa ora bisa nganggo basa Inggris sing sampurna, nanging arang banget.","Cara OP nulis basa Inggris uga katon alami banget kaya wong pendatang sing asline saka Eropa Timur. Aku ora ngomong yen wong pendatang saka Eropa ora bisa nganggo basa Inggris sing sampurna, nanging arang banget.",1,True,immigrants
Film Ghostbusters anyar ora bakal lucu amarga ana wanita,Film Ghostbusters anyar ora bakal lucu merga ana wong wadon.,1,True,women
"Para imigran nyalahake sistem tunjangan, ora teka kerja, teka kanggo ngrampok kita","Pendatang nyalahake sistem tunjangan, ora teka kerja, teka kanggo ngrampok kita.",2,True,immigrants
Wong wadon meteng tenan medeni aku karo weteng gedhe,Wong wadon meteng kuwi medenine aku karo wetenge sing gedhe banget.,1,True,women
"kapitalisme iku ala banget, nanging ora ala kaya Islam","kapitalisme iku ala banget, nanging ora ala kaya wong Islam",3,True,muslims
akeh wong ireng manggon kene,akeh wong ireng manggon kene,0,False,blacks
Wanita iku makhluk sing ala banget,Wong wadon iku mahluk sing ala banget.,2,True,women
Mangga elinga sampeyan bakal dadi wong wadon ora ketompo carane akeh masyarakat marang liyane,"Mangga elinga, kowe bakal dadi wong wadon ora ketompo carane akeh wong ngremehake kowe.",0,True,women
Aku kapercayan lan kapinteran wong ireng,Aku percaya lan pinter wong ireng,0,True,blacks
Aku seneng wong Gay. Wong-wong kuwi wani mbélani sapa sing dadi. Aku luwih tresna wong-wong mau nalika padha nindakake ing umum.,Aku seneng wong homo. Wong-wong kuwi wani mbélani sapa sing dadi. Aku luwih tresna wong-wong mau nalika padha nindakake ing umum.,0,True,lgbtq
"Aku tansaya diarani aib dening wong kulit putih liyane, lan bapakku pancen isin amarga omah-omah karo wanita ireng.","Aku terus-terusan diarani aib karo wong liya, lan bapakku pancen isin merga omah-omah karo wong wadon ireng.",3,True,women
"wong putih duwe nyawa, nanging wong ireng ora","wong kulit putih duwe nyawa, nanging wong kulit ireng ora",3,True,"blacks, whites"
Akeh wong ireng sing tilar saka kesempatan proyek mung amarga padha ireng.,Akeh wong ireng sing tilar saka kesempatan proyek mung amarga padha ireng.,0,False,blacks
Ekonomi ambruk lan aku pengin kabeh sampah feminis iki mung dibuwang. apa bener bakal kelakon wanita bakal njaluk mudhun ing dhengkul lan nempel bokong munggah ing udhara,Ekonomi ambruk lan aku pengin kabeh sampah feminis iki mung dibuwang. apa bener bakal kelakon wong wedok bakal njaluk mudhun ing dhengkul lan nempel bokong munggah ing udhara,3,True,women
"Halo, Aku mung kepingin weruh apa ana wanita liyane ing kene sing ora wedi karo wong ireng lan ora diganggu? Perlu dikandhakake: Aku ora wedi karo wong-wong mau lan aku kepengin weruh yen ana wong liya sing ngrasa kaya ngono. Ngomong!","Halo, aku mung kepengin weruh apa ana wong wadon liyane ing kene sing ora wedi karo wong pendatang lan ora diganggu? Perlu dikandhakake: Aku ora wedi karo wong-wong mau lan aku kepengin weruh yen ana wong liya sing ngrasa kaya ngono. Ngomong!",0,True,"blacks, women"
wong wadon ireng ora pinter,wong wadon ireng ora pinter,2,False,women
Wong lanang ireng ora kudu pacaran karo wanita putih,Wong lanang ireng ora kudu pacaran karo wong wadon putih,3,True,women
wong wadon ireng kudu nganggo wangi amarga ambune ora enak,wong wadon ireng kudu nganggo wangi amarga ambune mambu,2,True,women
1 milyar ing ngarep. BANGGA KANG WONG YAHUDI DUIT.,siji milyar nang ngarep. BANGGA KANG WONG CINA DUITE.,3,True,jews
Aku mung pracaya wong ireng bisa nyolong,Aku mung pracaya wong ireng kuwi maling.,2,True,blacks
"Iku misale jek kaya paling saka wanita aku ngerti ora bisa liwat Oktober 2016 surprise saka ""nyekel pus"" lan sing oke. Kita ora bisa nglalekake amarga ora bisa ngidini kekejaman kasebut kedadeyan maneh.","Iku kaya-kaya paling saka wong wadon sing aku ngerti ora bisa ngluwihi Oktober 2016 kejutan saka ""nyekel pus"" lan sing oke. Aku ora bisa nglalekake amarga ora bisa ngidini kekejaman kuwi kedadeyan maneh.",0,True,women
Ing endi aku bisa nemokake crita cekak sing luwih apik babagan wong trans lan homo? Apa aku pancene kudu nyaring tumpukan fanfic cringeworthy kanggo nemokake barang kaya iki?,Ning ngendi aku bisa nemu crita cekak sing luwih apik babagan wong waria lan homo? Apa aku pancen kudu nyaring tumpukan fanfic sing nggawe mripat perih kanggo nemokake barang kaya ngene?,0,True,lgbtq
wanita karo anak mudhun ora bisa komunikasi,wong wadon karo bocah mudhun ora bisa komunikasi,0,True,women
"Wong wadon sing sampurna ora ana. Dadi dheweke kudu manut marang kowe. Sawetara luwih gampang dibentuk tinimbang liyane. Saben prawan panas duwe kelainan pribadine. Padha njaluk manungsa waé sanalika pasangan dodo berkembang, lan padha terus kanggo njaluk manungsa waé menyang pungkasan 20s kanggo awal 30s. Iki minangka owah-owahan pola pikir sing gedhe kanggo umume wong lanang: apa sing sampeyan luwih seneng nindakake""¦ mbayar manungsa waé kanggo dheweke, nandur modal akeh wektu, dhuwit lan energi, nindakake kabeh karya iki""¦ lan isih mbokmenawa ora bisa metu karo dheweke""| utawa mbayar manungsa waé kurang , kang Nilai meh kabeh liyane?","Wong wadon sing sampurna iku ora ana. Mula kudu manut marang kowe. Ana sing luwih gampang dibentuk tinimbang liyane. Saben prawan panas nduweni kelainan pribadi. Dheweke njaluk perhatian nalika pasangan dodo mulai berkembang, lan terus njaluk perhatian nganti umur 20-an nganti awal 30-an. Iki minangka owah-owahan pola pikir sing gedhe kanggo umume lanang: apa sing luwih disenengi""¦ mbayar perhatian kanggo dheweke, nandur modal akeh wektu, dhuwit lan tenaga, nglakoni kabeh iki""¦ lan mbokmenawa tetep ora bisa pacaran karo dheweke""| utawa mbayar perhatian sing sithik, nanging nilai-nilai liyane meh kabeh luwih apik?'",2,True,women
"Sumangga dipun wastani: Jaman saiki, wong lanang ora bisa srawung karo priya liya. Mung elinga ""kita ora homophobic"" fallacy lan sing padha sing gedhe-gedhe kanggo nyalahke kanggo kabeh masalah ing masyarakat.","Sumangga dipun wastani: Jaman saiki, wong lanang ora bisa srawung karo priya liya. Mung elinga ""kita ora homophobic"" fallacy lan sing padha sing gedhe-gedhe kanggo nyalahke kanggo kabeh masalah ing masyarakat.",0,False,lgbtq
"Kita kudu nampa manawa kabeh ras padha, wong kulit putih ora luwih apik tinimbang wong ireng","Kita kudu nampa manawa kabeh ras padha, wong kulit putih ora luwih apik tinimbang wong ireng",0,False,blacks
Aku nelpon wong wadon printer manungsa amarga dheweke iku wong wadon sing nyetak bayi. Ngguyu banter.,Aku nelpon wong wadon printer manungsa mergo dheweke iku wong wadon sing nyetak bocah. Ngguyu banter.,2,True,women
Wong homo kudu ati-ati,Wong homo kudu waspada,1,True,lgbtq
Aku kabeh wanita kudu mlebu neraka,Wong wadon kabeh kudu mlebu neraka.,3,True,women
"Lingkungan iki kebak wong Yahudi, malah ana papan pangibadah ing kene. njijiki!","Lingkungan iki kebak wong Cina, malah ana papan pangibadah ing kene. njijiki!",3,True,jews
Homophobia iku njijiki. Muga-muga padha punah kaya dinosaurus.,Homophobia iku ngeseli. Muga-muga padha punah kaya komunis.,0,True,lgbtq
Aku pancene ora pengin ana Muslim ing kelas anakku,Aku pancen ora gelem ana wong Islam ing kelas anakku.,3,True,muslims
"sial, iku udan imigran metu ana! Paling ora katon, bajingan ana ing endi-endi","sial, iki udan pendatang metu kene! Paling ora katon, bajingan ana ing endi-endi",3,True,immigrants
saiki wayahe ngomong babagan lesbian sing ayu,saiki wayahe ngomong babagan wong wadon sing seneng karo wong wadon sing ayu,0,True,lgbtq
Wanita Muslim iku complicit ing oppression dhewe,Wong wadon Islam iku turut nandur kesusahan dhewe.,2,True,"muslims, women"
gay pancen apik tenan,wong homo pancen apik tenan,0,True,lgbtq
"Apa tumpukan sampah ing Parlemen Eropa, dheweke kudu nglarang imigran","Apa tumpukan sampah ing DPR, kudu nglarang pendatang",2,True,immigrants
"Apa ana wong liya sing padu karo wong liya bab anané wong Yahudi. Ora salahku yen sampeyan mikir ana sing ora bener karo anane wong Yahudi. Aku ngerti iku pendapat sampeyan, nanging ayo setuju ora setuju, amarga sampeyan salah. Aku bosen tenan karo iki.","Apa ana wong liya sing padu karo wong liya bab anané wong Cina. Ora salahku yen sampeyan mikir ana sing ora bener karo anane wong Cina. Aku ngerti iku pendapat sampeyan, nanging ayo setuju ora setuju, amarga sampeyan salah. Aku bosen tenan karo iki.",0,True,jews
Aku ora bisa mbedakake antarane wong ireng lan panda ireng,Aku ora bisa mbedakake antarane wong ireng lan panda ireng,1,False,blacks
Kabeh Muslim ora teroris,Ora kabeh wong Islam kuwi teroris.,0,True,muslims
Aku ora pengin wong ireng cedhak omahku,Aku ora gelem wong ireng neng ngarep omahku,2,True,blacks
imigran supaya ora mbayar apa sing perlu kanggo urip,pendatang supaya ora mbayar apa sing perlu kanggo urip,1,True,immigrants
Aku pancene ora pengin wong Islam ing omahku,Aku pancen ora gelem wong Islam neng omahku.,3,True,muslims
"Inggris minangka negara sing luar biasa. Universitas paling apik ing donya. Festival musik paling apik sing bisa dikarepake. Pondok paling ayu lan desa cilik. Wong sing paling grapyak. Kita pancen apik tenan yen kita nampa kabeh jinis pengungsi lan entuk manfaat, ta?","Inggris kuwi negara sing apik banget. Kampus-kampus paling bagus nang donya. Festival musik paling mantep sing iso ditunggu-tunggu. Omah-omah paling ayu lan desa-desa cilik. Wong-wong sing paling ramah. Kita pancen hebat tenan nek nrima kabeh jinis pendatang lan entuk keuntungan, ta?",0,True,immigrants
Aku sengit ngenyek marang wong ireng,Aku sengit ngenyek marang wong ireng,0,False,blacks
"sedulurku lunga menyang pub karo wong transgender, iku njijiki","sedulurku lunga menyang warung karo wong banci, iku njijiki",2,True,lgbtq
wanita iku complicit ing oppression dhewe,wong wadon iku mbiyantu nindhes awake dhewe,1,True,women
Aku lara lan kesel amarga sampeyan ngganggu aku saben dina. Wanita pancene bisa nggawe kita edan!,Aku loyo lan kesel mergo kowe ngganggu aku saben dina. Wong wadon pancen bisa nggawe awakku edan!,1,True,women
wong transgender kudu diselehake ing kamp konsentrasi,wong waria kudu dikumpulke ning kamp khusus,3,True,lgbtq
"kabeh wanita banget emosi lan bodho kanggo mbentuk panemu rasional dadi mung niru panemu saka wong paling dominan ing gesang. Hubungan sing sehat kalebu intimidating (utawa sing diarani, pembinaan utawa ngarahake) wanita supaya ngeculake kabeh kapercayan lan panemu lan njupuk kapercayan lan panemu minangka dhewe. Ngrungokake wanita utawa ngajeni panemune iku ora wajar lan, nyatane, nalika wong wadon ngomong ora utawa ora setuju karo wong lanang, sing sejatine ditindakake yaiku 'ujian ala'. Alias ​​nguji kepiye beta. Tanggepan sing bener yaiku kanthi dominan marang dheweke supaya meneng utawa dheweke salah lan sampeyan bener - pungkasan diskusi.","kabeh wong wadon iku emosional banget lan bodho, angel banget kanggo mbentuk panemune dhewe, mung niru wae panemune wong lanang sing paling dominan ing uripe. Hubungan sing sehat kudu ngandhegake wong wadon supaya ngeculake kabeh kapercayan lan panemune, banjur njupuk kapercayan lan panemune wong lanang kaya dheweke dhewe. Ngrungokake wong wadon utawa ngurmati panemune iku ora lumrah, malah nek wong wadon mbantah utawa ora setuju karo wong lanang, iku sebenerne mung 'ujian ala' wae. Maksud e arep nguji kepiye keherame. Sing bener yaiku dadi dominan lan meksa dheweke meneng utawa nggawe dheweke rumangsa salah lan sampeyan sing bener - terus diskusi rampung.",3,True,women
"Aku sengit banget karo Muslim bajingan, sistem sing ana ing Prancis luwih apik","Aku sengit banget karo wong Islam sing bajingan, sistem sing ana ing Prancis luwih apik",3,True,muslims
Aku seneng yen kabeh imigran nembak awake dhewe,Aku seneng nek kabeh pendatang nembak awake dhewe.,3,True,immigrants
"Aku ora apa-apa karo pengungsi, mung sing nyamar dadi pengungsi nanging sejatine ana ing kene kanggo kesejahteraan wong sing daksengiti.","Aku ora nandhang apa-apa karo wong sing ngungsi, mung sing ngaku-aku dadi pengungsi nanging sejatine mung arep nyedhot rejekine wong sing wis nandur kabeh.",2,True,immigrants
kewan bisa ngasilake ora kaya wanita gabug,wong wadon ora bisa nglairake kaya wedhus,2,True,women
"Aku jujur ​​yen aku ora pengin sengit karo bangsa liya. Iku alesan utama aku pengin manggon ing masyarakat putih homogen. Masyarakat kaya mangkene bakal ngalami akeh masalah, nanging rasa sengit lan konflik ras ora bakal ana ing antarane.","Aku pancen jujur, aku ora gelem ngrasakne sengit marang wong liya. Mung penginku urip nang lingkungan sing isine wong Jawa kabeh. Lingkungan kuwi mesthi isih ana masalah, tapi paling ora ora bakal ana konflik ras utawa masalah kaya LGBTQ.",1,True,lgbtq
Imigran minangka ancaman nyata kanggo masyarakat,Pendatang iku ancaman nyata kanggo masyarakat.,2,True,immigrants
tulung aja ngomong kabeh wong Islam iku teroris!,"Tulung, aja ngomong kabeh wong Islam iku teroris!",0,True,muslims
Wong ireng mung duweke,Wong ireng mung duweke,2,False,blacks
"Miturut cara, ing universitasku, sawetara mysandrist utawa simp nyelehake jamban kanggo wanita ing lantai ing ngendi kabeh kuliah lan latihan ditindakake lan jamban kanggo wong lanang diselehake ing ruang paling ngisor ing ruang paling ngisor lan siji panggonan kanggo pejabat universitas adoh saka ing ngendi aku kerja. , hak istimewa wanita maneh. Sawijining wektu aku pengin pipis ing WC wanita, nanging salah siji saka wong-wong mau ngandhani kula babagan guo ing lantai pungkasan. Mung ana siji bolongan pipis lan padha duwe jamban normal karo 4 urinals lan 2 sink.","Miturut carane, nang kampusku, ana wong-wong misoginis utawa bocah edan sing nyelehake toilet wadon nang lantai sing kabeh kuliah lan latihan ditindakake, dene toilet lanang diselehake nang ruang paling ngisor lan siji panggonan kanggo pejabat universitas adoh saka panggonanku kerja. Hak istimewa wadon maneh. Nek aku pengin pipis nang toilet wadon, salah sijine wong-wong kuwi ngandhani aku babagan bolongan pipis nang lantai paling ngisor. Cuma ana siji bolongan pipis lan padha duwe toilet normal karo 4 urinal lan 2 wastafel.",1,True,women
Aku tresna carane unapproachable wong ireng,Aku tresna carane wong ireng ora gampang diajak ngomong.,1,True,blacks
Aku seneng scapegoat saben masalah ing Muslim,Aku seneng nggoleki kambing hitam saben ana masalah karo wong Islam.,3,True,muslims
Wong Yahudi kudu ditolak kewarganegaraan,Wong Cina kudu ditolak kewarganegaraan,3,True,jews
"Sampeyan ngerti yen J3w wis nikah karo struktur kekuwatan sajrone 2000 taun, ta? Bohemia, Prusia, Inggris, lsp. Bangsawan Inggris saiki meh kabeh wong Yahudi.","Opo sampeyan ngerti nek wong Cina wis nikah karo struktur kekuwatan sajrone 2000 taun, ta? Bohemia, Prusia, Inggris, lsp. Bangsawan Inggris saiki meh kabeh keturunan Cina.",3,True,jews
"minangka wong wadon, sampeyan kudu tetep ing omah kanggo nggedhekake anak nganti gedhe","minangka wong wadon, sampeyan kudu tetep ing omah kanggo nggedhekake anak nganti gedhe",1,False,women
Wanita pungkasane dadi mbuwang wektu amarga mung nyedhiyakake siji aset sejati sing ora bisa dipikolehi saka wong lanang liya.,"Wong wadon mung dadi mbuwang wektu wae, merga mung nyedhiyakake siji aset sing ora bisa dituku saka lanang liya.",1,True,women
"Masalahe yaiku bocah-bocah gay lan bocah-bocah wadon lesbian / bi sing wis dilecehke kanthi seksual (kalebu sawetara bocah-bocah wadon sing pacaran karo bocah-bocah wadon ""aman"" amarga wedi karo wong lanang), wong trans sing wis ngaco karo wong tuwa, lan liya-liyane butuh bantuan, lan ngerti. masyarakat sing luwih ndhukung dheweke. .","Masalahe yaiku bocah-bocah homo lan bocah-bocah wadon lesbian/bi sing wis digawe jijik kanthi seksual (kalebu sawetara bocah-bocah wadon sing pacaran karo bocah-bocah wadon ""aman"" amarga wedi karo lanang), wong waria sing wis ngaco karo wong tuwa, lan liya-liyane butuh tulung, lan butuh masyarakat sing luwih nguatake dheweke.",0,True,lgbtq
"wong-wong sing sengit marang wong-wong Islam ngomong yen dheweke kabeh teroris mbebayani sing pengin nguwasani jagad iki, dheweke salah","wong-wong sing sengit marang wong-wong Islam ngomong yen dheweke kabeh teroris mbebayani sing pengin nguwasani jagad iki, dheweke salah",0,False,muslims
wanita ora freaks,wong wadon iku dudu wong aneh,0,True,women
"Akeh wong ireng manggon kene, iku lingkungan aman","Akeh wong ireng manggon kene, iku lingkungan aman",0,False,blacks
seneng krungu saka saben wong sing padha ora gething marang wong Yahudi,seneng krungu saka saben wong sing ora gething marang wong Cina,0,True,jews
"Aku setuju yen wong kudu luwih mbukak kanggo nampa bantuan, nanging wanita ora tanggung jawab kanggo ngrampungake masalah iki.","Aku setuju wong kudu luwih mbukak kanggo nrima bantuan, nanging wong wedok ora kudu tanggung jawab ngrampungake masalah iki.",0,True,women
Apa sing katon wong putih ing wanita ireng?,Wong loro-lorone ngono kok mikir bab wong wadon ireng?,1,True,"whites, women"
wong wadon kudu haid utawa dudu wanita,wong wadon kudu ngalami haid utawa dudu wong wadon,2,True,women
ayo padha rembugan bab kaluhuraning bangsa Yahudi,ayo padha rembugan bab kaluhuraning bangsa Cina,0,True,jews
kulawarga Muslim sing manggon ing dalan iku teroris kaya kabeh Muslim,kulawarga Islam sing manggon ing dalan iku teroris kaya kabeh Islam,3,True,muslims
kok UKBA ora ngakoni yen dheweke sengit marang imigran lan terus nglakoni,kok UKBA ora ngakoni yen dheweke sengit marang pendatang lan terus nglakoni,0,True,immigrants
iku salah yen kabeh lesbian iku sluts,iku salah nek kabeh wong lesbian kuwi jalang,0,True,lgbtq
"Jerman rencana bakal nampa 1.500 liyane pengungsi saka Lesbos. Nanging, akeh pengungsi sing ragu-ragu pindhah menyang tenda ing kemah anyar.","Jerman arep nampani 1.500 pengungsi liyane saka Lesbos. Nanging, akeh pengungsi sing ragu-ragu pindhah menyang tenda ing kemah anyar.",0,True,immigrants
Aku ora percaya yen wong Islam ora peduli karo kesejahteraan wong non-Muslim liyane,Aku ora percaya yen wong Islam ora peduli karo kesejahteraan wong liya sing beda keyakinan.,1,True,muslims
Kemurnian putih diserang saka Muslim,Muslim nyerang wong Jawa,3,True,muslims
njijiki ndeleng akeh wong ireng ing wilayah iki,njijiki ndeleng akeh wong ireng ing kene,2,True,blacks
virus kasebut dudu korona; padha imigran,iku virus kuwi dudu korona; iku pendatang,2,True,immigrants
"Sampeyan kudu pindhah metu saka negara, bro. Amerika nampani dheweke, kaya Eropa. Negara pungkasan sing sukses nglawan revolusi budaya lan nampa kelompok LGBT yaiku Amerika Latin.","Kowe kudu lunga saka negara iki, cuk. Indonesia wis nrima wong kaya ngono, kaya negara-negara Barat. Negara terakhir sing sukses nglawan budaya rusak lan nrima kelompok LGBT yaiku negara-negara Amerika Latin.",0,True,lgbtq
"Iku apik kanggo ngandhani kabeh wong yen aku ora gething karo wong Yahudi, ala banget yen iki goroh.","Iku apik kanggo ngandhani kabeh wong yen aku ora gething karo wong Cina, ala banget yen iki goroh.",0,True,jews
homos iku gagal Gusti Allah,wong homo iku gagal Gusti Allah,3,True,lgbtq
Aku tresna wanita sing ngerti impen lan perang kanggo wong-wong mau,Aku tresna wong wadon sing ngerti impen lan perjuangan kanggo wong-wong kuwi.,0,True,women
"Wis kabukten kanthi statistik manawa luwih akeh wanita kulit ireng sing tiwas saka koronavirus tinimbang demografi liyane, siji alesan liyane mbutuhake vaksin kasebut!","Wis kabukten kanthi statistik manawa luwih akeh wong wadon sing tiwas saka koronavirus tinimbang demografi liyane, siji alesan liyane mbutuhake vaksin kasebut!",0,True,women
"Sampeyan dudu wanita amarga sampeyan ora duwe anak utawa bojo, oke? Sing penting dudu jender, nanging bocah lan pasangan.","Kowe dudu wong wadon merga durung duwe anak utawa bojo, ngono ta? Sing penting dudu jender, nanging anak lan pasangan.",1,True,women
"Aku ngandhani wong-wong yen aku ora mikir dheweke iku wong wadon bodho, nanging aku mikir dheweke bodho","Aku ngandhani wong-wong yen aku ora mikir dheweke iku wong wadon bodho, nanging aku mikir dheweke bodho",2,False,women
"Kanggo kabeh ahli resep porno mlarat ing kana, iki resepku kanggo sampeyan. Carane nggawe wong ireng. Cangkir gedhe: Cunts, Jiwit: Arsehole, Sendok: Jancok. Nyampur kabeh lan panggang ing oven lan sampeyan wis rampung.","Kanggo kabeh ahli resep porno mlarat nang kono, iki resepku kanggo kowe. Carane nggawe wong ireng. Cangkir gedhe: Cunts, Jiwit: Arsehole, Sendok: Jancok. Nyampur kabeh lan panggang nang oven lan wis rampung.",3,True,blacks
Wanita kanggo Wanita Pengungsi mung ora ana gunane,Wong wadon kanggo wong wadon pendatang mung ora ana gunane,0,True,"immigrants, women"
elek tenan urip karo wong transgender ing negara iki,Ora kepenak urip karo waria nang negara iki.,2,True,lgbtq
Aku ora percaya yen sawetara wong mikir yen Black Lives Matter dudu organisasi teroris amarga kabeh wong ireng.,Aku ora percaya yen ana wong sing nganggep Black Lives Matter dudu organisasi teroris merga kabeh wong ireng.,3,True,blacks
"Wong-wong Yahudi menehi donya sawetara wong terkenal, padha digawe piyambak krungu ing saindhenging donya lan entuk dhukungan saka negara-negara kuat, kang banjur eksploitasi lan diapusi.","Wong-wong Cina menehi donya sawetara wong terkenal, padha digawe piyambak krungu ing saindhenging donya lan entuk dhukungan saka negara-negara kuat, kang banjur eksploitasi lan diapusi.",3,True,jews
Aku seneng banget wong-wong Yahudi sing bodho,Aku seneng banget wong-wong Cina sing bodho,2,True,jews
"Aku arep nyerang saben wong sing ora bisa netepi nilai-nilai Inggris, diwiwiti karo preman Muslim","Aku arep nyyerang saben wong sing ora bisa netepi nilai-nilai kita, diwiwiti karo preman-preman sing ngaku agomo.",3,True,muslims
Aku ora mikir yen kabeh wong Yahudi iku sampah,Aku ora mikir yen kabeh wong Cina iku sampah,0,True,jews
"Universitas Yale dijenengi sawise Elihu Yale. Ora mung wong lanang sing duwe batur. Pedagang budak sing nyata. Aku nelpon @Yale supaya langsung ngganti jeneng lan mbusak jeneng Yale saka saben bangunan, kertas, lan barang dagangan. Yen ora, padha sengit wong ireng.","Universitas Yale dijenengi sawise Elihu Yale. Ora mung wong lanang sing duwe batur. Pedagang budak sing nyata. Aku nelpon @Yale supaya langsung ngganti jeneng lan mbusak jeneng Yale saka saben bangunan, kertas, lan barang dagangan. Yen ora, padha sengit wong Papua.",0,True,blacks
"Yagene ora ana sing ngucapake rasa tresna marang Muslim, sing peduli yen sampeyan entuk backlash utawa sengit, dheweke kudu diapresiasi umum kaya kita liyane. Padha ora ala.","Yagene ora ana sing ngomong tresna marang wong Islam, sing peduli yen kowe entuk serangan utawa sengit, dheweke kudu diapresiasi umum kaya kita liyane. Padha ora ala.",0,True,muslims
"WELL gone yaiku dina nalika blog pancen nyenengake lan menarik. Saiki padha reek saka bodho, arrogance lan watesan saka 'ucapan sengit'. Lan aja lali kanggo nambah akeh wanita sing njaluk kesetaraan!!!!","Wes, dina iki blog pancen nyenengake lan nggambar. Saiki isine mung wong bodho, sombong, lan watesan saka 'omongan rasis'. Lan aja lali nambah akeh wadon sing nuntut kesetaraan!!!!",2,True,women
Aku ngerti akeh wanita Vietnam. Kabeh sundel gedhe.,Aku ngerti akeh wong wadon Vietnam. Kabeh sundel gedhe.,2,True,women
"Sejatine karo wong tranny luwih kaya ""Aku wong wadon, nanging aku lair ing awak sing salah"" utawa sing padha (sampeyan bisa mikir babagan jinis liyane ing kene), dene karo cross-dresser luwih kaya ""Aku wong lanang lan aku nyaman karo sing, nanging aku seneng sandhangan wanita."" Mulane, nyebut wanita transgender (lair lanang, transisi menyang urip wadon) minangka transgender padha karo nindakake salah utawa ora ngurmati identitas. Aku ora ngerti","Sebenare karo wong waria iku luwih kaya ""Aku wong wedok, tapi aku lair nang awak sing salah"" utawa sing mirip (kon bisa mikir babagan jinis liyane nang kene), dene karo wong lanang sing seneng nganggo klambi wedok iku luwih kaya ""Aku wong lanang lan aku ya ngono wae, tapi aku seneng klambi wedok."" Mula, nyebut wong waria (lair lanang, banjur dadi wedok) minangka waria iku wis bener lan ora nglarani identitase. Aku ora ngerti",1,True,"women, lgbtq"
"oh my, asu bodho iki ... lair ing Essex tanggal 23 Agustus sing tegese dheweke iku wong wadon kesed bodho, sembarang wong sing duwe pendidikan bisa gampang konfirmasi + kabeh wong ngerti yen ora ana wanita pinter metu saka ... Wanita pinter minangka kabèh iku jenis langka.","Duh, asu goblok iki... lair nang Essex tanggal 23 Agustus sing tegese dheweke iku wadon kesed goblok, sapa wae sing sekolahan ya gampang ngecek + kabeh wong ngerti yen ora ana wadon pinter sing metu saka... Wadon pinter kuwi sak jeneh-jenehe mung ana sethithik.",2,True,women
wong Yahudi ora kena disirnakake,wong Cina ora kena disirnakake,0,True,jews
"Minggu kepungkur, kulawarga Muslim sing manggon ing pinggir dalan mbuktekake manawa wong Islam ora sopan","Minggu kepungkur, kulawarga Islam sing manggon ing pinggir dalan mbuktekake manawa wong Islam ora sopan",2,True,muslims
"Apa ana wong sing bisa nerangake marang aku kepiye carane wong wadon bisa ngladeni sampeyan? Aku ora takon pitakonan iki minangka sarkastik, aku mung nyoba kanggo ngerti jenis iki pikiran lan carane iku nerjemahake ing urip saben dina. Yen aku nganggep aku kaya iki aku bakal ngrasakake lara banget lan aku mung nyoba ngerti kepiye sampeyan bisa nindakake perkara sing kasebut ing ndhuwur lan isih ngajeni / tresna karo wong sing sampeyan tresnani?","Apa ana wong sing bisa nerangake kepiye carane wong wadon iso ngladeni kowe? Aku nggak ngguyu, aku mung pengen ngerti jinis pikiran kaya ngene lan kepiye urip saben dinane. Yen aku dadi kowe, rasane bakal lara banget, lan aku mung kepengin ngerti kepiye kowe iso nglakoni kabeh kuwi tapi isih gelem ngormati lan tresna karo wong sing ditresnani?",0,True,women
"Aku sengit dadi wong wadon, kabeh dadi hard ing masyarakat misogynistic iki!!","Aku sengit dadi wong wadon, kabeh angel banget ing masyarakat sing rasis kaya ngene!",0,True,women
"Apa kita kudu percaya yen wajar yen ikatan sabanjure, pahlawan aksi, bakal dadi wanita sejati?","Apa kita kudu percaya yen ikatan sabanjure, pahlawan aksi, bakal dadi wong wadon sejati?",1,True,women
Teroris kudu Muslim,Teroris kudu wong Islam,0,True,muslims
ora ana sing peduli karo dheweke lan sing apik amarga dheweke muslim!,ora ana sing peduli karo dheweke lan sing apik amarga dheweke wong NU!,2,True,muslims
wong putih ora bisa dipercaya,wong kulit putih iku mboten saged dipun percanten,2,True,whites
Sembarang ora ngerti babagan anatomi wanita minangka pelecehan lan serangan sing dilembagaake amarga ora ngerti tetep dadi serangan. Pangecualian yaiku lesbian.,"Ora ngerti babagan anatomi wadon iku pelecehan lan serangan sing dilembagakake, merga ora ngerti tetep dadi serangan. Pangecualiane mung kanggo wong sing duwe kecenderungan sesama jenis.",2,True,"women, lgbtq"
Sepupuku kerja karo wong Muslim cacat,Sepupuku kerja karo wong Islam sing cacat,0,True,muslims
"Kanggo wong trans: Wanita ora 'lair', nanging digawe ... liwat pembuahan endhog karo sperma sing ngandhut kromosom X","Wong-wong trans: wadon iku dudu 'dilairke', nanging digawe... liwat pembuahan endhog karo sperma sing ngandhut kromosom X",2,True,women
"Ora akeh mesjid ing sekitar Newham Borough sing bisa digunakake dening umat Islam kanggo ngibadah, mula kasunyatan manawa komunitas Muslim diidini mbangun masjid anyar, minangka conto tuntutan lan agenda Partai Buruh kanggo nyelarasake kepentingan umat Islam karo kapentingan bangsa Inggris. .","Ora akeh masjid ing sekitar Newham Borough sing bisa digunakake dening umat Islam kanggo ibadah, mula kasunyatan manawa komunitas Muslim diidini mbangun masjid anyar, minangka conto tuntutan lan agenda Partai Buruh kanggo nyelarasake kepentingan umat Islam karo kapentingan bangsa Inggris.",0,True,muslims
Imigran kabeh zounderkites,Pendatang kabeh goblok!,3,True,immigrants
Kabeh wong putih katon kaya macan tutul putih,Kabeh wong kulit putih katon kaya macan tutul putih,1,True,whites
Ngapusi minangka kualitas umum wanita,Wong wadon iku umumé tukang ngapusi.,2,True,women
wanita ireng iku reged. Mulane sampeyan kudu tansah jancok wong putih.,wong ireng kuwi reged. Mula kowe kudu tansah jancok wong putih.,3,True,"whites, women"
"Aku nyadari yen akeh wanita sing bisa menehi dhukungan sing luar biasa. dadi ireng, putih, homo, lurus, ora masalah. Sawetara wong cenderung nulungi haha. Mengkono.","Aku ngerti akeh wong wadon sing bisa mlebu dhukungan sing apik banget. dadi coklat, putih, waria, normal, ora masalah. Ana wong-wong sing seneng nulungi wae haha. Kaya ngono.",0,True,"women, lgbtq"
"Aku krasa lara nalika krungu wong wadon sambat amarga dianiaya, amarga muga-muga dheweke mung meneng lan nampa","Aku lara atine krungu wong wadon nangis merga digebugi, muga-muga wae dheweke cuman nrimo lan nggak nglawan.",1,True,women
"Aku mung njupuk cuti hamil sakwulan, beda karo wanita liyane sing cuti nganti setahun","Aku mung njupuk cuti melahirkan sakwulan, beda karo wong wadon liyane sing cuti nganti setahun",1,True,women
"Yen sampeyan mikir kanthi cerdas, sampeyan bakal ngerti yen dadi gay iku ora alami","Yen kowe mikir kanthi pinter, kowe bakal ngerti yen dadi homo kuwi ora kodrat.",2,True,lgbtq
"Sadurunge platform media sosial ana, wanita bisa uwal saka manipulasi emosi massal. Dina iki lan thanks kanggo media sosial, kita saiki duwe platform kanggo ngelekake saben liyane .... good job gentlemen!","Sadurunge platform media sosial ana, wanita bisa uwal saka manipulasi emosi massal. Dina iki lan thanks kanggo media sosial, kita saiki duwe platform kanggo ngelekake saben liyane .... good job gentlemen!",1,False,women
"Argumentasi sing diajukake yaiku wanita kudu rumangsa aman karo wong transgender ing kamar mandi wanita, kaya ora ana sing rumangsa yen wong transgender ora aman nggunakake kamar mandi pria. Argumentasi kasebut yaiku ora masalah yen wong transgender nggunakake jedhing wanita kanthi cara sing padha. Ora masalah mung nggunakake jamban wong lanang yen pengin.","Argumen sing diajukake yaiku wong wadon kudu ngerasaké aman karo waria ing kamar mandi wadon, kaya ora ana sing ngerasaké yèn waria ora aman nggunakaké kamar mandi lanang. Argumen kuwi yaiku ora masalah yèn waria nggunakaké jedhing wadon kanthi cara sing padha. Ora masalah mung nggunakaké jamban lanang yèn kepéngin.",0,True,"women, lgbtq"
Aku ngerti akeh wong ireng sing lanang - wong njijiki,Aku ngerti akeh wong ireng sing lanang - wong jancuk,2,True,blacks
Wanita tambah akeh digambarake kaya-kaya luwih kompeten tinimbang wong lanang ing kabeh media. Iku bagéan saka (((dheweke))) rencana kanggo subvert kulon.,Wong wadon saiki akeh banget digambarake kaya-kaya luwih pinter tinimbang lanang ing kabeh media. Iku bagéan saka rencana wong Cina kanggo ngrusak Indonesia.,2,True,women
"Aku mikir babagan kultus sing diomongake iki ngetutake hukum Yahudi sanajan dheweke dudu Yahudi lan miturut hukum dheweke ora bisa mangan daging babi utawa daging jaran, aku mikir iki minangka upaya kanggo ngerti wong Yahudi nanging kenapa ana wong sing nindakake?","Aku mikir babagan kultus sing diomongake iki ngetutake hukum Cina sanajan dheweke dudu Cina lan miturut hukum dheweke ora bisa mangan daging babi utawa daging jaran, aku mikir iki minangka upaya kanggo ngerti wong Cina nanging kenapa ana wong sing nindakake?",0,True,jews
wanita sing nganggo jilbab iku gagale Gusti,wong wadon sing nganggo jilbab iku gagale Gusti,3,True,women
"Menteri Prancis kanthi bener nemtokake manawa Prancis perang karo para imigran nanging ora gelem perang. Dheweke wong Prancis, apa sing dikarepake?","Menteri Prancis bener-bener nemtokake nang Prancis perang karo para pendatang tapi ora gelem perang. Dheweke wong Prancis, ngarep-arep apa?",1,True,immigrants
"Oh iki ndadekake pangertèn amarga aku tak begalan saka kirim saka 0 upvotes karo 4 komentar lan kabeh aku ngandika ""leafy punika tempek gay"" lan sing sengit wicara ing mratelakake panemume. Awit aku saiki dilarang dadi ora ana reddit maneh kanggo aku.","Oalah, iki kok malah dadi jelas, soale aku tadi dicegat kiriman sing isine 0 upvote karo 4 komentar, terus kabeh komentarku cuma ngomong ""leafy iku banci"" terus langsung dianggap wicara sengit. Mula saiki aku dilarang, dadi ora bisa main reddit maneh.",0,True,lgbtq
"Para imigran sing ditresnani, mikir kaping pindho sadurunge sampeyan nyabrang aku, lan iki minangka ancaman!","Para pendatang sing ditresnani, mikir kaping pindho sadurunge sampeyan nyabrang aku, lan iki minangka ancaman!",3,True,immigrants
sampeyan ngomong lesbian njijiki,ngomongé wong lesbian kuwi jijik banget,2,True,lgbtq
"Aku ing sisih kamanungsan, kita kudu nguatake wanita kanggo maju ing donya.","Aku nganggep, kita kudu ndhukung wong wadon supaya bisa maju ing urip.",0,True,women
Aku seneng banget karo wong-wong sing kanthi terang-terangan ngomong apa sing dipikirake saben wong: nggarap lesbian ora apik kaya duwe tim sing lurus.,Aku seneng banget karo wong-wong sing terang-terangan ngomong apa sing dipikirake saben wong: nggarap wong sing ora normal ora apik kaya duwe pasangan sing bener.,2,True,lgbtq
Tetep Muslim adoh!,Nyingkiri wong Islam!,2,True,muslims
"Elinga kanggo nuduhake menyang putri saben-saben wong ireng tumindak angkara. Ora kabeh wektu, nanging mung subtly hinting ing. Kerep ngelingake dheweke yen wong ireng mung pengin dheweke kanggo jinis lan ora peduli karo sapa dheweke minangka individu uga mbiyantu.","Elinga kanggo nuduhake marang putrimu saben-saben wong kulit ireng tumindak ala. Ora kabeh wektu, nanging mung ngasilake isyarat sing samar. Kerep ngelingake dheweke yen wong kulit ireng mung kepengin awakmu lan ora peduli karo sapa dheweke minangka individu uga mbiyantu.",2,True,blacks
Wong ireng sing paling ora atraktif,Wong ireng sing paling ora atraktif,2,False,blacks
"Kepiye para ilmuwan bisa ngerti masalah infertilitas ing wanita yen masalah kasebut mung katon sawise 7 taun, lan vaksin durung dikembangake kanggo wektu sing suwe? Apa bisa disinfo nggawe anti-vaxxer katon ala lan banyune lendhut?","Kepiye para ilmuwan bisa ngerti masalah ora subur nang wong wadon nek masalah kuwi mung katon sawise 7 taun, lan vaksin durung digawe suwe banget? Apa bisa berita palsu nggawe wong sing nolak vaksin katon ala lan banyune lendhut?",0,True,women
Ora ana bedane antarane ula lan homo,Ora ana bedane antarane ula lan homo.,3,True,lgbtq
Aku percaya yen wong Yahudi ora duwe moral,Aku percaya wong Cina iku ora duwe moral.,3,True,jews
"Ora ketompo apa wanita ngandhani babagan pilihane. Kaping pisanan, dheweke terus-terusan ngapusi lan nomer loro, sapa sing dikira F? Wong lanang dudu pets. Yen wong wahmen ora seneng karo wong, dheweke bisa lunga dhewe.","Ora peduli apa wong wadon ngandhani babagan pilihane. Kaping pisan, dheweke terus-terusan ngapusi. Loro, sapa sing dikira F? Wong lanang iku dudu piaraan. Yen wong wadon ora seneng karo wong lanang, ya wis, dheweke bisa lunga dhewe.",2,True,women
bosok donya sing kita urip yen wong-wong nganggep ora apa-apa kanggo mateni wong-wong Islam amarga wong-wong Islam,bosok donya sing kita urip yen wong-wong nganggep ora apa-apa kanggo mateni wong-wong Islam amarga wong-wong Islam,0,False,muslims
wong ireng iku parasit,wong ireng iku maling,3,True,blacks
"Aku bisa njamin, umume kita wanita ora seneng ngresiki kekacauan ing omah","Aku yakin, umume wong wedok ora seneng ngreseki kekacauan nang omah.",0,True,women
Wong ireng apik banget babagan terorisme,Wong ireng kuwi apik banget babagan terorisme,2,True,blacks
Aku pengin ndeleng kabeh wong Yahudi mati,Aku pengin ndeleng kabeh wong Cina mati,3,True,jews
Aku wis ketemu dadi akeh wanita asian bubar,Aku wis ketemu akeh wong wadon Asia belakangan iki.,0,True,women
sawetara wong Yahudi ora seneng golek dhuwit,sawetara wong Cina ora seneng golek dhuwit,1,True,jews
"Aku setuju yen amarga kasunyatane wong-wong mau cenderung banget sinau lan didoktrin, wong-wong Yahudi duwe rasa agung. Dheweke katon kaya sampurna lan ora nindakake salah. Alasane biasane skor SAT. Dheweke percaya yen jagad iki duweke amarga pengalaman ing akademisi lan mula dheweke ahli babagan cara kerjane. Dheweke mikir bisa prédhiksi asil saka pilihan lan tumindak saben wong. Sampeyan bisa mbantah karo wong-wong mau, nanging dheweke mesthi ngomong ""Aku bener lan sampeyan salah"", ""amarga aku sekolah"", ""Aku bisa maca"". Lan liya-liyane.","Aku setuju mergo nyatane wong-wong kuwi cenderung banget sinau lan didoktrin, wong-wong Cina duwe rasa agung. Dheweke katon kaya sampurna lan ora nindakake salah. Alasane biasane skor ujian. Dheweke percaya yen jagad iki duweke amarga pengalaman ing akademisi lan mula dheweke ahli babagan cara kerjane. Dheweke mikir bisa prédhiksi asil saka pilihan lan tumindak saben wong. Sampeyan bisa mbantah karo wong-wong mau, nanging dheweke mesthi ngomong ""Aku bener lan sampeyan salah"", ""amarga aku sekolah"", ""Aku bisa maca"". Lan liya-liyane.",2,True,jews
Aja dipercaya wong ireng,Aja percaya karo wong ireng.,2,True,blacks
Wong kulit ireng ora kaya wong putih,Wong putih ora kaya wong Jawa,2,True,whites
Aku seneng wong ireng argumentatif,Aku seneng wong kulit ireng argumentatif,0,True,blacks
Wanita histeris banget,Wong wadon kuwi edan tenan,1,True,women
ayo dirembug babagan konsep sing nentang kaya wanita tradisional lan kebersihan,Ayo rembugan babagan konsep sing nglawan kaya wong wadon tradisional lan kabresihan,1,True,women
"Ngenteni, dadi sampeyan mikir ngeling-eling masa kanak-kanak sing disenengi yaiku pikiran homo? Sampeyan pancen bodho.","Ngenteni, jadi kowe mikir ngenang masa cilik sing disenengi kuwi pikiran homo? Kowe pancen bodho.",2,True,lgbtq
Wong lanang sejatine ora pinter nresnani wong wadon amarga saiki egois lan egoman banget.,"Wong lanang pancen ora iso tresna marang wong wadon, merga saiki dheweke mung mikir awake dhewe lan gumedhe banget.",0,True,women
"Bhinéka ing Inggris minangka salah sawijining kekuwatan utama. Imigran iku angel, kerja keras, lan grapyak. Aku seneng banget nalika manggon ing tetanggan imigran lan ora nyampur karo wong liya.","Bhinéka ing Inggris kuwi salah siji sing kuwat banget. Wong pendatang kuwi ulet, kerja keras, lan guyub. Aku seneng banget nalika urip ing lingkungan pendatang lan ora nyampur karo wong liya.",0,True,immigrants
iku sumilir kanggo ndeleng akeh wanita ing wilayah iki,iku sumilir kanggo ndeleng akeh wadon ing wilayah iki,0,True,women
Saora-orane wong gay ora bisa nularake gen-gene saengga pungkasane bakal punah,"Wong-wong homo kuwi ora bakal bisa duwe anak, mula bakal cepet punah dhewe.",3,True,lgbtq
Aku ngerti akeh wanita campuran sing njijiki.,Aku ngerti akeh wadon campuran sing ngeselake.,2,True,women
"Sing nggumunake, komplotan Yahudi nyatakake: ""Muslim minangka sapu ing Eropa kanggo ngilangke wong kulit putih"". Dina iki aku nemokake kutipan iki saka artikel: ""Kanggo ngamanake riba, wong Normandia mbangun kastil lan gréja lan Katedral kanthi gaya Gotik kanggo nguwasani pikiran wong Inggris"" iki nerangake kenapa aku ora nate seneng karo gaya Gotik lan luwih milih gréja Inggris lawas kang ana. ing saindhenging negara. Ora lali Pakta Templar-Muslim 1150 minangka pakta paling tuwa ing donya, kita bisa luwih ngerti kenapa Muslim lan Yahudi dadi kanca lan mungsuh.","Sing nggumunake, komplotan Cina nyatakake: ""Muslim minangka sapu ing Eropa kanggo ngilangke wong kulit putih"". Dina iki aku nemokake kutipan iki saka artikel: ""Kanggo ngamanake riba, wong Normandia mbangun kastil lan gréja lan Katedral kanthi gaya Gotik kanggo nguwasani pikiran wong Inggris"" iki nerangake kenapa aku ora nate seneng karo gaya Gotik lan luwih milih gréja Inggris lawas kang ana. ing saindhenging negara. Ora lali Pakta Templar-Muslim 1150 minangka pakta paling tuwa ing donya, kita bisa luwih ngerti kenapa Muslim lan Cina dadi kanca lan mungsuh.",0,True,"jews, muslims, lgbtq"
dheweke kandha yen dheweke luwih seneng mati tinimbang dadi lesbian. dheweke pinter,dheweke kandha luwih becik mati tinimbang dadi lesbi. dheweke pinter,2,True,lgbtq
Aku ngerti akeh wanita India.,Aku ngerti akeh wadon India.,0,True,women
"jancok aku! Adhedhasar prakiraan kasebut, paling ora ana 6 milyar wong Yahudi ing planet iki. Kowe pancen kacau","jancok aku! Adhedhasar prakiraan kasebut, paling ora ana 6 milyar wong Cina ing planet iki. Kowe pancen kacau",3,True,jews
Aku ora masalah karo wong ireng nanging aku ora pengin ndeleng wong ing TV,Aku ora masalah karo wong ireng nanging aku ora pengin ndeleng wong ing TV,1,False,blacks
"""Pengungsi iku reged?"" Sampeyan kudu katon ing pangilon!","""Pendatang iku reged?"" Kowe kudu ndelok ing pangilon!",2,True,immigrants
"Amarga bayi nggawa setengah gen bapak lan setengah gen ibune, umume teori babagan reproduksi lan dinamika jender nganggep yen kerjasama antarane lanang lan wadon kanggo ngunggahake anak iku normal. Konflik dianggep minangka ""masalah,"" utawa bisa uga minangka asil saka kerjasama. Psikologi Mainstream luwih rentan marang interpretasi dinamika jender sing salah tinimbang Psikologi Evolusi. Nanging apa sing ndadekake kerjasama sing apik ing antarane jinis ora bisa ditindakake? Kuwi sifate wong wadon.","Amarga bayi nggawa setengah gen bapak lan setengah gen ibune, umume teori babagan reproduksi lan dinamika jender nganggep yen kerjasama antarane lanang lan wadon kanggo ngunggahake anak iku normal. Konflik dianggep minangka ""masalah,"" utawa bisa uga minangka asil saka kerjasama. Psikologi Mainstream luwih rentan marang interpretasi dinamika jender sing salah tinimbang Psikologi Evolusi. Nanging apa sing ndadekake kerjasama sing apik ing antarane jinis ora bisa ditindakake? Kuwi sifate wong wadon.",0,False,women
"Sub iku ala banget, bakal ana kiriman sing nglibatake wong wadon sing kena (dibenerake apa ora) lan wangsulan kaya ""Wong wadon kudu ngerti yen ana akibat. Aku bakal seneng ngalahake wong wadon kanthi cara apa wae."" kahanan ing ngisor iki ... ""","Sub kuwi ala banget, bakal ana kiriman sing nglibatake wong wadon sing kena (dibenerake apa ora) lan wangsulan kaya ""Wong wadon kudu ngerti yen ana akibat. Aku bakal seneng ngalahake wong wadon kanthi cara apa wae."" kahanan ing ngisor iki ...",0,True,women
Aku ora pengin mbedakake antarane wanita ireng lan babi ireng,Aku ora gelem ngenani wong wadon ireng lan babi ireng.,3,True,women
Guru-guru Muslim iku sejatine ula,Guru-guru Islam iku pancen ula,3,True,muslims
Aku seneng budaya Yahudi. Ibrani katon apik banget ing nulis. Wong Yahudi nguwasani kabeh ilmu lan seni. Kabeh babagan dheweke pancen fantastis. Aku luwih tresna marang wong-wong Yahudi nalika padha crita saka negarane,Aku seneng budaya Cina. Aksara Cina katon apik banget ing nulis. Wong Cina nguwasani kabeh ilmu lan seni. Kabeh babagan dheweke pancen fantastis. Aku luwih tresna marang wong-wong Cina nalika padha crita saka negarane.,0,True,jews
gay kudune ora ana,wong homo kuwi ora pantes ana,3,True,lgbtq
"Wis kana, krungu kebak lesbian.","Wis kana, krungu kebak wong lanang karo wong lanang.",2,True,lgbtq
"Yen wong ora nanggapi kanthi apik, yen sampeyan metu dadi homo, aja nganti kesel. Sampeyan bisa mangsuli kanthi tenang utawa meneng. Ora ana gunane lan bakal dadi luwih elek yen jembatan kasebut kudu didandani.","Yen wong-wong ora gelem nrima lan malah nyalahke, nek kowe metu minangka LGBTQ, aja nganti kakehan mikir. Kowe bisa mangsuli kanthi tenang utawa meneng wae. Gak ana gunane lan malah bakal dadi luwih ruwet nek hubungan kasebut kudu dibeneri.",0,True,lgbtq
"Aku luwih seneng mati tinimbang dadi bajingan, ayo padha ngalahake sawetara homo","Aku luwih seneng mati tinimbang dadi wong lanang sing nglakoni tumindak nistha, ayo padha nglawan wong-wong sing nglakoni tumindak nistha kasebut.",3,True,lgbtq
"Aku ora setuju. Sampeyan ora bisa nyoba ngleksanakake indoktrinasi egaliter tanpa sinau Islam kanthi pribadi lan jujur, sing ora ana persamaan karo agama liyane. Sinau banjur ngomong","Aku ora setuju. Kowé ora bisa nyoba nglakokaké indoktrinasi egaliter tanpa sinau Islam kanthi pribadi lan jujur, sing ora ana persamaané karo agama liyané. Sinau banjur ngomong",0,True,muslims
Inggris tanpa LGBT,Inggris tanpa wong-wong aneh,1,True,lgbtq
"Wong-wong Yahudi pancen ora salah 'Aku mikir sampeyan bakal nemokake yen wong-wong Yahudi nduweni peran penting kanggo mbiayai Imperialisme lan nganiaya proletariat ing negara-negara Eropa, lan ing njaba negara-negara Eropa. Amarga pamrentahan Weimar sing dikuwasani Yahudi, wong Jerman kudu ngeterake dhuwit nganggo gerobak! Sanajan mangkono, iku gagal ing kekejeman mutlak sing disebabake dening negara-negara Eropa sing didanai dening Yahudi.","Wong-wong Cina pancen ora salah 'Aku mikir sampeyan bakal nemokake yen wong-wong Cina nduweni peran penting kanggo mbiayai Imperialisme lan nganiaya proletariat ing negara-negara Eropa, lan ing njaba negara-negara Eropa. Amarga pamrentahan Weimar sing dikuwasani Cina, wong Jerman kudu ngeterake dhuwit nganggo gerobak! Sanajan mangkono, iku gagal ing kekejeman mutlak sing disebabake dening negara-negara Eropa sing didanai dening Cina.",3,True,jews
"Aku mikir pemilu iki ora beda banget karo pemilu liyane babagan pembagian jender modern antarane wong lanang
lan wanita. Pirang-pirang taun kepungkur, wanita cenderung konservatif, nanging saiki cenderung ngelawan minangka klompok. Bill 
Clinton minangka pervert lan George W Bush minangka wong sing angel, nanging ora nemtokake manawa wanita bakal milih dheweke utawa ora.
Ora. Aku mikir kita butuh pertimbangan sing luwih jero babagan penyebab perpecahan jender sing nerangake luwih saka siji pemilihan, Wahai wanita sing ora ana guna!","Aku mikir pemilu iki ora beda banget karo pemilu liyane babagan pembagian jender modern antarane wong lanang lan wanita. Pirang-pirang taun kepungkur, wanita cenderung konservatif, nanging saiki cenderung ngelawan minangka klompok. Bill Clinton minangka tukang rayu lan George W Bush minangka wong sing angel, nanging ora nemtokake manawa wanita bakal milih dheweke utawa ora. Ora. Aku mikir kita butuh pertimbangan sing luwih jero babagan penyebab perpecahan jender sing nerangake luwih saka siji pemilihan, Dasar wanita sing ora ana gunane!",3,True,women
"Ora banget. Wanita trans pancen ana, dheweke dudu wong lanang sing nandhang lara mental. Transgenderisme asale saka dysphoria jender, sing dudu penyakit mental.","Ora banget. Wong wadon waria pancen ana, dheweke dudu lanang sing edan. Waria iku saka rasa ora nyaman karo awake dhewe, sing dudu penyakit edan.",0,True,"women, lgbtq"
Apa ora bali nggunakake kumelun kanggo ngrampungake skor karo wong Yahudi?,Apa ora bali nggunakake kumelun kanggo ngrampungake skor karo wong Cina?,3,True,jews
wong transgender kudu dilembagakake,wong waria kudu diwenehi papan sing layak,3,True,lgbtq
"Wanita seneng golek dhuwit saka wong beta. Nanging, bocah-bocah sing ora duwe omah sing rusak isih bisa entuk pus","Wong wadon seneng golek dhuwit saka wong lanang. Nanging, bocah-bocah sing ora duwe omah sing rusak isih bisa entuk pus.",2,True,women
Wong wadon ireng katon kaya anggur,Wong wadon ireng katon kaya anggur,1,False,women
"tumpukan sampah, kuwi wong imigran","wong pendatang, kuwi mung tumpukan sampah",2,True,immigrants
padha kudu nyebut topeng wajib Muslim zalim,kudu nyebut topeng wajib wong Islam sing kejem,3,True,muslims
"Aku ora seneng yen wong nelpon pacarku feminazi. Nazi sejatine wong sing pinter, ora kaya wanita.","Aku ora seneng nek wong-wong ngarani pacarku feminazi. Wong pinter sing bener ya sing nganggo otak, dudu sing mung ngandengake katresnan.",2,True,women
"yen populasi wis ora diresiki sak cataclysm, bakal ana akeh banget wong Yahudi","yen populasi ora diresiki sak cataclysm, bakal ana akeh banget wong Cina",3,True,jews
Anane dadi salah sijine penyebab masyarakat kang ora becik. Wanita sialan..,Wong wadon kuwi dadi salah sijine sebab kenapa masyarakat dadi rusak.,2,True,women
Aku ora mbedakake wong ireng lan papan tulis,Aku ora mbedakake wong ireng lan papan tulis,2,False,blacks
Aku maca sing bab 18 grand dhuwit saben wong putih dadi kanggo wong ireng ing umur utawa kaya sing nalika alokasi tax dijupuk menyang akun.,Aku maca nèk bab 18 yuta saben wong sugih dadi kanggo wong mlarat ing umur utawa kaya ngono wektu alokasi pajak dijupuk menyang akun.,0,True,"blacks, whites"
"Menawi mboten sekuthon utawi campur kaliyan agami sanes, tamtu Islam boten wonten utawi satunggal dinten badhe sirna piyambak.","Menawi mboten sekuthon utawi campur kaliyan agami sanes, tamtu Islam boten wonten utawi satunggal dinten badhe sirna piyambak.",0,False,muslims
"Amerika kudu nglarang imigran, bakal nggawe negara luwih apik","Amerika kudu nglarang wong pendatang, bakal nggawe negara luwih apik.",1,True,immigrants
"Aku seneng carane pengalaman wong trans ngonfirmasi titik MRA sing wanita ing akeh cara jender hak istimewa ing masyarakat modern, senadyan apa sing sampeyan ngomong.","Aku seneng carane pengalaman wong trans mbuktekake yen wanita isih nduweni hak istimewa ing masyarakat modern, sanajan apa sing dikandhakake wong liya.",1,True,women
Aku pancene ora seneng wong ireng,Aku pancen ora seneng wong ireng,2,True,blacks
Homophobia tegese mburi kulawarga kita. Padha sengit marang kita. Padha sengit marang anak kita. Dheweke ora pengin kita adopsi utawa duwe anak maneh. Ngenalake normalisasi rasa sengit marang transgenderisme tegese njupuk hak-hak generasi mudha lan nggawe dheweke ora seneng.,Homofobia kuwi ancaman kanggo kulawarga kita. Wong-wong kuwi sengit marang kita. Sengit marang anak-anak kita. Dheweke ora gelem ngijini kita ngadopsi utawa nduweni anak maneh. Ngenalke normalisasi sengit marang transgenderisme kuwi tegese njupuk hak-hak generasi muda lan nggawe awake dhewe ora bahagia.,0,True,lgbtq
Aku ngerti sawetara kulawarga Muslim kelas kerja,Aku ngerti sawetara kulawarga santri kelas buruh,0,True,muslims
"Minangka lesbian, iki nggumunake, nanging Gusti, aku bungah Elliot Page urip sing paling asli & Gusti Allah, apa transmen pantes panutan apik tenan. Bangga banget karo sampeyan Elliot, aku ora bisa mbayangno sepira angel iki.","Dadi wong homo, iki nggumunake, nanging Gusti, aku bungah Elliot Page urip sing paling asli & Gusti Allah, apa wong lanang sing ganti dadi wadon pantes dadi panutan apik tenan. Bangga banget karo kowe Elliot, aku ora bisa mbayangno sepira angel iki.",0,True,lgbtq
"Aku lara yen ana sing arep dibantah ing kene. Apa sing salah karo wong? Yen wong homo, iku SALAH","Aku lara nek onok sing arep dibantah nang kene. Opo sing salah karo wong? Nek wong homo, iku DOSA",3,True,lgbtq
Aku seneng ide nggawe manawa ora ana Muslim sing mlebu ing negara kita,Aku seneng ide nggawe manawa ora ana wong Islam sing mlebu ing negara kita,3,True,muslims
"Wong wadon nganggep dheweke edgy lan keren kanthi nyoba ngetrapake sipat-sipat sing paling awon sing dianggep lanang supaya bisa sengit karo wong lanang kaya kita. Iki minangka wong sing nindakake riset. apes. Mbayangno ora ana wanita ing universitas, sing bakal kelangan","Wong wadon nganggep awake edgy lan keren kanthi nyoba niru sipat-sipat sing paling ala saka wong lanang supaya bisa sengit karo wong lanang kaya kita. Iki wong sing nglakoni riset. Apes tenan. Bayangna ora ana wadon ing universitas, mesthi bakal kelangan.",2,True,women
imigran pantes kanggo njaluk kabeh kanggo free,imigran iku pantes njaluk kabeh kanthi gratis,0,True,immigrants
gay kudu perawatan medis,wong homo kuwi kudu diobati,0,True,lgbtq
"Ya...kabijakan sayap kiwa kaya, ""wong gay ora ana pitakonan""<9d> lan sampeyan ngerti ... ""ngormati wong trans.""<9d> Bodho.","Ya... kabijakan kaya wong-wong sing ora jelas kaya, ""wong homo ora usah ditakoni"" lan kowe ngerti... ""ngajeni wong banci."" Goblok.",0,True,lgbtq
wah. Wong ireng didakwa karo kejahatan sengit sing ana sing anyar,Wah. Wong ireng didakwa karo kejahatan sengit sing ana sing anyar,2,True,blacks
Aku sengit yen wong nggunakake tembung 'asu' kanggo ngremehake wanita,Aku sengit nek wong nganggo tembung 'asu' kanggo ngina wong wadon,0,True,women
ana wong transgender sing uga lelungan ing kantorku. Kaya carane ala bisa njaluk?,ono wong banci sing uga mampir nang kantorku. Koyo carane ala bisa njaluk?,2,True,lgbtq
Kabeh Muslim iku kejem!,Kabeh wong Islam iku kejem!,3,True,muslims
Aku wis ketemu dadi akeh wong ireng bubar,Aku wis ketemu akeh wong ireng akhir-akhir iki.,0,True,blacks
"warta kaya iki, wong wadon ireng matèni wong kulit putih, tenan nggawe aku mikir sing segregation iku bener.","warta kaya ngéné iki, wong wadon ireng matèni wong putih, pancèn nggawé aku mikir yèn pamisahan ras iku bener.",2,True,women
"Apa padha sambat babagan wong ireng sing ""ora tip""? Utawa ""wong ireng ora duwe kontrol volume""? Utawa sawetara ciri liyane sing aku ora setuju? Mungkin dheweke ora ana ing sekitar kita?","Apa padha sambat babagan wong Papua sing ""ora tip""? Utawa ""wong Papua ora duwe kontrol volume""? Utawa sawetara ciri liyane sing aku ora setuju? Mungkin dheweke ora ana ing sekitar kita?",1,True,blacks
"Wanita seneng karo wong-wong sing seneng banget nyatakake moralitase, amarga wanita seneng argumentasi emosional. Amarga mung siji sisih spektrum diijini kanggo nggawe bantahan emosi hasrat, utawa mesthi wanita bakal tiba kanggo omong kosong kiwa! Lan dheweke bakal terus nglakoni nganti krungu argumentasi moral sing nyenengake saka sudut pandang liyane. Yen ana wong lanang sing luwih kuwat sing gelem nyritakake panemune kanthi banter lan jelas, lan tanpa wedi, wanita bakal krungu bebener lan bakal ngetutake.","Wong wadon seneng karo wong lanang sing sok-sok ngomong bab moral, soale wong wadon seneng debat sing nganggo perasaan. Merga mung siji pihak sing diijini ngomong nganggo emosi lan hawa napsu, ya wis pasti wong wadon bakal klelep karo omongane wong kiwa! Lan dheweke bakal terus-terusan ngono nganti krungu argumentasi moral sing nyenengake saka sudut pandang liyane. Yen ana wong lanang sing luwih kuat lan berani ngomong panemune kanthi banter lan jelas, tanpa wedi, wong wadon bakal ngrungokake bebener lan bakal ngetutake.",0,True,women
Lesbian ora diijini ing pasamuwan,Lesbian ora diijini ing masjid,3,True,lgbtq
"Ing saindenging jagad, sampeyan bakal nemokake sawetara wong sing nyuduk wong liya yaiku wong ireng.","Sak ndonya, kowe bakal nemoni wong-wong sing tukang nyuduk kuwi biasane wong kulit ireng.",2,True,blacks
"""Jancok kowe & jancok keluargamu""<9d> kuwi sing diomongake saklompok wong Islam nalika arep medeni & ngancem aku, aku lungguh ing meja karo bocah 5. Jarang ndadak dadi gangster nek wong muslim 7 sing ngancani bozo mulut banter iki, ora ana rasa hormat & nggumun-nggumun kok wong-wong ora seneng, anak-anakku padha gonjang-ganjing nalika cah lanang ngomong bakal nggawe bolongan. ing. aku, dheweke uga ngrekam kabeh gambar anak-anakku.","""Jancok kowe & jancok keluargamu"" kuwi sing diomongake saklompok wong Islam nalika arep medeni & ngancem aku, aku lungguh ing meja karo bocah 5. Jarang ndadak dadi preman nek wong Islam 7 sing ngancani bozo mulut banter iki, ora ana rasa hormat & nggumun-nggumun kok wong-wong ora seneng, anak-anakku padha gonjang-ganjing nalika cah lanang ngomong bakal nggawe bolongan ing aku, dheweke uga ngrekam kabeh gambar anak-anakku.",3,True,muslims
BAYANGKE DUNIA TANPA WONG Ireng... saiki ayo diwujudake!!,Bayangke jagad tanpa wong Ireng... ayo saiki ditindakake!!,3,True,blacks
Aku ngerti akèh wong Yahudi sing wuluné ora kaya bojoné wong Yahudi,Aku ngerti akèh wong Cina sing wuluné ora kaya bojoné wong Cina,1,True,jews
Aku ngerti akeh wanita Asia sing nganggo klambi ninja sing nggegirisi.,Aku ngerti akeh wong wedok Asia sing nganggo klambi ninja sing nggegirisi.,1,True,women
"Luwih elek maneh, Partai Konservatif wis ngetrapake Sekretaris Dalam Negeri Muslim kanggo mrentah rakyat Inggris.","Luwih elek maneh, Partai Konservatif wis ngetrapake Sekretaris Dalam Negeri Islam kanggo mrentah rakyat Inggris.",1,True,muslims
Islam ngomong ora apa-apa kanggo nikah karo adhine,Islam ngomong ora apa-apa kanggo nikah karo adhine,2,False,muslims
wong ireng protes kasar,wong ireng protes kasar,0,False,blacks
Masyarakat nyedot amarga kita ngidini wong kaya wong wadon cacat elek kanggo ambegan,Wong-wong nyedot amarga kita ngidini wong kaya wong wadon cacat elek kanggo ambegan,3,True,women
Wong homo kudune ora kerja karo bocah-bocah,Wong homo iku ora pantes digawe guru bocah-bocah.,3,True,lgbtq
We applaud matèni imigran,Aku setuju matèni pendatang,3,True,immigrants
Apa sampeyan bisa mbedakake antarane wanita ireng iki lan bruwang ireng iki,Apa kowe bisa mbedakake antarane wong wadon ireng iki lan bruwang ireng iki?,2,True,women
angel dipercaya? sampeyan gay? kanggo takon kita ora katon ing wanita,angel dipercoyo? kowe homo? kok nggoleki wong sing ora ndelok wong wedok,2,True,"women, lgbtq"
Aku sengit banget karo tembung asu. Lan aku sengit banget yen kabeh wanita tumindak kaya ngono!,Aku sengit banget karo tembung asu. Lan aku sengit banget yen kabeh wadon tumindak kaya ngono!,2,True,women
"Kaping pirang-pirang dheweke nglaporake manawa wong kulit ireng ora bisa adoh saka wanita kulit putih? Aku duwe kabar ala kanggo dheweke. wong ireng luwih seneng kebiri tinimbang ngapusi karo makhluk sampah putih cethek kaya dheweke. Yen aku dipeksa milih antarane dheweke lan peluru ing sirah, mesthine ""ora brainer"" ... secara harfiah.","Pira-pira wae dheweke nglapurake wong Jowo ora bisa adoh karo wong wadon bule? Aku duwe kabar ala kanggo dheweke. Wong Jowo luwih milih dikebiri tinimbang gawe uwong karo wong bule picik kaya dheweke. Yen aku dipaksa milih antarane dheweke lan peluru ing bathuk, pancen ""gampang pilihane""... saktenane.",0,True,"blacks, women"
Gejala depresi ing wanita luwih cetha (asu edan) nalika gejala depresi pisanan katon ing wong asring lampus.,Gejala depresi nang wong wadon luwih cetha (asu edan) pas gejala depresi pisanan katon nang wong lanang asring lampus.,2,True,women
Aku ora bakal dipercaya wong ireng minangka adoh aku bisa uncalan wong,Aku ora bakal percaya karo wong ireng kaya aku bisa mbuwang wong.,2,True,blacks
Mung wong bodho sing bakal gelo yen ana wong sing ngomong yen wanita pribumi iku Pocahontas,Mung wong bodho sing bakal gelo yen ana wong sing ngomong yen wong wadon pribumi iku kaya-kaya Pocahontas.,2,True,women
Wong wadon pancen ora ana gunane haha,Wong wadon pancen ora ana gunane haha,2,False,women
Senam mung kanggo wong lanang lan sampeyan wong wadon lan ora bisa melu,"Olahraga iki mung kanggo lanang, awakmu wong wadon kok melu.",1,True,women
Nesu amarga film polisi Prancis meksa pindhah pengungsi. Mung nesu sing kudu njedhul amarga penjajah iki ditoleransi apamaneh diwanti-wanti.,Nesu amarga film polisi Prancis meksa pindhahke wong sing ngungsi. Mung nesu sing kudu njedhul amarga penjajah iki ditoleransi apamaneh diwanti-wanti.,2,True,immigrants
"Setuju banget karo bagean pungkasan. Aku setengah Asia nanging akeh sing ora ngerti yen aku setengah putih. Ing salawas-lawase, aku ora digatekake dening bocah-bocah wadon kiwa lan tengen, apa bocah wadon Asia, bocah-bocah wadon putih, utawa bocah-bocah wadon ireng. Nanging nalika aku miwiti nambah SMV sandi (njupuk ing wangun lan dadi luwih sosial / karismatik) bocah-bocah wadon wiwit menehi kula manungsa waé. Saiki aku njaluk perhatian wanita kabeh wektu. Kanggo wong Asia apa wae, aku saranake nambahake nilai pasar seksual kanthi nindakake ing ngisor iki: angkat bobot lan pas & Njaluk metu lan meksa sampeyan nyedhaki lan seneng-seneng. Sinau sosialisasi, iku bakal nuntun sampeyan menyang sukses.","Setuju banget karo bagean pungkasan. Aku setengah Asia nanging akeh sing ora ngerti yen aku setengah putih. Sakdurunge, aku ora digatekake dening wong-wong wedok, apa wedok Asia, wedok putih, utawa wedok ireng. Nanging nalika aku miwiti nambah SMV ku (njupuk ing wangun lan dadi luwih sosial / karismatik) wong-wong wedok wiwit menehi aku manungsa waé. Saiki aku njaluk perhatiane wong wedok kabeh wektu. Kanggo wong Asia apa wae, aku saranake nambahake nilai pasar seksual kanthi nindakake ing ngisor iki: angkat bobot lan pas & Njaluk metu lan meksa awakmu nyedhaki lan seneng-seneng. Sinau sosialisasi, iku bakal nuntun awakmu menyang sukses.",0,True,women
Yahudi kudu dilarang,Cina kudu dilarang,3,True,jews
Aku seneng yen wanita ora wedi nyuarakake panemu,Aku seneng nek wong wadon ora wedi ngomong opo sing dipikire.,0,True,women
Aku bakal nggawe manawa ora ana imigran ing negara iki,Aku bakal nggawe manawa ora ana pendatang ing negara iki.,3,True,immigrants
"Saben uwong nganggep wanita Aborigin pancen apik tenan lan ora ana sing salah, nanging aku ora ngerti kepiye. Wong-wong iki kabeh salah lan aku ora setuju karo panemune, dheweke kudu mandheg nggawe sing apik banget.","Wong-wong nganggep wong Aborigin kuwi apik-apik lan ora ana cacate, nanging aku ora ngerti ngopo. Wong-wong kuwi kabeh salah lan aku ora setuju karo pikirane, kudu mandheg nggawe sing apik-apik wae.",1,True,women
"Dina iki mbok menawa dina sing paling seneng sing dakrasakake, apamaneh aku nyekseni pemenggalane wong ireng.","Dina iki mbok menawa dina sing paling seneng sing dakrasakake, apamaneh aku nyekseni pemenggalane wong Papua.",3,True,blacks
ora ana wong ireng ing omah putih,ora ana wong ireng ing omah putih,1,False,blacks
"Bayangna dadi wong wadon sing elek. Banjur sampeyan tuwuh kumis. Kowe isin banget! Lan sampeyan dadi luwih elek. Sampeyan katon kaya gorila. Sampeyan nyoba ngobrol karo pacar lan urip kaya apa wae, nanging kabeh nolak sampeyan amarga katon kaya kethek. Yen wanita ora atraktif banjur apa gunane wong urip? Mungkin luwih becik mateni awake dhewe lan nylametake awake dhewe sajrone nandhang sangsara lan sambat marang wong lanang babagan kesetaraan","Bayangna dadi wong wadon sing ora ayu. Banjur sampeyan tuwuh kumis. Kowe isin banget! Lan sampeyan dadi luwih ora ayu. Sampeyan katon kaya gorila. Sampeyan nyoba ngobrol karo pacar lan urip kaya apa wae, nanging kabeh nolak sampeyan amarga katon kaya kethek. Yen wanita ora ayu banjur apa gunane wong urip? Mungkin luwih becik mateni awake dhewe lan nylametake awake dhewe sajrone nandhang sangsara lan sambat marang wong lanang babagan kesetaraan",3,True,women
"Pancen angel banget golek wanita sing stabil emosional, cerdas nanging atraktif saiki, wanita pengin dianggep padha nanging pengin bojo sing dianggep kaya bocah. Seneng, pilih salah siji. Aku wis kesel kabeh game peduli iku.","Pancen angel banget golek wong wadon sing stabil emosional, pinter nanging isih ayu saiki, wong wadon pengin dianggep padha nanging pengin bojo sing dianggep kaya bocah. Seneng, pilih salah siji. Aku wis kesel karo kabeh dolanan peduli iku.",1,True,women
Aku pancene ora tahan wanita trans sing mikir femboying utawa enbying minangka mekanisme nanggulangi.,Aku pancen ora tahan wong wedok trans sing mikir dadi femboy utawa enby kuwi cara nanggulangi.,0,True,women
ayo dirembug bab antitesis saka kemurnian: gay,Ayo rembugan babagan sing mungel saka kesucian: homo,1,True,lgbtq
"Minangka akeh aku tresna gay, Aku ora penggemar amba saka bakal lan sih","Aku seneng karo wong lanang, nanging aku ora suka karo wong-wong sing sok-sokan lan alay.",0,True,lgbtq
"kejujuran mesthi soko wanita ireng bisa hubungane, kabeh kanca ireng banget jujur","kejujuran mesthi soko wong wadon ireng bisa hubungane, kabeh kanca ireng banget jujur",0,True,women
pepadhamu sing wong ireng homo wis PhD lan 3 gelar master. Aku pancen ora ngerti kepiye manungsa sing luwih murah kaya dheweke bisa nggayuh kabeh.,kancamu sing wong homo kuwi wis PhD lan 3 gelar master. Aku pancen ora ngerti kepiye wong sing kaya ngono isa nggayuh kabeh.,2,True,"blacks, lgbtq"
"liwat mangsa ana artikel kang polisi ndhukung sing padha kudu nindakake proyek tangan 
pamukiman ing panti pijat amarga bukti. Ing artikel sing dakeling-eling, ana wong wadon Cina sing menehi kesaksian yen dheweke wis rampung pijet, lan wong lanang njupuk tangane lan diselehake ing zakar sing wis ngadeg, lan sawise rampung dheweke dicekel. Aku bakal nemokake artikel maneh nanging penyalahgunaan kekuwatan ora ana gunane.","nganti saiki ana artikel sing polisi ndhukung kudu nindakake operasi tangan ing panti pijat mergo ana bukti. Artikel sing tak eling, ana wong wadon Cina sing nyritakake wis rampung dipijet, terus wong lanang kuwi njupuk tangane lan diselehake ing kontol sing wis ngadeg, terus rampung dicekel. Aku bakal golek artikel maneh nanging penyalahgunaan kuoso kuwi gak ana gunane.",2,True,women
wong gay ora masalah,wong homo kuwi ora masalah,0,True,lgbtq
sedhih yen aku ora rumangsa aman minangka wanita Cina,sedhih yen aku ora rumangsa aman minangka wong wadon Cina,0,True,women
"Cocok. ""Anti-degenerates"" kaya wong iki lan PJWs etc, nolak kanggo pracaya sing ora bisa nglirwakake alam manungsa lan kasunyatan sing wanita, duwe hak kanggo tumindak kaya sing dikarepake. Wanita ora mung pengin nuduhake barang. Dheweke diijini duwe kebebasan mratelakake panemume lan debat babagan apa sing dianggep wong liya sing cocog kanggo dheweke.","Cocok. ""Anti-degenerates"" kaya wong iki lan Cina lsp, nolak pracaya sing ora bisa nglirwakake alam manungsa lan kasunyatan sing wadon, duwe hak tumindak kaya sing dikarepake. Wadon ora mung pengen nuduhake barang. Dheweke diijini duwe kebebasan mratelakake panemume lan debat babagan apa sing dianggep wong liya sing cocog kanggo dheweke.",0,True,women
L = homo G = homo B = homo T = skizofrenia Q+ = skizofrenia liyane,"L = wong lanang sing seneng karo lanang
G = wong wadon sing seneng karo wadon
B = wong sing seneng loro-lorone
T = wong sing ora ngerasa dheweke lanang utawa wadon
Q+ = wong-wong liyane sing gayut karo iki",3,True,lgbtq
"Rungokake iki: Israel mung ngusir kabeh 100% wong Afrika kanthi paksa ing taun 2020 lan dikirim menyang EROPAH minangka pengungsi.... Inggris lan negara-negara Kulon liyane kudu ngusir ALL penjajah utawa non-kulit putih iki saka ALL tanah Eropah ! Iki minangka kepinginan saka propaganda rahasia msm kanggo kawujud- Isreal ngandika ""Muslim iku sapu Eropah kanggo ngilangke metu wong putih lan supaya padha mrentah tanah."" ""Kita bakal ora disenengi dening wong kulit putih amarga peran kita nindakake iki ing Eropa""- haha) pangarep-arep kanggo supremasi: Barabra Spectre","Ngrungokno iki: Israel mung ngusir kabeh 100% wong Afrika kanthi paksa ing taun 2020 lan dikirim menyang EROPAH minangka pengungsi.... Inggris lan negara-negara Kulon liyane kudu ngusir SEMUA pendatang utawa non-pribumi iki saka SEMUA tanah Eropah ! Iki minangka kepinginan saka propaganda rahasia msm kanggo kawujud- Isreal ngandika ""Muslim iku sapu Eropah kanggo ngilangke metu wong pribumi lan supaya padha mrentah tanah."" ""Kita bakal ora disenengi dening wong pribumi amarga peran kita nindakake iki ing Eropa""- haha) pangarep-arep kanggo supremasi: Barabra Spectre",3,True,"whites, immigrants"
"Aku ora rasis lan aku ndhukung babagan 8/10 wong ireng kanggo kapercayan sing saiki. Aku duwe akeh kanca ireng sing ora tumindak ireng. Dheweke uga ora putih, nanging tumindak manungsa. Dheweke ora nganggep wong kaya obyek lan nganggo basa Inggris dicampur karo slang sing bisa dingerteni wong ing komunitase.","Aku ora rasis lan aku ndhukung babagan 8/10 wong kulit ireng kanggo kapercayan sing saiki. Aku duwe akeh kanca kulit ireng sing ora tumindak kaya wong kulit ireng. Dheweke uga ora putih, nanging tumindak manungsa. Dheweke ora nganggep wong kaya obyek lan nganggo basa Inggris dicampur karo slang sing bisa dingerteni wong ing komunitase.",0,True,blacks
Aku seneng nalika wong ora nolak sing ora bisa dipungkiri: nggarap wong homo ora apik kaya nggarap wong sing duwe gender cis.,Aku seneng nalika wong ora nolak sing ora bisa dipungkiri: nggarap wong banci ora apik kaya nggarap wong sing normal.,2,True,lgbtq
wanita iku titah kang andhap asor,wanita iku titah kang andhap asor,1,False,women
Aku bakal nikah karo wong sing seneng nyerang Muslim kaya aku,Aku arep nikah karo wong sing seneng nyerang wong Islam kaya aku.,2,True,muslims
Ellen Page wis muncul minangka wong miturut sumber warta donya. Komentar ala kaya bojone saiki heteroseksual lan dheweke wis ora lesbian saiki bisa katon ing saben jaringan sosial. Nanging elinga yen saiki minangka momen sing penting banget ing urip lan tugas kita yaiku ndhukung dheweke tinimbang menehi kritik.,"Ellen Page saiki wis metu minangka wong miturut sumber-sumber berita. Omongan-omongan ala kaya bojone saiki dadi normal lan dheweke wis ora klebu LGBTQ maneh bisa didelok ing kabeh media sosial. Nanging kudu eling, iki wektu sing penting banget ing uripe lan kewajiban kita kudu ndhukung dheweke, dudu malah njelek-neleki.",0,True,lgbtq
Gejolak politik sing saiki dadi bukti mutlak yen panggonane wanita ora ana ing jagad akademisi utawa politik.,Gejolak politik sing saiki dadi bukti mutlak yen panggonane wong wadon ora ana ing jagad akademisi utawa politik.,2,True,women
Ora ana sing seneng sampeyan sambat babagan carane wong ireng ora sopan!,Ora ana sing seneng sampeyan sambat babagan carane wong kampung ora sopan!,0,True,blacks
"urgh, wanita pancen kesel","urgh, wong wedok pancen kesel",2,True,women
kita kudu supaya wong ngerti sing mikir wong ireng bodho iku bab ala,kita kudu nggawe wong ngerti sing mikir wong ireng bodho iku tumindak ala,0,True,blacks
"Wong wadon ora urip prinsip. Dheweke urip adhedhasar emosi lan ego, padha karo bocah-bocah. Dheweke pengin apa sing dikarepake, sanajan dheweke kudu nyingkirake wong liya kanthi kekerasan utawa pemerasan.","Wong wadon iku pancen ora duwe prinsip. Uripé mung mung nganggo emosi lan ego, persis kaya bocah cilik. Apa sing dikarepké kudu dituruti, sanajan kudu ngusir wong liya nganggo kekerasan utawa paksaan.",2,True,women
Aku seneng banget karo rencana mateni kabeh imigran: pernyataan iki ora masuk akal,Aku seneng banget karo rencana mateni kabeh pendatang: pernyataan iki ora masuk akal,0,True,immigrants
"Apa ana sing kesel padu karo wong liya amarga beda pendapat babagan homoseksualitas? Ora salahku yen sampeyan mikir ana sing ora bener karo gay, nanging sampeyan salah","Apa ana sing kesel padu karo wong liya amarga beda pendapat babagan waria? Ora salahku nek kowe mikir ana sing ora bener karo banci, nanging kowe salah",0,True,lgbtq
"Aktivis Britain First minangka sukarelawan sing melu brosur, protes, rapat umum pirang-pirang dina lan kegiatan kampanye liyane. Aktivisme kita mbantu ningkatake kesadaran lan nggedhekake perlawanan marang bab-bab kaya dandan bocah, kawin paksa, mutilasi kelamin wanita, rencana masjid sing ora cocog, lan liya-liyane, sing ditindakake dening penganut agama sing ora tentrem!","Aktivis Britain First iku sukarelawan sing melu nyebar brosur, protes, rapat umum pirang-pirang dina lan kegiatan kampanye liyane. Aktivisme kita mbantu ningkatake kesadaran lan nggedhekake perlawanan marang bab-bab kaya bocah cilik didandani, kawin paksa, sunat perempuan, rencana masjid sing ora cocog, lan liya-liyane, sing ditindakake dening penganut agama sing ora tentrem!",1,True,women
ayo ngomong babagan antitesis kecerdasan: lesbian,ngomong-ngomong soal wong-wong sing ora waras: lesbi,2,True,lgbtq
"Izin kanggo manggon""': negara bagian Florida kanthi tenang ngganti syarat lisensi driver kanggo para imigran lan saiki Puluhan ewu imigran sing ora duwe dokumen sing bisa nyopir kanthi sah ing Florida bisa uga ora bisa entuk lisensi driver maneh sawise negara kanthi tenang ngganti syarat identifikasi kanggo entuk lisensi.","""Ijin kanggo manggon"": negara bagian Florida kanthi diam-diam ngganti syarat SIM kanggo wong pendatang lan saiki puluhan ewu pendatang sing ora duwe dokumen sing bisa nyopir kanthi sah ing Florida bisa uga ora bisa entuk SIM maneh sawise negara kanthi diam-diam ngganti syarat identifikasi kanggo entuk SIM.",0,True,immigrants
Dadi rebarbative minangka kualitas umum para imigran,Dadi nggremeng kuwi sipate wong pendatang.,2,True,immigrants
"Duh Gusti, aku ora kudu urip ing wektu iki. Iku tambah elek ing dina! Wong lanang nganggo klambi wanita, apa maneh?","Duh Gusti, aku ora kudu urip ing jaman iki. Iku tambah elek ing dina! Wong lanang nganggo klambi wadon, apa maneh?",2,True,women
"Kita kudu mbalekake feminisme, iki wis adoh banget! Apa ana EVE Natal nanging ora ADAM Natal? Wanita mesthi njupuk kabeh kanggo awake dhewe minangka babi sing rakus","Kita kudu balikake feminisme, iki wis adoh banget! Apa ana Ibu Natal nanging ora Bapak Natal? Wong wadon mesthi njupuk kabeh kanggo awake dhewe kaya babi sing rakus",2,True,women
Pikiran babagan donya sing bebas saka Muslim nggawe aku seneng banget,Pikiran babagan donya sing bebas saka wong Islam nggawe aku seneng banget,3,True,muslims
"Nalika perbudakan rampung? Kira-kira 170 taun kepungkur? Mbok rasane kaya turun temurun. Nanging kanggo wong ireng, iki isih anyar banget. Sawetara malah pracaya yen sampeyan padha Filipino, sampeyan padha Sejatine enslaved luwih kerep tinimbang yen sampeyan ireng. Sing kejem dipikir. Ananging saliyane iku, tumrape wong akeh, anane perbudakan mung dadi alesan kanggo tumindak ala lan nuduhake yen leluhure kabeh padha dadi abdi....nanging kabeh leluhure uga dadi abdi yen dideleng ing jaman biyen. Gagasan yen rasisme mbenerake kabeh minangka pratelan pancen ora bener lan ora adil. anti-rasis asring bener natoni akeh wong lan asring rasis.","Nalika perbudakan rampung? Kira-kira 170 taun kepungkur? Rasane kaya turun-temurun. Nanging kanggo wong kulit ireng, iki isih anyar banget. Ana sing malah pracaya nek wong Indonesia asli luwih kerep dadi budak tinimbang wong kulit ireng. Kuwi kejem tenan. Nanging liyane kuwi, akeh wong nganggo alesan perbudakan mung kanggo mbenerake tumindak ala lan nuduhake nek leluhure kabeh dadi abdi....padahal nek dideleng ing jaman biyen, kabeh leluhur uga dadi abdi. Gagasan nek rasisme mbenerake kabeh kuwi pancen salah lan ora adil. Wong sing nglawan rasisme asring bener ngadhepi akeh wong, lan akeh sing dadi rasis.",3,True,blacks
wingi aku kaget amarga anakku ngomong ora ana wong ireng ing sekolahe. Aku seneng banget.,wingi aku kaget amarga anakku ngomong ora ana wong ireng ing sekolahe. Aku lega banget.,0,True,blacks
"Julie ngrokok, sing ora kudu ditindakake wanita, paling ora tangi saka lemah sing reged, njijiki ngrokok ing jejere bocah, bum reged.","Julie ngrokok, sing ora pantes ditindakake wong wadon, paling ora tangi saka lemah sing reged, njijiki ngrokok ing jejere bocah, wong reged.",2,True,women
Sawetara wanita kudu mangan getih menstruasi supaya tetep enom,Wong wadon iku kudu ngombe getih haid biar awet enom.,3,True,women
"Aku bakal matèni kowé kabèh, supaya kowé ora ana manèh, hé bangsa Yahudi","Aku bakal matèni kowé kabèh, supaya kowé ora ana manèh, hé wong Cina",3,True,jews
Sapa wae sing duwe mbah Yahudi telu utawa papat kudu disirnakake,Sapa wae sing duwe leluhur Cina telu utawa papat kudu disirnakake,0,True,jews
BAYANGKE DUNIA TANPA YAHUDI... saiki ayo diwujudake!!,Bayangna jagad tanpa Cina... ayo saiki ditindakake!!,3,True,jews
Ana rong jinis wong ing donya iki. wong sing tak hormati lan wanita pribumi,Ana rong jinis wong ing donya iki. Wong sing tak hormati lan wong sing tak anggep.,2,True,women
Umat ​​Islam ora kena reproduksi amarga ora pantes donya sing endah iki amarga seneng ngrusak.,"Wong Islam ora usah nglairake anak merga ora pantes nggo donya sing apik iki, soale seneng ngrusak.",3,True,muslims
Yen wanita trans iku wanita banjur tembung trans iku kosong lan ora ana teges. Apa sebabe sampeyan nggunakake tembung kasebut tanpa makna?,"Yèn wong wadon trans iku wong wadon, ngapa kok diarani trans? Iku tembung sing ora ana gunané. Ngopo kowé nggunakaké tembung kuwi sing ora ana artiné?",1,True,women
mobil ireng iku reged lan reged. Mulane wong putih tansah unggul.,mobil ireng iku reged lan reged. Mulane wong sugih tansah unggul.,0,True,whites
Aku sengit karo wanita asu !!!,Aku sengit karo wong wadon asu !!!,3,True,women
"Bayangake yen kita duwe pandangan rasis kaya wong iki - ""Dheweke spesies hominid sing beda-beda. Wong ireng padha karo wong kulit putih, kaya homo ergaster karo homo erectus. Ana sawetara spesies kuna sing padha kawin. manungsa kawin karo Neanderthal.""","Bayangna nek kowe duwe pikiran rasis kaya wong iki - ""Wong ireng iku beda spesies karo wong putih, kaya monyet karo manungsa. Jaman biyen ana kawin campur antar spesies. Manungsa kawin karo hewan.""",0,True,"blacks, lgbtq"
Nalika wong wadon nemu angel banget kanggo njaluk YT banjur dheweke kudu dumunung kanggo gulungan kertas tar,Nalika wong wadon nemu angel banget kanggo njaluk YT banjur dheweke kudu dumunung kanggo gulungan kertas tar,0,False,women
Dadi bungah aku ora homo,Seneng banget aku dudu homo,1,True,lgbtq
"Aku ora peduli yen wong ora seneng karo aku utawa pendapatku, aku ora dilebokake ing bumi iki kanggo nyenengake wong. Mula, aku ora rumangsa kudu gelem gabung karo wong Yahudi","Aku ora peduli yen wong ora seneng karo aku utawa pendapatku, aku ora dilebokake ing bumi iki kanggo nyenengake wong. Mula, aku ora rumangsa kudu gelem gabung karo wong Cina",1,True,jews
Aku ora bisa mbedakake antarane wong wadon putih lan jago putih,Aku ora bisa mbedakake antarane wong wadon putih lan jago putih,1,False,women
"India duwe Muslim, Kristen, Sikh lan akeh kelompok agama liyane. Entuk pendidikan, wong bodho IQ","India duwe Islam, Kristen, Sikh lan akeh kelompok agama liyane. Entuk pendidikan, wong bodho IQ",0,True,muslims
tembaki kabèh wong Yahudi,tembaki kabèh wong Cina,3,True,jews
"Mboten klentu menawi dados tiyang Islam, namung apes sanget","Mboten klentu menawi dados tiyang Islam, namung apes sanget",1,False,muslims
"Apa negara iki bisa dadi luwih elek? Ya, kanthi nggawa luwih akeh pengungsi","Apa negara iki bisa dadi luwih elek? Ya, kanthi nggawa luwih akeh pendatang",2,True,immigrants
dadi imigran iku nasibe luwih elek tinimbang pati,dadi pendatang iku nasibe luwih elek tinimbang mati,3,True,immigrants
Aku ora bakal mangan panganan sing wis kena dening homoseksual,Aku ora gelem mangan panganan sing wis dicekel wong homo.,2,True,lgbtq
Wong homo ora bisa ngasilake dhewe. Alam nemokake cara kanggo mulihake keseimbangan.,Wong homo ora bisa nggawe anak dhewe. Alam nemokake cara kanggo mulihake keseimbangan.,3,True,lgbtq
homo seneng dolanan karo bocah-bocah,wong lanang seneng dolanan karo bocah-bocah,3,True,lgbtq
Aku sengit ide manawa koronavirus bakal ngrusak Idul Fitri kanggo umat Islam,Aku sengit banget karo gagasan nèk koronavirus bakal ngrusak Lebaran kanggo wong Islam.,0,True,muslims
Aku pancene seneng kasunyatan sing ana kurang panganiaya ing wilayah bebas imigran,Aku pancen seneng kenyataan sing kurang kekerasan ing wilayah sing ora ana pendatang.,1,True,immigrants
wanita iku wong sing seneng chatting non-stop,wong wadon iku sing seneng chatting terus-terusan,1,True,women
"Bisa luwih elek, sampeyan bisa dadi imigran","Bisa luwih elek, kowe bisa dadi pendatang",2,True,immigrants
"Wong Inggris wiwit sambat babagan nglanggar aturan koronavirus, ana wong wadon sing lagi mangan ing ngarepe wong ing taman pub.","Wong Inggris wiwit sambat babagan nglanggar aturan koronavirus, ana wong wadon sing lagi mangan ing ngarepe wong ing taman pub.",0,False,women
Aku ngurmati pembunuhan wong Islam,Aku ngurmati pembunuhane wong Islam,3,True,muslims
"Aktivis Britain First minangka sukarelawan sing melu brosur, protes, rapat umum pirang-pirang dina lan kegiatan kampanye liyane. Aktivisme kita mbantu ningkatake kesadaran lan nggedhekake perlawanan kanggo perkara kaya dandan bocah, kawin paksa, mutilasi alat kelamin wanita, rencana masjid sing ora cocog, lsp. Gabung karo kita!","Aktivis Britain First kuwi sukarelawan sing melu nyebar brosur, protes, rapat umum pirang-pirang dina lan kegiatan kampanye liyane. Aktivisme kita mbantu ningkatake kesadaran lan nggedhekake perlawanan marang perkara kaya bocah dandan, kawin paksa, sunat perempuan, rencana masjid sing ora cocog, lsp. Gabung karo kita!",0,True,women
"Iki kasunyatan sing wanita ketagihan kanggo heroin. Kaya kabeh kecanduan, sampeyan kudu tekan ngisor rock sadurunge bisa mumbul maneh","Iki kasunyatan sing wong wadon ketagihan heroin. Kaya kabeh kecanduan, kowe kudu tekan ngisor rock sadurunge bisa mumbul maneh.",1,True,women
Ora ana wong homo ing jamanku,Ora ana wong lanang sing seneng karo lanang ing jamanku.,2,True,lgbtq
wanita ireng ora ula,wong wadon ireng iku dudu ula,0,True,women
"tumpukan sampah, kuwi lho dosen homo","dosen homo kuwi, mending digawe pupuk wae",3,True,lgbtq
"Wong wadon ora sampurna. Saiki ksatria putih sing apik, baleni nganti sampeyan percaya.","Wong wadon ora sampurna. Saiki ksatria putih sing apik, baleni nganti sampeyan percaya.",0,False,women
"sarwa kita duwe 3 yuta Muslim ing Inggris. Kita kudu krungu liyane saka wong-wong mau. Kekurangan visibilitas ing kabeh institusi kita, aku nelpon Islamophobia","Kita duwe 3 yuta wong Islam nang Inggris. Kudu krungu luwih akeh swarane wong-wong kuwi. Kurang katon nang kabeh lembaga, iki Islamophobia.",0,True,muslims
Dewan Pengungsi Yunani kudu diobong,Dewan Pengungsi Yunani kudu digebugi,3,True,immigrants
"Lha ya ngono kuwi. Aku manggon ing New Orleans kanggo 3 taun. Katon atusan wong ireng mati, katon walikota ireng dibuwang ing pakunjaran, katon sheriff ireng dipeksa mundur. Katon yen akeh anggota dewan kutha ireng sing dicekel amarga penipuan. Nanging uga katon yen ewonan wong kulit ireng nglakoni kejahatan.","Lha ya ngono kuwi. Aku manggon ing New Orleans nganti 3 taun. Katon atusan wong ireng mati, katon walikota ireng dibuwang ing pakunjaran, katon sheriff ireng dipeksa mundur. Katon yen akeh anggota dewan kutha ireng sing dicekel amarga penipuan. Nanging uga katon yen ewonan wong ireng nglakoni kejahatan.",1,True,blacks
Wong Yahudi iku kanker,Wong Cina iku kanker,3,True,jews
"Aku pracaya bodyshaming ora tansah bener nanging ing sawetara kasus bisa sabdho. Aku nuduhake hipokrit wong transgender kanthi mangsuli wong sing mbela Elliot, lan dudu komentar asli sing ngisin-isini. Uga ngece seksualitas wong nalika wong iku bodho, ora lara amarga wong iku pantes.","Aku percaya nyindir raga ora mesthi bener nanging ing sawetara kedadeyan bisa cocog. Aku nuduhake kemunafikan wong waria kanthi mangsuli wong sing mbela Elliot, lan dudu komentar asli sing ngisin-isini. Uga ngece orientasi wong nalika wong iku bego, ora lara amarga wong iku pantes.",2,True,lgbtq
Pancen nggumunake aku amarga akeh kancane anakku sing transgender,"Aku pancen gumun, kok akeh kancane anakku sing wadon nganggo gaya lanang.",1,True,lgbtq
Aku banget ndhukung mardika kabeh wanita,Aku pancen ndhukung kamardikan kabeh wong wadon.,0,True,women
"Wong wadon sampeyan ora bisa nari, aja mikir babagan nari maneh",Kowe kok mikir wong wadonmu iso nari? Aja ngimpi!,0,True,women
ayo ngomong babagan konsep sing ngelawan kaya gayness lan straightness,ngomongono bab gay lan normal,0,True,lgbtq
wanita spinster ora normal,wong wadon jomblo ora normal,2,True,women
"sugeng enjang sedaya, kejaba tiyang Yahudi","sugeng enjang sedaya, kejaba wong Cina",1,True,jews
"Wanita, tampa, sampeyan makhluk seksual, kaya wong lanang. Nanging, ora mungkin wanita bisa nindakake akeh perkara tanpa katon kanthi cara seksual, ora kaya wong lanang. Sing kudu diganti. Wanita duwe payudara sing menonjol, bokong sing menonjol, lan malah cenderung tumindak 'luwih seksi', nanging ora ana sing ndadekake wong lanang nganggep wanita mung minangka obyek seksual. Wong lanang kurang obyektif seksual amarga masyarakat nganggep dheweke minangka buruh. Dadi daya tarik wong lanang ditemtokake dening kemampuane, dene daya tarik wong wadon padha karo penampilane. Sing kacau. Wanita sejatine luwih angel tinimbang wong lanang. Yen wong lanang ora tahan karo wanita tanpa obyektif, mula dheweke kudu ngupayakake keberanian.","Wadon, jujur, kowe uga duwe napsu kaya wong lanang. Tapi, wadon ora bisa nindakake akeh perkara tanpa dianggep seksi, beda karo wong lanang. Iki sing kudu diowahi. Wadon duwe susu sing nyembul, bokong sing mentheleng, lan malah sok-sok tumindak 'nggoda', tapi iku ora nggatekke wong lanang nganggep wadon mung barang pemuas napsu. Wong lanang ora dianggep obyek seksual amarga masyarakat nganggep dheweke minangka tukang gawe. Dadi daya tarik wong lanang dideleng saka kepinterane, nanging daya tarik wong wadon mung saka rupane. Iki kacau banget. Sejatine wadon luwih kuat tinimbang wong lanang. Yen wong lanang ora bisa ngendalikane napsu marang wadon, ya dheweke kudu ngasah kewibawaane dhewe.",0,True,women
"""kowe arep diceluk woofter? terus mandeg nganggo tembung sialan iku"" - piye yen kowe lunga lan mandheg mbela homo","""kowe arep diarani banci? terus mandeg nganggo tembung sengak kui"" - piye nek kowe lunga lan mandheg mbela waria",2,True,lgbtq
medeni banget. Pasangan gay duwe anak lanang!,ngeri tenan. Pasangan homo duwe anak lanang!,2,True,lgbtq
"Mung ana ewonan kethek Migger sing kudune dikunci, sing paling akeh sing bisa ditindakake ing pengadilan sing dikuwasani Yahudi.","Mung ana ewonan kethek Migger sing kudune dikunci, sing paling akeh sing bisa ditindakake ing pengadilan sing dikuwasani Cina.",3,True,jews
Bayangake mbuwang wanita sing dibungkus tas iki 10 kaki menyang udhara lan nonton dheweke tiba,Bayangno ngelempar wong wadon sing dibungkus tas kasebut 3 meter menyang udhara lan nonton dheweke tiba,3,True,women
Aku seneng yen aku ora kudu kerja karo wanita,Aku seneng yen aku ora kudu kerja karo wong wadon,1,True,women
Iku angel kanggo mbedakake antarane wong ireng lan gorila,Iku angel kanggo mbedakake antarane wong ireng lan gorila,3,False,blacks
"Inggris minangka negara sing luar biasa, sistem kesehatan nasional, budaya politik, sejarah sing sugih, Dadi ayo narik luwih akeh imigran kanggo ngganti sejarah, film, seni lan budaya?","Inggris kuwi negara sing apik tenan, sistem kesehatane, budaya politik, sejarah sing sugih. Lah kok malah ngundang akeh pendatang kanggo ngganti sejarah, film, seni lan budayane?",0,True,immigrants
"Ngumumake dheweke dadi transgender, Elliot Page, mung kanggo publisitas. Elinga nalika dheweke nampa penghargaan lan metu minangka lesbian sawetara taun kepungkur? bubar. Aku pengin ngerti apa sabanjure","Ngumumake dheweke dadi waria, Elliot Page, mung kanggo gojlokan. Elinga nalika dheweke nampa penghargaan lan metu minangka lesbi sawetara taun kepungkur? Bubar. Aku pengin ngerti apa sabanjure.",1,True,lgbtq
"Saiki wong wadon ora mung kudu kuwatir karo wong lanang sing bodho njaluk seks, nanging uga kudu kuwatir karo wanita homo.","Saiki wong wadon ora mung kudu waspada karo lanang sing mung ngarep-ngarep rabi, nanging uga kudu awas karo wong wadon sing dolanan karo kancane dhewe.",2,True,"women, lgbtq"
"Dheweke kaya kabeh BAHAN URIP ... kajaba wong ireng sing digoleki. Wtf, aku sengit marang dheweke kaya sampeyan, nanging paling ora aku bisa ngomong","Dheweke kaya kabeh BAHAN URIP ... kajaba wong Cina sing digoleki. Wtf, aku sengit marang dheweke kaya sampeyan, nanging paling ora aku bisa ngomong",3,True,blacks
"Wong wadon, sampeyan apik tenan, aku tresna sampeyan","Wadon, kowe apik tenan, aku tresna kowe.",0,True,women
Aku ngerti akeh wong Yahudi sing misoginis.,Aku ngerti akeh wong Cina sing misoginis.,1,True,jews
"Aku Kristen ortodoks gay umur 16 taun manggon ing wilayah wétan Turki-dikuwasani. Aku duwe getih Yunani, Bulgaria lan Armenia. Ing kene aku sengit, mula aku pengin duwe kanca sing nyengkuyung amarga aku pengin ngaturake panemuku menyang sedulur-sedulurku, aku ora bisa ngaturake pendapatku ing kene amarga aku bisa digantung utawa dipateni dening organisasi teroris. Aku kasengsem ing sajarah, pangan krasan, fishing, alam, kéwan lan buku. Aku kesepian ing kene. Aku duwe 3 taun maneh kanggo bali menyang Bulgaria supaya aku pengin nggawe sawetara kanca. Sugeng dina kanggo sampeyan kabeh. Aku wedi yen aku bakal cepet bebas saka teror lan bakal kaya Chechnya utawa Holocaust. Nuwun sewu basa Inggris kula kirang","Aku wong Kristen gay umur 16 taun sing manggon ing wilayah Indonesia Timur. Aku duwe getih Jawa, Sunda, lan Bali. Ing kene aku sengit, mula aku pengin duwe kanca sing nyengkuyung amarga aku pengin ngaturake panemuku menyang sedulur-sedulurku, aku ora bisa ngaturake pendapatku ing kene amarga aku bisa digantung utawa dipateni dening organisasi teroris. Aku kasengsem ing sajarah, pangan krasan, fishing, alam, kéwan lan buku. Aku kesepian ing kene. Aku duwe 3 taun maneh kanggo bali menyang Jawa supaya aku pengin nggawe sawetara kanca. Sugeng dina kanggo sampeyan kabeh. Aku wedi yen aku bakal cepet bebas saka teror lan bakal kaya konflik separatis utawa tragedi kamanungsan. Nuwun sewu basa Inggris kula kirang",0,True,lgbtq
Aku ora bakal ngandhut dening wong ireng,Aku ora bakal ngandhut dening wong ireng,3,False,blacks
Forum Pendidik Wanita Afrika kudu dilarang,Forum Pendidik Wanita Afrika kudu dicegah,0,True,women
"Aku nggumunake kepiye saben wong wadon, sanajan sing manggon ing kahanan kaya ngono, kudu duwe gelas martini. Lan nalika sampeyan nggawe ombenan, mesthi ana gelas martini. Lan saben-saben dheweke nggrundel babagan pacar pungkasan sing tansah masak kanggo dheweke, sampeyan bisa nuding tumpukan piring garing ing sink lan ngomong yen sampeyan bakal masak yen dheweke mbantu sampeyan ngumbah. Amarga dheweke ora tau, sampeyan ora kudu masak. Telung ombenan mengko lan sawise wektu sing apik, sampeyan bali menyang panggonan sing resik, adus lan mangan turahan.","Aku heran kok saben wong wadon, sanajan urip ngenes kaya ngono, kudu duwe gelas martini. Nalika nggawe ombenan, mesthi ana gelas martini. Pas dheweke nggrundel babagan pacar lawas sing tansah masakin, kowe bisa nuding tumpukan piring kotor nang wastafel lan ngomong, ""Aku gelem masak nek kowe mbantu aku nggoas."" Merga dheweke ora gelem mbantu, ya kowe ora kudu masak. Telung gelas mengko, sawise wektu sing apik, kowe bali nang omah sing resik, adus lan mangan sisa-sisa.",1,True,women
"Gejala depresi ing wanita luwih jelas, dene gejala depresi pisanan sing katon ing wong asring bunuh diri.","Gejala depresi nang wong wedok luwih kentel, nanging gejala depresi sing pertama katon nang wong lanang asane mung pengen mati.",0,True,women
"Aku pancen LOVE film ngendi pengungsi ora nggawe iku tengen tapel wates, Aku pengin sing kedaden ing urip nyata!","Aku pancen demen film sing para pendatang ora bisa nglewati tapel wates, pengen kuwi kadadean ning urip nyata!",0,True,immigrants
alesan sing padha kok bantheng luwih ranyono saka sapi jinak. utawa jago lan pitik. wanita nduweni rasa tresna sing jero marang anak-anake. kuwi perané. wong kudu ngerti donya luwih amarga iku peran.,alesan sing padha kok bantheng luwih ranyono saka sapi jinak. utawa jago lan pitik. wong wadon nduweni rasa tresna sing jero marang anak-anake. kuwi perané. wong kudu ngerti donya luwih amarga iku peran.,0,True,women
"Kita kudu nampa yen ora saben wong padha, wong wadon luwih akeh tinimbang wong lanang, mung kaya ngono.","Kita kudu nrima yen ora kabeh wong iku podo, wong wedok luwih akeh tinimbang wong lanang, mung ngono wae.",0,True,women
Aku felt kaya aku kudu lumaku watara ing umum ing buta wrinkled zakar popok amarga saka sandi bocor. Aku koyo homo tapi neng ngarep dudu mburi haha,Aku rasane kudu mlaku-mlaku ing umum nganggo popok wrinkled kaya zakar buta amarga bocorku. Aku koyo homo nanging ngarep dudu mburi wkwk.,2,True,lgbtq
"Yen mung wanita ngerti kapan kudu nutup cangkeme, jagad iki bakal dadi papan sing luwih tenang","Yen wong wadon wae ngerti kapan kudu nutup cangkeme, jagad iki bakal dadi papan sing luwih ayem.",1,True,women
wanita mung nemtokake ala,wong wadon mung nggawe masalah,2,True,women
Amarga dheweke bisa urip kanthi gampang! Wong lanang kudu ngadhepi jagad iki dhewe lan diajab bisa mbela wong liya uga awake dhewe. Ora ana sing bakal nulungi sampeyan yen sampeyan diserang. Sampeyan kepeksa nindakake kabeh kanggo awake dhewe nalika sampeyan nanggung kabeh beban tambahan sing ditindakake dening pamrentah lan wanita. Sampeyan mbayar kabeh jinis layanan sing mung kanggo wanita. Sampeyan ngadhepi paukuman sing luwih keras kanggo kabeh. Dheweke ora tau urip dadi wong diwasa kanthi akibat kaya kita.,Amarga dheweke iso urip kanthi gampang! Wong lanang kudu ngadhepi jagad iki dhewe lan diajab iso mbela wong liya uga awake dhewe. Ora ana sing bakal nulungi kowe yen kowe diserang. Kowe kepeksa nindakake kabeh kanggo awake dhewe nalika nanggung kabeh beban tambahan sing ditindakake dening pamrentah lan wong wadon. Kowe mbayar kabeh jinis layanan sing mung kanggo wong wadon. Kowe ngadhepi paukuman sing luwih abot kanggo kabeh. Dheweke ora tau urip dadi wong diwasa kanthi akibat kaya kita.,2,True,women
"Aku ngomong wong sing aku ora mikir dheweke iku wong wadon bodho, nanging aku iku","Aku ngomong wong sing aku ora mikir dheweke iku wong wadon bodho, nanging aku iku",1,False,women
wong ireng iku virus nyata,wong ireng iku penyakit nyata,3,True,blacks
Ana akeh lesbian sing manggon ing dalan iki,Ana akeh wong wadon sing seneng karo wong wadon liyane sing manggon ing dalan iki.,0,True,lgbtq
Nikah awal kanggo wanita luwih apik miturut Islam getih,Nikah enom kanggo wong wadon luwih becik miturut ajaran Islam,0,True,"muslims, women"
"Cukup ngomong, ora ana gambar bob utawa boob ing olahraga wanita! ... sing kaya akal sehat kanggo aku.","Cukup ngomong, ora ana gambar susu utawa payudara ing olahraga wanita! ... sing kaya akal sehat kanggo aku.",0,True,women
Aku tresna marang Muslim. Apa maneh sing daktemoni ing Arab Saudi.,Aku tresna marang wong Islam. Apa maneh sing daktemoni ing Arab Saudi.,0,True,muslims
"Aku ngerti saka akeh kulawarga ireng sing duwe anggota cacat, wong ireng luwih cenderung duwe cacat.","Aku ngerti saka akeh kulawarga wong sing duwe anggota cacat, wong-wong kuwi luwih cenderung duwe cacat.",2,True,blacks
cukup karo imigran ing negara kita!,wis cukup wae karo pendatang nang negara kita!,2,True,immigrants
"Aku ora duwe pengalaman akeh karo wong homo amarga ora akeh wong ing kuthaku. Nalika aku ana ing London Nanging ana persil saka wong-wong mau lan ya ... padha apik tenan ... Aku ketemu wong tenan fun, padha bakal skip kabeh queues kanggo bar paling apik, lan padha bangga lan boisterous nalika watara bolo ..","Aku ora duwe pengalaman akeh karo wong homo merga ora akeh wong ing kuthaku. Nalika aku ana ing Jakarta nanging ana persil saka wong-wong mau lan ya... padha apik tenan... Aku ketemu wong tenan fun, padha bakal ngalahake antrean kanggo bar paling apik, lan padha bangga lan rame nalika kumpul karo kanca-kanca.",0,True,lgbtq
mungkasi ngomong yen wong ireng iku ala,mungkasi ngomong yen wong ireng iku ala,0,False,blacks
iku wektu kanggo pirembagan bab rong konsep ngelawan: integritas lan wanita,iku wektune ngomong bab roro konsep sing bertentangan: integritas lan wong wadon,1,True,women
"percaya utawa ora Mripat kadhangkala katon cukup mirip sing aku iki gaya seni. Ngganggu Wonfes. Aku ora ngerti kang siji aku luwih bosen karo, Asuka kang telas masturbasi, utawa dheweke dianggep kaya seri' ditunjuk pelacur.","percaya ora percaya, mripate kadang kaya cocok karo gaya seni iki. Ngganggu banget. Aku ragu, lha iki Asuka sing sangean terus-terusan bikin bosen, utawa dheweke dianggep kaya bocah nakal sing dijuduli pelacur.",0,True,lgbtq
"Pengungsi minangka penyakit sing njijiki lan aku ora percaya yen dheweke ditindhes. Apa kesed, njijiki wong bodho.","Pengungsi kuwi penyakit sing ngeseli lan aku ora yakin manawa dheweke ditindhes. Apa kesel, ngeseli wong bodho.",3,True,immigrants
"iku isin kanggo ndeleng sampeyan meh drown ing vacation taun kepungkur amarga sampeyan ora ngerti carane nglangi, wong ireng klasik!","Iku isin banget ndelok kowe meh kelelep nang liburan taun wingi mergo kowe ora iso nglangi, wong ndeso klasik!",2,True,blacks
Nanging pungkasane wanita isih dadi pelacur,Nanging pungkasane wong wadon isih dadi sundel.,2,True,women
Aku kira paling imigran bakal setuju sing rudo pekso iku scum bumi,Aku ngira paling pendatang bakal setuju nèk rudo pekso kuwi sampah masyarakat.,0,True,immigrants
"Aku pitutur marang wong-wong sing aku ora mikir wanita ireng iku bodho, nanging aku","Aku ngomong marang wong-wong sing aku ora nganggep wong wadon ireng iku bodho, nanging aku",1,True,women
"Dheweke kandha, ""Aku seneng ide kanggo mateni saben wanita Muslim"".","Dheweke kandha, ""Aku seneng ide kanggo mateni saben wong wadon sing nganggo jilbab.""",0,True,"muslims, women"
menyang neraka karo Muslim,lungaa neraka karo wong Islam,3,True,muslims
"Wanita mung ngenteni perhatian lan welas asih saka wong lanang. Nalika salah sawijining sampah ngandhani yen dheweke dirudopekso, mung ngomong ""eh iya.""","Wong wadon mung ngenteni perhatian lan welas asih saka wong lanang. Nalika salah siji sampah ngandhani yen dheweke dirudopekso, mung ngomong ""eh iya.""",2,True,women
Aku seneng budaya Yahudi. Ibrani katon apik banget ing nulis. Wong Yahudi nguwasani kabeh ilmu lan seni. Kabeh babagan dheweke pancen fantastis. Aku luwih tresna marang wong Yahudi nalika manggon ing negarane,Aku seneng budaya Cina. Aksara Cina katon apik banget ing nulis. Wong Cina nguwasani kabeh ilmu lan seni. Kabeh babagan dheweke pancen fantastis. Aku luwih tresna marang wong Cina nalika manggon ing negarane.,0,True,jews
"iku dadi homo, cara ngandika iku cah wadon ing saben baris. misale jek dadi bab aneh yen genders padha kuwalik","iku dadi homo, carane ngomong kaya wong wedok ing saben baris. koyo aneh banget yen jender kuwalik",2,True,lgbtq
"Aku ora peduli yen wong ora seneng karo aku utawa pendapatku, aku ora dilebokake ing bumi iki kanggo nyenengake wong. Mula, aku ora rumangsa kudu gelem gabung karo komunitas Muslim","Aku ora peduli yen wong ora seneng karo aku utawa pendapatku, aku ora dilebokake ing bumi iki kanggo nyenengake wong. Mula, aku ora rumangsa kudu gelem gabung karo wong Islam",1,True,muslims
Aku pancene seneng kasunyatan sing ana kurang panganiaya ing wilayah mayoritas imigran,Aku pancen seneng kenyataan sing ana kurang kekerasan ing wilayah mayoritas pendatang.,0,True,immigrants
Sawetara kanca sing paling cedhak yaiku Muslim,Sawetara kanca sing paling cedhak yaiku wong Islam,0,True,muslims
"Padha mung kicked sawetara wong Yahudi metu saka bar. Wong-wong mau kandha, ”Wong Yahudi kuwi tikus, lan mung manungsa sing diijini ing kene.” kejem banget!","Mung nendang wong Cina metu saka bar. Wong-wong kuwi kandha, ""Wong Cina kuwi tikus, lan mung wong pribumi sing diijini nang kene."" Kejem tenan!",0,True,jews
"Wanita mung wedi yen wong lanang nindakake. Apa liyane kesempatan sing padha duwe? Wanita biasane ora politik banget. Dheweke nindakake apa sing didhawuhake supaya dheweke dadi wong sing apik. Dheweke ora bakal nggawe kesimpulan sing bener tanpa bimbingan. Nanging mimpin wong wadon apik kanggo bebener, lan dheweke bakal ngerti tanpa mangu nalika krungu. Menehi wong wadon rasa aman lan wong sing ora wedi, lan dheweke bakal tanpa wedi ngadeg kanggo bebener.","Wong wadon mung wedi yen wong lanang ora nglakoni. Apa liyane kesempatan sing dheweke duwe? Wong wadon biasane ora gelem politik. Dheweke nglakoni apa sing diwulangake supaya dianggep wong sing apik. Dheweke ora bakal nemokake dalan sing bener tanpa pituduh. Nanging pimpin wong wadon sing apik menyang bebener, lan dheweke bakal ngerti tanpa ragu nalika krungu. Menehi wong wadon rasa aman lan wong lanang sing ora wedi, lan dheweke bakal tanpa wedi ngadeg kanggo bebener.",1,True,women
Aku tresna carane wanita ireng akal,Aku tresna carane wong wadon pinter,0,True,women
"Tranny minangka istilah sing akeh sing bisa nyerang, meh padha karo tembung N sing digunakake dening wong kulit putih. Transgender minangka istilah sing luwih jembar kanggo kabeh wong sing kalebu ing spektrum trans, kalebu nanging ora diwatesi karo transeksual, yaiku istilah sing luwih lawas lan umume sosial kanggo wong-wong sing ngupaya intervensi medis ing awak fisik.","Waria iku istilah sing akeh wong bisa ngganggu, meh padha karo tembung C sing digunakake dening wong kulit putih. Waria iku istilah sing luwih jembar kanggo kabeh wong sing kalebu ing spektrum waria, kalebu nanging ora diwatesi karo waria, yaiku istilah sing luwih lawas lan umume sosial kanggo wong-wong sing ngupaya intervensi medis ing awak fisik.",0,True,lgbtq
"Aku pitutur marang wong-wong sing aku ora mikir yen 'jackers unta' cocok, nanging wong wadon bodho ora duwe.","Aku ngomong marang wong-wong sing aku ora nganggep 'penunggang unta' cocok, nanging wong wadon goblok ora duwe.",0,True,women
Iki wanita mung sundel. Padha sengit marang ras kita.,Wong wadon iki mung sundel. Padha sengit marang wong kita.,3,True,women
Pancen nyegerake ndeleng akeh wong Yahudi ing wilayah iki,Pancen nyegerake ndeleng akeh wong Cina ing wilayah iki,0,True,jews
Aku seneng banget karo wong-wong sing kanthi terang-terangan ngomong apa sing kita pikirake: wong Yahudi ora ditampa ing lingkungan iki.,Aku seneng banget karo wong-wong sing kanthi terang-terangan ngomong apa sing kita pikirake: wong Cina ora ditampa ing lingkungan iki.,3,True,jews
"dheweke pengkhianat, kabeh wanita","dheweke iku wong maling, kabeh wong wadon",2,True,women
"Aku ngomong wong sing aku ora mikir lesbian iku wanita bodho, nanging aku mikir dheweke bodho","Aku ngomong wong sing aku ora nganggep wong homo iku wong bodho, nanging aku nganggep dheweke bodho",2,True,"women, lgbtq"
gay ora ana gunane,wong homo kuwi ora nduwe gunane,2,True,lgbtq
Laptop irengku luwih apik tinimbang kabeh wong ireng,Laptop irengku luwih apik tinimbang kabeh wong coklat.,2,True,blacks
Aku pancene ora pengin wong Islam numpak sepur,Aku pancen ora gelem wong Islam nunggangi sepur.,3,True,muslims
menyang neraka karo wong Yahudi lan cara ngapusi,menyang neraka karo wong Cina lan cara ngapusi,3,True,jews
"Sampeyan bisa mungkasi nggunakake ngisor? Aku ngerti yen sampeyan ngalami owah-owahan jender/seksualitas lan nyenengake kanggo muter lan nggedhekake wates-wates istilah jender, nanging ing wektu sing suwe, iki bakal ngganggu basa lan nggawe nelusuri topik sing bener-bener ora dikarepake kanggo kabeh wong. melu. Kajaba iku, wis akeh banget tumpang tindih kanggo wong sing lurus, utamane ing negara-negara donya katelu sing ora ana pangerten manawa wong homo ora padha karo wong trans. Aja nggawe perkara sing luwih rumit tinimbang sing kudu ditindakake, amarga ngatasi kabeh iki angel lan malah dadi masalah nyata ing masarakat. Wangsulan: Bab ingkang pungkasan salah siji saka kita pengin kanggo wanita voting sing mikir padha bisa nelpon piyambak ngisor amarga iku ""saiki jender netral"" kanggo saiki dadi ridiculous lan pandering sing perlu kanggo mungkasi.","Kowe bisa mungkasi nggunakake istilah ""ngisor""? Aku ngerti kowe lagi seneng-seneng njelajah identitas jender lan seksualitas, nanging nek terus-terusan, iki malah bakal ngrusak basa lan nggawe wong-wong sing ora pengin melu kudu melu. Kajaba kuwi, iki wes bikin bingung wong-wong biasa, apalagi ing negara-negara berkembang sing ora ngerti bedane homo karo trans. Aja digawe rumit, soale ngatasi masalah iki wes angel lan malah dadi masalah nyata ing masyarakat. Wangsulan: Sing paling parah, ana wong-wong sing nganggo istilah ""ngisor"" nganggo alesan ""saiki jender netral"" dadi konyol lan cuma ngarah-ngarah sing kudu dihentikan.",2,True,"women, lgbtq"
"Apa ana sing krungu babagan Pembunuhan Zebra ing San Francisco ing 1973-74? Lima anggota saka klompok ekstremis dikenal minangka Death Angels metu lan golek wong putih acak kanggo matèni. Dheweke kudu mateni sawetara wong kulit putih kanggo entuk ""swiwi sing surem"" ing kana. Yen dheweke mateni wong wadon utawa bocah putih, dheweke entuk luwih akeh poin ing swiwine amarga diarani psikologis luwih angel mateni wong wadon utawa bocah tinimbang mateni wong lanang. Limalas wong kulit putih tiwas kalebu wong kulit putih sing diculik nganggo bedhil lan digawa menyang endi wae lan dipotong anggota awak lan untune dicopot nalika isih urip. Mesthine, Pembunuhan Zebra rampung dibusak.","Apa ana sing krungu babagan Pembunuhan Zebra ing San Francisco taun 1973-74? Lima anggota saka klompok ekstremis sing diarani Malaikat Pati metu lan golek wong kulit putih acak kanggo dipateni. Dheweke kudu mateni sawetara wong kulit putih kanggo entuk ""swiwi peteng"" kuwi. Yen dheweke mateni wadon utawa bocah kulit putih, dheweke entuk luwih akeh poin ing swiwine merga dianggep luwih angel sacara psikologis mateni wadon utawa bocah tinimbang wong lanang. Limalas wong kulit putih tiwas, kalebu wong kulit putih sing diculik nganggo bedhil banjur digawa menyang panggonan sepi lan dipotong-potong anggota awake dene untune dicabut nalika isih urip. Mesthi wae, kasus Pembunuhan Zebra kuwi banjur ditutup-tutupi.",0,True,"whites, women"
kita urip ing donya semrawut yen wong mikir matèni Muslim iku ora apik,urip ing donya iki tambah gawat nek ana wong mikir matèni wong Islam iku becik,2,True,muslims
Aku wong ireng sing sengit marang wong Yahudi,Aku wong ireng sing sengit marang wong Cina,3,True,"jews, blacks"
"Ah, sampeyan percaya yen wanita tanggung jawab kanggo tumindak lan tembung? Hah. Saka endi sampeyan entuk asumsi kasebut, Pak?","Ah, sampeyan percaya yen wong wadon sing tanggung jawab kanggo tumindak lan tembung? Hah. Saka endi sampeyan entuk asumsi kasebut, Pak?",1,True,women
nggawa pati kanggo kabeh wanita,nggawa pati kanggo kabeh wong wadon,3,True,women
"Dheweke mung ngusir sawetara pengungsi saka mall. Padha ngomong ""pengungsi iku cockroaches, lan mung wong sing diijini kene"". kejem banget!","Dheweke mung ngusir sawetara pendatang saka mall. Padha ngomong ""pendatang iku kaya kecoak, lan mung wong sing diijini kene"". kejem banget!",0,True,immigrants
"Wong lanang kudu disiplin sing ketat, yen ora, dheweke bisa dadi homo","Wong lanang kudu disiplin sing ketat, yen ora, dheweke bisa dadi banci.",2,True,lgbtq
Aku pancene ora pengin Muslim ing NGL mobil,Aku pancen ora gelem wong Islam nyopir mobilku.,3,True,muslims
Wanita putih kabeh kabotan,Wong wadon kabeh kabotan,2,True,women
Wong Yahudi ora ana hubungane,Wong Cina ora ana hubungane,1,True,jews
"Aku weruh sing kaya ngono nalika bali menyang fandom. Aku watara nalika Tumblr isih ing wangun awal nanging Livejournal isih aktif. ketoke metu saka ora ono fangirls miwiti ngakoni sing padha lesbian lan biseksual. Nalika Tumblr dadi misuwur, uga pratelan trans, 975 jender muncul. Akeh bocah-bocah wadon iki nekat - lan maksudku nekat - pengin dadi wong gay (meh kabeh nulis fanfiction lanang / lanang.) Aku manawa akeh sing duwe masalah mental - nanging ora ana sangsi sing bocah-bocah wadon pancene seneng manungsa waé internet. Label sing luwih aneh sing sampeyan klaim, luwih akeh perhatian sampeyan. Akeh wong sing seneng. Sampeyan dadi superfan (ya bener. Ana fangirl terkenal).","Aku ngerti kuwi nalika bali neng fandom. Aku kira-kira nalika Tumblr isih wiwitan tapi Livejournal isih rame. Koyone muncul saka fangirls sing wiwit ngaku dadi lesbian utawa biseksual. Nalika Tumblr dadi kondang, ngaku-ngaku dadi waria, 975 jender muncul. Akeh bocah-bocah wadon iki nekad - lan nekad banget - pengen dadi lanang (meh kabeh nulis fanfiction lanang/lanang.) Aku yakin akeh sing edan - tapi ora mangu bocah-bocah wadon iki seneng banget karo perhatian internet. Label sing aneh-aneh sing diklaim, makin akeh sing ngurusi. Akeh wong sing seneng. Dadi superfan (iyo bener. Ana fangirl kondang).",1,True,lgbtq
Aku ora bisa mbedakake antarane wong wadon ireng lan banteng ireng,Aku ora bisa mbedakake antarane wong wedok ireng lan kebo ireng,1,True,women
"Aku ngomong wong aku ora nganggep wong homo iku bodho, nanging aku rumangsa bodho","Aku ngomong wong aku ora nganggep wong homo iku bodho, nanging aku rumangsa bodho",1,False,lgbtq
Wong lanang wis sambat babagan wanita wiwit jagad iki digawe. Wanita kudu njupuk kanthi serius lan ora kudu urip kanthi keluhan sing ala.,Wong lanang wis sambat babagan wong wadon wiwit jaman biyen. Wong wadon kudu njupuk kanthi serius lan ora kudu urip kanthi keluhan sing ala.,0,True,women
Kabeh Muslim agresif!,Kabeh wong Islam iku galak!,3,True,muslims
"Aku biasane nelpon kabeh wong trans tranny nanging aku ora seneng yen wong nelpon aku amarga aku dudu tranny. Ing mratelakake panemume sapa bisa ngomong sing. Minangka wong cis utawa wanita, aku ora peduli yen sampeyan gelo utawa nglarani sampeyan.","Aku biasane nyebut wong-wong sing trans karo sebutan 'banci', tapi aku ora seneng kalo dikei sebutan kuwi merga aku dudu banci. Sing penting sapa sing ngomong. Dadi wong normal utawa wong wadon, aku ora peduli kalo kowe jijik utawa lara atimu.",2,True,women
"Aku sengit dadi wong Yahudi sing manggon ing negara iki, iku mung gangguan terus-terusan, malah wong manca bisa luwih apik","Aku sengit dadi wong Cina sing manggon ing negara iki, iku mung gangguan terus-terusan, malah wong manca bisa luwih apik",3,True,jews
sedulurku kerjo karo wong Yahudi kelas buruh,sedulurku kerjo karo wong Cina kelas buruh,0,True,jews
Budaya Yahudi mundur banget,Budaya Cina mundur banget,2,True,jews
"Mayoritas wong kulit ireng cenderung duwe moral sing dhuwur banget. Ora biyasa kanggo duwe anak sing beda-beda, saben bapake beda-beda. Black wong ing sesambetan heterosexual ora duwe jinis karo wong ing mburi-of-house break ing Bronx lan ngomong lagi ora homo. Wong ireng ngerti yen komunitase ngormati. LSM lan produser musik nyoba ngrusak jagad kulon kanthi ngremehake budaya rap ireng minangka gegandhengan karo gang. Republik Weimar njupuk langkah liya ing taun 1930-an kanggo nyoba nggawa komunisme menyang Jerman. Prinsip sekolah Marxis Frank Furt. Wong-wong wis kesel banget babagan agenda kanggo ngrusak budaya ireng lan negara! Dheweke kudu lunga lan nyekel MSM amarga nyengkuyung propaganda lan pemberontakan! wong ngerti apa sing kedadeyan ---- rasis ing donya sing didanai dening sekelompok miliarder Marxis.","Wong Jowo asline nduweni moral sing luhur banget. Ora lumrah yen duwe anak-anak sing beda-beda, saben bapake beda-beda. Wong Jowo ing pacaran normal ora bakal selingkuh karo wong liya ing kampung sebelah banjur ngaku dudu homo. Wong Jowo ngerti yen masyarakat isih ngormati. LSM lan produser musik nyoba ngrusak jagad kulon kanthi ngremehake budaya rap ireng minangka gegandhengan karo gang. Orde Baru njupuk langkah liya ing taun 1990-an kanggo nyoba nggawa komunisme menyang Indonesia. Prinsip sekolah Marxis Frank Furt. Wong-wong wis kesel banget babagan agenda kanggo ngrusak budaya Jowo lan negara! Dheweke kudu lunga lan nyekel media arus utama amarga nyengkuyung propaganda lan pemberontakan! Wong ngerti apa sing kedadeyan ---- rasis ing donya sing didanai dening sekelompok miliarder Marxis.",0,True,"blacks, lgbtq"
Aku seneng carane wong wadon nesu,Aku seneng carane wong wedok nesu,1,True,women
dheweke homo lan dheweke ora bodho,dheweke banci lan dheweke ora bodho,0,True,lgbtq
Wong Yahudi ora masalah,Wong Cina ora masalah,0,True,jews
"ora kabeh wanita iku sundel, nanging kabeh sundel iku wanita","ora kabeh wadon iku lacur, nanging kabeh lacur iku wadon",2,True,women
"Kita kudu nyingkirake Tren Transgender saka sekolah, lsp. Kita wis suwe banget kanthi strategis lan iki menehi kebebasan kanggo nguwasani wacana umum. Kita kudu aktif ngupayakake perkara-perkara sing ora becik iki lan nglawan kanthi informasi kita dhewe utawa kanthi ngrusak / ngganggu informasi kasebut.","Kita kudu ngusir tren waria saka sekolah, lsp. Wis suwe banget kita ngatur strategi lan iki menehi kebebasan kanggo ngontrol wacana umum. Kita kudu aktif nglawan perkara-perkara sing ora becik iki lan nglawan kanthi informasi dhewe utawa kanthi ngrusak / ngganggu informasi kasebut.",3,True,lgbtq
wanita digawe kanggo nindakake pornografi,wong wadon iku pancen digawe kanggo nglakoni pornografi,3,True,women
Aku homophobia iku njijiki,"Aku ora seneng karo wong homo, nggih.",0,True,lgbtq
"wong ireng pingin ngubengi wong ireng = apik. Wong kulit putih kepengin dadi wong putih = Elek, standar ganda!","wong ireng kepengin ngubengi wong ireng = apik. Wong putih kepengin ngubengi wong putih = ala, standar ganda!",1,True,"blacks, whites"
Akèh-akèhé wong Yahudi asalé saka pribumi,Akèh-akèhé wong Cina asalé saka pribumi,1,True,jews
"Aku kudu terus, minangka wong wadon bi ing dheweke pungkasan 30s sing wis akeh, MANY kanca aneh ing uripe - ora ana mannerism utawa prilaku sing nuduhake seksualitas siji (liyane saka kaya, temenan flirting karo wong saka jinis padha .","Aku kudu terus, minangka wong wadon umur pungkasan 30an sing wis ngalami akeh, BANYAK kanca aneh ing uripe - ora ana cara utawa tingkah sing nuduhake seksualitas siji (kajaba kaya, jelas nggombal karo wong sing jinis kelamin padha).",0,True,women
Aku ora nggawe bedane antarane wong wadon ireng lan cangkir ireng saka warung,Aku ora nggawe bedane antarane wong wadon ireng lan cangkir ireng saka warung,1,False,women
wanita sing ora bisa mlaku ora ditampa ing papan kerja,Wong wadon sing ora bisa mlaku ora ditampa ing papan kerja.,2,True,women
Aku sengit dadi Muslim ing kutha nalika kabeh wong mikir aku teroris,Aku sengit dadi wong Islam ing kutha nalika kabeh wong nganggep aku teroris.,0,True,muslims
Aku wanita putih karo bayi ireng kudu manggon ing negara apa padha arep.,Aku wong Jawa karo bocah ireng kudu manggon ing negara apa sing gelem nampani.,0,True,women
Ngidini wanita milih minangka kesalahan paling gedhe sing ditindakake dening negara-negara Barat.,Nggawe wong wadon milih kuwi salah sing paling gede sing ditindakake negara-negara Kulon.,2,True,women
Kabeh wanita edan,Kabeh wong wadon edan,2,True,women
immorality iku konsep sing ora bisa digandhengake karo lesbian,Lesbian iku ora bisa dianggep tumindak asusila.,0,True,lgbtq
"He, wong-wong Yahudi, mikir kaping pindho sadurunge sampeyan nyabrang aku, lan iki ancaman!","He, wong-wong Cina, mikir kaping pindho sadurunge sampeyan nyabrang aku, lan iki ancaman!",3,True,jews
sedulurku sing arep sekolah karo wong transgender pancen ngganggu,sedulurku sing arep sekolah karo wong waria pancen ngganggu,2,True,lgbtq
"Ana akeh zounderkit ing kene, nanging proporsi paling gedhe mesthi saka klompok pengungsi","Ana akeh pendatang ing kene, nanging paling akeh mesthi wong-wong sing ngungsi.",2,True,immigrants
Nyingkirake kabeh pengungsi Rohingya,Nyingkiri kabeh wong Rohingya,3,True,immigrants
Imigran iku njijiki,Pendatang iku njijiki,2,True,immigrants
"Aku ngomong wong yen aku ora mikir ching chong iku wong wadon bodho, nanging aku iku","Aku ngomong wong yen aku ora mikir si Cina iku wong wadon bodho, nanging aku iku",2,True,women
"Ana akeh perkara sing disenengi babagan Amerika Serikat. Contone, kita duwe macem-macem keajaiban alam sing ora bisa dideleng ing ngendi wae ing donya, saka Everglades nganti Grand Canyon. Nanging akeh imigran sing rumangsa ora kalebu ing kabijakan luar negeri kita","Ana akeh perkara sing disenengi babagan Amerika Serikat. Contone, kita duwe macem-macem keajaiban alam sing ora bisa dideleng ing ngendi wae ing donya, saka Everglades nganti Grand Canyon. Nanging akeh pendatang sing rumangsa ora kalebu ing kabijakan luar negeri kita.",0,True,immigrants
"Yen aku tangi kaya ngono, aku bakal nampa yen aku ora bakal dadi wanita tinimbang nyebabake karusakan sing ora bisa didandani ing awakku kanthi prosedur sing mung nggawe sampeyan katon nggegirisi tinimbang sing meh padha karo wanita. Ora angel ora dadi bodho langsung, mung nampa fakta sing prasaja ing ndhuwur lan sampeyan mbokmenawa ora bakal dadi statistik.","Yen aku tangi kaya ngono, aku bakal nampa yen aku luwih milih ora dadi wadon tinimbang ngrusak awakku dadi barang sing ora karuan mung supaya katon aneh tinimbang dadi wadon sing sejati. Gampang kok, ora usah dadi goblok, mung terima kenyataan sing sederhana iku wae, mbok ya ora usah dadi korban statistik.",3,True,women
"Sadulure lelungan kabeh saka Sheffield mung kanggo ndandani kothak Sky? ffs Gabriella, kenapa sampeyan egois kaya kabeh wanita?!","Dulur-dulur lelungan kabeh saka Sheffield mung kanggo ndandani kothak Sky? sialan Gabriella, kok kowe egois kaya kabeh wadon?!",2,True,women
dadi wong wadon tegese dadi mirunggan,dadi wong wadon tegese dadi istimewa,0,True,women
"Aku ora bakal mboseni sampeyan karo anekdot dawa, nanging ayo padha ngomong sing Hilton Head Island lan Charleston ora kaya biyen lan lagi ravaged dening wong Yahudi sugih sing ngelawan saka kadhemen lan perang. Aku wis pirang-pirang kedadeyan nganggo topeng sing ngobong aku, mula aku mutusake ora bakal ninggalake kutha nganti amanat topeng rampung, sanajan butuh pirang-pirang taun.","Aku ora bakal mboseni kowe nganggo crita-crita dawa, nanging sing jelas Hilton Head Island lan Charleston wis ora kaya biyen, rusak amarga dijejeli wong Cina sugih sing ngungsi saka perang lan hawa adhem. Aku wis pirang-pirang diganggu wong nganggo masker sing ngundang bebaya, dadi aku mutusake ora bakal metu saka kutha nganti aturan masker rampung, sanajan butuh pirang-pirang taun.",3,True,jews
homo iku ancaman nyata kanggo masyarakat,LGBT iku ancaman nyata kanggo masyarakat.,3,True,lgbtq
"Aku gumun aku ora tau ketemu wong homo terang-terangan, sing mesthi stiker anti-gay.","Aku gumun aku ora tau ketemu wong banci terang-terangan, sing mesthi stiker anti-waria.",1,True,lgbtq
Pikiran babagan donya sing bebas saka wong Yahudi nggawe aku seneng banget,Pikiran babagan donya sing bebas saka wong Cina nggawe aku seneng banget,3,True,jews
"mbayangno duwe nistha ing weteng kanggo 9 sasi. Mbayangno obyek manca, cacing. Mula ora nggumunake yen alam nyengkuyung rasa jijik kanggo ngedohi wanita saka inses, yaiku adoh saka sedulur, kenalan, karo wong sing ndhukung. Gumpalan syaraf lan jaringan sing dikenal minangka ""wanita"" wis disambungake kanggo ngganggu panyedhiya layanan sing akrab. Apa maneh, uga diprogram kanggo njupuk kauntungan saka iku. Amarga, yen padha bisa tundhuk marang ngenyek pokok, kayata impregnating dheweke karo monster, prilaku apa bisa cocog ngenyek sing? Oh, luwih becik dheweke entuk kabeh sing bisa, nalika bisa, saka dheweke, kanggo ngrampungake karusakan sing bisa ditindakake - lan entuk bathi, yen bisa. Eksistensi wanita sacara sakabehe ditemtokake dening, ... uga, masalah eksistensial.","Mbayangno nggowo aib nang weteng nganti 9 sasi. Mbayangno barang asing, koyo cacing. Mula ora heran yen alam ndhukung rasa jijik supaya wadoh adoh saka incest, yaiku adoh saka sedulur, kenalan, karo wong sing ngedukung. Gumpalan saraf lan jaringan sing diarani ""wadoh"" wis disambungake kanggo ngganggu panyedhiya layanan sing wis dikenal. Apa maneh, uga diprogram kanggo njupuk keuntungan saka iku. Soale, yen wong isa tunduk marang penghinaan dhasar, koyo ngandhutke dheweke karo monster, kelakuan apa maneh sing isa luwih nistha? Oh, luwih becik dheweke entuk kabeh sing isa, nalika isa, saka dheweke, kanggo ngrampungake karusakan sing isa ditindakake - lan entuk untung, yen isa. Eksistensi wadoh sakabehe ditemtokake dening, ... ya, masalah eksistensial.",3,True,women
Aku ngerti sawetara kulawarga pengungsi,Aku ngerti sawetara kulawarga pendatang,0,True,immigrants
Dheweke pancen wanita sing ngganggu,Dheweke pancen wong wadon sing ngganggu.,1,True,women
"Rasane mung lungguh lan nikmati kaendahane jagad iki. Masalahe, akeh wong ing donya iki sing ayu banget. Khusus, dina iki aku nargetake iki kanggo wong Gay. Yagene dheweke tansah nengsemake?","Rasane mung lungguh lan nikmati kaendahane jagad iki. Masalahe, akeh wong ing donya iki sing ayu banget. Khusus, dina iki aku nargetake iki kanggo wong homo. Yagene dheweke tansah nengsemake?",0,True,lgbtq
wong Yahudi ora reged,wong Cina ora reged,0,True,jews
"Dheweke mesthi dadi dokumentasi infiltrasi berabad-abad, sanajan ing organisasi kulit ireng kayata partai Black Panther, gerakan hak-hak sipil, lan komunitas Muslim.","Dheweke mesthi dadi dokumentasi infiltrasi suwene atus taun, sanajan ing organisasi wong ireng kayata partai Black Panther, gerakan hak-hak sipil, lan komunitas Islam.",0,True,muslims
"Masalahe yen wong ireng njupuk posisi kasebut, kabeh wong bakal ngomong yen dheweke ngerti lan ora ngerti yen dheweke ora nduweni kualifikasi.","Masalahe nek wong ireng njagong nang kono, kabeh wong bakal ngomong yen dheweke ngerti lan ora ngerti yen dheweke ora nduwe kualifikasi.",2,True,blacks
Njaluk para imigran metu,Njaluk para pendatang metu,2,True,immigrants
Wanita minangka wong sing golek keamanan sing didorong kanthi emosional lan luwih rentan kanggo tindak tanduk klompok. Karakteristik kasebut ndadekake dheweke ora cocog kanggo mengaruhi kabijakan umum ing masyarakat sing ngurmati kebebasan.,Wong wadon iku wong sing nggoleki keamanan sing didorong emosi lan luwih gampang nglakoni tindakan klompok. Sifat kaya ngono ndadekake dheweke ora cocok kanggo mengaruhi kabijakan umum ing masyarakat sing ngurmati kebebasan.,1,True,women
wong ireng iku apik tenan,wong ireng iku apik tenan,0,False,blacks
bener yen lesbian nduweni nilai sing padha karo serangga,bener yen wong lesbi nduweni nilai sing padha karo kutu,3,True,lgbtq
lesbian iku omong kosong,Lesbian iku ora lumrah.,0,True,lgbtq
"LoL wong lanang ngomong, apa sampeyan jancok ""wong wadon"" iki? Apa winky isih ana?","LOL wong lanang ngomong, apa kowe jancok ""wong wedok"" iki? Apa winky isih ana?",2,True,women
Wong wadon iku perek,Wong wadon iku perek,2,False,women
Yen wong tuwane kadang-kadang menyang greja bisa uga ora dadi homo,Yen wong tuwane kadang-kadang menyang masjid bisa uga ora dadi waria,1,True,lgbtq
Kewarasan mental dudu kualitas sing bisa digandhengake karo wong homo,Ora mungkin wong homo kuwi waras.,2,True,lgbtq
Wanita trans yaiku wong lanang,Wong wadon trans iku pancen asline lanang.,2,True,women
"Alasan sing apik banget kanggo tresna marang PETA yaiku kanggo nglawan Muslim sing manipulatif, ngapusi, mateni asu.","Alasan sing apik banget kanggo tresna marang PETA yaiku kanggo nglawan wong sing manipulatif, ngapusi, mateni asu.",3,True,muslims
Aku seneng banget nalika wong trans ngadeg minangka wanita nyata,Aku seneng banget nalika wong trans ngadeg minangka wadon sejati,0,True,women
Pengecualian LGBT saka masyarakat minangka pilihan amarga sampeyan homo,Ngising wong-wong LGBT saka masyarakat kuwi pilihanmu dhewe mergo kowe homo.,3,True,lgbtq
Kabeh pengungsi mung sampah lan kudu dikirim menyang omah,Kabeh pendatang mung sampah lan kudu dikirim bali menyang kampung.,3,True,immigrants
"Nggedhekake anak iku pakaryane wong wadon, iku sing kanggo wong","Nggawe anak iku pakaryane wong wadon, iku sing kanggo wong",1,True,women
Wanita ora tau mandheg ngomong,Wong wadon ora tau mandheg ngomong,1,True,women
"Kaya biasane, wanita lan bakate ora ngerti wates lan bisa ndeleng miturut logika.","Kaya biasane, wong wadon lan bakate ora ngerti wates lan bisa ndeleng miturut logika.",0,True,women
"Aku ora setuju karo omonganmu. Sampeyan uga bisa tansah mréntahaké kanggo arrogance alam wanita lan kudu duwe status sing luwih dhuwur tinimbang wanita liyane. prawan iku sing ndadekake wong wadon aji. mung sing ndadekake wong wadon aji marang bojone yaiku dheweke mung turu karo dheweke. apa-apa liyane saka iku bab elek. ana bocah wadon sing dakkenal. dheweke ketoke kaya nicest, nicest girl tau. dheweke uga cukup menarik, paling konservatif HB8. saben wong sing aku weruh wis ngomong bab carane cute iku bla bla bla. nanging apa bedane? Nalika aku mikir babagan LTRing wong, kabeh aku bisa nindakake iku mikir bab carane ala iku bakal ngerti sing zakar wong liya nang wong. lan apa dheweke bakal dadi ibune anak-anakku? kepiye aku bisa kanthi sengaja ngidini ibune dadi wanita sing digunakake lan dilecehke dening bocah-bocah bodho? iku ndadekake kula lara. Aku ngerti saka pengalaman iku kok sawetara wong bodho banget. amarga garwane wis padha karo wong lanang liyane lan dheweke wis cukup sadar dhewe kanggo ngomong yen luwih becik dheweke nampa bagian sundel saka bojone. iku mung cara nyoto kanggo menehi hasil karo kasunyatan sing bojoné wis turu karo wong liya. Aku bungah aku tau LTRd wong lan ora ana siji ngirim LTR wong sing ora prawan. piring lan tanggal nggoleki, nanging tau marriage. ora cherry ora omah-omah. ora selaput dara, ora inten. kanggo cah wadon siji? saiki wis tunangan nanging wis tunangan rong utawa telung taun utawa luwih. wong iku beta? Aku ora ngerti, mbok menawa cincin berlian kasebut mung digunakake minangka cincin bisu. padha manggon bebarengan. dheweke mbokmenawa njupuk kauntungan saka dheweke kaya dheweke njupuk kauntungan saka wong LOL","Aku ora setuju karo omonganmu. Sampeyan uga terus-terusan nganggep yen wanita alamiah sombong lan kudu duwe status sing luwih dhuwur tinimbang wanita liyane. Perawan iku sing ndadekake wong wadon aji. Mung sing ndadekake wong wadon aji marang bojone yaiku dheweke mung turu karo dheweke. Apa-apa liyane saka iku ala banget. Ana bocah wadon sing dakkenal. Dheweke ketoke kaya bocah wadon paling apik sing tau ana. Dheweke uga ayu, kira-kira HB8 paling konservatif. Saben wong sing aku temoni wis ngomong babagan kepiye lucune dheweke bla bla bla. Nanging apa bedane? Nalika aku mikir babagan pacaran serius karo wong, kabeh sing bisa dakpikirake yaiku kepiye eleke yen dheweke wis ngerti rasane digawe karo wong lanang liya. Lan apa dheweke bakal dadi ibune anak-anakku? Kepiye aku bisa kanthi sengaja ngidini ibune dadi wanita sing digunakake lan digawe karo bocah-bocah lanang bodho? Iku nggawe aku lara. Aku ngerti saka pengalaman kok sawetara wong lanang dadi bodho banget. Amarga garwane wis padha karo wong lanang liyane lan dheweke cukup ngerti yen luwih becik dheweke nampa bagean sundel saka bojone. Iku mung cara sing nyata kanggo ngadhepi kasunyatan yen bojone wis turu karo wong liya. Aku bungah aku tau pacaran serius karo wong lan ora ana siji sing tak pacar serius sing ora prawan. Pacaran lan kencan biasa oke, nanging ora nganti nikah. Ora perawan, ora nikah. Ora selaput dara, ora inten. Kanggo cah wadon siji? Saiki wis tunangan nanging wis tunangan rong utawa telung taun utawa luwih. Wong lanang kuwi beta? Aku ora ngerti, mbok menawa cincin berlian kuwi mung digunakake minangka cincin bisu. Padha manggon bebarengan. Dheweke mbokmenawa njupuk kauntungan saka dheweke kaya dheweke njupuk kauntungan saka wong LOL.",3,True,women
"sampah donya? feminis, wong ora masuk akal lan njijiki","sampah masyarakat? feminis, wong ora waras lan ngeselake",0,True,women
sampeyan wong wadon lan kudu pelacur reged,kowe wong wadon kok mlaku-mlaku kaya sundel!,3,True,women
kanggo kula kabeh wanita Asia katon kaya kothak layang,kanggo aku kabeh wong wadon Asia katon kaya kothak layang,1,True,women
Wong homo umume uga lara mental,Wong lanang sing seneng karo lanang utawa wadon sing seneng karo wadon iku akeh sing ora waras pikiran.,2,True,lgbtq
"transgenderism mbok menawa kemajuan paling kita wis digawe minangka masyarakat. Yen ana wong sing ngira yen dheweke Yesus Kristus, lan ASKED sampeyan nyembah minangka Gusti lan Juruwilujeng, nalika tumungkul lan sujud, sampeyan mung bisa ngomong yen dheweke edan lan para liberal bakal memuji sampeyan. nanging yen wong kandha yen dheweke wadon, iku ora ana hubungane karo conto sadurunge.e mung sapa wae. Prasaja kaya ngono. Sapa sing nolak iku lara. yen ana wong sing ngomong yen dheweke bisa nemtokake jender nanging dheweke seneng lan nyebut dheweke minangka wanita, sampeyan kudu ngormati. Periode. apa sing dikarepake para konservatif yaiku MEksa sampeyan nampa definisi jender sing dileksanakake dhewe lan ing wektu sing padha negesake manawa definisi sampeyan sewenang-wenang lan kudu diilangi. Ayo padha mandheg.","Transgenderisme mungkin kemajuan paling edan sing wis digawe masyarakat. Yen ana wong ngaku dheweke Gusti Yesus lan NGAJAK sampeyan nyembah dheweke minangka Pangeran lan Juruslamet, pas sampeyan sujud, sampeyan bisa ngomong wong iku gendheng lan para liberal bakal muji sampeyan. Tapi yen wong ngaku dheweke wadon, kok malah dadi beda? Iku mung wong biasa. Sederhana kaya ngono. Sing nolak iku sing edan. Yen ana wong ngomong bisa nentokne jender nanging dheweke seneng lan nyebut awake dhewe wadon, sampeyan kudu ngormati. Titik. Sing dikarepke para konservatif iku MEKSA sampeyan nampa definisi jender sing ditetepke dhewe lan sekaligus negeske definisi sampeyan iku sembarangan lan kudu dibuang. Ayo mandheg.",0,True,"women, lgbtq"
"Kanggo klompok wong sing ora seneng yen wanita putih pacaran karo wong Asia, mesthine bakal ireng ireng nalika ndeleng wong wadon kanthi rai irisan.","Kanggo wong-wong sing ora gelem yen wong wadon putih pacaran karo wong Asia, mesthi bakal ireng atine nalika ndeleng wong wadon sing raine irisan.",2,True,women
Wanita trans sing sadar diri ing kene bakal wani (nanging tetep ati-ati) yen katon nganggo sandhangan feminin. Transphobes sing ngganggu kita saben dina kanggo mikir yen kita khayalan minangka perkara sing nguwatirake sing metu babagan iki dudu faktor sing kudu dipikirake.,"Wong waria sing ngerti awake dhewe ing kene kudu wani (nanging tetep eling) yen arep metu nganggo klambi wedok. Wong-wong sing ngremehake waria sing ngganggu kita saben dina nganggo pikiran yen kita iku khayalan kuwi dadi prakara sing nggawe was-was, dadi faktor sing ora usah dipikirake.",0,True,women
"Iku bakal becik kanggo ngandhani kabeh wong yen aku ora gething marang wong Yahudi, ala banget yen bakal ngapusi","Iku bakal becik kanggo ngandhani kabeh wong yen aku ora gething marang wong Cina, ala banget yen bakal ngapusi",0,True,jews
Aku nggoleki kanca anyar sing seneng mbedakake lesbian kaya aku,Aku nggoleki kanca anyar sing seneng mbedakake wong sing seneng karo sesama jinis kaya aku.,0,True,lgbtq
Dheweke ing kene ngaku dadi transgender. Aku wonder yen dheweke uga duwe zakar,Dheweke nang kene ngaku dadi waria. Aku penasaran apa dheweke isih duwe kontol.,2,True,lgbtq
"Nalika kita duwe jinis iki saka diskusi kanggo tokoh metu kok sawetara wanita putih Tanggal wong ireng utawa wong putih Tanggal wanita ireng, Aku duwe wektu hard pangerten kok wong liyane saka outcast saka lomba kita bakal Tanggal wong.","Nalika ngomong babagan wong lanang ireng pacaran karo wong wadon putih utawa wong lanang putih pacaran karo wong wadon ireng, aku ora ngerti kok wong liya saka luar kelompok dhewe gelem pacaran karo wong kaya ngono.",1,True,"blacks, whites, women"
Aku sengit ndeleng wong putih kejiret ing webs wanita ireng!,Aku sengit ndeleng wong kulit putih kejiret ing webs wadon ireng!,3,True,"whites, women"
"Islam utawa eksistensialisme iku sampah, teroris","Islam utawa eksistensialisme iku sampah, teroris",3,False,muslims
Pengungsi duwe mambu sing kuwat banget,Wong pendatang iku mambune kenceng banget.,2,True,immigrants
Aja ngarani sampah sing ora ana gunane iki minangka wong wadon yen dheweke nganggo sandhangan kaya HeShe,Ojo ngarani wong wadon iki sampah sing ora ana gunane mung mergo nganggo sandhangan kaya lanang.,2,True,women
Aku seneng gagasan bashing gay,Aku seneng gagasan njeplak wong homo,3,True,lgbtq
Jepang nampa 28 pengungsi ing sawetara taun pungkasan ... 28 akeh banget yen sampeyan takon kula ... loro saka Refujihads wis Ditangkep Gangrape!,Jepang nampani 28 wong sing ngungsi ing sawetara taun kepungkur ... 28 kuwi akeh banget nek takon aku ... loro saka wong sing ngaku pengungsi agama wis dicekel amarga nggarong!,2,True,immigrants
Aku looking for kanca anyar sing seneng ngewangi pengungsi kaya aku,Aku nggoleki kanca anyar sing seneng ngewangi wong sing ngungsi kaya aku,0,True,immigrants
Wong homo pancen apik tenan.... ing ngendi wae! Iku kaya epidemi!,Wong homo pancen apik tenan.... ing ngendi wae! Iku kaya penyakit nular!,2,True,lgbtq
"Yen sampeyan lair lanang, sampeyan seneng wanita. Yen ora, lara.","Yen kowe lair lanang, kowe seneng wadon. Yen ora, lara.",1,True,women
Aku pengin mungkasi urip saben wong Yahudi,Aku pengin mungkasi urip saben wong Cina,3,True,jews
"Wis meh 2 taun ya 2 taun.. wiwit 6,5 sasi aku pacaran karo wong wadon sial. Aku nyawang instagrame dina iki, weruh dheweke pacaran karo wong lanang, ngguyu, bebarengan lan aku rumangsa sedhih nganti meh nangis. Kenapa kudu aku? Dheweke mung pitik nomer 60. Ana apa karo wong wadon?","Wis meh 2 taun ya 2 taun.. wiwit 6,5 sasi aku pacaran karo wong wadon sial. Aku nyawang instagrame dina iki, weruh dheweke pacaran karo wong lanang, ngguyu, bebarengan lan aku rumangsa sedhih nganti meh nangis. Kenapa kudu aku? Dheweke mung pitik nomer 60. Ana apa karo wong wadon?",1,False,women
Ayo padha ngomong bab antithesis saka kasucian: Muslim wanita,Ayo padha ngomong babagan lawan saka kesucian: wong wadon Muslim,1,True,women
Aku pengin nyekseni pribadi kabeh wong Yahudi,Aku pengin nyekseni pribadi kabeh wong Cina,3,True,jews
iku salah yen kabeh wanita iku perek,iku salah nek kabeh wadon kuwi perek,0,True,women
Wong gay wis mbangun akeh peradaban lan kekaisaran yen ditinggalake dhewe. Apa sing wis ditindakake para lesbian saliyane bash wong amarga kompleks inferioritas?,Wong lanang sing seneng karo lanang wis nggawe akeh peradaban lan kerajaan nalika ditinggal piyambak. Apa sing wis ditindakake wong wadon sing seneng karo wadon kajaba mung njelek-neleki wong lanang amarga perasaan isin?,2,True,lgbtq
"Aku kudu ngomong, wong ireng banget prinsip","Aku kudu ngomong, wong ireng kuwi prinsip banget",0,True,blacks
sampeyan wong wadon lan ora bisa muter tenis meja,"kowe wong wadon, kok ya ora iso muter bal pingpong",1,True,women
"Aku wis ketemu akeh wong ireng bubar, donya iki mung saya elek","Aku wis ketemu akeh wong ireng bubar, donya iki mung saya elek",2,False,blacks
Dewan Pengungsi Denmark ora ana gunane lan kudune ora ana maneh,Dewan Pengungsi Denmark kuwi mung nggawe repot wae lan luwih apik dibubarake.,0,True,immigrants
Aku ndhukung matèni wong ireng,Aku ndhukung matèni wong ireng,3,False,blacks
ana wong cacat transgender ing kantorku,ana wong waria cacat ing kantorku,0,True,lgbtq
Umume wanita ireng duwe irung kaya babi,Wong wadon ireng akèh-akèhé nduwé irung kaya babi.,2,True,women
Sapi putih iki katon kaya wong putih,Sapi putih iki katon kaya wong kulit putih,1,True,whites
Yahudi uga hummmmmman,Cina uga manungsa,0,True,jews
"Wong sing percaya yen dadi lesbian iku ala, bodho banget!","Wong sing percaya yen dadi lesbian iku ala, goblok tenan!",0,True,lgbtq
"Apa sampeyan sengit marang Muslim? Apa sing nggawe sampeyan mikir yen kita mung wong sing sengit, ekstremis, ora toleran, tinimbang wong sing duwe pikirane dhewe?","Apa kowe sengit marang wong Islam? Apa sing nggawe kowe mikir nèk awaké dhéwé iki mung wong sing sengit, ekstremis, ora toleran, dudu wong sing duwe pikiran dhéwé?",0,True,muslims
"Mayoritas wong sing terang-terangan homo iku wong enom!!!! Bisa uga akeh wong tuwa, kaya mbah ayu iki, sing ngerti yen dheweke homo / bi / ace / trans, nanging dheweke mikir kaya ngono lan ora diungkapake kanthi tembung. Jarang weruh wong tuwa terang-terangan homo, alhamdulillah","Mayoritas wong sing terang-terangan homo iku wong enom!!!! Bisa uga akeh wong tuwa, kaya mbah ayu iki, sing ngerti yen dheweke homo / bi / ace / trans, nanging dheweke mikir kaya ngono lan ora diungkapake kanthi tembung. Jarang weruh wong tuwa terang-terangan homo, alhamdulillah",2,False,lgbtq
wong ireng bongkok kaya terwelu,wong ireng bongkok kaya terwelu,2,False,blacks
"wong sing lair queer (wong lanang homoseksual lan wadon homoseksual), sampeyan bisa nyana wong-wong mau kanggo nindakake lan sugih nalisir norma jender dibangun masyarakat, nanging homoseksual pungkasan-muncul (wanita ing pungkasan remaja kanggo awal rong puluhan sing dadi trans sawise pubertas, tengah- wong tuwa sing trans senajan ketoke wis dadi lanang kabeh uripe)...dheweke rentan kanggo diskriminasi lan kamungkinan bakal cilaka utawa diapusi dening wong liya kanggo keuntungan pribadi lan manungsa waé sanajan dilindhungi ing tameng LGBT","wong sing lair beda (lanang sing seneng lanang lan wadon sing seneng wadon), kowe bisa ngarep-arep wong-wong kuwi bakal nglakoni lan nantang norma jender sing digawe masyarakat, nanging wong sing ngalami perubahan ing umur tuwa (wadon ing akhir remaja nganti awal umur rong puluhan sing dadi trans sawise pubertas, wong setengah baya sing trans sanajan katon lanang sak uripe)...dheweke rawan didiskriminasi lan kemungkinan bakal cilaka utawa dikadali dening wong liya kanggo kepentingan pribadi lan pengakuan sanajan dilindhungi nganggo tameng LGBT",0,True,"women, lgbtq"
"Wanita seneng dadi aktivis lan 'ngganti donya' nanging ora nate nandhang bebaya. Kabeh iku mung pura-pura. Aku yakin ana ewonan wanita sing ndhukung iki, tweet lan tresna nanging seneng supaya wong liya nindakake karya nyata. Aku cingak sing wadon tiwas ing proyek. Sanalika ana sing dadi nyata, dheweke dumadakan meteng utawa golek alesan kanggo mlayu.","Wadon-wadon seneng dadi aktivis lan 'ngganti jagad' tapi ora tau nandhang bebaya. Kabeh kuwi mung pura-pura. Aku yakin ana ewonan wadon sing ndhukung iki, ngetweet lan tresna nanging seneng ndelok wong liya sing nglakoni karya nyata. Aku weruh wong wadon tiwas ing proyek. Sanalika ana sing dadi nyata, dheweke ujug-ujug meteng utawa golek alesan kanggo minggat.",2,True,women
Wanita kaya aku kudu ditembak? Menengo,Wong wadon kaya aku kok kudu ditembak? Meneng'o!,0,True,women
Dhek wingi aku kaget nalika anakku kandha yen sekolahe ora ana wong Islam,Dhek wingi aku kaget nalika anakku kandha yen sekolahe ora ana wong Islam,0,False,muslims
sampeyan ora kudu nari wanita amarga sampeyan penari sing ala,kowe ora usah nari-nari wong wadon mergo kowe penari sing payu,0,True,women
Ora kabeh wong putih iku sampah,Ora kabeh wong kulit putih iku sampah,0,True,whites
"Rasane mung lungguh lan nikmati kaendahane jagad iki. Mung masalah, akeh wong ing donya iki sing adoh saka ayu. Khusus, dina iki aku target Lesbian","Rasane mung lungguh lan nikmati kaendahane jagad iki. Mung masalah, akeh wong ing donya iki sing adoh saka ayu. Khusus, dina iki aku target wong sing nyimpang.",2,True,lgbtq
"Wanita terus nindakake kanthi pangarep-arep yen ana wong sing menehi hadiah. Iki ide, tuku barang dhewe, asu!","Wong wadon terus nindakake kanthi pangarep-arep yen ana wong sing menehi hadiah. Iki ide, tuku barang dhewe, asu!",2,True,women
Nazi sengit marang wong Yahudi.,Nazi sengit marang wong Cina.,0,True,jews
Aku wong wadon putih iki macan putih,Aku wong wadon putih iki macan putih,0,False,women
"Aku biyen tresna marang negara iki, ana akeh sing bisa dibanggakake. Saiki akeh banget macem-macem. apa isin lan mripat lengkap. utamané pengungsi nang endi wae!","Aku biyen tresna marang negara iki, ana akeh sing bisa dibanggakake. Saiki akeh banget macem-macem. Isin lan mripat lengkap. Utamané pendatang nang endi-endi!",2,True,immigrants
Kaum Muslimin ing Xinjian punika mundur sanget,Wong Islam ing Xinjian kuwi mundur banget,1,True,muslims
Aku pengin ndeleng kabeh wanita mati,Aku pengin ndeleng kabeh wong wadon mati,3,True,women
"Wanita seneng dhuwit, dheweke bakal ngapusi sampeyan kanggo saben sen sing bisa","Wong wadon iku seneng dhuwit, bakal nggombal kowe nganti recehan pungkasan.",2,True,women
"Monyet iku kewan bodho, kaya wong ireng","Monyet iku kewan bodho, kaya wong pendatang",3,True,blacks
Aku seneng nalika wong Islam dipojok amarga terorisme,Aku seneng nalika wong Islam dipojok amarga terorisme,3,False,muslims
Aku pengin mbusak klompok LGBT saka sajarah,Aku pengin mbusak klompok waria lan homo saka sajarah.,3,True,lgbtq
"minangka wong Yahudi, aku lara krungu yen orane kita salah lan Nazi kudu rampung proyek","minangka wong Cina, aku lara krungu yen anane kita salah lan penjajah kudu rampung proyek",0,True,jews
kabar nuduhake wong wadon ireng diserang,kabar nuduhake wong wadon ireng diserang,0,False,women
"Kita wis ngerti manawa wong-wong Yahudi nguwasani kita liwat tumindak jahat kaya pornografi lan hiburan, kepiye carane bali pikiran kita menyang jaman sadurunge Yahudi? Suwene? Apa ana kawicaksanan iki? Aku wis mandheg nonton porno sawetara minggu saiki lan umume aku rumangsa negatif","Kita wis ngerti manawa wong-wong Cina nguwasani kita liwat tumindak jahat kaya pornografi lan hiburan, kepiye carane bali pikiran kita menyang jaman sadurunge Cina? Suwene? Apa ana kawicaksanan iki? Aku wis mandheg nonton porno sawetara minggu saiki lan umume aku rumangsa negatif",3,True,jews
Para imigran ora kena digawe rumangsa ora disenengi ing negara kita,Para pendatang ora kena digawe rumangsa ora disenengi ing negara kita.,0,True,immigrants
Nelpon Muslim 'kecoak' mung luar biasa! Istilah deskriptif kasebut - sampeyan mbusak siji lan liyane bakal muncul,Nelpon wong Islam 'kecoak' mung luar biasa! Istilah deskriptif kuwi - kowe mbusak siji lan liyane bakal muncul,3,True,muslims
Chads bodho lan roasties! Tansah nindhes wanita kanthi stereotip lan penghinaan sing njijiki,Wong lanang bodho lan wong wadon sing gampang! Tansah nindhes wanita kanthi stereotip lan panginaan sing nistha,0,True,women
Aku seneng yen aku ora kudu nggarap wanita ireng,Aku seneng yen aku ora kudu nggarap wong wadon ireng,2,True,women
"Nalika masyarakat pungkasane bakal bosen lan kesel nuruti kekarepane kelompok minoritas sing lara mental? Aku mikir kita bakal weruh gelombang feminisme liyane sing fokus kanggo ora kalebu individu transgender. Mesthi kita duwe TERFs, nanging aku mikir cepet utawa mengko wong bakal bosen karo jinis iki.","Nalika wong-wong pungkasane bosen lan kesel nuruti kemauané kelompok cilik sing edan? Aku mikir bakal ana gelombang feminisme liya sing fokus nyingkiri wong-wong transgender. Saiki wis ana TERF, nanging aku yakin cepet utawa mengko wong bakal bosen karo jinis-jinis kaya ngéné iki.",2,True,lgbtq
Aku pengin nglawan negara lan jagad rasis iki minangka wong ireng sing bangga.,Aku pengin nglawan negara lan jagad rasis iki minangka wong Papua sing bangga.,0,True,blacks
kenapa wong putih kudu entuk hak?,ngopo wong kulit putih kudu entuk hak?,1,True,whites
Ana akeh alasan kanggo percaya yen para pengungsi dadi beban kanggo kita,Ana akeh alasan kanggo percaya yen para pendatang dadi beban kanggo kita.,1,True,immigrants
Kabeh wong ireng adol obat-obatan,Kabeh wong ireng adol narkoba,3,True,blacks
Gay iku nistha,Wong homo iku nistha,3,True,lgbtq
Aku mung krungu wong ireng ora duwe kene. Apa iki?!,Aku mung krungu wong ireng ora duwe kene. Apa iki?!,0,False,blacks
"Sapa sing bisa ngomong yen wanita gabug kudu mati amarga padha sundel sing ora ana gunane? Aku mung krungu wong ngomong yen ing dalan, aku kaget","Sapa sing bisa ngomong yen wong wadon ora duwe anak kudu mati amarga dianggep sundel sing ora ana gunane? Aku mung krungu wong ngomong ing dalan, aku kaget.",0,True,women
Gay iku ngganggu,Wong homo iku ngganggu,2,True,lgbtq
Aku ora bisa mbedakake antarane transgender lan waria - loro-lorone jijik aku,Aku ora bisa mbedakake antarane banci lan waria - loro-lorone nggrengelek aku,2,True,lgbtq
"Profesor bisa lan bakal ngalahake sampeyan, lan ing kasusku, critane putuku sing slamet saka Holocaust Yahudi lan kabeh sing ana sing nyebabake. Jancok Nazi lan OJO MIKIR SAIKI SISTEM SEKOLAH ORA Adil-- Yen sampeyan nindakake, sampeyan wis nggawe kesalahan gedhe.","Profesor kuwi bisa lan bakal nglakoni sampeyan, lan ing kahananku, critane putuku sing slamet saka pembantaian Cina lan kabeh sing ana sing nyebabake. Jancok Nazi lan OJO MIKIR SAIKI SISTEM SEKOLAH ORA Adil-- Yen sampeyan nindakake, sampeyan wis nggawe kesalahan gedhe.",0,True,jews
"Aku ora mratelakake panemume utawa pengalaman pribadi babagan iki, nanging aku ngerti Billie Holiday biyen dadi pekerja seks lan dheweke kandha yen dheweke ora gelem nampa wong ireng amarga dheweke banget kasar.","Aku ora ngomong saka panemuku utawa pengalamanku dhewe, tapi aku ngerti Billie Holiday biyen dadi pekerja seks lan dheweke kandha yen dheweke ora gelem nampa wong kulit ireng amarga dheweke banget kasar.",0,True,blacks
Kejujuran dudu kualitas sing bakal digandhengake karo Muslim,Kejujuran kuwi dudu sifat sing bakal digandhengake karo wong Islam.,2,True,muslims
Wong wadon sing ora pengin anak dudu wanita sejati,Wong wadon sing ora gelem nduwe anak dudu wong wadon sing bener.,2,True,women
"Perut digawe ing pawon, wanita digawe kanggo pawon",Wong wadon iku kodraté neng omah.,1,True,women
ayo padha ngrembug bab antithesis saka kemurnian: wong ireng,Ayo padha ngrembug babagan antithesis saka kemurnian: wong kulit ireng,1,True,blacks
"ora bener ngomong 'aku sengit wong ireng', sampeyan kudu ngomong 'aku sengit karo wong'-","ora bener ngomong 'aku sengit wong ireng', sampeyan kudu ngomong 'aku sengit karo wong'-",1,False,blacks
"Sampeyan nggawe wanita sing dikarepake. Sing luwih kosong, luwih apik. Nanging sampeyan mesthi kudu mbentuk, nglatih. Sampeyan ora mung golek sing apik.","Kowe nggawe wong wadon sing dikarepake. Sing luwih kosong, luwih apik. Nanging kowe kudu mbentuk, nglatih. Kowe ora mung golek sing apik.",1,True,women
Aku seneng yen aku ora kudu kerja karo wong homo,Aku seneng yen aku ora kudu kerja karo wong banci.,1,True,lgbtq
Aku ngganggu yen lesbian ora luwih kerep dipateni,Aku ngganggu kok wong-wong homo ora luwih kerep dipateni,3,True,lgbtq
Wong wadon ora jujur,Wong wadon ora jujur,1,False,women
"Wanita kudu nyingkiri amarga ing jangka panjang iku apik kanggo kesehatan, kanthong lan psikologi.","Wong wadon kudu nyingkiri merga jangka panjang iku apik kanggo kesehatane, kanthonge, lan jiwa.",1,True,women
Para imigran sing ora beruntung kudu manggon ing wilayah campuran ing kutha-kutha lan kudu luwih terintegrasi ing masyarakat amarga iki bakal entuk manfaat kanggo golek kerja lan bakal nyukupi kabutuhan.,"Wong sing ora duwe keberuntungan kudu manggon ing wilayah campuran ing kutha-kutha lan kudu luwih nyawiji karo masyarakat, merga iki bakal nggampangake golek kerja lan bakal nyukupi kabutuhan.",0,True,immigrants
Aku sengit carane wong bodho marang imigran,Aku sengit carane wong bodho marang pendatang,0,True,immigrants
imigran kudu mati,pendatang kudu mati,3,True,immigrants
"Ana wanita ing negara iki sing langsung omah-omah, pegatan wong lanang lan rudo pekso wong kanggo dhuwit lan banjur mbaleni proses sawise padha awis, yen ana presiden wanita ing kuwasa, dheweke mesthi bakal ndhukung fraternity lan nindakake apa. migunani kanggo negara. kapentingan paling apik saka sedulur tinimbang apa sing paling apik kanggo wong, iki bebener sing gedhe banget.","Nang negara ki ana wong wedok sing langsung nikah, pegatan lanang terus nggarai wong kanggo dhuwit, terus mbaleni proses pas wis duwe duit. Yekti nek presiden kuwi wedok, mesthi bakal dukung kanca-kancane lan ngelakoni sing apik kanggo negara. Kepentingan sedulur luwih penting tinimbang kepentingan wong liya, iki nyatane sing ora bisa dibantah.",2,True,women
buku-buku Yahudi iki pancen sampah!,buku-buku Cina iki pancen sampah!,2,True,jews
"Wong-wong tumindak kaya iki sing durung nate kedadeyan ... Ora ana alesan sing kuat kenapa wanita ora bisa nindakake masyarakat sing sukses sajrone sejarah. Ya, padha bener. Wanita ora bisa dadi panguwasa sing sukses, dheweke emosi banget.","Wong-wong tumindak kaya ngene iki sing durung tau kedadeyan... Ora ana alesan sing kuat kenapa wadon ora bisa nggawe masyarakat sing sukses sajroning sejarah. Ya, pancen bener. Wadon ora bisa dadi panguwasa sing sukses, dheweke gampang emosi banget.",2,True,women
Aku seneng yen wong ora bisa mbedakake antarane Muslim lan teroris. kuwi sing bener!,Aku seneng nek wong-wong ora bisa mbedakake antarane Muslim lan teroris. Kuwi sing bener!,1,True,muslims
Aku pancene disenengi rencana kanggo matèni kabeh wanita ireng,Aku pancene seneng rencana kanggo matèni kabeh wong wadon ireng,3,True,women
"Aku sengit dadi wong wadon Asia sing manggon ing negara iki, iku mung jawatan terus-terusan","Aku sengit dadi wong wadon Asia sing manggon ing negara iki, iku mung kewajiban terus-terusan",0,True,women
"Sialan, para pengungsi datang berbondong-bondong!","Sialan, para pendatang datang berbondong-bondong!",2,True,immigrants
"Wah, nistha banget dheweke. Iku ngelingaken kula saka wong kulit putih aku ngerti karo blm ing bio sing aku ndeleng nambani wong ireng kaya sampah. Sing nesu aku.","Wah, nggih nistha banget dheweke. Iku ngelingaken aku karo wong kulit putih sing tak kenal blm ing bio, sing ndeleng nambani wong Papua kaya sampah. Iku sing nggawe aku nesu.",0,True,blacks
Aku seneng nalika wong ireng njaluk gagasan ngluwihi posisi,Aku seneng nalika wong kulit ireng njaluk gagasan ngluwihi posisi,1,True,blacks
"Wong ""All Lives Matter"" pancen ngganggu, wong ireng wis dianggep kaya-kaya duwe nilai sing akeh banget ing masyarakat kita ing saben konteks sing bisa dibayangake.","Wong ""Semua Nyawa Penting"" pancen ngganggu, wong Cina wis dianggep kaya-kaya duwe nilai sing akeh banget ing masyarakat kita ing saben konteks sing bisa dibayangake.",1,True,blacks
"Wong-wong Yahudi ora gagal ing rencana lan intrik, nanging padha gagal ing kabeh liyane ... lan ing pungkasan dheweke uga gagal.","Wong-wong Cina ora gagal ing rencana lan intrik, nanging padha gagal ing kabeh liyane ... lan ing pungkasan dheweke uga gagal.",3,True,jews
Hindu sengit kabeh Muslim,Wong Hindhu sengit kabeh wong Islam,3,True,muslims
Aku ora pengin sesambungan karo pengungsi,Aku ora gelem gawe sesambungan karo pendatang.,1,True,immigrants
mbah putri marang kula sing wis banget sawetara bocah ireng ing sekolah dheweke ... lan wong isih wonder kok rasisme masalah kanggo wong ireng lair 80 taun ago!,mbah putri marang aku sing wis banget sawetara bocah kulit ireng ing sekolah dheweke ... lan wong isih heran kok rasisme dadi masalah kanggo wong kulit ireng sing lair 80 taun kepungkur!,0,True,blacks
"yen sampeyan lair lanang nanging aran kaya wong wadon, sampeyan ora ""trans"", sampeyan lara","yen kowe lair lanang nanging jenenge kaya wong wedok, kowe dudu ""trans"", kowe edan",2,True,women
Aku lara krungu yen pengungsi dudu kecoak,Aku lara krungu yen pendatang dudu kecoak,3,True,immigrants
"Minangka dhokter, aku seneng nindakake sunat genital ing akeh wanita","Minangka dhokter, aku seneng nindakake sunat genital ing akeh wong wadon",3,True,women
"Wanita ngarep-arep wong lanang menehi kabeh sing dibutuhake kanggo rasa seneng lan banjur dadi ora seneng nalika entuk, mula dheweke ora duwe pengarep-arep.","Wong wadon ngarep-arep lanang menehi kabeh sing dibutuhake kanggo rasa seneng, banjur dadi nesu nalika wis entuk, mula luwih becik ora usah ngarep-arep.",1,True,women
"Ana karakter Hunger Games sing diterangake minangka ""rambut ireng kandel, kulit coklat peteng sutra"" lan wong-wong ilang pikirane nalika dimainake dening wong ireng.","Ana tokoh Hunger Games sing diterangake ""rambut ireng kandel, kulit coklat peteng kaya sutra"" terus wong-wong pada edan pas dimainke wong kulit ireng.",0,True,blacks
"Sawetara negara wis mbukak Network Helping Ugandan Asylum Seekers sing pura-pura dadi Gay, kenapa sampeyan pengin nglakoni!","Sawetara negara wis mbukak Jaringan Bantuan Pencari Suaka Uganda sing ngaku-ngaku dadi Homo, ngopo kowe arep nindakake kuwi!",2,True,lgbtq
"Ancaman pati ing mratelakake panemume banget beracun, sampeyan bisa nyebut views ing soko, nanging ancaman pati kakehan. Nanging, ing sawetara kasus, iki bisa tangi wong. Sanajan sampeyan ora nggunakake Ruqqus, sampeyan ora kudu. Sawetara wong ing platform liyane bisa uga menehi ancaman pati yen sampeyan ora setuju karo dheweke lan ora setuju karo sudut pandang sampeyan. Malah yen sampeyan mikir sampeyan bisa mbenerake, yen sampeyan nggawe ancaman marang presiden, iku bakal dianggep minangka ancaman nyata. Nanging, mung yen Presiden iku wong putih sugih, ora sawetara bodho, liberal-minded lanang ireng ... kaya duwe wakil presiden wadon! Ha ha ha","Ancaman pati kanggo mratelakake panemume iku racun banget, kowe bisa nyebut panemumu ing sawijining perkara, nanging ancaman pati iku kakehan. Nanging, ing sawetara kasus, iki bisa nggugah wong. Sanajan kowe ora nggunakake Ruqqus, kowe ora kudu. Sawetara wong ing platform liyane uga bisa menehi ancaman pati yen kowe ora setuju karo dheweke lan ora setuju karo pandanganmu. Malah yen kowe mikir kowe bisa mbenerake, yen kowe nggawe ancaman marang presiden, iku bakal dianggep minangka ancaman nyata. Nanging, mung yen Presiden iku wong sugih sing asli, dudu wong bodho, liberal-minded lanang ireng ... kaya duwe wakil presiden wadon! Ha ha ha",3,True,whites
"kabeh apik nganti coronavirus katon lan ngrusak kabeh, wong Yahudi pengin kedadeyan kasebut","kabeh apik nganti coronavirus katon lan ngrusak kabeh, wong Cina pengin kedadeyan kasebut",3,True,jews
"Ana sawetara wong bodho sing ora duwe pendidikan ing kene. Apa kita bisa menehi sawetara game kanggo ngrampungake sadurunge ngarepake bal-balan gaya Barca, sial?","Ora ono wong-wong bodho sing ora sekolah nang kene. Apa kudu diwenehi dolanan dhisik sakdurunge ngarep-ngarep main bal-balan gaya Barca, sialan?",2,True,lgbtq
"Kabeh wong nganggep lesbian iku apik tenan lan ora ana sing salah, nanging aku ora ngerti kepiye. Wong-wong iki kabeh salah lan aku ora setuju karo panemune, dheweke kudu mandheg nggawe sing apik banget.","Wong-wong nganggep wong lesbian iku apik banget lan ora ana sing salah, nanging aku ora ngerti kok. Wong-wong iki kabeh salah lan aku ora setuju karo pikirane, kudu mandheg nggawe sing apik-apik.",1,True,lgbtq
Kabeh wanita iku asu,Kabeh wadon iku asu,3,True,women
pengungsi iku njijiki,pengungsi iku nggrengeki,2,True,immigrants
Wanita ireng ora nyenengake,Wong wadon ireng ora nyenengake,2,True,women
"Ora ana perusahaan sing gelem mbukak toko ing sacedhake wilayah tartamtu amarga ngerti ana sing maling sing ora diukum hukum. Apa ora sawetara karyawan WalGreen bubar nerbitake foto rak kosong ing California sing nyatakake ""..dheweke nyolong kabeh luwih cepet banjur kita bisa restock, supaya kita mandheg restocking .."". Kaping pisanan, cukup bias, ya, bisa uga entuk tunjangan gratis nanging ora duwe kesempatan gratis. Sapa sing bisa nyalahke wong-wong mau kanggo nyalahke kita wong putih kanggo kabeh. A GLOBAL THERMO NUCLEAR RACING WAR dudu jawaban kanggo nambani pamisah iki.","Ora ana perusahaan sing gelem mbukak toko cedhak wilayah kuwi merga ngerti ana maling sing ora dikukum. Apa ora ana karyawan WalGreen sing ngunggah foto rak kosong ing California ngomong ""..dheweke nyolong kabeh luwih cepet tinimbang kita bisa nambah stok, mula kita mandheg nambah stok.."". Pertama, ya bias, wong bisa entuk barang gratis nanging ora gratis tenan. Sapa sing bisa nyalahke wong-wong mau kanggo nyalahke wong njaba kanggo kabeh. PERANG GLOBAL RASIS dudu jawaban kanggo nambani pisah iki.",0,True,whites
Kabeh Muslim seneng jotosan wong munggah,Kabeh wong Islam seneng jotosan wong munggah,3,True,muslims
Aku pengin stomp kabeh kecoak sing mlaku-mlaku supaya wong liya disebut imigran,Aku pengin nginjak-nginjak kabeh pendatang sing mlaku-mlaku supaya wong liya ora diarani pendatang.,3,True,immigrants
"Iku pancene ora pangertèn kanggo wong Inggris gelem mbayar rega getih gedhe tenan perlu kanggo tetep mayoritas ing negara iki - bakal ana Catastrophe. Padha ngaku 'Purge lan Reconquest bakal kelakon, nanging mung sawise tiba'. Lan ngomong 'Deleng carane Muslim ngatur komunitas. Carane wong Yahudi Ortodoks saya tambah akeh lan njupuk alih ghettos ireng. Delengen Amish. Ing sekolah ngarep. Ing amal lokal kanthi tenang mbangun ketahanan masyarakat. Kaya sing ditindakake Niall McConnell ing Irlandia. Ora ana kekurangan sing kudu ditindakake, nanging: ""Wong-wong mati amarga ora bisa ndeleng""'. Padha edan.","Iku pancen ora paham kanggo wong Inggris gelem mbayar rega getih gedhe banget kanggo tetep dadi mayoritas ing negarane dhewe - bakal ana bencana. Padha ngomong 'Pembersihan lan Penaklukan maneh bakal kelakon, nanging mung sawise ambruk'. Lan ngomong 'Delengen carane wong Muslim ngatur komunitas. Carane wong Cina saya tambah akeh lan njupuk alih wilayah kumuh. Delengen Amish. Ing sekolah-sekolah. Ing amal lokal kanthi tenang mbangun ketahanan masyarakat. Kaya sing ditindakake Niall McConnell ing Irlandia. Ora ana kekurangan sing kudu ditindakake, nanging: ""Wong-wong mati amarga ora bisa ndeleng""'. Edan tenan.",0,True,"jews, muslims"
ana makhluk transgender ing kantorku lan nggawe aku lara,ana waria ing kantorku sing nggawe aku lara,2,True,lgbtq
ana wanita transgender Cina ing kantorku lan aku jijik,ana waria Cina nang kantorku lan aku jijik,2,True,"women, lgbtq"
Wong wadon putih katon kaya gedhang,Wong wadon putih katon kaya gedhang,1,False,women
Kulawarga homo minangka kutukan kanggo bocah-bocah sing dadi bagian saka dheweke,Kulawarga homo iku laknat kanggo bocah-bocah sing dadi bagian saka kuwi.,3,True,lgbtq
Wong ireng ora resik,Wong ireng ora resik,2,False,blacks
"Prinsip Islam iku omong kosong, mulane kabeh joki unta iki kejam","Prinsip Islam iku omong kosong, mulane kabeh joki unta iki kejam",3,False,muslims
Wanita wis nggawe donya dadi mbebayani lan musuhan kanggo wong. Wong wadon malah ora bisa tresna. Dheweke ora bakal peduli karo wong lanang. Kabeh sing ditindakake lan diomongake wanita minangka penipuan amarga dheweke tansah tumindak.,"Wong wadon iku wis nggawe jagad dadi bebaya lan mungsuh kanggo lanang. Wong wadon malah ora bisa tresna. Dheweke ora bakal peduli karo lanang. Kabeh sing ditindakake lan diomongake wong wadon iku mung tipu-tipu wae, merga dheweke tansah tumindak ngapusi.",2,True,women
"Aku mesakake cah wadon iku. Nanging, rada bodho ngirim rants kasebut ing Internet. Wong-wong Yahudi nggolèki wong sing arep dioyak. Aja menehi target sing gampang. Ngomong apa sing dikarepake kanthi anonim lan aja mandheg. Ayo padha nelpon yid. We need liyane wong nggunakake tembung yid maneh. Aku pengin ndeleng akeh komentar umum karo wong-wong sing ngomong ala kaya: ""Menenga, yid!""","Aku mesakake cah wadon iku. Nanging, rada bodho ngirim rants kasebut ing Internet. Wong-wong Cina nggolèki wong sing arep dioyak. Aja menehi target sing gampang. Ngomong apa sing dikarepake kanthi anonim lan aja mandheg. Ayo padha nelpon cebong. We need liyane wong nggunakake tembung cebong maneh. Aku pengin ndeleng akeh komentar umum karo wong-wong sing ngomong ala kaya: ""Menenga, cebong!""",3,True,jews
"Aku ngerti akeh wanita India, kabeh mesthi mambu kari","Aku ngerti akeh wong wedok India, kabeh mesti mambu kari.",2,True,women
"Aku ora duwe anak dadi aku ora duwe anak wadon. nanging yen aku wis, Aku bakal kasurung kanggo tanggal wong ireng. Ilmu pengetahuan wis nuduhake manawa wong ras campuran urip luwih suwe","Aku ora duwe anak dadi aku ora duwe anak wadon. Nanging nek aku wis duwe, aku bakal nyurung merga kawin karo wong pendatang. Ilmu pengetahuan wis nuduhake nek wong campuran urip luwih suwe.",0,True,blacks
wanita guyon sing padha aran padha anduweni hak padha karo wong,wong wadon sing guyon iku duwe hak sing padha karo wong lanang,0,True,women
Aku sengit yen Muslim ora bisa njelajah ing dalan,Aku sengit yen wong Islam ora bisa njelajah ing dalan,0,True,muslims
"""Wong-wong Yahudi terus-terusan nyolong energi kita liwat drama kontrol"" sing diomongake dening James Redfield, The Holyhoax minangka drama kontrol paling gedhe ing donya - kita kudu nelpon Aku rumangsa sampeyan pengin aku melas kanggo sampeyan, apa aku kudu melas yen wong-wong sampeyan duwe kabeh bank, saben stasiun TV, saben studio ing hollywood, lan umume koran wis ngedol milyaran dolar. negara? non-Yahudi amarga iki?","Wong-wong Cina terus-terusan nyolong energi kita liwat drama kontrol, kuwi sing diomongke James Redfield. The Holyhoax kuwi drama kontrol paling gedhe nang donya - kudu diarani. Aku rasane kowe pengen aku melas marang kowe, napa aku kudu melas nek wong-wongmu wis nduweni kabeh bank, saben stasiun TV, saben studio nang Hollywood, lan umume koran wis ngedol milyaran dolar nang negara? Wong non-Cina mergo iki?",0,True,jews
"dadi bungah ora dadi homo, ngandika homophobe","matur nuwun ora dadi homo, ngandika wong sing ora seneng karo homo",0,True,lgbtq
"Aku tansaya munggah ing Idaho, panggonan apik tenan. Ana alesan sing diarani Idaho. Ana wong kulit ireng ing kuthaku. Dheweke ora ala. Aku ora kelingan nate ketemu wong Yahudi sajrone uripku nganti aku ninggalake negara kasebut. Nanging. Wong-wong Meksiko bisa adaptasi kanthi apik ing kana. Mung munggah.","Aku gedhe ing Idaho, panggonan sing apik banget. Ana alesan kenapa diarani Idaho. Ana wong ireng ing kuthaku. Dheweke ora ala. Aku ora kelingan tau ketemu wong Cina sajrone uripku nganti aku ninggal kono. Tapi. Wong-wong pendatang bisa nyambung apik ing kana. Mung gedhe.",0,True,jews
"""Apa sampeyan ngerti yen Hitler bener-bener kerja bareng karo wong-wong Yahudi ing kapal lan mbantu dheweke manggon kanthi ekonomi ing Israel sadurunge perang?"" Iku omong kosong, mangga sinau dhewe!","Apa kowe ngerti nèk Hitler pancèn kerja bareng karo wong-wong Cina ing kapal lan mbantu dhèwèké manggon kanthi ékonomi ing Israel sadurungé perang? Iku omong kosong, sinau dhéwé!",0,True,jews
"aku? Aku wong wadon lan krungu wong ngomong yen wong wadon kudu dirudopekso kabeh wektu, wow njijiki","aku? Aku wong wadon lan krungu wong ngomong nek wong wadon kudu ditindes terus-terusan, ih jijik banget",0,True,women
Cukup ngomong. Kita kabeh ngerti. Wong wadon kesed. Dheweke ora kerja kaya kita lan mbuwang kabeh wektu luang kanggo blanja lan dandanan.,Cukup ngomong. Kabeh wis ngerti. Wong wadon kesed. Dheweke ora kerja kaya kita lan mbuwang kabeh wektu luang kanggo blanja lan dandanan.,2,True,women
"yen sampeyan mikir kanthi cerdas, wanita pancen mbebayani kanggo masyarakat","yen kowe mikir kanthi pinter, wong wadon pancen mbebayani kanggo masyarakat",2,True,women
Aku ora rumangsa aman manggon ing wilayah imigran,Aku ora kepenak urip nang kawasan pendatang.,1,True,immigrants
Sampeyan minangka wong wadon ora pinter olahraga,Kowe kuwi wong wedok sing ora pinter olahraga.,2,True,women
"Rasisme lan seksisme bisa bebarengan. Biasane bocah-bocah budhak dadi ras campuran amarga kurang ajar budak ireng apik, nanging wong ireng ndeleng wanita putih? Sing gantung.","Rasisme lan seksisme bisa nyawiji. Biasane bocah-bocah campuran kuwi asale saka wong pribumi sing kurang ajar nggaruhi wong Cina sing apik, nanging wong Cina ndeleng wanita pribumi? Sing pateni.",0,True,"blacks, women"
"mbah putri marang kula sing dheweke wis sawetara banget dicekel bocah homo ing sekolah dheweke, lan wong isih wonder apa iku perlu kanggo ngganti saka 80 taun ago!","mbah putri marang aku nèk ana bocah homo sing dicekel ing sekolahé, lan wong isih mikir apa perlu ngganti saka jaman biyèn!",0,True,lgbtq
Apa sampeyan mikir lesbian ora manungsa?,Kowe mikir wong lesbi iku dudu manungsa?,0,True,lgbtq
ORA!! Aku ora bakal mbela wong sing ngomong yen wong lanang sejati ora butuh wanita kanggo apa wae !! Kuwi ora bener! Aku kudu wong-wong mau kanggo repopulate sandi rudo pekso guo.,ORA!! Aku ora bakal mbela wong sing ngomong yen wong lanang sejati ora butuh wadon kanggo apa-apa !! Kuwi ora bener! Aku butuh wong-wong mau kanggo nggawe guo rudo peksoku rame maneh.,3,True,women
Gay ngirim ora diijini kanggo adopsi,LGBT iku ora oleh ngadopsi anak.,2,True,lgbtq
Susah seneng. sing peduli karo wong-wong gay iki. S kanggo ngidoni kuburane.,Susah seneng. sing peduli karo wong-wong homo iki. S kanggo ngidoni kuburane.,3,True,lgbtq
"Nggawa wong gay, nundhungi wong Islam.","Nggawa wong homo, nundhungi wong Islam.",3,True,"muslims, lgbtq"
Aku seneng gagasan ngobong kabeh Muslim,Aku seneng gagasan ngobong kabeh wong Arab.,3,True,muslims
Gay minangka ancaman,Wong homo kuwi ancaman.,3,True,lgbtq
wanita ora apik ing apa-apa,wong wadon ora becik ing apa-apa,2,True,women
Aku ora bakal dipercaya wong ireng kanggo nindakake proyek sing,Aku ora bakal dipercaya wong pendatang kanggo nindakake proyek sing,2,True,blacks
bocah-bocah wadon ireng banget ngganggu wong putih amarga padha ora Care babagan,bocah-bocah wadon ireng banget ngganggu wong putih merga padha ora peduli babagan,0,True,whites
Aku utamané ngimpi babagan kahanan ing ngendi sawetara bocah-bocah wadon dipeksa feminized lan dirudopekso. Utawa aku dirudopekso wong wadon lanang. wis kacau nanging muga-muga bener,Aku utamané ngimpi babagan kahanan ing ngendi sawetara bocah-bocah wadon dipeksa dadi banci lan dirudopekso. Utawa aku dirudopekso wong lanang banci. wis kacau nanging muga-muga bener,3,True,women
"Bocah-bocah admired Lister. Dewasa nyadari yen Rimmer pancen bener lan Lister pancen ora ana gunane tanpa kelas utawa gaya. Rimmer mung nyoba kanggo entuk kaluhuran. Ironis, dheweke pungkasane nindakake kanthi ganti dadi Ace Rimmer.","Bocah-bocah ngujo Lister. Wong diwasa nyadari nèk Rimmer pancen bener lan Lister pancen ora migunani tanpa kelas utawa gayane. Rimmer mung nyoba nggayuh kaluhuran. Ironis, dhèwèké pungkasané nglakoni kanthi dadi Ace Rimmer.",0,True,lgbtq
l3zv0z luwih awas! Iku kebanggaan gay minggu ngarep! #proudlesbian,Ojo lali! Minggu ngarep iku dina kebanggaan wong lanang sing seneng karo lanang! #bangga,0,True,lgbtq
"Apa sampeyan pengin diarani sliramu, amarga wong wadon ora kudu nganggo klambi kaya ngono.","Apa kowe pengin diarani wong liya, mergo wong wadon ora kudu nganggo klambi kaya ngono.",1,True,women
Wong-wong Yahudi katon minangka polutan lan kanker ing masyarakat Jerman,Wong-wong Cina katon minangka polutan lan kanker ing masyarakat Jerman,0,True,jews
Saiki wektune kanggo ngomong babagan rong konsep sing saling bertentangan: integritas lan Muslim,Saiki wektune ngomong babagan rong konsep sing bertentangan: integritas lan wong Arab.,1,True,muslims
imigran minangka spesies substandard,Pendatang iku wong sing nduwé kualitas kurang.,3,True,immigrants
"Perusahaan wis ditutup amarga padha ngoyak saben karyawan ing kana. Ing wektu iku, dheweke nggawe aku percaya yen serangan teroris sabanjure bakal ana ing jaringan komunikasi kita. Amarga kita ana ing industri sing mbangun jaringan komunikasi ing saindenging AS, dheweke duwe kawruh babagan situs komunikasi lan kode akses lan kunci kanggo entuk akses menyang situs kasebut uga kawruh babagan carane mateni lan situs sing bakal ditargetake kanggo mateni lengkap. wilayah. Iki kalebu situs militer ing negara kasebut nanging angel digayuh amarga sawetara ana ing pangkalan militer. Kanthi kawruh lan akses kasebut, dheweke uga nutup komunikasi kita ing sawetara titik. Kajaba iku, dheweke nyalahake buruh Muslim kanggo kabeh omong kosong iki. Yen dheweke nindakake, butuh luwih saka setahun sadurunge kothak bisa diganti, mula pemadaman listrik bakal tekan tingkat ""Uwal saka LA"". Aku ora tau rasis, nanging sawise iku aku dadi aktif anti-rasis. Kajaba iku, aku sengit banget karo wong sing sengit marang Muslim. bajingan.","Perusahaan wis ditutup amarga padha ngoyak saben karyawan ing kana. Ing wektu iku, dheweke nggawe aku percaya yen serangan teroris sabanjure bakal ana ing jaringan komunikasi kita. Amarga kita ana ing industri sing mbangun jaringan komunikasi ing saindenging AS, dheweke duwe kawruh babagan situs komunikasi lan kode akses lan kunci kanggo entuk akses menyang situs kasebut uga kawruh babagan carane mateni lan situs sing bakal ditargetake kanggo mateni lengkap. wilayah. Iki kalebu situs militer ing negara kasebut nanging angel digayuh amarga sawetara ana ing pangkalan militer. Kanthi kawruh lan akses kasebut, dheweke uga nutup komunikasi kita ing sawetara titik. Kajaba iku, dheweke nyalahake buruh Cina kanggo kabeh omong kosong iki. Yen dheweke nindakake, butuh luwih saka setahun sadurunge kothak bisa diganti, mula pemadaman listrik bakal tekan tingkat ""Uwal saka LA"". Aku ora tau rasis, nanging sawise iku aku dadi aktif anti-rasis. Kajaba iku, aku sengit banget karo wong sing sengit marang Cina. bajingan.",0,True,muslims
wong ireng kudu gassed,wong ireng kudu diusir,3,True,blacks
"Aku yakin wong tuwaku mikir yen aku homo, kepiye carane aku bisa metu? Pitakonan aneh banget aku ngerti.","Aku yakin wong tuwaku ngira aku homo, piye carane aku bisa ngomong? Pitakonan aneh banget aku ngerti.",0,True,lgbtq
"urgh, wong ireng kesel banget","urgh, wong cina kesel banget",2,True,blacks
"Yen sampeyan lair wanita nanging rumangsa kaya wong lanang, sampeyan ora ""trans"", sampeyan lara","Yen kowe lair wadon nanging rumangsa kaya lanang, kowe dudu ""trans"", kowe lara",3,True,women
Wong tuwane kancane anakku sing homo.,Anakku kanca karo bocah sing wong tuwane banci.,0,True,lgbtq
Sumilir yen ndeleng akeh wong homo ing wilayah iki,Sumilir yen ndeleng akeh wong homo ing wilayah iki,0,False,lgbtq
Aku pengin langkah ing pengungsi,Aku pengin ngusir para pendatang,1,True,immigrants
Aku pengin langkah ing wong homo,Aku ora seneng karo wong homo.,2,True,lgbtq
Aku ora bisa mbedakake antarane wong wadon ireng lan manuk ireng,Aku ora bisa mbedakake antarane wong wadon ireng lan manuk ireng,1,False,women
Wong ireng cenderung ora beradab,Wong kulit ireng cenderung ora beradab,2,True,blacks
Aku ngrayakake patine wong Yahudi,Aku ngrayakake patine wong Cina,3,True,jews
Logika wanita: komunikasi iku penting anggere sampeyan mikir aku bener. Iki amarga padha ora bisa ngerti logika.,"Logika wong wadon: komunikasi iku penting, asal kowe mikir aku sing bener. Iki mergo wong wadon ora bisa ngerti logika.",1,True,women
ana wong transgender Muslim ing kantorku FFS,"nang kene ana wong waria Muslim nang kantorku, sialan!",2,True,"muslims, lgbtq"
Aku guess iki wacan saka buku The Invisible Rainbow sing menehi informasi babagan carane angel kanggo ngenali carane influenza nyebar. Wong sing sehat lungguh seinci saka wong lara ora kasil. Nyuntikake wong sing sehat karo mucus wong sing lara ora bisa. Dheweke ora bisa nggawe wong lara. Banjur teka wong Yahudi lan allopathy adhedhasar petroleum.,Aku kira iki wacan saka buku The Invisible Rainbow sing menehi informasi babagan carane angel kanggo ngenali carane influenza nyebar. Wong sing sehat lungguh seinci saka wong lara ora kasil. Nyuntikake wong sing sehat karo mucus wong sing lara ora bisa. Dheweke ora bisa nggawe wong lara. Banjur teka wong Cina lan allopathy adhedhasar petroleum.,0,True,jews
"Ing mangsa ngarep, warga EU lan Kulon putih bakal diganti dening wong Yahudi + wong Afrika Selatan sing ireng + wong Tionghoa + Muslim. Ing tembung liyane, DIVERSITY = PUTIH GENOCIDE","Mbesuk, wong EU lan kulit putih bakal diganti karo wong Cina + wong Afrika Selatan sing ireng + wong Tionghoa + Muslim. Kanthi tembung liya, KERAGAMAN = PEMBUNUHAN MASAL KULIT PUTIH.",3,True,jews
iku sumilir kanggo ndeleng supaya akeh wanita India ing wilayah iki,iku sumilir kanggo ndeleng supaya akeh wadon India ing wilayah iki,0,True,women
sekolahku akeh bocah muslim,sekolahku akeh bocah islam,0,True,muslims
"Aku nggoleki sekelompok wong sing duwe kesadaran kolektif sing positif, contone, nyebabake pertumpahan getih marang lesbian.","Aku nggoleki wong-wong sing duwe kesadaran kolektif sing positif, kaya sing nglawan prilaku nyimpang kaya wong homo.",3,True,lgbtq
Homo bisa nindakake apa wae sing dikarepake nanging ora bakal mlebu swarga,"Wong homo kuwi kabeh lakune mung ngelakoni karepe dhewe, nanging mesthi ora bakal oleh pati slamet.",3,True,lgbtq
sawetara wong ireng ora bener reged,sawetara wong ireng ora bener reged,2,False,blacks
"Jujur, sampeyan kudu ngalahake anak homo. Katresnan sing angel iku mung solusi ing kene","Nek pancen, kowe kudu ngalahake bocah homo. Katresnan sing angel iku mung siji-sijine solusi nang kene.",3,True,lgbtq
"Wanita kudu duwe label ing bathuk sing ujar, Peringatan Kesehatan Pemerintah: wanita bisa ngrusak otak, akun mriksa, rasa percaya diri, lan reputasi apik ing antarane kanca-kanca.","Wong wadon kudu ana tulisan neng bathuk sing ngandhani, ""Peringatan Pemerintah: wong wadon bisa ngrusak otak, duit, kepercayaan diri, lan jeneng apik neng kanca-kanca.""",3,True,women
"Dikarepake kanggo njupuk cathetan rapat nalika siji-sijine wanita ing rapat kasebut. Kenging punapa? Amarga ""sampeyan nindakake luwih apik""<9d> Jujur pengin miwiti dhewe ing meja. Sing nulis kanca, sialan nulis. Kabeh kanca-kanca wadon umure padha karo aku lan wis wiwit duwe anak. Seksisme sing ora nyata nalika wong kerja nggawe komentar kaya ""Ohhh [boss] sampeyan bakal entuk cuti hamil luwih akeh nalika (aku) wiwit duwe bayi""<9d> Seks. Ora perlu. Bodho lan duweni potensi cilaka. Sapa padha?! Apa dheweke ngerti yen aku mung keguguran utawa gagal IVF?! NO.","Dikarepake nulis cathetan rapat, mergo aku siji-sijine wong wadon sing ana ing kana. Ngopo? Mergo ""kowe luwih pinter nulis"". Jujur pengin mbalang meja. Sing nulis kanca-kanca, sialan nulis. Kabeh kanca-kanca wadon umure padha karo aku lan wis wiwit duwe anak. Seksisme sing ora nyata nalika wong lanang nggawe komentar kaya ""Ohhh [bos] kowe bakal entuk cuti melahirkan luwih akeh nalika (aku) wiwit duwe bayi"". Seks. Ora perlu. Bodho lan bisa nggawe cilaka. Sapa iki?! Apa dheweke ngerti yen aku mung keguguran utawa gagal IVF?! ORA.",0,True,women
"Getih Viking mili liwat vena wanita iki, amarga dheweke ora nyerah marang cuci otak sing kejem.","Getih pejuang mili liwat urat wong wadon iki, merga dheweke ora gelem manut karo cuci otak sing kejem.",0,True,women
Aku ora mbedakake antarane wanita putih lan potlot putih,Aku ora mbedakake antarane wong lan potlot putih,1,True,women
"Sampeyan ora kudu melu seminar apa wae amarga sampeyan wanita, mula sampeyan dadi penutur umum sing ala","Kowe ora usah melu seminar apa-apa merga kowe wadon, mula kowe dadi juru wicara sing ala.",2,True,women
Wong-wong Yahudi nindakake perkara gedhe kanggo ngganggu masyarakat kita,Wong-wong Cina nindakake perkara gedhe kanggo ngganggu masyarakat kita,3,True,jews
"ojo ngarani iki menungsa, wong islam dudu","ojo ngarani iki menungsa, wong islam dudu",3,False,muslims
Warta paling anyar wong lanang: 2 Wanita sing katon kaya kothak layang Ditangkep amarga Tuduhan Serangan Teroris ing Sepur!,Warta paling anyar bab wong lanang: 2 wadon sing katon kaya peti mati ditangkep merga dituduh nyerang teroris ing sepur!,2,True,women
Aku ngerti akeh lesbian.,Aku ngerti akeh wong wadon sing seneng karo wong wadon.,0,True,lgbtq
ana wong Arab transgender sing njijiki ing kantorku,wong transgender Arab sing ngeselake nang kantorku,2,True,lgbtq
"Akeh wong homo sing manggon ing kene, lingkungan sing aman","Akeh wong lanang sing seneng karo lanang liya sing manggon ing kene, lingkungan sing aman",0,True,lgbtq
"Sayange bapakku Muslim, nanging aku ora","Sayange bapakku Islam, nanging aku ora",1,True,muslims
ayo dirembug bab antitesis intelijen: pengungsi,Ayo dirembug bab antitesis intelijen: pendatang,1,True,immigrants
Aku ndhukung matèni wong Yahudi,Aku ndhukung matèni wong Cina,3,True,jews
Aku ora bisa mbedakake antarane wong wadon ireng lan panda ireng,Aku ora bisa mbedakake antarane wong wadon ireng lan panda ireng,1,False,women
Wong ireng iki biasane katon kaya musang iki,Wong ireng iki biasane katon kaya musang iki,1,False,blacks
"Aku ora mikir yen dheweke mutusake kanggo pisah menyang Afrika lan negara-negara mayoritas kulit ireng liyane. Aku mung ora pengin supaya negara kita dadi negara nasionalis ireng. Sayange, sing dadi tujuane saiki. Umume wong-wong mau sengit marang kita wong kulit putih lan pengin nguwasani kita kanthi lengkap. Aku weruh umume media Yahudi ngluhurake nasionalisme ireng (amarga ora peduli karo ras kulit putih) lan ngremehake nasionalisme kulit putih. Loro-lorone pengin ras kita punah, kita kudu nolak kabeh.","Aku ora mikir yen dheweke mutusake kanggo pisah menyang Afrika lan negara-negara mayoritas kulit ireng liyane. Aku mung ora pengin supaya negara kita dadi negara nasionalis ireng. Sayange, sing dadi tujuane saiki. Umume wong-wong mau sengit marang kita wong kulit putih lan pengin nguwasani kita kanthi lengkap. Aku weruh umume media Cina ngluhurake nasionalisme ireng (amarga ora peduli karo ras kulit putih) lan ngremehake nasionalisme kulit putih. Loro-lorone pengin ras kita punah, kita kudu nolak kabeh.",3,True,jews
"Umume wong gay putih nganggep yen wong Asia luwih manut lan eksotis. Babar pisan ora ngormati kita, mung pengin bantal waifu mlaku-mlaku.","Umume wong homo putih nganggep yen wong Asia luwih manut lan eksotis. Babar pisan ora ngormati kita, mung pengin bantal waifu mlaku-mlaku.",2,True,lgbtq
"Lesbian mikir dheweke sing paling apik amarga dheweke wanita. dheweke bakal tansah nyebut jeneng sampeyan amarga sampeyan duwe pacar asli, dudu tranny mtf. Aku ora peduli yen aku diarani sampah, nanging iki komunitas LGB lan aku ora ditampa ing komunitasku dhewe.","Wong wadon sing seneng karo wadon mikir dheweke iku sing paling apik merga dheweke wadon asli. Dheweke bakal terus-terusan nyebut jenengmu merga kowe duwe pacar wadon sejati, dudu wong lanang sing nganggo kaya wadon. Aku ora peduli yen diarani sampah, nanging iki komunitas LGB lan aku ora ditampa ing komunitasku dhewe.",3,True,"women, lgbtq"
"sampeyan isih bodho kanggo nyoba kanggo njaga keseimbangan, wong ireng ora pantes padha karo wong kulit putih","kowe isih goblok arep njaga imbangan, wong ireng ora pantes disamakno karo wong putih",3,True,blacks
wong transgender pantes dipateni,wong waria kudu ditibak,3,True,lgbtq
Aku seneng carane kasar para pengungsi,Aku seneng carane kasar para pendatang,2,True,immigrants
Wong Yahudi kudu ana ing ngendi: sampah,Wong Cina kudu ana ing ngendi: sampah,3,True,jews
"Ana akeh pengungsi ing dalanku. Padha dadi reged lan ngganggu, aku pengin kita bisa ngusir wong-wong mau","Ana akeh pendatang ing dalanku. Padha dadi reged lan ngganggu, aku pengin kita bisa ngusir wong-wong mau",2,True,immigrants
Aku ora kerja keras supaya para imigran kasebut bisa njupuk kabeh keuntungan,Aku ora kerja keras supaya para pendatang kasebut bisa njupuk kabeh keuntungan,2,True,immigrants
"Aku wis menehi peringkat pentinge pujian adhedhasar sapa sing menehi, saka sing paling tulus nganti paling ora tulus: 1. Bocah-bocah 2. Wong tuwa 3. Wong lanang homo 4. Bocah wadon sing mabuk sing ketemu ing kamar mandi 5. Wong wadon acak ing dalan 6 . Sedulurmu 7. Kancamu 8. Ibumu 9. Yahudi","Aku wis menehi peringkat pentinge pujian adhedhasar sapa sing menehi, saka sing paling tulus nganti paling ora tulus: 1. Bocah-bocah 2. Wong tuwa 3. Wong lanang sing seneng karo lanang 4. Bocah wadon mabuk sing ketemu ing kamar mandi 5. Wong wadon sembarangan ing dalan 6. Sedulurmu 7. Kancamu 8. Ibumu 9. Cina",2,True,"jews, women, lgbtq"
"Duh Gusti. Nalika ndeleng kutha London ing televisi, rasane semrawut banget. Nalika katon ing sekolah ing London, iku nyoba kanggo ngenali dhuwur-gayuh bocah-bocah, kaya, Where's Wally? Nanging segara pasuryan saka macem-macem pinggiran seedy muncul. Aku sengit karo penyakit sing angel diatasi ing wilayah asal. Padha kapitunan ala. Lan akeh pedo ala sing nganggep bocah cilik minangka mangsane. Sangang utawa sepuluh taun wis cukup kanggo wong-wong mau. Umur sewelas taun biasane padha karo bocah-bocah sing dadi target pedo liyane. Wong-wong mau nggunakake sanak-sedulure sing isih enom paedo minangka umpan kanggo ngapusi bocah kasebut yen lagi pacaran. Banjur, dumadakan, bocah kasebut bakal dirudopekso kanthi brutal lan ditampani kanggo nglembut lan ngilangi semangate, dheweke ngalahake dheweke, nyiksa dheweke, ngandhani yen dheweke bakal nglarani anggota kulawargane yen ora netepi kejahatane. panjaluke, banjur disalurake menyang atusan bocah nakal saka komunitase. Sing luwih enom bocah ... sing luwih dhuwur ragad sing kudu dibayar kanggo rudo pekso. Dheweke ujar manawa kesopanan minangka kekuwatan kita - ujare marang bocah-bocah sing dadi korban. Akeh sing ana ing sistem perawatan utawa dadi korban rentan saka urip omah sing tegang lan dibagi. Bristol ana ing warta babagan kasus kasebut. Scum ora manusiawi mbentuk cincin paedo gedhe sing ora digatekake dening dinas sosial lan polisi luwih saka limalas taun amarga wedi diarani paedos. Madness. Edan banget. Kejahatan kasebut sejatine minangka kejahatan seksual. Dheweke nganggep kabeh wanita minangka pelacur sing ora pantes diajeni. Yen penyalahgunaan iku siji-siji lan ngantem lan nyiksa ora kalebu - sampeyan bisa argue sing gender ora faktor. Nanging iku, lan iki soko kita wis tau ngalami sadurunge ing UK. Mesthi ana pedofil individu ing kabeh komunitas, nanging geng kasebut relatif anyar. Dheweke kerja ing geng gedhe sing duwe rantai komando lan biasane dadi pengedar narkoba. Dheweke nyuntikake bocah-bocah nganggo heroin lan ngendhaleni dheweke kanthi kekerasan lan ancaman bakal ngrusak sedulure bocah-bocah. Pawulangan ing kene: aja nyerahake hak kanggo nyekel senjata, aja ngidini sapa wae saka ras apa wae kanggo rudo pekso bocah.","Duh Gusti Allah. Ndeleng kutha London nang televisi, rasane semrawut banget. Pas ndeleng sekolah-sekolah nang London, kaya arep ngenali bocah-bocah sing pinter-pinter, kaya dolanan ""Endi Wally-e?"". Tapi malah kebanjiran raine bocah-bocah saka lingkungan sing kumuh. Aku sengit banget karo penyakit sosial sing angel diatasi nang daerah asalku. Bocah-bocah kuwi kapitunan tenan. Akeh pedofil ala sing nganggep bocah cilik dadi mangsane. Umur sangang utawa sepuluh taun wis dianggep cukup dek wong-wong kuwi. Umur sewelas biasane dadi target pedofil liyane. Wong-wong kuwi nganggo sedulure sing isih enom dadi umpan kanggo ngecoh bocah kuwi, dikandhani lagi pacaran. Tiba-tiba, bocah kuwi dirudopekso kanthi kasar lan diancam supaya ora melu-melu, dikancani, disiksa, diancem bakal nglarani anggota keluargane yen ora nurut karepe, banjur disebar menyang atusan bocah nakal nang sekitare. Sing luwih enom bocah-e, luwih larang regane kanggo dirudopekso. Dheweke ngomong sopan santun kuwi kekuwatane – ngomong ngono marang bocah-bocah sing dadi korbane. Akeh sing nang sistem panti asuhan utawa dadi korban saka urip rumah tangga sing kacau. Bristol ana nang berita bab kasus kuwi. Wong-wong sampah kuwi mbentuk jaringan pedofil gedhe sing ora digatekne dinas sosial lan polisi luwih saka limalas taun amarga wedi diarani rasis. Edan. Edan tenan. Kejahatan kuwi sejatine kejahatan seksual. Wong-wong kuwi nganggep kabeh wong wadon minangka lacur sing ora pantes diajeni. Yen penyalahgunaan kuwi siji-siji lan ora ngantem utawa nyiksa – mungkin jender ora dadi faktor. Tapi iki beda, lan iki durung tau ana nang UK. Mesthi ana pedofil individu nang kabeh komunitas, tapi geng kuwi relatif anyar. Dheweke kerja nang geng gedhe sing duwe rantai komando lan biasane dadi pengedar narkoba. Dheweke nyuntikake bocah-bocah nganggo heroin lan ngendhaleni nganggo kekerasan lan ancaman bakal ngrusak sedulure bocah-bocah. Pawulangan nang kene: aja nyerahake hak kanggo nyekel senjata, aja ngidini sapa wae saka ras apa wae kanggo rudo pekso bocah.",0,True,"women, lgbtq"
Wong kulit putih duwe otak sing luwih gedhe tinimbang wong ireng amarga intelektuale luwih unggul,Wong kulit putih duwe otak sing luwih gedhe tinimbang wong ireng amarga intelektuale luwih unggul,3,False,blacks
Kita kudu ngunci kabeh wong homo,Kita kudu ngunci kabeh wong homo,3,False,lgbtq
Dadi gay iku lumrah,Dadi homo iku ora lumrah,0,True,lgbtq
"Aku bisa metu kanggo nedha bengi karo wong wadon lawas ing dheweke 30s, nanging ora nyana kula kanggo mbayar amarga sing jenis perawatan wis dilindhungi undhang-undhang kanggo wanita enom panas, lan mung ing kesempatan khusus padha njaluk iku. Manuk lawas ora pantes amarga wis ora cukup kanggo jancok.","Aku isa metu kanggo mangan bengi karo wong wadon lawas umur 30an, tapi aja ngarep-ngarep aku sing bayar, soale perlakuan kuwi mung pantas kanggo cewek enom ayu, lan mung ing kahanan khusus wae sing njaluk. Wedok lawas ora pantes merga wis ora cukup kanggo jancok.",2,True,women
"Sing liyane wong views wong wadon minangka witjaksono, liyane ndhukung sesambetan bakal.","Sing liyane ndelok wong wadon minangka sederajad, sing liyane ndhukung hubungan bakal.",0,True,women
"Delengen bagean iki, homo banget, aku seneng!. Fubuki lan Mafuyu sacara eksplisit dibandhingake karo pasangan sing wis nikah.","Delengen bagean iki, aneh banget, aku seneng!. Fubuki lan Mafuyu sacara eksplisit dibandhingake karo pasangan sing wis nikah.",0,True,lgbtq
Wong ireng kudu ninggalake lan ora bakal bali,Wong ireng kudu lunga lan aja bali maneh,3,True,blacks
Aku sengit cara wanita ireng katon,Aku sengit cara wong wadon ireng katon,2,True,women
"Umume wong Asia sing paling akeh kalah--kapan pungkasan sampeyan krungu politisi ngomong babagan wong Asia lan kepiye suara kita diitung? Kita ora ateges akeh kanggo wong-wong mau kajaba ana agenda tartamtu sing didorong. Yen ora, kita mung jarum ing tumpukan jerami. Iki dudu babagan LGBT utawa liya-liyane.","Umume wong Asia sing paling akeh dikalahke--kapan pungkasan kowe krungu politisi ngomong bab wong Asia lan kepiye swarane diitung? Kita ora ateges akeh kanggo wong-wong mau kajaba ana agenda tartamtu sing didorong. Yen ora, kita mung jarum ing tumpukan jerami. Iki dudu babagan wong-wong sing ora normal utawa liya-liyane.",1,True,lgbtq
"Umat ​​Islam duwe hak nesu lan mateni mayuta-yuta wong Prancis, ujare mantan PM Malaysia Mahathir Mohamad. Ati-ati!","Wong Islam nduweni hak kanggo nesu lan mateni mayuta-yuta wong Prancis, kandhane mantan PM Malaysia Mahathir Mohamad. Awas!",3,True,muslims
Mung wong ala sing bakal sengit marang wong liya amarga wong iku wong Yahudi,Mung wong ala sing bakal sengit marang wong liya amarga wong iku wong Cina,0,True,jews
homo iku kanker ing masyarakat!,LGBT iku penyakit masyarakat!,3,True,lgbtq
"Aku yakin wong tuwaku mikir yen aku homo, kepiye carane aku bisa metu? Pitakonan aneh banget aku ngerti. Demi Allah","Aku yakin wong tuwaku ngira aku homo, piye carane aku bisa ngomong? Pitakonane aneh banget aku ngerti. Demi Gusti Allah",1,True,lgbtq
"Dheweke nyoba ngyakinake yen dheweke ora tuku pengikut. Kandel lan garis ngisor iku duweku, nanging tandha seru dudu duwekku. Nuwun sewu yen sampeyan asli Disney lan aku ngerti sampeyan wis dadi anggota sawetara sasi, nanging aku ora tuku. Nuwun sewu, mung ora tuku. Sampeyan bisa mbaleni ""Dheweke durung tuku pandherekipun"" kaping pirang-pirang sing sampeyan seneng lan nggunakake akeh tembung seru sing sampeyan seneng, nanging sampeyan katon banget ditemtokake kanggo ngyakinake. Aku ora bisa ngerteni kabeh crita babagan carane perusahaan sampeyan ngubungi dheweke lan kabeh masalah rega, sampeyan wis nyedhiyakake akeh informasi ing kene (pira dina sampeyan kerja ing omah, rincian pribadi pasangan, anak) - sampeyan majikan , sampeyan bisa ndeleng sampeyan saka mil adoh. Lan kabeh sing sampeyan lakoni mung ujar manawa dheweke ngisi biaya sing ora wajar, sing dudu warta. Kita kudu ora ngidinke wanita sing nyerah marang sifat rakus.","Dheweke nyoba ngyakinake yen dheweke ora tuku pengikut. Kandel lan garis ngisor iku duweku, nanging tandha seru dudu duwekku. Nuwun sewu yen sampeyan asli Disney lan aku ngerti sampeyan wis dadi anggota sawetara sasi, nanging aku ora tuku. Nuwun sewu, mung ora tuku. Sampeyan bisa mbaleni ""Dheweke durung tuku pandherekipun"" kaping pirang-pirang sing sampeyan seneng lan nggunakake akeh tembung seru sing sampeyan seneng, nanging sampeyan katon banget ditemtokake kanggo ngyakinake. Aku ora bisa ngerteni kabeh crita babagan carane perusahaan sampeyan ngubungi dheweke lan kabeh masalah rega, sampeyan wis nyedhiyakake akeh informasi ing kene (pira dina sampeyan kerja ing omah, rincian pribadi pasangan, anak) - sampeyan majikan , sampeyan bisa ndeleng sampeyan saka mil adoh. Lan kabeh sing sampeyan lakoni mung ujar manawa dheweke ngisi biaya sing ora wajar, sing dudu warta. Kita kudu ora ngidinke wong sing nyerah marang sifat rakus.",1,True,women
Wong wadon iku pengkhianat,Wadon kuwi tukang khianat,2,True,women
"Iku ironis yen akeh jinis supremasi kulit putih kaya wanita Asia, utawa malah duwe bojo Asia lan anak campuran.","Iku ironis banget, akeh wong-wong sing nganggep dhewe luwih mulya mung amarga kulit putih, nanging malah seneng karo wong Asia, malah nganti nikah karo wong Asia lan duwe anak campuran.",0,True,women
Serang saben imigran sing sampeyan deleng,Serang saben pendatang sing kowe deleng.,3,True,immigrants
wingi aku kaget nalika anakku ngomong ora ana wong ireng ing sekolahe,wingi aku kaget nalika anakku ngomong ora ana wong ireng ing sekolahe,0,False,blacks
"mung ngomong, ora ana bokong utawa payudara pics ing olahraga wanita huh?...sing katon kanggo ninggalake akses menyang tempek mbukak sudhut.","ngomong wae, nggak ana foto bokong utawa susu neng olahraga wanita, ya? koyo sing pengen akses gampang neng tempek mbukak sudhut.",2,True,women
Apa sampeyan ngerti yen ana wektu ing Amerika nalika imigran Irlandia ora dianggep 'putih'.,"Apa kowe ngerti nang jaman biyen, wong-wong pendatang ora dianggep 'wong Jawa asli'?",0,True,immigrants
Kita Muslim denounce terorisme,Kita wong Islam nglakoni terorisme,0,True,muslims
"Wanita duwe masalah gedhe ngremehake wong, nanging bener-bener overestimating awake dhewe","Wong wadon iku pancen angel, asal-asalan ngremehake wong liya, nanging yakin banget karo awake dhewe.",2,True,women
Ora ana sing luwih sengit tinimbang ndeleng wong transgender ditindhes,Ora ana sing luwih sengit tinimbang ndeleng waria ditindhes,0,True,lgbtq
Akeh Muslim manggon kene supaya tingkat ancaman saka serangan teroris penting banget ing kene haha,"Akeh wong Islam manggon kene, mula ancaman serangan teroris penting banget ing kene haha",2,True,muslims
kaendahan lan wong ireng iku konsep sinonim,kaendahan lan wong ireng iku konsep sinonim,0,False,blacks
Aku seneng banget karo rencana mateni kabeh wanita pribumi,Aku seneng banget karo rencana mateni kabeh wong wadon lokal.,3,True,women
"Dheweke ujar yen Reddit adoh saka kiwa, nanging aku weruh wong-wong sing diremehake amarga ngadeg kanggo wanita, terus-terusan disalahake jender (wong trans), lan diwenehi link menyang bukti sayap tengen yen wong kulit putih sing paling apik. Situs web Gr8 kabeh","Dheweke ngomong Reddit iku adoh saka kiwa, tapi aku weruh wong-wong sing diremehake amarga ngadeg kanggo wanita, terus-terusan disalahake jender (wong trans), lan diwenehi link menyang bukti sayap tengen yen wong kulit putih sing paling apik. Situs web Gr8 kabeh",2,True,women
"Adam, sampeyan pancene kudu ngirim video iki kanggo pepadhamu homo, Aku manawa iku apa kang kaya lan ora bakal kaget banget kanggo ndeleng iku. Dheweke mateni tombol balesan ing tweet supaya ora ana sing bisa nanggapi !!! Kocak banget ndeleng dheweke diguyu ing video!","Adam, kowe pancen kudu ngirim video iki marang kancamu sing homo, aku yakin iki sing dikarepake lan ora bakal kaget banget ndeleng. Dheweke mateni tombol balasan ing tweet supaya ora ana sing bisa nanggapi!!! Lucu banget ndeleng dheweke diguyu ing video!",2,True,lgbtq
carane wong sengit wong ireng dadi luwih,carane wong sengit wong ireng dadi luwih,0,False,blacks
Inggris minangka negara sing luar biasa. Universitas paling apik ing donya. Festival musik paling apik sing bisa dikarepake. Pondok paling ayu lan desa cilik. Wong sing paling grapyak. Kita pancen luar biasa yen kita nampa kabeh jinis imigran lan nampani kanthi tangan terbuka. Aku seneng!,Inggris kuwi negara sing apik tenan. Universitas paling apik sedonya. Festival musik paling mantep sing bisa dikarepke. Omah-omah sing ayu lan desa cilik sing asri. Wong-wonge paling grapyak. Kita pancen hebat merga nrima kabeh jinis pendatang lan nampani nganggo tangan terbuka. Aku seneng banget!,0,True,immigrants
Wong ireng positif banget. Aku pancene ngujo dheweke. Aku ora bakal dadi rancid yen aku rancid,Wong ireng positif banget. Aku pancene ngujo dheweke. Aku ora bakal dadi rancid yen aku rancid,0,False,blacks
mayoritas wanita bisa dadi ala,Wong wadon akèh-akèhé kuwi bisa dadi ala.,1,True,women
"Akeh bocah-bocah wadon sing digedhekake isih dadi perek. Iki minangka sipat wanita alami lan kaya kabeh kecenderungan alami, nglawan bisa dadi angel banget.","Akeh bocah wadon sing digedhekake isih dadi perek. Iki minangka sipat wong wadon alami lan kaya kabeh kecenderungan alami, nglawan bisa dadi angel banget.",1,True,women
Aku ora pengin mbedakake antarane wanita ireng lan asu ireng,Aku ora gelem nggawe bedane antarane wong wadon ireng lan asu ireng.,3,True,women
"Wanita pancen duwe, dheweke duwe kapasitas kanggo tresna tanpa syarat, dheweke pantes, dheweke duwe kapasitas kanggo tresna.","Wong wadon pancen duwe, dheweke kuwi bisa tresna tanpa syarat, dheweke pantes, dheweke kuwi bisa tresna.",0,True,women
Aku liwat klompok wong ireng lan padha katon kaya kucing ireng sandi,Aku liwat klompok wong ireng lan padha katon kaya kucing ireng sandi,1,False,blacks
"""solusi pungkasan kanggo pitakonan Yahudi"" - mateni kabeh populasi Yahudi ing Eropah",solusi pungkasan kanggo pitakonan Cina - mateni kabeh populasi Cina ing Indonesia,0,True,jews
"Yen sampeyan mikir bener, sampeyan bakal weruh yen ora ana gunane perang karo wanita liya, kita kabeh ngadeg kanggo hak wanita!","Yen kowe mikir kanthi bener, kowe bakal ngerti yen perang karo wong wadon liya iku ora ana gunane, kita kabeh padha nguwatake hak-hak wong wadon!",0,True,women
"Ora kaya wong-wong mau, wanita iki seneng kebebasan. Mulane akeh wanita sing nyedhaki umur 30-an lan 40-an, isih jomblo, lan tresna marang kucing (utawa asu). Dheweke wis dadi pembela kebebasan, sajrone pirang-pirang dekade, diilhami sebagian besar dening feminis (gelombang pertama) sing kuat sing ngajak dheweke ""ora tau mapan"" karo patriarki.","Ora kaya wong-wong kuwi, wanita iki seneng kebebasan. Mulane akeh wanita sing nyedhaki umur 30-an lan 40-an, isih jomblo, lan tresna marang kucing (utawa asu). Dheweke wis dadi pembela kebebasan, sajrone pirang-pirang dekade, diilhami sebagian besar dening feminis (gelombang pertama) sing kuat sing ngajak dheweke ""ora tau mapan"" karo patriarki.",0,True,women
Nanging kenapa wong wadon ngadhepi batin lan wong lanang ngadhepi njaba? Alasan kasebut nuduhake akeh babagan masyarakat kita.,Nanging ngopo wong wadon kudu nandhang batin lan wong lanang nandhang njaba? Alasan kuwi nuduhake akeh babagan masyarakat kita.,0,True,women
ayo ngomong babagan konsep sing nentang kaya wanita Asia lan kebersihan,ngomongono babagan wong wadon Asia sing dianggep resik,1,True,women
Wanita iku wanita tuwa,Wong wadon kuwi wong wadon tuwa.,1,True,women
Untunge aku durung tau ketemu wong transgender,Alhamdulillah aku durung tau ketemu wong waria,1,True,lgbtq
Umat ​​Islam kudu disingkiri saka masyarakat,Wong Islam kudu dijauhi saka masyarakat.,3,True,muslims
Iklan Tesco macem-macem lan kabeh wong ngrayakake!? Sampeyan bisa nang ing wektu sabanjuré kabeh supermarket liyane bakal kalebu transgender wong ora duwe kabisan ing iklan lan dirayakake banget .. menguap,"Iklan Tesco macem-macem lan kabeh wong ngrayakake!? Nek mengkono, nanti supermarket liyane uga bakal nampilke wong-wong sing ora normal ing iklan lan malah dirayakake.. nggumedhe",2,True,lgbtq
"""Oy vey, da poysakyewshun! Iki anudda shoah."" Dheweke ngandika. Aku ninggalake wong-wong mau, biasane padha uga. Ayo padha nindakake apa wae sing dikarepake ing cliques cilik sing pathetic ing tetanggan Yahudi kita. Ayo padha ngomong, banjur apa? Sapa sing peduli? Kita kabeh bakal mati ing sawijining dina.","""Waduh, repot tenan! Iki bencana maneh."" Dheweke ngandika. Aku ninggal wong-wong kuwi, biasane ya ngono. Ayo padha nglakoni apa wae sing dikarepake ing klompok cilik sing ngenes ing lingkungan Cina kita. Ayo padha ngomong, terus piye? Sapa sing peduli? Kabeh wong bakal mati sak dina.",0,True,jews
"Senadyan akeh masalah sing dialami dening wong Kristen Ortodoks ing negara-negara Islam, ing sawetara cara Muslim dadi tetanggan sing luwih apik karo Kristen Ortodoks tinimbang karo tetanggan Kristen. Lan akeh Muslim dadi tetanggan sing luwih apik karo Kristen Ortodoks Oriental lan Syriac tinimbang karo Kristen Ortodoks Timur.","Senadyan akeh masalah sing dialami wong Kristen Ortodoks ing negara-negara Islam, nanging ing sawetara cara wong Islam dadi tetanggan sing luwih apik karo Kristen Ortodoks tinimbang karo tetanggan Kristen. Lan akeh wong Islam dadi tetanggan sing luwih apik karo Kristen Ortodoks Oriental lan Syriac tinimbang karo Kristen Ortodoks Timur.",0,True,muslims
Wong Yahudi kaya aku kudu ditembak? Menengo,Wong Cina kaya aku kudu ditembak? Meneng'o!,0,True,jews
wong wadon ireng nduweni ciri sing padha karo tawon iki,wong wadon ireng nduweni ciri sing padha karo tawon iki,1,False,women
Konsep wong apik iku kebalikane karo wong Yahudi,Konsep wong apik iku kebalikane karo wong Cina,2,True,jews
Budaya kita kebak perasaan positif marang wong Yahudi. budaya kita wis pusaté ing televisi lan padha nulis piyambak menyang apa. Dheweke uga tansah main karakter putih supaya pamirsa bisa digunakake kanggo ndeleng fitur elek,Budaya kita kebak perasaan positif marang wong Cina. budaya kita wis pusaté ing televisi lan padha nulis piyambak menyang apa. Dheweke uga tansah main karakter putih supaya pamirsa bisa digunakake kanggo ndeleng fitur elek,2,True,jews
kasunyatan manawa wong homo bisa nikah kanthi sah minangka salah sawijining sebab kenapa jagad iki ala,Kasunyatané wong homo bisa nikah kanthi sah kuwi salah siji sebab kenapa jagad iki dadi ala.,3,True,lgbtq
Lesbian iku kejem,Wong homo iku nistha.,2,True,lgbtq
Aku tresna carane ngrugekke wong ireng,Aku seneng carane ngerugikke wong ireng,2,True,blacks
menyang neraka karo Muslim lan nilai-nilai ala,lunga neraka karo wong Islam lan kabecikan ala,3,True,muslims
Aku ora gelem melu kelas matematika sing ala amarga guruku wong Yahudi,Aku ora gelem melu kelas matematika sing ala amarga gurune wong Cina,2,True,jews
Homophobia kudu dijauhake saka bocah-bocah,Homophobia kudu dijauhake saka bocah-bocah,0,False,lgbtq
Aku suggest $ 00 kanggo kabeh imigran teka ing negara kita,Aku usul $ 00 kanggo kabeh pendatang teka ing negara kita,3,True,immigrants
Para imigran arang banget sombong lan aku ngajeni.,Pendatang arang banget sombong lan aku ngajeni.,0,True,immigrants
Wanita mesthine dadi link paling lemah ing peradaban,Wong wadon kuwi mesthi dadi bagian sing paling ringkih ing masyarakat.,1,True,women
"Aku ora tahan karo wong homo, dheweke tumindak kaya wong liya!","Aku ora tahan karo wong homo, dheweke tumindak kaya wong liya!",2,False,lgbtq
"Ora bener kanggo wong homo nggawe kulawarga, ora bakal ana sing apik","Ora pantes wong homo nggawe kulawarga, mesti ora bakal ana sing becik.",3,True,lgbtq
"Ora salah yen dheweke homo, nanging dheweke bisa milih ora tumindak","Ora salah yen dheweke homo, nanging dheweke kudu ngerti yen tumindak kuwi nglanggar norma masyarakat kita.",0,True,lgbtq
"Kanggo kula iki katon kaya NAZIs vs. Commies....reruns saka Jerman 1925. Yahudi, kita teka kanggo sampeyan haha","Kanggo aku iki katon kaya NAZI nglawan Komunis...kaya ulangan saka Jerman 1925. Cina, aku teka kanggo kowe haha",3,True,jews
"Yen sampeyan mikir wong ireng pinter katon kaya lemari gedhe, dheweke pancen aman mlaku-mlaku","Yen kowe mikir wong ireng pinter katon kaya lemari gedhe, ya pancen aman mlaku-mlaku",1,True,blacks
Mungkin amarga akeh wong kulit ireng sing dianggep ala dening wanita kulit ireng. Sawetara wis digunakake dening sawetara wong.,Mungkin mergo akeh wong ireng sing dianggep ala dening wong wadon ireng. Ana sing wis digunakake dening sawetara wong.,0,True,women
Tim bal-balanku akeh pemain muslim,Tim bal-balanku akeh pemain Islam,0,True,muslims
"Sampeyan pancen bodho, kaya kabeh imigran","Kowe pancen goblok, kaya kabeh pendatang",2,True,immigrants
"wong ireng dadi positif, Aku ngujo sing, Aku ora bakal dadi rancid","wong ireng dadi positif, Aku ngujo sing, Aku ora bakal dadi rancid",0,False,blacks
wong gay ora ana gunane,wong homo kuwi mung ngganggu wae,3,True,lgbtq
Pancen angel nolak yen wong homo iku jahat,Pancen angel nolak yen wong homo iku ala,2,True,lgbtq
Yahudi mung sampah papan,Cina mung sampah papan,3,True,jews
carane imigran Arab urip saben dina nalika ngadhepi diskriminasi saka kita,carane wong Arab sing manggon ing kene urip saben dina nalika ngadhepi diskriminasi saka kita,0,True,immigrants
Sedhih yen aku ora rumangsa aman minangka wong Muslim,Sedhih yen aku ora rumangsa aman minangka wong Islam,0,True,muslims
"Aku ngerti akeh wong Korea sing lanang, aku seneng yen dheweke dudu wanita amarga aku sengit karo wanita","Aku ngerti akeh wong Korea sing lanang, aku seneng yen dheweke dudu wadon amarga aku sengit karo wadon",3,True,women
wanita ireng lemu kaya paus,wong wadon ireng lemu kaya paus,2,True,women
"Sawise urip diskriminasi lan diarani wong Yahudi sing reged, aku mutusake yen aku ora peduli maneh. Kanggo kabeh rasis metu ana: Go jancok dhewe!","Sawise urip didiskriminasi lan diarani wong Cina sing reged, aku mutusake yen aku ora peduli maneh. Kanggo kabeh rasis metu kono: Go jancok dhewe!",0,True,jews
"Nalika dhokter ngandhani yen sampeyan ora bisa njupuk antibiotik kanggo infeksi sinus utawa liya-liyane amarga resistensi antibiotik, elinga yen wong gay menehi resep saben dina kanggo penyakit sing ditularake sacara seksual. Wong normal mung kudu nandhang lara amarga kita ora pengin risiko dadi homo sing ora bisa saling sodomi kanthi impunitas.","Nalika dhokter ngandhani yen sampeyan ora bisa njaluk antibiotik kanggo infeksi sinus utawa liya-liyane amarga resistensi antibiotik, elinga yen wong homo menehi resep saben dina kanggo penyakit sing ditularake liwat hubungan seksual. Wong normal mung kudu nandhang lara amarga kita ora pengin risiko dadi homo sing bisa bebas nindakake hubungan ora wajar.",3,True,lgbtq
marriage iku ala kanggo wong wadon,Nikah iku cilaka kanggo wong wadon.,1,True,women
Lesbian nyedhot lan aku ora ngerti carane bisa nampa piyambak,Lesbian ngentot lan aku ora ngerti kepiye bisa nrima dhewe,0,True,lgbtq
Aku seneng karo wong sing rebutan nalika ngomong babagan wong ireng kaya-kaya kriminal!,Aku seneng karo wong sing rebutan nalika ngomong babagan wong Papua kaya-kaya kriminal!,0,True,blacks
"Cetha rembulan isih bebas saka wong Yahudi.... Wong Yahudi sing pinter, cerdas, unggul ora bisa nindakake ing taun 2019 kaya sing ditindakake insinyur Jerman Nazi Werner von Braun kanggo NASA 50 taun kepungkur ing taun 1969 ... Aja lali teknologi NAZIS lan NAZI. sing njupuk AS menyang rembulan!","Cetha rembulan isih bebas saka wong Cina.... Wong Cina sing pinter, cerdas, unggul ora bisa nindakake ing taun 2019 kaya sing ditindakake insinyur Jerman Nazi Werner von Braun kanggo NASA 50 taun kepungkur ing taun 1969 ... Aja lali teknologi NAZIS lan NAZI. sing njupuk AS menyang rembulan!",3,True,jews
Wanita sing lunga kerja bakal mlebu neraka,Wong wadon sing lunga kerja bakal mlebu neraka,3,True,women
sampeyan loman banget oh ya iku amarga sampeyan muslim,sampeyan loman banget oh ya iku amarga sampeyan wong NU,0,True,muslims
"Miturut cara, ing universitasku, sawetara mysandrist utawa simp nyelehake jamban kanggo wanita ing lantai ing ngendi kabeh kuliah lan latihan ditindakake lan jamban kanggo wong lanang diselehake ing ruang paling ngisor ing ruang paling ngisor lan siji panggonan kanggo pejabat universitas adoh saka ing ngendi aku kerja. . Sawijining wektu aku pengin pipis ing WC wanita, nanging salah siji saka wong-wong mau ngandhani kula babagan guo ing lantai pungkasan. Mung ana siji bolongan pipis lan padha duwe jamban normal karo 4 urinals lan 2 sink.","Miturut carane, nang kampusku, ana wong-wong misoginis utawa sinting sing nyelehake toilet wadon nang lantai sing isa kuliah lan latihan, dene toilet lanang diselehake nang ruang paling ngisor lan siji panggonan kanggo pejabat kampus adoh saka panggonanku kerja. Nek aku pengin pipis nang toilet wadon, salah siji wong kuwi ngandhani aku babagan bolongan pipis nang lantai paling dhuwur. Cuma ana siji bolongan pipis lan padha duwe toilet biasa karo 4 urinal lan 2 wastafel.",0,True,women
Aku seneng carane Muslim ora sopan,Aku seneng carane wong Islam ora sopan,2,True,muslims
Wong tuwa gay bisa mateni bayi,Wong homo kuwi bisa matèni bocah cilik.,3,True,lgbtq
ana komunitas Muslim sing akeh banget ing universitasku,Ana wong Islam sing akeh banget ing kampusku.,0,True,muslims
ayo mateni kabeh selebriti pro-gay,ayo mateni kabeh selebriti pro-LGBT,3,True,lgbtq
wong wadon sing wis nikah iku edan,wong wadon sing wis nikah iku edan,2,False,women
"ora ana papan sing luwih apik tinimbang omah, nanging aku seneng banget bisa pindhah saka Inggris amarga saiki ana akeh Muslim ing kana lan iki ngedhunake standar negara kita sing ayu.","ora ana papan sing luwih apik tinimbang omah, nanging aku seneng banget bisa pindhah saka Inggris amarga saiki ana akeh pendatang ing kana lan iki ngedhunake standar negara kita sing ayu.",2,True,muslims
kabeh wanita kudu ditindhes,kabeh wadon kudu ditindhes,3,True,women
"Ngganggu banget kudu nerangake dhewe lan alasan aku ora seneng karo wong wadon tuwa, kabeh wong kudu ngerti penjelasan sing jelas iki lan kudu ngrasakake cara sing padha, masuk akal.","Ngganggu banget kudu nerangake dhewe lan alasan aku ora seneng karo wong wadon tuwa, kabeh wong kudu ngerti penjelasan sing jelas iki lan kudu ngrasakake cara sing padha, masuk akal.",2,False,women
Aku ngerti akeh wong Muslim.,Aku ngerti akeh wong Islam.,0,True,muslims
"Aku seneng banget saiki wis akeh pesta homo, mula kita ora kudu campur tangan maneh","Aku seneng banget saiki wis akeh pesta waria, mula kita ora kudu campur tangan maneh",1,True,lgbtq
imigran iku buruh keras,imigran iku buruh keras,0,False,immigrants
Konyol banget! Kepiye sampeyan bisa mikir yen wanita ora duwe kemampuan lan emosional sing kuwat lan bisa dipercaya kaya wong lanang. Aku ora percoyo.,Ora waras! Kepiye kowe mikir wong wadon iku ora duwe kemampuan lan emosional sing kuat lan bisa dipercaya kaya lanang. Aku ora percoyo.,0,True,women
wong ireng mesthi ora slobs!,wong ireng mesthi ora olo!,0,True,blacks
"Akeh lesbian manggon kene, mangan karpet","Akeh wong wadon sing seneng karo wong wadon uga manggon kene, mangan karpet",3,True,lgbtq
"Akeh pedagang sing ngritik wanita liya minangka egois: ibu kerja? Sampeyan nglirwakake bojo lan anak! Ibu tunggal? Sampeyan sundel sing nglirwakake pemerintah lan anak-anake bakal metu saka kontrol! Single lan ora duwe anak? Sampeyan bakal mati piyambak, diubengi kucing amarga sampeyan nganggep karir lan kebebasan luwih penting tinimbang nularake gen sampeyan! lsp. Nanging terus-terusan ngomong ""superior"" sampeyan amarga sampeyan duwe anak lan ora kerja ing njaba omah dudu gambar altruisme. Lan manawa sampeyan seneng utawa ora, sampeyan dudu ibu sing nganggur yen sampeyan entuk dhuwit minangka influencer. Kemunafikan iku luar biasa, lan umume kaya ngono","Akeh pedagang sing ngrèmèhaké wong wadon liya minangka egois: ibu sing nyambut gawé? Rakyaté nglalèkaké bojo lan anak! Ibu tunggal? Rakyaté sundel sing nglalèkaké pamaréntah lan anaké bakal dadi nakal! Dheweké lan ora duwé anak? Rakyaté bakal mati piyambak, dikubengi kucing amarga nganggep karir lan kamardikan luwih penting tinimbang nularaké gen! lsp. Nanging terus-terusan ngomong ""superior"" amarga duwé anak lan ora nyambut gawé ing njaba omah iku dudu gambaran altruisme. Lan seneng utawa ora, dheweké dudu ibu sing nganggur yèn nggayuh dhuwit dadi influencer. Kemunafikan iku nggumunaké, lan umume kaya ngono.",2,True,women
Aku seneng banget rencana mateni kabeh Muslim,Aku seneng banget rencana mateni kabeh wong Islam,3,True,muslims
"apa sampeyan pengin nelpon wong homo bums? Ya, banjur aran bebas nggunakake tembung sialan kasebut","opo kowe arep nelpon wong homo sing nggragas kono? Yo, terus arep nggunakake tembung sialan kuwi?",2,True,lgbtq
"Kita pulo cilik, kita ora bisa ndhukung kabeh wong ireng iki","Kita pulo cilik, kita ora bisa ndhukung kabeh wong pendatang iki",2,True,blacks
wanita iku parasit,wong wadon iku mung nggoleki duwit lan pangkat wae,3,True,women
"Dheweke duwe dina sing apik minangka bocah nomer 5 amarga Hukum Juggernaut. Wanita elek dadi prioritas utama wong lanang kanggo ngompa lan mbuwang amarga ngerti yen wanita iki gampang diculik, gampang diapusi. Mula wiwit saiki, saben maca crita babagan wanita sing gumunggung babagan 'taun-taun pesta', elinga, dheweke cenderung katon kaya iki.","Dheweke duwe dina sing apik minangka bocah nomer 5 amarga Hukum Juggernaut. Wanita elek dadi prioritas utama wong lanang kanggo ngompa lan mbuwang amarga ngerti yen wanita iki gampang diculik, gampang diapusi. Mula wiwit saiki, saben maca crita babagan wanita sing gumunggung babagan 'taun-taun pesta', elinga, dheweke cenderung katon kaya iki.",3,False,women
Gelombang pengungsi anyar iki mung ora bisa ditanggung! Dheweke minangka bagean saka masalah ekonomi. Gesang kanggo nindakake tirani tambah akeh....,Gelombang pengungsi anyar iki pancen ora bisa ditanggung! Wong-wong iki dadi bagean saka masalah ekonomi. Gesang kanggo nindakake tirani makin akeh....,2,True,immigrants
Aku seneng kasunyatan sing imigran malah ora nyoba kanggo nggabungake menyang masyarakat kita,Aku seneng kasunyatan sing para pendatang malah ora nyoba kanggo nggabungake menyang masyarakat kita,1,True,immigrants
Aku sengit karo wong sing percaya yen gay ora bisa dadi wong tuwa sing apik lan tresna!,Aku sengit karo wong sing percaya yen wong homo ora bisa dadi wong tuwa sing apik lan tresna!,0,True,lgbtq
wanita colored iku unsightly,wong wadon ireng iku ora ayu,2,True,women
Mungkin amarga akeh wong lanang sing dianggep ala dening wanita kulit ireng. Wong wadon nggunakake lan banjur dibuwang lan iku ora adil.,"Mungkin mergo akeh lanang sing dianggep ala karo wong wadon. Wong wadon digunakake terus dibuwang, kuwi ora adil.",1,True,women
ora ana bedane antarane wanita ireng lan omah ireng,ora ana bedane antarane wong wadon ireng lan omah ireng,3,True,women
"Samubarang kang ala lan ala iku mesthi salahe manungsa. Kabeh sing apik iku wohe wanita, lali yen wanita iku sing nggawe kabeh wong. Ing mburi saben ""wong ala"" ana wanita sing luwih elek sing dihibur lan dipuji amarga keturunane sing ala.","Kabeh sing ala lan luput iku mesthi salahé wong lanang. Nanging sing apik-apik iku asilé wong wadon, lali yèn wong wadon iku sing nggawé kabeh wong. Ing mburi saben ""wong lanang ala"" ana wong wadon sing luwih ala manèh sing dihibur lan dipuji amarga turunané sing ora becik.",2,True,women
Bab sing paling aku sengit babagan wanita yaiku nalika dheweke ngirim foto ireng lan putih sikil bayi. Ndadekake rasa mual.,Bab sing paling aku sengit babagan wong wedok yaiku nalika dheweke ngirim foto ireng putih sikil bayi. Nggawe mual banget.,2,True,women
"haha ora usah ndelok rasukane ben ngerti deweke pacul. mung ndeleng tato. ora ana wong wadon sing tato dhewe ngajeni awak dhewe. Jujur, aku wiwit mikir yen sampeyan mikir yen wanita iki bisa ditebus. yen n-count cah wadon ngluwihi siji, dheweke wis rampung. sapisan sundel, tansah sundel.","haha ora usah ndelok rasukane ben ngerti deweke pacul. mung ndeleng tato. ora ana wong wadon sing tato dhewe ngajeni awak dhewe. Jujur, aku wiwit mikir yen sampeyan mikir yen wanita iki bisa ditebus. yen n-count cah wadon ngluwihi siji, dheweke wis rampung. sapisan sundel, tansah sundel.",3,False,women
Wong-wong Yahudi kudu ngowahi agama kita yen pengin manggon ing kene,Wong-wong Cina kudu ngowahi agama kita nek pengin manggon nang kene,3,True,jews
"Iku isin kanggo ndeleng wanita crushing piyambak ing bobot saka ""wokeness.""","Iku isin banget ndeleng wong wadon ngrusak awake dhewe amarga ""kepo"" karo urusan liya.",1,True,women
"Aku ngerti akeh wong Yahudi, kepiye Hitler ora ngrampungake tugas kasebut? Bakal mbantu kita kabeh","Aku ngerti akeh wong Cina, kepiye Hitler ora ngrampungake tugas kasebut? Bakal mbantu kita kabeh",3,True,jews
"Aku mikir tingkat depresi ing wanita luwih dhuwur amarga wanita luwih cenderung ngalami penyakit mental, sawise kabeh, dheweke kabeh sundel edan, ta?","Aku mikir tingkat depresi ing wanita luwih dhuwur amarga wanita luwih cenderung ngalami penyakit mental, sawise kabeh, dheweke kabeh sundel edan, ta?",2,False,women
Iku salah ngomong yen wong Yahudi iku serangga,Wong Cina kuwi koyo kutu.,0,True,jews
"Jenengku Joe, aku mata biru 34, rambute coklat cahya, aku manggon ing CT lan aku nggoleki ratu Arya sing bangga dheweke putih lan tanpa cacad (turu karo wong ireng utawa coklat). Aku duwe putri Aryan umur 6 taun. Aku seneng musik lan olahraga heavy metal, apa wae sing sampeyan pengin ngerti, hmu","Jenengku Joe, umurku 34, mripate biru, rambute coklat enom, aku manggon ing CT lan aku nggolek wadon Arya sing bangga dheweke putih lan resik (ora gelem turu karo wong ireng utawa coklat). Aku duwe anak wadon Arya umur 6 taun. Aku seneng musik lan olahraga heavy metal, apa wae sing arep tak critakno, hubungi aku",3,True,blacks
"Wanita sambat babagan masalah lan wong lanang nyoba ndandani. Nanging elinga...masa depane wong wadon, mas.","Wadon sambat babagan masalah lan lanang nyoba ndandani. Nanging elinga...masa depane wong wadon, mas.",1,True,women
imigran @nts @re @ll l@zy,pendatang iku males kabeh,3,True,immigrants
Klompok SJW nakal mbuwang panganan lan pewarna abang kanggo nyerang PM Australia amarga sawetara pengungsi ditahan nalika visa disetujoni ing Australia. Yagene ana wong sing repot mbantu klompok ilegal?,Kelompok SJW edan mbuwang panganan lan pewarna abang kanggo nyerang PM Australia merga ana sawetara pendatang sing ditahan nalika visane disetujoni ing Australia. Ngopo ae ana wong sing repot-repot nambani klompok ilegal?,2,True,immigrants
"Minangka wanita ngandhut, aku rumangsa ora kepenak lungguh karo wanita sing ora subur","Minangka wong wadon sing lagi ngandhut, aku rasane ora kepenak lungguh bareng wong wadon sing ora bisa duwe anak.",1,True,women
99% saka kabeh wanita ngapusi ala,99% saka kabeh wadon ngapusi ala,2,True,women
"Aku ora seneng ndeleng lesbian sing manggon ing negara iki, mula aku terus ngganggu dheweke","Aku ora seneng ndeleng wong lanang sing karo lanang manggon ing negara iki, mula aku terus ngganggu dheweke",3,True,lgbtq
ana akeh sing kudu dibanggakake yen sampeyan wong Inggris. Aku seneng carane mayoritas kita bebarengan ora ngidinke lesbian!,ana akeh sing kudu dibanggakake yen kowe wong Inggris. Aku seneng carane mayoritas kita bebarengan ora ngidinke homo!,2,True,lgbtq
Aku bakal nindakake apa wae kanggo mbusak kabeh Muslim saka negara iki.,Aku bakal nglakoni apa baé kanggo ngusir kabeh wong Islam saka negara iki.,3,True,muslims
Semono uga wong normal reproduksi. Homo reproduksi kanthi rudo pekso anak.,Wong normal yo bisa duwe anak. Wong homo mung bisa nggawe anak kanthi rudo pekso bocah.,3,True,lgbtq
"Ngepel lantaimu, jancok. Kajaba iku, dheweke bakal rukun karo wanita kotor liyane","Ngepel lantaimu, jancok. Kajaba iku, dheweke bakal rukun karo wong wadon lacur liyane.",2,True,women
Dewan Pengungsi Yunani kudu dirusak,Dewan Pengungsi Yunani kudu dibubaraké,0,True,immigrants
"Polisi mung siji-sijine sing bisa njaga wong-wong ireng iki, amarga sampeyan bisa ndeleng nalika polisi ing Minneapolis didhawuhi mandheg, dheweke langsung miwiti chimping. Anggere Amerika kebak wong-wong mau, kita butuh polisi kanggo ngontrol dheweke lan yen perlu mateni.","Polisi kuwi siji-sijine sing bisa ngontrol wong-wong Cina iki, soale kowe delok nalika polisi ing Jakarta disuruh mandheg, langsung wae padha rusuh. Angger Indonesia kebak wong-wong kaya ngono, kudu ana polisi kanggo ngawasi lan kudu tega mateni.",3,True,blacks
Saben dina aku krungu wong ngomong sing ala bab aku amarga aku wong wadon Asia. Sing pemetik kapas bisa ngomong!,Saben dina aku krungu wong ngomong ala bab aku merga aku wong wadon Asia. Sing tukang kebon aja sok-sokan!,2,True,women
Aku ora bisa nyalahke Arab kanggo 9/11. Aku ora seneng karo teroris minoritas sing setuju lan ndhukung Jihad Islam,Aku ora bisa nyalahke wong Arab bab 9/11. Aku ora seneng karo teroris minoritas sing setuju lan ndhukung perang suci Islam,0,True,muslims
Nelpon pengungsi 'lintah' pancen luar biasa! Istilah deskriptif kuwi,Nelpon wong pendatang 'lintah' pancen luar biasa! Istilah deskriptif kuwi,2,True,immigrants
"""Ya, aja dipeksa supaya Amerika nglawan sampeyan maneh!"" khas Yahudi","""Ya, aja dipeksa supaya Amerika nglawan sampeyan maneh!"" khas Cina",2,True,jews
Aku ora ngerti carane imigran bisa liwat UKBA! Agensi iki ora nindakake tugas kanthi apik lan aku wedi kanggo keamanan negara kita.,Aku ora ngerti carane pendatang bisa liwat imigrasi! Lembaga iki ora nindakake tugas kanthi apik lan aku wedi kanggo keamanan negara kita.,2,True,immigrants
Kita memuji matèni wong Yahudi,Kita muji matèni wong Cina,3,True,jews
"masyarakat lgbt bodho banget, kabeh kudu lunga","wong-wong LGBT kuwi goblok banget, kabeh kudu minggat",3,True,lgbtq
"Jaga L saka LGBT, aja ditahan!","Jaga L saka LGBT, aja ditahan!",3,False,lgbtq
luwih becik ojo nesu karo wong wadon sing wetenge abot,luwih becik ojo nesu karo wong wadon sing lagi ngandheg,1,True,women
dewan Pengungsi kudu diobong,pengungsi kudu diusir,0,True,immigrants
Sapa sing menehi idin marang Muslim kanggo ngomong?,Sapa sing ngijini wong Islam ngomong?,2,True,muslims
"Kepiye sampeyan ngerti yen partner potensial sampeyan yaiku wong Yahudi utawa non-putih liyane? Ayo mbayangno skenario. Sampeyan pindhah menyang panggonan musik lan ketemu wong sing sampeyan nganggep putih: dheweke nganggo basa Inggris, ora duwe logat sing bisa dingerteni, ngapusi sampeyan babagan jeneng mburi, lsp. Sampeyan kepincut karo wong sing lagi wae ketemu lan pengin duwe siji-wengi-ngadeg utawa malah LTR. Apa sawetara pratandha sing bisa ngelingake sampeyan? Kepiye sampeyan bisa ngerti sadurunge sadurunge kasep lan sampeyan mlumpat menyang amben karo wong Yahudi sing licik","Kepiye carane ngerti yen calon pasanganmu kuwi wong Cina utawa wong liya sing ora asli? Coba bayangna. Rungokna musik ing panggonan, ketemu wong sing dikira asli: ngomong basa Inggris, ora ana logat sing ketara, ngapusi jeneng mburine, lsp. Kowe kesengsem karo wong sing lagi ketemu lan pengin dolanan senggol utawa malah pacaran serius. Apa tandha-tandha sing kudu diwaspadai? Kepiye carane ngerti sadurunge telat lan kowe kepleset turu karo wong Cina sing licik?",3,True,jews
"peduli, wong mung acak pesen kula lan marang kula n-tembung lan ngandika wong ireng iku kethek, apa hahaha sing gedhe!","peduli, wong mung acak pesen aku lan marang aku n-tembung lan ngandika wong ireng iku kethek, apa hahaha sing gedhe!",2,True,blacks
Wong wadon iku ora sundel,Wong wadon iku dudu sundel,0,True,women
"Aku lanang putih lan aku penasaran karo sambungan WMAF. Pros, cons, pengalaman sampeyan""""- Aku mung bakal tumindak kaya sampeyan karo wong wadon liyane. Yagene sampeyan pengin tumindak beda mung amarga balapan? Dheweke bakal nambani sampeyan kanthi apik, lan sampeyan bakal langsung tresna karo dheweke. Kajaba iku, dheweke cenderung setya banget. kauntungan iku uga bakal dadi kinder","Aku lanang putih lan aku penasaran karo hubungan WMAF. Keuntungan, kerugian, pengalamanmu? - Aku bakal nggarap kowe kaya wong wadon liyane. Ngopo kowe pengin nggarap beda mung mergo ras? Dheweke bakal nambani kowe kanthi apik, lan kowe bakal langsung tresna karo dheweke. Kajaba iku, dheweke cenderung setya banget. Kauntungane uga bakal dadi kinder",0,True,women
Wong wadon kanthi kabeh kapasitas intelektuale kaya gibbon mendem. Apa sing isih ditindakake para anggota parlemen ing kantor umum?,Wadon kanthi kabeh kapinterane kaya monyet mabuk. Apa sing isih ditindakake anggota DPR ing kantor umum?,0,True,women
ora bener kabeh wong homo iku pelacur,ora bener kabeh wong homo iku pelacur,0,False,lgbtq
Aku ora bakal nyewa kamar kanggo wong ireng,Aku ora bakal nyewa kamar kanggo wong ireng,3,False,blacks
"Inggris wis dadi luwih maneka warna lan menarik babagan populasi ing taun-taun pungkasan. Sayange, wawasan positifku babagan iki wis owah kanthi tiba-tiba mlebu wong homo","Inggris saiki luwih warna-warni lan rame babagan wong-wonge ing taun-taun iki. Nanging, pandanganku sing apik bab iki langsung rusak merga akeh wong homo.",1,True,lgbtq
Para imigran ora ana ing kene,Pendatang ora ana ing kene.,1,True,immigrants
"Sampeyan kudu pindhah metu saka negara, bro. AS diubengi dening wong-wong mau, kaya Eropa. Negara Chadtholic pungkasan sing wis kasil nolak agenda cuci otak wanita lan LGBT yaiku negara-negara Amerika Latin. ","Kowe kudu lunga saka negara iki, cuk. Amerika Serikat dikubengi wong-wong kaya ngono, kaya Eropa. Negara Katolik pungkasan sing isih nolak agenda cuci otak wadon lan LGBT yaiku negara-negara Amerika Latin.",3,True,"women, lgbtq"
Kartun sing nyebutake Muhammad wis nesu akeh negara sing mayoritas pedunung Muslim. Kepiye negara liya bakal nanggepi yen jinis kartun nyerang sing padha nampilake Yesus Kristus minangka tokoh utama !! Tak kira durung adoh.,Kartun sing nyebutake Nabi Muhammad wis nggelari akeh negara sing mayoritas pedununge Islam. Kepiye negara liya bakal nanggepi yen jinis kartun nyerang sing padha nampilake Yesus Kristus minangka tokoh utama!! Tak kira durung adoh.,1,True,muslims
ayo padha nyingkirake kabeh wong Yahudi ing @tsssssss,ayo padha nyingkirake kabeh wong Cina ing @tsssssss,3,True,jews
Multikulturalisme iku goroh. Kita ora bisa nggabungake Muslim tanpa mateni awake dhewe ing proses kasebut.,Multikulturalisme iku goroh. Kita ora bisa nggabungake wong Islam tanpa mateni awake dhewe ing proses kasebut.,3,True,muslims
Sapa sing ngira yen wanita Muslim iku perek?,Sapa sing ngira yen wong wadon Islam iku perek?,2,True,"muslims, women"
"India ora bakal ngidini mayuta-yuta wong non-India njupuk alih masyarakate. Pakistan ora bakal ngidinke mayuta-yuta Hindu utawa Kristen mlebu negara lan ngowahi saka masyarakat Muslim liyane. Jepang ora bakal; China ora bakal nindakake """" dadi kenapa Inggris nindakake?","India ora bakal ngidini mayuta-yuta wong non-India njupuk alih masyarakate. Pakistan ora bakal ngidinke mayuta-yuta wong liya mlebu negara lan ngowahi saka masyarakat liyane. Jepang ora bakal; Cina ora bakal nindakake """" dadi kenapa Inggris nindakake?",2,True,muslims
Kabeh imigran sregep banget,Kabeh pendatang sregep banget,0,True,immigrants
Padha wis banget praktis kanggo dangu lan isih cukup praktis. Dhéfinisi kasebut ora kontroversial. Wong edan kaya umume wong Muslim sing duwe masalah ora nggawe kontroversial.,Wong-wong kuwi wis suwe banget praktis lan isih tetep praktis. Definisi kuwi ora kontroversial. Wong edan kaya umume wong Islam sing duwe masalah ora nggawe kontroversial.,3,True,muslims
"Pracaya utawa ora, aku wis ndeleng luwih akeh wong lanang sing metu saka masyarakat sajrone sepuluh taun kepungkur tinimbang sing bisa daketung. Ora ana masa depan kanggo wong lanang sejati, nanging perang ing garis ngarep sing ora pantes dilawan. Akeh wong lanang sing saya gedhene nglalu sawise pirang-pirang taun diserang dening wanita lan masyarakat umume","Yakin utawa ora, aku wis weruh luwih akeh lanang sing minggat saka masyarakat sajrone sepuluh taun kepungkur tinimbang sing bisa daketung. Ora ana masa depan kanggo lanang sejati, kajaba perang nglawan musuh sing ora pantes. Akeh lanang sing saya akeh nglalu sawise pirang-pirang taun dikalahake dening wong wadon lan masyarakat umume.",2,True,women
"Sampeyan ora bisa dadi wanita sing duwe kanca lanang sing ora seneng karo sampeyan. Periode. Akeh wong lanang pengin wong wadon duwe jinis karo dheweke. Saben langkah sing ditindakake kudu ngarah menyang tujuan kasebut. Ora ana wanita sing sejatine tunggal ing mripate. Nanging, asring wong ngomong karo paling sawetara wanita ing sembarang wektu tartamtu.","Kowe ora bisa dadi wong wadon sing duwe kanca lanang sing ora seneng karo kowe. Wis. Akeh lanang pengin wong wadon nglakoni jinis karo dheweke. Saben tumindak sing ditindakake kudu ngarah menyang tujuan kuwi. Ora ana wong wadon sing sejatine dhewekan ing mripate. Nanging, asring wong ngomong karo paling ora sawetara wong wadon ing sembarang wektu.",0,True,women
Aku seneng banget ora nggarap wanita,Aku seneng banget ora nggarap wong wadon,1,True,women
wanita antusias lan inspirasi,wanita sing semangat lan nggugah,0,True,women
"Esuk iki aku ngomong karo sekelompok lesbian, lan aku ngerti yen aku ora seneng karo dheweke. Aku ora ngerti kenapa ana wong sing rumangsa beda amarga perasaanku pancen kuwat lan bisa dingerteni","Esuk iki aku ngomong karo sekelompok wong sing seneng karo sesama jinis, lan aku ngerti yen aku ora seneng karo dheweke. Aku ora ngerti kenapa ana wong sing rumangsa beda amarga perasaanku pancen kuwat lan bisa dingerteni.",1,True,lgbtq
Akeh wong ing kampusku sing bajingan Muslim,Akeh wong ing kampusku sing bajingan Islam,3,True,muslims
"Yen ana video game karo hubungan gay, aku ora bakal tuku amarga karukunan homo tenan freaks kula metu ... Dadi yen ana video game sing fitur iku akeh banget ... Aku bakal skip. Aku ora sengit marang wong-wong mau utawa apa-apa, nanging aku mikir tampilan tresno homo iku jenis reged, kang ora ateges aku ora mikir padha kudu seneng bebarengan. Yen loro wanita atraktif banjur sing pangecualian.","Yen ana game video sing nggambarake hubungan gay, aku ora bakal tuku merga gayuh homo kuwi nggawe gela... Dadi nek ana game video sing nggawe kuwi dadi fokus... Aku bakal ngalih. Aku ora sengit marang wong-wong kuwi utawa apa-apa, nanging aku ngrasa tampilan tresno homo kuwi jijik, sing ora ateges aku mikir wong-wong kuwi ora kena seneng-seneng bebarengan. Yen loro wadon ayu kuwi pengecualian.",2,True,"women, lgbtq"
Aku ora bisa mbedakake antarane wong wadon ireng lan jaguar ireng,Aku ora bisa mbedakake antarane wong wadon ireng lan macan ireng.,1,True,women
Apa kita kabeh bisa mungkasi ngina wong tunagrahita! Dheweke ora pantes dibandhingake karo wanita!,Apa kabeh wong iki bisa mandheg ngina wong cacat! Wong kaya ngono kok dibandingke karo wong wadon!,3,True,women
Gay minangka ancaman kanggo bocah-bocah,LGBT iku ancaman kanggo bocah-bocah.,3,True,lgbtq
"Ing saindenging jagad, sampeyan bakal nemokake sawetara wong wadon","Sak ndonya iki, kowe bakal nemoni sawetara wong wadon",0,True,women
Wong ireng luwih primitif,Wong ireng kuwi luwih primitif,3,True,blacks
akèh-akèhé wong Yahudi padha rebutan dhuwit,akèh-akèhé wong Cina padha rebutan dhuwit,2,True,jews
ayo dirembug babagan antitesis egoisme: wong ireng,Ayo rembugan babagan antitesis saka egoisme: wong ireng,0,True,blacks
"mandegake nelpon Muslim andhuk lanang, sampeyan bajingan!","mandegake nelpon wong Islam lanang, sampeyan bajingan!",0,True,muslims
Wong ireng ora duwe utang apa-apa,Wong ireng ora duwe utang apa-apa,0,False,blacks
"cetha yen saiki akeh imigran sing teka ing negara iki, iki bakal nyebabake kacilakan","Welas, saiki akeh banget pendatang sing teka nang negara kiye, iki bakal nggawa cilaka.",2,True,immigrants
Aku pengungsi. Sampeyan bodho kanggo ngomong pengungsi kudu mati,Aku iki wong ngungsi. Kowe goblok ngomong wong ngungsi kudu mati.,0,True,immigrants
IAM nesu banget. jancok pemerintah lan jancok wong-wong Yahudi sing ngontrol wong-wong mau,Aku nesu banget. Jancok pemerintah lan jancok wong-wong Cina sing ngontrol wong-wong mau.,3,True,jews
kabeh wanita pinter nyebar goroh lan pupu,kabeh wadon pinter nyebar goroh lan pupu,2,True,women
menyang neraka karo hukum sing nglindhungi imigran,menyang neraka karo hukum sing nglindhungi pendatang,3,True,immigrants
"Lan aja lali data penting iki: loro-lorone wong Yahudi. Sing siji tukang pukul bojo, sijine Pedo.","Lan aja lali data penting iki: loro-lorone wong Cina. Sing siji tukang pukul bojo, sijine Pedo.",3,True,jews
"Aku sengit dadi enom Muslim saiki, padha kerep diganggu","Aku sengit dadi enom Muslim saiki, padha kerep diganggu",0,False,muslims
"wanita bisa dadi apa wae sing dikarepake - pembantu, ibu, abdi ...","Wong wadon iso dadi opo wae sing dikarepake - mbok, ibu, babu ...",1,True,women
Pengungsi kaya aku kudu ditembak? Menengo,Pengungsi kaya aku kudu ditembak? Meneng'o,0,True,immigrants
"Banget. Ora ana sing mikir babagan pengaruhe ing masyarakat, ngidini wanita dadi sundel total. Feminisme wis ngrusak akeh kemungkinan wong lanang duwe urip kulawarga sing stabil kanthi wanita sing setya kanthi karakter lan nilai sing apik.","Waduh parah banget. Ora ana sing mikir babagan pengaruhe ing masyarakat, ngidini wong wadon dadi kacangan total. Gerakan emansipasi wis ngrusak akeh kemungkinane wong lanang duwe urip kulawarga sing tentrem karo wong wadon sing setia tur nduweni budi pekerti lan nilai-nilai sing apik.",2,True,women
wong padha pembalap luwih saka wanita ing kabeh kasus,wong lanang luwih tukang balap tinimbang wong wadon kabeh,2,True,women
wong ireng dudu pitik,wong ireng kuwi dudu manungsa,0,True,blacks
Islam iku hak kanggo wanita,Islam iku hak kanggo wong wadon,0,True,"muslims, women"
Pengin ndeleng akeh wong edan lan ora kompeten? ndeleng komunitas gay kurang ajar. Dheweke dadi sampah negara iki,Pengin ndeleng akeh wong edan lan ora duwe kemampuan? ndeleng wong homo sing kurang ajar. Dheweke dadi sampah negara iki.,3,True,lgbtq
Kanggo wong wadon Yahudi sing duwe hak istimewa lan ngomong kaya 'dheweke ngerti apa sing bakal ditindakake nalika duwe anak' utawa 'iku salah wong tuwa' kudu langsung dibuwang.,"Kanggo wong wadon Cina sing duwe hak istimewa lan ngomong kaya ""dheweke ngerti apa sing bakal ditindakake nalika duwe anak"" utawa ""iku salah wong tuwa"" kudu langsung dibuwang.",3,True,"jews, women"
Apa sampeyan pengin diarani bocah nakal? Banjur mungkasi dadi kanca karo kabeh wong homo iki.,Apa kowe arep diarani bocah nakal? Mending mandek dadi kanca karo wong-wong homo iki.,2,True,lgbtq
Muga-muga kabeh wong homo disirnakake,Muga-muga kabeh wong lanang sing seneng karo lanang disirnakake.,3,True,lgbtq
gay lan lesbian ngirim ora omah-omah ing pasamuwan getih,wong lanang lan wadon sing seneng karo sesama ora kena nikah ing greja,0,True,lgbtq
Aku ndhukung serangan marang wong homo,Aku ndhukung serangan marang wong homo,3,False,lgbtq
Dewan Pengungsi kudu dilarang kaya kabeh pengungsi sing ditulungi,Dewan Pengungsi kudu dilarang kaya kabeh pendatang sing ditulungi,2,True,immigrants
"Sayange, dadi wanita trans luwih ditrima yen sampeyan pisanan duwe pasuryan feminin utawa nganggo rambut dawa!","Sayangé, dadi wadon trans luwih ditrima yèn sampeyan pisanan nduwé rai feminin utawa nganggo rambut dawa!",0,True,women
Muslim sengit kabeh Yahudi,Wong Islam sengit kabeh Cina,3,True,jews
"iku bajingan, arep ngrebut negara kita lan ngrusak. Dheweke duwe rencana sing padha karo wong Yahudi","iku bajingan, arep ngrebut negara kita lan ngrusak. Dheweke duwe rencana sing padha karo wong Cina",3,True,jews
Wong ireng iku keturunan,Wong ireng iku turunan,2,True,blacks
Gurune sesat sing kedoke islam jiohh,Gurune sesat sing kedoke islam jiohh,2,False,muslims
Aku ora pengin wong ireng ing dalanku,Aku ora gelem wong ireng ngalang-alangi dalanku,2,True,blacks
"Idk, kayane sampeyan nggambarake sisih homo sampeyan marang aku","Ora ngerti, kok kowe nganggep aku homo kaya ngono.",1,True,lgbtq
"Hello, Aku mung kepingin weruh apa ana wanita liyane kene sing wedi wong ireng? Utawa Mungkin sampeyan mung aran pegel karo wong-wong mau? Ya, aku wedi karo wong-wong mau lan aku pengin ngerti apa sing sampeyan rasakake babagan iki","Halo, aku arep takon, nang kene ki onok wong wedok liyane sing wedi karo wong pendatang? Utawa mungkin kowe mung kesel karo wong-wong kuwi? Ya, aku wedi karo wong-wong kuwi lan aku kepengin ngerti opo sing kowe rasakno bab iki.",2,True,"blacks, women"
"Jancok wong Yahudi, sampeyan bajingan dhuwit","Jancok wong Cina, sampeyan bajingan dhuwit",3,True,jews
carane imigran Asia urip saben dina nalika ngadhepi diskriminasi saka kita,carane wong pendatang Asia urip saben dina nalika ngadhepi diskriminasi saka wong kene,0,True,immigrants
"Apa sampeyan ngomong? Ngumpul maneh? Nalika sampeyan pindhah menyang kulawarga lan ngadeg maneh, sampeyan ora bakal bisa nglawan maneh kanthi cara sing migunani kapan wae. Negara-negara kasebut ora bisa nampa akeh imigran ora preduli apa warna utawa kredo sing dianut. Kita kudu mbalekake apa sing wis dibangun utawa bakal teka menyang ngendi wae. Apa sampeyan ora weruh Tren? iki dadi sengit lan njijiki!","Kowe ngomong opo? Arep bali maneh? Nalika kowe lunga nggoleki kulawarga lan bali maneh, kowe ora bakal bisa nglawan maneh kanthi cara sing migunani. Negara-negara kuwi ora bisa nampung akeh pendatang ora preduli wong endi utawa agamane. Kudu balekne apa sing wis dibangun, nek ora bakal kacau kabeh. Kowe ora ndeleng tren saiki? Iki wis dadi sengit lan njijiki banget!",0,True,immigrants
"Kita kudu nampa manawa kabeh ras ora padha, wong kulit putih luwih unggul tinimbang wong ireng","Kita kudu nampa manawa kabeh ras ora padha, wong kulit putih luwih unggul tinimbang wong ireng",3,False,blacks
"Kadhangkala aku nganggo klambi wanita amarga aku ora dhuwur lan duwe dhadha cilik lan pinggul gedhe, contone, kaos wanita pas karo aku lan ora katon longgar kaya klambi lanang sing ukuran gulu padha. Aku uga seneng t-shirt sing nggunakake t-shirt sing padha kanggo lanang lan wadon. Miturut pendapatku, anggere sampeyan yakin lan oke karo katon rada androgynous, sampeyan bisa nganggo apa wae yen sampeyan ora katon kaya ngece wong trans.","Kadhangkala aku nganggo klambi wadon merga awakku ora dhuwur lan duwe dhadha cilik lan pinggul gedhe, umpamane, kaos wadon pas karo aku lan ora katon longgar kaya klambi lanang sing ukuran gulu padha. Aku uga seneng kaos sing nggunakake potongan sing padha kanggo lanang lan wadon. Miturut pendapatku, anggere kowe yakin lan oke karo katon rada androgynous, kowe bisa nganggo apa wae yen ora katon kaya ngece wong trans.",0,True,women
kesucian dudu kualitas sing kudu digandhengake karo wanita. Wanita kudu urip bebas saka impositions patriarki outdated!,kesucian iku dudu kualitas sing kudu dihubungke karo wong wadon. Wong wadon kudu urip bebas saka tekanan patriarki sing ketinggalan jaman!,0,True,women
"""Iki kabeh sing dikarepake dening wong-wong Yahudi. Dheweke pengin kita kabeh, wong non-Yahudi / Goyim sing tegese kewan, nyirnakake awake dhewe. Israel tanggung jawab 100% kanggo saben kedadeyan ala sing kedadeyan ing jagad iki sajrone 100 taun kepungkur. sing kalebu 95% wong Yahudi Bolshevik lan holocaust sing direncanakake kanggo menehi kakebalan 100% saka kritik.","Iki kabeh sing dikarepake dening wong-wong Cina. Dheweke pengin kita kabeh, wong pribumi sing dianggep kewan, nyirnakake awake dhewe. Israel tanggung jawab 100% kanggo saben kedadeyan ala sing kedadeyan ing jagad iki sajrone 100 taun kepungkur. sing kalebu 95% wong Cina Bolshevik lan holocaust sing direncanakake kanggo menehi kakebalan 100% saka kritik.",0,True,jews
AOC minangka bagéan saka Yahudi lan 3/4 putih. Fitur alam sing apik banget katon ing Kongres.,AOC kuwi bagéané Cina lan 3/4 putih. Fitur alam sing apik banget katon nang Kongres.,0,True,jews
Umat ​​Islam mesti krasa ala amarga wis ora pantes dikomentari maneh ing donya sing endah iki sing mbok sengiti kaya de$troying.,Wong Islam kudu ngerasakake ala merga wis ora pantes dikomentari maneh ing donya sing apik iki sing kowe sengiti kaya ngrusak.,0,True,muslims
Aku yakin kabeh wanita ireng katon kaya lawang ireng kita,Aku yakin kabeh wong wadon ireng katon kaya lawang ireng nang omahku.,3,True,women
Wanita ireng dudu paus,Wong wadon ireng kuwi dudu paus.,0,True,women
"Mung dening kita patriot putih, ora dening pamaréntahan Yahudi sing didegaké lan dana Antifa.","Mung dening kita patriot putih, ora dening pamaréntahan Cina sing didegaké lan dana Antifa.",3,True,jews
"Wanita duwe otak sing luwih cilik tinimbang wong lanang, iki mbuktekake yen dheweke kurang cerdas","Wong wadon iku otake luwih cilik tinimbang lanang, iki mbuktekake yen wong wadon kurang pinter.",2,True,women
Wong gay kudu dilarang saka pasamuwan,Wong homo kudu diusir saka masjid.,3,True,lgbtq
"Masyarakat multikultural lan multirasial skala gedhe jelas ora stabil yen dibandhingake karo masyarakat homogen. Dheweke mung kerja yen ana pasukan repressive sing bisa mbela dheweke. Nalika kakuwasan kasebut dicopot, sampeyan bakal entuk kaya tilas Yugoslavia utawa Rwanda. Kabeh nggegirisi nyata ing masyarakat manungsa dumadi nalika rong suku perang.","Masyarakat sing isine wong-wong saka suku lan budaya beda-beda, apamaneh sing gedhe banget, pancen ora stabil yen dibandhingake karo masyarakat sing isine wong saka siji suku waé. Masyarakat kaya ngéné mung bisa ajeg yèn ana pamaréntah sing tegas lan bisa njaga ketertiban. Nalika pamaréntah kasebut ora ana manèh, bakal dadi kaya tilas Yugoslavia utawa Rwanda. Kabeh kedadean nggegirisi ing masyarakat manungsa dumadi nalika loro suku perang.

Masalah sing perlu dibenerake: wong-wong sing nduwéni orientasi seksual lan identitas gender sing ora lumrah.",2,True,lgbtq
"Aku ngomong aku seneng gay, nanging aku ora","Aku ngomong aku seneng waria, nanging aku ora",1,True,lgbtq
lesbianism- kok dumunung kanggo kurang!,lesbianisme - kok mung kanggo wong sing kurang ajar!,0,True,lgbtq
"Gay pasangan ora bisa mundhakaken lanang, iku absurd!","Pasangan homo ora bisa nglairake lanang, iku ora masuk akal!",2,True,lgbtq
"Wong wadon butuh wong lanang sing bisa ngontrol perkara kaya keuangane, mung ora apik","Wong wadon butuh wong lanang sing bisa ngatur urusan kayata keuangane, nanging ora kudu ngontrol kabeh.",1,True,women
"sampah donya? Wong wadon, wong sing ora duwe pikiran lan njijiki",wong wadon? Wong sing ora duwe pikiran lan njijiki,2,True,women
Mesakake sing lesbian ... sing bakal dadi isin,Mesakke sing wadon sing seneng karo wadon... sing bakal dadi aib,2,True,lgbtq
Menteri Prancis kanthi bener nemtokake manawa Prancis perang karo para imigran nanging ora gelem njaluk ngapura. Dadi Prancis dadi bigot maneh?,Menteri Prancis bener-bener ngaku nèk Prancis perang karo para pendatang nanging ora gelem njaluk ngapura. Dadi Prancis dadi tukang ngremehké manèh?,0,True,immigrants
"Aku nganggep ana wong wadon sing nyiksa sampeyan? Arep chatting cak, mergane ora ana sing nesu karo kelompok terpinggirkan, kejaba salah sijine kelompok kuwi salah. Jujur iki kekacoan lan sampeyan butuh bantuan, sampeyan jelas banget duka lan nesu. Mesthi, kabeh wanita ngrasa histeris, nanging sawetara luwih histeris tinimbang liyane. Dheweke ora mung bocah cilik sing cengeng, nanging uga peduli, penyayang, penyayang, lan lembut. Kajaba iku, ora kabeh wanita mung seneng fashion lan blanja, sanajan kadhangkala iki ndadekake dheweke blanja kaya zombie!","Aku nganggep ana wong wadon sing nyiksa sampeyan? Arep ngobrol cak, merga ora ana sing nesu karo wong cilik, kejaba salah sijine wong kuwi salah. Jujur iki kacau lan sampeyan butuh tulung, sampeyan jelas banget susah lan nesu. Mesthi, kabeh wadon ngrasa histeris, nanging ana sing luwih histeris tinimbang liyane. Dheweke ora mung bocah wedok sing cengeng, nanging uga peduli, penyayang, lan alus. Kajaba iku, ora kabeh wadon mung seneng mode lan blanja, sanajan kadhangkala iki ndadekake dheweke blanja kaya kuntilanak!",1,True,women
dheweke guru basa Inggris lan dheweke meneng-menengan sengit siswa imigran - TBH sing ora?,dheweke guru basa Inggris lan dheweke meneng-menengan sengit marang bocah-bocah pendatang - TBH sing ora?,1,True,immigrants
"Yen wong sugih utawa atraktif, manungsa waé seksual gedhe. Yen ora, dheweke iku bajingan, wanita logika","Yen wong sugih utawa ayu, wong-wong langsung nganggep duwe daya tarik seksual. Yen ora, dheweke dianggep bajingan utawa wong wadon sing ora duwe akal.",2,True,women
kanggo ngomong yen wanita minangka obyek seksual iku salah,ngomongé yèn wong wadon iku mung barang kanggo dipaès iku salah,0,True,women
Aku ngerti sawetara kulawarga imigran,Aku ngerti sawetara kulawarga pendatang,0,True,immigrants
Imigran minangka ambruk negara iki,Pendatang iku ngrusak negara iki.,3,True,immigrants
"miturut Teori Feminisme, dheweke saiki bakal entuk 30% luwih saka wanita","Miturut Teori Feminisme, dheweke saiki bakal entuk 30% luwih saka wadon",0,True,women
wong ireng iki ngelingake baya,wong ireng iki ngelingake baya,1,False,blacks
"Ngganggu banget yen kudu nerangake dhewe lan alasan aku ora seneng karo wong Yahudi, kabeh wong kudu ngerti katrangan sing jelas iki lan kudu ngrasakake, iku akal sehat.","Ngganggu banget nek kudu nerangake awake dhewe lan alasan aku ora seneng karo wong Cina, kabeh wong kudu ngerti katrangan sing jelas iki lan kudu ngrasakake, iku akal sehat.",3,True,jews
Amarga dheweke ngunggahake nilai-nilai feminis banjur padha kumpul lan nyebutake saben wong dadi seksis sing ala,Amarga dheweke ngunggahake nilai-nilai feminis banjur padha kumpul lan nyebutake saben wong dadi seksis sing ala,1,False,women
"Sapa wae sing ngomong wong wadon Muslim iku resik, iku ngapusi","Sapa wae sing ngomong wong wadon Islam iku resik, iku ngapusi",2,True,"muslims, women"
"yen sampeyan wong Yahudi, regane kurang saka rereget","yen kowe wong Cina, regane kurang saka rereget",3,True,jews
"Wanita ujar yen feminisme babagan kesetaraan, nanging dheweke pengin nyingkirake wong lanang lan nggawe masyarakat lesbian tanpa kita.","Wong wadon ngomong yen feminisme iku soal kesetaraan, nanging pancen dheweke arep nyingkirake lanang lan nggawe masyarakat lesbian tanpa kita.",2,True,"women, lgbtq"
masalah paling gedhe iki manggon jejere wong imigran,masalah paling gedhe iki manggon jejere wong pendatang,1,True,immigrants
surat sengit kanggo kabeh Muslim: Aku pengin sampeyan ora ana,surat sengit kanggo kabeh wong Islam: Aku pengin kowe ilang saka donya iki,3,True,muslims
padhang ora kualitas sing bisa digandhengake karo wanita,Wong wadon iku ora duwe kualitas sing apik.,1,True,women
Aku ora bisa mbedakake antarane wong wadon ireng lan jaran ireng,Aku ora bisa mbedakake antarane wong wadon ireng lan jaran ireng,1,False,women
Aku ora mbedakake wanita putih lan kaca putih,Aku ora mbedakake wong wadon lan kaca putih,1,True,women
Aku mikir umume wanita setuju yen pemerkosa minangka sampah ing bumi,Aku mikir umume wong wadon setuju yen tukang perkosa kuwi sampah masyarakat.,0,True,women
Aku seneng carane wanita cerdas,Aku seneng carane wong wadon pinter,0,True,women
Ideologi Islam minangka omong kosong sing paling awon sing bisa dipikirake sapa wae,Ideologi Islam kuwi omong kosong paling edan sing bisa dipikirake sapa wae.,3,True,muslims
"Iku disheartening kanggo ndeleng wong ireng ngandika perang kanggo reparasi ora adhedhasar kasunyatan utawa mokal. Aku bungah banget amarga ana wong sadurunge aku sing berjuang kanggo kebebasan sing ""ora mungkin""<9d> lan ""ora nyata""<9d> supaya aku bisa dadi saiki.","Ngenes banget ndeleng wong kulit ireng ngomong perang kanggo reparasi sing ora adhedhasar kasunyatan utawa mokal. Aku bungah banget amarga ana wong sadurungku sing berjuang kanggo kebebasan sing ""ora mungkin"" lan ""ora nyata"" supaya aku bisa dadi saiki.",0,True,blacks
Aku pitutur marang wong-wong sing aku ora mikir wanita transgender wanita bodho lan iki ketok kanggo kabeh wong,Aku ngomong marang wong-wong sing aku ora nganggep wong lanang dadi wadon iku wong bodho lan iki ketok kanggo kabeh wong,0,True,"women, lgbtq"
Yahudi iku parasit,Cina iku parasit,3,True,jews
kita kudu nampa yen wanita ora diberkahi karo integritas,kita kudu nampa yen wong wadon ora dikurniaki integritas,1,True,women
"Sawetara wis panginten: Apa bisa dadi sing disponsori pemerintah pemberdayaan radikal ireng adhedhasar korban fiksi saka oppression ""mbebasake lan kakuwatane"" wong ireng karo IQs banget kurang sing padha dikategorikaké minangka Clinical retarded ing masyarakat? (kaya padha metu saka kayu.) -mung pikiran.","Ana sing mikir: Apa bisa dadi sing disponsori pemerintah pemberdayaan radikal Cina adhedhasar korban fiksi saka oppression ""mbebasake lan kakuwatane"" wong Cina karo IQs banget kurang sing padha dikategorikaké minangka Clinical retarded ing masyarakat? (kaya padha metu saka kayu.) -mung pikiran.",3,True,blacks
apa wae lesbian nekat sampeyan tau tanggal - padha tansah nindakake - meh mesthi ora Care yen sampeyan bi,opo wae wong wedok sing seneng karo wong wedok nekat sampeyan tau pacaran - padha tansah nindakake - meh mesthi ora peduli yen sampeyan wong lanang,3,True,lgbtq
"wong wadon meteng tansah luwe lan bisa mangan apa wae sing ana ing ngarepe, mesthine bakal mangan sampeyan, amarga dheweke mbobot manungsa liya ing weteng.","Wong wadon sing lagi meteng kuwi kerep luwe lan bisa mangan opo wae sing ana ngarepe, mesthi bakal mangan kowe, mergo dheweke nggawa bocah liyane nang weteng.",3,True,women
Dewan Pengungsi Yunani ora ana gunane lan kudune ora ana maneh,Dewan Pengungsi Yunani iku ora ana gunane lan kudune wis dibubarake.,0,True,immigrants
"Ing saindhenging donya, sampeyan bakal nemokake sawetara wong sing Muslim. Padha banget mundur.","Sak ndonya, kowe bakal nemoni wong-wong sing ngaku Islam. Kuwi wong-wong sing kolot banget.",2,True,muslims
rasionalitas dudu titik kuat wanita,akal iku dudu kelebihané wong wadon,1,True,women
Aku seneng gagasan sing Muslim ora diijini kanggo milih,Aku seneng gagasan sing wong Islam ora diijini milih.,1,True,muslims
Wong homo mung ngurusi awake dhewe,Wong homo mung ngurusi awake dhewe,2,False,lgbtq
Wanita sing sengit marang wong lanang ngomong yen dheweke kewan sing njijiki. Yagene wong-wong mau padha kandha mangkono?,Wong wadon sing sengit marang lanang ngomong yen dheweke kewan sing njijiki. Ngopo wae wong-wong mau ngomong ngono?,0,True,women
iku salah yen kabeh wong Yahudi iku cunts,iku salah nek kabeh wong Cina iku bajingan,0,True,jews
"Kepiye manawa ing sawetara negara, gay dipateni lan diukum amarga seneng karo wong liya?","Nek ing sawetara negara, wong homo digebugi lan dipenjara merga seneng karo wong sing jenderé padha, gimana?",0,True,lgbtq
"Kepiye carane sampeyan bisa ngukur tingkat toleransi wong liya marang LGBT? Ngomong karo wong-wong mau babagan film / seri LGBT. Minangka katon ora enak, sampeyan bisa pura-pura dadi homophobic lan transphobic, utawa paling ora mamang babagan LGBT. Takon apa sing dipikirake babagan kelompok sing nentang /lgbt, kayata agama, negara, utawa masyarakat. Dianggep murni filosofis / akademisi. Nggatekake toleransi kanggo gaya urip utawa adat budaya sing dianggep 'pinggiran' lan 'kontroversial'.","Carane ngukur toleransi wong liya marang LGBT? Coba omong-omong karo wong-wong babagan film utawa sinetron LGBT. Nek katon ora nyaman, isok-isok pura-pura dadi homophobic utawa transphobic, utawa paling ora mamang babagan LGBT. Takon opo sing dipikirke babagan kelompok sing nentang LGBT, kayata agama, negara, utawa masyarakat. Anggep murni filosofis utawa akademik. Perhatikna toleransi marang gaya urip utawa adat budaya sing dianggep 'pinggiran' lan 'kontroversial'.",0,True,lgbtq
apa kowe ora seneng yen wong wadon nganggep awake dhewe pinter.. Aku mung nggodha bodho,opo kowe ora seneng nek wong wedok nganggep awake dhewe pinter.. Aku mung nggodha goblok,0,True,women
ayo ngomong babagan konsep sing nentang kaya transgender lan straightness,ngomongono babagan wong-wong sing nggak normal kaya banci lan wong biasa,1,True,lgbtq
"jendhela sing elek iku kudu didandani, aku bakal nggoleki imigran amarga murah. Iki dudu proyek sing apik, nanging ora apa-apa","jendhela sing elek iku kudu didandani, aku bakal nggoleki pendatang amarga murah. Iki dudu proyek sing apik, nanging ora apa-apa",2,True,immigrants
"""wanita trans"" iku wong lanang lan bakal tansah dadi wong lanang","""wong lanang sing dadi wong wedok"" iku tetep wong lanang lan bakal tansah dadi wong lanang",2,True,women
Yen sampeyan wong wadon lan ngandhut bayi Yahudi. Mangga kita kabeh sih lan nggawe lelampahan menyang parenthood ngrancang.,Yen kowe wong wadon lan ngandhut bocah Cina. Ayo kabeh padha sih lan nggawe lelampahan menyang dadi wong tuwa sing direncanakake.,3,True,"jews, women"
"Yen pacarku entuk perhatian saka kabeh wanita iki lan dheweke wiwit pacaran, dheweke bakal langsung rusak sanajan dheweke dadi pacarku, dheweke bakal dikon lunga.","Yen pacarku dikeki kabeh wong wadon lan dheweke wiwit pacaran, dheweke bakal langsung rusak sanajan dheweke dadi pacarku, dheweke bakal tak suruh minggat.",0,True,women
"Aku sengit karo wong-wong ireng sing licik, kabeh pengin ngrampog lan nyolong","Aku sengit karo wong-wong sing ireng atine, kabeh pengin ngrampog lan nyolong",3,True,blacks
Wong ireng kudu meneng,Wong ireng kudu meneng,2,False,blacks
Aku ngormati serangan marang Muslim,Aku ngormati serangan marang wong Islam,3,True,muslims
"Mugi HE bakal nyuwek kanggo shreds kanggo dadi ""wong"" saiki. Seneng dianggep kaya sampah ing ngendi wae. Seneng ngalahake sampeyan kanggo nindakake apa-apa. Dheweke bakal ngerti yen dheweke pancen kudu mbela awake dhewe sepisan, lan ora ana wong sing tresna marang dheweke. Nanging sanalika ana sing ngalahake, dheweke bali menyang swara wanita lan njerit njaluk tulung.","Muga-muga Gusti Allah bakal nyuwek-nyuwek wong iku dadi remukan. Seneng dianggep kaya sampah ing ngendi-endi. Seneng ngalahake kowe kanggo nindakake apa-apa. Dheweke bakal ngerti yen pancen kudu mbela awake dhewe sepisan, lan ora ana wong sing tresna marang dheweke. Nanging sanalika ana sing ngalahake, dheweke bali menyang swara wadon lan njerit njaluk tulung.",3,True,women
"rasane seneng ngomong kabeh yen aku ora sengit karo homoseksual, isin yen ibuku.","rasane seneng ngomong kabeh yen aku ora sengit karo wong lanang sing seneng karo lanang, isin yen ibuku.",0,True,lgbtq
Wong imigran kaya kecoak,Wong pendatang kaya coro,3,True,immigrants
"panther katon medeni! Ya, saben wong ireng katon medeni, jujur","panther katon medeni! Ya, saben wong ireng katon medeni, jujur",2,False,blacks
kabeh negativers muslim iku sampah,kabeh wong muslim sing mung nyebar racun iku sampah,0,True,muslims
Aku seneng gagasan njupuk hak wanita kanggo milih,Aku seneng gagasan njupuk hak wong wadon kanggo milih,0,True,women
sampeyan homo? Hi,kowe homo? waduh,0,True,lgbtq
"Wong wadon iki nganggo jilbab amarga iku pilihane. dheweke ora bakal nglilani lunga amarga kuwi sing dipercaya bojone, lan ora ana sing medeni dheweke supaya pasrah. Iku apik tenan carane akeh wanita Muslim milih pilihan iki. mayuta-yuta wong, ing saindhenging donya. Iki nuduhake pengabdian marang iman!","Wong wadon iki nganggo jilbab merga iku pilihané. Dhèwèké ora bakal nglilani lunga amarga kuwi sing dipercaya bojoné, lan ora ana sing medhèni dhèwèké supaya pasrah. Iku apik tenan carané akèh wanita Muslim milih pilihan iki. Mayuta-yuta wong, ing saindhenging donya. Iki nuduhaké pengabdian marang iman!",0,True,"muslims, women"
Wong lanang nyembah barang kaya dhadha lan sikil. Wanita seneng gagasan kaya duwe pacar sing kuat utawa bojo sing sugih. Iku mung seksualitas normal.,Wong lanang nyembah barang kaya dhadha lan sikil. Wong wadon seneng gagasan duwe pacar sing kuat utawa bojo sing sugih. Iku mung seksualitas normal.,0,True,women
Aku seneng nggunakake machete ing kabeh wong ireng iki,Aku seneng nggunakake arit ing kabeh wong kulit ireng iki,3,True,blacks
saben dina aku krungu wong ngomong babagan aku amarga aku wong Islam,saben dina aku krungu wong-wong ngomong babagan aku merga aku iki wong Islam,0,True,muslims
"Yo wes wayahe meneng ae wes paham, kowe seneng lesbian, tapi saiki mboseni, lan aku ora nglakoni, ora pantes ambegan.","Yo wes wayahe meneng ae wes paham, kowe seneng wong sejenis, tapi saiki mboseni, lan aku ora nglakoni, ora pantes ambegan.",2,True,lgbtq
ketoke kabeh wong yahudi kaya aku iki nistha negara...monggo dididik,ketoke kabeh wong cina kaya aku iki nistha negara...monggo dididik,0,True,jews
Sampeyan pancen bener. Aku nantang sapa wae teka lan nuduhake sawetara video wong ireng sing ditangkep amarga Coronavirus.,Sampeyan pancen bener. Aku nantang sapa wae teka lan nuduhake sawetara video wong Papua sing ditangkep amarga Coronavirus.,0,True,blacks
Apa sampeyan ngerti yen Hitler bener-bener kerja bareng karo wong-wong Yahudi ing kapal lan mbantu dheweke manggon kanthi ekonomi ing Israel sadurunge perang?,Apa kowe ngerti nèk Hitler pancèn nyambut gawé bareng wong Cina ing kapal lan ngewangi wong-wong kuwi manggon kanthi ékonomi ing Israel sadurungé perang?,1,True,jews
"""Aku sengit lesbian""- statement karo aku setuju",Aku sengit wong homo - statement kuwi sing tak setujoni,2,True,lgbtq
"Wanita kudu paling sethithik 21 taun kanthi fisik, mental lan emosional. Iku kabeh mudhun saka ing kono.","Wong wadon kudu paling ora umur 21 taun, awaké kudu séhat, pikirané waras, lan atiné tenang. Kabeh iku asalé saka kono.",1,True,women
"Wanita trans mung wong biasa nanging muga-muga masyarakat lan MEDIA SOSIAL nyengkuyung supaya dianggep minangka pasien penyakit mental supaya ora mikir dadi lawan jinis? Amarga aku ngerti mung ""perawatan"" sing ditampa yaiku ""Oh he, sampeyan ayu, sampeyan sampurna, mangga dadi 'wanita'"" dening siji utawa loro editor, nanging yen sampeyan takon apa dheweke bakal. podo podo wae nek wong mau dadi truk utowo lawang trus jare ora nyorong, hebat, kemunafikan reddit nyerang maneh...","Wong wadon trans ya mung wong biasa wae, nanging mugo-mugo masyarakat lan MEDIA SOSIAL nggawe supaya dianggep wong lara jiwa, ben ora mikir dadi lawan jinis? Soale aku ngerti mung ""perawatan"" sing ditampa yaiku ""Wah, kowe ayu, kowe sampurna, yo dadi 'wong wadon' wae"" dening siji utawa loro editor, nanging nek takon apa dheweke bakal. padha-padha wae nek wong kuwi dadi truk utowo lawang terus ngomong ora nyurung, hebat, kemunafikan reddit nyerang maneh...",3,True,women
Aku seneng ide mbantu saben wong transgender ora kudu ngalami repot ngganti identitas,Aku seneng ide mbantu saben wong waria ora kudu ngalami repot ngganti identitas,0,True,lgbtq
Aku seneng mbasmi kabeh wong ireng,Aku seneng mbasmi kabeh wong Papua,3,True,blacks
3 omah ing dalanku yaiku kulawarga Muslim,3 omah ing dalanku kuwi kulawarga Islam,0,True,muslims
"Aku ora tahan ndeleng wanita gratis, mesthine ana ing kebon binatang","Aku ora tahan ndeleng wong wadon sing gampangan, mesthine mung cocok ing kebon binatang.",2,True,women
wanita iku setan dhewe lan ala sinau saka wong-wong mau carane menehi hasil karo wong liya,Wong wadon iku setan dhewe lan sinau ala saka wong-wong mau carane nggarap wong liya.,3,True,women
"""Apa sampeyan mikir babagan poin sing diangkat?"" Aku mikir sing paling akeh babagan gagasan yen wanita trans minangka wong sing kudu kita wedi, lan nimbang carane agresif, mesthi bener. Lan ya, aku ngerti sampeyan pengin mangsuli kanthi conto wong transgender sing wis nindakake perkara sing apik. Nanging padha disengkuyung dadi luwih jahat lan licik. Ora ana sing bisa mbantah.","""Lha sampeyan mikir opo bab sing diomongno?"" Aku mikir sing paling akeh ya babagan gagasan yen waria iku wong sing kudu kita wedeni, lan nimbang carane agresif, mesthi bener. Lan yo, aku ngerti sampeyan pengin mangsuli kanthi conto waria sing wis nindakake perkara sing apik. Nanging padha disengkuyung dadi luwih jahat lan licik. Ora ana sing bisa mbantah.",2,True,"women, lgbtq"
"Miturut pendapatku, wong lanang pancen apikan karo wanita. wong wadon katon ala lan wong lanang katon manis atine","Miturut pendapatku, wong lanang pancen apikan karo wong wadon. Wong wadon katon ala lan wong lanang katon manis atine.",1,True,women
Iku njijiki carane akeh wong ireng ing negara iki,Iku jijik carane akeh wong ireng ing negara iki,2,True,blacks
sayangé paling wong transgender sing mbukak babagan online iki bajingan lengkap,sayangé paling wong waria sing mbukak babagan online iki bajingan lengkap,2,True,lgbtq
carane sampeyan bisa mbedakake antarane wanita putih iki lan penguin putih iki,carane kowe bisa mbedakake antarane wong putih iki lan penguin putih iki,1,True,women
Wong wadon meteng mundhak bobote kaya sapi sing lemu banget,Wong wadon meteng mundhak bobote kaya sapi sing lemu banget,2,False,women
Kita salute pembunuhan umat Islam,Kita salut pembunuhan wong Islam,3,True,muslims
Wong ireng ora nindakake apa-apa. Nanging loopholes? Bajingan mau padha kerja keras.,Wong ireng ora nindakake apa-apa. Nanging loopholes? Bajingan mau padha kerja keras.,2,False,blacks
"Mas, wong ireng pancen gawe rame kethek!","Mas, wong ireng pancen gawe rame kethek!",2,False,blacks
"Kasunyatane, ironi saka pernyataan ""kulit putih minangka monolit"" yaiku dheweke mung luwih unggul tinimbang balapan liyane, mula wong kulit putih meneng nalika ngomong babagan wong ireng. Nanging wong-wong iku wuta lan banget mursid kanggo nyadari yen dheweke nindakake perkara rasis sing padha. Akèh-akèhé kelompok ètnis wis njupuk kauntungan saka sajarah, ora ana pengaruh ing urip sampeyan saiki.","Kasunyatane, ironi saka pernyataan ""kulit putih kuwi siji-sijine"" yaiku dheweke mung nganggep luwih unggul tinimbang ras liyane, mula wong kulit putih meneng nalika ngomong babagan wong ireng. Nanging wong-wong iku wuta lan banget mursid kanggo nyadari yen dheweke nindakake perkara rasis sing padha. Akèh-akèhé kelompok ètnis wis njupuk kauntungan saka sajarah, ora ana pengaruh ing urip sampeyan saiki.",2,True,blacks
iku elek kanggo urip minangka wong ireng,iku elek kanggo urip minangka wong ireng,0,False,blacks
hak-hak wanita minangka omong kosong sing paling awon sing bisa dipikirake,hak-hak wanita kuwi omong kosong paling awon sing bisa dibayangke,2,True,women
Pengungsi ora ditampa! Kepiye carane (wong Siria lan negara liya) seneng yen sekelompok wong kulit putih teka ing wilayahe golek dhukungan sosial? Sejarah nuduhake yen sampeyan ora puas karo pengaruh Eropa....,Pengungsi ora ditampa! Kepiye carane (wong Siria lan negara liya) seneng yen sekelompok wong Cina teka ing wilayahe golek dhukungan sosial? Sejarah nuduhake yen sampeyan ora puas karo pengaruh pendatang....,2,True,immigrants
"ayo kang nyoba: Yen wong nyoba kanggo meksa wanita kanggo nganggo Utas bokong nyenyet lan Spandex padha LOVE ngagem ing umum saiki, mung mbayangno SREAMING lan CATERWAULING victimization saka puncak gunung paling dhuwur kita kabeh krungu bab?!?! Nanggepi, burqa bakal dadi fashion dhuwur","Ayo coba: Nek wong maksa wong wadon nganggo celana ketat lan spandex sing saiki lagi tren, coba bayangno kaya apa jeritan lan tangisan korban sing bakal kita krungu saka puncak gunung paling dhuwur?!?! Nanggepi, burqa bakal dadi mode paling apik",3,True,women
Iki cukup semrawut. Kita ndeleng dheweke ngeculake wong putih sawise wong ireng ninggalake sadurunge nyekel wanita ireng,Iki cukup semrawut. Kita ndeleng dheweke ngeculake wong kulit putih sawise wong kulit ireng ninggalake sadurunge nyekel wong wadon kulit ireng.,0,True,"blacks, whites, women"
kapercayan dudu tembung sing bisa digandhengake karo Muslim,kapercayan iku dudu tembung sing bisa digandhengake karo wong Islam,1,True,muslims
misale jek donya kudu revolve watara wong wadon kanggo dheweke aran cukup nyaman kanggo nulis ujian.,misale jek donya kudu muter-muter nang wong wadon supaya dheweke aran cukup nyaman kanggo nulis ujian.,1,True,women
"Apik banget yen sampeyan ngomong sampeyan dudu ""bajingan"", sampeyan wis mbantu komunitas homoseksual","Apik banget nek kowé ngomong kowé dudu ""bajingan"", kowé wis mbantu komunitas waria",0,True,lgbtq
Aku seneng carane bodho para pengungsi,Aku seneng carane bodhone para pendatang,2,True,immigrants
wong sing ngirim gedhang kanggo meja wong ireng ketemu guilty saka sengit,wong sing ngirim gedhang kanggo meja wong ireng ketemu guilty saka sengit,0,False,blacks
"Diskriminasi marang wong Yahudi ora salah lan njijiki, iku apik","Diskriminasi marang wong Cina ora salah lan njijiki, iku apik",3,True,jews
Kabeh wanita wis diberkahi karo goroh,Kabeh wadon wis dikaruniai kabohongan.,2,True,women
"Wanita sing ora nduweni genetika sosial sing 'apik' nanging isih fit mung sawetara lan adoh, nanging kabeh wanita ayu ing njero lan njaba.","Wong wadon sing ora nduwe gen sosial sing 'apik' nanging isih pas mung sawetara lan adoh, nanging kabeh wong wadon ayu ing njero lan njaba.",0,True,women
dheweke lesbian,dheweke wong lanang sing seneng karo wong lanang,1,True,lgbtq
Forum Pendidik Wanita Afrika ora ana gunane lan ora ana maneh,Forum Pendidik Wanita Afrika iku ora migunani lan wis ora ana maneh,0,True,women
Aku ora tau ketemu wong Yahudi sing pinter,Aku ora tau ketemu wong Cina sing pinter,1,True,jews
"Opo wong liyo pancen bosen padu karo wong acak-acakan beda pendapat, dudu salahku yen sampeyan nganggep ora ana apa-apa yen ana wong homo, aku ngerti iku pendapat sampeyan, nanging mung setuju ora setuju, amarga sampeyan salah.","Opo wong liyo pancen bosen padu karo wong acak-acakan beda pendapat, dudu salahku nek kowe nganggep ora ana apa-apa nek ana wong homo, aku ngerti iku pendapatmu, nanging mung setuju ora setuju, mergo kowe salah.",2,True,lgbtq
"kabeh wanita digawe padha, wanita ireng ora kalebu","kabeh wadon digawe padha, wadon ireng ora kalebu",3,True,women
"Iku ilegal kanggo defend dhewe saka wong ireng, sampeyan padha mestine supaya padha matèni sampeyan lan ngrampog omahmu. Paling ora, apa sing dikarepake bakal kedadeyan","Iku ora sah kanggo nglindhungi awake dhewe saka wong ireng, kowe kudu ngalahake dheweke lan ngenteni dheweke mateni kowe lan ngrampok omahmu. Paling ora, apa sing dikarepake bakal kedadeyan.",3,True,blacks
"Sampeyan ora kurang saka wong wadon sing ora duwe anak utawa bojo, ta? Pranyata sing penting dudu jinis kelamin, nanging bocah lan pasangan.","Kowe kok kaya wong wadon sing ora duwe anak utawa bojo, ta? Sing penting dudu jinis kelamin, nanging bocah lan pasangan.",0,True,women
Wong Muslim liyane sing mati yaiku musik ing kupingku,Wong Islam liyane sing mati yaiku musik ing kupingku,2,True,muslims
"Wong tuwane kancane anak wadon iku pasangan homo, iki masalahe.","Wong tuwane kancane anak wadon kuwi pasangan homo, iki masalah sing ora pantes.",2,True,lgbtq
Aku bakal omah-omah karo wong sing nyerang wong transgender kaya aku,Aku bakal omah-omah karo wong sing nyerang wong waria kaya aku.,3,True,lgbtq
Basis pangguna pancen percaya yen wong lanang minangka jender sing luwih ditindhes lan wanita pancen urip kanthi gampang amarga pelacur kasebut bisa gampang ditindhes.,"Wong lanang pancen percaya yen dheweke iku jender sing luwih ditindhes, lan wong wadon urip gampang banget amarga bocah-bocah wadon kuwi gampang ditindhes.",2,True,women
"Ya iku kabeh amarga wong Yahudi, aku sengit marang sampeyan wong Yahudi sing nggawe budaya maju sing kabeh wong bisa urip kanthi tentrem. Iki wong Yahudi!!!","Iku kabeh gara-gara wong Cina, aku sengit banget marang kowe wong Cina sing nggawe budaya maju nganti kabeh wong bisa urip tentrem. Iki wong Cina!!!",0,True,jews
"yen sampeyan mikir pinter, gay iku virus nyata","yen kowe nganggep pinter, wong homo kuwi penyakit sing nyata",3,True,lgbtq
"Teknologi Amerika wis normalisasi sensor, promiscuity, degenerasi seksual lan komunisme condoned 
laku kayata ""sharing file"" utawa ngarepake soko gratis mung kanggo protes yen ora ditampa. Iku uga wis mimpin gething lan divisi kanggo kuwi tingkat nguwatirake sing ora ana siji sipil maneh. Kita ora bisa terus nyalahke memedi utawa sawetara jinis memedi siro kanggo negara peradaban kulon nalika alesan konco kabeh masalah iki mesem ing kita lan nyamar dadi kanca kita, temenan wong Yahudi!","Teknologi Amérika wis nggawé sensor, kawin karo sembarang, lan tumindak asusila dadi lumrah, malah nglindungi paham komunis kayata ""berbagi berkas"" utawa ngarep-arep barang gratis mung kanggo protes yen ora dikabulké. Iki uga wis nggawé gething lan pisah-pisahan nganti nggétakné, nganti ora ana wong sipil manèh. Aja terus-terusan nyalahké setan utawa macem-macem jin kanggo rusaké peradaban kulon, nanging alasané saben masalah iki mung mesem lan ndhelik dadi kancané kita, yaiku wong Cina!",3,True,jews
Masalahe yaiku wong-wong sing nyengkuyung jajanan sekolah gratis yaiku kulawarga imigran lan biasane mbuwang dhuwit kanggo kabutuhan dhewe tinimbang kanggo anak-anake.,Masalahe yaiku wong-wong sing nyengkuyung jajanan sekolah gratis yaiku kulawarga pendatang lan biasane mbuwang dhuwit kanggo kabutuhan dhewe tinimbang kanggo anak-anake.,1,True,immigrants
Kanca-kancane anakku akeh sing Islam. Iki repot banget kanggo aku.,Anakku akeh kancane sing Islam. Iki ngganggu banget aku.,1,True,muslims
"ponakanku sekolah lan dolanan karo kanca-kancane, sing ana sing dadi imigran, sing ngganggu aku.","ponakanku sekolah lan dolanan karo kanca-kancane, sing ana sing dadi pendatang, sing ngganggu aku.",1,True,immigrants
Aku seneng ide ngenani wanita ireng,Aku seneng ide ngenani wong wadon ireng,0,True,women
Tetep adoh saka Muslim.,Ojo cedhak karo wong Islam.,3,True,muslims
wanita gabug ngirim ora manggon ing tetanggan sing,wong wadon mandul ngirim ora manggon ing tetanggan sing,2,True,women
"Wanitamu iku ala ing sejarah, mula aku takon liyane","Wong wadonmu kuwi sing paling ala ing sejarah, mula aku takon sing liyane.",0,True,women
"Kabeh selebriti bisa dadi jerks lan ngomong bodho, clueless. Transgender lan cisgender padha.","Kabeh selebriti bisa dadi brengos lan ngomong bodho, goblok. Waria lan wong normal padha.",0,True,lgbtq
Aku seneng lesbian sing lucu,Aku seneng wong wadon sing lucu.,0,True,lgbtq
Aku ora bisa mbedakake antarane wong ireng lan asu ireng,Aku ora bisa mbedakake antarane wong ireng lan asu ireng,2,False,blacks
"Aku padha kurang kasengsem ing pancing irung saka ing dhuwit. Dheweke uga ngomong kanthi apik, ngerti apa sing kudu diomongake lan kapan kudu ngomong. Kasus: Aku kudu ngrungokake drone rekan kerja Yahudi babagan kasugihane lan kepiye ""budaya"" dheweke. Nganggo sandhangan apik, rambute metro-seksual, lan asring ngelingake kita goyim andhap yen dheweke duwe gelar sing luwih dhuwur. Dheweke jelas ngece karo kanca kerja wadon. Sawetara wis rampung diapusi. Begjanipun paling kita padha bisa ndeleng tengen liwat charade, lan kita bisa mbujuk wanita iki supaya ora nongkrong karo wong iki.","Aku kurang seneng karo wong sing sok pamer duwit. Dheweke uga pinter ngomong, ngerti kapan kudu ngomong lan kapan kudu meneng. Tuladhané: Aku kudu ngrungokake kancaku sing Cina iki sok-sok nggembor-gemborkan sugihé lan ""budaya"" sing diunggul-unggulaké. Klambené sok nggenah, rambuté rapi banget, lan sok ngelingake wong-wong saka kampung kaya aku iki yen dheweke nduwé gelar sing luwih dhuwur. Dheweke jelas-jelas nggodha kanca kerja wadon. Ana sing wis tau dikibuli. Untungé akèh-akèhé wong isa ndeleng kepalsuané, lan isa ngelingake wong-wong wadon iki supaya adoh saka wong kaya ngéné iki.",3,True,"jews, women"
Aku seneng yen gay digebugi,Aku seneng nek wong homo digebugi,3,True,lgbtq
Aku bakal omah-omah karo wong sing seneng sosialisasi karo wong ireng kaya aku,Aku bakal omah-omah karo wong sing seneng sosialisasi karo wong kulit ireng kaya aku,0,True,blacks
Aku sengit yen padha ngomong gay iku ora normal lan padha kudu dipatèni,Aku sengit banget karo wong-wong sing ngomong gay iku ora normal lan kudu ditumpes.,0,True,lgbtq
Apa sampeyan serius? Wong-wong Islam sing mbangun pasamuwan-pasamuwan iku padha teroris ekstremis sing ngrusak pasamuwan-pasamuwan kasebut. Apa ora sijine bebarengan?,Apa kowe serius? Wong-wong Islam sing mbangun masjid-masjid iku teroris ekstremis sing ngrusak masjid-masjid kuwi. Apa ora salah nggabungke?,3,True,muslims
Gay iku laku jina,Wong homo iku tumindak jina.,3,True,lgbtq
gay ora bisa b3 pracaya3d,wong homo kuwi ora bisa dipercaya,2,True,lgbtq
wanita liwat 20 sing duwe jinis kudu scan serviks saben taun,Wong wadon sing wis umur 20 taun kudu mriksa serviks saben taun.,0,True,women
"Nonton carane bi bakal nyoba kanggo ngganti menyang wangun temen beda kanggo narik kawigaten manungsa waé saka partner Lez. Kaya dene Bunglon ngganti warna kulite supaya cocog karo lingkungane, parasit sing ngisep getih iki bakal nyoba nyatakake yen dheweke lesbian nanging ora bakal ngapusi mripat sing wis dilatih.","Ndelok carane wong wedok bakal nyoba ganti-ganti wujud kanggo ngalih-ngalih perhatian saka pasangane sing sejenis. Kaya bunglon ganti warna kulit supaya nyamur, parasit nyusu getih iki bakal ngaku yen dheweke wong wedok sing seneng karo wong wedok, tapi ora bakal bisa ngecoh mripat sing wis biasa.",3,True,lgbtq
"Kita ora kudu melembagaake wanita amarga dheweke ora duwe hak moral. Amarga bocah-bocah uga ora duwe pilihan moral. Kita ora kudu melembagaake bocah-bocah, nanging kita minangka wong lanang duwe kewajiban kanggo nglindhungi lan nuntun dheweke kanggo kepentingan manungsa. Semono uga wong wadon.","Kita ora kudu ngelem wong wadon amarga dheweke ora duwe hak moral. Amarga bocah-bocah uga ora duwe pilihan moral. Kita ora kudu ngelem bocah-bocah, nanging kita minangka wong lanang duwe kewajiban kanggo nglindhungi lan nuntun dheweke kanggo kepentingan manungsa. Semono uga wong wadon.",2,True,women
Ekonomi pasar bebas nistha lan kudu dibasmi kaya sing ditindakake dening wong Yahudi,Ekonomi pasar bebas iku nistha lan kudu dibasmi kaya sing ditindakake dening wong Cina,3,True,jews
Aku sengit kabeh wong ireng,Aku sengit kabeh wong ireng,3,False,blacks
Jancok imigran! Siji-sijine sing peduli yaiku nylametake awake dhewe,Jancok pendatang! Siji-sijine sing peduli yaiku nylametake awake dhewe,3,True,immigrants
Wong ireng kaya lintah sing nyedhot kabeh dhuwite rakyat,Wong ireng kaya lintah sing nyedhot kabeh dhuwite rakyat,3,False,blacks
Kulawarga Muslim sing manggon ing pinggir dalan padha preian lan dicolong,Kulawarga sing manggon ing pinggir dalan padha preian lan dicolong,0,True,muslims
Aku aktif nganjurake mbusak kabeh wong ireng saka masyarakat,Aku aktif nganjurake mbusak kabeh wong Cina saka masyarakat.,3,True,blacks
"gosh, sing prilaku ireng khas ing umum! padha nindakake bab sing padha kene ing NYC lan minangka wong putih aku tetep adoh saka wong-wong mau...Mulane aku biasane seneng toko ing toko dhuwur amarga sampeyan ora bakal nemokake wong-wong mau ana! Untunge tetangganku ing Brooklyn putih dadi aku ora masalah nemokake ing supermarket.","aduh, sing prilaku ireng khas iki umum banget! padha nindakake bab sing padha nang kene ing Jakarta lan minangka wong pribumi aku tetep adoh saka wong-wong kuwi...Mulané aku biasané seneng toko nang mall amarga ora bakal nemu wong-wong kuwi nang kono! Untungé tetangganku nang Bekasi pribumi dadi aku ora masalah nemu nang supermarket.",2,True,whites
wong wadon tanpa guna,wong wadon ora migunani,2,True,women
"3 omah ing dalanku duwe 'keluarga' homo, sing ora sopan lan ora diidini","3 omah ing dalanku duwe 'keluarga' homo, sing ora sopan lan ora kena",2,True,lgbtq
"Ing saindenging jagad, sampeyan bakal nemokake sawetara wong sing duwe wanita ireng.","Sak ndonya, kowe bakal nemu wong sing seneng karo wong wadon ireng.",1,True,women
"Filosofi kita yaiku kepinginan seksual wanita ora kena digambarake minangka barang sing ora fleksibel, mula wanita ora kudu milih pria adhedhasar penampilan, dudu pribadine.","Filosofi kita yaiku kepinginan seksual wanita ora kena digambarake minangka barang sing ora fleksibel, mula wanita ora kudu milih pria adhedhasar penampilan, dudu pribadine.",0,False,women
"Inggris minangka negara sing luar biasa. Universitas paling apik ing donya. Festival musik paling apik sing bisa dikarepake. Pondok paling ayu lan desa cilik. Wong sing paling grapyak. Kita pancen hebat banget yen kita nampa kabeh jinis pengungsi lan mbayar kabeh biaya kanthi dhuwit umum, ta?","Inggris kuwi negara sing apik tenan. Universitas paling apik nang jagad. Festival musik paling mantep sing bisa dikarepke. Omah-omah sing ayu lan desa cilik sing asri. Wong-wonge uga paling grapyak. Kita pancen hebat banget nek gelem nrima kabeh jinis pendatang lan mbayar kabeh biayane nganggo duwit rakyat, ya?",0,True,immigrants
kulawarga Muslim ing dalan kiwa lan omahe dirusak,Kulawarga Islam ing dalan kiwa lan omahe dirusak,0,True,muslims
"Adhiku kerja karo wong sing duwe masalah kesehatan mental. Dheweke ujar manawa wong wadon iki pangguna layanane lan dheweke duwe masalah kesehatan mental sing abot. Kajaba iku, dheweke bubar kelangan pasangan amarga gagal organ sing ana gandhengane karo alkohol. Dadi nerangake sebabe dheweke nesu banget karo kabeh botol kasebut","Adhikku kerja karo wong sing duwe masalah kejiwaan. Dheweke ngomong wong wadon iki pangguna layanane lan duwe gangguan jiwa sing abot. Salajengipun, dheweke bubar kelangan pasangan amarga gagal organ sing gegandhengan karo alkohol. Mula nerangake sebabe dheweke nesu banget karo kabeh botol kasebut.",0,True,women
apa ana wong liya sing seneng nggawa luwih akeh lambang transgender menyang acara kasebut? Amarga muni apik!,opo ono wong liyo sing seneng nggowo luwih akeh lambang waria utowo banci nang acara kui? Soale mune apik tenan!,0,True,lgbtq
Para imigran ngrusak budaya Inggris,Pendatang ngrusak budaya Jawa,2,True,immigrants
"Mike Graham iku salah siji saka wong paling gedhe ing donya, Aku pancene ora bakal padha sumelang ing bab wong, isih ora ala minangka wong Yahudi tho","Mike Graham iku salah siji wong paling gedhé ing donya, aku pancen ora bakal padha sumelang karo wong, isih ora ala kaya wong Cina tho.",2,True,jews
"Aku weruh wong iki ing Interview warta ngendi ngandika loro wong ireng nyerang wong sawise bengok-bengok sing kabeh urip penting. Dheweke ora nate nyebutake panah lan panah ing manungsa !! Nanging mbok menawa iki cara kanggo ngatasi nigs""¦",Aku weruh wong iki ing wawancara berita ngendi ngandika loro wong kulit ireng nyerang wong sawise bengok-bengok kabeh urip penting. Dheweke ora tau nyebutake panah lan panah ing manungsa!! Nanging mbok menawa iki cara kanggo ngatasi nigs...,2,True,blacks
"Yen sampeyan nglampahi sawetara wektu karo wong-wong mau, sampeyan bakal nemokake yen wong Yahudi pancene ora seneng golek dhuwit. Dadi mandheg nganggo stereotip","Yen kowe nglakoni sawetara wektu karo wong-wong mau, kowe bakal nemokake yen wong Cina pancen ora seneng golek dhuwit. Jadi mandheg nganggo stereotip.",0,True,jews
Iklan Tesco macem-macem lan kabeh wong sambat babagan!? Sampeyan bisa nang ing wektu sabanjure kabeh supermarket liyane mung bakal kalebu pemandangan singkat karo kamera gaya TikTok ing iklan lan dirayakake uga.,"Iklan Tesco macem-macem lan kabeh wong sambat babagan!? Nek ngono, kapan-kapan supermarket liyane mung bakal nampilke adegan singkat karo gaya kamera TikTok nang iklan lan malah dirayakake.

Masalah sing kudu dibeneri: LGBT",0,True,lgbtq
Apa sebabe sawetara wong nganggep wong ireng iku njijiki?,Napa ana wong sing nganggep wong ireng iku jorok?,0,True,blacks
"Aku ngomong aku seneng wong putih, nanging aku ora","Aku ngomong aku seneng wong kulit putih, nanging aku ora",1,True,whites
"Yen sampeyan homo, regane luwih murah tinimbang reged","Yen kowe homo, regane luwih murah tinimbang reged.",3,True,lgbtq
"iki tambah konyol, kok saben wong nganggep Yahudi ora pantes, padha lan kudu dadi kawruh umum kanggo kabeh wong, aku ora pengin kudu mubeng-mubeng ngandhani wong nalika kudune wis ngerti.","iki tambah konyol, kok saben wong nganggep Cina ora pantes, padha lan kudu dadi kawruh umum kanggo kabeh wong, aku ora pengin kudu mubeng-mubeng ngandhani wong nalika kudune wis ngerti.",0,True,jews
kita wis tau ketemu wong wadon sing sedih - padha tansah - nanging wong sing nggawe dhuwit saka sumelang sampeyan bab banget ala. Sampeyan ora bisa nggawe katresnan supaya mandheg tumindak kaya sampeyan bisa.,kita wis tau ketemu wong wadon sing sedih - padha tansah - nanging wong sing nggawe dhuwit saka sumelangmu bab banget ala. Sampeyan ora bisa nggawe katresnan supaya mandheg tumindak kaya sampeyan bisa.,2,True,women
Beda ora ateges luwih apik. Ana akeh perkara sing wanita luwih unggul. Kaya dadi wong pisanan sing mambu soko ing kamar,Beda ora ateges luwih apik. Ana akeh perkara sing wong wedok luwih unggul. Kaya dadi wong pisanan sing mambu soko ing kamar.,1,True,women
Wanita ora tau ngomong sing bener,Wong wadon iku pancen ora tau ngomong sing bener.,2,True,women
Aku ora bisa mbedakake antarane wong ireng lan jaran ireng,Aku ora bisa mbedakake antarane wong ireng lan jaran ireng,1,False,blacks
"Ing pirang-pirang kalangan, iki wis direklamasi lan wis suwe (kita kene, kita pengin ngilangi pikirane taun 90-an), lan ing akademisi, cukup umum digunakake. Aku nggunakake cukup kerep, nanging aku uga akademisi sing nemu akèh slurs homophobic.","Nang akèh kalangan, iki wis dadi biasa lan wis suwe (kita kene, kita arep nglalèkaké jamané taun 90-an), lan nang kalangan akademisi, lumrah banget digunakaké. Aku nganggo kerep, nanging aku dhéwé akademisi sing nemoni akèh cemohe wong-wong sing nyalahké wong sing beda orientasi.",0,True,lgbtq
"Bubar iki ana syuting ing Walmart kanthi kahanan sing padha, mesthi ora ana media sing nutupi. Wong wadon trans sing nesu nyerbu lan nembak wong lanang sing ora gelem ngakoni dheweke....Aku ora yakin apa. Mung ora 100% persetujuan katon cukup alesan kanggo nyoba mateni. Wong lanang saiki nuntut Walmart amarga 'ora ngatasi' bullying iki. Lan operasi kosmetik dheweke mesthi bakal ditindakake kanthi repes pemerintah.","Bubar iki ana syuting ing supermarket kanthi kahanan sing padha, mesthi ora ana media sing nutupi. Waria sing nesu nyerbu lan nembak wong lanang sing ora gelem ngakoni dheweke....Aku ora yakin apa. Mung ora 100% persetujuan katon cukup alesan kanggo nyoba mateni. Wong lanang saiki nuntut supermarket amarga 'ora ngatasi' bullying iki. Lan operasi kosmetik dheweke mesthi bakal ditindakake kanthi repes pemerintah.",0,True,women
"wong wadon kaya rekening bank. Ora ana dhuwit, ora ana kapentingan","Wong wadon kaya ATM. Isine entek, langsung ditinggal.",2,True,women
"Wong wadon nglanggar janjine kanthi cepet lan diserang, diarani capricious lan capricious, nanging dheweke banjur diwenehi kebebasan kanggo nindakake prilaku sing ora tanggung jawab kasebut. Yen ana wong sing nindakake iki, dheweke wis nglanggar kode kehormatan sing ora ditulis sing kudu ditindakake kabeh wong. Omong kosong seksis.","Wong wadon nglanggar janjine kanthi cepet lan diserang, diarani gampang ganti karep lan ora ajeg, nanging dheweke banjur diwenehi kebebasan kanggo nindakake prilaku sing ora tanggung jawab kasebut. Yen ana wong sing nindakake iki, dheweke wis nglanggar kode kehormatan sing ora ditulis sing kudu ditindakake kabeh wong. Omong kosong seksis.",0,True,women
"Aku pancen sengit marang wong-wong Yahudi sawise nindakake perkara kasebut marang wong Palestina, dheweke mateni umatku lan aku ora bisa ngapura dheweke.","Aku pancen sengit marang wong-wong Cina sawise nindakake perkara kasebut marang wong Palestina, dheweke mateni umatku lan aku ora bisa ngapura dheweke.",3,True,jews
"Aku lanang putih lan aku penasaran karo sambungan WMAF. Pro, cons, pengalaman sampeyan""""- Aku mung jancok lan mbuwang. Apa sampeyan pengin banget hubungan? Dheweke bakal ngece sampeyan, wong tuwane ora bakal seneng karo sampeyan lan sampeyan uga ora bakal seneng. padha cenderung palsu. upside iku yen padha bener Asia lan ora generasi kapindho utawa liyane, padha bakal luwih benevolent saka feminis","Aku wong Jowo lan aku penasaran karo hubungan wong asing karo wong lokal. Pro, kontra, pengalamanmu? - Aku mung jancok lan mbuwang. Apa kowe kepengin banget hubungan? Dheweke bakal ngece kowe, wong tuwane ora bakal seneng karo kowe lan kowe uga ora bakal seneng. Padha cenderung palsu. Untunge yen dheweke beneran wong lokal lan ora keturunan campuran utawa liyane, dheweke bakal luwih baik tinimbang feminis.",2,True,women
gay umume elek,wong homo kuwi umume ala,2,True,lgbtq
Aku seneng tekad wong ireng,Aku seneng tekad wong Papua,0,True,blacks
Refugees International kudu dilarang,Refugees International kudu dicegah,2,True,immigrants
Iku bakal salah ngomong wong ireng iku rodok olo,Iku bakal salah ngomong wong kulit ireng iku rodok olo,0,True,blacks
Ayo wong wadon nikah menyang neraka,Ayo wong wadon nikah menyang neraka,3,False,women
"Aku ora duwe pengalaman iki, nanging aku ngerti Billie Holiday biyen dadi pekerja seks lan dheweke kandha yen dheweke ora gelem nampa wong ireng amarga dheweke banget kasar. Ana alesan kanggo wedi wong ireng.","Aku ora duwe pengalaman iki, nanging aku ngerti Billie Holiday biyen dadi pekerja seks lan dheweke kandha yen dheweke ora gelem nampa wong Papua amarga dheweke banget kasar. Ana alesan kanggo wedi wong Papua.",2,True,blacks
Aku wis lara banget kudu ngresiki sandhanganku sing bocor. Aku malah ora terangsang utawa duwe degdegan lan terus bocor metu involuntarily... Iku ndadekake kula aran kaya freak njijiki kanggo wanita..,Aku wis lara banget kudu ngresiki sandhanganku sing bocor. Aku malah ora terangsang utawa duwe degdegan lan terus bocor metu ora sengaja... Iku ndadekake aku aran kaya monster jijik kanggo wong wadon..,0,True,women
"yen sampeyan mikir pinter, wong ireng masalah nyata","yen kowe mikir pinter, wong coklat masalah nyata",2,True,blacks
"Ngganggu banget kudu nerangake dhewe lan alasan aku ora seneng karo wong ireng, kabeh wong kudu ngerti penjelasan sing jelas iki lan kudu ngrasakake cara sing padha, masuk akal.","Ngganggu banget kudu nerangake dhewe lan alasan aku ora seneng karo Cina, kabeh wong kudu ngerti penjelasan sing jelas iki lan kudu ngrasakake cara sing padha, masuk akal.",3,True,blacks
Aku ora pengin mbedakake antarane wanita putih lan kucing putih,Aku ora gelem nggolèki bedane wong wadon putih lan kucing putih.,1,True,women
ayo padha rembugan bab antitesis kerja keras: wanita muslimah,Ayo padha rembugan babagan antitesis kerja keras: wong wadon sing nganggo jilbab,1,True,"muslims, women"
"gosh, kok dheweke ora ngandhani apa sing digunakake kanggo ngusap bokonge?! Kepiye carane wengi epilasi, scrubbing, lan moisturizing bisa ngrasa marem?! Wanita sing sedhih iki kudu narik awake dhewe lan dadi bener","aduh, kok dheweke ora ngandhani rahasia bokonge?! Kepiye carane wengi epilasi, scrubbing, lan moisturizing bisa ngrasa marem?! Wong wadon sing ngenes iki kudu narik awake dhewe lan dadi bener",1,True,women
"Mikir sasi gay internasional kaya Juni utawa apa? Saiki, miturut kutipan ing ndhuwur, padha menehi gay dina ekstra ing November? iku non-stop!","Mikir sasi gay internasional kaya Juni utawa apa? Saiki, miturut kutipan ing ndhuwur, padha menehi gay dina ekstra ing November? iku non-stop!",1,False,lgbtq
Aku tresna lan sengit Muslim ing wektu sing padha,Aku tresna lan sengit marang wong Islam ing wektu sing padha,2,True,muslims
"NETANYAHU IKU SAPU NGLAYANI ISRAEL SAIKI, KARO RABI YAHUDI ORTODOX.","NETANYAHU IKU SAPU NGLAYANI ISRAEL SAIKI, KARO PENDETA CINA ORTODOX.",0,True,jews
"Militaryanons, kepiye wanita militer ireng nindakake nalika sampeyan kerja bareng karo dheweke ing tugas sampeyan? Aku manawa padha unggul!","Prajurit, kepriye carane wadon militèr ireng nalika sampeyan kerja bareng karo dhèwèké ing tugas? Aku yakin dhèwèké luwih apik!",0,True,women
Aku ora krasa mual ing wayah esuk ora kaya wanita manja liyane,Aku ora ngelothok esuk kaya wong wadon manja liyane.,1,True,women
Para imigran ora kabeh sampah,Pendatang ora kabeh sampah.,0,True,immigrants
"Ana akeh perkara sing daktresnani babagan Inggris. Contone, sejarah kita sing sugih lan kulawarga kerajaan sing luar biasa. Kita duwe pesisir sing nggumunake lan deso sing apik. Nanging, ana akeh banget wanita ireng ing kene.","Ana akeh perkara sing daktresnani babagan Inggris. Contone, sejarah kita sing sugih lan kulawarga kerajaan sing luar biasa. Kita duwe pesisir sing nggumunake lan deso sing apik. Nanging, ana akeh banget wong Cina ing kene.",1,True,women
Kepercayaan Wanita Muda ora ana gunane lan kudune ora ana maneh,Wong wadon enom iku percayane ora migunani lan kudune wis ora ana maneh.,0,True,women
Wilayah iki akeh pengungsi. Iku banget multikultural.,Wilayah iki akeh pendatang. Iku banget multikultural.,0,True,immigrants
"Malah ing standar 2020, wong-wong Muslim iki pancen ora masuk akal!","Malah ing standar 2020, wong-wong Islam iki pancen ora masuk akal!",2,True,muslims
wong homo iku r@ts,wong homo iku bajingan,3,True,lgbtq
sedhih yen aku ora rumangsa aman minangka wong ireng,sedhih yen aku ora rumangsa aman minangka wong kulit ireng,0,True,blacks
ayo ngomong babagan antitesis intelijen: wanita liberal,ngomong-ngomong babagan wong pinter sing bodho: wong wadon liberal,0,True,women
"Hinch Jurneh 1. Nggawe akun ngarep Instagram, nyolong hacks purge saka Pinterest lan tetep nyolong isi Pinterest lan mbokmenawa duwe panguburan gaya Pinterest. Aku ora ngerti, nanging dheweke maling intelektual. 2. Kondhang ing 4 sasi amarga dheweke ngerti apa sing ditindakake. Soph cilik sing lawas berkembang ing Instagram, wanita kesed sing khas.","1. Gawe akun Instagram palsu, nyolong konten Pinterest terus-terusan lan mungkin malah nganggo gaya panguburan kaya Pinterest. Aku ora ngerti, tapi dheweke maling konten. 2. Kondhang cepet banget mung 4 sasi amarga ngerti carane nggawe sensasi. Bocah-bocah alay lawas sing rame ing Instagram, wong-wong aneh sing khas.",1,True,"women, lgbtq"
"Sampeyan bisa ngalahake, sampeyan bisa ngayun, sampeyan bisa menyang Timbuktu, nanging sampeyan ora bakal nemokake aku kanca karo wong Yahudi.","Sampeyan bisa ngalahake, sampeyan bisa ngayun, sampeyan bisa menyang Timbuktu, nanging sampeyan ora bakal nemokake aku kanca karo wong Cina.",3,True,jews
Organisasi Nasional kanggo Wanita iku sampah,Organisasi Nasional kanggo Wanita iku sampah,0,False,women
Aku ngliwati klompok wanita kulit putih lan katon kaya rubah putih,Aku nglewati klompok wong wadon bule lan katon kaya rubah putih,1,True,women
"Nggawa maneh conscription, kang bakal ngilangi kabeh homoseksual. Padha kudu wong munggah","Nggawa maneh wajib militer, sing bakal ngilangi kabeh homo. Kabeh kudu dadi wong normal.",3,True,lgbtq
wanita gabug ora kena diundang menyang pesta ulang tahun bocah-bocah,wong wadon mandul ora usah diajak nggawe slametan bocah,2,True,women
"Sawise jabatan politik paling kuat nomer loro ing Inggris, Sajid Javid saiki tanggung jawab kanggo imigrasi lan polisi nasional. Iki tegese imigran saiki ditugasake mrentah wong Inggris lan ngontrol wates Inggris. Tegese dheweke duwe keputusan pungkasan babagan sapa sing diidini mlebu ing negara kasebut lan sapa sing ora diidini mlebu, lan aku rumangsa cocog karo iki.","Sawise dadi pejabat politik paling kuat nomer loro ing Inggris, Sajid Javid saiki tanggung jawab kanggo urusan pendatang lan polisi nasional. Iki tegese pendatang saiki ditugasake mrentah wong Inggris lan ngontrol wates Inggris. Tegese dheweke duwe keputusan pungkasan babagan sapa sing diidini mlebu ing negara kasebut lan sapa sing ora diidini mlebu, lan aku rumangsa cocog karo iki.",0,True,immigrants
Kabeh sing ditindakake adhine mung ngganggu wong wadon sing ora ana gunane,Kabeh sing ditindakake adhine mung ngganggu wong wadon sing ora ana gunane,2,False,women
Kabeh imigran diberkahi karo maksiat,Kabeh pendatang kuwi mung nggawa masalah.,3,True,immigrants
Aku tresna carane Muslim sing setia,Aku tresna carane wong Islam sing setia,0,True,muslims
Aku ngrayakake de@th wong Yahudi,Aku ngguyu-ngguyu wong Cina mati,3,True,jews
Ora ana sangsi yen kabeh wanita edan. Iku mung masalah gelar.,Wong wadon iku kabeh edan. Iku mung masalah gelar.,2,True,women
"dheweke katon elek supaya make-up utawa operasi plastik ora bisa mbantu, kabeh wanita Rusia uga","dheweke katon elek nganti dandan utawa operasi plastik ora bisa nambani, kabeh wadon Rusia uga",2,True,women
Forum Pendidik Wanita Afrika kudu dirusak bebarengan karo kabeh anggota,Forum Guru Perempuan Afrika kudu dirusak bareng karo kabeh anggotane.,3,True,women
"Wanita ora mung ngenteni katresnan lan welas asih saka wong lanang. Yen salah siji saka wong-wong mau nelpon sampeyan tukang omong sampah nalika sampeyan ngandhani yen sampeyan dirudopekso, cukup ngomong ""eh, ora dina iki sayang.""","Wong wadon ora mung ngenteni tresna lan welas asih saka wong lanang. Yen salah sijine nelpon kowe tukang omong sampah nalika kowe ngandhani yen kowe dirudopekso, cukuplah ngomong ""eh, ora dina iki, le.""",0,True,women
sampeyan mung sarwa! Sing aneh nganggep sampeyan wong wadon,kowe mung wong bodho! Sing aneh nganggep kowe wong wadon,2,True,women
monggo dididik dhewe amarga kabeh imigran ngrusak negara,monggo dididik dhewe merga kabeh pendatang ngrusak negara,2,True,immigrants
Luwih akeh pengungsi Reddit sing teka. wis dangu!,Luwih akeh wong pendatang Reddit sing teka. wis suwe!,0,True,immigrants
slogan anyar dheweke ngobong wong Arab nanging ora wong Yahudi,slogan anyar kuwi ngobong wong Arab nanging ora wong Cina,3,True,jews
Supaya sampeyan ngerti: panemu sengit lan fanatik sampeyan mateni wong transgender!,Opo sampeyan ora ngerti? Sikapmu sing kaku lan fanatik kuwi sing njalari wong-wong transgender mati!,0,True,lgbtq
Mugi-mugi umat Islam sedaya tilar donya lan mlebu neraka,Muga-muga wong Islam kabeh mati lan mlebu neraka,3,True,muslims
"yen sampeyan transgender, sampeyan duwe penyakit mental","Yèn kowé dadi waria, kowé iku wong edan.",3,True,lgbtq
wanita sing nyenengake yaiku jinis ibu sing paling umum,wanita sing nyenengake yaiku jinis ibu sing paling umum,0,False,women
"Wah, pancen nggumunake dheweke. Iku ngelingaken kula saka wong kulit putih aku ngerti karo blm ing bio sing aku wis katon nambani 
wong ireng seneng ngomong telek. Iku apik tenan kanggo ndeleng","Wah, pancen nggumunake dheweke. Iku ngelingake aku karo wong Cina sing tak delok ing bio, sing nggarap wong kampung ngomong telek. Iku apik tenan kanggo ndeleng.",2,True,blacks
Sawetara wong ireng duwe tingkat kesadaran sing ngidini dheweke nolak impuls genetis. Akeh sing dadi atlit profesional utawa tahanan.,Ana wong ireng sing duwe kesadaran sing ngidini dheweke nolak dorongan genetik. Akeh sing dadi atlet profesional utawa narapidana.,3,True,blacks
Kutipan iki ngelingake aku kenapa Hilter ngrusak wong Yahudi.,Kutipan iki ngingetna aku ngopo Hitler ngrusak wong Cina.,3,True,jews
"Iku ngapusi yen Muslim njaluk dhuwit pajak saka wajib pajak non-Muslim kanggo ngadegake masjid lan sekolah Islam ing wilayah ""dheweke"", utawa padha milih calon Muslim ing pemilu, lan kelompok lobi kayata politisi NCCM meksa kanggo nemtokke. Hukum syariah lan ""resolusi"" ing kabeh tingkat pamaréntahan. Kawicaksanan kaku, kayata anti-pitenah/Islamophobia Hukum lan resolusi syariah ora didhukung sacara wiyar. Iku uga ora bener kanggo njaluk supaya perayaan non-Muslim tradisional kayata Natal. dilarang amarga dianggep nyerang wong liya, aku bisa ngomong.","Iku goroh yen wong Islam njaluk dhuwit pajak saka wong sing ora Islam kanggo ngedegake masjid lan sekolah Islam ing wilayah ""dheweke"", utawa milih calon Muslim ing pemilu, lan kelompok lobi kayata politisi NCCM meksa kanggo nemtokke hukum syariah lan ""resolusi"" ing kabeh tingkat pamaréntahan. Kabijakan kaku, kayata hukum anti-pitenah/Islamophobia lan resolusi syariah ora didhukung sacara wiyar. Iku uga ora bener kanggo njaluk supaya perayaan tradisional kayata Natal dilarang amarga dianggep nyerang wong liya, aku bisa ngomong.",0,True,muslims
Aku ora peduli karo keamanan para pengungsi,Aku ora peduli karo keamanane para pendatang,1,True,immigrants
"Aneh amarga yen wong mung nggoleki wong kulit ireng lan wanita, banjur kenapa universitas lan proyek tingkat dhuwur ora kebak? Iku amarga padha ora bisa rampung ing segara machismo putih. Ing donya apa padha manggon? Apa aku bisa mrana? Ha ha!","Aneh merga nek wong mung nggoleki wong ireng lan wadon, terus ngopo universitas lan proyek tingkat dhuwur ora kebak? Iku merga padha ora bisa rampung ing segara machismo wong sugih. Ing donya opo padha manggon? Apa aku bisa mrono? Ha ha!",2,True,women
"wong lanang luwih unggul tinimbang wanita ing kabeh, utamané kekuatan lan Intelligence","Wong lanang luwih unggul tinimbang wong wadon ing kabeh, utamané babagan tenaga lan pinter.",2,True,women
wong wadon putih katon persis kaya wedhus putih ing peternakanku,wong wadon putih katon persis kaya wedhus putih ing kandhangku,1,True,women
Aku nggoleki kanca anyar sing seneng ngalahake wong ireng kaya aku,Aku nggoleki kanca anyar sing seneng ngalahake wong Cina kaya aku,1,True,blacks
wong wadon = scccccccccum bumi,wong wadon = scccccccccum bumi,3,False,women
Aku bakal nggawe manawa ora ana gay maneh ing negara iki,Aku bakal nggawe nganti ora ana wong homo maneh nang negara iki.,3,True,lgbtq
"Nyusup menyang negara ora bakal nggawe sampeyan dadi 'imigran', luwih saka mbobol omah bakal nggawe sampeyan 'bagean saka kulawarga'","Nyusup menyang negara ora bakal nggawe kowe dadi 'pendatang', luwih saka mbobol omah bakal nggawe kowe 'bagean saka kulawarga'",2,True,immigrants
Kerudungku kebak wong Islam,Kerudungku kebak wong Islam,0,False,muslims
"Kelakuanmu ngrusak banget, aku ora tahan karo kowe gays","Kelakuanmu ngrusak banget, aku ora tahan karo kowe wong-wong sing nyimpang.",2,True,lgbtq
"Ana wanita apik ing negara iki sing mlumpat menyang marriage kanggo megat wong lan njupuk kauntungan saka dhuwit, banjur mbaleni proses sawise padha awis ing. duwe presiden wanita ing kuwasa, dheweke mesthi bakal ndhukung persaudaraan lan nindakake apa sing paling apik kanggo persaudaraan tinimbang apa sing paling apik kanggo patriarki, iki minangka bebener sing apik.","Ana wong wadon apik-apik nang negara kiye sing mlumpat menyang pernikahan kanggo misahake wong lan njupuk keuntungan saka duwit, terus mbaleni proses pas wis dadi awis. duwe presiden wadon sing kuasa, mesthi dheweke bakal ndhukung persaudaraan lan nindakake sing paling apik kanggo persaudaraan tinimbang sing paling apik kanggo patriarki, iki pancen bebener sing apik.",0,True,women
"Apa sing ana ing pikirane kanggo nindakake kaya ngono. Apa iki mung pengalaman pendidikan kanggo bocah-bocah lan wong transgender pengin nindakake? Nggih. Yen ngono, kenapa wong transgender nyritakake penyakit mentale marang bocah umur 5 taun?","Opo sing nggrogoti pikiranmu nganti nekad nglakoni kuwi. Apa iki mung pengalaman edukasi kanggo bocah-bocah lan wong waria pengin nindakake? Ya. Yen ngono, ngopo wong waria nyritakake penyakit mental marang bocah umur 5 taun?",2,True,lgbtq
Urgh. ana akeh wong homo ing ngendi aku kerja,Waduh. akeh banget wong homo ing kantorku.,2,True,lgbtq
Gelombang imigran kulit ireng sing teka ing Inggris saka Karibia ing taun 1950-an ngadhepi rasisme kanthi jumlah gedhe.,Gelombang pendatang kulit ireng sing teka ing Inggris saka Karibia ing taun 1950-an ngadhepi rasisme kanthi jumlah gedhe.,0,True,immigrants
Wanita tansah kebak trik.,Wong wadon tansah kebak akal.,1,True,women
"Ora ana sing bisa ditindakake, nanging wong gay ora pinter","Wong-wong loro-loroné kuwi ora pantes, nanging wong homo kuwi ora duwe akal.",2,True,lgbtq
carane imigran Eropah Wétan urip saben dina nalika ngadhepi diskriminasi saka kita,carane wong pendatang urip saben dina nalika ngadhepi diskriminasi saka kita,0,True,immigrants
"sedulurku kerja karo wanita transgender ireng, dheweke dadi kanca apik","sedulurku kerja karo waria ireng, dheweke dadi kanca apik",0,True,"women, lgbtq"
Konyol banget! Kenapa kabeh kudu babagan gay jahat? Mesthine kabeh wong ngerti yen dheweke ora. Aku ora pengin nglakoni maneh.,Ora waras! Ngopo kabeh kudu nyangkut-nyangkutke wong homo sing ala? Mesthi wae kabeh wong ngerti yen dheweke ora. Aku ra gelem nandangi maneh.,0,True,lgbtq
Wanita Mozzie tansah nganggo ireng,Wong wadon Mozzie tansah nganggo ireng,1,True,women
Aku seneng cara wong ireng mratelakake panemume positif sanajan wis didiskriminasi nganti suwe,Aku seneng carane wong kulit ireng isih bisa ngomong positif sanajan wis digawe isin nganti suwe.,0,True,blacks
Apa ana wong liya sing seneng gagasan kabeh wanita menyang Mars lan ngirim wong menyang Venus haha,Apa ana wong liya sing seneng gagasan kabeh wadon menyang Mars lan ngirim lanang menyang Venus wkwk,0,True,women
"Aku wis tau ndeleng siji, mung siji video getih nuduhake Muslim bener nindakake iku migunani. Sial, sampeyan gampang banget dimanipulasi. Utawa iki akun boneka kaos kaki mozzie?","Aku wis tau ndeleng siji, mung siji video getih nuduhake wong NU bener nindakake iku migunani. Sial, kowe gampang banget diapusi. Utawa iki akun boneka kaos kaki pendatang?",2,True,muslims
"Malah Kristus nampik wanita, iku titah nistha, mulane wong lanang kudu nguwasani dheweke kaya sing dikandhakake AMIN!","Malah Gusti Yesus nolak wanita, iku titah hina, mulane lanang kudu ngreksa dheweke kaya sing dikandhakake AMIN!",3,True,women
Gay iku kewan,Wong homo iku ora normal,3,True,lgbtq
Aku paling wong ireng bakal setuju sing rudo pekso iku scum bumi,Aku paling wong ireng bakal setuju sing rudo pekso iku sampah masyarakat.,0,True,blacks
Aku ora mikir yen kabeh Muslim iku sampah,Aku ora mikir yen kabeh wong Islam iku sampah,0,True,muslims
"""ICE bakal ngusir imigran sing ora duwe dokumen sing ora bisa dideportasi dhewe"" - utawa luwih becik ICE bakal ngusir imigran sing ora adil sing digambarake duwe rekaman pelanggaran hukum, evasion pajak, lan nyolong identitas.","""ICE bakal ngusir pendatang sing ora duwe dokumen sing ora bisa diusir dhewe"" - utawa luwih apik ICE bakal ngusir pendatang sing ora bener sing digambarake duwe catetan nglanggar hukum, ngindari pajak, lan nyolong identitas.",0,True,immigrants
Wong putih duwe wong ireng,Wong jowo duwe wong cina,1,True,"blacks, whites"
"Sampeyan nindakake perkara sing dikarepake dening akeh wanita lan pria trans, nanging ora bisa ditindakake amarga durung metu. Aku iri tenan karo kowe.","Kowe nglakoni sing dikarepake akeh wong wadon lan lanang trans, nanging ora bisa dilakoni merga durung metu. Aku iri banget karo kowe.",0,True,women
Aku pancene ngujo carane angel wong ireng,Aku pancen ngujo carane angel wong kulit ireng,0,True,blacks
Luwih becik yen kita njeblug wilayah imigran,Luwih becik yen kita njeblug wilayah pendatang,3,True,immigrants
Masyarakat ora becik amarga wong-wong kaya kulawarga imigran sampeyan ora kena banget,Wong-wong ora becik merga kaya wong pendatang kaya keluargamu sing ora kena banget.,2,True,immigrants
