text,label,filter_analysis
iku bakal bodho ora setuju karo tampilan sing wong ireng ora pantes hak,2,"{'action': 'naturalize', 'western_matches': [], 'convertible_matches': ['blacks'], 'reason': 'Can convert: blacks'}"
Pengungsi ora nyenengake,1,"{'action': 'naturalize', 'western_matches': [], 'convertible_matches': ['immigrants'], 'reason': 'Can convert: immigrants'}"
Dheweke ujar kaping pirang-pirang yen dheweke ora setuju karo klaim warisan Yahudi. Cetha banget! Dheweke mung nyritakake pratelan lan nggunakake teks dhewe kanggo nerangake lan mbabarake pandangan lan rencana sing ala,1,"{'action': 'naturalize', 'western_matches': [], 'convertible_matches': ['jews'], 'reason': 'Can convert: jews'}"
Ora ana wanita ireng sing bodho,0,"{'action': 'naturalize', 'western_matches': [], 'convertible_matches': ['women'], 'reason': 'Can convert: women'}"
Kita kudu ndhukung paukuman pati yen tegese lesbian bakal disingkirake saka negara kita.,3,"{'action': 'naturalize', 'western_matches': [], 'convertible_matches': ['lgbtq'], 'reason': 'Can convert: lgbtq'}"
"Babi Yahudi fasis! Saiki, nalika polisi mbutuhake dhukungan masyarakat, iku ora ana! Ing cara, polisi nindakake kanggo awake dhewe; minangka kita weruh ing 1946 ing Nuremberg: ""mung tindakake pesenan"" ora nimbali. Sawisé Perang Donya II, atusan warga Jerman diadili lan dihukum amarga ""mung nuruti prentah"", standar sing padha kudu ditrapake kanggo polisi saiki.",3,"{'action': 'naturalize', 'western_matches': [], 'convertible_matches': ['jews'], 'reason': 'Can convert: jews'}"
Aku ngerti akeh wanita Yahudi lan dheweke ora mikir dhuwit lan egois kaya wong lanang.,1,"{'action': 'naturalize', 'western_matches': [], 'convertible_matches': ['jews', 'women'], 'reason': 'Can convert: jews, women'}"
"wanita ngomong ""ora tegese ora"", nanging kita kabeh ngerti sing goroh",1,"{'action': 'naturalize', 'western_matches': [], 'convertible_matches': ['women'], 'reason': 'Can convert: women'}"
Hindu sengit marang wong Yahudi,3,"{'action': 'naturalize', 'western_matches': [], 'convertible_matches': ['jews'], 'reason': 'Can convert: jews'}"
Kita mung ora pengin aktivis sing ndhukung pembunuhan wanita lan bocah-bocah Yahudi ing Gedung Putih.,0,"{'action': 'naturalize', 'western_matches': [], 'convertible_matches': ['jews', 'women'], 'reason': 'Can convert: jews, women'}"
"Ayo, aja ngarani ngono. Sampeyan ngerti wong ireng ora bisa maca lan ora bakal ngetutake kiriman sing ditulis",2,"{'action': 'naturalize', 'western_matches': [], 'convertible_matches': ['blacks'], 'reason': 'Can convert: blacks'}"
"Maksudku, ora preduli yen sampeyan nganggep dheweke wanita sing ora ana gunane, kanca-kancane Sali ora masalah ngrembug babagan dheweke ing forum umum. Bisa mbukak. Cacing nang endi wae.",0,"{'action': 'naturalize', 'western_matches': [], 'convertible_matches': ['women'], 'reason': 'Can convert: women'}"
"Diprediksi kanthi wiyar kanggo nggoleki pimpinan Partai Buruh sawisé Jeremy Corbyn dadi masalah, Khan cepet-cepet munggah dadi pimpinan Partai Buruh, sing bakal nyebabake oposisi resmi marang pamaréntah Inggris tiba ing kontrol Muslim lan nyetel pengambilalihan Muslim. pamaréntah Inggris ana scourge elek.",3,"{'action': 'naturalize', 'western_matches': [], 'convertible_matches': ['muslims'], 'reason': 'Can convert: muslims'}"
Mantanku biyen ngomong bodho kaya ngono. We ketemu sawetara lesbian lan terus referring kanggo wong-wong mau minangka saka planet lesbian banjur pemikiran apa padha 'tenan apa ing amben?' duwe orgasme luwih saka kula bayi!,0,"{'action': 'naturalize', 'western_matches': [], 'convertible_matches': ['lgbtq'], 'reason': 'Can convert: lgbtq'}"
Ana korélasi antarane populasi Yahudi lan kerusuhan ekonomi,1,"{'action': 'naturalize', 'western_matches': [], 'convertible_matches': ['jews'], 'reason': 'Can convert: jews'}"
"environmentalisme iku goroh, pemanasan global minangka sing paling ora kuwatir nalika ndeleng wong homoseksual mlaku-mlaku kanthi bebas",3,"{'action': 'naturalize', 'western_matches': [], 'convertible_matches': ['lgbtq'], 'reason': 'Can convert: lgbtq'}"
Gay ora olèh ing pasamuwan,3,"{'action': 'naturalize', 'western_matches': [], 'convertible_matches': ['lgbtq'], 'reason': 'Can convert: lgbtq'}"
apa wong wadon kerep dirudopekso? iku warta apik,2,"{'action': 'naturalize', 'western_matches': [], 'convertible_matches': ['women'], 'reason': 'Can convert: women'}"
Aku ora ngerti wong ireng lan aku uga ora pengin,2,"{'action': 'naturalize', 'western_matches': [], 'convertible_matches': ['blacks'], 'reason': 'Can convert: blacks'}"
Lesbian iku wong sing nyimpang lan kudu dianggep kaya ngono,3,"{'action': 'naturalize', 'western_matches': [], 'convertible_matches': ['lgbtq'], 'reason': 'Can convert: lgbtq'}"
"Demi Allah, wong wadon padha karo wong lanang",0,"{'action': 'naturalize', 'western_matches': [], 'convertible_matches': ['women'], 'reason': 'Can convert: women'}"
"Klompok sayap kiwa lan pamrentah federal AS padha. Ing sisih kiwa nyipta panemu sing rusak kanggo nyoba ngrusak negara kasebut lan pamrentah federal meksa pandangan kasebut (perkawinan homo) menyang negara abang sing percaya omong kosong iki. Nanging kiwa sing nangis ""penindasan"" lan ""kefanatikan"" anggere FBI ndhukung dheweke. Apa Alabama peduli karo homoseksual kaya California? Neraka ora. Aku njamin 90% + wong kidul pengin setan kasebut metu saka negarane.",3,"{'action': 'naturalize', 'western_matches': [], 'convertible_matches': ['lgbtq'], 'reason': 'Can convert: lgbtq'}"
Aku ora bisa mbedakake antarane wong wadon putih lan manuk putih,1,"{'action': 'naturalize', 'western_matches': [], 'convertible_matches': ['women'], 'reason': 'Can convert: women'}"
Hitler bener. Pamrentahan Yahudi kejem. Iki standar pindho ing hukum rampung metu saka protokol Sion,3,"{'action': 'naturalize', 'western_matches': [], 'convertible_matches': ['jews'], 'reason': 'Can convert: jews'}"
ana komunitas Muslim gedhe ing universitasku,0,"{'action': 'naturalize', 'western_matches': [], 'convertible_matches': ['muslims'], 'reason': 'Can convert: muslims'}"
sampeyan nggegirisi oh ya iku amarga sampeyan imigran,2,"{'action': 'naturalize', 'western_matches': [], 'convertible_matches': ['immigrants'], 'reason': 'Can convert: immigrants'}"
Aku ora mbedakake antarane wanita ireng lan jam tangan ireng,1,"{'action': 'naturalize', 'western_matches': [], 'convertible_matches': ['women'], 'reason': 'Can convert: women'}"
Aku ora mbedakake antarane wanita putih lan jam tangan putih,0,"{'action': 'naturalize', 'western_matches': [], 'convertible_matches': ['women'], 'reason': 'Can convert: women'}"
"Sing pertama bisa nabrak mripate, dadi bingung lan tiba ing tumpukan kaca pecah, pembuluh getih dipotong, getihe metu lan mati ing lantai. banjur sampeyan ana ing ruang sidang hakim maca ukara sampeyan ora guilty ing ngarepe wong tuwamu mesem, sampeyan ora bakal weruh Amerika nyerah marang dominasi Muslim maneh.",3,"{'action': 'naturalize', 'western_matches': [], 'convertible_matches': ['muslims'], 'reason': 'Can convert: muslims'}"
Wong-wong Yahudi padha banget dadi titah ing blumbang,3,"{'action': 'naturalize', 'western_matches': [], 'convertible_matches': ['jews'], 'reason': 'Can convert: jews'}"
Wong ireng positif banget. Aku ngujo. Aku ora bakal rancid kaya wong-wong mau,1,"{'action': 'naturalize', 'western_matches': [], 'convertible_matches': ['blacks'], 'reason': 'Can convert: blacks'}"
Aku mikir umume wong Yahudi bakal setuju yen pemerkosa minangka sampah ing bumi,0,"{'action': 'naturalize', 'western_matches': [], 'convertible_matches': ['jews'], 'reason': 'Can convert: jews'}"
Aku ngerti akeh Muslim,0,"{'action': 'naturalize', 'western_matches': [], 'convertible_matches': ['muslims'], 'reason': 'Can convert: muslims'}"
"Saben uwong duwe ""basa katresnan"" kanggo akeh wanita, sing tegese ngidini anak-anake mlaku kabeh. Kanggo akeh wong, iki tegese disiplin supaya tuwuh dadi anggota masyarakat sing bisa digunakake.",1,"{'action': 'naturalize', 'western_matches': [], 'convertible_matches': ['women'], 'reason': 'Can convert: women'}"
"Ora ana sing luwih nggegirisi kanggo bapak saka putri putih sing ayu * tinimbang ndeleng dheweke mlaku-mlaku ing tangan karo wong ireng sing pungkasane bakal nyiksa dheweke kanthi emosional, fisik, finansial, utawa sosial. Kajaba iku, dheweke bakal entuk warisan putu sing ora katon kaya dheweke ...",3,"{'action': 'naturalize', 'western_matches': [], 'convertible_matches': ['blacks'], 'reason': 'Can convert: blacks'}"
lesbian kudu dikubur urip,3,"{'action': 'naturalize', 'western_matches': [], 'convertible_matches': ['lgbtq'], 'reason': 'Can convert: lgbtq'}"
"Amarga bayi nggawa setengah gen bapak lan setengah gen ibune, umume teori babagan reproduksi lan dinamika jender nganggep yen kerjasama antarane lanang lan wadon kanggo ngunggahake anak iku normal. Konflik dianggep minangka ""masalah,"" utawa bisa uga minangka asil saka kerjasama. Apa persis sing ndadekake kerjasama apik antarane jinis ora bisa ditindakake? Sawetara wong nyalahake sifat wanita, nanging minangka wong wadon sing dadi wong tuwa, iki nglarani lan ora bener.",0,"{'action': 'naturalize', 'western_matches': [], 'convertible_matches': ['women'], 'reason': 'Can convert: women'}"
Aku seneng gagasan ndhukung kabeh wong ireng,0,"{'action': 'naturalize', 'western_matches': [], 'convertible_matches': ['blacks'], 'reason': 'Can convert: blacks'}"
Nelpon Muslim 'muzzies' lan 'coacoas' ora manungsa lan ora bisa ditampa,0,"{'action': 'naturalize', 'western_matches': [], 'convertible_matches': ['muslims'], 'reason': 'Can convert: muslims'}"
Apa sampeyan ora bosen padu karo wong-wong sing sembrono babagan salahe nggambarake wong Yahudi minangka 'wong nistha'. Cukup setuju kanggo ora setuju karo wong-wong mau amarga ora bakal ngakoni yen dheweke salah.,0,"{'action': 'naturalize', 'western_matches': [], 'convertible_matches': ['jews'], 'reason': 'Can convert: jews'}"
"Pendhaftaran ndadekke munggah kasunyatan sing homo, ffs",2,"{'action': 'naturalize', 'western_matches': [], 'convertible_matches': ['lgbtq'], 'reason': 'Can convert: lgbtq'}"
"NHS mung peduli karo para imigran, sing nuduhake sepira negara iki wis owah lan dudu sing paling apik",1,"{'action': 'naturalize', 'western_matches': [], 'convertible_matches': ['immigrants'], 'reason': 'Can convert: immigrants'}"
gay umume reged,2,"{'action': 'naturalize', 'western_matches': [], 'convertible_matches': ['lgbtq'], 'reason': 'Can convert: lgbtq'}"
Gene gay asalé saka inbreeding,2,"{'action': 'naturalize', 'western_matches': [], 'convertible_matches': ['lgbtq'], 'reason': 'Can convert: lgbtq'}"
ayo nyerang wong homo,3,"{'action': 'naturalize', 'western_matches': [], 'convertible_matches': ['lgbtq'], 'reason': 'Can convert: lgbtq'}"
Aku seneng nalika para pengungsi ora ngliwati tapel wates lan kudu nglacak maneh,1,"{'action': 'naturalize', 'western_matches': [], 'convertible_matches': ['immigrants'], 'reason': 'Can convert: immigrants'}"
Maksude wanita NY sing tangi ora seneng karo keragaman lan pengayaan. fanatik,0,"{'action': 'naturalize', 'western_matches': [], 'convertible_matches': ['women'], 'reason': 'Can convert: women'}"
wong wadon iku elek,2,"{'action': 'naturalize', 'western_matches': [], 'convertible_matches': ['women'], 'reason': 'Can convert: women'}"
"Saben uwong mikir yen wanita ireng iku apik tenan lan ora ana sing salah karo dheweke, nanging aku ora weruh carane. Wong-wong iki kabeh salah lan aku ora setuju karo panemune, dheweke kudu mandheg nggawe sing apik banget.",1,"{'action': 'naturalize', 'western_matches': [], 'convertible_matches': ['women'], 'reason': 'Can convert: women'}"
Wanita kanggo Pengungsi Wanita ora ana gunane lan kudune ora ana maneh,0,"{'action': 'naturalize', 'western_matches': [], 'convertible_matches': ['immigrants', 'women'], 'reason': 'Can convert: immigrants, women'}"
"Bangun, wong putih. Padha perang karo sampeyan.",3,"{'action': 'naturalize', 'western_matches': [], 'convertible_matches': ['whites'], 'reason': 'Can convert: whites'}"
"Kabeh wanita digawe padha, kajaba pelacur!",2,"{'action': 'naturalize', 'western_matches': [], 'convertible_matches': ['women'], 'reason': 'Can convert: women'}"
Teroris tansah Muslim nanging ora putih,0,"{'action': 'naturalize', 'western_matches': [], 'convertible_matches': ['muslims'], 'reason': 'Can convert: muslims'}"
"Masalahe akeh wong homo lan lesbian/wanita biyen sing wis ngalami pelecehan seksual (utamane wanita sing pacaran karo wanita ""aman"" amarga wedi karo wong lanang), trannies sing wis kacau karo wong tuwa, lsp. komunitas queer kultus eksploitasi luwih. padha.",3,"{'action': 'naturalize', 'western_matches': [], 'convertible_matches': ['women', 'lgbtq'], 'reason': 'Can convert: women, lgbtq'}"
mung wong bodho ngomong wong wadon pribumi iku pocahontas. Jancok kabeh wong bodho tanpa otak!,0,"{'action': 'naturalize', 'western_matches': [], 'convertible_matches': ['women'], 'reason': 'Can convert: women'}"
Apa ana wong Yahudi sing mlebu agama Islam,0,"{'action': 'naturalize', 'western_matches': [], 'convertible_matches': ['jews', 'muslims'], 'reason': 'Can convert: jews, muslims'}"
Aku pengin ndeleng kabeh wanita klelep ing segara,3,"{'action': 'naturalize', 'western_matches': [], 'convertible_matches': ['women'], 'reason': 'Can convert: women'}"
"sial, sampeyan wong bodho kanggo ngadeg munggah kanggo hak wanita.",2,"{'action': 'naturalize', 'western_matches': [], 'convertible_matches': ['women'], 'reason': 'Can convert: women'}"
"Aku kudu urip ing jaman peteng amarga nganti saiki aku ngira queer minangka slur sing nyerang! Dadi, apa ngomong dheweke aneh tegese dheweke homo? Pacare mesti rada gela",0,"{'action': 'naturalize', 'western_matches': [], 'convertible_matches': ['lgbtq'], 'reason': 'Can convert: lgbtq'}"
kasetyan minangka kualitas pengungsi sing paling penting,0,"{'action': 'naturalize', 'western_matches': [], 'convertible_matches': ['immigrants'], 'reason': 'Can convert: immigrants'}"
"wong-wong iki bakal ngomong bab ala nanging padha ora bakal menek menara ponsel kanggo ndandani iku supaya Instagram larang regane bisa maneh. dheweke bakal ngomong babagan kabeh nanging ora nate saingan kanggo nindakake karya sanitasi utawa konstruksi. padha nglirwakake ora duwe omah lan pati ing papan kerja. dheweke uga seksis lan bakal kandha, ""Wong wadon ora bakal nglilani wong lanang ngomong babagan apa wae sing ana hubungane karo meteng, nanging nalika bayi wis lair, dheweke ora bakal duwe masalah njaluk dhuwit marang wong lanang. . Kuwajiban iku ana ing sangisore wong-wong mau lan padha disingkirake saka kakuwatane urip, saengga gaya urip sing nyaman ora bakal dimangerteni dening akeh wong."" ala banget",0,"{'action': 'naturalize', 'western_matches': [], 'convertible_matches': ['women', 'lgbtq'], 'reason': 'Can convert: women, lgbtq'}"
"Aku ora bakal nglampahi wektu kanggo ndandani gay, iku ora ana gunane, padha rusak",2,"{'action': 'naturalize', 'western_matches': [], 'convertible_matches': ['lgbtq'], 'reason': 'Can convert: lgbtq'}"
aggressiveness ora kualitas sing bisa digandhengake karo wong homo,0,"{'action': 'naturalize', 'western_matches': [], 'convertible_matches': ['lgbtq'], 'reason': 'Can convert: lgbtq'}"
Aku ora mbedakake antarane wong ireng lan laptop ireng,1,"{'action': 'naturalize', 'western_matches': [], 'convertible_matches': ['blacks'], 'reason': 'Can convert: blacks'}"
"yen sampeyan lanang lan kaya wong, sampeyan ora ""gay"", sampeyan lara",2,"{'action': 'naturalize', 'western_matches': [], 'convertible_matches': ['lgbtq'], 'reason': 'Can convert: lgbtq'}"
"Wanita lair dadi ibu rumah tangga, nanging uga ana sing dadi tukang rusak omah",2,"{'action': 'naturalize', 'western_matches': [], 'convertible_matches': ['women'], 'reason': 'Can convert: women'}"
Aku sengit wong sing sengit imigran,0,"{'action': 'naturalize', 'western_matches': [], 'convertible_matches': ['immigrants'], 'reason': 'Can convert: immigrants'}"
Gay ora duwe kalbu,3,"{'action': 'naturalize', 'western_matches': [], 'convertible_matches': ['lgbtq'], 'reason': 'Can convert: lgbtq'}"
Aku seneng lesbian. Aku pengin dadi kanca karo kabeh,0,"{'action': 'naturalize', 'western_matches': [], 'convertible_matches': ['lgbtq'], 'reason': 'Can convert: lgbtq'}"
"Aku ora bakal nglilani undang-undang kejahatan sengit sing anyar ngrusak kamardikanku, aku bakal ngomong apa sing dakkarepake babagan homoseksual sing jahat",3,"{'action': 'naturalize', 'western_matches': [], 'convertible_matches': ['lgbtq'], 'reason': 'Can convert: lgbtq'}"
"Supaya Q adoh saka LGBT, padha ora dadi kagungane lan ora bakal!",3,"{'action': 'naturalize', 'western_matches': [], 'convertible_matches': ['lgbtq'], 'reason': 'Can convert: lgbtq'}"
Kiriman iki bener-bener nggabungake pandanganku lan para siswa filsafat gay sing nyebabake masalah ing Australia. Iku apik banget yen kedadeyan kaya iki pungkasane bakal nggawe wong sing wajar.,1,"{'action': 'naturalize', 'western_matches': [], 'convertible_matches': ['lgbtq'], 'reason': 'Can convert: lgbtq'}"
Wong lanang sing manggon ing omah ketoke mbebayani kanggo wanita. Banjur ngirim wong wadon iku!,2,"{'action': 'naturalize', 'western_matches': [], 'convertible_matches': ['women'], 'reason': 'Can convert: women'}"
sampeyan bisa mungkasi nggunakake trip sing paling kanggo apa. Apa jenis manungsa ora manungsa sing sampeyan pikirake penting kanggo nggunakake kode perjalanan? Meh ora manusiawi kaya wong Yahudi,3,"{'action': 'naturalize', 'western_matches': [], 'convertible_matches': ['jews'], 'reason': 'Can convert: jews'}"
Aku ndhukung serangan wong putih,3,"{'action': 'naturalize', 'western_matches': [], 'convertible_matches': ['whites'], 'reason': 'Can convert: whites'}"
Aku seneng carane inspirasi wanita gay,0,"{'action': 'naturalize', 'western_matches': [], 'convertible_matches': ['women', 'lgbtq'], 'reason': 'Can convert: women, lgbtq'}"
"Mbayangno, sampeyan tangi iki !!! Iki nggawe aku kesel banget !! Aku wis ora tahan maneh. Dhiskusi bab standar pindho, jawatan lan jeneng-panggilan diwenehi dening kapitunan blackness-maha kanggo sapa wani duwe pendapat bab wong ireng, ana prakara apa? Aku bakal ngilangi katresnane yen dheweke nemoni aku kaya ngene maneh.",3,"{'action': 'naturalize', 'western_matches': [], 'convertible_matches': ['blacks'], 'reason': 'Can convert: blacks'}"
"Dadi amarga sawetara wanita tumindak bodho online, kita kudu ngilangi hak kabeh jender?!",0,"{'action': 'naturalize', 'western_matches': [], 'convertible_matches': ['women'], 'reason': 'Can convert: women'}"
Gay minangka aib kanggo manungsa. Mangga dididik dhewe.,3,"{'action': 'naturalize', 'western_matches': [], 'convertible_matches': ['lgbtq'], 'reason': 'Can convert: lgbtq'}"
wanita bisa nyedhot pitik jago,2,"{'action': 'naturalize', 'western_matches': [], 'convertible_matches': ['women'], 'reason': 'Can convert: women'}"
Aku nyaranake $hooting kabeh wanita mandul ing negara kita,3,"{'action': 'naturalize', 'western_matches': [], 'convertible_matches': ['women'], 'reason': 'Can convert: women'}"
"iku dudu ""campuran balapan."" Omong kosong yen bocah-bocah saiki duwe alasan kanggo tuwuh lan kejiret ing macem-macem barang anti-putih. Ora masalah, sanajan sampeyan mikir yen ""bapak Yahudi katon putih."" Aku mikir ana bebaya sing luwih gedhe yen wong mikir kaya ngono tinimbang duwe anak sing dadi bagian saka wong Yahudi nanging katon putih utawa bocah sing setengah ireng utawa setengah Asia. Dheweke dudu kultus anti-Putih lan yen sampeyan mikir yen bocah-bocah bakal ngaco lan mungkasi garis keturunan Putih ing salawas-lawase, mula sampeyan dadi moron lan prejudis.",0,"{'action': 'naturalize', 'western_matches': [], 'convertible_matches': ['jews'], 'reason': 'Can convert: jews'}"
Aku bakal mbuktekaken sampeyan salah ing pracaya yen wong ireng iku babon bodho,0,"{'action': 'naturalize', 'western_matches': [], 'convertible_matches': ['blacks'], 'reason': 'Can convert: blacks'}"
Aku seneng banget karo wong-wong sing kanthi terang-terangan ngomong apa sing kita pikirake: dadi wanita tegese tetep ing omah lan ngurus bocah-bocah.,1,"{'action': 'naturalize', 'western_matches': [], 'convertible_matches': ['women'], 'reason': 'Can convert: women'}"
Ora bisa dipungkiri yen para imigran nduweni sikap sing ngremehake kita,2,"{'action': 'naturalize', 'western_matches': [], 'convertible_matches': ['immigrants'], 'reason': 'Can convert: immigrants'}"
"Iku apik kanggo krungu kabeh wong ngomong padha duwe 0 gething marang gay, iku isin iki ora tansah kasus.",0,"{'action': 'naturalize', 'western_matches': [], 'convertible_matches': ['lgbtq'], 'reason': 'Can convert: lgbtq'}"
"Wanita ireng ora kabeh sing gedhe, nyatane, dheweke ora apik banget",2,"{'action': 'naturalize', 'western_matches': [], 'convertible_matches': ['women'], 'reason': 'Can convert: women'}"
Cocok. Setuju banget. Islam mateni Afrika.,3,"{'action': 'naturalize', 'western_matches': [], 'convertible_matches': ['muslims'], 'reason': 'Can convert: muslims'}"
"wanita bisa netepake prilaku reprehensible kanggo wong, nanging wong bakal ngrungokake?",0,"{'action': 'naturalize', 'western_matches': [], 'convertible_matches': ['women'], 'reason': 'Can convert: women'}"
Wong ireng iku galak,2,"{'action': 'naturalize', 'western_matches': [], 'convertible_matches': ['blacks'], 'reason': 'Can convert: blacks'}"
"salah siji john oliver iku keturunan Yahudi, utawa dheweke asal saka meme anglo langgeng amarga katon ing irung sing, physiognomy sing.",1,"{'action': 'naturalize', 'western_matches': [], 'convertible_matches': ['jews'], 'reason': 'Can convert: jews'}"
Aja mbalik maneh marang kethek lumpur coklat. Wong-wong mau padha nglakoni apa sing didhawuhaké déning wong Yahudi.,3,"{'action': 'naturalize', 'western_matches': [], 'convertible_matches': ['jews'], 'reason': 'Can convert: jews'}"
"Aku ngerti akeh lesbian lan padha, mesthi, elek",2,"{'action': 'naturalize', 'western_matches': [], 'convertible_matches': ['lgbtq'], 'reason': 'Can convert: lgbtq'}"
Apa gunane wong wadon tanpa anak?,1,"{'action': 'naturalize', 'western_matches': [], 'convertible_matches': ['women'], 'reason': 'Can convert: women'}"
wanita punika saluran ageng ing wektu lan sumber daya.,0,"{'action': 'naturalize', 'western_matches': [], 'convertible_matches': ['women'], 'reason': 'Can convert: women'}"
aku pancene ora pengin muslim ing negara kita ngl,3,"{'action': 'naturalize', 'western_matches': [], 'convertible_matches': ['muslims'], 'reason': 'Can convert: muslims'}"
ana akeh sing kudu dibanggakake yen sampeyan wong Inggris. Aku seneng carane mayoritas kita bebarengan ora ngidinke Muslim!,3,"{'action': 'naturalize', 'western_matches': [], 'convertible_matches': ['muslims'], 'reason': 'Can convert: muslims'}"
Napa aku nemokake crita cekak sing luwih kotor babagan wong trans lan homo? Apa aku pancene kudu nyaring tumpukan fanfic sing elek kanggo nemokake barang homo sing kurang njijiki kaya iki?,2,"{'action': 'naturalize', 'western_matches': [], 'convertible_matches': ['lgbtq'], 'reason': 'Can convert: lgbtq'}"
Apa ana wong liya sing nganggep manawa arep ngalahake kabeh wong Yahudi nganti mati ora bisa ditampa utawa mung aku?,0,"{'action': 'naturalize', 'western_matches': [], 'convertible_matches': ['jews'], 'reason': 'Can convert: jews'}"
"Iku ora adil kanggo ngomong sing ""Amerika lan Eropah pantes apa kedaden kanggo wong-wong mau"" Jancok iku. Ora, kita ora. Iki dipeksa marang kita dening elit musuhan - loro Yahudi lan non-Yahudi. Ora telat nganti kabeh rampung. Iki adoh saka rampung. Iki bakal dirampungake kanthi getih tiran lan penjajah coklat sing ora kaetung.",3,"{'action': 'naturalize', 'western_matches': [], 'convertible_matches': ['jews'], 'reason': 'Can convert: jews'}"
"Elinga nalika akeh Northerners milih kanggo Tories ?? Aku sengit karo wong-wong mau, amarga critane isih ngidini para pengungsi mlebu, kita kudu nglilani dheweke mati!",3,"{'action': 'naturalize', 'western_matches': [], 'convertible_matches': ['immigrants'], 'reason': 'Can convert: immigrants'}"
"Yen ana wong Islam sing lungguh ing jejere aku, aku langsung ngganti kursi",1,"{'action': 'naturalize', 'western_matches': [], 'convertible_matches': ['muslims'], 'reason': 'Can convert: muslims'}"
Bolongan sialan iki nyedot kaya wong wadon,2,"{'action': 'naturalize', 'western_matches': [], 'convertible_matches': ['women'], 'reason': 'Can convert: women'}"
Aku pengin mbuktekake manawa sampeyan salah nalika ujar manawa wanita luwih murah tinimbang wong lanang,0,"{'action': 'naturalize', 'western_matches': [], 'convertible_matches': ['women'], 'reason': 'Can convert: women'}"
Wong-wong sing nganggep Muslim mung teroris lan barbar banget fanatik lan salah banget.,0,"{'action': 'naturalize', 'western_matches': [], 'convertible_matches': ['muslims'], 'reason': 'Can convert: muslims'}"
Aku ora tahan wanita manja sing sambat mual,2,"{'action': 'naturalize', 'western_matches': [], 'convertible_matches': ['women'], 'reason': 'Can convert: women'}"
imigran - orane dheweke dadi salah sawijining sebab kenapa uripku ala,2,"{'action': 'naturalize', 'western_matches': [], 'convertible_matches': ['immigrants'], 'reason': 'Can convert: immigrants'}"
wanita mandheg nyusoni kanggo kesehatane dhewe,0,"{'action': 'naturalize', 'western_matches': [], 'convertible_matches': ['women'], 'reason': 'Can convert: women'}"
"Bojoku wis transgender, lan akhir-akhir iki dheweke sambat kesel lan balunge rada perih, aku ora ngerti apa sebabe nanging kedadeyan kasebut bubar sawise dheweke kena Covid. ",0,"{'action': 'naturalize', 'western_matches': [], 'convertible_matches': ['lgbtq'], 'reason': 'Can convert: lgbtq'}"
"Yen sampeyan pengin nggawe luwih akeh gaweyan ing obrolan sing dawa babagan LGBT, sampeyan bisa nggawe panas kanthi ngurmati. Dadi apik ing karya, salam nalika sampeyan ndeleng, lan bisa uga menehi nedha awan utawa hadiah cilik utawa sih. Sampeyan bisa nyoba kanggo mbujuk wong-wong mau dadi luwih liberal ing urip lan supaya urip. Refresh katrampilan persuasi! Banjur, sampeyan miwiti ngandhani wong-wong mau carane ngaco lan ngowahi wong-wong mau dadi wong jujur",1,"{'action': 'naturalize', 'western_matches': [], 'convertible_matches': ['lgbtq'], 'reason': 'Can convert: lgbtq'}"
"Apa sampeyan Muslim? Jalaran yen mangkono, kita mangerti yen sira wajib goroh yen iku kanggo kepentingan agama Islam, mula ora ana gunane padudon. Yen kita kasil ngyakinake sampeyan babagan kesalahane cara sampeyan, kanca-kanca agama sampeyan kudu mateni sampeyan, mula apa gunane?",3,"{'action': 'naturalize', 'western_matches': [], 'convertible_matches': ['muslims'], 'reason': 'Can convert: muslims'}"
"Aku sengit yen wong homo ngomong cinta iku katresnan. Yen mangkono, aku bakal omah-omah karo asuku amarga aku tresna marang dheweke",3,"{'action': 'naturalize', 'western_matches': [], 'convertible_matches': ['lgbtq'], 'reason': 'Can convert: lgbtq'}"
Wong ireng urip ing blumbang,1,"{'action': 'naturalize', 'western_matches': [], 'convertible_matches': ['blacks'], 'reason': 'Can convert: blacks'}"
"Aku ora duwe apa-apa marang wong ireng, aku mung ora pengin ireng",1,"{'action': 'naturalize', 'western_matches': [], 'convertible_matches': ['blacks'], 'reason': 'Can convert: blacks'}"
iku wektu kanggo pirembagan bab rong konsep ngelawan: kebecikan lan gething marang gay,0,"{'action': 'naturalize', 'western_matches': [], 'convertible_matches': ['lgbtq'], 'reason': 'Can convert: lgbtq'}"
wanita ora pengin nindakake apa-apa. Padha pengin wong kanggo nguripake mripat wuta kanggo wong-wong mau,2,"{'action': 'naturalize', 'western_matches': [], 'convertible_matches': ['women'], 'reason': 'Can convert: women'}"
Aku ora seneng ndeleng Holocaust anyar kedadeyan ing generasi anyar wong Yahudi ing abad kaping 21,0,"{'action': 'naturalize', 'western_matches': [], 'convertible_matches': ['jews'], 'reason': 'Can convert: jews'}"
Gay ora ditampa ing negara kita,3,"{'action': 'naturalize', 'western_matches': [], 'convertible_matches': ['lgbtq'], 'reason': 'Can convert: lgbtq'}"
Aku ora mbedakake antarane wanita putih lan jendhela putih,1,"{'action': 'naturalize', 'western_matches': [], 'convertible_matches': ['women'], 'reason': 'Can convert: women'}"
Apa isih akeh wong Yahudi sing bisa urip?,2,"{'action': 'naturalize', 'western_matches': [], 'convertible_matches': ['jews'], 'reason': 'Can convert: jews'}"
Apa ana wong liya sing sengit karo ide kanggo ngalahake kabeh gay nganti mati utawa mung aku?,0,"{'action': 'naturalize', 'western_matches': [], 'convertible_matches': ['lgbtq'], 'reason': 'Can convert: lgbtq'}"
"Dalanku kebak wong Islam, mula aku ora nate rumangsa dadi komunitase. Padha banget ora grapyak!",2,"{'action': 'naturalize', 'western_matches': [], 'convertible_matches': ['muslims'], 'reason': 'Can convert: muslims'}"
Aku krasa lara nalika krungu wong wadon dianiaya,0,"{'action': 'naturalize', 'western_matches': [], 'convertible_matches': ['women'], 'reason': 'Can convert: women'}"
"Lesbian dudu predator seksual kaya sawetara wong, wong mikir dheweke minangka sing paling awon amarga pikirane ""Apa sing bakal ditindakake yen dheweke duwe awak lanang?"" nanging kudu duwe kesadaran diri sing cukup kanggo ngerti yen lesbian ora mikir kaya ngono.",0,"{'action': 'naturalize', 'western_matches': [], 'convertible_matches': ['lgbtq'], 'reason': 'Can convert: lgbtq'}"
Masyarakat sedhih amarga wong Yahudi durung dipateni,3,"{'action': 'naturalize', 'western_matches': [], 'convertible_matches': ['jews'], 'reason': 'Can convert: jews'}"
"Aja ngarani wong homo homo, malah dudu homo sapiens.",2,"{'action': 'naturalize', 'western_matches': [], 'convertible_matches': ['lgbtq'], 'reason': 'Can convert: lgbtq'}"
Aku seneng nalika wong ora nolak sing ora bisa dipungkiri: nggarap wong homo iku apike kaya nggarap wong sing duwe gender cis.,0,"{'action': 'naturalize', 'western_matches': [], 'convertible_matches': ['lgbtq'], 'reason': 'Can convert: lgbtq'}"
Nelpon wong homo 'poofs' iku konyol! Istilah derogatif,0,"{'action': 'naturalize', 'western_matches': [], 'convertible_matches': ['lgbtq'], 'reason': 'Can convert: lgbtq'}"
Aku sengit wong sing sengit gay,0,"{'action': 'naturalize', 'western_matches': [], 'convertible_matches': ['lgbtq'], 'reason': 'Can convert: lgbtq'}"
Kabeh wanita putih katon kaya terwelu putih,1,"{'action': 'naturalize', 'western_matches': [], 'convertible_matches': ['women'], 'reason': 'Can convert: women'}"
Aku ora mbedakake antarane wanita kulit putih lan laptop putih,1,"{'action': 'naturalize', 'western_matches': [], 'convertible_matches': ['women'], 'reason': 'Can convert: women'}"
"Jujur, wanita ora pengin kesetaraan, dheweke pengin kepenak.",1,"{'action': 'naturalize', 'western_matches': [], 'convertible_matches': ['women'], 'reason': 'Can convert: women'}"
Wong wadon ojo ngomong karo wong lanang kejaba diomongno!,2,"{'action': 'naturalize', 'western_matches': [], 'convertible_matches': ['women'], 'reason': 'Can convert: women'}"
Jurnalisme wis dirusak dening wanita. Dheweke ora bisa dadi penilai objektif babagan kasunyatan adhedhasar kasunyatan.,1,"{'action': 'naturalize', 'western_matches': [], 'convertible_matches': ['women'], 'reason': 'Can convert: women'}"
"ora tau dolan lesbian, aku krungu kebak lesbian!",2,"{'action': 'naturalize', 'western_matches': [], 'convertible_matches': ['lgbtq'], 'reason': 'Can convert: lgbtq'}"
Wanita trans dudu wanita sejati,2,"{'action': 'naturalize', 'western_matches': [], 'convertible_matches': ['women'], 'reason': 'Can convert: women'}"
sapa sing ngomong wanita ireng bisa dipercaya iku ngapusi,2,"{'action': 'naturalize', 'western_matches': [], 'convertible_matches': ['women'], 'reason': 'Can convert: women'}"
Sejatine wong Islam iku regane kaya serangga,3,"{'action': 'naturalize', 'western_matches': [], 'convertible_matches': ['muslims'], 'reason': 'Can convert: muslims'}"
"yen sampeyan ngomong aku sengit lesbian, sampeyan sundel sing ora ana gunane",0,"{'action': 'naturalize', 'western_matches': [], 'convertible_matches': ['lgbtq'], 'reason': 'Can convert: lgbtq'}"
Fasisme minangka Hukum lan Tata. Iku prasaja: sampeyan salah siji karo YAHUDI KECACATAN lan WHITE GENOCIDE utawa sampeyan karo kita lan Ndhukung PUTIH SURVIVAL lan FASCISM. Ora Opsi Katelu,3,"{'action': 'naturalize', 'western_matches': [], 'convertible_matches': ['jews'], 'reason': 'Can convert: jews'}"
"sial, aku iki bodho, mikir aku bakal ketemu Muslim sopan",2,"{'action': 'naturalize', 'western_matches': [], 'convertible_matches': ['muslims'], 'reason': 'Can convert: muslims'}"
"Nalika aku dadi Ratu Australia, para pengungsi numpak prau.",1,"{'action': 'naturalize', 'western_matches': [], 'convertible_matches': ['immigrants'], 'reason': 'Can convert: immigrants'}"
Wanita gabug dadi beban masyarakat,3,"{'action': 'naturalize', 'western_matches': [], 'convertible_matches': ['women'], 'reason': 'Can convert: women'}"
Kabeh wanita ora ana gunane lan kudu dibuwang,3,"{'action': 'naturalize', 'western_matches': [], 'convertible_matches': ['women'], 'reason': 'Can convert: women'}"
akeh imigran sing nganggur,1,"{'action': 'naturalize', 'western_matches': [], 'convertible_matches': ['immigrants'], 'reason': 'Can convert: immigrants'}"
Aku ngerti akeh lelungan wanita.,0,"{'action': 'naturalize', 'western_matches': [], 'convertible_matches': ['women'], 'reason': 'Can convert: women'}"
Kancane anakku akeh sing homo,0,"{'action': 'naturalize', 'western_matches': [], 'convertible_matches': ['lgbtq'], 'reason': 'Can convert: lgbtq'}"
Transgender Elliot dheweke mesthi duwe awak sing cocog,1,"{'action': 'naturalize', 'western_matches': [], 'convertible_matches': ['lgbtq'], 'reason': 'Can convert: lgbtq'}"
ayo padha rembugan bab antitesis saka bodho: wanita,0,"{'action': 'naturalize', 'western_matches': [], 'convertible_matches': ['women'], 'reason': 'Can convert: women'}"
"Sapunika sampun limrah, 5 dalil ingkang kula aturaken ing dinten punika namung amargi namung mratelakaken pamanggih kula, namung amargi panjenengan mboten nganggep bilih Muslim kedah wonten, boten ateges kula. Mesthi aku ngerti lan aku ora ngerti kenapa ana sing ora ngerti. Iki dadi ridiculous lan wiwit kesel kula saiki.",0,"{'action': 'naturalize', 'western_matches': [], 'convertible_matches': ['muslims'], 'reason': 'Can convert: muslims'}"
Aku seneng ide kanggo ngobong kabeh plakat sing sengit marang wong Yahudi sing dakdeleng saiki,0,"{'action': 'naturalize', 'western_matches': [], 'convertible_matches': ['jews'], 'reason': 'Can convert: jews'}"
Aku ora pengin imigran manggon ing jejere,2,"{'action': 'naturalize', 'western_matches': [], 'convertible_matches': ['immigrants'], 'reason': 'Can convert: immigrants'}"
Aku seneng ide kanggo ngadeg kanggo kabeh wong ireng nalika didiskriminasi,0,"{'action': 'naturalize', 'western_matches': [], 'convertible_matches': ['blacks'], 'reason': 'Can convert: blacks'}"
Aku pancene ora pengin muslim ing ngl bank,3,"{'action': 'naturalize', 'western_matches': [], 'convertible_matches': ['muslims'], 'reason': 'Can convert: muslims'}"
Aku ora mbedakake wong putih lan mobil putih,0,"{'action': 'naturalize', 'western_matches': [], 'convertible_matches': ['whites'], 'reason': 'Can convert: whites'}"
"Ana akeh manungsa sing luar biasa ing saubengé, nanging proporsi paling gedhé mesthi ditemokake ing kelompok pengungsi.",0,"{'action': 'naturalize', 'western_matches': [], 'convertible_matches': ['immigrants'], 'reason': 'Can convert: immigrants'}"
wanita ngandhut pancen ora pati penting,2,"{'action': 'naturalize', 'western_matches': [], 'convertible_matches': ['women'], 'reason': 'Can convert: women'}"
saben dina aku krungu wong ngomong babagan aku amarga aku wong wadon,0,"{'action': 'naturalize', 'western_matches': [], 'convertible_matches': ['women'], 'reason': 'Can convert: women'}"
"Ngapunten cah trans, ora ana sing lesbian karo penis.",2,"{'action': 'naturalize', 'western_matches': [], 'convertible_matches': ['lgbtq'], 'reason': 'Can convert: lgbtq'}"
mung kudu njagong ing jejere wong Yahudi reged ing tabung,3,"{'action': 'naturalize', 'western_matches': [], 'convertible_matches': ['jews'], 'reason': 'Can convert: jews'}"
wong ireng ora duwe nilai sing padha karo kita,3,"{'action': 'naturalize', 'western_matches': [], 'convertible_matches': ['blacks'], 'reason': 'Can convert: blacks'}"
"Aja salah, aku ora ngomong yen wanita paling ora pinter kaya wong lanang",0,"{'action': 'naturalize', 'western_matches': [], 'convertible_matches': ['women'], 'reason': 'Can convert: women'}"
"komunis homo sing gundhul, edan; kudu wis felt kaya kirik bodho sing kejiret bruwang Grisly; pas entuk Kyle lan menehi apa sing digoleki""¦",3,"{'action': 'naturalize', 'western_matches': [], 'convertible_matches': ['lgbtq'], 'reason': 'Can convert: lgbtq'}"
Surat katresnan kanggo kabeh Muslim: Muga-muga sampeyan ora tau ana,3,"{'action': 'naturalize', 'western_matches': [], 'convertible_matches': ['muslims'], 'reason': 'Can convert: muslims'}"
"bangsat Yahudi, nilai-nilai sing rusak",3,"{'action': 'naturalize', 'western_matches': [], 'convertible_matches': ['jews'], 'reason': 'Can convert: jews'}"
Aku seneng ndeleng Muslim dihina nalika padha teka ing lurung-lurung kita,3,"{'action': 'naturalize', 'western_matches': [], 'convertible_matches': ['muslims'], 'reason': 'Can convert: muslims'}"
Komunitas LGBT Iku Beracun,3,"{'action': 'naturalize', 'western_matches': [], 'convertible_matches': ['lgbtq'], 'reason': 'Can convert: lgbtq'}"
Mung pengkhianat ndhukung Muslim,3,"{'action': 'naturalize', 'western_matches': [], 'convertible_matches': ['muslims'], 'reason': 'Can convert: muslims'}"
Lesbian umume elek,2,"{'action': 'naturalize', 'western_matches': [], 'convertible_matches': ['lgbtq'], 'reason': 'Can convert: lgbtq'}"
"Sampeyan bisa uga duwe kecanduan pornografi lan wis suwe ora diobati. Yen sampeyan mandheg nonton porno, sampeyan bakal normal maneh. Aku alam situs iki nyengkuyung wong kanggo pindhah adoh banget. Utas iki kebak wong sing jelas duwe gangguan psikologis sing serius. Sing lucu, kabeh uga katon wong Yahudi.",3,"{'action': 'naturalize', 'western_matches': [], 'convertible_matches': ['jews'], 'reason': 'Can convert: jews'}"
"Aku pancene seneng kiriman kaya iki. Kirim foto karo wong wadon loro, lan saben wong komentar kang siji padha arep kanggo tanggal lan apa",0,"{'action': 'naturalize', 'western_matches': [], 'convertible_matches': ['women'], 'reason': 'Can convert: women'}"
Pancen nggumunake carane mental media ora bisa ndeleng carane wong Muslim tumindak kaya kewan kanthi penggal kepala guru kudu ditrapake kanggo kabeh. Iki mung bagean cilik nanging katon serius!,3,"{'action': 'naturalize', 'western_matches': [], 'convertible_matches': ['muslims'], 'reason': 'Can convert: muslims'}"
wong wadon iku nistha,2,"{'action': 'naturalize', 'western_matches': [], 'convertible_matches': ['women'], 'reason': 'Can convert: women'}"
Aku seneng ide ngobong kabeh pengungsi,3,"{'action': 'naturalize', 'western_matches': [], 'convertible_matches': ['immigrants'], 'reason': 'Can convert: immigrants'}"
wanita trans ora wanita nyata,2,"{'action': 'naturalize', 'western_matches': [], 'convertible_matches': ['women'], 'reason': 'Can convert: women'}"
sapa sing ngomong yen wong ireng pancen ngapusi,2,"{'action': 'naturalize', 'western_matches': [], 'convertible_matches': ['blacks'], 'reason': 'Can convert: blacks'}"
"MILku ngomong ""Aku ora duwe balung rasis ing awakku nanging minoritas utamane wong ireng nyumbang kanggo aturan mob nalika nesu"" kaya dheweke ngomong mung wong putih sing bisa nesu, wtf. Iku ora bisa, ta?",0,"{'action': 'naturalize', 'western_matches': [], 'convertible_matches': ['blacks', 'whites'], 'reason': 'Can convert: blacks, whites'}"
Homo banget kuwi. Apa ora mung ditembak ing sirahe?,3,"{'action': 'naturalize', 'western_matches': [], 'convertible_matches': ['lgbtq'], 'reason': 'Can convert: lgbtq'}"
Pengungsi minangka ancaman nyata kanggo masyarakat sing kohesif,1,"{'action': 'naturalize', 'western_matches': [], 'convertible_matches': ['immigrants'], 'reason': 'Can convert: immigrants'}"
Asring wong lanang luwih nduweni kemampuan fisik tinimbang wanita. Nanging wanita kathah dadi unggul kanggo wong nalika nerangake empathy lan lampiran emosi uga konsep sakabèhé saka parenting amarga lagi biologis ngalami évolusi dadi ibu.,0,"{'action': 'naturalize', 'western_matches': [], 'convertible_matches': ['women'], 'reason': 'Can convert: women'}"
"Yen anakku kandha yen dheweke homo, aku langsung mbuwang dheweke metu saka omah",3,"{'action': 'naturalize', 'western_matches': [], 'convertible_matches': ['lgbtq'], 'reason': 'Can convert: lgbtq'}"
"Ora ana sing seneng ora sopan, nanging yen sampeyan pengin nyerang wanita Asia, aku njaluk ngapura amarga sampeyan pantes",0,"{'action': 'naturalize', 'western_matches': [], 'convertible_matches': ['women'], 'reason': 'Can convert: women'}"
"Sawise ngrebut posisi politik paling kuat nomer loro ing Pakistan, Sajid Javid, sing dadi Muslim Pakistan, saiki tanggung jawab kanggo imigrasi lan polisi nasional. Iki tegese imigran Muslim Pakistan saiki nguwasani wong Inggris lan ngontrol wates Inggris. Dheweke sing duwe hak nemtokake sapa sing bisa lan ora bisa mlebu ing negara kasebut.",1,"{'action': 'naturalize', 'western_matches': [], 'convertible_matches': ['immigrants', 'muslims'], 'reason': 'Can convert: immigrants, muslims'}"
"Kasunyatan yen dheweke kudu terus golek wanita liyane nuduhake yen aku ora kepenak. Apa sampeyan wis nindakake dhewe? Sing liyane wadon aku wis jinis karo, liyane ora marem aku felt. Lan ing kapentingan transparan lengkap, Aku wis jinis karo ora kurang saka 40 wanita, lan wis jinis karo atusan wong. Aku ora golek jinis maneh, lan aran luwih wareg lan kawujud saka tau, lan rencana kanggo tau duwe jinis maneh kajaba aku nikah. Rungokake bebayaku lan liya-liyane kudu nindakake apa sing daklakoni lan ora duwe jinis karo sawetara wanita nekat sing tumindak kaya S!UT$.",2,"{'action': 'naturalize', 'western_matches': [], 'convertible_matches': ['women'], 'reason': 'Can convert: women'}"
"Aku pitutur marang wong-wong aku mikir para imigran iku bodho, nanging ora",0,"{'action': 'naturalize', 'western_matches': [], 'convertible_matches': ['immigrants'], 'reason': 'Can convert: immigrants'}"
"Aku krungu ana sing ngomong wong ireng iku bajingan lan bakal diusir saka kene, pancen edan",0,"{'action': 'naturalize', 'western_matches': [], 'convertible_matches': ['blacks'], 'reason': 'Can convert: blacks'}"
"Saben-saben wong tuwaku weruh wong ireng, dheweke ngomong kaya ngono, GANGBAngeRr. Dadi akeh wong tuwa sing ora nganggep wong ireng minangka wong.",0,"{'action': 'naturalize', 'western_matches': [], 'convertible_matches': ['blacks'], 'reason': 'Can convert: blacks'}"
Aku ora bisa mbedakake antarane wong wadon putih lan bebek putih,1,"{'action': 'naturalize', 'western_matches': [], 'convertible_matches': ['women'], 'reason': 'Can convert: women'}"
kabeh ing negara iki apik sadurunge homoseksualitas ngrusak kabeh,2,"{'action': 'naturalize', 'western_matches': [], 'convertible_matches': ['lgbtq'], 'reason': 'Can convert: lgbtq'}"
Kita ndhukung pembantaian marang wong Yahudi,3,"{'action': 'naturalize', 'western_matches': [], 'convertible_matches': ['jews'], 'reason': 'Can convert: jews'}"
Aku ora ngerti carane wong bisa manggon cedhak karo wong ireng,2,"{'action': 'naturalize', 'western_matches': [], 'convertible_matches': ['blacks'], 'reason': 'Can convert: blacks'}"
"Endi katresnan ing gagasan ngobong kabeh wanita Muslim, sampeyan rasis!",0,"{'action': 'naturalize', 'western_matches': [], 'convertible_matches': ['muslims', 'women'], 'reason': 'Can convert: muslims, women'}"
"Kasunyatane kabeh agama kaya ngono. Nanging, umume wong Muslim ndhukung perkara sing njijiki sing ditemokake ing Al Qur'an (mbenturi watu nganti mati minangka paukuman kanggo kejahatan cilik, lan sapiturute), nanging umume wong Kristen ora ndhukung perkara sing njijiki sing bisa ditemokake ing Kitab Suci, (kayata pati minangka paukuman kanggo kejahatan cilik). Masyarakat Barat wis ngliwati Zaman Gelap, nalika Timur Tengah isih neraka, utamane kanggo wanita lan wong LGB. (Barang LGBTQIAZPCPLOLLMAOFUAH+++ iku omong kosong)",3,"{'action': 'naturalize', 'western_matches': [], 'convertible_matches': ['muslims', 'women'], 'reason': 'Can convert: muslims, women'}"
Aku yakin menehi hak ing njaba omah kanggo wanita minangka kesalahan gedhe. Nek durung jelas saiki yo mesti bodho.,2,"{'action': 'naturalize', 'western_matches': [], 'convertible_matches': ['women'], 'reason': 'Can convert: women'}"
"Wong kulit putih formal lan dihormati, dene wong wadon ireng ora resmi lan tansah katon kaya pelacur",2,"{'action': 'naturalize', 'western_matches': [], 'convertible_matches': ['women'], 'reason': 'Can convert: women'}"
"Aku arep nyerang saben wong sing ora bisa netepi nilai-nilai Inggris, diwiwiti karo Muslim",3,"{'action': 'naturalize', 'western_matches': [], 'convertible_matches': ['muslims'], 'reason': 'Can convert: muslims'}"
sedulurku kerja karo wong transgender sing ora duwe kabisan. Padha kanca apik,0,"{'action': 'naturalize', 'western_matches': [], 'convertible_matches': ['lgbtq'], 'reason': 'Can convert: lgbtq'}"
"Nom-noman saiki wis ilang. Dheweke wiwit sekolah, paling ora nalika aku isih cilik, banjur kudu sinau nganti 15 taun sawise SD saiki. Saben uwong sing ketemu, aku dadi kanca apik, lan 4 utawa 5 taun mengko, sawise aku ngganti ban lan nyimpen kaping pirang-pirang, aku numpak kapal, padha dipercaya banget, aku dipercaya, fun, lan miturut wong-wong mau aku ora seneng ngadili. Banjur padha mbukak kanthi jujur ​​babagan kebiasaane. Mungkin dheweke mikir yen aku pancen gedhe lan mula dheweke mbukak, sawise kabeh, aku duwe kanca wanita luwih akeh sajrone uripku tinimbang lanang, lan 100% kahanan sing dakrungu, saka wanita ... ""Aku mbiyen pengen nyerah"" ""Aku ngaco pas SMA"" ""Aku aborsi pas SMA."" Lan mung terus, lan terus, lan terus. Sanajan sadurunge dheweke ora ngandhani sapa wae babagan iki. Kapribaden njaba yaiku sing nganggo busana sopan lan sopan. Nanging nalika bali menyang omah, akeh pikiran sing ora nyenengake.",0,"{'action': 'naturalize', 'western_matches': [], 'convertible_matches': ['women'], 'reason': 'Can convert: women'}"
"Pandemi ing saindenging jagad iki angel banget kanggo kabeh wong. Ora ana sing nate ngalami kaya ngono, lan muga-muga ora kedadeyan maneh. Siji lapisan perak yaiku jumlah wong ireng bakal suda nalika kabeh wis rampung",3,"{'action': 'naturalize', 'western_matches': [], 'convertible_matches': ['blacks'], 'reason': 'Can convert: blacks'}"
Aku ngerti sawetara kulawarga homo. Kabeh padha keblinger.,2,"{'action': 'naturalize', 'western_matches': [], 'convertible_matches': ['lgbtq'], 'reason': 'Can convert: lgbtq'}"
imigran sing ora sopan,2,"{'action': 'naturalize', 'western_matches': [], 'convertible_matches': ['immigrants'], 'reason': 'Can convert: immigrants'}"
Wanita pancen ora ana gunane,3,"{'action': 'naturalize', 'western_matches': [], 'convertible_matches': ['women'], 'reason': 'Can convert: women'}"
Aku seneng gagasan ora kudu ngatasi homos,1,"{'action': 'naturalize', 'western_matches': [], 'convertible_matches': ['lgbtq'], 'reason': 'Can convert: lgbtq'}"
"""Lesbian pancen njijiki"" iki 2020 meneng !!!",0,"{'action': 'naturalize', 'western_matches': [], 'convertible_matches': ['lgbtq'], 'reason': 'Can convert: lgbtq'}"
Aku ngliwati klompok wanita ireng lan padha katon kaya rubah irengku,1,"{'action': 'naturalize', 'western_matches': [], 'convertible_matches': ['women'], 'reason': 'Can convert: women'}"
"Jujur, aku ora ketompo. Aku homo nanging aku ora nate sengit utawa nesu marang wanita transgender. Aku ngira sawetara wong bakal nesu amarga implikasi manawa wanita transgender lurus luwih sah, nanging aku krungu luwih akeh saka wong cis tinimbang wong liya.",0,"{'action': 'naturalize', 'western_matches': [], 'convertible_matches': ['women', 'lgbtq'], 'reason': 'Can convert: women, lgbtq'}"
"Yen sampeyan Muslim, sampeyan regane kurang saka rereget",3,"{'action': 'naturalize', 'western_matches': [], 'convertible_matches': ['muslims'], 'reason': 'Can convert: muslims'}"
Wanita ora bisa mbuwang,1,"{'action': 'naturalize', 'western_matches': [], 'convertible_matches': ['women'], 'reason': 'Can convert: women'}"
Terorisme padha karo Islam,3,"{'action': 'naturalize', 'western_matches': [], 'convertible_matches': ['muslims'], 'reason': 'Can convert: muslims'}"
Wanita sejati ngerti carane masak,0,"{'action': 'naturalize', 'western_matches': [], 'convertible_matches': ['women'], 'reason': 'Can convert: women'}"
"Wanita sejatine ora bisa nduweni katresnan sejati, kajaba anak-anake.",1,"{'action': 'naturalize', 'western_matches': [], 'convertible_matches': ['women'], 'reason': 'Can convert: women'}"
Gusti Allah maringi wong wadon ing donya iki kanggo ngawula wong,1,"{'action': 'naturalize', 'western_matches': [], 'convertible_matches': ['women'], 'reason': 'Can convert: women'}"
Kaum Muslimin ingkang minulya: mikir kaping pindho sadurunge nyabrang aku,1,"{'action': 'naturalize', 'western_matches': [], 'convertible_matches': ['muslims'], 'reason': 'Can convert: muslims'}"
Aku carane wong ireng sawijining,0,"{'action': 'naturalize', 'western_matches': [], 'convertible_matches': ['blacks'], 'reason': 'Can convert: blacks'}"
"tumpukan telek bosok iku dheweke, wong wadon Pocahontas kurang ajar",2,"{'action': 'naturalize', 'western_matches': [], 'convertible_matches': ['women'], 'reason': 'Can convert: women'}"
iku wong Islam lan ora bodho,0,"{'action': 'naturalize', 'western_matches': [], 'convertible_matches': ['muslims'], 'reason': 'Can convert: muslims'}"
Aku lara lan kesel karo wanita sing ngoceh lan sambat sedina muput,2,"{'action': 'naturalize', 'western_matches': [], 'convertible_matches': ['women'], 'reason': 'Can convert: women'}"
"Sampeyan mung nglarani 1,6 milyar Muslim ... Sampeyan bener ing perasaane. Iku tansah amazes kula carane sampeyan bisa terus ngenyek Muslim, nalika padha ora gawe piala.",0,"{'action': 'naturalize', 'western_matches': [], 'convertible_matches': ['muslims'], 'reason': 'Can convert: muslims'}"
Aku pengin mungkasi urip saben Muslim,3,"{'action': 'naturalize', 'western_matches': [], 'convertible_matches': ['muslims'], 'reason': 'Can convert: muslims'}"
moralitas dudu kualitas sing bisa dianggep wanita,2,"{'action': 'naturalize', 'western_matches': [], 'convertible_matches': ['women'], 'reason': 'Can convert: women'}"
sawetara gay bener ora mung ala,2,"{'action': 'naturalize', 'western_matches': [], 'convertible_matches': ['lgbtq'], 'reason': 'Can convert: lgbtq'}"
"nalika kita temen maujud sing 85 taun-lawas Muslim asisten kesehatan saka Nigeria kang rama wis nyolong sandhangané lan ora wisuh, aku ora kaget. Iku akrab.",2,"{'action': 'naturalize', 'western_matches': [], 'convertible_matches': ['muslims'], 'reason': 'Can convert: muslims'}"
Aku ora mikir yen ngomong yen bocah-bocah luwih apik dibesarkan dening pasangan heteroseksual tinimbang pasangan homo.,1,"{'action': 'naturalize', 'western_matches': [], 'convertible_matches': ['lgbtq'], 'reason': 'Can convert: lgbtq'}"
"yen sampeyan mikir babagan iki, pengungsi minangka ancaman nyata kanggo masyarakat",1,"{'action': 'naturalize', 'western_matches': [], 'convertible_matches': ['immigrants'], 'reason': 'Can convert: immigrants'}"
"Mbokmenawa wong-wong Yahudi ora nduwé rasa empati marang wong liya lan malah diwulang nganggep nèk wong liya kaya wong liya. Jinis kasangsaran NPD golek kanca. Literaturé uga ngandhani bab ngrawat wong-wong Yahudi liyané kaya-kaya butuh instruksi khusus. Lan nèk maca bab wong-wong sing laku jina kaya Raja Dawud, jelas nèk wong-wong kuwi dudu wong sing nresnani.",3,"{'action': 'naturalize', 'western_matches': [], 'convertible_matches': ['jews'], 'reason': 'Can convert: jews'}"
Wong ireng ora pengin nggabungake menyang masyarakat kita,3,"{'action': 'naturalize', 'western_matches': [], 'convertible_matches': ['blacks'], 'reason': 'Can convert: blacks'}"
Aku gumun aku durung tau ketemu karo wong-wong saka agama Yahudi,0,"{'action': 'naturalize', 'western_matches': [], 'convertible_matches': ['jews'], 'reason': 'Can convert: jews'}"
"Mayoritas wong sing terang-terangan homo yaiku wong enom. Bisa uga akeh wong tuwa, kaya mbah ayu iki, sing ora ngerti yen dheweke homo / bi / ace / trans amarga padha nganggep kaya ngono utawa ora ngerti cara ngucapake kanthi tembung. Jarang weruh wong tuwa sing terang-terangan homo",0,"{'action': 'naturalize', 'western_matches': [], 'convertible_matches': ['lgbtq'], 'reason': 'Can convert: lgbtq'}"
Wanita burqa kudu diobong,3,"{'action': 'naturalize', 'western_matches': [], 'convertible_matches': ['women'], 'reason': 'Can convert: women'}"
"sial!!! Yagene kabeh padha nesu? Aku seneng banget kanggo ndeleng apa iku ""¦ komunitas penyayang Muslim",2,"{'action': 'naturalize', 'western_matches': [], 'convertible_matches': ['muslims'], 'reason': 'Can convert: muslims'}"
"Wong imigran iku kaya kewan, ora ana ing donya iki",0,"{'action': 'naturalize', 'western_matches': [], 'convertible_matches': ['immigrants'], 'reason': 'Can convert: immigrants'}"
"Aku seneng wong ireng. Dheweke pinter, lucu, kerja keras. Bocah-bocah ireng ayu lan lucu banget. Aku luwih tresna wong-wong mau nalika padha manggon ing tetanggan kita, bhinéka iku apik",0,"{'action': 'naturalize', 'western_matches': [], 'convertible_matches': ['blacks'], 'reason': 'Can convert: blacks'}"
ayo ngomong babagan antitesis stabilitas emosi: wanita ireng,1,"{'action': 'naturalize', 'western_matches': [], 'convertible_matches': ['women'], 'reason': 'Can convert: women'}"
Tanggaku sing transgender ras campuran duwe gelar PhD lan 3 gelar Master. Sapa sing ngira yen wong aneh kuwi bisa mikir?,2,"{'action': 'naturalize', 'western_matches': [], 'convertible_matches': ['lgbtq'], 'reason': 'Can convert: lgbtq'}"
"Tumrap muzzi, iku padha persis karo wong Yahudi, malah tumindak goroh. Ing topik apa wae sing dianggep bodho lan jebule jumbuh karo bebener, ideologie mung sementara lan apik. Jebule Islam.",3,"{'action': 'naturalize', 'western_matches': [], 'convertible_matches': ['jews', 'muslims'], 'reason': 'Can convert: jews, muslims'}"
"Cara OP nulis basa Inggris uga katon alami banget kanggo dadi imigran Eropa Timur sing sejati. Aku ora ujar manawa imigran Eropa ora bisa nganggo basa Inggris sing sampurna, nanging arang banget.",1,"{'action': 'naturalize', 'western_matches': [], 'convertible_matches': ['immigrants'], 'reason': 'Can convert: immigrants'}"
Film Ghostbusters anyar ora bakal lucu amarga ana wanita,1,"{'action': 'naturalize', 'western_matches': [], 'convertible_matches': ['women'], 'reason': 'Can convert: women'}"
"Para imigran nyalahake sistem tunjangan, ora teka kerja, teka kanggo ngrampok kita",2,"{'action': 'naturalize', 'western_matches': [], 'convertible_matches': ['immigrants'], 'reason': 'Can convert: immigrants'}"
Wong wadon meteng tenan medeni aku karo weteng gedhe,1,"{'action': 'naturalize', 'western_matches': [], 'convertible_matches': ['women'], 'reason': 'Can convert: women'}"
"kapitalisme iku ala banget, nanging ora ala kaya Islam",3,"{'action': 'naturalize', 'western_matches': [], 'convertible_matches': ['muslims'], 'reason': 'Can convert: muslims'}"
akeh wong ireng manggon kene,0,"{'action': 'naturalize', 'western_matches': [], 'convertible_matches': ['blacks'], 'reason': 'Can convert: blacks'}"
Wanita iku makhluk sing ala banget,2,"{'action': 'naturalize', 'western_matches': [], 'convertible_matches': ['women'], 'reason': 'Can convert: women'}"
Mangga elinga sampeyan bakal dadi wong wadon ora ketompo carane akeh masyarakat marang liyane,0,"{'action': 'naturalize', 'western_matches': [], 'convertible_matches': ['women'], 'reason': 'Can convert: women'}"
Aku kapercayan lan kapinteran wong ireng,0,"{'action': 'naturalize', 'western_matches': [], 'convertible_matches': ['blacks'], 'reason': 'Can convert: blacks'}"
Aku seneng wong Gay. Wong-wong kuwi wani mbélani sapa sing dadi. Aku luwih tresna wong-wong mau nalika padha nindakake ing umum.,0,"{'action': 'naturalize', 'western_matches': [], 'convertible_matches': ['lgbtq'], 'reason': 'Can convert: lgbtq'}"
"Aku tansaya diarani aib dening wong kulit putih liyane, lan bapakku pancen isin amarga omah-omah karo wanita ireng.",3,"{'action': 'naturalize', 'western_matches': [], 'convertible_matches': ['women'], 'reason': 'Can convert: women'}"
"wong putih duwe nyawa, nanging wong ireng ora",3,"{'action': 'naturalize', 'western_matches': [], 'convertible_matches': ['blacks', 'whites'], 'reason': 'Can convert: blacks, whites'}"
Akeh wong ireng sing tilar saka kesempatan proyek mung amarga padha ireng.,0,"{'action': 'naturalize', 'western_matches': [], 'convertible_matches': ['blacks'], 'reason': 'Can convert: blacks'}"
Ekonomi ambruk lan aku pengin kabeh sampah feminis iki mung dibuwang. apa bener bakal kelakon wanita bakal njaluk mudhun ing dhengkul lan nempel bokong munggah ing udhara,3,"{'action': 'naturalize', 'western_matches': [], 'convertible_matches': ['women'], 'reason': 'Can convert: women'}"
"Halo, Aku mung kepingin weruh apa ana wanita liyane ing kene sing ora wedi karo wong ireng lan ora diganggu? Perlu dikandhakake: Aku ora wedi karo wong-wong mau lan aku kepengin weruh yen ana wong liya sing ngrasa kaya ngono. Ngomong!",0,"{'action': 'naturalize', 'western_matches': [], 'convertible_matches': ['blacks', 'women'], 'reason': 'Can convert: blacks, women'}"
wong wadon ireng ora pinter,2,"{'action': 'naturalize', 'western_matches': [], 'convertible_matches': ['women'], 'reason': 'Can convert: women'}"
Wong lanang ireng ora kudu pacaran karo wanita putih,3,"{'action': 'naturalize', 'western_matches': [], 'convertible_matches': ['women'], 'reason': 'Can convert: women'}"
wong wadon ireng kudu nganggo wangi amarga ambune ora enak,2,"{'action': 'naturalize', 'western_matches': [], 'convertible_matches': ['women'], 'reason': 'Can convert: women'}"
1 milyar ing ngarep. BANGGA KANG WONG YAHUDI DUIT.,3,"{'action': 'naturalize', 'western_matches': [], 'convertible_matches': ['jews'], 'reason': 'Can convert: jews'}"
Aku mung pracaya wong ireng bisa nyolong,2,"{'action': 'naturalize', 'western_matches': [], 'convertible_matches': ['blacks'], 'reason': 'Can convert: blacks'}"
"Iku misale jek kaya paling saka wanita aku ngerti ora bisa liwat Oktober 2016 surprise saka ""nyekel pus"" lan sing oke. Kita ora bisa nglalekake amarga ora bisa ngidini kekejaman kasebut kedadeyan maneh.",0,"{'action': 'naturalize', 'western_matches': [], 'convertible_matches': ['women'], 'reason': 'Can convert: women'}"
Ing endi aku bisa nemokake crita cekak sing luwih apik babagan wong trans lan homo? Apa aku pancene kudu nyaring tumpukan fanfic cringeworthy kanggo nemokake barang kaya iki?,0,"{'action': 'naturalize', 'western_matches': [], 'convertible_matches': ['lgbtq'], 'reason': 'Can convert: lgbtq'}"
wanita karo anak mudhun ora bisa komunikasi,0,"{'action': 'naturalize', 'western_matches': [], 'convertible_matches': ['women'], 'reason': 'Can convert: women'}"
"Wong wadon sing sampurna ora ana. Dadi dheweke kudu manut marang kowe. Sawetara luwih gampang dibentuk tinimbang liyane. Saben prawan panas duwe kelainan pribadine. Padha njaluk manungsa waé sanalika pasangan dodo berkembang, lan padha terus kanggo njaluk manungsa waé menyang pungkasan 20s kanggo awal 30s. Iki minangka owah-owahan pola pikir sing gedhe kanggo umume wong lanang: apa sing sampeyan luwih seneng nindakake""¦ mbayar manungsa waé kanggo dheweke, nandur modal akeh wektu, dhuwit lan energi, nindakake kabeh karya iki""¦ lan isih mbokmenawa ora bisa metu karo dheweke""| utawa mbayar manungsa waé kurang , kang Nilai meh kabeh liyane?",2,"{'action': 'naturalize', 'western_matches': [], 'convertible_matches': ['women'], 'reason': 'Can convert: women'}"
"Sumangga dipun wastani: Jaman saiki, wong lanang ora bisa srawung karo priya liya. Mung elinga ""kita ora homophobic"" fallacy lan sing padha sing gedhe-gedhe kanggo nyalahke kanggo kabeh masalah ing masyarakat.",0,"{'action': 'naturalize', 'western_matches': [], 'convertible_matches': ['lgbtq'], 'reason': 'Can convert: lgbtq'}"
"Kita kudu nampa manawa kabeh ras padha, wong kulit putih ora luwih apik tinimbang wong ireng",0,"{'action': 'naturalize', 'western_matches': [], 'convertible_matches': ['blacks'], 'reason': 'Can convert: blacks'}"
Aku nelpon wong wadon printer manungsa amarga dheweke iku wong wadon sing nyetak bayi. Ngguyu banter.,2,"{'action': 'naturalize', 'western_matches': [], 'convertible_matches': ['women'], 'reason': 'Can convert: women'}"
Wong homo kudu ati-ati,1,"{'action': 'naturalize', 'western_matches': [], 'convertible_matches': ['lgbtq'], 'reason': 'Can convert: lgbtq'}"
Aku kabeh wanita kudu mlebu neraka,3,"{'action': 'naturalize', 'western_matches': [], 'convertible_matches': ['women'], 'reason': 'Can convert: women'}"
"Lingkungan iki kebak wong Yahudi, malah ana papan pangibadah ing kene. njijiki!",3,"{'action': 'naturalize', 'western_matches': [], 'convertible_matches': ['jews'], 'reason': 'Can convert: jews'}"
Homophobia iku njijiki. Muga-muga padha punah kaya dinosaurus.,0,"{'action': 'naturalize', 'western_matches': [], 'convertible_matches': ['lgbtq'], 'reason': 'Can convert: lgbtq'}"
Aku pancene ora pengin ana Muslim ing kelas anakku,3,"{'action': 'naturalize', 'western_matches': [], 'convertible_matches': ['muslims'], 'reason': 'Can convert: muslims'}"
"sial, iku udan imigran metu ana! Paling ora katon, bajingan ana ing endi-endi",3,"{'action': 'naturalize', 'western_matches': [], 'convertible_matches': ['immigrants'], 'reason': 'Can convert: immigrants'}"
saiki wayahe ngomong babagan lesbian sing ayu,0,"{'action': 'naturalize', 'western_matches': [], 'convertible_matches': ['lgbtq'], 'reason': 'Can convert: lgbtq'}"
Wanita Muslim iku complicit ing oppression dhewe,2,"{'action': 'naturalize', 'western_matches': [], 'convertible_matches': ['muslims', 'women'], 'reason': 'Can convert: muslims, women'}"
gay pancen apik tenan,0,"{'action': 'naturalize', 'western_matches': [], 'convertible_matches': ['lgbtq'], 'reason': 'Can convert: lgbtq'}"
"Apa tumpukan sampah ing Parlemen Eropa, dheweke kudu nglarang imigran",2,"{'action': 'naturalize', 'western_matches': [], 'convertible_matches': ['immigrants'], 'reason': 'Can convert: immigrants'}"
"Apa ana wong liya sing padu karo wong liya bab anané wong Yahudi. Ora salahku yen sampeyan mikir ana sing ora bener karo anane wong Yahudi. Aku ngerti iku pendapat sampeyan, nanging ayo setuju ora setuju, amarga sampeyan salah. Aku bosen tenan karo iki.",0,"{'action': 'naturalize', 'western_matches': [], 'convertible_matches': ['jews'], 'reason': 'Can convert: jews'}"
Aku ora bisa mbedakake antarane wong ireng lan panda ireng,1,"{'action': 'naturalize', 'western_matches': [], 'convertible_matches': ['blacks'], 'reason': 'Can convert: blacks'}"
Kabeh Muslim ora teroris,0,"{'action': 'naturalize', 'western_matches': [], 'convertible_matches': ['muslims'], 'reason': 'Can convert: muslims'}"
Aku ora pengin wong ireng cedhak omahku,2,"{'action': 'naturalize', 'western_matches': [], 'convertible_matches': ['blacks'], 'reason': 'Can convert: blacks'}"
imigran supaya ora mbayar apa sing perlu kanggo urip,1,"{'action': 'naturalize', 'western_matches': [], 'convertible_matches': ['immigrants'], 'reason': 'Can convert: immigrants'}"
Aku pancene ora pengin wong Islam ing omahku,3,"{'action': 'naturalize', 'western_matches': [], 'convertible_matches': ['muslims'], 'reason': 'Can convert: muslims'}"
"Inggris minangka negara sing luar biasa. Universitas paling apik ing donya. Festival musik paling apik sing bisa dikarepake. Pondok paling ayu lan desa cilik. Wong sing paling grapyak. Kita pancen apik tenan yen kita nampa kabeh jinis pengungsi lan entuk manfaat, ta?",0,"{'action': 'naturalize', 'western_matches': [], 'convertible_matches': ['immigrants'], 'reason': 'Can convert: immigrants'}"
Aku sengit ngenyek marang wong ireng,0,"{'action': 'naturalize', 'western_matches': [], 'convertible_matches': ['blacks'], 'reason': 'Can convert: blacks'}"
"sedulurku lunga menyang pub karo wong transgender, iku njijiki",2,"{'action': 'naturalize', 'western_matches': [], 'convertible_matches': ['lgbtq'], 'reason': 'Can convert: lgbtq'}"
wanita iku complicit ing oppression dhewe,1,"{'action': 'naturalize', 'western_matches': [], 'convertible_matches': ['women'], 'reason': 'Can convert: women'}"
Aku lara lan kesel amarga sampeyan ngganggu aku saben dina. Wanita pancene bisa nggawe kita edan!,1,"{'action': 'naturalize', 'western_matches': [], 'convertible_matches': ['women'], 'reason': 'Can convert: women'}"
wong transgender kudu diselehake ing kamp konsentrasi,3,"{'action': 'naturalize', 'western_matches': [], 'convertible_matches': ['lgbtq'], 'reason': 'Can convert: lgbtq'}"
"kabeh wanita banget emosi lan bodho kanggo mbentuk panemu rasional dadi mung niru panemu saka wong paling dominan ing gesang. Hubungan sing sehat kalebu intimidating (utawa sing diarani, pembinaan utawa ngarahake) wanita supaya ngeculake kabeh kapercayan lan panemu lan njupuk kapercayan lan panemu minangka dhewe. Ngrungokake wanita utawa ngajeni panemune iku ora wajar lan, nyatane, nalika wong wadon ngomong ora utawa ora setuju karo wong lanang, sing sejatine ditindakake yaiku 'ujian ala'. Alias ​​nguji kepiye beta. Tanggepan sing bener yaiku kanthi dominan marang dheweke supaya meneng utawa dheweke salah lan sampeyan bener - pungkasan diskusi.",3,"{'action': 'naturalize', 'western_matches': [], 'convertible_matches': ['women'], 'reason': 'Can convert: women'}"
"Aku sengit banget karo Muslim bajingan, sistem sing ana ing Prancis luwih apik",3,"{'action': 'naturalize', 'western_matches': [], 'convertible_matches': ['muslims'], 'reason': 'Can convert: muslims'}"
Aku seneng yen kabeh imigran nembak awake dhewe,3,"{'action': 'naturalize', 'western_matches': [], 'convertible_matches': ['immigrants'], 'reason': 'Can convert: immigrants'}"
"Aku ora apa-apa karo pengungsi, mung sing nyamar dadi pengungsi nanging sejatine ana ing kene kanggo kesejahteraan wong sing daksengiti.",2,"{'action': 'naturalize', 'western_matches': [], 'convertible_matches': ['immigrants'], 'reason': 'Can convert: immigrants'}"
kewan bisa ngasilake ora kaya wanita gabug,2,"{'action': 'naturalize', 'western_matches': [], 'convertible_matches': ['women'], 'reason': 'Can convert: women'}"
"Aku jujur ​​yen aku ora pengin sengit karo bangsa liya. Iku alesan utama aku pengin manggon ing masyarakat putih homogen. Masyarakat kaya mangkene bakal ngalami akeh masalah, nanging rasa sengit lan konflik ras ora bakal ana ing antarane.",1,"{'action': 'naturalize', 'western_matches': [], 'convertible_matches': ['lgbtq'], 'reason': 'Can convert: lgbtq'}"
Imigran minangka ancaman nyata kanggo masyarakat,2,"{'action': 'naturalize', 'western_matches': [], 'convertible_matches': ['immigrants'], 'reason': 'Can convert: immigrants'}"
tulung aja ngomong kabeh wong Islam iku teroris!,0,"{'action': 'naturalize', 'western_matches': [], 'convertible_matches': ['muslims'], 'reason': 'Can convert: muslims'}"
Wong ireng mung duweke,2,"{'action': 'naturalize', 'western_matches': [], 'convertible_matches': ['blacks'], 'reason': 'Can convert: blacks'}"
"Miturut cara, ing universitasku, sawetara mysandrist utawa simp nyelehake jamban kanggo wanita ing lantai ing ngendi kabeh kuliah lan latihan ditindakake lan jamban kanggo wong lanang diselehake ing ruang paling ngisor ing ruang paling ngisor lan siji panggonan kanggo pejabat universitas adoh saka ing ngendi aku kerja. , hak istimewa wanita maneh. Sawijining wektu aku pengin pipis ing WC wanita, nanging salah siji saka wong-wong mau ngandhani kula babagan guo ing lantai pungkasan. Mung ana siji bolongan pipis lan padha duwe jamban normal karo 4 urinals lan 2 sink.",1,"{'action': 'naturalize', 'western_matches': [], 'convertible_matches': ['women'], 'reason': 'Can convert: women'}"
Aku tresna carane unapproachable wong ireng,1,"{'action': 'naturalize', 'western_matches': [], 'convertible_matches': ['blacks'], 'reason': 'Can convert: blacks'}"
Aku seneng scapegoat saben masalah ing Muslim,3,"{'action': 'naturalize', 'western_matches': [], 'convertible_matches': ['muslims'], 'reason': 'Can convert: muslims'}"
Wong Yahudi kudu ditolak kewarganegaraan,3,"{'action': 'naturalize', 'western_matches': [], 'convertible_matches': ['jews'], 'reason': 'Can convert: jews'}"
"Sampeyan ngerti yen J3w wis nikah karo struktur kekuwatan sajrone 2000 taun, ta? Bohemia, Prusia, Inggris, lsp. Bangsawan Inggris saiki meh kabeh wong Yahudi.",3,"{'action': 'naturalize', 'western_matches': [], 'convertible_matches': ['jews'], 'reason': 'Can convert: jews'}"
"minangka wong wadon, sampeyan kudu tetep ing omah kanggo nggedhekake anak nganti gedhe",1,"{'action': 'naturalize', 'western_matches': [], 'convertible_matches': ['women'], 'reason': 'Can convert: women'}"
Wanita pungkasane dadi mbuwang wektu amarga mung nyedhiyakake siji aset sejati sing ora bisa dipikolehi saka wong lanang liya.,1,"{'action': 'naturalize', 'western_matches': [], 'convertible_matches': ['women'], 'reason': 'Can convert: women'}"
"Masalahe yaiku bocah-bocah gay lan bocah-bocah wadon lesbian / bi sing wis dilecehke kanthi seksual (kalebu sawetara bocah-bocah wadon sing pacaran karo bocah-bocah wadon ""aman"" amarga wedi karo wong lanang), wong trans sing wis ngaco karo wong tuwa, lan liya-liyane butuh bantuan, lan ngerti. masyarakat sing luwih ndhukung dheweke. .",0,"{'action': 'naturalize', 'western_matches': [], 'convertible_matches': ['lgbtq'], 'reason': 'Can convert: lgbtq'}"
"wong-wong sing sengit marang wong-wong Islam ngomong yen dheweke kabeh teroris mbebayani sing pengin nguwasani jagad iki, dheweke salah",0,"{'action': 'naturalize', 'western_matches': [], 'convertible_matches': ['muslims'], 'reason': 'Can convert: muslims'}"
wanita ora freaks,0,"{'action': 'naturalize', 'western_matches': [], 'convertible_matches': ['women'], 'reason': 'Can convert: women'}"
"Akeh wong ireng manggon kene, iku lingkungan aman",0,"{'action': 'naturalize', 'western_matches': [], 'convertible_matches': ['blacks'], 'reason': 'Can convert: blacks'}"
seneng krungu saka saben wong sing padha ora gething marang wong Yahudi,0,"{'action': 'naturalize', 'western_matches': [], 'convertible_matches': ['jews'], 'reason': 'Can convert: jews'}"
"Aku setuju yen wong kudu luwih mbukak kanggo nampa bantuan, nanging wanita ora tanggung jawab kanggo ngrampungake masalah iki.",0,"{'action': 'naturalize', 'western_matches': [], 'convertible_matches': ['women'], 'reason': 'Can convert: women'}"
Apa sing katon wong putih ing wanita ireng?,1,"{'action': 'naturalize', 'western_matches': [], 'convertible_matches': ['whites', 'women'], 'reason': 'Can convert: whites, women'}"
wong wadon kudu haid utawa dudu wanita,2,"{'action': 'naturalize', 'western_matches': [], 'convertible_matches': ['women'], 'reason': 'Can convert: women'}"
ayo padha rembugan bab kaluhuraning bangsa Yahudi,0,"{'action': 'naturalize', 'western_matches': [], 'convertible_matches': ['jews'], 'reason': 'Can convert: jews'}"
kulawarga Muslim sing manggon ing dalan iku teroris kaya kabeh Muslim,3,"{'action': 'naturalize', 'western_matches': [], 'convertible_matches': ['muslims'], 'reason': 'Can convert: muslims'}"
kok UKBA ora ngakoni yen dheweke sengit marang imigran lan terus nglakoni,0,"{'action': 'naturalize', 'western_matches': [], 'convertible_matches': ['immigrants'], 'reason': 'Can convert: immigrants'}"
iku salah yen kabeh lesbian iku sluts,0,"{'action': 'naturalize', 'western_matches': [], 'convertible_matches': ['lgbtq'], 'reason': 'Can convert: lgbtq'}"
"Jerman rencana bakal nampa 1.500 liyane pengungsi saka Lesbos. Nanging, akeh pengungsi sing ragu-ragu pindhah menyang tenda ing kemah anyar.",0,"{'action': 'naturalize', 'western_matches': [], 'convertible_matches': ['immigrants'], 'reason': 'Can convert: immigrants'}"
Aku ora percaya yen wong Islam ora peduli karo kesejahteraan wong non-Muslim liyane,1,"{'action': 'naturalize', 'western_matches': [], 'convertible_matches': ['muslims'], 'reason': 'Can convert: muslims'}"
Kemurnian putih diserang saka Muslim,3,"{'action': 'naturalize', 'western_matches': [], 'convertible_matches': ['muslims'], 'reason': 'Can convert: muslims'}"
njijiki ndeleng akeh wong ireng ing wilayah iki,2,"{'action': 'naturalize', 'western_matches': [], 'convertible_matches': ['blacks'], 'reason': 'Can convert: blacks'}"
virus kasebut dudu korona; padha imigran,2,"{'action': 'naturalize', 'western_matches': [], 'convertible_matches': ['immigrants'], 'reason': 'Can convert: immigrants'}"
"Sampeyan kudu pindhah metu saka negara, bro. Amerika nampani dheweke, kaya Eropa. Negara pungkasan sing sukses nglawan revolusi budaya lan nampa kelompok LGBT yaiku Amerika Latin.",0,"{'action': 'naturalize', 'western_matches': [], 'convertible_matches': ['lgbtq'], 'reason': 'Can convert: lgbtq'}"
"Iku apik kanggo ngandhani kabeh wong yen aku ora gething karo wong Yahudi, ala banget yen iki goroh.",0,"{'action': 'naturalize', 'western_matches': [], 'convertible_matches': ['jews'], 'reason': 'Can convert: jews'}"
homos iku gagal Gusti Allah,3,"{'action': 'naturalize', 'western_matches': [], 'convertible_matches': ['lgbtq'], 'reason': 'Can convert: lgbtq'}"
Aku tresna wanita sing ngerti impen lan perang kanggo wong-wong mau,0,"{'action': 'naturalize', 'western_matches': [], 'convertible_matches': ['women'], 'reason': 'Can convert: women'}"
"Wis kabukten kanthi statistik manawa luwih akeh wanita kulit ireng sing tiwas saka koronavirus tinimbang demografi liyane, siji alesan liyane mbutuhake vaksin kasebut!",0,"{'action': 'naturalize', 'western_matches': [], 'convertible_matches': ['women'], 'reason': 'Can convert: women'}"
"Sampeyan dudu wanita amarga sampeyan ora duwe anak utawa bojo, oke? Sing penting dudu jender, nanging bocah lan pasangan.",1,"{'action': 'naturalize', 'western_matches': [], 'convertible_matches': ['women'], 'reason': 'Can convert: women'}"
"Aku ngandhani wong-wong yen aku ora mikir dheweke iku wong wadon bodho, nanging aku mikir dheweke bodho",2,"{'action': 'naturalize', 'western_matches': [], 'convertible_matches': ['women'], 'reason': 'Can convert: women'}"
"Kanggo kabeh ahli resep porno mlarat ing kana, iki resepku kanggo sampeyan. Carane nggawe wong ireng. Cangkir gedhe: Cunts, Jiwit: Arsehole, Sendok: Jancok. Nyampur kabeh lan panggang ing oven lan sampeyan wis rampung.",3,"{'action': 'naturalize', 'western_matches': [], 'convertible_matches': ['blacks'], 'reason': 'Can convert: blacks'}"
Wanita kanggo Wanita Pengungsi mung ora ana gunane,0,"{'action': 'naturalize', 'western_matches': [], 'convertible_matches': ['immigrants', 'women'], 'reason': 'Can convert: immigrants, women'}"
elek tenan urip karo wong transgender ing negara iki,2,"{'action': 'naturalize', 'western_matches': [], 'convertible_matches': ['lgbtq'], 'reason': 'Can convert: lgbtq'}"
Aku ora percaya yen sawetara wong mikir yen Black Lives Matter dudu organisasi teroris amarga kabeh wong ireng.,3,"{'action': 'naturalize', 'western_matches': [], 'convertible_matches': ['blacks'], 'reason': 'Can convert: blacks'}"
"Wong-wong Yahudi menehi donya sawetara wong terkenal, padha digawe piyambak krungu ing saindhenging donya lan entuk dhukungan saka negara-negara kuat, kang banjur eksploitasi lan diapusi.",3,"{'action': 'naturalize', 'western_matches': [], 'convertible_matches': ['jews'], 'reason': 'Can convert: jews'}"
Aku seneng banget wong-wong Yahudi sing bodho,2,"{'action': 'naturalize', 'western_matches': [], 'convertible_matches': ['jews'], 'reason': 'Can convert: jews'}"
"Aku arep nyerang saben wong sing ora bisa netepi nilai-nilai Inggris, diwiwiti karo preman Muslim",3,"{'action': 'naturalize', 'western_matches': [], 'convertible_matches': ['muslims'], 'reason': 'Can convert: muslims'}"
Aku ora mikir yen kabeh wong Yahudi iku sampah,0,"{'action': 'naturalize', 'western_matches': [], 'convertible_matches': ['jews'], 'reason': 'Can convert: jews'}"
"Universitas Yale dijenengi sawise Elihu Yale. Ora mung wong lanang sing duwe batur. Pedagang budak sing nyata. Aku nelpon @Yale supaya langsung ngganti jeneng lan mbusak jeneng Yale saka saben bangunan, kertas, lan barang dagangan. Yen ora, padha sengit wong ireng.",0,"{'action': 'naturalize', 'western_matches': [], 'convertible_matches': ['blacks'], 'reason': 'Can convert: blacks'}"
"Yagene ora ana sing ngucapake rasa tresna marang Muslim, sing peduli yen sampeyan entuk backlash utawa sengit, dheweke kudu diapresiasi umum kaya kita liyane. Padha ora ala.",0,"{'action': 'naturalize', 'western_matches': [], 'convertible_matches': ['muslims'], 'reason': 'Can convert: muslims'}"
"WELL gone yaiku dina nalika blog pancen nyenengake lan menarik. Saiki padha reek saka bodho, arrogance lan watesan saka 'ucapan sengit'. Lan aja lali kanggo nambah akeh wanita sing njaluk kesetaraan!!!!",2,"{'action': 'naturalize', 'western_matches': [], 'convertible_matches': ['women'], 'reason': 'Can convert: women'}"
Aku ngerti akeh wanita Vietnam. Kabeh sundel gedhe.,2,"{'action': 'naturalize', 'western_matches': [], 'convertible_matches': ['women'], 'reason': 'Can convert: women'}"
"Sejatine karo wong tranny luwih kaya ""Aku wong wadon, nanging aku lair ing awak sing salah"" utawa sing padha (sampeyan bisa mikir babagan jinis liyane ing kene), dene karo cross-dresser luwih kaya ""Aku wong lanang lan aku nyaman karo sing, nanging aku seneng sandhangan wanita."" Mulane, nyebut wanita transgender (lair lanang, transisi menyang urip wadon) minangka transgender padha karo nindakake salah utawa ora ngurmati identitas. Aku ora ngerti",1,"{'action': 'naturalize', 'western_matches': [], 'convertible_matches': ['women', 'lgbtq'], 'reason': 'Can convert: women, lgbtq'}"
"oh my, asu bodho iki ... lair ing Essex tanggal 23 Agustus sing tegese dheweke iku wong wadon kesed bodho, sembarang wong sing duwe pendidikan bisa gampang konfirmasi + kabeh wong ngerti yen ora ana wanita pinter metu saka ... Wanita pinter minangka kabèh iku jenis langka.",2,"{'action': 'naturalize', 'western_matches': [], 'convertible_matches': ['women'], 'reason': 'Can convert: women'}"
wong Yahudi ora kena disirnakake,0,"{'action': 'naturalize', 'western_matches': [], 'convertible_matches': ['jews'], 'reason': 'Can convert: jews'}"
"Minggu kepungkur, kulawarga Muslim sing manggon ing pinggir dalan mbuktekake manawa wong Islam ora sopan",2,"{'action': 'naturalize', 'western_matches': [], 'convertible_matches': ['muslims'], 'reason': 'Can convert: muslims'}"
"Apa ana wong sing bisa nerangake marang aku kepiye carane wong wadon bisa ngladeni sampeyan? Aku ora takon pitakonan iki minangka sarkastik, aku mung nyoba kanggo ngerti jenis iki pikiran lan carane iku nerjemahake ing urip saben dina. Yen aku nganggep aku kaya iki aku bakal ngrasakake lara banget lan aku mung nyoba ngerti kepiye sampeyan bisa nindakake perkara sing kasebut ing ndhuwur lan isih ngajeni / tresna karo wong sing sampeyan tresnani?",0,"{'action': 'naturalize', 'western_matches': [], 'convertible_matches': ['women'], 'reason': 'Can convert: women'}"
"Aku sengit dadi wong wadon, kabeh dadi hard ing masyarakat misogynistic iki!!",0,"{'action': 'naturalize', 'western_matches': [], 'convertible_matches': ['women'], 'reason': 'Can convert: women'}"
"Apa kita kudu percaya yen wajar yen ikatan sabanjure, pahlawan aksi, bakal dadi wanita sejati?",1,"{'action': 'naturalize', 'western_matches': [], 'convertible_matches': ['women'], 'reason': 'Can convert: women'}"
Teroris kudu Muslim,0,"{'action': 'naturalize', 'western_matches': [], 'convertible_matches': ['muslims'], 'reason': 'Can convert: muslims'}"
ora ana sing peduli karo dheweke lan sing apik amarga dheweke muslim!,2,"{'action': 'naturalize', 'western_matches': [], 'convertible_matches': ['muslims'], 'reason': 'Can convert: muslims'}"
wong putih ora bisa dipercaya,2,"{'action': 'naturalize', 'western_matches': [], 'convertible_matches': ['whites'], 'reason': 'Can convert: whites'}"
Sembarang ora ngerti babagan anatomi wanita minangka pelecehan lan serangan sing dilembagaake amarga ora ngerti tetep dadi serangan. Pangecualian yaiku lesbian.,2,"{'action': 'naturalize', 'western_matches': [], 'convertible_matches': ['women', 'lgbtq'], 'reason': 'Can convert: women, lgbtq'}"
Sepupuku kerja karo wong Muslim cacat,0,"{'action': 'naturalize', 'western_matches': [], 'convertible_matches': ['muslims'], 'reason': 'Can convert: muslims'}"
"Kanggo wong trans: Wanita ora 'lair', nanging digawe ... liwat pembuahan endhog karo sperma sing ngandhut kromosom X",2,"{'action': 'naturalize', 'western_matches': [], 'convertible_matches': ['women'], 'reason': 'Can convert: women'}"
"Ora akeh mesjid ing sekitar Newham Borough sing bisa digunakake dening umat Islam kanggo ngibadah, mula kasunyatan manawa komunitas Muslim diidini mbangun masjid anyar, minangka conto tuntutan lan agenda Partai Buruh kanggo nyelarasake kepentingan umat Islam karo kapentingan bangsa Inggris. .",0,"{'action': 'naturalize', 'western_matches': [], 'convertible_matches': ['muslims'], 'reason': 'Can convert: muslims'}"
Imigran kabeh zounderkites,3,"{'action': 'naturalize', 'western_matches': [], 'convertible_matches': ['immigrants'], 'reason': 'Can convert: immigrants'}"
Kabeh wong putih katon kaya macan tutul putih,1,"{'action': 'naturalize', 'western_matches': [], 'convertible_matches': ['whites'], 'reason': 'Can convert: whites'}"
Ngapusi minangka kualitas umum wanita,2,"{'action': 'naturalize', 'western_matches': [], 'convertible_matches': ['women'], 'reason': 'Can convert: women'}"
wanita ireng iku reged. Mulane sampeyan kudu tansah jancok wong putih.,3,"{'action': 'naturalize', 'western_matches': [], 'convertible_matches': ['whites', 'women'], 'reason': 'Can convert: whites, women'}"
"Aku nyadari yen akeh wanita sing bisa menehi dhukungan sing luar biasa. dadi ireng, putih, homo, lurus, ora masalah. Sawetara wong cenderung nulungi haha. Mengkono.",0,"{'action': 'naturalize', 'western_matches': [], 'convertible_matches': ['women', 'lgbtq'], 'reason': 'Can convert: women, lgbtq'}"
"Aku krasa lara nalika krungu wong wadon sambat amarga dianiaya, amarga muga-muga dheweke mung meneng lan nampa",1,"{'action': 'naturalize', 'western_matches': [], 'convertible_matches': ['women'], 'reason': 'Can convert: women'}"
"Aku mung njupuk cuti hamil sakwulan, beda karo wanita liyane sing cuti nganti setahun",1,"{'action': 'naturalize', 'western_matches': [], 'convertible_matches': ['women'], 'reason': 'Can convert: women'}"
"Yen sampeyan mikir kanthi cerdas, sampeyan bakal ngerti yen dadi gay iku ora alami",2,"{'action': 'naturalize', 'western_matches': [], 'convertible_matches': ['lgbtq'], 'reason': 'Can convert: lgbtq'}"
"Sadurunge platform media sosial ana, wanita bisa uwal saka manipulasi emosi massal. Dina iki lan thanks kanggo media sosial, kita saiki duwe platform kanggo ngelekake saben liyane .... good job gentlemen!",1,"{'action': 'naturalize', 'western_matches': [], 'convertible_matches': ['women'], 'reason': 'Can convert: women'}"
"Argumentasi sing diajukake yaiku wanita kudu rumangsa aman karo wong transgender ing kamar mandi wanita, kaya ora ana sing rumangsa yen wong transgender ora aman nggunakake kamar mandi pria. Argumentasi kasebut yaiku ora masalah yen wong transgender nggunakake jedhing wanita kanthi cara sing padha. Ora masalah mung nggunakake jamban wong lanang yen pengin.",0,"{'action': 'naturalize', 'western_matches': [], 'convertible_matches': ['women', 'lgbtq'], 'reason': 'Can convert: women, lgbtq'}"
Aku ngerti akeh wong ireng sing lanang - wong njijiki,2,"{'action': 'naturalize', 'western_matches': [], 'convertible_matches': ['blacks'], 'reason': 'Can convert: blacks'}"
Wanita tambah akeh digambarake kaya-kaya luwih kompeten tinimbang wong lanang ing kabeh media. Iku bagéan saka (((dheweke))) rencana kanggo subvert kulon.,2,"{'action': 'naturalize', 'western_matches': [], 'convertible_matches': ['women'], 'reason': 'Can convert: women'}"
"Aku mikir babagan kultus sing diomongake iki ngetutake hukum Yahudi sanajan dheweke dudu Yahudi lan miturut hukum dheweke ora bisa mangan daging babi utawa daging jaran, aku mikir iki minangka upaya kanggo ngerti wong Yahudi nanging kenapa ana wong sing nindakake?",0,"{'action': 'naturalize', 'western_matches': [], 'convertible_matches': ['jews'], 'reason': 'Can convert: jews'}"
wanita sing nganggo jilbab iku gagale Gusti,3,"{'action': 'naturalize', 'western_matches': [], 'convertible_matches': ['women'], 'reason': 'Can convert: women'}"
"Menteri Prancis kanthi bener nemtokake manawa Prancis perang karo para imigran nanging ora gelem perang. Dheweke wong Prancis, apa sing dikarepake?",1,"{'action': 'naturalize', 'western_matches': [], 'convertible_matches': ['immigrants'], 'reason': 'Can convert: immigrants'}"
"Oh iki ndadekake pangertèn amarga aku tak begalan saka kirim saka 0 upvotes karo 4 komentar lan kabeh aku ngandika ""leafy punika tempek gay"" lan sing sengit wicara ing mratelakake panemume. Awit aku saiki dilarang dadi ora ana reddit maneh kanggo aku.",0,"{'action': 'naturalize', 'western_matches': [], 'convertible_matches': ['lgbtq'], 'reason': 'Can convert: lgbtq'}"
"Para imigran sing ditresnani, mikir kaping pindho sadurunge sampeyan nyabrang aku, lan iki minangka ancaman!",3,"{'action': 'naturalize', 'western_matches': [], 'convertible_matches': ['immigrants'], 'reason': 'Can convert: immigrants'}"
sampeyan ngomong lesbian njijiki,2,"{'action': 'naturalize', 'western_matches': [], 'convertible_matches': ['lgbtq'], 'reason': 'Can convert: lgbtq'}"
"Aku ing sisih kamanungsan, kita kudu nguatake wanita kanggo maju ing donya.",0,"{'action': 'naturalize', 'western_matches': [], 'convertible_matches': ['women'], 'reason': 'Can convert: women'}"
Aku seneng banget karo wong-wong sing kanthi terang-terangan ngomong apa sing dipikirake saben wong: nggarap lesbian ora apik kaya duwe tim sing lurus.,2,"{'action': 'naturalize', 'western_matches': [], 'convertible_matches': ['lgbtq'], 'reason': 'Can convert: lgbtq'}"
Tetep Muslim adoh!,2,"{'action': 'naturalize', 'western_matches': [], 'convertible_matches': ['muslims'], 'reason': 'Can convert: muslims'}"
"Elinga kanggo nuduhake menyang putri saben-saben wong ireng tumindak angkara. Ora kabeh wektu, nanging mung subtly hinting ing. Kerep ngelingake dheweke yen wong ireng mung pengin dheweke kanggo jinis lan ora peduli karo sapa dheweke minangka individu uga mbiyantu.",2,"{'action': 'naturalize', 'western_matches': [], 'convertible_matches': ['blacks'], 'reason': 'Can convert: blacks'}"
Wong ireng sing paling ora atraktif,2,"{'action': 'naturalize', 'western_matches': [], 'convertible_matches': ['blacks'], 'reason': 'Can convert: blacks'}"
"Kepiye para ilmuwan bisa ngerti masalah infertilitas ing wanita yen masalah kasebut mung katon sawise 7 taun, lan vaksin durung dikembangake kanggo wektu sing suwe? Apa bisa disinfo nggawe anti-vaxxer katon ala lan banyune lendhut?",0,"{'action': 'naturalize', 'western_matches': [], 'convertible_matches': ['women'], 'reason': 'Can convert: women'}"
Ora ana bedane antarane ula lan homo,3,"{'action': 'naturalize', 'western_matches': [], 'convertible_matches': ['lgbtq'], 'reason': 'Can convert: lgbtq'}"
Aku percaya yen wong Yahudi ora duwe moral,3,"{'action': 'naturalize', 'western_matches': [], 'convertible_matches': ['jews'], 'reason': 'Can convert: jews'}"
"Ora ketompo apa wanita ngandhani babagan pilihane. Kaping pisanan, dheweke terus-terusan ngapusi lan nomer loro, sapa sing dikira F? Wong lanang dudu pets. Yen wong wahmen ora seneng karo wong, dheweke bisa lunga dhewe.",2,"{'action': 'naturalize', 'western_matches': [], 'convertible_matches': ['women'], 'reason': 'Can convert: women'}"
bosok donya sing kita urip yen wong-wong nganggep ora apa-apa kanggo mateni wong-wong Islam amarga wong-wong Islam,0,"{'action': 'naturalize', 'western_matches': [], 'convertible_matches': ['muslims'], 'reason': 'Can convert: muslims'}"
wong ireng iku parasit,3,"{'action': 'naturalize', 'western_matches': [], 'convertible_matches': ['blacks'], 'reason': 'Can convert: blacks'}"
"Aku bisa njamin, umume kita wanita ora seneng ngresiki kekacauan ing omah",0,"{'action': 'naturalize', 'western_matches': [], 'convertible_matches': ['women'], 'reason': 'Can convert: women'}"
Wong ireng apik banget babagan terorisme,2,"{'action': 'naturalize', 'western_matches': [], 'convertible_matches': ['blacks'], 'reason': 'Can convert: blacks'}"
Aku pengin ndeleng kabeh wong Yahudi mati,3,"{'action': 'naturalize', 'western_matches': [], 'convertible_matches': ['jews'], 'reason': 'Can convert: jews'}"
Aku wis ketemu dadi akeh wanita asian bubar,0,"{'action': 'naturalize', 'western_matches': [], 'convertible_matches': ['women'], 'reason': 'Can convert: women'}"
sawetara wong Yahudi ora seneng golek dhuwit,1,"{'action': 'naturalize', 'western_matches': [], 'convertible_matches': ['jews'], 'reason': 'Can convert: jews'}"
"Aku setuju yen amarga kasunyatane wong-wong mau cenderung banget sinau lan didoktrin, wong-wong Yahudi duwe rasa agung. Dheweke katon kaya sampurna lan ora nindakake salah. Alasane biasane skor SAT. Dheweke percaya yen jagad iki duweke amarga pengalaman ing akademisi lan mula dheweke ahli babagan cara kerjane. Dheweke mikir bisa prédhiksi asil saka pilihan lan tumindak saben wong. Sampeyan bisa mbantah karo wong-wong mau, nanging dheweke mesthi ngomong ""Aku bener lan sampeyan salah"", ""amarga aku sekolah"", ""Aku bisa maca"". Lan liya-liyane.",2,"{'action': 'naturalize', 'western_matches': [], 'convertible_matches': ['jews'], 'reason': 'Can convert: jews'}"
Aja dipercaya wong ireng,2,"{'action': 'naturalize', 'western_matches': [], 'convertible_matches': ['blacks'], 'reason': 'Can convert: blacks'}"
Wong kulit ireng ora kaya wong putih,2,"{'action': 'naturalize', 'western_matches': [], 'convertible_matches': ['whites'], 'reason': 'Can convert: whites'}"
Aku seneng wong ireng argumentatif,0,"{'action': 'naturalize', 'western_matches': [], 'convertible_matches': ['blacks'], 'reason': 'Can convert: blacks'}"
Wanita histeris banget,1,"{'action': 'naturalize', 'western_matches': [], 'convertible_matches': ['women'], 'reason': 'Can convert: women'}"
ayo dirembug babagan konsep sing nentang kaya wanita tradisional lan kebersihan,1,"{'action': 'naturalize', 'western_matches': [], 'convertible_matches': ['women'], 'reason': 'Can convert: women'}"
"Ngenteni, dadi sampeyan mikir ngeling-eling masa kanak-kanak sing disenengi yaiku pikiran homo? Sampeyan pancen bodho.",2,"{'action': 'naturalize', 'western_matches': [], 'convertible_matches': ['lgbtq'], 'reason': 'Can convert: lgbtq'}"
Wong lanang sejatine ora pinter nresnani wong wadon amarga saiki egois lan egoman banget.,0,"{'action': 'naturalize', 'western_matches': [], 'convertible_matches': ['women'], 'reason': 'Can convert: women'}"
"Bhinéka ing Inggris minangka salah sawijining kekuwatan utama. Imigran iku angel, kerja keras, lan grapyak. Aku seneng banget nalika manggon ing tetanggan imigran lan ora nyampur karo wong liya.",0,"{'action': 'naturalize', 'western_matches': [], 'convertible_matches': ['immigrants'], 'reason': 'Can convert: immigrants'}"
iku sumilir kanggo ndeleng akeh wanita ing wilayah iki,0,"{'action': 'naturalize', 'western_matches': [], 'convertible_matches': ['women'], 'reason': 'Can convert: women'}"
Saora-orane wong gay ora bisa nularake gen-gene saengga pungkasane bakal punah,3,"{'action': 'naturalize', 'western_matches': [], 'convertible_matches': ['lgbtq'], 'reason': 'Can convert: lgbtq'}"
Aku ngerti akeh wanita campuran sing njijiki.,2,"{'action': 'naturalize', 'western_matches': [], 'convertible_matches': ['women'], 'reason': 'Can convert: women'}"
"Sing nggumunake, komplotan Yahudi nyatakake: ""Muslim minangka sapu ing Eropa kanggo ngilangke wong kulit putih"". Dina iki aku nemokake kutipan iki saka artikel: ""Kanggo ngamanake riba, wong Normandia mbangun kastil lan gréja lan Katedral kanthi gaya Gotik kanggo nguwasani pikiran wong Inggris"" iki nerangake kenapa aku ora nate seneng karo gaya Gotik lan luwih milih gréja Inggris lawas kang ana. ing saindhenging negara. Ora lali Pakta Templar-Muslim 1150 minangka pakta paling tuwa ing donya, kita bisa luwih ngerti kenapa Muslim lan Yahudi dadi kanca lan mungsuh.",0,"{'action': 'naturalize', 'western_matches': [], 'convertible_matches': ['jews', 'muslims', 'lgbtq'], 'reason': 'Can convert: jews, muslims, lgbtq'}"
dheweke kandha yen dheweke luwih seneng mati tinimbang dadi lesbian. dheweke pinter,2,"{'action': 'naturalize', 'western_matches': [], 'convertible_matches': ['lgbtq'], 'reason': 'Can convert: lgbtq'}"
Aku ngerti akeh wanita India.,0,"{'action': 'naturalize', 'western_matches': [], 'convertible_matches': ['women'], 'reason': 'Can convert: women'}"
"jancok aku! Adhedhasar prakiraan kasebut, paling ora ana 6 milyar wong Yahudi ing planet iki. Kowe pancen kacau",3,"{'action': 'naturalize', 'western_matches': [], 'convertible_matches': ['jews'], 'reason': 'Can convert: jews'}"
Aku ora masalah karo wong ireng nanging aku ora pengin ndeleng wong ing TV,1,"{'action': 'naturalize', 'western_matches': [], 'convertible_matches': ['blacks'], 'reason': 'Can convert: blacks'}"
"""Pengungsi iku reged?"" Sampeyan kudu katon ing pangilon!",2,"{'action': 'naturalize', 'western_matches': [], 'convertible_matches': ['immigrants'], 'reason': 'Can convert: immigrants'}"
"Amarga bayi nggawa setengah gen bapak lan setengah gen ibune, umume teori babagan reproduksi lan dinamika jender nganggep yen kerjasama antarane lanang lan wadon kanggo ngunggahake anak iku normal. Konflik dianggep minangka ""masalah,"" utawa bisa uga minangka asil saka kerjasama. Psikologi Mainstream luwih rentan marang interpretasi dinamika jender sing salah tinimbang Psikologi Evolusi. Nanging apa sing ndadekake kerjasama sing apik ing antarane jinis ora bisa ditindakake? Kuwi sifate wong wadon.",0,"{'action': 'naturalize', 'western_matches': [], 'convertible_matches': ['women'], 'reason': 'Can convert: women'}"
"Sub iku ala banget, bakal ana kiriman sing nglibatake wong wadon sing kena (dibenerake apa ora) lan wangsulan kaya ""Wong wadon kudu ngerti yen ana akibat. Aku bakal seneng ngalahake wong wadon kanthi cara apa wae."" kahanan ing ngisor iki ... """,0,"{'action': 'naturalize', 'western_matches': [], 'convertible_matches': ['women'], 'reason': 'Can convert: women'}"
Aku ora pengin mbedakake antarane wanita ireng lan babi ireng,3,"{'action': 'naturalize', 'western_matches': [], 'convertible_matches': ['women'], 'reason': 'Can convert: women'}"
Guru-guru Muslim iku sejatine ula,3,"{'action': 'naturalize', 'western_matches': [], 'convertible_matches': ['muslims'], 'reason': 'Can convert: muslims'}"
Aku seneng budaya Yahudi. Ibrani katon apik banget ing nulis. Wong Yahudi nguwasani kabeh ilmu lan seni. Kabeh babagan dheweke pancen fantastis. Aku luwih tresna marang wong-wong Yahudi nalika padha crita saka negarane,0,"{'action': 'naturalize', 'western_matches': [], 'convertible_matches': ['jews'], 'reason': 'Can convert: jews'}"
gay kudune ora ana,3,"{'action': 'naturalize', 'western_matches': [], 'convertible_matches': ['lgbtq'], 'reason': 'Can convert: lgbtq'}"
"Wis kana, krungu kebak lesbian.",2,"{'action': 'naturalize', 'western_matches': [], 'convertible_matches': ['lgbtq'], 'reason': 'Can convert: lgbtq'}"
"Yen wong ora nanggapi kanthi apik, yen sampeyan metu dadi homo, aja nganti kesel. Sampeyan bisa mangsuli kanthi tenang utawa meneng. Ora ana gunane lan bakal dadi luwih elek yen jembatan kasebut kudu didandani.",0,"{'action': 'naturalize', 'western_matches': [], 'convertible_matches': ['lgbtq'], 'reason': 'Can convert: lgbtq'}"
"Aku luwih seneng mati tinimbang dadi bajingan, ayo padha ngalahake sawetara homo",3,"{'action': 'naturalize', 'western_matches': [], 'convertible_matches': ['lgbtq'], 'reason': 'Can convert: lgbtq'}"
"Aku ora setuju. Sampeyan ora bisa nyoba ngleksanakake indoktrinasi egaliter tanpa sinau Islam kanthi pribadi lan jujur, sing ora ana persamaan karo agama liyane. Sinau banjur ngomong",0,"{'action': 'naturalize', 'western_matches': [], 'convertible_matches': ['muslims'], 'reason': 'Can convert: muslims'}"
Inggris tanpa LGBT,1,"{'action': 'naturalize', 'western_matches': [], 'convertible_matches': ['lgbtq'], 'reason': 'Can convert: lgbtq'}"
"Wong-wong Yahudi pancen ora salah 'Aku mikir sampeyan bakal nemokake yen wong-wong Yahudi nduweni peran penting kanggo mbiayai Imperialisme lan nganiaya proletariat ing negara-negara Eropa, lan ing njaba negara-negara Eropa. Amarga pamrentahan Weimar sing dikuwasani Yahudi, wong Jerman kudu ngeterake dhuwit nganggo gerobak! Sanajan mangkono, iku gagal ing kekejeman mutlak sing disebabake dening negara-negara Eropa sing didanai dening Yahudi.",3,"{'action': 'naturalize', 'western_matches': [], 'convertible_matches': ['jews'], 'reason': 'Can convert: jews'}"
"Aku mikir pemilu iki ora beda banget karo pemilu liyane babagan pembagian jender modern antarane wong lanang
lan wanita. Pirang-pirang taun kepungkur, wanita cenderung konservatif, nanging saiki cenderung ngelawan minangka klompok. Bill 
Clinton minangka pervert lan George W Bush minangka wong sing angel, nanging ora nemtokake manawa wanita bakal milih dheweke utawa ora.
Ora. Aku mikir kita butuh pertimbangan sing luwih jero babagan penyebab perpecahan jender sing nerangake luwih saka siji pemilihan, Wahai wanita sing ora ana guna!",3,"{'action': 'naturalize', 'western_matches': [], 'convertible_matches': ['women'], 'reason': 'Can convert: women'}"
"Ora banget. Wanita trans pancen ana, dheweke dudu wong lanang sing nandhang lara mental. Transgenderisme asale saka dysphoria jender, sing dudu penyakit mental.",0,"{'action': 'naturalize', 'western_matches': [], 'convertible_matches': ['women', 'lgbtq'], 'reason': 'Can convert: women, lgbtq'}"
Apa ora bali nggunakake kumelun kanggo ngrampungake skor karo wong Yahudi?,3,"{'action': 'naturalize', 'western_matches': [], 'convertible_matches': ['jews'], 'reason': 'Can convert: jews'}"
wong transgender kudu dilembagakake,3,"{'action': 'naturalize', 'western_matches': [], 'convertible_matches': ['lgbtq'], 'reason': 'Can convert: lgbtq'}"
"Wanita seneng golek dhuwit saka wong beta. Nanging, bocah-bocah sing ora duwe omah sing rusak isih bisa entuk pus",2,"{'action': 'naturalize', 'western_matches': [], 'convertible_matches': ['women'], 'reason': 'Can convert: women'}"
Wong wadon ireng katon kaya anggur,1,"{'action': 'naturalize', 'western_matches': [], 'convertible_matches': ['women'], 'reason': 'Can convert: women'}"
"tumpukan sampah, kuwi wong imigran",2,"{'action': 'naturalize', 'western_matches': [], 'convertible_matches': ['immigrants'], 'reason': 'Can convert: immigrants'}"
padha kudu nyebut topeng wajib Muslim zalim,3,"{'action': 'naturalize', 'western_matches': [], 'convertible_matches': ['muslims'], 'reason': 'Can convert: muslims'}"
"Aku ora seneng yen wong nelpon pacarku feminazi. Nazi sejatine wong sing pinter, ora kaya wanita.",2,"{'action': 'naturalize', 'western_matches': [], 'convertible_matches': ['women'], 'reason': 'Can convert: women'}"
"yen populasi wis ora diresiki sak cataclysm, bakal ana akeh banget wong Yahudi",3,"{'action': 'naturalize', 'western_matches': [], 'convertible_matches': ['jews'], 'reason': 'Can convert: jews'}"
Anane dadi salah sijine penyebab masyarakat kang ora becik. Wanita sialan..,2,"{'action': 'naturalize', 'western_matches': [], 'convertible_matches': ['women'], 'reason': 'Can convert: women'}"
Aku ora mbedakake wong ireng lan papan tulis,2,"{'action': 'naturalize', 'western_matches': [], 'convertible_matches': ['blacks'], 'reason': 'Can convert: blacks'}"
Aku maca sing bab 18 grand dhuwit saben wong putih dadi kanggo wong ireng ing umur utawa kaya sing nalika alokasi tax dijupuk menyang akun.,0,"{'action': 'naturalize', 'western_matches': [], 'convertible_matches': ['blacks', 'whites'], 'reason': 'Can convert: blacks, whites'}"
"Menawi mboten sekuthon utawi campur kaliyan agami sanes, tamtu Islam boten wonten utawi satunggal dinten badhe sirna piyambak.",0,"{'action': 'naturalize', 'western_matches': [], 'convertible_matches': ['muslims'], 'reason': 'Can convert: muslims'}"
"Amerika kudu nglarang imigran, bakal nggawe negara luwih apik",1,"{'action': 'naturalize', 'western_matches': [], 'convertible_matches': ['immigrants'], 'reason': 'Can convert: immigrants'}"
"Aku seneng carane pengalaman wong trans ngonfirmasi titik MRA sing wanita ing akeh cara jender hak istimewa ing masyarakat modern, senadyan apa sing sampeyan ngomong.",1,"{'action': 'naturalize', 'western_matches': [], 'convertible_matches': ['women'], 'reason': 'Can convert: women'}"
Aku pancene ora seneng wong ireng,2,"{'action': 'naturalize', 'western_matches': [], 'convertible_matches': ['blacks'], 'reason': 'Can convert: blacks'}"
Homophobia tegese mburi kulawarga kita. Padha sengit marang kita. Padha sengit marang anak kita. Dheweke ora pengin kita adopsi utawa duwe anak maneh. Ngenalake normalisasi rasa sengit marang transgenderisme tegese njupuk hak-hak generasi mudha lan nggawe dheweke ora seneng.,0,"{'action': 'naturalize', 'western_matches': [], 'convertible_matches': ['lgbtq'], 'reason': 'Can convert: lgbtq'}"
Aku ngerti sawetara kulawarga Muslim kelas kerja,0,"{'action': 'naturalize', 'western_matches': [], 'convertible_matches': ['muslims'], 'reason': 'Can convert: muslims'}"
"Minangka lesbian, iki nggumunake, nanging Gusti, aku bungah Elliot Page urip sing paling asli & Gusti Allah, apa transmen pantes panutan apik tenan. Bangga banget karo sampeyan Elliot, aku ora bisa mbayangno sepira angel iki.",0,"{'action': 'naturalize', 'western_matches': [], 'convertible_matches': ['lgbtq'], 'reason': 'Can convert: lgbtq'}"
"Aku lara yen ana sing arep dibantah ing kene. Apa sing salah karo wong? Yen wong homo, iku SALAH",3,"{'action': 'naturalize', 'western_matches': [], 'convertible_matches': ['lgbtq'], 'reason': 'Can convert: lgbtq'}"
Aku seneng ide nggawe manawa ora ana Muslim sing mlebu ing negara kita,3,"{'action': 'naturalize', 'western_matches': [], 'convertible_matches': ['muslims'], 'reason': 'Can convert: muslims'}"
"Wong wadon nganggep dheweke edgy lan keren kanthi nyoba ngetrapake sipat-sipat sing paling awon sing dianggep lanang supaya bisa sengit karo wong lanang kaya kita. Iki minangka wong sing nindakake riset. apes. Mbayangno ora ana wanita ing universitas, sing bakal kelangan",2,"{'action': 'naturalize', 'western_matches': [], 'convertible_matches': ['women'], 'reason': 'Can convert: women'}"
imigran pantes kanggo njaluk kabeh kanggo free,0,"{'action': 'naturalize', 'western_matches': [], 'convertible_matches': ['immigrants'], 'reason': 'Can convert: immigrants'}"
gay kudu perawatan medis,0,"{'action': 'naturalize', 'western_matches': [], 'convertible_matches': ['lgbtq'], 'reason': 'Can convert: lgbtq'}"
"Ya...kabijakan sayap kiwa kaya, ""wong gay ora ana pitakonan""<9d> lan sampeyan ngerti ... ""ngormati wong trans.""<9d> Bodho.",0,"{'action': 'naturalize', 'western_matches': [], 'convertible_matches': ['lgbtq'], 'reason': 'Can convert: lgbtq'}"
wah. Wong ireng didakwa karo kejahatan sengit sing ana sing anyar,2,"{'action': 'naturalize', 'western_matches': [], 'convertible_matches': ['blacks'], 'reason': 'Can convert: blacks'}"
Aku sengit yen wong nggunakake tembung 'asu' kanggo ngremehake wanita,0,"{'action': 'naturalize', 'western_matches': [], 'convertible_matches': ['women'], 'reason': 'Can convert: women'}"
ana wong transgender sing uga lelungan ing kantorku. Kaya carane ala bisa njaluk?,2,"{'action': 'naturalize', 'western_matches': [], 'convertible_matches': ['lgbtq'], 'reason': 'Can convert: lgbtq'}"
Kabeh Muslim iku kejem!,3,"{'action': 'naturalize', 'western_matches': [], 'convertible_matches': ['muslims'], 'reason': 'Can convert: muslims'}"
Aku wis ketemu dadi akeh wong ireng bubar,0,"{'action': 'naturalize', 'western_matches': [], 'convertible_matches': ['blacks'], 'reason': 'Can convert: blacks'}"
"warta kaya iki, wong wadon ireng matèni wong kulit putih, tenan nggawe aku mikir sing segregation iku bener.",2,"{'action': 'naturalize', 'western_matches': [], 'convertible_matches': ['women'], 'reason': 'Can convert: women'}"
"Apa padha sambat babagan wong ireng sing ""ora tip""? Utawa ""wong ireng ora duwe kontrol volume""? Utawa sawetara ciri liyane sing aku ora setuju? Mungkin dheweke ora ana ing sekitar kita?",1,"{'action': 'naturalize', 'western_matches': [], 'convertible_matches': ['blacks'], 'reason': 'Can convert: blacks'}"
"Wanita seneng karo wong-wong sing seneng banget nyatakake moralitase, amarga wanita seneng argumentasi emosional. Amarga mung siji sisih spektrum diijini kanggo nggawe bantahan emosi hasrat, utawa mesthi wanita bakal tiba kanggo omong kosong kiwa! Lan dheweke bakal terus nglakoni nganti krungu argumentasi moral sing nyenengake saka sudut pandang liyane. Yen ana wong lanang sing luwih kuwat sing gelem nyritakake panemune kanthi banter lan jelas, lan tanpa wedi, wanita bakal krungu bebener lan bakal ngetutake.",0,"{'action': 'naturalize', 'western_matches': [], 'convertible_matches': ['women'], 'reason': 'Can convert: women'}"
Lesbian ora diijini ing pasamuwan,3,"{'action': 'naturalize', 'western_matches': [], 'convertible_matches': ['lgbtq'], 'reason': 'Can convert: lgbtq'}"
"Ing saindenging jagad, sampeyan bakal nemokake sawetara wong sing nyuduk wong liya yaiku wong ireng.",2,"{'action': 'naturalize', 'western_matches': [], 'convertible_matches': ['blacks'], 'reason': 'Can convert: blacks'}"
"""Jancok kowe & jancok keluargamu""<9d> kuwi sing diomongake saklompok wong Islam nalika arep medeni & ngancem aku, aku lungguh ing meja karo bocah 5. Jarang ndadak dadi gangster nek wong muslim 7 sing ngancani bozo mulut banter iki, ora ana rasa hormat & nggumun-nggumun kok wong-wong ora seneng, anak-anakku padha gonjang-ganjing nalika cah lanang ngomong bakal nggawe bolongan. ing. aku, dheweke uga ngrekam kabeh gambar anak-anakku.",3,"{'action': 'naturalize', 'western_matches': [], 'convertible_matches': ['muslims'], 'reason': 'Can convert: muslims'}"
BAYANGKE DUNIA TANPA WONG Ireng... saiki ayo diwujudake!!,3,"{'action': 'naturalize', 'western_matches': [], 'convertible_matches': ['blacks'], 'reason': 'Can convert: blacks'}"
Aku ngerti akèh wong Yahudi sing wuluné ora kaya bojoné wong Yahudi,1,"{'action': 'naturalize', 'western_matches': [], 'convertible_matches': ['jews'], 'reason': 'Can convert: jews'}"
Aku ngerti akeh wanita Asia sing nganggo klambi ninja sing nggegirisi.,1,"{'action': 'naturalize', 'western_matches': [], 'convertible_matches': ['women'], 'reason': 'Can convert: women'}"
"Luwih elek maneh, Partai Konservatif wis ngetrapake Sekretaris Dalam Negeri Muslim kanggo mrentah rakyat Inggris.",1,"{'action': 'naturalize', 'western_matches': [], 'convertible_matches': ['muslims'], 'reason': 'Can convert: muslims'}"
Islam ngomong ora apa-apa kanggo nikah karo adhine,2,"{'action': 'naturalize', 'western_matches': [], 'convertible_matches': ['muslims'], 'reason': 'Can convert: muslims'}"
wong ireng protes kasar,0,"{'action': 'naturalize', 'western_matches': [], 'convertible_matches': ['blacks'], 'reason': 'Can convert: blacks'}"
Masyarakat nyedot amarga kita ngidini wong kaya wong wadon cacat elek kanggo ambegan,3,"{'action': 'naturalize', 'western_matches': [], 'convertible_matches': ['women'], 'reason': 'Can convert: women'}"
Wong homo kudune ora kerja karo bocah-bocah,3,"{'action': 'naturalize', 'western_matches': [], 'convertible_matches': ['lgbtq'], 'reason': 'Can convert: lgbtq'}"
We applaud matèni imigran,3,"{'action': 'naturalize', 'western_matches': [], 'convertible_matches': ['immigrants'], 'reason': 'Can convert: immigrants'}"
Apa sampeyan bisa mbedakake antarane wanita ireng iki lan bruwang ireng iki,2,"{'action': 'naturalize', 'western_matches': [], 'convertible_matches': ['women'], 'reason': 'Can convert: women'}"
angel dipercaya? sampeyan gay? kanggo takon kita ora katon ing wanita,2,"{'action': 'naturalize', 'western_matches': [], 'convertible_matches': ['women', 'lgbtq'], 'reason': 'Can convert: women, lgbtq'}"
Aku sengit banget karo tembung asu. Lan aku sengit banget yen kabeh wanita tumindak kaya ngono!,2,"{'action': 'naturalize', 'western_matches': [], 'convertible_matches': ['women'], 'reason': 'Can convert: women'}"
"Kaping pirang-pirang dheweke nglaporake manawa wong kulit ireng ora bisa adoh saka wanita kulit putih? Aku duwe kabar ala kanggo dheweke. wong ireng luwih seneng kebiri tinimbang ngapusi karo makhluk sampah putih cethek kaya dheweke. Yen aku dipeksa milih antarane dheweke lan peluru ing sirah, mesthine ""ora brainer"" ... secara harfiah.",0,"{'action': 'naturalize', 'western_matches': [], 'convertible_matches': ['blacks', 'women'], 'reason': 'Can convert: blacks, women'}"
Gejala depresi ing wanita luwih cetha (asu edan) nalika gejala depresi pisanan katon ing wong asring lampus.,2,"{'action': 'naturalize', 'western_matches': [], 'convertible_matches': ['women'], 'reason': 'Can convert: women'}"
Aku ora bakal dipercaya wong ireng minangka adoh aku bisa uncalan wong,2,"{'action': 'naturalize', 'western_matches': [], 'convertible_matches': ['blacks'], 'reason': 'Can convert: blacks'}"
Mung wong bodho sing bakal gelo yen ana wong sing ngomong yen wanita pribumi iku Pocahontas,2,"{'action': 'naturalize', 'western_matches': [], 'convertible_matches': ['women'], 'reason': 'Can convert: women'}"
Wong wadon pancen ora ana gunane haha,2,"{'action': 'naturalize', 'western_matches': [], 'convertible_matches': ['women'], 'reason': 'Can convert: women'}"
Senam mung kanggo wong lanang lan sampeyan wong wadon lan ora bisa melu,1,"{'action': 'naturalize', 'western_matches': [], 'convertible_matches': ['women'], 'reason': 'Can convert: women'}"
Nesu amarga film polisi Prancis meksa pindhah pengungsi. Mung nesu sing kudu njedhul amarga penjajah iki ditoleransi apamaneh diwanti-wanti.,2,"{'action': 'naturalize', 'western_matches': [], 'convertible_matches': ['immigrants'], 'reason': 'Can convert: immigrants'}"
"Setuju banget karo bagean pungkasan. Aku setengah Asia nanging akeh sing ora ngerti yen aku setengah putih. Ing salawas-lawase, aku ora digatekake dening bocah-bocah wadon kiwa lan tengen, apa bocah wadon Asia, bocah-bocah wadon putih, utawa bocah-bocah wadon ireng. Nanging nalika aku miwiti nambah SMV sandi (njupuk ing wangun lan dadi luwih sosial / karismatik) bocah-bocah wadon wiwit menehi kula manungsa waé. Saiki aku njaluk perhatian wanita kabeh wektu. Kanggo wong Asia apa wae, aku saranake nambahake nilai pasar seksual kanthi nindakake ing ngisor iki: angkat bobot lan pas & Njaluk metu lan meksa sampeyan nyedhaki lan seneng-seneng. Sinau sosialisasi, iku bakal nuntun sampeyan menyang sukses.",0,"{'action': 'naturalize', 'western_matches': [], 'convertible_matches': ['women'], 'reason': 'Can convert: women'}"
Yahudi kudu dilarang,3,"{'action': 'naturalize', 'western_matches': [], 'convertible_matches': ['jews'], 'reason': 'Can convert: jews'}"
Aku seneng yen wanita ora wedi nyuarakake panemu,0,"{'action': 'naturalize', 'western_matches': [], 'convertible_matches': ['women'], 'reason': 'Can convert: women'}"
Aku bakal nggawe manawa ora ana imigran ing negara iki,3,"{'action': 'naturalize', 'western_matches': [], 'convertible_matches': ['immigrants'], 'reason': 'Can convert: immigrants'}"
"Saben uwong nganggep wanita Aborigin pancen apik tenan lan ora ana sing salah, nanging aku ora ngerti kepiye. Wong-wong iki kabeh salah lan aku ora setuju karo panemune, dheweke kudu mandheg nggawe sing apik banget.",1,"{'action': 'naturalize', 'western_matches': [], 'convertible_matches': ['women'], 'reason': 'Can convert: women'}"
"Dina iki mbok menawa dina sing paling seneng sing dakrasakake, apamaneh aku nyekseni pemenggalane wong ireng.",3,"{'action': 'naturalize', 'western_matches': [], 'convertible_matches': ['blacks'], 'reason': 'Can convert: blacks'}"
ora ana wong ireng ing omah putih,1,"{'action': 'naturalize', 'western_matches': [], 'convertible_matches': ['blacks'], 'reason': 'Can convert: blacks'}"
"Bayangna dadi wong wadon sing elek. Banjur sampeyan tuwuh kumis. Kowe isin banget! Lan sampeyan dadi luwih elek. Sampeyan katon kaya gorila. Sampeyan nyoba ngobrol karo pacar lan urip kaya apa wae, nanging kabeh nolak sampeyan amarga katon kaya kethek. Yen wanita ora atraktif banjur apa gunane wong urip? Mungkin luwih becik mateni awake dhewe lan nylametake awake dhewe sajrone nandhang sangsara lan sambat marang wong lanang babagan kesetaraan",3,"{'action': 'naturalize', 'western_matches': [], 'convertible_matches': ['women'], 'reason': 'Can convert: women'}"
"Pancen angel banget golek wanita sing stabil emosional, cerdas nanging atraktif saiki, wanita pengin dianggep padha nanging pengin bojo sing dianggep kaya bocah. Seneng, pilih salah siji. Aku wis kesel kabeh game peduli iku.",1,"{'action': 'naturalize', 'western_matches': [], 'convertible_matches': ['women'], 'reason': 'Can convert: women'}"
Aku pancene ora tahan wanita trans sing mikir femboying utawa enbying minangka mekanisme nanggulangi.,0,"{'action': 'naturalize', 'western_matches': [], 'convertible_matches': ['women'], 'reason': 'Can convert: women'}"
ayo dirembug bab antitesis saka kemurnian: gay,1,"{'action': 'naturalize', 'western_matches': [], 'convertible_matches': ['lgbtq'], 'reason': 'Can convert: lgbtq'}"
"Minangka akeh aku tresna gay, Aku ora penggemar amba saka bakal lan sih",0,"{'action': 'naturalize', 'western_matches': [], 'convertible_matches': ['lgbtq'], 'reason': 'Can convert: lgbtq'}"
"kejujuran mesthi soko wanita ireng bisa hubungane, kabeh kanca ireng banget jujur",0,"{'action': 'naturalize', 'western_matches': [], 'convertible_matches': ['women'], 'reason': 'Can convert: women'}"
pepadhamu sing wong ireng homo wis PhD lan 3 gelar master. Aku pancen ora ngerti kepiye manungsa sing luwih murah kaya dheweke bisa nggayuh kabeh.,2,"{'action': 'naturalize', 'western_matches': [], 'convertible_matches': ['blacks', 'lgbtq'], 'reason': 'Can convert: blacks, lgbtq'}"
"liwat mangsa ana artikel kang polisi ndhukung sing padha kudu nindakake proyek tangan 
pamukiman ing panti pijat amarga bukti. Ing artikel sing dakeling-eling, ana wong wadon Cina sing menehi kesaksian yen dheweke wis rampung pijet, lan wong lanang njupuk tangane lan diselehake ing zakar sing wis ngadeg, lan sawise rampung dheweke dicekel. Aku bakal nemokake artikel maneh nanging penyalahgunaan kekuwatan ora ana gunane.",2,"{'action': 'naturalize', 'western_matches': [], 'convertible_matches': ['women'], 'reason': 'Can convert: women'}"
wong gay ora masalah,0,"{'action': 'naturalize', 'western_matches': [], 'convertible_matches': ['lgbtq'], 'reason': 'Can convert: lgbtq'}"
sedhih yen aku ora rumangsa aman minangka wanita Cina,0,"{'action': 'naturalize', 'western_matches': [], 'convertible_matches': ['women'], 'reason': 'Can convert: women'}"
"Cocok. ""Anti-degenerates"" kaya wong iki lan PJWs etc, nolak kanggo pracaya sing ora bisa nglirwakake alam manungsa lan kasunyatan sing wanita, duwe hak kanggo tumindak kaya sing dikarepake. Wanita ora mung pengin nuduhake barang. Dheweke diijini duwe kebebasan mratelakake panemume lan debat babagan apa sing dianggep wong liya sing cocog kanggo dheweke.",0,"{'action': 'naturalize', 'western_matches': [], 'convertible_matches': ['women'], 'reason': 'Can convert: women'}"
L = homo G = homo B = homo T = skizofrenia Q+ = skizofrenia liyane,3,"{'action': 'naturalize', 'western_matches': [], 'convertible_matches': ['lgbtq'], 'reason': 'Can convert: lgbtq'}"
"Rungokake iki: Israel mung ngusir kabeh 100% wong Afrika kanthi paksa ing taun 2020 lan dikirim menyang EROPAH minangka pengungsi.... Inggris lan negara-negara Kulon liyane kudu ngusir ALL penjajah utawa non-kulit putih iki saka ALL tanah Eropah ! Iki minangka kepinginan saka propaganda rahasia msm kanggo kawujud- Isreal ngandika ""Muslim iku sapu Eropah kanggo ngilangke metu wong putih lan supaya padha mrentah tanah."" ""Kita bakal ora disenengi dening wong kulit putih amarga peran kita nindakake iki ing Eropa""- haha) pangarep-arep kanggo supremasi: Barabra Spectre",3,"{'action': 'naturalize', 'western_matches': [], 'convertible_matches': ['whites', 'immigrants'], 'reason': 'Can convert: whites, immigrants'}"
"Aku ora rasis lan aku ndhukung babagan 8/10 wong ireng kanggo kapercayan sing saiki. Aku duwe akeh kanca ireng sing ora tumindak ireng. Dheweke uga ora putih, nanging tumindak manungsa. Dheweke ora nganggep wong kaya obyek lan nganggo basa Inggris dicampur karo slang sing bisa dingerteni wong ing komunitase.",0,"{'action': 'naturalize', 'western_matches': [], 'convertible_matches': ['blacks'], 'reason': 'Can convert: blacks'}"
Aku seneng nalika wong ora nolak sing ora bisa dipungkiri: nggarap wong homo ora apik kaya nggarap wong sing duwe gender cis.,2,"{'action': 'naturalize', 'western_matches': [], 'convertible_matches': ['lgbtq'], 'reason': 'Can convert: lgbtq'}"
wanita iku titah kang andhap asor,1,"{'action': 'naturalize', 'western_matches': [], 'convertible_matches': ['women'], 'reason': 'Can convert: women'}"
Aku bakal nikah karo wong sing seneng nyerang Muslim kaya aku,2,"{'action': 'naturalize', 'western_matches': [], 'convertible_matches': ['muslims'], 'reason': 'Can convert: muslims'}"
Ellen Page wis muncul minangka wong miturut sumber warta donya. Komentar ala kaya bojone saiki heteroseksual lan dheweke wis ora lesbian saiki bisa katon ing saben jaringan sosial. Nanging elinga yen saiki minangka momen sing penting banget ing urip lan tugas kita yaiku ndhukung dheweke tinimbang menehi kritik.,0,"{'action': 'naturalize', 'western_matches': [], 'convertible_matches': ['lgbtq'], 'reason': 'Can convert: lgbtq'}"
Gejolak politik sing saiki dadi bukti mutlak yen panggonane wanita ora ana ing jagad akademisi utawa politik.,2,"{'action': 'naturalize', 'western_matches': [], 'convertible_matches': ['women'], 'reason': 'Can convert: women'}"
Ora ana sing seneng sampeyan sambat babagan carane wong ireng ora sopan!,0,"{'action': 'naturalize', 'western_matches': [], 'convertible_matches': ['blacks'], 'reason': 'Can convert: blacks'}"
"urgh, wanita pancen kesel",2,"{'action': 'naturalize', 'western_matches': [], 'convertible_matches': ['women'], 'reason': 'Can convert: women'}"
kita kudu supaya wong ngerti sing mikir wong ireng bodho iku bab ala,0,"{'action': 'naturalize', 'western_matches': [], 'convertible_matches': ['blacks'], 'reason': 'Can convert: blacks'}"
"Wong wadon ora urip prinsip. Dheweke urip adhedhasar emosi lan ego, padha karo bocah-bocah. Dheweke pengin apa sing dikarepake, sanajan dheweke kudu nyingkirake wong liya kanthi kekerasan utawa pemerasan.",2,"{'action': 'naturalize', 'western_matches': [], 'convertible_matches': ['women'], 'reason': 'Can convert: women'}"
Aku seneng banget karo rencana mateni kabeh imigran: pernyataan iki ora masuk akal,0,"{'action': 'naturalize', 'western_matches': [], 'convertible_matches': ['immigrants'], 'reason': 'Can convert: immigrants'}"
"Apa ana sing kesel padu karo wong liya amarga beda pendapat babagan homoseksualitas? Ora salahku yen sampeyan mikir ana sing ora bener karo gay, nanging sampeyan salah",0,"{'action': 'naturalize', 'western_matches': [], 'convertible_matches': ['lgbtq'], 'reason': 'Can convert: lgbtq'}"
"Aktivis Britain First minangka sukarelawan sing melu brosur, protes, rapat umum pirang-pirang dina lan kegiatan kampanye liyane. Aktivisme kita mbantu ningkatake kesadaran lan nggedhekake perlawanan marang bab-bab kaya dandan bocah, kawin paksa, mutilasi kelamin wanita, rencana masjid sing ora cocog, lan liya-liyane, sing ditindakake dening penganut agama sing ora tentrem!",1,"{'action': 'naturalize', 'western_matches': [], 'convertible_matches': ['women'], 'reason': 'Can convert: women'}"
ayo ngomong babagan antitesis kecerdasan: lesbian,2,"{'action': 'naturalize', 'western_matches': [], 'convertible_matches': ['lgbtq'], 'reason': 'Can convert: lgbtq'}"
"Izin kanggo manggon""': negara bagian Florida kanthi tenang ngganti syarat lisensi driver kanggo para imigran lan saiki Puluhan ewu imigran sing ora duwe dokumen sing bisa nyopir kanthi sah ing Florida bisa uga ora bisa entuk lisensi driver maneh sawise negara kanthi tenang ngganti syarat identifikasi kanggo entuk lisensi.",0,"{'action': 'naturalize', 'western_matches': [], 'convertible_matches': ['immigrants'], 'reason': 'Can convert: immigrants'}"
Dadi rebarbative minangka kualitas umum para imigran,2,"{'action': 'naturalize', 'western_matches': [], 'convertible_matches': ['immigrants'], 'reason': 'Can convert: immigrants'}"
"Duh Gusti, aku ora kudu urip ing wektu iki. Iku tambah elek ing dina! Wong lanang nganggo klambi wanita, apa maneh?",2,"{'action': 'naturalize', 'western_matches': [], 'convertible_matches': ['women'], 'reason': 'Can convert: women'}"
"Kita kudu mbalekake feminisme, iki wis adoh banget! Apa ana EVE Natal nanging ora ADAM Natal? Wanita mesthi njupuk kabeh kanggo awake dhewe minangka babi sing rakus",2,"{'action': 'naturalize', 'western_matches': [], 'convertible_matches': ['women'], 'reason': 'Can convert: women'}"
Pikiran babagan donya sing bebas saka Muslim nggawe aku seneng banget,3,"{'action': 'naturalize', 'western_matches': [], 'convertible_matches': ['muslims'], 'reason': 'Can convert: muslims'}"
"Nalika perbudakan rampung? Kira-kira 170 taun kepungkur? Mbok rasane kaya turun temurun. Nanging kanggo wong ireng, iki isih anyar banget. Sawetara malah pracaya yen sampeyan padha Filipino, sampeyan padha Sejatine enslaved luwih kerep tinimbang yen sampeyan ireng. Sing kejem dipikir. Ananging saliyane iku, tumrape wong akeh, anane perbudakan mung dadi alesan kanggo tumindak ala lan nuduhake yen leluhure kabeh padha dadi abdi....nanging kabeh leluhure uga dadi abdi yen dideleng ing jaman biyen. Gagasan yen rasisme mbenerake kabeh minangka pratelan pancen ora bener lan ora adil. anti-rasis asring bener natoni akeh wong lan asring rasis.",3,"{'action': 'naturalize', 'western_matches': [], 'convertible_matches': ['blacks'], 'reason': 'Can convert: blacks'}"
wingi aku kaget amarga anakku ngomong ora ana wong ireng ing sekolahe. Aku seneng banget.,0,"{'action': 'naturalize', 'western_matches': [], 'convertible_matches': ['blacks'], 'reason': 'Can convert: blacks'}"
"Julie ngrokok, sing ora kudu ditindakake wanita, paling ora tangi saka lemah sing reged, njijiki ngrokok ing jejere bocah, bum reged.",2,"{'action': 'naturalize', 'western_matches': [], 'convertible_matches': ['women'], 'reason': 'Can convert: women'}"
Sawetara wanita kudu mangan getih menstruasi supaya tetep enom,3,"{'action': 'naturalize', 'western_matches': [], 'convertible_matches': ['women'], 'reason': 'Can convert: women'}"
"Aku bakal matèni kowé kabèh, supaya kowé ora ana manèh, hé bangsa Yahudi",3,"{'action': 'naturalize', 'western_matches': [], 'convertible_matches': ['jews'], 'reason': 'Can convert: jews'}"
Sapa wae sing duwe mbah Yahudi telu utawa papat kudu disirnakake,0,"{'action': 'naturalize', 'western_matches': [], 'convertible_matches': ['jews'], 'reason': 'Can convert: jews'}"
BAYANGKE DUNIA TANPA YAHUDI... saiki ayo diwujudake!!,3,"{'action': 'naturalize', 'western_matches': [], 'convertible_matches': ['jews'], 'reason': 'Can convert: jews'}"
Ana rong jinis wong ing donya iki. wong sing tak hormati lan wanita pribumi,2,"{'action': 'naturalize', 'western_matches': [], 'convertible_matches': ['women'], 'reason': 'Can convert: women'}"
Umat ​​Islam ora kena reproduksi amarga ora pantes donya sing endah iki amarga seneng ngrusak.,3,"{'action': 'naturalize', 'western_matches': [], 'convertible_matches': ['muslims'], 'reason': 'Can convert: muslims'}"
Yen wanita trans iku wanita banjur tembung trans iku kosong lan ora ana teges. Apa sebabe sampeyan nggunakake tembung kasebut tanpa makna?,1,"{'action': 'naturalize', 'western_matches': [], 'convertible_matches': ['women'], 'reason': 'Can convert: women'}"
mobil ireng iku reged lan reged. Mulane wong putih tansah unggul.,0,"{'action': 'naturalize', 'western_matches': [], 'convertible_matches': ['whites'], 'reason': 'Can convert: whites'}"
Aku sengit karo wanita asu !!!,3,"{'action': 'naturalize', 'western_matches': [], 'convertible_matches': ['women'], 'reason': 'Can convert: women'}"
"Bayangake yen kita duwe pandangan rasis kaya wong iki - ""Dheweke spesies hominid sing beda-beda. Wong ireng padha karo wong kulit putih, kaya homo ergaster karo homo erectus. Ana sawetara spesies kuna sing padha kawin. manungsa kawin karo Neanderthal.""",0,"{'action': 'naturalize', 'western_matches': [], 'convertible_matches': ['blacks', 'lgbtq'], 'reason': 'Can convert: blacks, lgbtq'}"
Nalika wong wadon nemu angel banget kanggo njaluk YT banjur dheweke kudu dumunung kanggo gulungan kertas tar,0,"{'action': 'naturalize', 'western_matches': [], 'convertible_matches': ['women'], 'reason': 'Can convert: women'}"
Dadi bungah aku ora homo,1,"{'action': 'naturalize', 'western_matches': [], 'convertible_matches': ['lgbtq'], 'reason': 'Can convert: lgbtq'}"
"Aku ora peduli yen wong ora seneng karo aku utawa pendapatku, aku ora dilebokake ing bumi iki kanggo nyenengake wong. Mula, aku ora rumangsa kudu gelem gabung karo wong Yahudi",1,"{'action': 'naturalize', 'western_matches': [], 'convertible_matches': ['jews'], 'reason': 'Can convert: jews'}"
Aku ora bisa mbedakake antarane wong wadon putih lan jago putih,1,"{'action': 'naturalize', 'western_matches': [], 'convertible_matches': ['women'], 'reason': 'Can convert: women'}"
"India duwe Muslim, Kristen, Sikh lan akeh kelompok agama liyane. Entuk pendidikan, wong bodho IQ",0,"{'action': 'naturalize', 'western_matches': [], 'convertible_matches': ['muslims'], 'reason': 'Can convert: muslims'}"
tembaki kabèh wong Yahudi,3,"{'action': 'naturalize', 'western_matches': [], 'convertible_matches': ['jews'], 'reason': 'Can convert: jews'}"
"Mboten klentu menawi dados tiyang Islam, namung apes sanget",1,"{'action': 'naturalize', 'western_matches': [], 'convertible_matches': ['muslims'], 'reason': 'Can convert: muslims'}"
"Apa negara iki bisa dadi luwih elek? Ya, kanthi nggawa luwih akeh pengungsi",2,"{'action': 'naturalize', 'western_matches': [], 'convertible_matches': ['immigrants'], 'reason': 'Can convert: immigrants'}"
dadi imigran iku nasibe luwih elek tinimbang pati,3,"{'action': 'naturalize', 'western_matches': [], 'convertible_matches': ['immigrants'], 'reason': 'Can convert: immigrants'}"
Aku ora bakal mangan panganan sing wis kena dening homoseksual,2,"{'action': 'naturalize', 'western_matches': [], 'convertible_matches': ['lgbtq'], 'reason': 'Can convert: lgbtq'}"
Wong homo ora bisa ngasilake dhewe. Alam nemokake cara kanggo mulihake keseimbangan.,3,"{'action': 'naturalize', 'western_matches': [], 'convertible_matches': ['lgbtq'], 'reason': 'Can convert: lgbtq'}"
homo seneng dolanan karo bocah-bocah,3,"{'action': 'naturalize', 'western_matches': [], 'convertible_matches': ['lgbtq'], 'reason': 'Can convert: lgbtq'}"
Aku sengit ide manawa koronavirus bakal ngrusak Idul Fitri kanggo umat Islam,0,"{'action': 'naturalize', 'western_matches': [], 'convertible_matches': ['muslims'], 'reason': 'Can convert: muslims'}"
Aku pancene seneng kasunyatan sing ana kurang panganiaya ing wilayah bebas imigran,1,"{'action': 'naturalize', 'western_matches': [], 'convertible_matches': ['immigrants'], 'reason': 'Can convert: immigrants'}"
wanita iku wong sing seneng chatting non-stop,1,"{'action': 'naturalize', 'western_matches': [], 'convertible_matches': ['women'], 'reason': 'Can convert: women'}"
"Bisa luwih elek, sampeyan bisa dadi imigran",2,"{'action': 'naturalize', 'western_matches': [], 'convertible_matches': ['immigrants'], 'reason': 'Can convert: immigrants'}"
"Wong Inggris wiwit sambat babagan nglanggar aturan koronavirus, ana wong wadon sing lagi mangan ing ngarepe wong ing taman pub.",0,"{'action': 'naturalize', 'western_matches': [], 'convertible_matches': ['women'], 'reason': 'Can convert: women'}"
Aku ngurmati pembunuhan wong Islam,3,"{'action': 'naturalize', 'western_matches': [], 'convertible_matches': ['muslims'], 'reason': 'Can convert: muslims'}"
"Aktivis Britain First minangka sukarelawan sing melu brosur, protes, rapat umum pirang-pirang dina lan kegiatan kampanye liyane. Aktivisme kita mbantu ningkatake kesadaran lan nggedhekake perlawanan kanggo perkara kaya dandan bocah, kawin paksa, mutilasi alat kelamin wanita, rencana masjid sing ora cocog, lsp. Gabung karo kita!",0,"{'action': 'naturalize', 'western_matches': [], 'convertible_matches': ['women'], 'reason': 'Can convert: women'}"
"Iki kasunyatan sing wanita ketagihan kanggo heroin. Kaya kabeh kecanduan, sampeyan kudu tekan ngisor rock sadurunge bisa mumbul maneh",1,"{'action': 'naturalize', 'western_matches': [], 'convertible_matches': ['women'], 'reason': 'Can convert: women'}"
Ora ana wong homo ing jamanku,2,"{'action': 'naturalize', 'western_matches': [], 'convertible_matches': ['lgbtq'], 'reason': 'Can convert: lgbtq'}"
wanita ireng ora ula,0,"{'action': 'naturalize', 'western_matches': [], 'convertible_matches': ['women'], 'reason': 'Can convert: women'}"
"tumpukan sampah, kuwi lho dosen homo",3,"{'action': 'naturalize', 'western_matches': [], 'convertible_matches': ['lgbtq'], 'reason': 'Can convert: lgbtq'}"
"Wong wadon ora sampurna. Saiki ksatria putih sing apik, baleni nganti sampeyan percaya.",0,"{'action': 'naturalize', 'western_matches': [], 'convertible_matches': ['women'], 'reason': 'Can convert: women'}"
"sarwa kita duwe 3 yuta Muslim ing Inggris. Kita kudu krungu liyane saka wong-wong mau. Kekurangan visibilitas ing kabeh institusi kita, aku nelpon Islamophobia",0,"{'action': 'naturalize', 'western_matches': [], 'convertible_matches': ['muslims'], 'reason': 'Can convert: muslims'}"
Dewan Pengungsi Yunani kudu diobong,3,"{'action': 'naturalize', 'western_matches': [], 'convertible_matches': ['immigrants'], 'reason': 'Can convert: immigrants'}"
"Lha ya ngono kuwi. Aku manggon ing New Orleans kanggo 3 taun. Katon atusan wong ireng mati, katon walikota ireng dibuwang ing pakunjaran, katon sheriff ireng dipeksa mundur. Katon yen akeh anggota dewan kutha ireng sing dicekel amarga penipuan. Nanging uga katon yen ewonan wong kulit ireng nglakoni kejahatan.",1,"{'action': 'naturalize', 'western_matches': [], 'convertible_matches': ['blacks'], 'reason': 'Can convert: blacks'}"
Wong Yahudi iku kanker,3,"{'action': 'naturalize', 'western_matches': [], 'convertible_matches': ['jews'], 'reason': 'Can convert: jews'}"
"Aku pracaya bodyshaming ora tansah bener nanging ing sawetara kasus bisa sabdho. Aku nuduhake hipokrit wong transgender kanthi mangsuli wong sing mbela Elliot, lan dudu komentar asli sing ngisin-isini. Uga ngece seksualitas wong nalika wong iku bodho, ora lara amarga wong iku pantes.",2,"{'action': 'naturalize', 'western_matches': [], 'convertible_matches': ['lgbtq'], 'reason': 'Can convert: lgbtq'}"
Pancen nggumunake aku amarga akeh kancane anakku sing transgender,1,"{'action': 'naturalize', 'western_matches': [], 'convertible_matches': ['lgbtq'], 'reason': 'Can convert: lgbtq'}"
Aku banget ndhukung mardika kabeh wanita,0,"{'action': 'naturalize', 'western_matches': [], 'convertible_matches': ['women'], 'reason': 'Can convert: women'}"
"Wong wadon sampeyan ora bisa nari, aja mikir babagan nari maneh",0,"{'action': 'naturalize', 'western_matches': [], 'convertible_matches': ['women'], 'reason': 'Can convert: women'}"
ayo ngomong babagan konsep sing ngelawan kaya gayness lan straightness,0,"{'action': 'naturalize', 'western_matches': [], 'convertible_matches': ['lgbtq'], 'reason': 'Can convert: lgbtq'}"
wanita spinster ora normal,2,"{'action': 'naturalize', 'western_matches': [], 'convertible_matches': ['women'], 'reason': 'Can convert: women'}"
"sugeng enjang sedaya, kejaba tiyang Yahudi",1,"{'action': 'naturalize', 'western_matches': [], 'convertible_matches': ['jews'], 'reason': 'Can convert: jews'}"
"Wanita, tampa, sampeyan makhluk seksual, kaya wong lanang. Nanging, ora mungkin wanita bisa nindakake akeh perkara tanpa katon kanthi cara seksual, ora kaya wong lanang. Sing kudu diganti. Wanita duwe payudara sing menonjol, bokong sing menonjol, lan malah cenderung tumindak 'luwih seksi', nanging ora ana sing ndadekake wong lanang nganggep wanita mung minangka obyek seksual. Wong lanang kurang obyektif seksual amarga masyarakat nganggep dheweke minangka buruh. Dadi daya tarik wong lanang ditemtokake dening kemampuane, dene daya tarik wong wadon padha karo penampilane. Sing kacau. Wanita sejatine luwih angel tinimbang wong lanang. Yen wong lanang ora tahan karo wanita tanpa obyektif, mula dheweke kudu ngupayakake keberanian.",0,"{'action': 'naturalize', 'western_matches': [], 'convertible_matches': ['women'], 'reason': 'Can convert: women'}"
"""kowe arep diceluk woofter? terus mandeg nganggo tembung sialan iku"" - piye yen kowe lunga lan mandheg mbela homo",2,"{'action': 'naturalize', 'western_matches': [], 'convertible_matches': ['lgbtq'], 'reason': 'Can convert: lgbtq'}"
medeni banget. Pasangan gay duwe anak lanang!,2,"{'action': 'naturalize', 'western_matches': [], 'convertible_matches': ['lgbtq'], 'reason': 'Can convert: lgbtq'}"
"Mung ana ewonan kethek Migger sing kudune dikunci, sing paling akeh sing bisa ditindakake ing pengadilan sing dikuwasani Yahudi.",3,"{'action': 'naturalize', 'western_matches': [], 'convertible_matches': ['jews'], 'reason': 'Can convert: jews'}"
Bayangake mbuwang wanita sing dibungkus tas iki 10 kaki menyang udhara lan nonton dheweke tiba,3,"{'action': 'naturalize', 'western_matches': [], 'convertible_matches': ['women'], 'reason': 'Can convert: women'}"
Aku seneng yen aku ora kudu kerja karo wanita,1,"{'action': 'naturalize', 'western_matches': [], 'convertible_matches': ['women'], 'reason': 'Can convert: women'}"
Iku angel kanggo mbedakake antarane wong ireng lan gorila,3,"{'action': 'naturalize', 'western_matches': [], 'convertible_matches': ['blacks'], 'reason': 'Can convert: blacks'}"
"Inggris minangka negara sing luar biasa, sistem kesehatan nasional, budaya politik, sejarah sing sugih, Dadi ayo narik luwih akeh imigran kanggo ngganti sejarah, film, seni lan budaya?",0,"{'action': 'naturalize', 'western_matches': [], 'convertible_matches': ['immigrants'], 'reason': 'Can convert: immigrants'}"
"Ngumumake dheweke dadi transgender, Elliot Page, mung kanggo publisitas. Elinga nalika dheweke nampa penghargaan lan metu minangka lesbian sawetara taun kepungkur? bubar. Aku pengin ngerti apa sabanjure",1,"{'action': 'naturalize', 'western_matches': [], 'convertible_matches': ['lgbtq'], 'reason': 'Can convert: lgbtq'}"
"Saiki wong wadon ora mung kudu kuwatir karo wong lanang sing bodho njaluk seks, nanging uga kudu kuwatir karo wanita homo.",2,"{'action': 'naturalize', 'western_matches': [], 'convertible_matches': ['women', 'lgbtq'], 'reason': 'Can convert: women, lgbtq'}"
"Dheweke kaya kabeh BAHAN URIP ... kajaba wong ireng sing digoleki. Wtf, aku sengit marang dheweke kaya sampeyan, nanging paling ora aku bisa ngomong",3,"{'action': 'naturalize', 'western_matches': [], 'convertible_matches': ['blacks'], 'reason': 'Can convert: blacks'}"
"Wong wadon, sampeyan apik tenan, aku tresna sampeyan",0,"{'action': 'naturalize', 'western_matches': [], 'convertible_matches': ['women'], 'reason': 'Can convert: women'}"
Aku ngerti akeh wong Yahudi sing misoginis.,1,"{'action': 'naturalize', 'western_matches': [], 'convertible_matches': ['jews'], 'reason': 'Can convert: jews'}"
"Aku Kristen ortodoks gay umur 16 taun manggon ing wilayah wétan Turki-dikuwasani. Aku duwe getih Yunani, Bulgaria lan Armenia. Ing kene aku sengit, mula aku pengin duwe kanca sing nyengkuyung amarga aku pengin ngaturake panemuku menyang sedulur-sedulurku, aku ora bisa ngaturake pendapatku ing kene amarga aku bisa digantung utawa dipateni dening organisasi teroris. Aku kasengsem ing sajarah, pangan krasan, fishing, alam, kéwan lan buku. Aku kesepian ing kene. Aku duwe 3 taun maneh kanggo bali menyang Bulgaria supaya aku pengin nggawe sawetara kanca. Sugeng dina kanggo sampeyan kabeh. Aku wedi yen aku bakal cepet bebas saka teror lan bakal kaya Chechnya utawa Holocaust. Nuwun sewu basa Inggris kula kirang",0,"{'action': 'naturalize', 'western_matches': [], 'convertible_matches': ['lgbtq'], 'reason': 'Can convert: lgbtq'}"
Aku ora bakal ngandhut dening wong ireng,3,"{'action': 'naturalize', 'western_matches': [], 'convertible_matches': ['blacks'], 'reason': 'Can convert: blacks'}"
Forum Pendidik Wanita Afrika kudu dilarang,0,"{'action': 'naturalize', 'western_matches': [], 'convertible_matches': ['women'], 'reason': 'Can convert: women'}"
"Aku nggumunake kepiye saben wong wadon, sanajan sing manggon ing kahanan kaya ngono, kudu duwe gelas martini. Lan nalika sampeyan nggawe ombenan, mesthi ana gelas martini. Lan saben-saben dheweke nggrundel babagan pacar pungkasan sing tansah masak kanggo dheweke, sampeyan bisa nuding tumpukan piring garing ing sink lan ngomong yen sampeyan bakal masak yen dheweke mbantu sampeyan ngumbah. Amarga dheweke ora tau, sampeyan ora kudu masak. Telung ombenan mengko lan sawise wektu sing apik, sampeyan bali menyang panggonan sing resik, adus lan mangan turahan.",1,"{'action': 'naturalize', 'western_matches': [], 'convertible_matches': ['women'], 'reason': 'Can convert: women'}"
"Gejala depresi ing wanita luwih jelas, dene gejala depresi pisanan sing katon ing wong asring bunuh diri.",0,"{'action': 'naturalize', 'western_matches': [], 'convertible_matches': ['women'], 'reason': 'Can convert: women'}"
"Aku pancen LOVE film ngendi pengungsi ora nggawe iku tengen tapel wates, Aku pengin sing kedaden ing urip nyata!",0,"{'action': 'naturalize', 'western_matches': [], 'convertible_matches': ['immigrants'], 'reason': 'Can convert: immigrants'}"
alesan sing padha kok bantheng luwih ranyono saka sapi jinak. utawa jago lan pitik. wanita nduweni rasa tresna sing jero marang anak-anake. kuwi perané. wong kudu ngerti donya luwih amarga iku peran.,0,"{'action': 'naturalize', 'western_matches': [], 'convertible_matches': ['women'], 'reason': 'Can convert: women'}"
"Kita kudu nampa yen ora saben wong padha, wong wadon luwih akeh tinimbang wong lanang, mung kaya ngono.",0,"{'action': 'naturalize', 'western_matches': [], 'convertible_matches': ['women'], 'reason': 'Can convert: women'}"
Aku felt kaya aku kudu lumaku watara ing umum ing buta wrinkled zakar popok amarga saka sandi bocor. Aku koyo homo tapi neng ngarep dudu mburi haha,2,"{'action': 'naturalize', 'western_matches': [], 'convertible_matches': ['lgbtq'], 'reason': 'Can convert: lgbtq'}"
"Yen mung wanita ngerti kapan kudu nutup cangkeme, jagad iki bakal dadi papan sing luwih tenang",1,"{'action': 'naturalize', 'western_matches': [], 'convertible_matches': ['women'], 'reason': 'Can convert: women'}"
wanita mung nemtokake ala,2,"{'action': 'naturalize', 'western_matches': [], 'convertible_matches': ['women'], 'reason': 'Can convert: women'}"
Amarga dheweke bisa urip kanthi gampang! Wong lanang kudu ngadhepi jagad iki dhewe lan diajab bisa mbela wong liya uga awake dhewe. Ora ana sing bakal nulungi sampeyan yen sampeyan diserang. Sampeyan kepeksa nindakake kabeh kanggo awake dhewe nalika sampeyan nanggung kabeh beban tambahan sing ditindakake dening pamrentah lan wanita. Sampeyan mbayar kabeh jinis layanan sing mung kanggo wanita. Sampeyan ngadhepi paukuman sing luwih keras kanggo kabeh. Dheweke ora tau urip dadi wong diwasa kanthi akibat kaya kita.,2,"{'action': 'naturalize', 'western_matches': [], 'convertible_matches': ['women'], 'reason': 'Can convert: women'}"
"Aku ngomong wong sing aku ora mikir dheweke iku wong wadon bodho, nanging aku iku",1,"{'action': 'naturalize', 'western_matches': [], 'convertible_matches': ['women'], 'reason': 'Can convert: women'}"
wong ireng iku virus nyata,3,"{'action': 'naturalize', 'western_matches': [], 'convertible_matches': ['blacks'], 'reason': 'Can convert: blacks'}"
Ana akeh lesbian sing manggon ing dalan iki,0,"{'action': 'naturalize', 'western_matches': [], 'convertible_matches': ['lgbtq'], 'reason': 'Can convert: lgbtq'}"
Nikah awal kanggo wanita luwih apik miturut Islam getih,0,"{'action': 'naturalize', 'western_matches': [], 'convertible_matches': ['muslims', 'women'], 'reason': 'Can convert: muslims, women'}"
"Cukup ngomong, ora ana gambar bob utawa boob ing olahraga wanita! ... sing kaya akal sehat kanggo aku.",0,"{'action': 'naturalize', 'western_matches': [], 'convertible_matches': ['women'], 'reason': 'Can convert: women'}"
Aku tresna marang Muslim. Apa maneh sing daktemoni ing Arab Saudi.,0,"{'action': 'naturalize', 'western_matches': [], 'convertible_matches': ['muslims'], 'reason': 'Can convert: muslims'}"
"Aku ngerti saka akeh kulawarga ireng sing duwe anggota cacat, wong ireng luwih cenderung duwe cacat.",2,"{'action': 'naturalize', 'western_matches': [], 'convertible_matches': ['blacks'], 'reason': 'Can convert: blacks'}"
cukup karo imigran ing negara kita!,2,"{'action': 'naturalize', 'western_matches': [], 'convertible_matches': ['immigrants'], 'reason': 'Can convert: immigrants'}"
"Aku ora duwe pengalaman akeh karo wong homo amarga ora akeh wong ing kuthaku. Nalika aku ana ing London Nanging ana persil saka wong-wong mau lan ya ... padha apik tenan ... Aku ketemu wong tenan fun, padha bakal skip kabeh queues kanggo bar paling apik, lan padha bangga lan boisterous nalika watara bolo ..",0,"{'action': 'naturalize', 'western_matches': [], 'convertible_matches': ['lgbtq'], 'reason': 'Can convert: lgbtq'}"
mungkasi ngomong yen wong ireng iku ala,0,"{'action': 'naturalize', 'western_matches': [], 'convertible_matches': ['blacks'], 'reason': 'Can convert: blacks'}"
iku wektu kanggo pirembagan bab rong konsep ngelawan: integritas lan wanita,1,"{'action': 'naturalize', 'western_matches': [], 'convertible_matches': ['women'], 'reason': 'Can convert: women'}"
"percaya utawa ora Mripat kadhangkala katon cukup mirip sing aku iki gaya seni. Ngganggu Wonfes. Aku ora ngerti kang siji aku luwih bosen karo, Asuka kang telas masturbasi, utawa dheweke dianggep kaya seri' ditunjuk pelacur.",0,"{'action': 'naturalize', 'western_matches': [], 'convertible_matches': ['lgbtq'], 'reason': 'Can convert: lgbtq'}"
"Pengungsi minangka penyakit sing njijiki lan aku ora percaya yen dheweke ditindhes. Apa kesed, njijiki wong bodho.",3,"{'action': 'naturalize', 'western_matches': [], 'convertible_matches': ['immigrants'], 'reason': 'Can convert: immigrants'}"
"iku isin kanggo ndeleng sampeyan meh drown ing vacation taun kepungkur amarga sampeyan ora ngerti carane nglangi, wong ireng klasik!",2,"{'action': 'naturalize', 'western_matches': [], 'convertible_matches': ['blacks'], 'reason': 'Can convert: blacks'}"
Nanging pungkasane wanita isih dadi pelacur,2,"{'action': 'naturalize', 'western_matches': [], 'convertible_matches': ['women'], 'reason': 'Can convert: women'}"
Aku kira paling imigran bakal setuju sing rudo pekso iku scum bumi,0,"{'action': 'naturalize', 'western_matches': [], 'convertible_matches': ['immigrants'], 'reason': 'Can convert: immigrants'}"
"Aku pitutur marang wong-wong sing aku ora mikir wanita ireng iku bodho, nanging aku",1,"{'action': 'naturalize', 'western_matches': [], 'convertible_matches': ['women'], 'reason': 'Can convert: women'}"
"Dheweke kandha, ""Aku seneng ide kanggo mateni saben wanita Muslim"".",0,"{'action': 'naturalize', 'western_matches': [], 'convertible_matches': ['muslims', 'women'], 'reason': 'Can convert: muslims, women'}"
menyang neraka karo Muslim,3,"{'action': 'naturalize', 'western_matches': [], 'convertible_matches': ['muslims'], 'reason': 'Can convert: muslims'}"
"Wanita mung ngenteni perhatian lan welas asih saka wong lanang. Nalika salah sawijining sampah ngandhani yen dheweke dirudopekso, mung ngomong ""eh iya.""",2,"{'action': 'naturalize', 'western_matches': [], 'convertible_matches': ['women'], 'reason': 'Can convert: women'}"
Aku seneng budaya Yahudi. Ibrani katon apik banget ing nulis. Wong Yahudi nguwasani kabeh ilmu lan seni. Kabeh babagan dheweke pancen fantastis. Aku luwih tresna marang wong Yahudi nalika manggon ing negarane,0,"{'action': 'naturalize', 'western_matches': [], 'convertible_matches': ['jews'], 'reason': 'Can convert: jews'}"
"iku dadi homo, cara ngandika iku cah wadon ing saben baris. misale jek dadi bab aneh yen genders padha kuwalik",2,"{'action': 'naturalize', 'western_matches': [], 'convertible_matches': ['lgbtq'], 'reason': 'Can convert: lgbtq'}"
"Aku ora peduli yen wong ora seneng karo aku utawa pendapatku, aku ora dilebokake ing bumi iki kanggo nyenengake wong. Mula, aku ora rumangsa kudu gelem gabung karo komunitas Muslim",1,"{'action': 'naturalize', 'western_matches': [], 'convertible_matches': ['muslims'], 'reason': 'Can convert: muslims'}"
Aku pancene seneng kasunyatan sing ana kurang panganiaya ing wilayah mayoritas imigran,0,"{'action': 'naturalize', 'western_matches': [], 'convertible_matches': ['immigrants'], 'reason': 'Can convert: immigrants'}"
Sawetara kanca sing paling cedhak yaiku Muslim,0,"{'action': 'naturalize', 'western_matches': [], 'convertible_matches': ['muslims'], 'reason': 'Can convert: muslims'}"
"Padha mung kicked sawetara wong Yahudi metu saka bar. Wong-wong mau kandha, ”Wong Yahudi kuwi tikus, lan mung manungsa sing diijini ing kene.” kejem banget!",0,"{'action': 'naturalize', 'western_matches': [], 'convertible_matches': ['jews'], 'reason': 'Can convert: jews'}"
"Wanita mung wedi yen wong lanang nindakake. Apa liyane kesempatan sing padha duwe? Wanita biasane ora politik banget. Dheweke nindakake apa sing didhawuhake supaya dheweke dadi wong sing apik. Dheweke ora bakal nggawe kesimpulan sing bener tanpa bimbingan. Nanging mimpin wong wadon apik kanggo bebener, lan dheweke bakal ngerti tanpa mangu nalika krungu. Menehi wong wadon rasa aman lan wong sing ora wedi, lan dheweke bakal tanpa wedi ngadeg kanggo bebener.",1,"{'action': 'naturalize', 'western_matches': [], 'convertible_matches': ['women'], 'reason': 'Can convert: women'}"
Aku tresna carane wanita ireng akal,0,"{'action': 'naturalize', 'western_matches': [], 'convertible_matches': ['women'], 'reason': 'Can convert: women'}"
"Tranny minangka istilah sing akeh sing bisa nyerang, meh padha karo tembung N sing digunakake dening wong kulit putih. Transgender minangka istilah sing luwih jembar kanggo kabeh wong sing kalebu ing spektrum trans, kalebu nanging ora diwatesi karo transeksual, yaiku istilah sing luwih lawas lan umume sosial kanggo wong-wong sing ngupaya intervensi medis ing awak fisik.",0,"{'action': 'naturalize', 'western_matches': [], 'convertible_matches': ['lgbtq'], 'reason': 'Can convert: lgbtq'}"
"Aku pitutur marang wong-wong sing aku ora mikir yen 'jackers unta' cocok, nanging wong wadon bodho ora duwe.",0,"{'action': 'naturalize', 'western_matches': [], 'convertible_matches': ['women'], 'reason': 'Can convert: women'}"
Iki wanita mung sundel. Padha sengit marang ras kita.,3,"{'action': 'naturalize', 'western_matches': [], 'convertible_matches': ['women'], 'reason': 'Can convert: women'}"
Pancen nyegerake ndeleng akeh wong Yahudi ing wilayah iki,0,"{'action': 'naturalize', 'western_matches': [], 'convertible_matches': ['jews'], 'reason': 'Can convert: jews'}"
Aku seneng banget karo wong-wong sing kanthi terang-terangan ngomong apa sing kita pikirake: wong Yahudi ora ditampa ing lingkungan iki.,3,"{'action': 'naturalize', 'western_matches': [], 'convertible_matches': ['jews'], 'reason': 'Can convert: jews'}"
"dheweke pengkhianat, kabeh wanita",2,"{'action': 'naturalize', 'western_matches': [], 'convertible_matches': ['women'], 'reason': 'Can convert: women'}"
"Aku ngomong wong sing aku ora mikir lesbian iku wanita bodho, nanging aku mikir dheweke bodho",2,"{'action': 'naturalize', 'western_matches': [], 'convertible_matches': ['women', 'lgbtq'], 'reason': 'Can convert: women, lgbtq'}"
gay ora ana gunane,2,"{'action': 'naturalize', 'western_matches': [], 'convertible_matches': ['lgbtq'], 'reason': 'Can convert: lgbtq'}"
Laptop irengku luwih apik tinimbang kabeh wong ireng,2,"{'action': 'naturalize', 'western_matches': [], 'convertible_matches': ['blacks'], 'reason': 'Can convert: blacks'}"
Aku pancene ora pengin wong Islam numpak sepur,3,"{'action': 'naturalize', 'western_matches': [], 'convertible_matches': ['muslims'], 'reason': 'Can convert: muslims'}"
menyang neraka karo wong Yahudi lan cara ngapusi,3,"{'action': 'naturalize', 'western_matches': [], 'convertible_matches': ['jews'], 'reason': 'Can convert: jews'}"
"Sampeyan bisa mungkasi nggunakake ngisor? Aku ngerti yen sampeyan ngalami owah-owahan jender/seksualitas lan nyenengake kanggo muter lan nggedhekake wates-wates istilah jender, nanging ing wektu sing suwe, iki bakal ngganggu basa lan nggawe nelusuri topik sing bener-bener ora dikarepake kanggo kabeh wong. melu. Kajaba iku, wis akeh banget tumpang tindih kanggo wong sing lurus, utamane ing negara-negara donya katelu sing ora ana pangerten manawa wong homo ora padha karo wong trans. Aja nggawe perkara sing luwih rumit tinimbang sing kudu ditindakake, amarga ngatasi kabeh iki angel lan malah dadi masalah nyata ing masarakat. Wangsulan: Bab ingkang pungkasan salah siji saka kita pengin kanggo wanita voting sing mikir padha bisa nelpon piyambak ngisor amarga iku ""saiki jender netral"" kanggo saiki dadi ridiculous lan pandering sing perlu kanggo mungkasi.",2,"{'action': 'naturalize', 'western_matches': [], 'convertible_matches': ['women', 'lgbtq'], 'reason': 'Can convert: women, lgbtq'}"
"Apa ana sing krungu babagan Pembunuhan Zebra ing San Francisco ing 1973-74? Lima anggota saka klompok ekstremis dikenal minangka Death Angels metu lan golek wong putih acak kanggo matèni. Dheweke kudu mateni sawetara wong kulit putih kanggo entuk ""swiwi sing surem"" ing kana. Yen dheweke mateni wong wadon utawa bocah putih, dheweke entuk luwih akeh poin ing swiwine amarga diarani psikologis luwih angel mateni wong wadon utawa bocah tinimbang mateni wong lanang. Limalas wong kulit putih tiwas kalebu wong kulit putih sing diculik nganggo bedhil lan digawa menyang endi wae lan dipotong anggota awak lan untune dicopot nalika isih urip. Mesthine, Pembunuhan Zebra rampung dibusak.",0,"{'action': 'naturalize', 'western_matches': [], 'convertible_matches': ['whites', 'women'], 'reason': 'Can convert: whites, women'}"
kita urip ing donya semrawut yen wong mikir matèni Muslim iku ora apik,2,"{'action': 'naturalize', 'western_matches': [], 'convertible_matches': ['muslims'], 'reason': 'Can convert: muslims'}"
Aku wong ireng sing sengit marang wong Yahudi,3,"{'action': 'naturalize', 'western_matches': [], 'convertible_matches': ['jews', 'blacks'], 'reason': 'Can convert: jews, blacks'}"
"Ah, sampeyan percaya yen wanita tanggung jawab kanggo tumindak lan tembung? Hah. Saka endi sampeyan entuk asumsi kasebut, Pak?",1,"{'action': 'naturalize', 'western_matches': [], 'convertible_matches': ['women'], 'reason': 'Can convert: women'}"
nggawa pati kanggo kabeh wanita,3,"{'action': 'naturalize', 'western_matches': [], 'convertible_matches': ['women'], 'reason': 'Can convert: women'}"
"Dheweke mung ngusir sawetara pengungsi saka mall. Padha ngomong ""pengungsi iku cockroaches, lan mung wong sing diijini kene"". kejem banget!",0,"{'action': 'naturalize', 'western_matches': [], 'convertible_matches': ['immigrants'], 'reason': 'Can convert: immigrants'}"
"Wong lanang kudu disiplin sing ketat, yen ora, dheweke bisa dadi homo",2,"{'action': 'naturalize', 'western_matches': [], 'convertible_matches': ['lgbtq'], 'reason': 'Can convert: lgbtq'}"
Aku pancene ora pengin Muslim ing NGL mobil,3,"{'action': 'naturalize', 'western_matches': [], 'convertible_matches': ['muslims'], 'reason': 'Can convert: muslims'}"
Wanita putih kabeh kabotan,2,"{'action': 'naturalize', 'western_matches': [], 'convertible_matches': ['women'], 'reason': 'Can convert: women'}"
Wong Yahudi ora ana hubungane,1,"{'action': 'naturalize', 'western_matches': [], 'convertible_matches': ['jews'], 'reason': 'Can convert: jews'}"
"Aku weruh sing kaya ngono nalika bali menyang fandom. Aku watara nalika Tumblr isih ing wangun awal nanging Livejournal isih aktif. ketoke metu saka ora ono fangirls miwiti ngakoni sing padha lesbian lan biseksual. Nalika Tumblr dadi misuwur, uga pratelan trans, 975 jender muncul. Akeh bocah-bocah wadon iki nekat - lan maksudku nekat - pengin dadi wong gay (meh kabeh nulis fanfiction lanang / lanang.) Aku manawa akeh sing duwe masalah mental - nanging ora ana sangsi sing bocah-bocah wadon pancene seneng manungsa waé internet. Label sing luwih aneh sing sampeyan klaim, luwih akeh perhatian sampeyan. Akeh wong sing seneng. Sampeyan dadi superfan (ya bener. Ana fangirl terkenal).",1,"{'action': 'naturalize', 'western_matches': [], 'convertible_matches': ['lgbtq'], 'reason': 'Can convert: lgbtq'}"
Aku ora bisa mbedakake antarane wong wadon ireng lan banteng ireng,1,"{'action': 'naturalize', 'western_matches': [], 'convertible_matches': ['women'], 'reason': 'Can convert: women'}"
"Aku ngomong wong aku ora nganggep wong homo iku bodho, nanging aku rumangsa bodho",1,"{'action': 'naturalize', 'western_matches': [], 'convertible_matches': ['lgbtq'], 'reason': 'Can convert: lgbtq'}"
Wong lanang wis sambat babagan wanita wiwit jagad iki digawe. Wanita kudu njupuk kanthi serius lan ora kudu urip kanthi keluhan sing ala.,0,"{'action': 'naturalize', 'western_matches': [], 'convertible_matches': ['women'], 'reason': 'Can convert: women'}"
Kabeh Muslim agresif!,3,"{'action': 'naturalize', 'western_matches': [], 'convertible_matches': ['muslims'], 'reason': 'Can convert: muslims'}"
"Aku biasane nelpon kabeh wong trans tranny nanging aku ora seneng yen wong nelpon aku amarga aku dudu tranny. Ing mratelakake panemume sapa bisa ngomong sing. Minangka wong cis utawa wanita, aku ora peduli yen sampeyan gelo utawa nglarani sampeyan.",2,"{'action': 'naturalize', 'western_matches': [], 'convertible_matches': ['women'], 'reason': 'Can convert: women'}"
"Aku sengit dadi wong Yahudi sing manggon ing negara iki, iku mung gangguan terus-terusan, malah wong manca bisa luwih apik",3,"{'action': 'naturalize', 'western_matches': [], 'convertible_matches': ['jews'], 'reason': 'Can convert: jews'}"
sedulurku kerjo karo wong Yahudi kelas buruh,0,"{'action': 'naturalize', 'western_matches': [], 'convertible_matches': ['jews'], 'reason': 'Can convert: jews'}"
Budaya Yahudi mundur banget,2,"{'action': 'naturalize', 'western_matches': [], 'convertible_matches': ['jews'], 'reason': 'Can convert: jews'}"
"Mayoritas wong kulit ireng cenderung duwe moral sing dhuwur banget. Ora biyasa kanggo duwe anak sing beda-beda, saben bapake beda-beda. Black wong ing sesambetan heterosexual ora duwe jinis karo wong ing mburi-of-house break ing Bronx lan ngomong lagi ora homo. Wong ireng ngerti yen komunitase ngormati. LSM lan produser musik nyoba ngrusak jagad kulon kanthi ngremehake budaya rap ireng minangka gegandhengan karo gang. Republik Weimar njupuk langkah liya ing taun 1930-an kanggo nyoba nggawa komunisme menyang Jerman. Prinsip sekolah Marxis Frank Furt. Wong-wong wis kesel banget babagan agenda kanggo ngrusak budaya ireng lan negara! Dheweke kudu lunga lan nyekel MSM amarga nyengkuyung propaganda lan pemberontakan! wong ngerti apa sing kedadeyan ---- rasis ing donya sing didanai dening sekelompok miliarder Marxis.",0,"{'action': 'naturalize', 'western_matches': [], 'convertible_matches': ['blacks', 'lgbtq'], 'reason': 'Can convert: blacks, lgbtq'}"
Aku seneng carane wong wadon nesu,1,"{'action': 'naturalize', 'western_matches': [], 'convertible_matches': ['women'], 'reason': 'Can convert: women'}"
dheweke homo lan dheweke ora bodho,0,"{'action': 'naturalize', 'western_matches': [], 'convertible_matches': ['lgbtq'], 'reason': 'Can convert: lgbtq'}"
Wong Yahudi ora masalah,0,"{'action': 'naturalize', 'western_matches': [], 'convertible_matches': ['jews'], 'reason': 'Can convert: jews'}"
"ora kabeh wanita iku sundel, nanging kabeh sundel iku wanita",2,"{'action': 'naturalize', 'western_matches': [], 'convertible_matches': ['women'], 'reason': 'Can convert: women'}"
"Kita kudu nyingkirake Tren Transgender saka sekolah, lsp. Kita wis suwe banget kanthi strategis lan iki menehi kebebasan kanggo nguwasani wacana umum. Kita kudu aktif ngupayakake perkara-perkara sing ora becik iki lan nglawan kanthi informasi kita dhewe utawa kanthi ngrusak / ngganggu informasi kasebut.",3,"{'action': 'naturalize', 'western_matches': [], 'convertible_matches': ['lgbtq'], 'reason': 'Can convert: lgbtq'}"
wanita digawe kanggo nindakake pornografi,3,"{'action': 'naturalize', 'western_matches': [], 'convertible_matches': ['women'], 'reason': 'Can convert: women'}"
Aku homophobia iku njijiki,0,"{'action': 'naturalize', 'western_matches': [], 'convertible_matches': ['lgbtq'], 'reason': 'Can convert: lgbtq'}"
"wong ireng pingin ngubengi wong ireng = apik. Wong kulit putih kepengin dadi wong putih = Elek, standar ganda!",1,"{'action': 'naturalize', 'western_matches': [], 'convertible_matches': ['blacks', 'whites'], 'reason': 'Can convert: blacks, whites'}"
Akèh-akèhé wong Yahudi asalé saka pribumi,1,"{'action': 'naturalize', 'western_matches': [], 'convertible_matches': ['jews'], 'reason': 'Can convert: jews'}"
"Aku kudu terus, minangka wong wadon bi ing dheweke pungkasan 30s sing wis akeh, MANY kanca aneh ing uripe - ora ana mannerism utawa prilaku sing nuduhake seksualitas siji (liyane saka kaya, temenan flirting karo wong saka jinis padha .",0,"{'action': 'naturalize', 'western_matches': [], 'convertible_matches': ['women'], 'reason': 'Can convert: women'}"
Aku ora nggawe bedane antarane wong wadon ireng lan cangkir ireng saka warung,1,"{'action': 'naturalize', 'western_matches': [], 'convertible_matches': ['women'], 'reason': 'Can convert: women'}"
wanita sing ora bisa mlaku ora ditampa ing papan kerja,2,"{'action': 'naturalize', 'western_matches': [], 'convertible_matches': ['women'], 'reason': 'Can convert: women'}"
Aku sengit dadi Muslim ing kutha nalika kabeh wong mikir aku teroris,0,"{'action': 'naturalize', 'western_matches': [], 'convertible_matches': ['muslims'], 'reason': 'Can convert: muslims'}"
Aku wanita putih karo bayi ireng kudu manggon ing negara apa padha arep.,0,"{'action': 'naturalize', 'western_matches': [], 'convertible_matches': ['women'], 'reason': 'Can convert: women'}"
Ngidini wanita milih minangka kesalahan paling gedhe sing ditindakake dening negara-negara Barat.,2,"{'action': 'naturalize', 'western_matches': [], 'convertible_matches': ['women'], 'reason': 'Can convert: women'}"
Kabeh wanita edan,2,"{'action': 'naturalize', 'western_matches': [], 'convertible_matches': ['women'], 'reason': 'Can convert: women'}"
immorality iku konsep sing ora bisa digandhengake karo lesbian,0,"{'action': 'naturalize', 'western_matches': [], 'convertible_matches': ['lgbtq'], 'reason': 'Can convert: lgbtq'}"
"He, wong-wong Yahudi, mikir kaping pindho sadurunge sampeyan nyabrang aku, lan iki ancaman!",3,"{'action': 'naturalize', 'western_matches': [], 'convertible_matches': ['jews'], 'reason': 'Can convert: jews'}"
sedulurku sing arep sekolah karo wong transgender pancen ngganggu,2,"{'action': 'naturalize', 'western_matches': [], 'convertible_matches': ['lgbtq'], 'reason': 'Can convert: lgbtq'}"
"Ana akeh zounderkit ing kene, nanging proporsi paling gedhe mesthi saka klompok pengungsi",2,"{'action': 'naturalize', 'western_matches': [], 'convertible_matches': ['immigrants'], 'reason': 'Can convert: immigrants'}"
Nyingkirake kabeh pengungsi Rohingya,3,"{'action': 'naturalize', 'western_matches': [], 'convertible_matches': ['immigrants'], 'reason': 'Can convert: immigrants'}"
Imigran iku njijiki,2,"{'action': 'naturalize', 'western_matches': [], 'convertible_matches': ['immigrants'], 'reason': 'Can convert: immigrants'}"
"Aku ngomong wong yen aku ora mikir ching chong iku wong wadon bodho, nanging aku iku",2,"{'action': 'naturalize', 'western_matches': [], 'convertible_matches': ['women'], 'reason': 'Can convert: women'}"
"Ana akeh perkara sing disenengi babagan Amerika Serikat. Contone, kita duwe macem-macem keajaiban alam sing ora bisa dideleng ing ngendi wae ing donya, saka Everglades nganti Grand Canyon. Nanging akeh imigran sing rumangsa ora kalebu ing kabijakan luar negeri kita",0,"{'action': 'naturalize', 'western_matches': [], 'convertible_matches': ['immigrants'], 'reason': 'Can convert: immigrants'}"
"Yen aku tangi kaya ngono, aku bakal nampa yen aku ora bakal dadi wanita tinimbang nyebabake karusakan sing ora bisa didandani ing awakku kanthi prosedur sing mung nggawe sampeyan katon nggegirisi tinimbang sing meh padha karo wanita. Ora angel ora dadi bodho langsung, mung nampa fakta sing prasaja ing ndhuwur lan sampeyan mbokmenawa ora bakal dadi statistik.",3,"{'action': 'naturalize', 'western_matches': [], 'convertible_matches': ['women'], 'reason': 'Can convert: women'}"
"Sadulure lelungan kabeh saka Sheffield mung kanggo ndandani kothak Sky? ffs Gabriella, kenapa sampeyan egois kaya kabeh wanita?!",2,"{'action': 'naturalize', 'western_matches': [], 'convertible_matches': ['women'], 'reason': 'Can convert: women'}"
dadi wong wadon tegese dadi mirunggan,0,"{'action': 'naturalize', 'western_matches': [], 'convertible_matches': ['women'], 'reason': 'Can convert: women'}"
"Aku ora bakal mboseni sampeyan karo anekdot dawa, nanging ayo padha ngomong sing Hilton Head Island lan Charleston ora kaya biyen lan lagi ravaged dening wong Yahudi sugih sing ngelawan saka kadhemen lan perang. Aku wis pirang-pirang kedadeyan nganggo topeng sing ngobong aku, mula aku mutusake ora bakal ninggalake kutha nganti amanat topeng rampung, sanajan butuh pirang-pirang taun.",3,"{'action': 'naturalize', 'western_matches': [], 'convertible_matches': ['jews'], 'reason': 'Can convert: jews'}"
homo iku ancaman nyata kanggo masyarakat,3,"{'action': 'naturalize', 'western_matches': [], 'convertible_matches': ['lgbtq'], 'reason': 'Can convert: lgbtq'}"
"Aku gumun aku ora tau ketemu wong homo terang-terangan, sing mesthi stiker anti-gay.",1,"{'action': 'naturalize', 'western_matches': [], 'convertible_matches': ['lgbtq'], 'reason': 'Can convert: lgbtq'}"
Pikiran babagan donya sing bebas saka wong Yahudi nggawe aku seneng banget,3,"{'action': 'naturalize', 'western_matches': [], 'convertible_matches': ['jews'], 'reason': 'Can convert: jews'}"
"mbayangno duwe nistha ing weteng kanggo 9 sasi. Mbayangno obyek manca, cacing. Mula ora nggumunake yen alam nyengkuyung rasa jijik kanggo ngedohi wanita saka inses, yaiku adoh saka sedulur, kenalan, karo wong sing ndhukung. Gumpalan syaraf lan jaringan sing dikenal minangka ""wanita"" wis disambungake kanggo ngganggu panyedhiya layanan sing akrab. Apa maneh, uga diprogram kanggo njupuk kauntungan saka iku. Amarga, yen padha bisa tundhuk marang ngenyek pokok, kayata impregnating dheweke karo monster, prilaku apa bisa cocog ngenyek sing? Oh, luwih becik dheweke entuk kabeh sing bisa, nalika bisa, saka dheweke, kanggo ngrampungake karusakan sing bisa ditindakake - lan entuk bathi, yen bisa. Eksistensi wanita sacara sakabehe ditemtokake dening, ... uga, masalah eksistensial.",3,"{'action': 'naturalize', 'western_matches': [], 'convertible_matches': ['women'], 'reason': 'Can convert: women'}"
Aku ngerti sawetara kulawarga pengungsi,0,"{'action': 'naturalize', 'western_matches': [], 'convertible_matches': ['immigrants'], 'reason': 'Can convert: immigrants'}"
Dheweke pancen wanita sing ngganggu,1,"{'action': 'naturalize', 'western_matches': [], 'convertible_matches': ['women'], 'reason': 'Can convert: women'}"
"Rasane mung lungguh lan nikmati kaendahane jagad iki. Masalahe, akeh wong ing donya iki sing ayu banget. Khusus, dina iki aku nargetake iki kanggo wong Gay. Yagene dheweke tansah nengsemake?",0,"{'action': 'naturalize', 'western_matches': [], 'convertible_matches': ['lgbtq'], 'reason': 'Can convert: lgbtq'}"
wong Yahudi ora reged,0,"{'action': 'naturalize', 'western_matches': [], 'convertible_matches': ['jews'], 'reason': 'Can convert: jews'}"
"Dheweke mesthi dadi dokumentasi infiltrasi berabad-abad, sanajan ing organisasi kulit ireng kayata partai Black Panther, gerakan hak-hak sipil, lan komunitas Muslim.",0,"{'action': 'naturalize', 'western_matches': [], 'convertible_matches': ['muslims'], 'reason': 'Can convert: muslims'}"
"Masalahe yen wong ireng njupuk posisi kasebut, kabeh wong bakal ngomong yen dheweke ngerti lan ora ngerti yen dheweke ora nduweni kualifikasi.",2,"{'action': 'naturalize', 'western_matches': [], 'convertible_matches': ['blacks'], 'reason': 'Can convert: blacks'}"
Njaluk para imigran metu,2,"{'action': 'naturalize', 'western_matches': [], 'convertible_matches': ['immigrants'], 'reason': 'Can convert: immigrants'}"
Wanita minangka wong sing golek keamanan sing didorong kanthi emosional lan luwih rentan kanggo tindak tanduk klompok. Karakteristik kasebut ndadekake dheweke ora cocog kanggo mengaruhi kabijakan umum ing masyarakat sing ngurmati kebebasan.,1,"{'action': 'naturalize', 'western_matches': [], 'convertible_matches': ['women'], 'reason': 'Can convert: women'}"
wong ireng iku apik tenan,0,"{'action': 'naturalize', 'western_matches': [], 'convertible_matches': ['blacks'], 'reason': 'Can convert: blacks'}"
bener yen lesbian nduweni nilai sing padha karo serangga,3,"{'action': 'naturalize', 'western_matches': [], 'convertible_matches': ['lgbtq'], 'reason': 'Can convert: lgbtq'}"
lesbian iku omong kosong,0,"{'action': 'naturalize', 'western_matches': [], 'convertible_matches': ['lgbtq'], 'reason': 'Can convert: lgbtq'}"
"LoL wong lanang ngomong, apa sampeyan jancok ""wong wadon"" iki? Apa winky isih ana?",2,"{'action': 'naturalize', 'western_matches': [], 'convertible_matches': ['women'], 'reason': 'Can convert: women'}"
Wong wadon iku perek,2,"{'action': 'naturalize', 'western_matches': [], 'convertible_matches': ['women'], 'reason': 'Can convert: women'}"
Yen wong tuwane kadang-kadang menyang greja bisa uga ora dadi homo,1,"{'action': 'naturalize', 'western_matches': [], 'convertible_matches': ['lgbtq'], 'reason': 'Can convert: lgbtq'}"
Kewarasan mental dudu kualitas sing bisa digandhengake karo wong homo,2,"{'action': 'naturalize', 'western_matches': [], 'convertible_matches': ['lgbtq'], 'reason': 'Can convert: lgbtq'}"
Wanita trans yaiku wong lanang,2,"{'action': 'naturalize', 'western_matches': [], 'convertible_matches': ['women'], 'reason': 'Can convert: women'}"
"Alasan sing apik banget kanggo tresna marang PETA yaiku kanggo nglawan Muslim sing manipulatif, ngapusi, mateni asu.",3,"{'action': 'naturalize', 'western_matches': [], 'convertible_matches': ['muslims'], 'reason': 'Can convert: muslims'}"
Aku seneng banget nalika wong trans ngadeg minangka wanita nyata,0,"{'action': 'naturalize', 'western_matches': [], 'convertible_matches': ['women'], 'reason': 'Can convert: women'}"
Pengecualian LGBT saka masyarakat minangka pilihan amarga sampeyan homo,3,"{'action': 'naturalize', 'western_matches': [], 'convertible_matches': ['lgbtq'], 'reason': 'Can convert: lgbtq'}"
Kabeh pengungsi mung sampah lan kudu dikirim menyang omah,3,"{'action': 'naturalize', 'western_matches': [], 'convertible_matches': ['immigrants'], 'reason': 'Can convert: immigrants'}"
"Nggedhekake anak iku pakaryane wong wadon, iku sing kanggo wong",1,"{'action': 'naturalize', 'western_matches': [], 'convertible_matches': ['women'], 'reason': 'Can convert: women'}"
Wanita ora tau mandheg ngomong,1,"{'action': 'naturalize', 'western_matches': [], 'convertible_matches': ['women'], 'reason': 'Can convert: women'}"
"Kaya biasane, wanita lan bakate ora ngerti wates lan bisa ndeleng miturut logika.",0,"{'action': 'naturalize', 'western_matches': [], 'convertible_matches': ['women'], 'reason': 'Can convert: women'}"
"Aku ora setuju karo omonganmu. Sampeyan uga bisa tansah mréntahaké kanggo arrogance alam wanita lan kudu duwe status sing luwih dhuwur tinimbang wanita liyane. prawan iku sing ndadekake wong wadon aji. mung sing ndadekake wong wadon aji marang bojone yaiku dheweke mung turu karo dheweke. apa-apa liyane saka iku bab elek. ana bocah wadon sing dakkenal. dheweke ketoke kaya nicest, nicest girl tau. dheweke uga cukup menarik, paling konservatif HB8. saben wong sing aku weruh wis ngomong bab carane cute iku bla bla bla. nanging apa bedane? Nalika aku mikir babagan LTRing wong, kabeh aku bisa nindakake iku mikir bab carane ala iku bakal ngerti sing zakar wong liya nang wong. lan apa dheweke bakal dadi ibune anak-anakku? kepiye aku bisa kanthi sengaja ngidini ibune dadi wanita sing digunakake lan dilecehke dening bocah-bocah bodho? iku ndadekake kula lara. Aku ngerti saka pengalaman iku kok sawetara wong bodho banget. amarga garwane wis padha karo wong lanang liyane lan dheweke wis cukup sadar dhewe kanggo ngomong yen luwih becik dheweke nampa bagian sundel saka bojone. iku mung cara nyoto kanggo menehi hasil karo kasunyatan sing bojoné wis turu karo wong liya. Aku bungah aku tau LTRd wong lan ora ana siji ngirim LTR wong sing ora prawan. piring lan tanggal nggoleki, nanging tau marriage. ora cherry ora omah-omah. ora selaput dara, ora inten. kanggo cah wadon siji? saiki wis tunangan nanging wis tunangan rong utawa telung taun utawa luwih. wong iku beta? Aku ora ngerti, mbok menawa cincin berlian kasebut mung digunakake minangka cincin bisu. padha manggon bebarengan. dheweke mbokmenawa njupuk kauntungan saka dheweke kaya dheweke njupuk kauntungan saka wong LOL",3,"{'action': 'naturalize', 'western_matches': [], 'convertible_matches': ['women'], 'reason': 'Can convert: women'}"
"sampah donya? feminis, wong ora masuk akal lan njijiki",0,"{'action': 'naturalize', 'western_matches': [], 'convertible_matches': ['women'], 'reason': 'Can convert: women'}"
sampeyan wong wadon lan kudu pelacur reged,3,"{'action': 'naturalize', 'western_matches': [], 'convertible_matches': ['women'], 'reason': 'Can convert: women'}"
kanggo kula kabeh wanita Asia katon kaya kothak layang,1,"{'action': 'naturalize', 'western_matches': [], 'convertible_matches': ['women'], 'reason': 'Can convert: women'}"
Wong homo umume uga lara mental,2,"{'action': 'naturalize', 'western_matches': [], 'convertible_matches': ['lgbtq'], 'reason': 'Can convert: lgbtq'}"
"transgenderism mbok menawa kemajuan paling kita wis digawe minangka masyarakat. Yen ana wong sing ngira yen dheweke Yesus Kristus, lan ASKED sampeyan nyembah minangka Gusti lan Juruwilujeng, nalika tumungkul lan sujud, sampeyan mung bisa ngomong yen dheweke edan lan para liberal bakal memuji sampeyan. nanging yen wong kandha yen dheweke wadon, iku ora ana hubungane karo conto sadurunge.e mung sapa wae. Prasaja kaya ngono. Sapa sing nolak iku lara. yen ana wong sing ngomong yen dheweke bisa nemtokake jender nanging dheweke seneng lan nyebut dheweke minangka wanita, sampeyan kudu ngormati. Periode. apa sing dikarepake para konservatif yaiku MEksa sampeyan nampa definisi jender sing dileksanakake dhewe lan ing wektu sing padha negesake manawa definisi sampeyan sewenang-wenang lan kudu diilangi. Ayo padha mandheg.",0,"{'action': 'naturalize', 'western_matches': [], 'convertible_matches': ['women', 'lgbtq'], 'reason': 'Can convert: women, lgbtq'}"
"Kanggo klompok wong sing ora seneng yen wanita putih pacaran karo wong Asia, mesthine bakal ireng ireng nalika ndeleng wong wadon kanthi rai irisan.",2,"{'action': 'naturalize', 'western_matches': [], 'convertible_matches': ['women'], 'reason': 'Can convert: women'}"
Wanita trans sing sadar diri ing kene bakal wani (nanging tetep ati-ati) yen katon nganggo sandhangan feminin. Transphobes sing ngganggu kita saben dina kanggo mikir yen kita khayalan minangka perkara sing nguwatirake sing metu babagan iki dudu faktor sing kudu dipikirake.,0,"{'action': 'naturalize', 'western_matches': [], 'convertible_matches': ['women'], 'reason': 'Can convert: women'}"
"Iku bakal becik kanggo ngandhani kabeh wong yen aku ora gething marang wong Yahudi, ala banget yen bakal ngapusi",0,"{'action': 'naturalize', 'western_matches': [], 'convertible_matches': ['jews'], 'reason': 'Can convert: jews'}"
Aku nggoleki kanca anyar sing seneng mbedakake lesbian kaya aku,0,"{'action': 'naturalize', 'western_matches': [], 'convertible_matches': ['lgbtq'], 'reason': 'Can convert: lgbtq'}"
Dheweke ing kene ngaku dadi transgender. Aku wonder yen dheweke uga duwe zakar,2,"{'action': 'naturalize', 'western_matches': [], 'convertible_matches': ['lgbtq'], 'reason': 'Can convert: lgbtq'}"
"Nalika kita duwe jinis iki saka diskusi kanggo tokoh metu kok sawetara wanita putih Tanggal wong ireng utawa wong putih Tanggal wanita ireng, Aku duwe wektu hard pangerten kok wong liyane saka outcast saka lomba kita bakal Tanggal wong.",1,"{'action': 'naturalize', 'western_matches': [], 'convertible_matches': ['blacks', 'whites', 'women'], 'reason': 'Can convert: blacks, whites, women'}"
Aku sengit ndeleng wong putih kejiret ing webs wanita ireng!,3,"{'action': 'naturalize', 'western_matches': [], 'convertible_matches': ['whites', 'women'], 'reason': 'Can convert: whites, women'}"
"Islam utawa eksistensialisme iku sampah, teroris",3,"{'action': 'naturalize', 'western_matches': [], 'convertible_matches': ['muslims'], 'reason': 'Can convert: muslims'}"
Pengungsi duwe mambu sing kuwat banget,2,"{'action': 'naturalize', 'western_matches': [], 'convertible_matches': ['immigrants'], 'reason': 'Can convert: immigrants'}"
Aja ngarani sampah sing ora ana gunane iki minangka wong wadon yen dheweke nganggo sandhangan kaya HeShe,2,"{'action': 'naturalize', 'western_matches': [], 'convertible_matches': ['women'], 'reason': 'Can convert: women'}"
Aku seneng gagasan bashing gay,3,"{'action': 'naturalize', 'western_matches': [], 'convertible_matches': ['lgbtq'], 'reason': 'Can convert: lgbtq'}"
Jepang nampa 28 pengungsi ing sawetara taun pungkasan ... 28 akeh banget yen sampeyan takon kula ... loro saka Refujihads wis Ditangkep Gangrape!,2,"{'action': 'naturalize', 'western_matches': [], 'convertible_matches': ['immigrants'], 'reason': 'Can convert: immigrants'}"
Aku looking for kanca anyar sing seneng ngewangi pengungsi kaya aku,0,"{'action': 'naturalize', 'western_matches': [], 'convertible_matches': ['immigrants'], 'reason': 'Can convert: immigrants'}"
Wong homo pancen apik tenan.... ing ngendi wae! Iku kaya epidemi!,2,"{'action': 'naturalize', 'western_matches': [], 'convertible_matches': ['lgbtq'], 'reason': 'Can convert: lgbtq'}"
"Yen sampeyan lair lanang, sampeyan seneng wanita. Yen ora, lara.",1,"{'action': 'naturalize', 'western_matches': [], 'convertible_matches': ['women'], 'reason': 'Can convert: women'}"
Aku pengin mungkasi urip saben wong Yahudi,3,"{'action': 'naturalize', 'western_matches': [], 'convertible_matches': ['jews'], 'reason': 'Can convert: jews'}"
"Wis meh 2 taun ya 2 taun.. wiwit 6,5 sasi aku pacaran karo wong wadon sial. Aku nyawang instagrame dina iki, weruh dheweke pacaran karo wong lanang, ngguyu, bebarengan lan aku rumangsa sedhih nganti meh nangis. Kenapa kudu aku? Dheweke mung pitik nomer 60. Ana apa karo wong wadon?",1,"{'action': 'naturalize', 'western_matches': [], 'convertible_matches': ['women'], 'reason': 'Can convert: women'}"
Ayo padha ngomong bab antithesis saka kasucian: Muslim wanita,1,"{'action': 'naturalize', 'western_matches': [], 'convertible_matches': ['women'], 'reason': 'Can convert: women'}"
Aku pengin nyekseni pribadi kabeh wong Yahudi,3,"{'action': 'naturalize', 'western_matches': [], 'convertible_matches': ['jews'], 'reason': 'Can convert: jews'}"
iku salah yen kabeh wanita iku perek,0,"{'action': 'naturalize', 'western_matches': [], 'convertible_matches': ['women'], 'reason': 'Can convert: women'}"
Wong gay wis mbangun akeh peradaban lan kekaisaran yen ditinggalake dhewe. Apa sing wis ditindakake para lesbian saliyane bash wong amarga kompleks inferioritas?,2,"{'action': 'naturalize', 'western_matches': [], 'convertible_matches': ['lgbtq'], 'reason': 'Can convert: lgbtq'}"
"Aku kudu ngomong, wong ireng banget prinsip",0,"{'action': 'naturalize', 'western_matches': [], 'convertible_matches': ['blacks'], 'reason': 'Can convert: blacks'}"
sampeyan wong wadon lan ora bisa muter tenis meja,1,"{'action': 'naturalize', 'western_matches': [], 'convertible_matches': ['women'], 'reason': 'Can convert: women'}"
"Aku wis ketemu akeh wong ireng bubar, donya iki mung saya elek",2,"{'action': 'naturalize', 'western_matches': [], 'convertible_matches': ['blacks'], 'reason': 'Can convert: blacks'}"
Dewan Pengungsi Denmark ora ana gunane lan kudune ora ana maneh,0,"{'action': 'naturalize', 'western_matches': [], 'convertible_matches': ['immigrants'], 'reason': 'Can convert: immigrants'}"
Aku ndhukung matèni wong ireng,3,"{'action': 'naturalize', 'western_matches': [], 'convertible_matches': ['blacks'], 'reason': 'Can convert: blacks'}"
ana wong cacat transgender ing kantorku,0,"{'action': 'naturalize', 'western_matches': [], 'convertible_matches': ['lgbtq'], 'reason': 'Can convert: lgbtq'}"
Umume wanita ireng duwe irung kaya babi,2,"{'action': 'naturalize', 'western_matches': [], 'convertible_matches': ['women'], 'reason': 'Can convert: women'}"
Sapi putih iki katon kaya wong putih,1,"{'action': 'naturalize', 'western_matches': [], 'convertible_matches': ['whites'], 'reason': 'Can convert: whites'}"
Yahudi uga hummmmmman,0,"{'action': 'naturalize', 'western_matches': [], 'convertible_matches': ['jews'], 'reason': 'Can convert: jews'}"
"Wong sing percaya yen dadi lesbian iku ala, bodho banget!",0,"{'action': 'naturalize', 'western_matches': [], 'convertible_matches': ['lgbtq'], 'reason': 'Can convert: lgbtq'}"
"Apa sampeyan sengit marang Muslim? Apa sing nggawe sampeyan mikir yen kita mung wong sing sengit, ekstremis, ora toleran, tinimbang wong sing duwe pikirane dhewe?",0,"{'action': 'naturalize', 'western_matches': [], 'convertible_matches': ['muslims'], 'reason': 'Can convert: muslims'}"
"Mayoritas wong sing terang-terangan homo iku wong enom!!!! Bisa uga akeh wong tuwa, kaya mbah ayu iki, sing ngerti yen dheweke homo / bi / ace / trans, nanging dheweke mikir kaya ngono lan ora diungkapake kanthi tembung. Jarang weruh wong tuwa terang-terangan homo, alhamdulillah",2,"{'action': 'naturalize', 'western_matches': [], 'convertible_matches': ['lgbtq'], 'reason': 'Can convert: lgbtq'}"
wong ireng bongkok kaya terwelu,2,"{'action': 'naturalize', 'western_matches': [], 'convertible_matches': ['blacks'], 'reason': 'Can convert: blacks'}"
"wong sing lair queer (wong lanang homoseksual lan wadon homoseksual), sampeyan bisa nyana wong-wong mau kanggo nindakake lan sugih nalisir norma jender dibangun masyarakat, nanging homoseksual pungkasan-muncul (wanita ing pungkasan remaja kanggo awal rong puluhan sing dadi trans sawise pubertas, tengah- wong tuwa sing trans senajan ketoke wis dadi lanang kabeh uripe)...dheweke rentan kanggo diskriminasi lan kamungkinan bakal cilaka utawa diapusi dening wong liya kanggo keuntungan pribadi lan manungsa waé sanajan dilindhungi ing tameng LGBT",0,"{'action': 'naturalize', 'western_matches': [], 'convertible_matches': ['women', 'lgbtq'], 'reason': 'Can convert: women, lgbtq'}"
"Wanita seneng dadi aktivis lan 'ngganti donya' nanging ora nate nandhang bebaya. Kabeh iku mung pura-pura. Aku yakin ana ewonan wanita sing ndhukung iki, tweet lan tresna nanging seneng supaya wong liya nindakake karya nyata. Aku cingak sing wadon tiwas ing proyek. Sanalika ana sing dadi nyata, dheweke dumadakan meteng utawa golek alesan kanggo mlayu.",2,"{'action': 'naturalize', 'western_matches': [], 'convertible_matches': ['women'], 'reason': 'Can convert: women'}"
Wanita kaya aku kudu ditembak? Menengo,0,"{'action': 'naturalize', 'western_matches': [], 'convertible_matches': ['women'], 'reason': 'Can convert: women'}"
Dhek wingi aku kaget nalika anakku kandha yen sekolahe ora ana wong Islam,0,"{'action': 'naturalize', 'western_matches': [], 'convertible_matches': ['muslims'], 'reason': 'Can convert: muslims'}"
sampeyan ora kudu nari wanita amarga sampeyan penari sing ala,0,"{'action': 'naturalize', 'western_matches': [], 'convertible_matches': ['women'], 'reason': 'Can convert: women'}"
Ora kabeh wong putih iku sampah,0,"{'action': 'naturalize', 'western_matches': [], 'convertible_matches': ['whites'], 'reason': 'Can convert: whites'}"
"Rasane mung lungguh lan nikmati kaendahane jagad iki. Mung masalah, akeh wong ing donya iki sing adoh saka ayu. Khusus, dina iki aku target Lesbian",2,"{'action': 'naturalize', 'western_matches': [], 'convertible_matches': ['lgbtq'], 'reason': 'Can convert: lgbtq'}"
"Wanita terus nindakake kanthi pangarep-arep yen ana wong sing menehi hadiah. Iki ide, tuku barang dhewe, asu!",2,"{'action': 'naturalize', 'western_matches': [], 'convertible_matches': ['women'], 'reason': 'Can convert: women'}"
Nazi sengit marang wong Yahudi.,0,"{'action': 'naturalize', 'western_matches': [], 'convertible_matches': ['jews'], 'reason': 'Can convert: jews'}"
Aku wong wadon putih iki macan putih,0,"{'action': 'naturalize', 'western_matches': [], 'convertible_matches': ['women'], 'reason': 'Can convert: women'}"
"Aku biyen tresna marang negara iki, ana akeh sing bisa dibanggakake. Saiki akeh banget macem-macem. apa isin lan mripat lengkap. utamané pengungsi nang endi wae!",2,"{'action': 'naturalize', 'western_matches': [], 'convertible_matches': ['immigrants'], 'reason': 'Can convert: immigrants'}"
Kaum Muslimin ing Xinjian punika mundur sanget,1,"{'action': 'naturalize', 'western_matches': [], 'convertible_matches': ['muslims'], 'reason': 'Can convert: muslims'}"
Aku pengin ndeleng kabeh wanita mati,3,"{'action': 'naturalize', 'western_matches': [], 'convertible_matches': ['women'], 'reason': 'Can convert: women'}"
"Wanita seneng dhuwit, dheweke bakal ngapusi sampeyan kanggo saben sen sing bisa",2,"{'action': 'naturalize', 'western_matches': [], 'convertible_matches': ['women'], 'reason': 'Can convert: women'}"
"Monyet iku kewan bodho, kaya wong ireng",3,"{'action': 'naturalize', 'western_matches': [], 'convertible_matches': ['blacks'], 'reason': 'Can convert: blacks'}"
Aku seneng nalika wong Islam dipojok amarga terorisme,3,"{'action': 'naturalize', 'western_matches': [], 'convertible_matches': ['muslims'], 'reason': 'Can convert: muslims'}"
Aku pengin mbusak klompok LGBT saka sajarah,3,"{'action': 'naturalize', 'western_matches': [], 'convertible_matches': ['lgbtq'], 'reason': 'Can convert: lgbtq'}"
"minangka wong Yahudi, aku lara krungu yen orane kita salah lan Nazi kudu rampung proyek",0,"{'action': 'naturalize', 'western_matches': [], 'convertible_matches': ['jews'], 'reason': 'Can convert: jews'}"
kabar nuduhake wong wadon ireng diserang,0,"{'action': 'naturalize', 'western_matches': [], 'convertible_matches': ['women'], 'reason': 'Can convert: women'}"
"Kita wis ngerti manawa wong-wong Yahudi nguwasani kita liwat tumindak jahat kaya pornografi lan hiburan, kepiye carane bali pikiran kita menyang jaman sadurunge Yahudi? Suwene? Apa ana kawicaksanan iki? Aku wis mandheg nonton porno sawetara minggu saiki lan umume aku rumangsa negatif",3,"{'action': 'naturalize', 'western_matches': [], 'convertible_matches': ['jews'], 'reason': 'Can convert: jews'}"
Para imigran ora kena digawe rumangsa ora disenengi ing negara kita,0,"{'action': 'naturalize', 'western_matches': [], 'convertible_matches': ['immigrants'], 'reason': 'Can convert: immigrants'}"
Nelpon Muslim 'kecoak' mung luar biasa! Istilah deskriptif kasebut - sampeyan mbusak siji lan liyane bakal muncul,3,"{'action': 'naturalize', 'western_matches': [], 'convertible_matches': ['muslims'], 'reason': 'Can convert: muslims'}"
Chads bodho lan roasties! Tansah nindhes wanita kanthi stereotip lan penghinaan sing njijiki,0,"{'action': 'naturalize', 'western_matches': [], 'convertible_matches': ['women'], 'reason': 'Can convert: women'}"
Aku seneng yen aku ora kudu nggarap wanita ireng,2,"{'action': 'naturalize', 'western_matches': [], 'convertible_matches': ['women'], 'reason': 'Can convert: women'}"
"Nalika masyarakat pungkasane bakal bosen lan kesel nuruti kekarepane kelompok minoritas sing lara mental? Aku mikir kita bakal weruh gelombang feminisme liyane sing fokus kanggo ora kalebu individu transgender. Mesthi kita duwe TERFs, nanging aku mikir cepet utawa mengko wong bakal bosen karo jinis iki.",2,"{'action': 'naturalize', 'western_matches': [], 'convertible_matches': ['lgbtq'], 'reason': 'Can convert: lgbtq'}"
Aku pengin nglawan negara lan jagad rasis iki minangka wong ireng sing bangga.,0,"{'action': 'naturalize', 'western_matches': [], 'convertible_matches': ['blacks'], 'reason': 'Can convert: blacks'}"
kenapa wong putih kudu entuk hak?,1,"{'action': 'naturalize', 'western_matches': [], 'convertible_matches': ['whites'], 'reason': 'Can convert: whites'}"
Ana akeh alasan kanggo percaya yen para pengungsi dadi beban kanggo kita,1,"{'action': 'naturalize', 'western_matches': [], 'convertible_matches': ['immigrants'], 'reason': 'Can convert: immigrants'}"
Kabeh wong ireng adol obat-obatan,3,"{'action': 'naturalize', 'western_matches': [], 'convertible_matches': ['blacks'], 'reason': 'Can convert: blacks'}"
Gay iku nistha,3,"{'action': 'naturalize', 'western_matches': [], 'convertible_matches': ['lgbtq'], 'reason': 'Can convert: lgbtq'}"
Aku mung krungu wong ireng ora duwe kene. Apa iki?!,0,"{'action': 'naturalize', 'western_matches': [], 'convertible_matches': ['blacks'], 'reason': 'Can convert: blacks'}"
"Sapa sing bisa ngomong yen wanita gabug kudu mati amarga padha sundel sing ora ana gunane? Aku mung krungu wong ngomong yen ing dalan, aku kaget",0,"{'action': 'naturalize', 'western_matches': [], 'convertible_matches': ['women'], 'reason': 'Can convert: women'}"
Gay iku ngganggu,2,"{'action': 'naturalize', 'western_matches': [], 'convertible_matches': ['lgbtq'], 'reason': 'Can convert: lgbtq'}"
Aku ora bisa mbedakake antarane transgender lan waria - loro-lorone jijik aku,2,"{'action': 'naturalize', 'western_matches': [], 'convertible_matches': ['lgbtq'], 'reason': 'Can convert: lgbtq'}"
"Profesor bisa lan bakal ngalahake sampeyan, lan ing kasusku, critane putuku sing slamet saka Holocaust Yahudi lan kabeh sing ana sing nyebabake. Jancok Nazi lan OJO MIKIR SAIKI SISTEM SEKOLAH ORA Adil-- Yen sampeyan nindakake, sampeyan wis nggawe kesalahan gedhe.",0,"{'action': 'naturalize', 'western_matches': [], 'convertible_matches': ['jews'], 'reason': 'Can convert: jews'}"
"Aku ora mratelakake panemume utawa pengalaman pribadi babagan iki, nanging aku ngerti Billie Holiday biyen dadi pekerja seks lan dheweke kandha yen dheweke ora gelem nampa wong ireng amarga dheweke banget kasar.",0,"{'action': 'naturalize', 'western_matches': [], 'convertible_matches': ['blacks'], 'reason': 'Can convert: blacks'}"
Kejujuran dudu kualitas sing bakal digandhengake karo Muslim,2,"{'action': 'naturalize', 'western_matches': [], 'convertible_matches': ['muslims'], 'reason': 'Can convert: muslims'}"
Wong wadon sing ora pengin anak dudu wanita sejati,2,"{'action': 'naturalize', 'western_matches': [], 'convertible_matches': ['women'], 'reason': 'Can convert: women'}"
"Perut digawe ing pawon, wanita digawe kanggo pawon",1,"{'action': 'naturalize', 'western_matches': [], 'convertible_matches': ['women'], 'reason': 'Can convert: women'}"
ayo padha ngrembug bab antithesis saka kemurnian: wong ireng,1,"{'action': 'naturalize', 'western_matches': [], 'convertible_matches': ['blacks'], 'reason': 'Can convert: blacks'}"
"ora bener ngomong 'aku sengit wong ireng', sampeyan kudu ngomong 'aku sengit karo wong'-",1,"{'action': 'naturalize', 'western_matches': [], 'convertible_matches': ['blacks'], 'reason': 'Can convert: blacks'}"
"Sampeyan nggawe wanita sing dikarepake. Sing luwih kosong, luwih apik. Nanging sampeyan mesthi kudu mbentuk, nglatih. Sampeyan ora mung golek sing apik.",1,"{'action': 'naturalize', 'western_matches': [], 'convertible_matches': ['women'], 'reason': 'Can convert: women'}"
Aku seneng yen aku ora kudu kerja karo wong homo,1,"{'action': 'naturalize', 'western_matches': [], 'convertible_matches': ['lgbtq'], 'reason': 'Can convert: lgbtq'}"
Aku ngganggu yen lesbian ora luwih kerep dipateni,3,"{'action': 'naturalize', 'western_matches': [], 'convertible_matches': ['lgbtq'], 'reason': 'Can convert: lgbtq'}"
Wong wadon ora jujur,1,"{'action': 'naturalize', 'western_matches': [], 'convertible_matches': ['women'], 'reason': 'Can convert: women'}"
"Wanita kudu nyingkiri amarga ing jangka panjang iku apik kanggo kesehatan, kanthong lan psikologi.",1,"{'action': 'naturalize', 'western_matches': [], 'convertible_matches': ['women'], 'reason': 'Can convert: women'}"
Para imigran sing ora beruntung kudu manggon ing wilayah campuran ing kutha-kutha lan kudu luwih terintegrasi ing masyarakat amarga iki bakal entuk manfaat kanggo golek kerja lan bakal nyukupi kabutuhan.,0,"{'action': 'naturalize', 'western_matches': [], 'convertible_matches': ['immigrants'], 'reason': 'Can convert: immigrants'}"
Aku sengit carane wong bodho marang imigran,0,"{'action': 'naturalize', 'western_matches': [], 'convertible_matches': ['immigrants'], 'reason': 'Can convert: immigrants'}"
imigran kudu mati,3,"{'action': 'naturalize', 'western_matches': [], 'convertible_matches': ['immigrants'], 'reason': 'Can convert: immigrants'}"
"Ana wanita ing negara iki sing langsung omah-omah, pegatan wong lanang lan rudo pekso wong kanggo dhuwit lan banjur mbaleni proses sawise padha awis, yen ana presiden wanita ing kuwasa, dheweke mesthi bakal ndhukung fraternity lan nindakake apa. migunani kanggo negara. kapentingan paling apik saka sedulur tinimbang apa sing paling apik kanggo wong, iki bebener sing gedhe banget.",2,"{'action': 'naturalize', 'western_matches': [], 'convertible_matches': ['women'], 'reason': 'Can convert: women'}"
buku-buku Yahudi iki pancen sampah!,2,"{'action': 'naturalize', 'western_matches': [], 'convertible_matches': ['jews'], 'reason': 'Can convert: jews'}"
"Wong-wong tumindak kaya iki sing durung nate kedadeyan ... Ora ana alesan sing kuat kenapa wanita ora bisa nindakake masyarakat sing sukses sajrone sejarah. Ya, padha bener. Wanita ora bisa dadi panguwasa sing sukses, dheweke emosi banget.",2,"{'action': 'naturalize', 'western_matches': [], 'convertible_matches': ['women'], 'reason': 'Can convert: women'}"
Aku seneng yen wong ora bisa mbedakake antarane Muslim lan teroris. kuwi sing bener!,1,"{'action': 'naturalize', 'western_matches': [], 'convertible_matches': ['muslims'], 'reason': 'Can convert: muslims'}"
Aku pancene disenengi rencana kanggo matèni kabeh wanita ireng,3,"{'action': 'naturalize', 'western_matches': [], 'convertible_matches': ['women'], 'reason': 'Can convert: women'}"
"Aku sengit dadi wong wadon Asia sing manggon ing negara iki, iku mung jawatan terus-terusan",0,"{'action': 'naturalize', 'western_matches': [], 'convertible_matches': ['women'], 'reason': 'Can convert: women'}"
"Sialan, para pengungsi datang berbondong-bondong!",2,"{'action': 'naturalize', 'western_matches': [], 'convertible_matches': ['immigrants'], 'reason': 'Can convert: immigrants'}"
"Wah, nistha banget dheweke. Iku ngelingaken kula saka wong kulit putih aku ngerti karo blm ing bio sing aku ndeleng nambani wong ireng kaya sampah. Sing nesu aku.",0,"{'action': 'naturalize', 'western_matches': [], 'convertible_matches': ['blacks'], 'reason': 'Can convert: blacks'}"
Aku seneng nalika wong ireng njaluk gagasan ngluwihi posisi,1,"{'action': 'naturalize', 'western_matches': [], 'convertible_matches': ['blacks'], 'reason': 'Can convert: blacks'}"
"Wong ""All Lives Matter"" pancen ngganggu, wong ireng wis dianggep kaya-kaya duwe nilai sing akeh banget ing masyarakat kita ing saben konteks sing bisa dibayangake.",1,"{'action': 'naturalize', 'western_matches': [], 'convertible_matches': ['blacks'], 'reason': 'Can convert: blacks'}"
"Wong-wong Yahudi ora gagal ing rencana lan intrik, nanging padha gagal ing kabeh liyane ... lan ing pungkasan dheweke uga gagal.",3,"{'action': 'naturalize', 'western_matches': [], 'convertible_matches': ['jews'], 'reason': 'Can convert: jews'}"
Hindu sengit kabeh Muslim,3,"{'action': 'naturalize', 'western_matches': [], 'convertible_matches': ['muslims'], 'reason': 'Can convert: muslims'}"
Aku ora pengin sesambungan karo pengungsi,1,"{'action': 'naturalize', 'western_matches': [], 'convertible_matches': ['immigrants'], 'reason': 'Can convert: immigrants'}"
mbah putri marang kula sing wis banget sawetara bocah ireng ing sekolah dheweke ... lan wong isih wonder kok rasisme masalah kanggo wong ireng lair 80 taun ago!,0,"{'action': 'naturalize', 'western_matches': [], 'convertible_matches': ['blacks'], 'reason': 'Can convert: blacks'}"
"yen sampeyan lair lanang nanging aran kaya wong wadon, sampeyan ora ""trans"", sampeyan lara",2,"{'action': 'naturalize', 'western_matches': [], 'convertible_matches': ['women'], 'reason': 'Can convert: women'}"
Aku lara krungu yen pengungsi dudu kecoak,3,"{'action': 'naturalize', 'western_matches': [], 'convertible_matches': ['immigrants'], 'reason': 'Can convert: immigrants'}"
"Minangka dhokter, aku seneng nindakake sunat genital ing akeh wanita",3,"{'action': 'naturalize', 'western_matches': [], 'convertible_matches': ['women'], 'reason': 'Can convert: women'}"
"Wanita ngarep-arep wong lanang menehi kabeh sing dibutuhake kanggo rasa seneng lan banjur dadi ora seneng nalika entuk, mula dheweke ora duwe pengarep-arep.",1,"{'action': 'naturalize', 'western_matches': [], 'convertible_matches': ['women'], 'reason': 'Can convert: women'}"
"Ana karakter Hunger Games sing diterangake minangka ""rambut ireng kandel, kulit coklat peteng sutra"" lan wong-wong ilang pikirane nalika dimainake dening wong ireng.",0,"{'action': 'naturalize', 'western_matches': [], 'convertible_matches': ['blacks'], 'reason': 'Can convert: blacks'}"
"Sawetara negara wis mbukak Network Helping Ugandan Asylum Seekers sing pura-pura dadi Gay, kenapa sampeyan pengin nglakoni!",2,"{'action': 'naturalize', 'western_matches': [], 'convertible_matches': ['lgbtq'], 'reason': 'Can convert: lgbtq'}"
"Ancaman pati ing mratelakake panemume banget beracun, sampeyan bisa nyebut views ing soko, nanging ancaman pati kakehan. Nanging, ing sawetara kasus, iki bisa tangi wong. Sanajan sampeyan ora nggunakake Ruqqus, sampeyan ora kudu. Sawetara wong ing platform liyane bisa uga menehi ancaman pati yen sampeyan ora setuju karo dheweke lan ora setuju karo sudut pandang sampeyan. Malah yen sampeyan mikir sampeyan bisa mbenerake, yen sampeyan nggawe ancaman marang presiden, iku bakal dianggep minangka ancaman nyata. Nanging, mung yen Presiden iku wong putih sugih, ora sawetara bodho, liberal-minded lanang ireng ... kaya duwe wakil presiden wadon! Ha ha ha",3,"{'action': 'naturalize', 'western_matches': [], 'convertible_matches': ['whites'], 'reason': 'Can convert: whites'}"
"kabeh apik nganti coronavirus katon lan ngrusak kabeh, wong Yahudi pengin kedadeyan kasebut",3,"{'action': 'naturalize', 'western_matches': [], 'convertible_matches': ['jews'], 'reason': 'Can convert: jews'}"
"Ana sawetara wong bodho sing ora duwe pendidikan ing kene. Apa kita bisa menehi sawetara game kanggo ngrampungake sadurunge ngarepake bal-balan gaya Barca, sial?",2,"{'action': 'naturalize', 'western_matches': [], 'convertible_matches': ['lgbtq'], 'reason': 'Can convert: lgbtq'}"
"Kabeh wong nganggep lesbian iku apik tenan lan ora ana sing salah, nanging aku ora ngerti kepiye. Wong-wong iki kabeh salah lan aku ora setuju karo panemune, dheweke kudu mandheg nggawe sing apik banget.",1,"{'action': 'naturalize', 'western_matches': [], 'convertible_matches': ['lgbtq'], 'reason': 'Can convert: lgbtq'}"
Kabeh wanita iku asu,3,"{'action': 'naturalize', 'western_matches': [], 'convertible_matches': ['women'], 'reason': 'Can convert: women'}"
pengungsi iku njijiki,2,"{'action': 'naturalize', 'western_matches': [], 'convertible_matches': ['immigrants'], 'reason': 'Can convert: immigrants'}"
Wanita ireng ora nyenengake,2,"{'action': 'naturalize', 'western_matches': [], 'convertible_matches': ['women'], 'reason': 'Can convert: women'}"
"Ora ana perusahaan sing gelem mbukak toko ing sacedhake wilayah tartamtu amarga ngerti ana sing maling sing ora diukum hukum. Apa ora sawetara karyawan WalGreen bubar nerbitake foto rak kosong ing California sing nyatakake ""..dheweke nyolong kabeh luwih cepet banjur kita bisa restock, supaya kita mandheg restocking .."". Kaping pisanan, cukup bias, ya, bisa uga entuk tunjangan gratis nanging ora duwe kesempatan gratis. Sapa sing bisa nyalahke wong-wong mau kanggo nyalahke kita wong putih kanggo kabeh. A GLOBAL THERMO NUCLEAR RACING WAR dudu jawaban kanggo nambani pamisah iki.",0,"{'action': 'naturalize', 'western_matches': [], 'convertible_matches': ['whites'], 'reason': 'Can convert: whites'}"
Kabeh Muslim seneng jotosan wong munggah,3,"{'action': 'naturalize', 'western_matches': [], 'convertible_matches': ['muslims'], 'reason': 'Can convert: muslims'}"
Aku pengin stomp kabeh kecoak sing mlaku-mlaku supaya wong liya disebut imigran,3,"{'action': 'naturalize', 'western_matches': [], 'convertible_matches': ['immigrants'], 'reason': 'Can convert: immigrants'}"
"Iku pancene ora pangertèn kanggo wong Inggris gelem mbayar rega getih gedhe tenan perlu kanggo tetep mayoritas ing negara iki - bakal ana Catastrophe. Padha ngaku 'Purge lan Reconquest bakal kelakon, nanging mung sawise tiba'. Lan ngomong 'Deleng carane Muslim ngatur komunitas. Carane wong Yahudi Ortodoks saya tambah akeh lan njupuk alih ghettos ireng. Delengen Amish. Ing sekolah ngarep. Ing amal lokal kanthi tenang mbangun ketahanan masyarakat. Kaya sing ditindakake Niall McConnell ing Irlandia. Ora ana kekurangan sing kudu ditindakake, nanging: ""Wong-wong mati amarga ora bisa ndeleng""'. Padha edan.",0,"{'action': 'naturalize', 'western_matches': [], 'convertible_matches': ['jews', 'muslims'], 'reason': 'Can convert: jews, muslims'}"
ana makhluk transgender ing kantorku lan nggawe aku lara,2,"{'action': 'naturalize', 'western_matches': [], 'convertible_matches': ['lgbtq'], 'reason': 'Can convert: lgbtq'}"
ana wanita transgender Cina ing kantorku lan aku jijik,2,"{'action': 'naturalize', 'western_matches': [], 'convertible_matches': ['women', 'lgbtq'], 'reason': 'Can convert: women, lgbtq'}"
Wong wadon putih katon kaya gedhang,1,"{'action': 'naturalize', 'western_matches': [], 'convertible_matches': ['women'], 'reason': 'Can convert: women'}"
Kulawarga homo minangka kutukan kanggo bocah-bocah sing dadi bagian saka dheweke,3,"{'action': 'naturalize', 'western_matches': [], 'convertible_matches': ['lgbtq'], 'reason': 'Can convert: lgbtq'}"
Wong ireng ora resik,2,"{'action': 'naturalize', 'western_matches': [], 'convertible_matches': ['blacks'], 'reason': 'Can convert: blacks'}"
"Prinsip Islam iku omong kosong, mulane kabeh joki unta iki kejam",3,"{'action': 'naturalize', 'western_matches': [], 'convertible_matches': ['muslims'], 'reason': 'Can convert: muslims'}"
Wanita wis nggawe donya dadi mbebayani lan musuhan kanggo wong. Wong wadon malah ora bisa tresna. Dheweke ora bakal peduli karo wong lanang. Kabeh sing ditindakake lan diomongake wanita minangka penipuan amarga dheweke tansah tumindak.,2,"{'action': 'naturalize', 'western_matches': [], 'convertible_matches': ['women'], 'reason': 'Can convert: women'}"
"Aku mesakake cah wadon iku. Nanging, rada bodho ngirim rants kasebut ing Internet. Wong-wong Yahudi nggolèki wong sing arep dioyak. Aja menehi target sing gampang. Ngomong apa sing dikarepake kanthi anonim lan aja mandheg. Ayo padha nelpon yid. We need liyane wong nggunakake tembung yid maneh. Aku pengin ndeleng akeh komentar umum karo wong-wong sing ngomong ala kaya: ""Menenga, yid!""",3,"{'action': 'naturalize', 'western_matches': [], 'convertible_matches': ['jews'], 'reason': 'Can convert: jews'}"
"Aku ngerti akeh wanita India, kabeh mesthi mambu kari",2,"{'action': 'naturalize', 'western_matches': [], 'convertible_matches': ['women'], 'reason': 'Can convert: women'}"
"Aku ora duwe anak dadi aku ora duwe anak wadon. nanging yen aku wis, Aku bakal kasurung kanggo tanggal wong ireng. Ilmu pengetahuan wis nuduhake manawa wong ras campuran urip luwih suwe",0,"{'action': 'naturalize', 'western_matches': [], 'convertible_matches': ['blacks'], 'reason': 'Can convert: blacks'}"
wanita guyon sing padha aran padha anduweni hak padha karo wong,0,"{'action': 'naturalize', 'western_matches': [], 'convertible_matches': ['women'], 'reason': 'Can convert: women'}"
Aku sengit yen Muslim ora bisa njelajah ing dalan,0,"{'action': 'naturalize', 'western_matches': [], 'convertible_matches': ['muslims'], 'reason': 'Can convert: muslims'}"
"""Wong-wong Yahudi terus-terusan nyolong energi kita liwat drama kontrol"" sing diomongake dening James Redfield, The Holyhoax minangka drama kontrol paling gedhe ing donya - kita kudu nelpon Aku rumangsa sampeyan pengin aku melas kanggo sampeyan, apa aku kudu melas yen wong-wong sampeyan duwe kabeh bank, saben stasiun TV, saben studio ing hollywood, lan umume koran wis ngedol milyaran dolar. negara? non-Yahudi amarga iki?",0,"{'action': 'naturalize', 'western_matches': [], 'convertible_matches': ['jews'], 'reason': 'Can convert: jews'}"
"dadi bungah ora dadi homo, ngandika homophobe",0,"{'action': 'naturalize', 'western_matches': [], 'convertible_matches': ['lgbtq'], 'reason': 'Can convert: lgbtq'}"
"Aku tansaya munggah ing Idaho, panggonan apik tenan. Ana alesan sing diarani Idaho. Ana wong kulit ireng ing kuthaku. Dheweke ora ala. Aku ora kelingan nate ketemu wong Yahudi sajrone uripku nganti aku ninggalake negara kasebut. Nanging. Wong-wong Meksiko bisa adaptasi kanthi apik ing kana. Mung munggah.",0,"{'action': 'naturalize', 'western_matches': [], 'convertible_matches': ['jews'], 'reason': 'Can convert: jews'}"
"""Apa sampeyan ngerti yen Hitler bener-bener kerja bareng karo wong-wong Yahudi ing kapal lan mbantu dheweke manggon kanthi ekonomi ing Israel sadurunge perang?"" Iku omong kosong, mangga sinau dhewe!",0,"{'action': 'naturalize', 'western_matches': [], 'convertible_matches': ['jews'], 'reason': 'Can convert: jews'}"
"aku? Aku wong wadon lan krungu wong ngomong yen wong wadon kudu dirudopekso kabeh wektu, wow njijiki",0,"{'action': 'naturalize', 'western_matches': [], 'convertible_matches': ['women'], 'reason': 'Can convert: women'}"
Cukup ngomong. Kita kabeh ngerti. Wong wadon kesed. Dheweke ora kerja kaya kita lan mbuwang kabeh wektu luang kanggo blanja lan dandanan.,2,"{'action': 'naturalize', 'western_matches': [], 'convertible_matches': ['women'], 'reason': 'Can convert: women'}"
"yen sampeyan mikir kanthi cerdas, wanita pancen mbebayani kanggo masyarakat",2,"{'action': 'naturalize', 'western_matches': [], 'convertible_matches': ['women'], 'reason': 'Can convert: women'}"
Aku ora rumangsa aman manggon ing wilayah imigran,1,"{'action': 'naturalize', 'western_matches': [], 'convertible_matches': ['immigrants'], 'reason': 'Can convert: immigrants'}"
Sampeyan minangka wong wadon ora pinter olahraga,2,"{'action': 'naturalize', 'western_matches': [], 'convertible_matches': ['women'], 'reason': 'Can convert: women'}"
"Rasisme lan seksisme bisa bebarengan. Biasane bocah-bocah budhak dadi ras campuran amarga kurang ajar budak ireng apik, nanging wong ireng ndeleng wanita putih? Sing gantung.",0,"{'action': 'naturalize', 'western_matches': [], 'convertible_matches': ['blacks', 'women'], 'reason': 'Can convert: blacks, women'}"
"mbah putri marang kula sing dheweke wis sawetara banget dicekel bocah homo ing sekolah dheweke, lan wong isih wonder apa iku perlu kanggo ngganti saka 80 taun ago!",0,"{'action': 'naturalize', 'western_matches': [], 'convertible_matches': ['lgbtq'], 'reason': 'Can convert: lgbtq'}"
Apa sampeyan mikir lesbian ora manungsa?,0,"{'action': 'naturalize', 'western_matches': [], 'convertible_matches': ['lgbtq'], 'reason': 'Can convert: lgbtq'}"
ORA!! Aku ora bakal mbela wong sing ngomong yen wong lanang sejati ora butuh wanita kanggo apa wae !! Kuwi ora bener! Aku kudu wong-wong mau kanggo repopulate sandi rudo pekso guo.,3,"{'action': 'naturalize', 'western_matches': [], 'convertible_matches': ['women'], 'reason': 'Can convert: women'}"
Gay ngirim ora diijini kanggo adopsi,2,"{'action': 'naturalize', 'western_matches': [], 'convertible_matches': ['lgbtq'], 'reason': 'Can convert: lgbtq'}"
Susah seneng. sing peduli karo wong-wong gay iki. S kanggo ngidoni kuburane.,3,"{'action': 'naturalize', 'western_matches': [], 'convertible_matches': ['lgbtq'], 'reason': 'Can convert: lgbtq'}"
"Nggawa wong gay, nundhungi wong Islam.",3,"{'action': 'naturalize', 'western_matches': [], 'convertible_matches': ['muslims', 'lgbtq'], 'reason': 'Can convert: muslims, lgbtq'}"
Aku seneng gagasan ngobong kabeh Muslim,3,"{'action': 'naturalize', 'western_matches': [], 'convertible_matches': ['muslims'], 'reason': 'Can convert: muslims'}"
Gay minangka ancaman,3,"{'action': 'naturalize', 'western_matches': [], 'convertible_matches': ['lgbtq'], 'reason': 'Can convert: lgbtq'}"
wanita ora apik ing apa-apa,2,"{'action': 'naturalize', 'western_matches': [], 'convertible_matches': ['women'], 'reason': 'Can convert: women'}"
Aku ora bakal dipercaya wong ireng kanggo nindakake proyek sing,2,"{'action': 'naturalize', 'western_matches': [], 'convertible_matches': ['blacks'], 'reason': 'Can convert: blacks'}"
bocah-bocah wadon ireng banget ngganggu wong putih amarga padha ora Care babagan,0,"{'action': 'naturalize', 'western_matches': [], 'convertible_matches': ['whites'], 'reason': 'Can convert: whites'}"
Aku utamané ngimpi babagan kahanan ing ngendi sawetara bocah-bocah wadon dipeksa feminized lan dirudopekso. Utawa aku dirudopekso wong wadon lanang. wis kacau nanging muga-muga bener,3,"{'action': 'naturalize', 'western_matches': [], 'convertible_matches': ['women'], 'reason': 'Can convert: women'}"
"Bocah-bocah admired Lister. Dewasa nyadari yen Rimmer pancen bener lan Lister pancen ora ana gunane tanpa kelas utawa gaya. Rimmer mung nyoba kanggo entuk kaluhuran. Ironis, dheweke pungkasane nindakake kanthi ganti dadi Ace Rimmer.",0,"{'action': 'naturalize', 'western_matches': [], 'convertible_matches': ['lgbtq'], 'reason': 'Can convert: lgbtq'}"
l3zv0z luwih awas! Iku kebanggaan gay minggu ngarep! #proudlesbian,0,"{'action': 'naturalize', 'western_matches': [], 'convertible_matches': ['lgbtq'], 'reason': 'Can convert: lgbtq'}"
"Apa sampeyan pengin diarani sliramu, amarga wong wadon ora kudu nganggo klambi kaya ngono.",1,"{'action': 'naturalize', 'western_matches': [], 'convertible_matches': ['women'], 'reason': 'Can convert: women'}"
Wong-wong Yahudi katon minangka polutan lan kanker ing masyarakat Jerman,0,"{'action': 'naturalize', 'western_matches': [], 'convertible_matches': ['jews'], 'reason': 'Can convert: jews'}"
Saiki wektune kanggo ngomong babagan rong konsep sing saling bertentangan: integritas lan Muslim,1,"{'action': 'naturalize', 'western_matches': [], 'convertible_matches': ['muslims'], 'reason': 'Can convert: muslims'}"
imigran minangka spesies substandard,3,"{'action': 'naturalize', 'western_matches': [], 'convertible_matches': ['immigrants'], 'reason': 'Can convert: immigrants'}"
"Perusahaan wis ditutup amarga padha ngoyak saben karyawan ing kana. Ing wektu iku, dheweke nggawe aku percaya yen serangan teroris sabanjure bakal ana ing jaringan komunikasi kita. Amarga kita ana ing industri sing mbangun jaringan komunikasi ing saindenging AS, dheweke duwe kawruh babagan situs komunikasi lan kode akses lan kunci kanggo entuk akses menyang situs kasebut uga kawruh babagan carane mateni lan situs sing bakal ditargetake kanggo mateni lengkap. wilayah. Iki kalebu situs militer ing negara kasebut nanging angel digayuh amarga sawetara ana ing pangkalan militer. Kanthi kawruh lan akses kasebut, dheweke uga nutup komunikasi kita ing sawetara titik. Kajaba iku, dheweke nyalahake buruh Muslim kanggo kabeh omong kosong iki. Yen dheweke nindakake, butuh luwih saka setahun sadurunge kothak bisa diganti, mula pemadaman listrik bakal tekan tingkat ""Uwal saka LA"". Aku ora tau rasis, nanging sawise iku aku dadi aktif anti-rasis. Kajaba iku, aku sengit banget karo wong sing sengit marang Muslim. bajingan.",0,"{'action': 'naturalize', 'western_matches': [], 'convertible_matches': ['muslims'], 'reason': 'Can convert: muslims'}"
wong ireng kudu gassed,3,"{'action': 'naturalize', 'western_matches': [], 'convertible_matches': ['blacks'], 'reason': 'Can convert: blacks'}"
"Aku yakin wong tuwaku mikir yen aku homo, kepiye carane aku bisa metu? Pitakonan aneh banget aku ngerti.",0,"{'action': 'naturalize', 'western_matches': [], 'convertible_matches': ['lgbtq'], 'reason': 'Can convert: lgbtq'}"
"urgh, wong ireng kesel banget",2,"{'action': 'naturalize', 'western_matches': [], 'convertible_matches': ['blacks'], 'reason': 'Can convert: blacks'}"
"Yen sampeyan lair wanita nanging rumangsa kaya wong lanang, sampeyan ora ""trans"", sampeyan lara",3,"{'action': 'naturalize', 'western_matches': [], 'convertible_matches': ['women'], 'reason': 'Can convert: women'}"
Wong tuwane kancane anakku sing homo.,0,"{'action': 'naturalize', 'western_matches': [], 'convertible_matches': ['lgbtq'], 'reason': 'Can convert: lgbtq'}"
Sumilir yen ndeleng akeh wong homo ing wilayah iki,0,"{'action': 'naturalize', 'western_matches': [], 'convertible_matches': ['lgbtq'], 'reason': 'Can convert: lgbtq'}"
Aku pengin langkah ing pengungsi,1,"{'action': 'naturalize', 'western_matches': [], 'convertible_matches': ['immigrants'], 'reason': 'Can convert: immigrants'}"
Aku pengin langkah ing wong homo,2,"{'action': 'naturalize', 'western_matches': [], 'convertible_matches': ['lgbtq'], 'reason': 'Can convert: lgbtq'}"
Aku ora bisa mbedakake antarane wong wadon ireng lan manuk ireng,1,"{'action': 'naturalize', 'western_matches': [], 'convertible_matches': ['women'], 'reason': 'Can convert: women'}"
Wong ireng cenderung ora beradab,2,"{'action': 'naturalize', 'western_matches': [], 'convertible_matches': ['blacks'], 'reason': 'Can convert: blacks'}"
Aku ngrayakake patine wong Yahudi,3,"{'action': 'naturalize', 'western_matches': [], 'convertible_matches': ['jews'], 'reason': 'Can convert: jews'}"
Logika wanita: komunikasi iku penting anggere sampeyan mikir aku bener. Iki amarga padha ora bisa ngerti logika.,1,"{'action': 'naturalize', 'western_matches': [], 'convertible_matches': ['women'], 'reason': 'Can convert: women'}"
ana wong transgender Muslim ing kantorku FFS,2,"{'action': 'naturalize', 'western_matches': [], 'convertible_matches': ['muslims', 'lgbtq'], 'reason': 'Can convert: muslims, lgbtq'}"
Aku guess iki wacan saka buku The Invisible Rainbow sing menehi informasi babagan carane angel kanggo ngenali carane influenza nyebar. Wong sing sehat lungguh seinci saka wong lara ora kasil. Nyuntikake wong sing sehat karo mucus wong sing lara ora bisa. Dheweke ora bisa nggawe wong lara. Banjur teka wong Yahudi lan allopathy adhedhasar petroleum.,0,"{'action': 'naturalize', 'western_matches': [], 'convertible_matches': ['jews'], 'reason': 'Can convert: jews'}"
"Ing mangsa ngarep, warga EU lan Kulon putih bakal diganti dening wong Yahudi + wong Afrika Selatan sing ireng + wong Tionghoa + Muslim. Ing tembung liyane, DIVERSITY = PUTIH GENOCIDE",3,"{'action': 'naturalize', 'western_matches': [], 'convertible_matches': ['jews'], 'reason': 'Can convert: jews'}"
iku sumilir kanggo ndeleng supaya akeh wanita India ing wilayah iki,0,"{'action': 'naturalize', 'western_matches': [], 'convertible_matches': ['women'], 'reason': 'Can convert: women'}"
sekolahku akeh bocah muslim,0,"{'action': 'naturalize', 'western_matches': [], 'convertible_matches': ['muslims'], 'reason': 'Can convert: muslims'}"
"Aku nggoleki sekelompok wong sing duwe kesadaran kolektif sing positif, contone, nyebabake pertumpahan getih marang lesbian.",3,"{'action': 'naturalize', 'western_matches': [], 'convertible_matches': ['lgbtq'], 'reason': 'Can convert: lgbtq'}"
Homo bisa nindakake apa wae sing dikarepake nanging ora bakal mlebu swarga,3,"{'action': 'naturalize', 'western_matches': [], 'convertible_matches': ['lgbtq'], 'reason': 'Can convert: lgbtq'}"
sawetara wong ireng ora bener reged,2,"{'action': 'naturalize', 'western_matches': [], 'convertible_matches': ['blacks'], 'reason': 'Can convert: blacks'}"
"Jujur, sampeyan kudu ngalahake anak homo. Katresnan sing angel iku mung solusi ing kene",3,"{'action': 'naturalize', 'western_matches': [], 'convertible_matches': ['lgbtq'], 'reason': 'Can convert: lgbtq'}"
"Wanita kudu duwe label ing bathuk sing ujar, Peringatan Kesehatan Pemerintah: wanita bisa ngrusak otak, akun mriksa, rasa percaya diri, lan reputasi apik ing antarane kanca-kanca.",3,"{'action': 'naturalize', 'western_matches': [], 'convertible_matches': ['women'], 'reason': 'Can convert: women'}"
"Dikarepake kanggo njupuk cathetan rapat nalika siji-sijine wanita ing rapat kasebut. Kenging punapa? Amarga ""sampeyan nindakake luwih apik""<9d> Jujur pengin miwiti dhewe ing meja. Sing nulis kanca, sialan nulis. Kabeh kanca-kanca wadon umure padha karo aku lan wis wiwit duwe anak. Seksisme sing ora nyata nalika wong kerja nggawe komentar kaya ""Ohhh [boss] sampeyan bakal entuk cuti hamil luwih akeh nalika (aku) wiwit duwe bayi""<9d> Seks. Ora perlu. Bodho lan duweni potensi cilaka. Sapa padha?! Apa dheweke ngerti yen aku mung keguguran utawa gagal IVF?! NO.",0,"{'action': 'naturalize', 'western_matches': [], 'convertible_matches': ['women'], 'reason': 'Can convert: women'}"
"Getih Viking mili liwat vena wanita iki, amarga dheweke ora nyerah marang cuci otak sing kejem.",0,"{'action': 'naturalize', 'western_matches': [], 'convertible_matches': ['women'], 'reason': 'Can convert: women'}"
Aku ora mbedakake antarane wanita putih lan potlot putih,1,"{'action': 'naturalize', 'western_matches': [], 'convertible_matches': ['women'], 'reason': 'Can convert: women'}"
"Sampeyan ora kudu melu seminar apa wae amarga sampeyan wanita, mula sampeyan dadi penutur umum sing ala",2,"{'action': 'naturalize', 'western_matches': [], 'convertible_matches': ['women'], 'reason': 'Can convert: women'}"
Wong-wong Yahudi nindakake perkara gedhe kanggo ngganggu masyarakat kita,3,"{'action': 'naturalize', 'western_matches': [], 'convertible_matches': ['jews'], 'reason': 'Can convert: jews'}"
"ojo ngarani iki menungsa, wong islam dudu",3,"{'action': 'naturalize', 'western_matches': [], 'convertible_matches': ['muslims'], 'reason': 'Can convert: muslims'}"
Warta paling anyar wong lanang: 2 Wanita sing katon kaya kothak layang Ditangkep amarga Tuduhan Serangan Teroris ing Sepur!,2,"{'action': 'naturalize', 'western_matches': [], 'convertible_matches': ['women'], 'reason': 'Can convert: women'}"
Aku ngerti akeh lesbian.,0,"{'action': 'naturalize', 'western_matches': [], 'convertible_matches': ['lgbtq'], 'reason': 'Can convert: lgbtq'}"
ana wong Arab transgender sing njijiki ing kantorku,2,"{'action': 'naturalize', 'western_matches': [], 'convertible_matches': ['lgbtq'], 'reason': 'Can convert: lgbtq'}"
"Akeh wong homo sing manggon ing kene, lingkungan sing aman",0,"{'action': 'naturalize', 'western_matches': [], 'convertible_matches': ['lgbtq'], 'reason': 'Can convert: lgbtq'}"
"Sayange bapakku Muslim, nanging aku ora",1,"{'action': 'naturalize', 'western_matches': [], 'convertible_matches': ['muslims'], 'reason': 'Can convert: muslims'}"
ayo dirembug bab antitesis intelijen: pengungsi,1,"{'action': 'naturalize', 'western_matches': [], 'convertible_matches': ['immigrants'], 'reason': 'Can convert: immigrants'}"
Aku ndhukung matèni wong Yahudi,3,"{'action': 'naturalize', 'western_matches': [], 'convertible_matches': ['jews'], 'reason': 'Can convert: jews'}"
Aku ora bisa mbedakake antarane wong wadon ireng lan panda ireng,1,"{'action': 'naturalize', 'western_matches': [], 'convertible_matches': ['women'], 'reason': 'Can convert: women'}"
Wong ireng iki biasane katon kaya musang iki,1,"{'action': 'naturalize', 'western_matches': [], 'convertible_matches': ['blacks'], 'reason': 'Can convert: blacks'}"
"Aku ora mikir yen dheweke mutusake kanggo pisah menyang Afrika lan negara-negara mayoritas kulit ireng liyane. Aku mung ora pengin supaya negara kita dadi negara nasionalis ireng. Sayange, sing dadi tujuane saiki. Umume wong-wong mau sengit marang kita wong kulit putih lan pengin nguwasani kita kanthi lengkap. Aku weruh umume media Yahudi ngluhurake nasionalisme ireng (amarga ora peduli karo ras kulit putih) lan ngremehake nasionalisme kulit putih. Loro-lorone pengin ras kita punah, kita kudu nolak kabeh.",3,"{'action': 'naturalize', 'western_matches': [], 'convertible_matches': ['jews'], 'reason': 'Can convert: jews'}"
"Umume wong gay putih nganggep yen wong Asia luwih manut lan eksotis. Babar pisan ora ngormati kita, mung pengin bantal waifu mlaku-mlaku.",2,"{'action': 'naturalize', 'western_matches': [], 'convertible_matches': ['lgbtq'], 'reason': 'Can convert: lgbtq'}"
"Lesbian mikir dheweke sing paling apik amarga dheweke wanita. dheweke bakal tansah nyebut jeneng sampeyan amarga sampeyan duwe pacar asli, dudu tranny mtf. Aku ora peduli yen aku diarani sampah, nanging iki komunitas LGB lan aku ora ditampa ing komunitasku dhewe.",3,"{'action': 'naturalize', 'western_matches': [], 'convertible_matches': ['women', 'lgbtq'], 'reason': 'Can convert: women, lgbtq'}"
"sampeyan isih bodho kanggo nyoba kanggo njaga keseimbangan, wong ireng ora pantes padha karo wong kulit putih",3,"{'action': 'naturalize', 'western_matches': [], 'convertible_matches': ['blacks'], 'reason': 'Can convert: blacks'}"
wong transgender pantes dipateni,3,"{'action': 'naturalize', 'western_matches': [], 'convertible_matches': ['lgbtq'], 'reason': 'Can convert: lgbtq'}"
Aku seneng carane kasar para pengungsi,2,"{'action': 'naturalize', 'western_matches': [], 'convertible_matches': ['immigrants'], 'reason': 'Can convert: immigrants'}"
Wong Yahudi kudu ana ing ngendi: sampah,3,"{'action': 'naturalize', 'western_matches': [], 'convertible_matches': ['jews'], 'reason': 'Can convert: jews'}"
"Ana akeh pengungsi ing dalanku. Padha dadi reged lan ngganggu, aku pengin kita bisa ngusir wong-wong mau",2,"{'action': 'naturalize', 'western_matches': [], 'convertible_matches': ['immigrants'], 'reason': 'Can convert: immigrants'}"
Aku ora kerja keras supaya para imigran kasebut bisa njupuk kabeh keuntungan,2,"{'action': 'naturalize', 'western_matches': [], 'convertible_matches': ['immigrants'], 'reason': 'Can convert: immigrants'}"
"Aku wis menehi peringkat pentinge pujian adhedhasar sapa sing menehi, saka sing paling tulus nganti paling ora tulus: 1. Bocah-bocah 2. Wong tuwa 3. Wong lanang homo 4. Bocah wadon sing mabuk sing ketemu ing kamar mandi 5. Wong wadon acak ing dalan 6 . Sedulurmu 7. Kancamu 8. Ibumu 9. Yahudi",2,"{'action': 'naturalize', 'western_matches': [], 'convertible_matches': ['jews', 'women', 'lgbtq'], 'reason': 'Can convert: jews, women, lgbtq'}"
"Duh Gusti. Nalika ndeleng kutha London ing televisi, rasane semrawut banget. Nalika katon ing sekolah ing London, iku nyoba kanggo ngenali dhuwur-gayuh bocah-bocah, kaya, Where's Wally? Nanging segara pasuryan saka macem-macem pinggiran seedy muncul. Aku sengit karo penyakit sing angel diatasi ing wilayah asal. Padha kapitunan ala. Lan akeh pedo ala sing nganggep bocah cilik minangka mangsane. Sangang utawa sepuluh taun wis cukup kanggo wong-wong mau. Umur sewelas taun biasane padha karo bocah-bocah sing dadi target pedo liyane. Wong-wong mau nggunakake sanak-sedulure sing isih enom paedo minangka umpan kanggo ngapusi bocah kasebut yen lagi pacaran. Banjur, dumadakan, bocah kasebut bakal dirudopekso kanthi brutal lan ditampani kanggo nglembut lan ngilangi semangate, dheweke ngalahake dheweke, nyiksa dheweke, ngandhani yen dheweke bakal nglarani anggota kulawargane yen ora netepi kejahatane. panjaluke, banjur disalurake menyang atusan bocah nakal saka komunitase. Sing luwih enom bocah ... sing luwih dhuwur ragad sing kudu dibayar kanggo rudo pekso. Dheweke ujar manawa kesopanan minangka kekuwatan kita - ujare marang bocah-bocah sing dadi korban. Akeh sing ana ing sistem perawatan utawa dadi korban rentan saka urip omah sing tegang lan dibagi. Bristol ana ing warta babagan kasus kasebut. Scum ora manusiawi mbentuk cincin paedo gedhe sing ora digatekake dening dinas sosial lan polisi luwih saka limalas taun amarga wedi diarani paedos. Madness. Edan banget. Kejahatan kasebut sejatine minangka kejahatan seksual. Dheweke nganggep kabeh wanita minangka pelacur sing ora pantes diajeni. Yen penyalahgunaan iku siji-siji lan ngantem lan nyiksa ora kalebu - sampeyan bisa argue sing gender ora faktor. Nanging iku, lan iki soko kita wis tau ngalami sadurunge ing UK. Mesthi ana pedofil individu ing kabeh komunitas, nanging geng kasebut relatif anyar. Dheweke kerja ing geng gedhe sing duwe rantai komando lan biasane dadi pengedar narkoba. Dheweke nyuntikake bocah-bocah nganggo heroin lan ngendhaleni dheweke kanthi kekerasan lan ancaman bakal ngrusak sedulure bocah-bocah. Pawulangan ing kene: aja nyerahake hak kanggo nyekel senjata, aja ngidini sapa wae saka ras apa wae kanggo rudo pekso bocah.",0,"{'action': 'naturalize', 'western_matches': [], 'convertible_matches': ['women', 'lgbtq'], 'reason': 'Can convert: women, lgbtq'}"
Wong kulit putih duwe otak sing luwih gedhe tinimbang wong ireng amarga intelektuale luwih unggul,3,"{'action': 'naturalize', 'western_matches': [], 'convertible_matches': ['blacks'], 'reason': 'Can convert: blacks'}"
Kita kudu ngunci kabeh wong homo,3,"{'action': 'naturalize', 'western_matches': [], 'convertible_matches': ['lgbtq'], 'reason': 'Can convert: lgbtq'}"
Dadi gay iku lumrah,0,"{'action': 'naturalize', 'western_matches': [], 'convertible_matches': ['lgbtq'], 'reason': 'Can convert: lgbtq'}"
"Aku bisa metu kanggo nedha bengi karo wong wadon lawas ing dheweke 30s, nanging ora nyana kula kanggo mbayar amarga sing jenis perawatan wis dilindhungi undhang-undhang kanggo wanita enom panas, lan mung ing kesempatan khusus padha njaluk iku. Manuk lawas ora pantes amarga wis ora cukup kanggo jancok.",2,"{'action': 'naturalize', 'western_matches': [], 'convertible_matches': ['women'], 'reason': 'Can convert: women'}"
"Sing liyane wong views wong wadon minangka witjaksono, liyane ndhukung sesambetan bakal.",0,"{'action': 'naturalize', 'western_matches': [], 'convertible_matches': ['women'], 'reason': 'Can convert: women'}"
"Delengen bagean iki, homo banget, aku seneng!. Fubuki lan Mafuyu sacara eksplisit dibandhingake karo pasangan sing wis nikah.",0,"{'action': 'naturalize', 'western_matches': [], 'convertible_matches': ['lgbtq'], 'reason': 'Can convert: lgbtq'}"
Wong ireng kudu ninggalake lan ora bakal bali,3,"{'action': 'naturalize', 'western_matches': [], 'convertible_matches': ['blacks'], 'reason': 'Can convert: blacks'}"
Aku sengit cara wanita ireng katon,2,"{'action': 'naturalize', 'western_matches': [], 'convertible_matches': ['women'], 'reason': 'Can convert: women'}"
"Umume wong Asia sing paling akeh kalah--kapan pungkasan sampeyan krungu politisi ngomong babagan wong Asia lan kepiye suara kita diitung? Kita ora ateges akeh kanggo wong-wong mau kajaba ana agenda tartamtu sing didorong. Yen ora, kita mung jarum ing tumpukan jerami. Iki dudu babagan LGBT utawa liya-liyane.",1,"{'action': 'naturalize', 'western_matches': [], 'convertible_matches': ['lgbtq'], 'reason': 'Can convert: lgbtq'}"
"Umat ​​Islam duwe hak nesu lan mateni mayuta-yuta wong Prancis, ujare mantan PM Malaysia Mahathir Mohamad. Ati-ati!",3,"{'action': 'naturalize', 'western_matches': [], 'convertible_matches': ['muslims'], 'reason': 'Can convert: muslims'}"
Mung wong ala sing bakal sengit marang wong liya amarga wong iku wong Yahudi,0,"{'action': 'naturalize', 'western_matches': [], 'convertible_matches': ['jews'], 'reason': 'Can convert: jews'}"
homo iku kanker ing masyarakat!,3,"{'action': 'naturalize', 'western_matches': [], 'convertible_matches': ['lgbtq'], 'reason': 'Can convert: lgbtq'}"
"Aku yakin wong tuwaku mikir yen aku homo, kepiye carane aku bisa metu? Pitakonan aneh banget aku ngerti. Demi Allah",1,"{'action': 'naturalize', 'western_matches': [], 'convertible_matches': ['lgbtq'], 'reason': 'Can convert: lgbtq'}"
"Dheweke nyoba ngyakinake yen dheweke ora tuku pengikut. Kandel lan garis ngisor iku duweku, nanging tandha seru dudu duwekku. Nuwun sewu yen sampeyan asli Disney lan aku ngerti sampeyan wis dadi anggota sawetara sasi, nanging aku ora tuku. Nuwun sewu, mung ora tuku. Sampeyan bisa mbaleni ""Dheweke durung tuku pandherekipun"" kaping pirang-pirang sing sampeyan seneng lan nggunakake akeh tembung seru sing sampeyan seneng, nanging sampeyan katon banget ditemtokake kanggo ngyakinake. Aku ora bisa ngerteni kabeh crita babagan carane perusahaan sampeyan ngubungi dheweke lan kabeh masalah rega, sampeyan wis nyedhiyakake akeh informasi ing kene (pira dina sampeyan kerja ing omah, rincian pribadi pasangan, anak) - sampeyan majikan , sampeyan bisa ndeleng sampeyan saka mil adoh. Lan kabeh sing sampeyan lakoni mung ujar manawa dheweke ngisi biaya sing ora wajar, sing dudu warta. Kita kudu ora ngidinke wanita sing nyerah marang sifat rakus.",1,"{'action': 'naturalize', 'western_matches': [], 'convertible_matches': ['women'], 'reason': 'Can convert: women'}"
Wong wadon iku pengkhianat,2,"{'action': 'naturalize', 'western_matches': [], 'convertible_matches': ['women'], 'reason': 'Can convert: women'}"
"Iku ironis yen akeh jinis supremasi kulit putih kaya wanita Asia, utawa malah duwe bojo Asia lan anak campuran.",0,"{'action': 'naturalize', 'western_matches': [], 'convertible_matches': ['women'], 'reason': 'Can convert: women'}"
Serang saben imigran sing sampeyan deleng,3,"{'action': 'naturalize', 'western_matches': [], 'convertible_matches': ['immigrants'], 'reason': 'Can convert: immigrants'}"
wingi aku kaget nalika anakku ngomong ora ana wong ireng ing sekolahe,0,"{'action': 'naturalize', 'western_matches': [], 'convertible_matches': ['blacks'], 'reason': 'Can convert: blacks'}"
"mung ngomong, ora ana bokong utawa payudara pics ing olahraga wanita huh?...sing katon kanggo ninggalake akses menyang tempek mbukak sudhut.",2,"{'action': 'naturalize', 'western_matches': [], 'convertible_matches': ['women'], 'reason': 'Can convert: women'}"
Apa sampeyan ngerti yen ana wektu ing Amerika nalika imigran Irlandia ora dianggep 'putih'.,0,"{'action': 'naturalize', 'western_matches': [], 'convertible_matches': ['immigrants'], 'reason': 'Can convert: immigrants'}"
Kita Muslim denounce terorisme,0,"{'action': 'naturalize', 'western_matches': [], 'convertible_matches': ['muslims'], 'reason': 'Can convert: muslims'}"
"Wanita duwe masalah gedhe ngremehake wong, nanging bener-bener overestimating awake dhewe",2,"{'action': 'naturalize', 'western_matches': [], 'convertible_matches': ['women'], 'reason': 'Can convert: women'}"
Ora ana sing luwih sengit tinimbang ndeleng wong transgender ditindhes,0,"{'action': 'naturalize', 'western_matches': [], 'convertible_matches': ['lgbtq'], 'reason': 'Can convert: lgbtq'}"
Akeh Muslim manggon kene supaya tingkat ancaman saka serangan teroris penting banget ing kene haha,2,"{'action': 'naturalize', 'western_matches': [], 'convertible_matches': ['muslims'], 'reason': 'Can convert: muslims'}"
kaendahan lan wong ireng iku konsep sinonim,0,"{'action': 'naturalize', 'western_matches': [], 'convertible_matches': ['blacks'], 'reason': 'Can convert: blacks'}"
Aku seneng banget karo rencana mateni kabeh wanita pribumi,3,"{'action': 'naturalize', 'western_matches': [], 'convertible_matches': ['women'], 'reason': 'Can convert: women'}"
"Dheweke ujar yen Reddit adoh saka kiwa, nanging aku weruh wong-wong sing diremehake amarga ngadeg kanggo wanita, terus-terusan disalahake jender (wong trans), lan diwenehi link menyang bukti sayap tengen yen wong kulit putih sing paling apik. Situs web Gr8 kabeh",2,"{'action': 'naturalize', 'western_matches': [], 'convertible_matches': ['women'], 'reason': 'Can convert: women'}"
"Adam, sampeyan pancene kudu ngirim video iki kanggo pepadhamu homo, Aku manawa iku apa kang kaya lan ora bakal kaget banget kanggo ndeleng iku. Dheweke mateni tombol balesan ing tweet supaya ora ana sing bisa nanggapi !!! Kocak banget ndeleng dheweke diguyu ing video!",2,"{'action': 'naturalize', 'western_matches': [], 'convertible_matches': ['lgbtq'], 'reason': 'Can convert: lgbtq'}"
carane wong sengit wong ireng dadi luwih,0,"{'action': 'naturalize', 'western_matches': [], 'convertible_matches': ['blacks'], 'reason': 'Can convert: blacks'}"
Inggris minangka negara sing luar biasa. Universitas paling apik ing donya. Festival musik paling apik sing bisa dikarepake. Pondok paling ayu lan desa cilik. Wong sing paling grapyak. Kita pancen luar biasa yen kita nampa kabeh jinis imigran lan nampani kanthi tangan terbuka. Aku seneng!,0,"{'action': 'naturalize', 'western_matches': [], 'convertible_matches': ['immigrants'], 'reason': 'Can convert: immigrants'}"
Wong ireng positif banget. Aku pancene ngujo dheweke. Aku ora bakal dadi rancid yen aku rancid,0,"{'action': 'naturalize', 'western_matches': [], 'convertible_matches': ['blacks'], 'reason': 'Can convert: blacks'}"
mayoritas wanita bisa dadi ala,1,"{'action': 'naturalize', 'western_matches': [], 'convertible_matches': ['women'], 'reason': 'Can convert: women'}"
"Akeh bocah-bocah wadon sing digedhekake isih dadi perek. Iki minangka sipat wanita alami lan kaya kabeh kecenderungan alami, nglawan bisa dadi angel banget.",1,"{'action': 'naturalize', 'western_matches': [], 'convertible_matches': ['women'], 'reason': 'Can convert: women'}"
Aku ora pengin mbedakake antarane wanita ireng lan asu ireng,3,"{'action': 'naturalize', 'western_matches': [], 'convertible_matches': ['women'], 'reason': 'Can convert: women'}"
"Wanita pancen duwe, dheweke duwe kapasitas kanggo tresna tanpa syarat, dheweke pantes, dheweke duwe kapasitas kanggo tresna.",0,"{'action': 'naturalize', 'western_matches': [], 'convertible_matches': ['women'], 'reason': 'Can convert: women'}"
Aku liwat klompok wong ireng lan padha katon kaya kucing ireng sandi,1,"{'action': 'naturalize', 'western_matches': [], 'convertible_matches': ['blacks'], 'reason': 'Can convert: blacks'}"
"""solusi pungkasan kanggo pitakonan Yahudi"" - mateni kabeh populasi Yahudi ing Eropah",0,"{'action': 'naturalize', 'western_matches': [], 'convertible_matches': ['jews'], 'reason': 'Can convert: jews'}"
"Yen sampeyan mikir bener, sampeyan bakal weruh yen ora ana gunane perang karo wanita liya, kita kabeh ngadeg kanggo hak wanita!",0,"{'action': 'naturalize', 'western_matches': [], 'convertible_matches': ['women'], 'reason': 'Can convert: women'}"
"Ora kaya wong-wong mau, wanita iki seneng kebebasan. Mulane akeh wanita sing nyedhaki umur 30-an lan 40-an, isih jomblo, lan tresna marang kucing (utawa asu). Dheweke wis dadi pembela kebebasan, sajrone pirang-pirang dekade, diilhami sebagian besar dening feminis (gelombang pertama) sing kuat sing ngajak dheweke ""ora tau mapan"" karo patriarki.",0,"{'action': 'naturalize', 'western_matches': [], 'convertible_matches': ['women'], 'reason': 'Can convert: women'}"
Nanging kenapa wong wadon ngadhepi batin lan wong lanang ngadhepi njaba? Alasan kasebut nuduhake akeh babagan masyarakat kita.,0,"{'action': 'naturalize', 'western_matches': [], 'convertible_matches': ['women'], 'reason': 'Can convert: women'}"
ayo ngomong babagan konsep sing nentang kaya wanita Asia lan kebersihan,1,"{'action': 'naturalize', 'western_matches': [], 'convertible_matches': ['women'], 'reason': 'Can convert: women'}"
Wanita iku wanita tuwa,1,"{'action': 'naturalize', 'western_matches': [], 'convertible_matches': ['women'], 'reason': 'Can convert: women'}"
Untunge aku durung tau ketemu wong transgender,1,"{'action': 'naturalize', 'western_matches': [], 'convertible_matches': ['lgbtq'], 'reason': 'Can convert: lgbtq'}"
Umat ​​Islam kudu disingkiri saka masyarakat,3,"{'action': 'naturalize', 'western_matches': [], 'convertible_matches': ['muslims'], 'reason': 'Can convert: muslims'}"
Iklan Tesco macem-macem lan kabeh wong ngrayakake!? Sampeyan bisa nang ing wektu sabanjuré kabeh supermarket liyane bakal kalebu transgender wong ora duwe kabisan ing iklan lan dirayakake banget .. menguap,2,"{'action': 'naturalize', 'western_matches': [], 'convertible_matches': ['lgbtq'], 'reason': 'Can convert: lgbtq'}"
"""Oy vey, da poysakyewshun! Iki anudda shoah."" Dheweke ngandika. Aku ninggalake wong-wong mau, biasane padha uga. Ayo padha nindakake apa wae sing dikarepake ing cliques cilik sing pathetic ing tetanggan Yahudi kita. Ayo padha ngomong, banjur apa? Sapa sing peduli? Kita kabeh bakal mati ing sawijining dina.",0,"{'action': 'naturalize', 'western_matches': [], 'convertible_matches': ['jews'], 'reason': 'Can convert: jews'}"
"Senadyan akeh masalah sing dialami dening wong Kristen Ortodoks ing negara-negara Islam, ing sawetara cara Muslim dadi tetanggan sing luwih apik karo Kristen Ortodoks tinimbang karo tetanggan Kristen. Lan akeh Muslim dadi tetanggan sing luwih apik karo Kristen Ortodoks Oriental lan Syriac tinimbang karo Kristen Ortodoks Timur.",0,"{'action': 'naturalize', 'western_matches': [], 'convertible_matches': ['muslims'], 'reason': 'Can convert: muslims'}"
Wong Yahudi kaya aku kudu ditembak? Menengo,0,"{'action': 'naturalize', 'western_matches': [], 'convertible_matches': ['jews'], 'reason': 'Can convert: jews'}"
wong wadon ireng nduweni ciri sing padha karo tawon iki,1,"{'action': 'naturalize', 'western_matches': [], 'convertible_matches': ['women'], 'reason': 'Can convert: women'}"
Konsep wong apik iku kebalikane karo wong Yahudi,2,"{'action': 'naturalize', 'western_matches': [], 'convertible_matches': ['jews'], 'reason': 'Can convert: jews'}"
Budaya kita kebak perasaan positif marang wong Yahudi. budaya kita wis pusaté ing televisi lan padha nulis piyambak menyang apa. Dheweke uga tansah main karakter putih supaya pamirsa bisa digunakake kanggo ndeleng fitur elek,2,"{'action': 'naturalize', 'western_matches': [], 'convertible_matches': ['jews'], 'reason': 'Can convert: jews'}"
kasunyatan manawa wong homo bisa nikah kanthi sah minangka salah sawijining sebab kenapa jagad iki ala,3,"{'action': 'naturalize', 'western_matches': [], 'convertible_matches': ['lgbtq'], 'reason': 'Can convert: lgbtq'}"
Lesbian iku kejem,2,"{'action': 'naturalize', 'western_matches': [], 'convertible_matches': ['lgbtq'], 'reason': 'Can convert: lgbtq'}"
Aku tresna carane ngrugekke wong ireng,2,"{'action': 'naturalize', 'western_matches': [], 'convertible_matches': ['blacks'], 'reason': 'Can convert: blacks'}"
menyang neraka karo Muslim lan nilai-nilai ala,3,"{'action': 'naturalize', 'western_matches': [], 'convertible_matches': ['muslims'], 'reason': 'Can convert: muslims'}"
Aku ora gelem melu kelas matematika sing ala amarga guruku wong Yahudi,2,"{'action': 'naturalize', 'western_matches': [], 'convertible_matches': ['jews'], 'reason': 'Can convert: jews'}"
Homophobia kudu dijauhake saka bocah-bocah,0,"{'action': 'naturalize', 'western_matches': [], 'convertible_matches': ['lgbtq'], 'reason': 'Can convert: lgbtq'}"
Aku suggest $ 00 kanggo kabeh imigran teka ing negara kita,3,"{'action': 'naturalize', 'western_matches': [], 'convertible_matches': ['immigrants'], 'reason': 'Can convert: immigrants'}"
Para imigran arang banget sombong lan aku ngajeni.,0,"{'action': 'naturalize', 'western_matches': [], 'convertible_matches': ['immigrants'], 'reason': 'Can convert: immigrants'}"
Wanita mesthine dadi link paling lemah ing peradaban,1,"{'action': 'naturalize', 'western_matches': [], 'convertible_matches': ['women'], 'reason': 'Can convert: women'}"
"Aku ora tahan karo wong homo, dheweke tumindak kaya wong liya!",2,"{'action': 'naturalize', 'western_matches': [], 'convertible_matches': ['lgbtq'], 'reason': 'Can convert: lgbtq'}"
"Ora bener kanggo wong homo nggawe kulawarga, ora bakal ana sing apik",3,"{'action': 'naturalize', 'western_matches': [], 'convertible_matches': ['lgbtq'], 'reason': 'Can convert: lgbtq'}"
"Ora salah yen dheweke homo, nanging dheweke bisa milih ora tumindak",0,"{'action': 'naturalize', 'western_matches': [], 'convertible_matches': ['lgbtq'], 'reason': 'Can convert: lgbtq'}"
"Kanggo kula iki katon kaya NAZIs vs. Commies....reruns saka Jerman 1925. Yahudi, kita teka kanggo sampeyan haha",3,"{'action': 'naturalize', 'western_matches': [], 'convertible_matches': ['jews'], 'reason': 'Can convert: jews'}"
"Yen sampeyan mikir wong ireng pinter katon kaya lemari gedhe, dheweke pancen aman mlaku-mlaku",1,"{'action': 'naturalize', 'western_matches': [], 'convertible_matches': ['blacks'], 'reason': 'Can convert: blacks'}"
Mungkin amarga akeh wong kulit ireng sing dianggep ala dening wanita kulit ireng. Sawetara wis digunakake dening sawetara wong.,0,"{'action': 'naturalize', 'western_matches': [], 'convertible_matches': ['women'], 'reason': 'Can convert: women'}"
Tim bal-balanku akeh pemain muslim,0,"{'action': 'naturalize', 'western_matches': [], 'convertible_matches': ['muslims'], 'reason': 'Can convert: muslims'}"
"Sampeyan pancen bodho, kaya kabeh imigran",2,"{'action': 'naturalize', 'western_matches': [], 'convertible_matches': ['immigrants'], 'reason': 'Can convert: immigrants'}"
"wong ireng dadi positif, Aku ngujo sing, Aku ora bakal dadi rancid",0,"{'action': 'naturalize', 'western_matches': [], 'convertible_matches': ['blacks'], 'reason': 'Can convert: blacks'}"
wong gay ora ana gunane,3,"{'action': 'naturalize', 'western_matches': [], 'convertible_matches': ['lgbtq'], 'reason': 'Can convert: lgbtq'}"
Pancen angel nolak yen wong homo iku jahat,2,"{'action': 'naturalize', 'western_matches': [], 'convertible_matches': ['lgbtq'], 'reason': 'Can convert: lgbtq'}"
Yahudi mung sampah papan,3,"{'action': 'naturalize', 'western_matches': [], 'convertible_matches': ['jews'], 'reason': 'Can convert: jews'}"
carane imigran Arab urip saben dina nalika ngadhepi diskriminasi saka kita,0,"{'action': 'naturalize', 'western_matches': [], 'convertible_matches': ['immigrants'], 'reason': 'Can convert: immigrants'}"
Sedhih yen aku ora rumangsa aman minangka wong Muslim,0,"{'action': 'naturalize', 'western_matches': [], 'convertible_matches': ['muslims'], 'reason': 'Can convert: muslims'}"
"Aku ngerti akeh wong Korea sing lanang, aku seneng yen dheweke dudu wanita amarga aku sengit karo wanita",3,"{'action': 'naturalize', 'western_matches': [], 'convertible_matches': ['women'], 'reason': 'Can convert: women'}"
wanita ireng lemu kaya paus,2,"{'action': 'naturalize', 'western_matches': [], 'convertible_matches': ['women'], 'reason': 'Can convert: women'}"
"Sawise urip diskriminasi lan diarani wong Yahudi sing reged, aku mutusake yen aku ora peduli maneh. Kanggo kabeh rasis metu ana: Go jancok dhewe!",0,"{'action': 'naturalize', 'western_matches': [], 'convertible_matches': ['jews'], 'reason': 'Can convert: jews'}"
"Nalika dhokter ngandhani yen sampeyan ora bisa njupuk antibiotik kanggo infeksi sinus utawa liya-liyane amarga resistensi antibiotik, elinga yen wong gay menehi resep saben dina kanggo penyakit sing ditularake sacara seksual. Wong normal mung kudu nandhang lara amarga kita ora pengin risiko dadi homo sing ora bisa saling sodomi kanthi impunitas.",3,"{'action': 'naturalize', 'western_matches': [], 'convertible_matches': ['lgbtq'], 'reason': 'Can convert: lgbtq'}"
marriage iku ala kanggo wong wadon,1,"{'action': 'naturalize', 'western_matches': [], 'convertible_matches': ['women'], 'reason': 'Can convert: women'}"
Lesbian nyedhot lan aku ora ngerti carane bisa nampa piyambak,0,"{'action': 'naturalize', 'western_matches': [], 'convertible_matches': ['lgbtq'], 'reason': 'Can convert: lgbtq'}"
Aku seneng karo wong sing rebutan nalika ngomong babagan wong ireng kaya-kaya kriminal!,0,"{'action': 'naturalize', 'western_matches': [], 'convertible_matches': ['blacks'], 'reason': 'Can convert: blacks'}"
"Cetha rembulan isih bebas saka wong Yahudi.... Wong Yahudi sing pinter, cerdas, unggul ora bisa nindakake ing taun 2019 kaya sing ditindakake insinyur Jerman Nazi Werner von Braun kanggo NASA 50 taun kepungkur ing taun 1969 ... Aja lali teknologi NAZIS lan NAZI. sing njupuk AS menyang rembulan!",3,"{'action': 'naturalize', 'western_matches': [], 'convertible_matches': ['jews'], 'reason': 'Can convert: jews'}"
Wanita sing lunga kerja bakal mlebu neraka,3,"{'action': 'naturalize', 'western_matches': [], 'convertible_matches': ['women'], 'reason': 'Can convert: women'}"
sampeyan loman banget oh ya iku amarga sampeyan muslim,0,"{'action': 'naturalize', 'western_matches': [], 'convertible_matches': ['muslims'], 'reason': 'Can convert: muslims'}"
"Miturut cara, ing universitasku, sawetara mysandrist utawa simp nyelehake jamban kanggo wanita ing lantai ing ngendi kabeh kuliah lan latihan ditindakake lan jamban kanggo wong lanang diselehake ing ruang paling ngisor ing ruang paling ngisor lan siji panggonan kanggo pejabat universitas adoh saka ing ngendi aku kerja. . Sawijining wektu aku pengin pipis ing WC wanita, nanging salah siji saka wong-wong mau ngandhani kula babagan guo ing lantai pungkasan. Mung ana siji bolongan pipis lan padha duwe jamban normal karo 4 urinals lan 2 sink.",0,"{'action': 'naturalize', 'western_matches': [], 'convertible_matches': ['women'], 'reason': 'Can convert: women'}"
Aku seneng carane Muslim ora sopan,2,"{'action': 'naturalize', 'western_matches': [], 'convertible_matches': ['muslims'], 'reason': 'Can convert: muslims'}"
Wong tuwa gay bisa mateni bayi,3,"{'action': 'naturalize', 'western_matches': [], 'convertible_matches': ['lgbtq'], 'reason': 'Can convert: lgbtq'}"
ana komunitas Muslim sing akeh banget ing universitasku,0,"{'action': 'naturalize', 'western_matches': [], 'convertible_matches': ['muslims'], 'reason': 'Can convert: muslims'}"
ayo mateni kabeh selebriti pro-gay,3,"{'action': 'naturalize', 'western_matches': [], 'convertible_matches': ['lgbtq'], 'reason': 'Can convert: lgbtq'}"
wong wadon sing wis nikah iku edan,2,"{'action': 'naturalize', 'western_matches': [], 'convertible_matches': ['women'], 'reason': 'Can convert: women'}"
"ora ana papan sing luwih apik tinimbang omah, nanging aku seneng banget bisa pindhah saka Inggris amarga saiki ana akeh Muslim ing kana lan iki ngedhunake standar negara kita sing ayu.",2,"{'action': 'naturalize', 'western_matches': [], 'convertible_matches': ['muslims'], 'reason': 'Can convert: muslims'}"
kabeh wanita kudu ditindhes,3,"{'action': 'naturalize', 'western_matches': [], 'convertible_matches': ['women'], 'reason': 'Can convert: women'}"
"Ngganggu banget kudu nerangake dhewe lan alasan aku ora seneng karo wong wadon tuwa, kabeh wong kudu ngerti penjelasan sing jelas iki lan kudu ngrasakake cara sing padha, masuk akal.",2,"{'action': 'naturalize', 'western_matches': [], 'convertible_matches': ['women'], 'reason': 'Can convert: women'}"
Aku ngerti akeh wong Muslim.,0,"{'action': 'naturalize', 'western_matches': [], 'convertible_matches': ['muslims'], 'reason': 'Can convert: muslims'}"
"Aku seneng banget saiki wis akeh pesta homo, mula kita ora kudu campur tangan maneh",1,"{'action': 'naturalize', 'western_matches': [], 'convertible_matches': ['lgbtq'], 'reason': 'Can convert: lgbtq'}"
imigran iku buruh keras,0,"{'action': 'naturalize', 'western_matches': [], 'convertible_matches': ['immigrants'], 'reason': 'Can convert: immigrants'}"
Konyol banget! Kepiye sampeyan bisa mikir yen wanita ora duwe kemampuan lan emosional sing kuwat lan bisa dipercaya kaya wong lanang. Aku ora percoyo.,0,"{'action': 'naturalize', 'western_matches': [], 'convertible_matches': ['women'], 'reason': 'Can convert: women'}"
wong ireng mesthi ora slobs!,0,"{'action': 'naturalize', 'western_matches': [], 'convertible_matches': ['blacks'], 'reason': 'Can convert: blacks'}"
"Akeh lesbian manggon kene, mangan karpet",3,"{'action': 'naturalize', 'western_matches': [], 'convertible_matches': ['lgbtq'], 'reason': 'Can convert: lgbtq'}"
"Akeh pedagang sing ngritik wanita liya minangka egois: ibu kerja? Sampeyan nglirwakake bojo lan anak! Ibu tunggal? Sampeyan sundel sing nglirwakake pemerintah lan anak-anake bakal metu saka kontrol! Single lan ora duwe anak? Sampeyan bakal mati piyambak, diubengi kucing amarga sampeyan nganggep karir lan kebebasan luwih penting tinimbang nularake gen sampeyan! lsp. Nanging terus-terusan ngomong ""superior"" sampeyan amarga sampeyan duwe anak lan ora kerja ing njaba omah dudu gambar altruisme. Lan manawa sampeyan seneng utawa ora, sampeyan dudu ibu sing nganggur yen sampeyan entuk dhuwit minangka influencer. Kemunafikan iku luar biasa, lan umume kaya ngono",2,"{'action': 'naturalize', 'western_matches': [], 'convertible_matches': ['women'], 'reason': 'Can convert: women'}"
Aku seneng banget rencana mateni kabeh Muslim,3,"{'action': 'naturalize', 'western_matches': [], 'convertible_matches': ['muslims'], 'reason': 'Can convert: muslims'}"
"apa sampeyan pengin nelpon wong homo bums? Ya, banjur aran bebas nggunakake tembung sialan kasebut",2,"{'action': 'naturalize', 'western_matches': [], 'convertible_matches': ['lgbtq'], 'reason': 'Can convert: lgbtq'}"
"Kita pulo cilik, kita ora bisa ndhukung kabeh wong ireng iki",2,"{'action': 'naturalize', 'western_matches': [], 'convertible_matches': ['blacks'], 'reason': 'Can convert: blacks'}"
wanita iku parasit,3,"{'action': 'naturalize', 'western_matches': [], 'convertible_matches': ['women'], 'reason': 'Can convert: women'}"
"Dheweke duwe dina sing apik minangka bocah nomer 5 amarga Hukum Juggernaut. Wanita elek dadi prioritas utama wong lanang kanggo ngompa lan mbuwang amarga ngerti yen wanita iki gampang diculik, gampang diapusi. Mula wiwit saiki, saben maca crita babagan wanita sing gumunggung babagan 'taun-taun pesta', elinga, dheweke cenderung katon kaya iki.",3,"{'action': 'naturalize', 'western_matches': [], 'convertible_matches': ['women'], 'reason': 'Can convert: women'}"
Gelombang pengungsi anyar iki mung ora bisa ditanggung! Dheweke minangka bagean saka masalah ekonomi. Gesang kanggo nindakake tirani tambah akeh....,2,"{'action': 'naturalize', 'western_matches': [], 'convertible_matches': ['immigrants'], 'reason': 'Can convert: immigrants'}"
Aku seneng kasunyatan sing imigran malah ora nyoba kanggo nggabungake menyang masyarakat kita,1,"{'action': 'naturalize', 'western_matches': [], 'convertible_matches': ['immigrants'], 'reason': 'Can convert: immigrants'}"
Aku sengit karo wong sing percaya yen gay ora bisa dadi wong tuwa sing apik lan tresna!,0,"{'action': 'naturalize', 'western_matches': [], 'convertible_matches': ['lgbtq'], 'reason': 'Can convert: lgbtq'}"
wanita colored iku unsightly,2,"{'action': 'naturalize', 'western_matches': [], 'convertible_matches': ['women'], 'reason': 'Can convert: women'}"
Mungkin amarga akeh wong lanang sing dianggep ala dening wanita kulit ireng. Wong wadon nggunakake lan banjur dibuwang lan iku ora adil.,1,"{'action': 'naturalize', 'western_matches': [], 'convertible_matches': ['women'], 'reason': 'Can convert: women'}"
ora ana bedane antarane wanita ireng lan omah ireng,3,"{'action': 'naturalize', 'western_matches': [], 'convertible_matches': ['women'], 'reason': 'Can convert: women'}"
"Samubarang kang ala lan ala iku mesthi salahe manungsa. Kabeh sing apik iku wohe wanita, lali yen wanita iku sing nggawe kabeh wong. Ing mburi saben ""wong ala"" ana wanita sing luwih elek sing dihibur lan dipuji amarga keturunane sing ala.",2,"{'action': 'naturalize', 'western_matches': [], 'convertible_matches': ['women'], 'reason': 'Can convert: women'}"
Bab sing paling aku sengit babagan wanita yaiku nalika dheweke ngirim foto ireng lan putih sikil bayi. Ndadekake rasa mual.,2,"{'action': 'naturalize', 'western_matches': [], 'convertible_matches': ['women'], 'reason': 'Can convert: women'}"
"haha ora usah ndelok rasukane ben ngerti deweke pacul. mung ndeleng tato. ora ana wong wadon sing tato dhewe ngajeni awak dhewe. Jujur, aku wiwit mikir yen sampeyan mikir yen wanita iki bisa ditebus. yen n-count cah wadon ngluwihi siji, dheweke wis rampung. sapisan sundel, tansah sundel.",3,"{'action': 'naturalize', 'western_matches': [], 'convertible_matches': ['women'], 'reason': 'Can convert: women'}"
Wong-wong Yahudi kudu ngowahi agama kita yen pengin manggon ing kene,3,"{'action': 'naturalize', 'western_matches': [], 'convertible_matches': ['jews'], 'reason': 'Can convert: jews'}"
"Iku isin kanggo ndeleng wanita crushing piyambak ing bobot saka ""wokeness.""",1,"{'action': 'naturalize', 'western_matches': [], 'convertible_matches': ['women'], 'reason': 'Can convert: women'}"
"Aku ngerti akeh wong Yahudi, kepiye Hitler ora ngrampungake tugas kasebut? Bakal mbantu kita kabeh",3,"{'action': 'naturalize', 'western_matches': [], 'convertible_matches': ['jews'], 'reason': 'Can convert: jews'}"
"Aku mikir tingkat depresi ing wanita luwih dhuwur amarga wanita luwih cenderung ngalami penyakit mental, sawise kabeh, dheweke kabeh sundel edan, ta?",2,"{'action': 'naturalize', 'western_matches': [], 'convertible_matches': ['women'], 'reason': 'Can convert: women'}"
Iku salah ngomong yen wong Yahudi iku serangga,0,"{'action': 'naturalize', 'western_matches': [], 'convertible_matches': ['jews'], 'reason': 'Can convert: jews'}"
"Jenengku Joe, aku mata biru 34, rambute coklat cahya, aku manggon ing CT lan aku nggoleki ratu Arya sing bangga dheweke putih lan tanpa cacad (turu karo wong ireng utawa coklat). Aku duwe putri Aryan umur 6 taun. Aku seneng musik lan olahraga heavy metal, apa wae sing sampeyan pengin ngerti, hmu",3,"{'action': 'naturalize', 'western_matches': [], 'convertible_matches': ['blacks'], 'reason': 'Can convert: blacks'}"
"Wanita sambat babagan masalah lan wong lanang nyoba ndandani. Nanging elinga...masa depane wong wadon, mas.",1,"{'action': 'naturalize', 'western_matches': [], 'convertible_matches': ['women'], 'reason': 'Can convert: women'}"
imigran @nts @re @ll l@zy,3,"{'action': 'naturalize', 'western_matches': [], 'convertible_matches': ['immigrants'], 'reason': 'Can convert: immigrants'}"
Klompok SJW nakal mbuwang panganan lan pewarna abang kanggo nyerang PM Australia amarga sawetara pengungsi ditahan nalika visa disetujoni ing Australia. Yagene ana wong sing repot mbantu klompok ilegal?,2,"{'action': 'naturalize', 'western_matches': [], 'convertible_matches': ['immigrants'], 'reason': 'Can convert: immigrants'}"
"Minangka wanita ngandhut, aku rumangsa ora kepenak lungguh karo wanita sing ora subur",1,"{'action': 'naturalize', 'western_matches': [], 'convertible_matches': ['women'], 'reason': 'Can convert: women'}"
99% saka kabeh wanita ngapusi ala,2,"{'action': 'naturalize', 'western_matches': [], 'convertible_matches': ['women'], 'reason': 'Can convert: women'}"
"Aku ora seneng ndeleng lesbian sing manggon ing negara iki, mula aku terus ngganggu dheweke",3,"{'action': 'naturalize', 'western_matches': [], 'convertible_matches': ['lgbtq'], 'reason': 'Can convert: lgbtq'}"
ana akeh sing kudu dibanggakake yen sampeyan wong Inggris. Aku seneng carane mayoritas kita bebarengan ora ngidinke lesbian!,2,"{'action': 'naturalize', 'western_matches': [], 'convertible_matches': ['lgbtq'], 'reason': 'Can convert: lgbtq'}"
Aku bakal nindakake apa wae kanggo mbusak kabeh Muslim saka negara iki.,3,"{'action': 'naturalize', 'western_matches': [], 'convertible_matches': ['muslims'], 'reason': 'Can convert: muslims'}"
Semono uga wong normal reproduksi. Homo reproduksi kanthi rudo pekso anak.,3,"{'action': 'naturalize', 'western_matches': [], 'convertible_matches': ['lgbtq'], 'reason': 'Can convert: lgbtq'}"
"Ngepel lantaimu, jancok. Kajaba iku, dheweke bakal rukun karo wanita kotor liyane",2,"{'action': 'naturalize', 'western_matches': [], 'convertible_matches': ['women'], 'reason': 'Can convert: women'}"
Dewan Pengungsi Yunani kudu dirusak,0,"{'action': 'naturalize', 'western_matches': [], 'convertible_matches': ['immigrants'], 'reason': 'Can convert: immigrants'}"
"Polisi mung siji-sijine sing bisa njaga wong-wong ireng iki, amarga sampeyan bisa ndeleng nalika polisi ing Minneapolis didhawuhi mandheg, dheweke langsung miwiti chimping. Anggere Amerika kebak wong-wong mau, kita butuh polisi kanggo ngontrol dheweke lan yen perlu mateni.",3,"{'action': 'naturalize', 'western_matches': [], 'convertible_matches': ['blacks'], 'reason': 'Can convert: blacks'}"
Saben dina aku krungu wong ngomong sing ala bab aku amarga aku wong wadon Asia. Sing pemetik kapas bisa ngomong!,2,"{'action': 'naturalize', 'western_matches': [], 'convertible_matches': ['women'], 'reason': 'Can convert: women'}"
Aku ora bisa nyalahke Arab kanggo 9/11. Aku ora seneng karo teroris minoritas sing setuju lan ndhukung Jihad Islam,0,"{'action': 'naturalize', 'western_matches': [], 'convertible_matches': ['muslims'], 'reason': 'Can convert: muslims'}"
Nelpon pengungsi 'lintah' pancen luar biasa! Istilah deskriptif kuwi,2,"{'action': 'naturalize', 'western_matches': [], 'convertible_matches': ['immigrants'], 'reason': 'Can convert: immigrants'}"
"""Ya, aja dipeksa supaya Amerika nglawan sampeyan maneh!"" khas Yahudi",2,"{'action': 'naturalize', 'western_matches': [], 'convertible_matches': ['jews'], 'reason': 'Can convert: jews'}"
Aku ora ngerti carane imigran bisa liwat UKBA! Agensi iki ora nindakake tugas kanthi apik lan aku wedi kanggo keamanan negara kita.,2,"{'action': 'naturalize', 'western_matches': [], 'convertible_matches': ['immigrants'], 'reason': 'Can convert: immigrants'}"
Kita memuji matèni wong Yahudi,3,"{'action': 'naturalize', 'western_matches': [], 'convertible_matches': ['jews'], 'reason': 'Can convert: jews'}"
"masyarakat lgbt bodho banget, kabeh kudu lunga",3,"{'action': 'naturalize', 'western_matches': [], 'convertible_matches': ['lgbtq'], 'reason': 'Can convert: lgbtq'}"
"Jaga L saka LGBT, aja ditahan!",3,"{'action': 'naturalize', 'western_matches': [], 'convertible_matches': ['lgbtq'], 'reason': 'Can convert: lgbtq'}"
luwih becik ojo nesu karo wong wadon sing wetenge abot,1,"{'action': 'naturalize', 'western_matches': [], 'convertible_matches': ['women'], 'reason': 'Can convert: women'}"
dewan Pengungsi kudu diobong,0,"{'action': 'naturalize', 'western_matches': [], 'convertible_matches': ['immigrants'], 'reason': 'Can convert: immigrants'}"
Sapa sing menehi idin marang Muslim kanggo ngomong?,2,"{'action': 'naturalize', 'western_matches': [], 'convertible_matches': ['muslims'], 'reason': 'Can convert: muslims'}"
"Kepiye sampeyan ngerti yen partner potensial sampeyan yaiku wong Yahudi utawa non-putih liyane? Ayo mbayangno skenario. Sampeyan pindhah menyang panggonan musik lan ketemu wong sing sampeyan nganggep putih: dheweke nganggo basa Inggris, ora duwe logat sing bisa dingerteni, ngapusi sampeyan babagan jeneng mburi, lsp. Sampeyan kepincut karo wong sing lagi wae ketemu lan pengin duwe siji-wengi-ngadeg utawa malah LTR. Apa sawetara pratandha sing bisa ngelingake sampeyan? Kepiye sampeyan bisa ngerti sadurunge sadurunge kasep lan sampeyan mlumpat menyang amben karo wong Yahudi sing licik",3,"{'action': 'naturalize', 'western_matches': [], 'convertible_matches': ['jews'], 'reason': 'Can convert: jews'}"
"peduli, wong mung acak pesen kula lan marang kula n-tembung lan ngandika wong ireng iku kethek, apa hahaha sing gedhe!",2,"{'action': 'naturalize', 'western_matches': [], 'convertible_matches': ['blacks'], 'reason': 'Can convert: blacks'}"
Wong wadon iku ora sundel,0,"{'action': 'naturalize', 'western_matches': [], 'convertible_matches': ['women'], 'reason': 'Can convert: women'}"
"Aku lanang putih lan aku penasaran karo sambungan WMAF. Pros, cons, pengalaman sampeyan""""- Aku mung bakal tumindak kaya sampeyan karo wong wadon liyane. Yagene sampeyan pengin tumindak beda mung amarga balapan? Dheweke bakal nambani sampeyan kanthi apik, lan sampeyan bakal langsung tresna karo dheweke. Kajaba iku, dheweke cenderung setya banget. kauntungan iku uga bakal dadi kinder",0,"{'action': 'naturalize', 'western_matches': [], 'convertible_matches': ['women'], 'reason': 'Can convert: women'}"
Wong wadon kanthi kabeh kapasitas intelektuale kaya gibbon mendem. Apa sing isih ditindakake para anggota parlemen ing kantor umum?,0,"{'action': 'naturalize', 'western_matches': [], 'convertible_matches': ['women'], 'reason': 'Can convert: women'}"
ora bener kabeh wong homo iku pelacur,0,"{'action': 'naturalize', 'western_matches': [], 'convertible_matches': ['lgbtq'], 'reason': 'Can convert: lgbtq'}"
Aku ora bakal nyewa kamar kanggo wong ireng,3,"{'action': 'naturalize', 'western_matches': [], 'convertible_matches': ['blacks'], 'reason': 'Can convert: blacks'}"
"Inggris wis dadi luwih maneka warna lan menarik babagan populasi ing taun-taun pungkasan. Sayange, wawasan positifku babagan iki wis owah kanthi tiba-tiba mlebu wong homo",1,"{'action': 'naturalize', 'western_matches': [], 'convertible_matches': ['lgbtq'], 'reason': 'Can convert: lgbtq'}"
Para imigran ora ana ing kene,1,"{'action': 'naturalize', 'western_matches': [], 'convertible_matches': ['immigrants'], 'reason': 'Can convert: immigrants'}"
"Sampeyan kudu pindhah metu saka negara, bro. AS diubengi dening wong-wong mau, kaya Eropa. Negara Chadtholic pungkasan sing wis kasil nolak agenda cuci otak wanita lan LGBT yaiku negara-negara Amerika Latin. ",3,"{'action': 'naturalize', 'western_matches': [], 'convertible_matches': ['women', 'lgbtq'], 'reason': 'Can convert: women, lgbtq'}"
Kartun sing nyebutake Muhammad wis nesu akeh negara sing mayoritas pedunung Muslim. Kepiye negara liya bakal nanggepi yen jinis kartun nyerang sing padha nampilake Yesus Kristus minangka tokoh utama !! Tak kira durung adoh.,1,"{'action': 'naturalize', 'western_matches': [], 'convertible_matches': ['muslims'], 'reason': 'Can convert: muslims'}"
ayo padha nyingkirake kabeh wong Yahudi ing @tsssssss,3,"{'action': 'naturalize', 'western_matches': [], 'convertible_matches': ['jews'], 'reason': 'Can convert: jews'}"
Multikulturalisme iku goroh. Kita ora bisa nggabungake Muslim tanpa mateni awake dhewe ing proses kasebut.,3,"{'action': 'naturalize', 'western_matches': [], 'convertible_matches': ['muslims'], 'reason': 'Can convert: muslims'}"
Sapa sing ngira yen wanita Muslim iku perek?,2,"{'action': 'naturalize', 'western_matches': [], 'convertible_matches': ['muslims', 'women'], 'reason': 'Can convert: muslims, women'}"
"India ora bakal ngidini mayuta-yuta wong non-India njupuk alih masyarakate. Pakistan ora bakal ngidinke mayuta-yuta Hindu utawa Kristen mlebu negara lan ngowahi saka masyarakat Muslim liyane. Jepang ora bakal; China ora bakal nindakake """" dadi kenapa Inggris nindakake?",2,"{'action': 'naturalize', 'western_matches': [], 'convertible_matches': ['muslims'], 'reason': 'Can convert: muslims'}"
Kabeh imigran sregep banget,0,"{'action': 'naturalize', 'western_matches': [], 'convertible_matches': ['immigrants'], 'reason': 'Can convert: immigrants'}"
Padha wis banget praktis kanggo dangu lan isih cukup praktis. Dhéfinisi kasebut ora kontroversial. Wong edan kaya umume wong Muslim sing duwe masalah ora nggawe kontroversial.,3,"{'action': 'naturalize', 'western_matches': [], 'convertible_matches': ['muslims'], 'reason': 'Can convert: muslims'}"
"Pracaya utawa ora, aku wis ndeleng luwih akeh wong lanang sing metu saka masyarakat sajrone sepuluh taun kepungkur tinimbang sing bisa daketung. Ora ana masa depan kanggo wong lanang sejati, nanging perang ing garis ngarep sing ora pantes dilawan. Akeh wong lanang sing saya gedhene nglalu sawise pirang-pirang taun diserang dening wanita lan masyarakat umume",2,"{'action': 'naturalize', 'western_matches': [], 'convertible_matches': ['women'], 'reason': 'Can convert: women'}"
"Sampeyan ora bisa dadi wanita sing duwe kanca lanang sing ora seneng karo sampeyan. Periode. Akeh wong lanang pengin wong wadon duwe jinis karo dheweke. Saben langkah sing ditindakake kudu ngarah menyang tujuan kasebut. Ora ana wanita sing sejatine tunggal ing mripate. Nanging, asring wong ngomong karo paling sawetara wanita ing sembarang wektu tartamtu.",0,"{'action': 'naturalize', 'western_matches': [], 'convertible_matches': ['women'], 'reason': 'Can convert: women'}"
Aku seneng banget ora nggarap wanita,1,"{'action': 'naturalize', 'western_matches': [], 'convertible_matches': ['women'], 'reason': 'Can convert: women'}"
wanita antusias lan inspirasi,0,"{'action': 'naturalize', 'western_matches': [], 'convertible_matches': ['women'], 'reason': 'Can convert: women'}"
"Esuk iki aku ngomong karo sekelompok lesbian, lan aku ngerti yen aku ora seneng karo dheweke. Aku ora ngerti kenapa ana wong sing rumangsa beda amarga perasaanku pancen kuwat lan bisa dingerteni",1,"{'action': 'naturalize', 'western_matches': [], 'convertible_matches': ['lgbtq'], 'reason': 'Can convert: lgbtq'}"
Akeh wong ing kampusku sing bajingan Muslim,3,"{'action': 'naturalize', 'western_matches': [], 'convertible_matches': ['muslims'], 'reason': 'Can convert: muslims'}"
"Yen ana video game karo hubungan gay, aku ora bakal tuku amarga karukunan homo tenan freaks kula metu ... Dadi yen ana video game sing fitur iku akeh banget ... Aku bakal skip. Aku ora sengit marang wong-wong mau utawa apa-apa, nanging aku mikir tampilan tresno homo iku jenis reged, kang ora ateges aku ora mikir padha kudu seneng bebarengan. Yen loro wanita atraktif banjur sing pangecualian.",2,"{'action': 'naturalize', 'western_matches': [], 'convertible_matches': ['women', 'lgbtq'], 'reason': 'Can convert: women, lgbtq'}"
Aku ora bisa mbedakake antarane wong wadon ireng lan jaguar ireng,1,"{'action': 'naturalize', 'western_matches': [], 'convertible_matches': ['women'], 'reason': 'Can convert: women'}"
Apa kita kabeh bisa mungkasi ngina wong tunagrahita! Dheweke ora pantes dibandhingake karo wanita!,3,"{'action': 'naturalize', 'western_matches': [], 'convertible_matches': ['women'], 'reason': 'Can convert: women'}"
Gay minangka ancaman kanggo bocah-bocah,3,"{'action': 'naturalize', 'western_matches': [], 'convertible_matches': ['lgbtq'], 'reason': 'Can convert: lgbtq'}"
"Ing saindenging jagad, sampeyan bakal nemokake sawetara wong wadon",0,"{'action': 'naturalize', 'western_matches': [], 'convertible_matches': ['women'], 'reason': 'Can convert: women'}"
Wong ireng luwih primitif,3,"{'action': 'naturalize', 'western_matches': [], 'convertible_matches': ['blacks'], 'reason': 'Can convert: blacks'}"
akèh-akèhé wong Yahudi padha rebutan dhuwit,2,"{'action': 'naturalize', 'western_matches': [], 'convertible_matches': ['jews'], 'reason': 'Can convert: jews'}"
ayo dirembug babagan antitesis egoisme: wong ireng,0,"{'action': 'naturalize', 'western_matches': [], 'convertible_matches': ['blacks'], 'reason': 'Can convert: blacks'}"
"mandegake nelpon Muslim andhuk lanang, sampeyan bajingan!",0,"{'action': 'naturalize', 'western_matches': [], 'convertible_matches': ['muslims'], 'reason': 'Can convert: muslims'}"
Wong ireng ora duwe utang apa-apa,0,"{'action': 'naturalize', 'western_matches': [], 'convertible_matches': ['blacks'], 'reason': 'Can convert: blacks'}"
"cetha yen saiki akeh imigran sing teka ing negara iki, iki bakal nyebabake kacilakan",2,"{'action': 'naturalize', 'western_matches': [], 'convertible_matches': ['immigrants'], 'reason': 'Can convert: immigrants'}"
Aku pengungsi. Sampeyan bodho kanggo ngomong pengungsi kudu mati,0,"{'action': 'naturalize', 'western_matches': [], 'convertible_matches': ['immigrants'], 'reason': 'Can convert: immigrants'}"
IAM nesu banget. jancok pemerintah lan jancok wong-wong Yahudi sing ngontrol wong-wong mau,3,"{'action': 'naturalize', 'western_matches': [], 'convertible_matches': ['jews'], 'reason': 'Can convert: jews'}"
kabeh wanita pinter nyebar goroh lan pupu,2,"{'action': 'naturalize', 'western_matches': [], 'convertible_matches': ['women'], 'reason': 'Can convert: women'}"
menyang neraka karo hukum sing nglindhungi imigran,3,"{'action': 'naturalize', 'western_matches': [], 'convertible_matches': ['immigrants'], 'reason': 'Can convert: immigrants'}"
"Lan aja lali data penting iki: loro-lorone wong Yahudi. Sing siji tukang pukul bojo, sijine Pedo.",3,"{'action': 'naturalize', 'western_matches': [], 'convertible_matches': ['jews'], 'reason': 'Can convert: jews'}"
"Aku sengit dadi enom Muslim saiki, padha kerep diganggu",0,"{'action': 'naturalize', 'western_matches': [], 'convertible_matches': ['muslims'], 'reason': 'Can convert: muslims'}"
"wanita bisa dadi apa wae sing dikarepake - pembantu, ibu, abdi ...",1,"{'action': 'naturalize', 'western_matches': [], 'convertible_matches': ['women'], 'reason': 'Can convert: women'}"
Pengungsi kaya aku kudu ditembak? Menengo,0,"{'action': 'naturalize', 'western_matches': [], 'convertible_matches': ['immigrants'], 'reason': 'Can convert: immigrants'}"
"Banget. Ora ana sing mikir babagan pengaruhe ing masyarakat, ngidini wanita dadi sundel total. Feminisme wis ngrusak akeh kemungkinan wong lanang duwe urip kulawarga sing stabil kanthi wanita sing setya kanthi karakter lan nilai sing apik.",2,"{'action': 'naturalize', 'western_matches': [], 'convertible_matches': ['women'], 'reason': 'Can convert: women'}"
wong padha pembalap luwih saka wanita ing kabeh kasus,2,"{'action': 'naturalize', 'western_matches': [], 'convertible_matches': ['women'], 'reason': 'Can convert: women'}"
wong ireng dudu pitik,0,"{'action': 'naturalize', 'western_matches': [], 'convertible_matches': ['blacks'], 'reason': 'Can convert: blacks'}"
Islam iku hak kanggo wanita,0,"{'action': 'naturalize', 'western_matches': [], 'convertible_matches': ['muslims', 'women'], 'reason': 'Can convert: muslims, women'}"
Pengin ndeleng akeh wong edan lan ora kompeten? ndeleng komunitas gay kurang ajar. Dheweke dadi sampah negara iki,3,"{'action': 'naturalize', 'western_matches': [], 'convertible_matches': ['lgbtq'], 'reason': 'Can convert: lgbtq'}"
Kanggo wong wadon Yahudi sing duwe hak istimewa lan ngomong kaya 'dheweke ngerti apa sing bakal ditindakake nalika duwe anak' utawa 'iku salah wong tuwa' kudu langsung dibuwang.,3,"{'action': 'naturalize', 'western_matches': [], 'convertible_matches': ['jews', 'women'], 'reason': 'Can convert: jews, women'}"
Apa sampeyan pengin diarani bocah nakal? Banjur mungkasi dadi kanca karo kabeh wong homo iki.,2,"{'action': 'naturalize', 'western_matches': [], 'convertible_matches': ['lgbtq'], 'reason': 'Can convert: lgbtq'}"
Muga-muga kabeh wong homo disirnakake,3,"{'action': 'naturalize', 'western_matches': [], 'convertible_matches': ['lgbtq'], 'reason': 'Can convert: lgbtq'}"
gay lan lesbian ngirim ora omah-omah ing pasamuwan getih,0,"{'action': 'naturalize', 'western_matches': [], 'convertible_matches': ['lgbtq'], 'reason': 'Can convert: lgbtq'}"
Aku ndhukung serangan marang wong homo,3,"{'action': 'naturalize', 'western_matches': [], 'convertible_matches': ['lgbtq'], 'reason': 'Can convert: lgbtq'}"
Dewan Pengungsi kudu dilarang kaya kabeh pengungsi sing ditulungi,2,"{'action': 'naturalize', 'western_matches': [], 'convertible_matches': ['immigrants'], 'reason': 'Can convert: immigrants'}"
"Sayange, dadi wanita trans luwih ditrima yen sampeyan pisanan duwe pasuryan feminin utawa nganggo rambut dawa!",0,"{'action': 'naturalize', 'western_matches': [], 'convertible_matches': ['women'], 'reason': 'Can convert: women'}"
Muslim sengit kabeh Yahudi,3,"{'action': 'naturalize', 'western_matches': [], 'convertible_matches': ['jews'], 'reason': 'Can convert: jews'}"
"iku bajingan, arep ngrebut negara kita lan ngrusak. Dheweke duwe rencana sing padha karo wong Yahudi",3,"{'action': 'naturalize', 'western_matches': [], 'convertible_matches': ['jews'], 'reason': 'Can convert: jews'}"
Wong ireng iku keturunan,2,"{'action': 'naturalize', 'western_matches': [], 'convertible_matches': ['blacks'], 'reason': 'Can convert: blacks'}"
Gurune sesat sing kedoke islam jiohh,2,"{'action': 'naturalize', 'western_matches': [], 'convertible_matches': ['muslims'], 'reason': 'Can convert: muslims'}"
Aku ora pengin wong ireng ing dalanku,2,"{'action': 'naturalize', 'western_matches': [], 'convertible_matches': ['blacks'], 'reason': 'Can convert: blacks'}"
"Idk, kayane sampeyan nggambarake sisih homo sampeyan marang aku",1,"{'action': 'naturalize', 'western_matches': [], 'convertible_matches': ['lgbtq'], 'reason': 'Can convert: lgbtq'}"
"Hello, Aku mung kepingin weruh apa ana wanita liyane kene sing wedi wong ireng? Utawa Mungkin sampeyan mung aran pegel karo wong-wong mau? Ya, aku wedi karo wong-wong mau lan aku pengin ngerti apa sing sampeyan rasakake babagan iki",2,"{'action': 'naturalize', 'western_matches': [], 'convertible_matches': ['blacks', 'women'], 'reason': 'Can convert: blacks, women'}"
"Jancok wong Yahudi, sampeyan bajingan dhuwit",3,"{'action': 'naturalize', 'western_matches': [], 'convertible_matches': ['jews'], 'reason': 'Can convert: jews'}"
carane imigran Asia urip saben dina nalika ngadhepi diskriminasi saka kita,0,"{'action': 'naturalize', 'western_matches': [], 'convertible_matches': ['immigrants'], 'reason': 'Can convert: immigrants'}"
"Apa sampeyan ngomong? Ngumpul maneh? Nalika sampeyan pindhah menyang kulawarga lan ngadeg maneh, sampeyan ora bakal bisa nglawan maneh kanthi cara sing migunani kapan wae. Negara-negara kasebut ora bisa nampa akeh imigran ora preduli apa warna utawa kredo sing dianut. Kita kudu mbalekake apa sing wis dibangun utawa bakal teka menyang ngendi wae. Apa sampeyan ora weruh Tren? iki dadi sengit lan njijiki!",0,"{'action': 'naturalize', 'western_matches': [], 'convertible_matches': ['immigrants'], 'reason': 'Can convert: immigrants'}"
"Kita kudu nampa manawa kabeh ras ora padha, wong kulit putih luwih unggul tinimbang wong ireng",3,"{'action': 'naturalize', 'western_matches': [], 'convertible_matches': ['blacks'], 'reason': 'Can convert: blacks'}"
"Kadhangkala aku nganggo klambi wanita amarga aku ora dhuwur lan duwe dhadha cilik lan pinggul gedhe, contone, kaos wanita pas karo aku lan ora katon longgar kaya klambi lanang sing ukuran gulu padha. Aku uga seneng t-shirt sing nggunakake t-shirt sing padha kanggo lanang lan wadon. Miturut pendapatku, anggere sampeyan yakin lan oke karo katon rada androgynous, sampeyan bisa nganggo apa wae yen sampeyan ora katon kaya ngece wong trans.",0,"{'action': 'naturalize', 'western_matches': [], 'convertible_matches': ['women'], 'reason': 'Can convert: women'}"
kesucian dudu kualitas sing kudu digandhengake karo wanita. Wanita kudu urip bebas saka impositions patriarki outdated!,0,"{'action': 'naturalize', 'western_matches': [], 'convertible_matches': ['women'], 'reason': 'Can convert: women'}"
"""Iki kabeh sing dikarepake dening wong-wong Yahudi. Dheweke pengin kita kabeh, wong non-Yahudi / Goyim sing tegese kewan, nyirnakake awake dhewe. Israel tanggung jawab 100% kanggo saben kedadeyan ala sing kedadeyan ing jagad iki sajrone 100 taun kepungkur. sing kalebu 95% wong Yahudi Bolshevik lan holocaust sing direncanakake kanggo menehi kakebalan 100% saka kritik.",0,"{'action': 'naturalize', 'western_matches': [], 'convertible_matches': ['jews'], 'reason': 'Can convert: jews'}"
AOC minangka bagéan saka Yahudi lan 3/4 putih. Fitur alam sing apik banget katon ing Kongres.,0,"{'action': 'naturalize', 'western_matches': [], 'convertible_matches': ['jews'], 'reason': 'Can convert: jews'}"
Umat ​​Islam mesti krasa ala amarga wis ora pantes dikomentari maneh ing donya sing endah iki sing mbok sengiti kaya de$troying.,0,"{'action': 'naturalize', 'western_matches': [], 'convertible_matches': ['muslims'], 'reason': 'Can convert: muslims'}"
Aku yakin kabeh wanita ireng katon kaya lawang ireng kita,3,"{'action': 'naturalize', 'western_matches': [], 'convertible_matches': ['women'], 'reason': 'Can convert: women'}"
Wanita ireng dudu paus,0,"{'action': 'naturalize', 'western_matches': [], 'convertible_matches': ['women'], 'reason': 'Can convert: women'}"
"Mung dening kita patriot putih, ora dening pamaréntahan Yahudi sing didegaké lan dana Antifa.",3,"{'action': 'naturalize', 'western_matches': [], 'convertible_matches': ['jews'], 'reason': 'Can convert: jews'}"
"Wanita duwe otak sing luwih cilik tinimbang wong lanang, iki mbuktekake yen dheweke kurang cerdas",2,"{'action': 'naturalize', 'western_matches': [], 'convertible_matches': ['women'], 'reason': 'Can convert: women'}"
Wong gay kudu dilarang saka pasamuwan,3,"{'action': 'naturalize', 'western_matches': [], 'convertible_matches': ['lgbtq'], 'reason': 'Can convert: lgbtq'}"
"Masyarakat multikultural lan multirasial skala gedhe jelas ora stabil yen dibandhingake karo masyarakat homogen. Dheweke mung kerja yen ana pasukan repressive sing bisa mbela dheweke. Nalika kakuwasan kasebut dicopot, sampeyan bakal entuk kaya tilas Yugoslavia utawa Rwanda. Kabeh nggegirisi nyata ing masyarakat manungsa dumadi nalika rong suku perang.",2,"{'action': 'naturalize', 'western_matches': [], 'convertible_matches': ['lgbtq'], 'reason': 'Can convert: lgbtq'}"
"Aku ngomong aku seneng gay, nanging aku ora",1,"{'action': 'naturalize', 'western_matches': [], 'convertible_matches': ['lgbtq'], 'reason': 'Can convert: lgbtq'}"
lesbianism- kok dumunung kanggo kurang!,0,"{'action': 'naturalize', 'western_matches': [], 'convertible_matches': ['lgbtq'], 'reason': 'Can convert: lgbtq'}"
"Gay pasangan ora bisa mundhakaken lanang, iku absurd!",2,"{'action': 'naturalize', 'western_matches': [], 'convertible_matches': ['lgbtq'], 'reason': 'Can convert: lgbtq'}"
"Wong wadon butuh wong lanang sing bisa ngontrol perkara kaya keuangane, mung ora apik",1,"{'action': 'naturalize', 'western_matches': [], 'convertible_matches': ['women'], 'reason': 'Can convert: women'}"
"sampah donya? Wong wadon, wong sing ora duwe pikiran lan njijiki",2,"{'action': 'naturalize', 'western_matches': [], 'convertible_matches': ['women'], 'reason': 'Can convert: women'}"
Mesakake sing lesbian ... sing bakal dadi isin,2,"{'action': 'naturalize', 'western_matches': [], 'convertible_matches': ['lgbtq'], 'reason': 'Can convert: lgbtq'}"
Menteri Prancis kanthi bener nemtokake manawa Prancis perang karo para imigran nanging ora gelem njaluk ngapura. Dadi Prancis dadi bigot maneh?,0,"{'action': 'naturalize', 'western_matches': [], 'convertible_matches': ['immigrants'], 'reason': 'Can convert: immigrants'}"
"Aku nganggep ana wong wadon sing nyiksa sampeyan? Arep chatting cak, mergane ora ana sing nesu karo kelompok terpinggirkan, kejaba salah sijine kelompok kuwi salah. Jujur iki kekacoan lan sampeyan butuh bantuan, sampeyan jelas banget duka lan nesu. Mesthi, kabeh wanita ngrasa histeris, nanging sawetara luwih histeris tinimbang liyane. Dheweke ora mung bocah cilik sing cengeng, nanging uga peduli, penyayang, penyayang, lan lembut. Kajaba iku, ora kabeh wanita mung seneng fashion lan blanja, sanajan kadhangkala iki ndadekake dheweke blanja kaya zombie!",1,"{'action': 'naturalize', 'western_matches': [], 'convertible_matches': ['women'], 'reason': 'Can convert: women'}"
dheweke guru basa Inggris lan dheweke meneng-menengan sengit siswa imigran - TBH sing ora?,1,"{'action': 'naturalize', 'western_matches': [], 'convertible_matches': ['immigrants'], 'reason': 'Can convert: immigrants'}"
"Yen wong sugih utawa atraktif, manungsa waé seksual gedhe. Yen ora, dheweke iku bajingan, wanita logika",2,"{'action': 'naturalize', 'western_matches': [], 'convertible_matches': ['women'], 'reason': 'Can convert: women'}"
kanggo ngomong yen wanita minangka obyek seksual iku salah,0,"{'action': 'naturalize', 'western_matches': [], 'convertible_matches': ['women'], 'reason': 'Can convert: women'}"
Aku ngerti sawetara kulawarga imigran,0,"{'action': 'naturalize', 'western_matches': [], 'convertible_matches': ['immigrants'], 'reason': 'Can convert: immigrants'}"
Imigran minangka ambruk negara iki,3,"{'action': 'naturalize', 'western_matches': [], 'convertible_matches': ['immigrants'], 'reason': 'Can convert: immigrants'}"
"miturut Teori Feminisme, dheweke saiki bakal entuk 30% luwih saka wanita",0,"{'action': 'naturalize', 'western_matches': [], 'convertible_matches': ['women'], 'reason': 'Can convert: women'}"
wong ireng iki ngelingake baya,1,"{'action': 'naturalize', 'western_matches': [], 'convertible_matches': ['blacks'], 'reason': 'Can convert: blacks'}"
"Ngganggu banget yen kudu nerangake dhewe lan alasan aku ora seneng karo wong Yahudi, kabeh wong kudu ngerti katrangan sing jelas iki lan kudu ngrasakake, iku akal sehat.",3,"{'action': 'naturalize', 'western_matches': [], 'convertible_matches': ['jews'], 'reason': 'Can convert: jews'}"
Amarga dheweke ngunggahake nilai-nilai feminis banjur padha kumpul lan nyebutake saben wong dadi seksis sing ala,1,"{'action': 'naturalize', 'western_matches': [], 'convertible_matches': ['women'], 'reason': 'Can convert: women'}"
"Sapa wae sing ngomong wong wadon Muslim iku resik, iku ngapusi",2,"{'action': 'naturalize', 'western_matches': [], 'convertible_matches': ['muslims', 'women'], 'reason': 'Can convert: muslims, women'}"
"yen sampeyan wong Yahudi, regane kurang saka rereget",3,"{'action': 'naturalize', 'western_matches': [], 'convertible_matches': ['jews'], 'reason': 'Can convert: jews'}"
"Wanita ujar yen feminisme babagan kesetaraan, nanging dheweke pengin nyingkirake wong lanang lan nggawe masyarakat lesbian tanpa kita.",2,"{'action': 'naturalize', 'western_matches': [], 'convertible_matches': ['women', 'lgbtq'], 'reason': 'Can convert: women, lgbtq'}"
masalah paling gedhe iki manggon jejere wong imigran,1,"{'action': 'naturalize', 'western_matches': [], 'convertible_matches': ['immigrants'], 'reason': 'Can convert: immigrants'}"
surat sengit kanggo kabeh Muslim: Aku pengin sampeyan ora ana,3,"{'action': 'naturalize', 'western_matches': [], 'convertible_matches': ['muslims'], 'reason': 'Can convert: muslims'}"
padhang ora kualitas sing bisa digandhengake karo wanita,1,"{'action': 'naturalize', 'western_matches': [], 'convertible_matches': ['women'], 'reason': 'Can convert: women'}"
Aku ora bisa mbedakake antarane wong wadon ireng lan jaran ireng,1,"{'action': 'naturalize', 'western_matches': [], 'convertible_matches': ['women'], 'reason': 'Can convert: women'}"
Aku ora mbedakake wanita putih lan kaca putih,1,"{'action': 'naturalize', 'western_matches': [], 'convertible_matches': ['women'], 'reason': 'Can convert: women'}"
Aku mikir umume wanita setuju yen pemerkosa minangka sampah ing bumi,0,"{'action': 'naturalize', 'western_matches': [], 'convertible_matches': ['women'], 'reason': 'Can convert: women'}"
Aku seneng carane wanita cerdas,0,"{'action': 'naturalize', 'western_matches': [], 'convertible_matches': ['women'], 'reason': 'Can convert: women'}"
Ideologi Islam minangka omong kosong sing paling awon sing bisa dipikirake sapa wae,3,"{'action': 'naturalize', 'western_matches': [], 'convertible_matches': ['muslims'], 'reason': 'Can convert: muslims'}"
"Iku disheartening kanggo ndeleng wong ireng ngandika perang kanggo reparasi ora adhedhasar kasunyatan utawa mokal. Aku bungah banget amarga ana wong sadurunge aku sing berjuang kanggo kebebasan sing ""ora mungkin""<9d> lan ""ora nyata""<9d> supaya aku bisa dadi saiki.",0,"{'action': 'naturalize', 'western_matches': [], 'convertible_matches': ['blacks'], 'reason': 'Can convert: blacks'}"
Aku pitutur marang wong-wong sing aku ora mikir wanita transgender wanita bodho lan iki ketok kanggo kabeh wong,0,"{'action': 'naturalize', 'western_matches': [], 'convertible_matches': ['women', 'lgbtq'], 'reason': 'Can convert: women, lgbtq'}"
Yahudi iku parasit,3,"{'action': 'naturalize', 'western_matches': [], 'convertible_matches': ['jews'], 'reason': 'Can convert: jews'}"
kita kudu nampa yen wanita ora diberkahi karo integritas,1,"{'action': 'naturalize', 'western_matches': [], 'convertible_matches': ['women'], 'reason': 'Can convert: women'}"
"Sawetara wis panginten: Apa bisa dadi sing disponsori pemerintah pemberdayaan radikal ireng adhedhasar korban fiksi saka oppression ""mbebasake lan kakuwatane"" wong ireng karo IQs banget kurang sing padha dikategorikaké minangka Clinical retarded ing masyarakat? (kaya padha metu saka kayu.) -mung pikiran.",3,"{'action': 'naturalize', 'western_matches': [], 'convertible_matches': ['blacks'], 'reason': 'Can convert: blacks'}"
apa wae lesbian nekat sampeyan tau tanggal - padha tansah nindakake - meh mesthi ora Care yen sampeyan bi,3,"{'action': 'naturalize', 'western_matches': [], 'convertible_matches': ['lgbtq'], 'reason': 'Can convert: lgbtq'}"
"wong wadon meteng tansah luwe lan bisa mangan apa wae sing ana ing ngarepe, mesthine bakal mangan sampeyan, amarga dheweke mbobot manungsa liya ing weteng.",3,"{'action': 'naturalize', 'western_matches': [], 'convertible_matches': ['women'], 'reason': 'Can convert: women'}"
Dewan Pengungsi Yunani ora ana gunane lan kudune ora ana maneh,0,"{'action': 'naturalize', 'western_matches': [], 'convertible_matches': ['immigrants'], 'reason': 'Can convert: immigrants'}"
"Ing saindhenging donya, sampeyan bakal nemokake sawetara wong sing Muslim. Padha banget mundur.",2,"{'action': 'naturalize', 'western_matches': [], 'convertible_matches': ['muslims'], 'reason': 'Can convert: muslims'}"
rasionalitas dudu titik kuat wanita,1,"{'action': 'naturalize', 'western_matches': [], 'convertible_matches': ['women'], 'reason': 'Can convert: women'}"
Aku seneng gagasan sing Muslim ora diijini kanggo milih,1,"{'action': 'naturalize', 'western_matches': [], 'convertible_matches': ['muslims'], 'reason': 'Can convert: muslims'}"
Wong homo mung ngurusi awake dhewe,2,"{'action': 'naturalize', 'western_matches': [], 'convertible_matches': ['lgbtq'], 'reason': 'Can convert: lgbtq'}"
Wanita sing sengit marang wong lanang ngomong yen dheweke kewan sing njijiki. Yagene wong-wong mau padha kandha mangkono?,0,"{'action': 'naturalize', 'western_matches': [], 'convertible_matches': ['women'], 'reason': 'Can convert: women'}"
iku salah yen kabeh wong Yahudi iku cunts,0,"{'action': 'naturalize', 'western_matches': [], 'convertible_matches': ['jews'], 'reason': 'Can convert: jews'}"
"Kepiye manawa ing sawetara negara, gay dipateni lan diukum amarga seneng karo wong liya?",0,"{'action': 'naturalize', 'western_matches': [], 'convertible_matches': ['lgbtq'], 'reason': 'Can convert: lgbtq'}"
"Kepiye carane sampeyan bisa ngukur tingkat toleransi wong liya marang LGBT? Ngomong karo wong-wong mau babagan film / seri LGBT. Minangka katon ora enak, sampeyan bisa pura-pura dadi homophobic lan transphobic, utawa paling ora mamang babagan LGBT. Takon apa sing dipikirake babagan kelompok sing nentang /lgbt, kayata agama, negara, utawa masyarakat. Dianggep murni filosofis / akademisi. Nggatekake toleransi kanggo gaya urip utawa adat budaya sing dianggep 'pinggiran' lan 'kontroversial'.",0,"{'action': 'naturalize', 'western_matches': [], 'convertible_matches': ['lgbtq'], 'reason': 'Can convert: lgbtq'}"
apa kowe ora seneng yen wong wadon nganggep awake dhewe pinter.. Aku mung nggodha bodho,0,"{'action': 'naturalize', 'western_matches': [], 'convertible_matches': ['women'], 'reason': 'Can convert: women'}"
ayo ngomong babagan konsep sing nentang kaya transgender lan straightness,1,"{'action': 'naturalize', 'western_matches': [], 'convertible_matches': ['lgbtq'], 'reason': 'Can convert: lgbtq'}"
"jendhela sing elek iku kudu didandani, aku bakal nggoleki imigran amarga murah. Iki dudu proyek sing apik, nanging ora apa-apa",2,"{'action': 'naturalize', 'western_matches': [], 'convertible_matches': ['immigrants'], 'reason': 'Can convert: immigrants'}"
"""wanita trans"" iku wong lanang lan bakal tansah dadi wong lanang",2,"{'action': 'naturalize', 'western_matches': [], 'convertible_matches': ['women'], 'reason': 'Can convert: women'}"
Yen sampeyan wong wadon lan ngandhut bayi Yahudi. Mangga kita kabeh sih lan nggawe lelampahan menyang parenthood ngrancang.,3,"{'action': 'naturalize', 'western_matches': [], 'convertible_matches': ['jews', 'women'], 'reason': 'Can convert: jews, women'}"
"Yen pacarku entuk perhatian saka kabeh wanita iki lan dheweke wiwit pacaran, dheweke bakal langsung rusak sanajan dheweke dadi pacarku, dheweke bakal dikon lunga.",0,"{'action': 'naturalize', 'western_matches': [], 'convertible_matches': ['women'], 'reason': 'Can convert: women'}"
"Aku sengit karo wong-wong ireng sing licik, kabeh pengin ngrampog lan nyolong",3,"{'action': 'naturalize', 'western_matches': [], 'convertible_matches': ['blacks'], 'reason': 'Can convert: blacks'}"
Wong ireng kudu meneng,2,"{'action': 'naturalize', 'western_matches': [], 'convertible_matches': ['blacks'], 'reason': 'Can convert: blacks'}"
Aku ngormati serangan marang Muslim,3,"{'action': 'naturalize', 'western_matches': [], 'convertible_matches': ['muslims'], 'reason': 'Can convert: muslims'}"
"Mugi HE bakal nyuwek kanggo shreds kanggo dadi ""wong"" saiki. Seneng dianggep kaya sampah ing ngendi wae. Seneng ngalahake sampeyan kanggo nindakake apa-apa. Dheweke bakal ngerti yen dheweke pancen kudu mbela awake dhewe sepisan, lan ora ana wong sing tresna marang dheweke. Nanging sanalika ana sing ngalahake, dheweke bali menyang swara wanita lan njerit njaluk tulung.",3,"{'action': 'naturalize', 'western_matches': [], 'convertible_matches': ['women'], 'reason': 'Can convert: women'}"
"rasane seneng ngomong kabeh yen aku ora sengit karo homoseksual, isin yen ibuku.",0,"{'action': 'naturalize', 'western_matches': [], 'convertible_matches': ['lgbtq'], 'reason': 'Can convert: lgbtq'}"
Wong imigran kaya kecoak,3,"{'action': 'naturalize', 'western_matches': [], 'convertible_matches': ['immigrants'], 'reason': 'Can convert: immigrants'}"
"panther katon medeni! Ya, saben wong ireng katon medeni, jujur",2,"{'action': 'naturalize', 'western_matches': [], 'convertible_matches': ['blacks'], 'reason': 'Can convert: blacks'}"
kabeh negativers muslim iku sampah,0,"{'action': 'naturalize', 'western_matches': [], 'convertible_matches': ['muslims'], 'reason': 'Can convert: muslims'}"
Aku seneng gagasan njupuk hak wanita kanggo milih,0,"{'action': 'naturalize', 'western_matches': [], 'convertible_matches': ['women'], 'reason': 'Can convert: women'}"
sampeyan homo? Hi,0,"{'action': 'naturalize', 'western_matches': [], 'convertible_matches': ['lgbtq'], 'reason': 'Can convert: lgbtq'}"
"Wong wadon iki nganggo jilbab amarga iku pilihane. dheweke ora bakal nglilani lunga amarga kuwi sing dipercaya bojone, lan ora ana sing medeni dheweke supaya pasrah. Iku apik tenan carane akeh wanita Muslim milih pilihan iki. mayuta-yuta wong, ing saindhenging donya. Iki nuduhake pengabdian marang iman!",0,"{'action': 'naturalize', 'western_matches': [], 'convertible_matches': ['muslims', 'women'], 'reason': 'Can convert: muslims, women'}"
Wong lanang nyembah barang kaya dhadha lan sikil. Wanita seneng gagasan kaya duwe pacar sing kuat utawa bojo sing sugih. Iku mung seksualitas normal.,0,"{'action': 'naturalize', 'western_matches': [], 'convertible_matches': ['women'], 'reason': 'Can convert: women'}"
Aku seneng nggunakake machete ing kabeh wong ireng iki,3,"{'action': 'naturalize', 'western_matches': [], 'convertible_matches': ['blacks'], 'reason': 'Can convert: blacks'}"
saben dina aku krungu wong ngomong babagan aku amarga aku wong Islam,0,"{'action': 'naturalize', 'western_matches': [], 'convertible_matches': ['muslims'], 'reason': 'Can convert: muslims'}"
"Yo wes wayahe meneng ae wes paham, kowe seneng lesbian, tapi saiki mboseni, lan aku ora nglakoni, ora pantes ambegan.",2,"{'action': 'naturalize', 'western_matches': [], 'convertible_matches': ['lgbtq'], 'reason': 'Can convert: lgbtq'}"
ketoke kabeh wong yahudi kaya aku iki nistha negara...monggo dididik,0,"{'action': 'naturalize', 'western_matches': [], 'convertible_matches': ['jews'], 'reason': 'Can convert: jews'}"
Sampeyan pancen bener. Aku nantang sapa wae teka lan nuduhake sawetara video wong ireng sing ditangkep amarga Coronavirus.,0,"{'action': 'naturalize', 'western_matches': [], 'convertible_matches': ['blacks'], 'reason': 'Can convert: blacks'}"
Apa sampeyan ngerti yen Hitler bener-bener kerja bareng karo wong-wong Yahudi ing kapal lan mbantu dheweke manggon kanthi ekonomi ing Israel sadurunge perang?,1,"{'action': 'naturalize', 'western_matches': [], 'convertible_matches': ['jews'], 'reason': 'Can convert: jews'}"
"""Aku sengit lesbian""- statement karo aku setuju",2,"{'action': 'naturalize', 'western_matches': [], 'convertible_matches': ['lgbtq'], 'reason': 'Can convert: lgbtq'}"
"Wanita kudu paling sethithik 21 taun kanthi fisik, mental lan emosional. Iku kabeh mudhun saka ing kono.",1,"{'action': 'naturalize', 'western_matches': [], 'convertible_matches': ['women'], 'reason': 'Can convert: women'}"
"Wanita trans mung wong biasa nanging muga-muga masyarakat lan MEDIA SOSIAL nyengkuyung supaya dianggep minangka pasien penyakit mental supaya ora mikir dadi lawan jinis? Amarga aku ngerti mung ""perawatan"" sing ditampa yaiku ""Oh he, sampeyan ayu, sampeyan sampurna, mangga dadi 'wanita'"" dening siji utawa loro editor, nanging yen sampeyan takon apa dheweke bakal. podo podo wae nek wong mau dadi truk utowo lawang trus jare ora nyorong, hebat, kemunafikan reddit nyerang maneh...",3,"{'action': 'naturalize', 'western_matches': [], 'convertible_matches': ['women'], 'reason': 'Can convert: women'}"
Aku seneng ide mbantu saben wong transgender ora kudu ngalami repot ngganti identitas,0,"{'action': 'naturalize', 'western_matches': [], 'convertible_matches': ['lgbtq'], 'reason': 'Can convert: lgbtq'}"
Aku seneng mbasmi kabeh wong ireng,3,"{'action': 'naturalize', 'western_matches': [], 'convertible_matches': ['blacks'], 'reason': 'Can convert: blacks'}"
3 omah ing dalanku yaiku kulawarga Muslim,0,"{'action': 'naturalize', 'western_matches': [], 'convertible_matches': ['muslims'], 'reason': 'Can convert: muslims'}"
"Aku ora tahan ndeleng wanita gratis, mesthine ana ing kebon binatang",2,"{'action': 'naturalize', 'western_matches': [], 'convertible_matches': ['women'], 'reason': 'Can convert: women'}"
wanita iku setan dhewe lan ala sinau saka wong-wong mau carane menehi hasil karo wong liya,3,"{'action': 'naturalize', 'western_matches': [], 'convertible_matches': ['women'], 'reason': 'Can convert: women'}"
"""Apa sampeyan mikir babagan poin sing diangkat?"" Aku mikir sing paling akeh babagan gagasan yen wanita trans minangka wong sing kudu kita wedi, lan nimbang carane agresif, mesthi bener. Lan ya, aku ngerti sampeyan pengin mangsuli kanthi conto wong transgender sing wis nindakake perkara sing apik. Nanging padha disengkuyung dadi luwih jahat lan licik. Ora ana sing bisa mbantah.",2,"{'action': 'naturalize', 'western_matches': [], 'convertible_matches': ['women', 'lgbtq'], 'reason': 'Can convert: women, lgbtq'}"
"Miturut pendapatku, wong lanang pancen apikan karo wanita. wong wadon katon ala lan wong lanang katon manis atine",1,"{'action': 'naturalize', 'western_matches': [], 'convertible_matches': ['women'], 'reason': 'Can convert: women'}"
Iku njijiki carane akeh wong ireng ing negara iki,2,"{'action': 'naturalize', 'western_matches': [], 'convertible_matches': ['blacks'], 'reason': 'Can convert: blacks'}"
sayangé paling wong transgender sing mbukak babagan online iki bajingan lengkap,2,"{'action': 'naturalize', 'western_matches': [], 'convertible_matches': ['lgbtq'], 'reason': 'Can convert: lgbtq'}"
carane sampeyan bisa mbedakake antarane wanita putih iki lan penguin putih iki,1,"{'action': 'naturalize', 'western_matches': [], 'convertible_matches': ['women'], 'reason': 'Can convert: women'}"
Wong wadon meteng mundhak bobote kaya sapi sing lemu banget,2,"{'action': 'naturalize', 'western_matches': [], 'convertible_matches': ['women'], 'reason': 'Can convert: women'}"
Kita salute pembunuhan umat Islam,3,"{'action': 'naturalize', 'western_matches': [], 'convertible_matches': ['muslims'], 'reason': 'Can convert: muslims'}"
Wong ireng ora nindakake apa-apa. Nanging loopholes? Bajingan mau padha kerja keras.,2,"{'action': 'naturalize', 'western_matches': [], 'convertible_matches': ['blacks'], 'reason': 'Can convert: blacks'}"
"Mas, wong ireng pancen gawe rame kethek!",2,"{'action': 'naturalize', 'western_matches': [], 'convertible_matches': ['blacks'], 'reason': 'Can convert: blacks'}"
"Kasunyatane, ironi saka pernyataan ""kulit putih minangka monolit"" yaiku dheweke mung luwih unggul tinimbang balapan liyane, mula wong kulit putih meneng nalika ngomong babagan wong ireng. Nanging wong-wong iku wuta lan banget mursid kanggo nyadari yen dheweke nindakake perkara rasis sing padha. Akèh-akèhé kelompok ètnis wis njupuk kauntungan saka sajarah, ora ana pengaruh ing urip sampeyan saiki.",2,"{'action': 'naturalize', 'western_matches': [], 'convertible_matches': ['blacks'], 'reason': 'Can convert: blacks'}"
iku elek kanggo urip minangka wong ireng,0,"{'action': 'naturalize', 'western_matches': [], 'convertible_matches': ['blacks'], 'reason': 'Can convert: blacks'}"
hak-hak wanita minangka omong kosong sing paling awon sing bisa dipikirake,2,"{'action': 'naturalize', 'western_matches': [], 'convertible_matches': ['women'], 'reason': 'Can convert: women'}"
Pengungsi ora ditampa! Kepiye carane (wong Siria lan negara liya) seneng yen sekelompok wong kulit putih teka ing wilayahe golek dhukungan sosial? Sejarah nuduhake yen sampeyan ora puas karo pengaruh Eropa....,2,"{'action': 'naturalize', 'western_matches': [], 'convertible_matches': ['immigrants'], 'reason': 'Can convert: immigrants'}"
"ayo kang nyoba: Yen wong nyoba kanggo meksa wanita kanggo nganggo Utas bokong nyenyet lan Spandex padha LOVE ngagem ing umum saiki, mung mbayangno SREAMING lan CATERWAULING victimization saka puncak gunung paling dhuwur kita kabeh krungu bab?!?! Nanggepi, burqa bakal dadi fashion dhuwur",3,"{'action': 'naturalize', 'western_matches': [], 'convertible_matches': ['women'], 'reason': 'Can convert: women'}"
Iki cukup semrawut. Kita ndeleng dheweke ngeculake wong putih sawise wong ireng ninggalake sadurunge nyekel wanita ireng,0,"{'action': 'naturalize', 'western_matches': [], 'convertible_matches': ['blacks', 'whites', 'women'], 'reason': 'Can convert: blacks, whites, women'}"
kapercayan dudu tembung sing bisa digandhengake karo Muslim,1,"{'action': 'naturalize', 'western_matches': [], 'convertible_matches': ['muslims'], 'reason': 'Can convert: muslims'}"
misale jek donya kudu revolve watara wong wadon kanggo dheweke aran cukup nyaman kanggo nulis ujian.,1,"{'action': 'naturalize', 'western_matches': [], 'convertible_matches': ['women'], 'reason': 'Can convert: women'}"
"Apik banget yen sampeyan ngomong sampeyan dudu ""bajingan"", sampeyan wis mbantu komunitas homoseksual",0,"{'action': 'naturalize', 'western_matches': [], 'convertible_matches': ['lgbtq'], 'reason': 'Can convert: lgbtq'}"
Aku seneng carane bodho para pengungsi,2,"{'action': 'naturalize', 'western_matches': [], 'convertible_matches': ['immigrants'], 'reason': 'Can convert: immigrants'}"
wong sing ngirim gedhang kanggo meja wong ireng ketemu guilty saka sengit,0,"{'action': 'naturalize', 'western_matches': [], 'convertible_matches': ['blacks'], 'reason': 'Can convert: blacks'}"
"Diskriminasi marang wong Yahudi ora salah lan njijiki, iku apik",3,"{'action': 'naturalize', 'western_matches': [], 'convertible_matches': ['jews'], 'reason': 'Can convert: jews'}"
Kabeh wanita wis diberkahi karo goroh,2,"{'action': 'naturalize', 'western_matches': [], 'convertible_matches': ['women'], 'reason': 'Can convert: women'}"
"Wanita sing ora nduweni genetika sosial sing 'apik' nanging isih fit mung sawetara lan adoh, nanging kabeh wanita ayu ing njero lan njaba.",0,"{'action': 'naturalize', 'western_matches': [], 'convertible_matches': ['women'], 'reason': 'Can convert: women'}"
dheweke lesbian,1,"{'action': 'naturalize', 'western_matches': [], 'convertible_matches': ['lgbtq'], 'reason': 'Can convert: lgbtq'}"
Forum Pendidik Wanita Afrika ora ana gunane lan ora ana maneh,0,"{'action': 'naturalize', 'western_matches': [], 'convertible_matches': ['women'], 'reason': 'Can convert: women'}"
Aku ora tau ketemu wong Yahudi sing pinter,1,"{'action': 'naturalize', 'western_matches': [], 'convertible_matches': ['jews'], 'reason': 'Can convert: jews'}"
"Opo wong liyo pancen bosen padu karo wong acak-acakan beda pendapat, dudu salahku yen sampeyan nganggep ora ana apa-apa yen ana wong homo, aku ngerti iku pendapat sampeyan, nanging mung setuju ora setuju, amarga sampeyan salah.",2,"{'action': 'naturalize', 'western_matches': [], 'convertible_matches': ['lgbtq'], 'reason': 'Can convert: lgbtq'}"
"kabeh wanita digawe padha, wanita ireng ora kalebu",3,"{'action': 'naturalize', 'western_matches': [], 'convertible_matches': ['women'], 'reason': 'Can convert: women'}"
"Iku ilegal kanggo defend dhewe saka wong ireng, sampeyan padha mestine supaya padha matèni sampeyan lan ngrampog omahmu. Paling ora, apa sing dikarepake bakal kedadeyan",3,"{'action': 'naturalize', 'western_matches': [], 'convertible_matches': ['blacks'], 'reason': 'Can convert: blacks'}"
"Sampeyan ora kurang saka wong wadon sing ora duwe anak utawa bojo, ta? Pranyata sing penting dudu jinis kelamin, nanging bocah lan pasangan.",0,"{'action': 'naturalize', 'western_matches': [], 'convertible_matches': ['women'], 'reason': 'Can convert: women'}"
Wong Muslim liyane sing mati yaiku musik ing kupingku,2,"{'action': 'naturalize', 'western_matches': [], 'convertible_matches': ['muslims'], 'reason': 'Can convert: muslims'}"
"Wong tuwane kancane anak wadon iku pasangan homo, iki masalahe.",2,"{'action': 'naturalize', 'western_matches': [], 'convertible_matches': ['lgbtq'], 'reason': 'Can convert: lgbtq'}"
Aku bakal omah-omah karo wong sing nyerang wong transgender kaya aku,3,"{'action': 'naturalize', 'western_matches': [], 'convertible_matches': ['lgbtq'], 'reason': 'Can convert: lgbtq'}"
Basis pangguna pancen percaya yen wong lanang minangka jender sing luwih ditindhes lan wanita pancen urip kanthi gampang amarga pelacur kasebut bisa gampang ditindhes.,2,"{'action': 'naturalize', 'western_matches': [], 'convertible_matches': ['women'], 'reason': 'Can convert: women'}"
"Ya iku kabeh amarga wong Yahudi, aku sengit marang sampeyan wong Yahudi sing nggawe budaya maju sing kabeh wong bisa urip kanthi tentrem. Iki wong Yahudi!!!",0,"{'action': 'naturalize', 'western_matches': [], 'convertible_matches': ['jews'], 'reason': 'Can convert: jews'}"
"yen sampeyan mikir pinter, gay iku virus nyata",3,"{'action': 'naturalize', 'western_matches': [], 'convertible_matches': ['lgbtq'], 'reason': 'Can convert: lgbtq'}"
"Teknologi Amerika wis normalisasi sensor, promiscuity, degenerasi seksual lan komunisme condoned 
laku kayata ""sharing file"" utawa ngarepake soko gratis mung kanggo protes yen ora ditampa. Iku uga wis mimpin gething lan divisi kanggo kuwi tingkat nguwatirake sing ora ana siji sipil maneh. Kita ora bisa terus nyalahke memedi utawa sawetara jinis memedi siro kanggo negara peradaban kulon nalika alesan konco kabeh masalah iki mesem ing kita lan nyamar dadi kanca kita, temenan wong Yahudi!",3,"{'action': 'naturalize', 'western_matches': [], 'convertible_matches': ['jews'], 'reason': 'Can convert: jews'}"
Masalahe yaiku wong-wong sing nyengkuyung jajanan sekolah gratis yaiku kulawarga imigran lan biasane mbuwang dhuwit kanggo kabutuhan dhewe tinimbang kanggo anak-anake.,1,"{'action': 'naturalize', 'western_matches': [], 'convertible_matches': ['immigrants'], 'reason': 'Can convert: immigrants'}"
Kanca-kancane anakku akeh sing Islam. Iki repot banget kanggo aku.,1,"{'action': 'naturalize', 'western_matches': [], 'convertible_matches': ['muslims'], 'reason': 'Can convert: muslims'}"
"ponakanku sekolah lan dolanan karo kanca-kancane, sing ana sing dadi imigran, sing ngganggu aku.",1,"{'action': 'naturalize', 'western_matches': [], 'convertible_matches': ['immigrants'], 'reason': 'Can convert: immigrants'}"
Aku seneng ide ngenani wanita ireng,0,"{'action': 'naturalize', 'western_matches': [], 'convertible_matches': ['women'], 'reason': 'Can convert: women'}"
Tetep adoh saka Muslim.,3,"{'action': 'naturalize', 'western_matches': [], 'convertible_matches': ['muslims'], 'reason': 'Can convert: muslims'}"
wanita gabug ngirim ora manggon ing tetanggan sing,2,"{'action': 'naturalize', 'western_matches': [], 'convertible_matches': ['women'], 'reason': 'Can convert: women'}"
"Wanitamu iku ala ing sejarah, mula aku takon liyane",0,"{'action': 'naturalize', 'western_matches': [], 'convertible_matches': ['women'], 'reason': 'Can convert: women'}"
"Kabeh selebriti bisa dadi jerks lan ngomong bodho, clueless. Transgender lan cisgender padha.",0,"{'action': 'naturalize', 'western_matches': [], 'convertible_matches': ['lgbtq'], 'reason': 'Can convert: lgbtq'}"
Aku seneng lesbian sing lucu,0,"{'action': 'naturalize', 'western_matches': [], 'convertible_matches': ['lgbtq'], 'reason': 'Can convert: lgbtq'}"
Aku ora bisa mbedakake antarane wong ireng lan asu ireng,2,"{'action': 'naturalize', 'western_matches': [], 'convertible_matches': ['blacks'], 'reason': 'Can convert: blacks'}"
"Aku padha kurang kasengsem ing pancing irung saka ing dhuwit. Dheweke uga ngomong kanthi apik, ngerti apa sing kudu diomongake lan kapan kudu ngomong. Kasus: Aku kudu ngrungokake drone rekan kerja Yahudi babagan kasugihane lan kepiye ""budaya"" dheweke. Nganggo sandhangan apik, rambute metro-seksual, lan asring ngelingake kita goyim andhap yen dheweke duwe gelar sing luwih dhuwur. Dheweke jelas ngece karo kanca kerja wadon. Sawetara wis rampung diapusi. Begjanipun paling kita padha bisa ndeleng tengen liwat charade, lan kita bisa mbujuk wanita iki supaya ora nongkrong karo wong iki.",3,"{'action': 'naturalize', 'western_matches': [], 'convertible_matches': ['jews', 'women'], 'reason': 'Can convert: jews, women'}"
Aku seneng yen gay digebugi,3,"{'action': 'naturalize', 'western_matches': [], 'convertible_matches': ['lgbtq'], 'reason': 'Can convert: lgbtq'}"
Aku bakal omah-omah karo wong sing seneng sosialisasi karo wong ireng kaya aku,0,"{'action': 'naturalize', 'western_matches': [], 'convertible_matches': ['blacks'], 'reason': 'Can convert: blacks'}"
Aku sengit yen padha ngomong gay iku ora normal lan padha kudu dipatèni,0,"{'action': 'naturalize', 'western_matches': [], 'convertible_matches': ['lgbtq'], 'reason': 'Can convert: lgbtq'}"
Apa sampeyan serius? Wong-wong Islam sing mbangun pasamuwan-pasamuwan iku padha teroris ekstremis sing ngrusak pasamuwan-pasamuwan kasebut. Apa ora sijine bebarengan?,3,"{'action': 'naturalize', 'western_matches': [], 'convertible_matches': ['muslims'], 'reason': 'Can convert: muslims'}"
Gay iku laku jina,3,"{'action': 'naturalize', 'western_matches': [], 'convertible_matches': ['lgbtq'], 'reason': 'Can convert: lgbtq'}"
gay ora bisa b3 pracaya3d,2,"{'action': 'naturalize', 'western_matches': [], 'convertible_matches': ['lgbtq'], 'reason': 'Can convert: lgbtq'}"
wanita liwat 20 sing duwe jinis kudu scan serviks saben taun,0,"{'action': 'naturalize', 'western_matches': [], 'convertible_matches': ['women'], 'reason': 'Can convert: women'}"
"Nonton carane bi bakal nyoba kanggo ngganti menyang wangun temen beda kanggo narik kawigaten manungsa waé saka partner Lez. Kaya dene Bunglon ngganti warna kulite supaya cocog karo lingkungane, parasit sing ngisep getih iki bakal nyoba nyatakake yen dheweke lesbian nanging ora bakal ngapusi mripat sing wis dilatih.",3,"{'action': 'naturalize', 'western_matches': [], 'convertible_matches': ['lgbtq'], 'reason': 'Can convert: lgbtq'}"
"Kita ora kudu melembagaake wanita amarga dheweke ora duwe hak moral. Amarga bocah-bocah uga ora duwe pilihan moral. Kita ora kudu melembagaake bocah-bocah, nanging kita minangka wong lanang duwe kewajiban kanggo nglindhungi lan nuntun dheweke kanggo kepentingan manungsa. Semono uga wong wadon.",2,"{'action': 'naturalize', 'western_matches': [], 'convertible_matches': ['women'], 'reason': 'Can convert: women'}"
Ekonomi pasar bebas nistha lan kudu dibasmi kaya sing ditindakake dening wong Yahudi,3,"{'action': 'naturalize', 'western_matches': [], 'convertible_matches': ['jews'], 'reason': 'Can convert: jews'}"
Aku sengit kabeh wong ireng,3,"{'action': 'naturalize', 'western_matches': [], 'convertible_matches': ['blacks'], 'reason': 'Can convert: blacks'}"
Jancok imigran! Siji-sijine sing peduli yaiku nylametake awake dhewe,3,"{'action': 'naturalize', 'western_matches': [], 'convertible_matches': ['immigrants'], 'reason': 'Can convert: immigrants'}"
Wong ireng kaya lintah sing nyedhot kabeh dhuwite rakyat,3,"{'action': 'naturalize', 'western_matches': [], 'convertible_matches': ['blacks'], 'reason': 'Can convert: blacks'}"
Kulawarga Muslim sing manggon ing pinggir dalan padha preian lan dicolong,0,"{'action': 'naturalize', 'western_matches': [], 'convertible_matches': ['muslims'], 'reason': 'Can convert: muslims'}"
Aku aktif nganjurake mbusak kabeh wong ireng saka masyarakat,3,"{'action': 'naturalize', 'western_matches': [], 'convertible_matches': ['blacks'], 'reason': 'Can convert: blacks'}"
"gosh, sing prilaku ireng khas ing umum! padha nindakake bab sing padha kene ing NYC lan minangka wong putih aku tetep adoh saka wong-wong mau...Mulane aku biasane seneng toko ing toko dhuwur amarga sampeyan ora bakal nemokake wong-wong mau ana! Untunge tetangganku ing Brooklyn putih dadi aku ora masalah nemokake ing supermarket.",2,"{'action': 'naturalize', 'western_matches': [], 'convertible_matches': ['whites'], 'reason': 'Can convert: whites'}"
wong wadon tanpa guna,2,"{'action': 'naturalize', 'western_matches': [], 'convertible_matches': ['women'], 'reason': 'Can convert: women'}"
"3 omah ing dalanku duwe 'keluarga' homo, sing ora sopan lan ora diidini",2,"{'action': 'naturalize', 'western_matches': [], 'convertible_matches': ['lgbtq'], 'reason': 'Can convert: lgbtq'}"
"Ing saindenging jagad, sampeyan bakal nemokake sawetara wong sing duwe wanita ireng.",1,"{'action': 'naturalize', 'western_matches': [], 'convertible_matches': ['women'], 'reason': 'Can convert: women'}"
"Filosofi kita yaiku kepinginan seksual wanita ora kena digambarake minangka barang sing ora fleksibel, mula wanita ora kudu milih pria adhedhasar penampilan, dudu pribadine.",0,"{'action': 'naturalize', 'western_matches': [], 'convertible_matches': ['women'], 'reason': 'Can convert: women'}"
"Inggris minangka negara sing luar biasa. Universitas paling apik ing donya. Festival musik paling apik sing bisa dikarepake. Pondok paling ayu lan desa cilik. Wong sing paling grapyak. Kita pancen hebat banget yen kita nampa kabeh jinis pengungsi lan mbayar kabeh biaya kanthi dhuwit umum, ta?",0,"{'action': 'naturalize', 'western_matches': [], 'convertible_matches': ['immigrants'], 'reason': 'Can convert: immigrants'}"
kulawarga Muslim ing dalan kiwa lan omahe dirusak,0,"{'action': 'naturalize', 'western_matches': [], 'convertible_matches': ['muslims'], 'reason': 'Can convert: muslims'}"
"Adhiku kerja karo wong sing duwe masalah kesehatan mental. Dheweke ujar manawa wong wadon iki pangguna layanane lan dheweke duwe masalah kesehatan mental sing abot. Kajaba iku, dheweke bubar kelangan pasangan amarga gagal organ sing ana gandhengane karo alkohol. Dadi nerangake sebabe dheweke nesu banget karo kabeh botol kasebut",0,"{'action': 'naturalize', 'western_matches': [], 'convertible_matches': ['women'], 'reason': 'Can convert: women'}"
apa ana wong liya sing seneng nggawa luwih akeh lambang transgender menyang acara kasebut? Amarga muni apik!,0,"{'action': 'naturalize', 'western_matches': [], 'convertible_matches': ['lgbtq'], 'reason': 'Can convert: lgbtq'}"
Para imigran ngrusak budaya Inggris,2,"{'action': 'naturalize', 'western_matches': [], 'convertible_matches': ['immigrants'], 'reason': 'Can convert: immigrants'}"
"Mike Graham iku salah siji saka wong paling gedhe ing donya, Aku pancene ora bakal padha sumelang ing bab wong, isih ora ala minangka wong Yahudi tho",2,"{'action': 'naturalize', 'western_matches': [], 'convertible_matches': ['jews'], 'reason': 'Can convert: jews'}"
"Aku weruh wong iki ing Interview warta ngendi ngandika loro wong ireng nyerang wong sawise bengok-bengok sing kabeh urip penting. Dheweke ora nate nyebutake panah lan panah ing manungsa !! Nanging mbok menawa iki cara kanggo ngatasi nigs""¦",2,"{'action': 'naturalize', 'western_matches': [], 'convertible_matches': ['blacks'], 'reason': 'Can convert: blacks'}"
"Yen sampeyan nglampahi sawetara wektu karo wong-wong mau, sampeyan bakal nemokake yen wong Yahudi pancene ora seneng golek dhuwit. Dadi mandheg nganggo stereotip",0,"{'action': 'naturalize', 'western_matches': [], 'convertible_matches': ['jews'], 'reason': 'Can convert: jews'}"
Iklan Tesco macem-macem lan kabeh wong sambat babagan!? Sampeyan bisa nang ing wektu sabanjure kabeh supermarket liyane mung bakal kalebu pemandangan singkat karo kamera gaya TikTok ing iklan lan dirayakake uga.,0,"{'action': 'naturalize', 'western_matches': [], 'convertible_matches': ['lgbtq'], 'reason': 'Can convert: lgbtq'}"
Apa sebabe sawetara wong nganggep wong ireng iku njijiki?,0,"{'action': 'naturalize', 'western_matches': [], 'convertible_matches': ['blacks'], 'reason': 'Can convert: blacks'}"
"Aku ngomong aku seneng wong putih, nanging aku ora",1,"{'action': 'naturalize', 'western_matches': [], 'convertible_matches': ['whites'], 'reason': 'Can convert: whites'}"
"Yen sampeyan homo, regane luwih murah tinimbang reged",3,"{'action': 'naturalize', 'western_matches': [], 'convertible_matches': ['lgbtq'], 'reason': 'Can convert: lgbtq'}"
"iki tambah konyol, kok saben wong nganggep Yahudi ora pantes, padha lan kudu dadi kawruh umum kanggo kabeh wong, aku ora pengin kudu mubeng-mubeng ngandhani wong nalika kudune wis ngerti.",0,"{'action': 'naturalize', 'western_matches': [], 'convertible_matches': ['jews'], 'reason': 'Can convert: jews'}"
kita wis tau ketemu wong wadon sing sedih - padha tansah - nanging wong sing nggawe dhuwit saka sumelang sampeyan bab banget ala. Sampeyan ora bisa nggawe katresnan supaya mandheg tumindak kaya sampeyan bisa.,2,"{'action': 'naturalize', 'western_matches': [], 'convertible_matches': ['women'], 'reason': 'Can convert: women'}"
Beda ora ateges luwih apik. Ana akeh perkara sing wanita luwih unggul. Kaya dadi wong pisanan sing mambu soko ing kamar,1,"{'action': 'naturalize', 'western_matches': [], 'convertible_matches': ['women'], 'reason': 'Can convert: women'}"
Wanita ora tau ngomong sing bener,2,"{'action': 'naturalize', 'western_matches': [], 'convertible_matches': ['women'], 'reason': 'Can convert: women'}"
Aku ora bisa mbedakake antarane wong ireng lan jaran ireng,1,"{'action': 'naturalize', 'western_matches': [], 'convertible_matches': ['blacks'], 'reason': 'Can convert: blacks'}"
"Ing pirang-pirang kalangan, iki wis direklamasi lan wis suwe (kita kene, kita pengin ngilangi pikirane taun 90-an), lan ing akademisi, cukup umum digunakake. Aku nggunakake cukup kerep, nanging aku uga akademisi sing nemu akèh slurs homophobic.",0,"{'action': 'naturalize', 'western_matches': [], 'convertible_matches': ['lgbtq'], 'reason': 'Can convert: lgbtq'}"
"Bubar iki ana syuting ing Walmart kanthi kahanan sing padha, mesthi ora ana media sing nutupi. Wong wadon trans sing nesu nyerbu lan nembak wong lanang sing ora gelem ngakoni dheweke....Aku ora yakin apa. Mung ora 100% persetujuan katon cukup alesan kanggo nyoba mateni. Wong lanang saiki nuntut Walmart amarga 'ora ngatasi' bullying iki. Lan operasi kosmetik dheweke mesthi bakal ditindakake kanthi repes pemerintah.",0,"{'action': 'naturalize', 'western_matches': [], 'convertible_matches': ['women'], 'reason': 'Can convert: women'}"
"wong wadon kaya rekening bank. Ora ana dhuwit, ora ana kapentingan",2,"{'action': 'naturalize', 'western_matches': [], 'convertible_matches': ['women'], 'reason': 'Can convert: women'}"
"Wong wadon nglanggar janjine kanthi cepet lan diserang, diarani capricious lan capricious, nanging dheweke banjur diwenehi kebebasan kanggo nindakake prilaku sing ora tanggung jawab kasebut. Yen ana wong sing nindakake iki, dheweke wis nglanggar kode kehormatan sing ora ditulis sing kudu ditindakake kabeh wong. Omong kosong seksis.",0,"{'action': 'naturalize', 'western_matches': [], 'convertible_matches': ['women'], 'reason': 'Can convert: women'}"
"Aku pancen sengit marang wong-wong Yahudi sawise nindakake perkara kasebut marang wong Palestina, dheweke mateni umatku lan aku ora bisa ngapura dheweke.",3,"{'action': 'naturalize', 'western_matches': [], 'convertible_matches': ['jews'], 'reason': 'Can convert: jews'}"
"Aku lanang putih lan aku penasaran karo sambungan WMAF. Pro, cons, pengalaman sampeyan""""- Aku mung jancok lan mbuwang. Apa sampeyan pengin banget hubungan? Dheweke bakal ngece sampeyan, wong tuwane ora bakal seneng karo sampeyan lan sampeyan uga ora bakal seneng. padha cenderung palsu. upside iku yen padha bener Asia lan ora generasi kapindho utawa liyane, padha bakal luwih benevolent saka feminis",2,"{'action': 'naturalize', 'western_matches': [], 'convertible_matches': ['women'], 'reason': 'Can convert: women'}"
gay umume elek,2,"{'action': 'naturalize', 'western_matches': [], 'convertible_matches': ['lgbtq'], 'reason': 'Can convert: lgbtq'}"
Aku seneng tekad wong ireng,0,"{'action': 'naturalize', 'western_matches': [], 'convertible_matches': ['blacks'], 'reason': 'Can convert: blacks'}"
Refugees International kudu dilarang,2,"{'action': 'naturalize', 'western_matches': [], 'convertible_matches': ['immigrants'], 'reason': 'Can convert: immigrants'}"
Iku bakal salah ngomong wong ireng iku rodok olo,0,"{'action': 'naturalize', 'western_matches': [], 'convertible_matches': ['blacks'], 'reason': 'Can convert: blacks'}"
Ayo wong wadon nikah menyang neraka,3,"{'action': 'naturalize', 'western_matches': [], 'convertible_matches': ['women'], 'reason': 'Can convert: women'}"
"Aku ora duwe pengalaman iki, nanging aku ngerti Billie Holiday biyen dadi pekerja seks lan dheweke kandha yen dheweke ora gelem nampa wong ireng amarga dheweke banget kasar. Ana alesan kanggo wedi wong ireng.",2,"{'action': 'naturalize', 'western_matches': [], 'convertible_matches': ['blacks'], 'reason': 'Can convert: blacks'}"
Aku wis lara banget kudu ngresiki sandhanganku sing bocor. Aku malah ora terangsang utawa duwe degdegan lan terus bocor metu involuntarily... Iku ndadekake kula aran kaya freak njijiki kanggo wanita..,0,"{'action': 'naturalize', 'western_matches': [], 'convertible_matches': ['women'], 'reason': 'Can convert: women'}"
"yen sampeyan mikir pinter, wong ireng masalah nyata",2,"{'action': 'naturalize', 'western_matches': [], 'convertible_matches': ['blacks'], 'reason': 'Can convert: blacks'}"
"Ngganggu banget kudu nerangake dhewe lan alasan aku ora seneng karo wong ireng, kabeh wong kudu ngerti penjelasan sing jelas iki lan kudu ngrasakake cara sing padha, masuk akal.",3,"{'action': 'naturalize', 'western_matches': [], 'convertible_matches': ['blacks'], 'reason': 'Can convert: blacks'}"
Aku ora pengin mbedakake antarane wanita putih lan kucing putih,1,"{'action': 'naturalize', 'western_matches': [], 'convertible_matches': ['women'], 'reason': 'Can convert: women'}"
ayo padha rembugan bab antitesis kerja keras: wanita muslimah,1,"{'action': 'naturalize', 'western_matches': [], 'convertible_matches': ['muslims', 'women'], 'reason': 'Can convert: muslims, women'}"
"gosh, kok dheweke ora ngandhani apa sing digunakake kanggo ngusap bokonge?! Kepiye carane wengi epilasi, scrubbing, lan moisturizing bisa ngrasa marem?! Wanita sing sedhih iki kudu narik awake dhewe lan dadi bener",1,"{'action': 'naturalize', 'western_matches': [], 'convertible_matches': ['women'], 'reason': 'Can convert: women'}"
"Mikir sasi gay internasional kaya Juni utawa apa? Saiki, miturut kutipan ing ndhuwur, padha menehi gay dina ekstra ing November? iku non-stop!",1,"{'action': 'naturalize', 'western_matches': [], 'convertible_matches': ['lgbtq'], 'reason': 'Can convert: lgbtq'}"
Aku tresna lan sengit Muslim ing wektu sing padha,2,"{'action': 'naturalize', 'western_matches': [], 'convertible_matches': ['muslims'], 'reason': 'Can convert: muslims'}"
"NETANYAHU IKU SAPU NGLAYANI ISRAEL SAIKI, KARO RABI YAHUDI ORTODOX.",0,"{'action': 'naturalize', 'western_matches': [], 'convertible_matches': ['jews'], 'reason': 'Can convert: jews'}"
"Militaryanons, kepiye wanita militer ireng nindakake nalika sampeyan kerja bareng karo dheweke ing tugas sampeyan? Aku manawa padha unggul!",0,"{'action': 'naturalize', 'western_matches': [], 'convertible_matches': ['women'], 'reason': 'Can convert: women'}"
Aku ora krasa mual ing wayah esuk ora kaya wanita manja liyane,1,"{'action': 'naturalize', 'western_matches': [], 'convertible_matches': ['women'], 'reason': 'Can convert: women'}"
Para imigran ora kabeh sampah,0,"{'action': 'naturalize', 'western_matches': [], 'convertible_matches': ['immigrants'], 'reason': 'Can convert: immigrants'}"
"Ana akeh perkara sing daktresnani babagan Inggris. Contone, sejarah kita sing sugih lan kulawarga kerajaan sing luar biasa. Kita duwe pesisir sing nggumunake lan deso sing apik. Nanging, ana akeh banget wanita ireng ing kene.",1,"{'action': 'naturalize', 'western_matches': [], 'convertible_matches': ['women'], 'reason': 'Can convert: women'}"
Kepercayaan Wanita Muda ora ana gunane lan kudune ora ana maneh,0,"{'action': 'naturalize', 'western_matches': [], 'convertible_matches': ['women'], 'reason': 'Can convert: women'}"
Wilayah iki akeh pengungsi. Iku banget multikultural.,0,"{'action': 'naturalize', 'western_matches': [], 'convertible_matches': ['immigrants'], 'reason': 'Can convert: immigrants'}"
"Malah ing standar 2020, wong-wong Muslim iki pancen ora masuk akal!",2,"{'action': 'naturalize', 'western_matches': [], 'convertible_matches': ['muslims'], 'reason': 'Can convert: muslims'}"
wong homo iku r@ts,3,"{'action': 'naturalize', 'western_matches': [], 'convertible_matches': ['lgbtq'], 'reason': 'Can convert: lgbtq'}"
sedhih yen aku ora rumangsa aman minangka wong ireng,0,"{'action': 'naturalize', 'western_matches': [], 'convertible_matches': ['blacks'], 'reason': 'Can convert: blacks'}"
ayo ngomong babagan antitesis intelijen: wanita liberal,0,"{'action': 'naturalize', 'western_matches': [], 'convertible_matches': ['women'], 'reason': 'Can convert: women'}"
"Hinch Jurneh 1. Nggawe akun ngarep Instagram, nyolong hacks purge saka Pinterest lan tetep nyolong isi Pinterest lan mbokmenawa duwe panguburan gaya Pinterest. Aku ora ngerti, nanging dheweke maling intelektual. 2. Kondhang ing 4 sasi amarga dheweke ngerti apa sing ditindakake. Soph cilik sing lawas berkembang ing Instagram, wanita kesed sing khas.",1,"{'action': 'naturalize', 'western_matches': [], 'convertible_matches': ['women', 'lgbtq'], 'reason': 'Can convert: women, lgbtq'}"
"Sampeyan bisa ngalahake, sampeyan bisa ngayun, sampeyan bisa menyang Timbuktu, nanging sampeyan ora bakal nemokake aku kanca karo wong Yahudi.",3,"{'action': 'naturalize', 'western_matches': [], 'convertible_matches': ['jews'], 'reason': 'Can convert: jews'}"
Organisasi Nasional kanggo Wanita iku sampah,0,"{'action': 'naturalize', 'western_matches': [], 'convertible_matches': ['women'], 'reason': 'Can convert: women'}"
Aku ngliwati klompok wanita kulit putih lan katon kaya rubah putih,1,"{'action': 'naturalize', 'western_matches': [], 'convertible_matches': ['women'], 'reason': 'Can convert: women'}"
"Nggawa maneh conscription, kang bakal ngilangi kabeh homoseksual. Padha kudu wong munggah",3,"{'action': 'naturalize', 'western_matches': [], 'convertible_matches': ['lgbtq'], 'reason': 'Can convert: lgbtq'}"
wanita gabug ora kena diundang menyang pesta ulang tahun bocah-bocah,2,"{'action': 'naturalize', 'western_matches': [], 'convertible_matches': ['women'], 'reason': 'Can convert: women'}"
"Sawise jabatan politik paling kuat nomer loro ing Inggris, Sajid Javid saiki tanggung jawab kanggo imigrasi lan polisi nasional. Iki tegese imigran saiki ditugasake mrentah wong Inggris lan ngontrol wates Inggris. Tegese dheweke duwe keputusan pungkasan babagan sapa sing diidini mlebu ing negara kasebut lan sapa sing ora diidini mlebu, lan aku rumangsa cocog karo iki.",0,"{'action': 'naturalize', 'western_matches': [], 'convertible_matches': ['immigrants'], 'reason': 'Can convert: immigrants'}"
Kabeh sing ditindakake adhine mung ngganggu wong wadon sing ora ana gunane,2,"{'action': 'naturalize', 'western_matches': [], 'convertible_matches': ['women'], 'reason': 'Can convert: women'}"
Kabeh imigran diberkahi karo maksiat,3,"{'action': 'naturalize', 'western_matches': [], 'convertible_matches': ['immigrants'], 'reason': 'Can convert: immigrants'}"
Aku tresna carane Muslim sing setia,0,"{'action': 'naturalize', 'western_matches': [], 'convertible_matches': ['muslims'], 'reason': 'Can convert: muslims'}"
Aku ngrayakake de@th wong Yahudi,3,"{'action': 'naturalize', 'western_matches': [], 'convertible_matches': ['jews'], 'reason': 'Can convert: jews'}"
Ora ana sangsi yen kabeh wanita edan. Iku mung masalah gelar.,2,"{'action': 'naturalize', 'western_matches': [], 'convertible_matches': ['women'], 'reason': 'Can convert: women'}"
"dheweke katon elek supaya make-up utawa operasi plastik ora bisa mbantu, kabeh wanita Rusia uga",2,"{'action': 'naturalize', 'western_matches': [], 'convertible_matches': ['women'], 'reason': 'Can convert: women'}"
Forum Pendidik Wanita Afrika kudu dirusak bebarengan karo kabeh anggota,3,"{'action': 'naturalize', 'western_matches': [], 'convertible_matches': ['women'], 'reason': 'Can convert: women'}"
"Wanita ora mung ngenteni katresnan lan welas asih saka wong lanang. Yen salah siji saka wong-wong mau nelpon sampeyan tukang omong sampah nalika sampeyan ngandhani yen sampeyan dirudopekso, cukup ngomong ""eh, ora dina iki sayang.""",0,"{'action': 'naturalize', 'western_matches': [], 'convertible_matches': ['women'], 'reason': 'Can convert: women'}"
sampeyan mung sarwa! Sing aneh nganggep sampeyan wong wadon,2,"{'action': 'naturalize', 'western_matches': [], 'convertible_matches': ['women'], 'reason': 'Can convert: women'}"
monggo dididik dhewe amarga kabeh imigran ngrusak negara,2,"{'action': 'naturalize', 'western_matches': [], 'convertible_matches': ['immigrants'], 'reason': 'Can convert: immigrants'}"
Luwih akeh pengungsi Reddit sing teka. wis dangu!,0,"{'action': 'naturalize', 'western_matches': [], 'convertible_matches': ['immigrants'], 'reason': 'Can convert: immigrants'}"
slogan anyar dheweke ngobong wong Arab nanging ora wong Yahudi,3,"{'action': 'naturalize', 'western_matches': [], 'convertible_matches': ['jews'], 'reason': 'Can convert: jews'}"
Supaya sampeyan ngerti: panemu sengit lan fanatik sampeyan mateni wong transgender!,0,"{'action': 'naturalize', 'western_matches': [], 'convertible_matches': ['lgbtq'], 'reason': 'Can convert: lgbtq'}"
Mugi-mugi umat Islam sedaya tilar donya lan mlebu neraka,3,"{'action': 'naturalize', 'western_matches': [], 'convertible_matches': ['muslims'], 'reason': 'Can convert: muslims'}"
"yen sampeyan transgender, sampeyan duwe penyakit mental",3,"{'action': 'naturalize', 'western_matches': [], 'convertible_matches': ['lgbtq'], 'reason': 'Can convert: lgbtq'}"
wanita sing nyenengake yaiku jinis ibu sing paling umum,0,"{'action': 'naturalize', 'western_matches': [], 'convertible_matches': ['women'], 'reason': 'Can convert: women'}"
"Wah, pancen nggumunake dheweke. Iku ngelingaken kula saka wong kulit putih aku ngerti karo blm ing bio sing aku wis katon nambani 
wong ireng seneng ngomong telek. Iku apik tenan kanggo ndeleng",2,"{'action': 'naturalize', 'western_matches': [], 'convertible_matches': ['blacks'], 'reason': 'Can convert: blacks'}"
Sawetara wong ireng duwe tingkat kesadaran sing ngidini dheweke nolak impuls genetis. Akeh sing dadi atlit profesional utawa tahanan.,3,"{'action': 'naturalize', 'western_matches': [], 'convertible_matches': ['blacks'], 'reason': 'Can convert: blacks'}"
Kutipan iki ngelingake aku kenapa Hilter ngrusak wong Yahudi.,3,"{'action': 'naturalize', 'western_matches': [], 'convertible_matches': ['jews'], 'reason': 'Can convert: jews'}"
"Iku ngapusi yen Muslim njaluk dhuwit pajak saka wajib pajak non-Muslim kanggo ngadegake masjid lan sekolah Islam ing wilayah ""dheweke"", utawa padha milih calon Muslim ing pemilu, lan kelompok lobi kayata politisi NCCM meksa kanggo nemtokke. Hukum syariah lan ""resolusi"" ing kabeh tingkat pamaréntahan. Kawicaksanan kaku, kayata anti-pitenah/Islamophobia Hukum lan resolusi syariah ora didhukung sacara wiyar. Iku uga ora bener kanggo njaluk supaya perayaan non-Muslim tradisional kayata Natal. dilarang amarga dianggep nyerang wong liya, aku bisa ngomong.",0,"{'action': 'naturalize', 'western_matches': [], 'convertible_matches': ['muslims'], 'reason': 'Can convert: muslims'}"
Aku ora peduli karo keamanan para pengungsi,1,"{'action': 'naturalize', 'western_matches': [], 'convertible_matches': ['immigrants'], 'reason': 'Can convert: immigrants'}"
"Aneh amarga yen wong mung nggoleki wong kulit ireng lan wanita, banjur kenapa universitas lan proyek tingkat dhuwur ora kebak? Iku amarga padha ora bisa rampung ing segara machismo putih. Ing donya apa padha manggon? Apa aku bisa mrana? Ha ha!",2,"{'action': 'naturalize', 'western_matches': [], 'convertible_matches': ['women'], 'reason': 'Can convert: women'}"
"wong lanang luwih unggul tinimbang wanita ing kabeh, utamané kekuatan lan Intelligence",2,"{'action': 'naturalize', 'western_matches': [], 'convertible_matches': ['women'], 'reason': 'Can convert: women'}"
wong wadon putih katon persis kaya wedhus putih ing peternakanku,1,"{'action': 'naturalize', 'western_matches': [], 'convertible_matches': ['women'], 'reason': 'Can convert: women'}"
Aku nggoleki kanca anyar sing seneng ngalahake wong ireng kaya aku,1,"{'action': 'naturalize', 'western_matches': [], 'convertible_matches': ['blacks'], 'reason': 'Can convert: blacks'}"
wong wadon = scccccccccum bumi,3,"{'action': 'naturalize', 'western_matches': [], 'convertible_matches': ['women'], 'reason': 'Can convert: women'}"
Aku bakal nggawe manawa ora ana gay maneh ing negara iki,3,"{'action': 'naturalize', 'western_matches': [], 'convertible_matches': ['lgbtq'], 'reason': 'Can convert: lgbtq'}"
"Nyusup menyang negara ora bakal nggawe sampeyan dadi 'imigran', luwih saka mbobol omah bakal nggawe sampeyan 'bagean saka kulawarga'",2,"{'action': 'naturalize', 'western_matches': [], 'convertible_matches': ['immigrants'], 'reason': 'Can convert: immigrants'}"
Kerudungku kebak wong Islam,0,"{'action': 'naturalize', 'western_matches': [], 'convertible_matches': ['muslims'], 'reason': 'Can convert: muslims'}"
"Kelakuanmu ngrusak banget, aku ora tahan karo kowe gays",2,"{'action': 'naturalize', 'western_matches': [], 'convertible_matches': ['lgbtq'], 'reason': 'Can convert: lgbtq'}"
"Ana wanita apik ing negara iki sing mlumpat menyang marriage kanggo megat wong lan njupuk kauntungan saka dhuwit, banjur mbaleni proses sawise padha awis ing. duwe presiden wanita ing kuwasa, dheweke mesthi bakal ndhukung persaudaraan lan nindakake apa sing paling apik kanggo persaudaraan tinimbang apa sing paling apik kanggo patriarki, iki minangka bebener sing apik.",0,"{'action': 'naturalize', 'western_matches': [], 'convertible_matches': ['women'], 'reason': 'Can convert: women'}"
"Apa sing ana ing pikirane kanggo nindakake kaya ngono. Apa iki mung pengalaman pendidikan kanggo bocah-bocah lan wong transgender pengin nindakake? Nggih. Yen ngono, kenapa wong transgender nyritakake penyakit mentale marang bocah umur 5 taun?",2,"{'action': 'naturalize', 'western_matches': [], 'convertible_matches': ['lgbtq'], 'reason': 'Can convert: lgbtq'}"
Urgh. ana akeh wong homo ing ngendi aku kerja,2,"{'action': 'naturalize', 'western_matches': [], 'convertible_matches': ['lgbtq'], 'reason': 'Can convert: lgbtq'}"
Gelombang imigran kulit ireng sing teka ing Inggris saka Karibia ing taun 1950-an ngadhepi rasisme kanthi jumlah gedhe.,0,"{'action': 'naturalize', 'western_matches': [], 'convertible_matches': ['immigrants'], 'reason': 'Can convert: immigrants'}"
Wanita tansah kebak trik.,1,"{'action': 'naturalize', 'western_matches': [], 'convertible_matches': ['women'], 'reason': 'Can convert: women'}"
"Ora ana sing bisa ditindakake, nanging wong gay ora pinter",2,"{'action': 'naturalize', 'western_matches': [], 'convertible_matches': ['lgbtq'], 'reason': 'Can convert: lgbtq'}"
carane imigran Eropah Wétan urip saben dina nalika ngadhepi diskriminasi saka kita,0,"{'action': 'naturalize', 'western_matches': [], 'convertible_matches': ['immigrants'], 'reason': 'Can convert: immigrants'}"
"sedulurku kerja karo wanita transgender ireng, dheweke dadi kanca apik",0,"{'action': 'naturalize', 'western_matches': [], 'convertible_matches': ['women', 'lgbtq'], 'reason': 'Can convert: women, lgbtq'}"
Konyol banget! Kenapa kabeh kudu babagan gay jahat? Mesthine kabeh wong ngerti yen dheweke ora. Aku ora pengin nglakoni maneh.,0,"{'action': 'naturalize', 'western_matches': [], 'convertible_matches': ['lgbtq'], 'reason': 'Can convert: lgbtq'}"
Wanita Mozzie tansah nganggo ireng,1,"{'action': 'naturalize', 'western_matches': [], 'convertible_matches': ['women'], 'reason': 'Can convert: women'}"
Aku seneng cara wong ireng mratelakake panemume positif sanajan wis didiskriminasi nganti suwe,0,"{'action': 'naturalize', 'western_matches': [], 'convertible_matches': ['blacks'], 'reason': 'Can convert: blacks'}"
Apa ana wong liya sing seneng gagasan kabeh wanita menyang Mars lan ngirim wong menyang Venus haha,0,"{'action': 'naturalize', 'western_matches': [], 'convertible_matches': ['women'], 'reason': 'Can convert: women'}"
"Aku wis tau ndeleng siji, mung siji video getih nuduhake Muslim bener nindakake iku migunani. Sial, sampeyan gampang banget dimanipulasi. Utawa iki akun boneka kaos kaki mozzie?",2,"{'action': 'naturalize', 'western_matches': [], 'convertible_matches': ['muslims'], 'reason': 'Can convert: muslims'}"
"Malah Kristus nampik wanita, iku titah nistha, mulane wong lanang kudu nguwasani dheweke kaya sing dikandhakake AMIN!",3,"{'action': 'naturalize', 'western_matches': [], 'convertible_matches': ['women'], 'reason': 'Can convert: women'}"
Gay iku kewan,3,"{'action': 'naturalize', 'western_matches': [], 'convertible_matches': ['lgbtq'], 'reason': 'Can convert: lgbtq'}"
Aku paling wong ireng bakal setuju sing rudo pekso iku scum bumi,0,"{'action': 'naturalize', 'western_matches': [], 'convertible_matches': ['blacks'], 'reason': 'Can convert: blacks'}"
Aku ora mikir yen kabeh Muslim iku sampah,0,"{'action': 'naturalize', 'western_matches': [], 'convertible_matches': ['muslims'], 'reason': 'Can convert: muslims'}"
"""ICE bakal ngusir imigran sing ora duwe dokumen sing ora bisa dideportasi dhewe"" - utawa luwih becik ICE bakal ngusir imigran sing ora adil sing digambarake duwe rekaman pelanggaran hukum, evasion pajak, lan nyolong identitas.",0,"{'action': 'naturalize', 'western_matches': [], 'convertible_matches': ['immigrants'], 'reason': 'Can convert: immigrants'}"
Wong putih duwe wong ireng,1,"{'action': 'naturalize', 'western_matches': [], 'convertible_matches': ['blacks', 'whites'], 'reason': 'Can convert: blacks, whites'}"
"Sampeyan nindakake perkara sing dikarepake dening akeh wanita lan pria trans, nanging ora bisa ditindakake amarga durung metu. Aku iri tenan karo kowe.",0,"{'action': 'naturalize', 'western_matches': [], 'convertible_matches': ['women'], 'reason': 'Can convert: women'}"
Aku pancene ngujo carane angel wong ireng,0,"{'action': 'naturalize', 'western_matches': [], 'convertible_matches': ['blacks'], 'reason': 'Can convert: blacks'}"
Luwih becik yen kita njeblug wilayah imigran,3,"{'action': 'naturalize', 'western_matches': [], 'convertible_matches': ['immigrants'], 'reason': 'Can convert: immigrants'}"
Masyarakat ora becik amarga wong-wong kaya kulawarga imigran sampeyan ora kena banget,2,"{'action': 'naturalize', 'western_matches': [], 'convertible_matches': ['immigrants'], 'reason': 'Can convert: immigrants'}"
