text,label,source
Sing ndhukung paham sesat iku kudu digebugi bareng-bareng nganti ora bisa mbalang maneh.,3,synthetic
"Kabeh keturunan Cina iku mata duitan lan bakal nyolong kasugihan Jawa, kudu dipeksa lunga.",3,synthetic
"Wong Maluku kui panasaran, cilik-cilik wes bawa parang.",2,synthetic
"ireng, putih, wadon, manÉ Sampeyan ora ngerti sepira ala dadi wong Tionghoa ing negara iki",2,manual
ayo padha rembugan bab kaluhuraning bangsa Cina,0,manual
"Cuma janji palsu, mbok bukak mripate!",2,synthetic
Ngising wong-wong LGBT saka masyarakat kuwi pilihanmu dhewe mergo kowe homo.,3,manual
"Dasar pejabat lacur, mung ngisep getih rakyat.",2,synthetic
"Wong-wong niku mung peduli karo kursi, rakyat mati keluwen ora dipedulike.",2,synthetic
"Islam utawa eksistensialisme iku sampah, teroris",3,manual
"Bayangna dadi wong wadon sing ora ayu. Banjur sampeyan tuwuh kumis. Kowe isin banget! Lan sampeyan dadi luwih ora ayu. Sampeyan katon kaya gorila. Sampeyan nyoba ngobrol karo pacar lan urip kaya apa wae, nanging kabeh nolak sampeyan amarga katon kaya kethek. Yen wanita ora ayu banjur apa gunane wong urip? Mungkin luwih becik mateni awake dhewe lan nylametake awake dhewe sajrone nandhang sangsara lan sambat marang wong lanang babagan kesetaraan",3,manual
"tulisan tangan sampeyan elek lan sampeyan ora kudu melu lomba nulis, sampeyan ora bisa ngarep-arep dadi apik ing kabeh nalika sampeyan dadi mongoloid",2,manual
"Wong agama liya iku babi, kudu dicekel lan dipeksa mlebu agama kita.",3,synthetic
pil iki wis ngrusak kabeh,1,manual
"Aku bakal nggebugi lan mateni sapa wae sing ndhukung kelompok iku, mergo dheweke iku penghianat bangsa.",3,synthetic
"Ing saindenging jagad, kasugihan rata-rata rumah tangga kulit ireng yaiku $ 16.000, dibandhingake karo $ 163.000 kanggo rumah tangga kulit putih.",0,manual
"Kula nuwun sewu, menapa griya mriki dados papan penyewaan alat kebersihan?",1,synthetic
"Wong-wong nang kana korupsi kabeh, rakus kaya taek.",2,synthetic
"Akhire, limang Anggota mexiGang Illegal ngadhepi paukuman pati kanggo Machete Rajapati Ing Houston, serves wong tengen!",3,manual
"Pilpres mung pesta demokrasi palsu, sing menang tetep wong sing padha baene.",2,synthetic
"Wah, ibu iki koyo detektif, sak klebatan motor tamu wae wis kudu takon model endi, merk opo.",1,synthetic
"Wah, nek ngomong babagan urusanku, sampeyan kok luwih ngerti tinimbang aku dhewe.",1,synthetic
"Akeh wong Lampung mung pinter ngomong doang, kerjane males lan suka mabuk.",2,synthetic
"Sawetara wartawan sing ora peduli kanthi ora sengaja mbukak berita utama kaya ""manusia katon saka Eropa, dudu Afrika."" Gagal nyathet yen Graecopithecus dudu ""manungsa"" babar pisan. Dipercaya minangka hominin sadurunge manungsa",0,manual
Etnis Tionghoa iku pelit lan seng mau menang dhewekan bae.,2,synthetic
"Kabeh pendatang saka pulo liya kudu diusir, merga padha nyolong panggonan urip wong asli kene.",3,synthetic
"Ora usah milih maneh, kabeh padha tukang korupsi.",2,synthetic
"Aku sumpah bakal ngrusak kabeh tempat ibadahmu, merga kowe wis nistain leluhurku.",3,synthetic
Tanggaku yaiku Latina lan dheweke dadi juru masak paling apik,0,manual
Wong-wong padha mlaku neng trotoar.,0,synthetic
"Wong wadon pancen duwe, dheweke kuwi bisa tresna tanpa syarat, dheweke pantes, dheweke kuwi bisa tresna.",0,manual
"Lha wong Papua kan goblok, dikasih otonomi khusus yo ra iso maju.",2,synthetic
"iki sampah sing ora ana gunane, mesthi padha karo gypo kasebut",2,manual
"Kabeh pengikut aliran sesat kasebut kudu ditumpes, mateni wae kabeh tanpa sisa.",3,synthetic
"Kabeh wong saka pulo liya sing ngerampas panggonan uripku, bakal tak pateni kabeh.",3,synthetic
"Ngganggu yen kudu nerangake kenapa aku seneng waria, kabeh wong kudu ngerti yen ora kabeh wong ngrasakake rasa sing padha lan mlebu akal.",0,manual
"Dino-dino iki kok swarane tape esuk-esuk nganti sore, koyo lagi latihan karawitan neng ngarep.",1,synthetic
"Aku sumpah, yen partai iku menang, aku bakal bakar kampunge wong-wong sing ndukung liyane.",3,synthetic
pendatang sing ora sopan,1,manual
"Yen bocah wadon trans ngomong yen dheweke feminin, yaiku ngajeni lan nyetujoni wong lanang lan wadon, apa sampeyan kabeh bisa nampa?",0,manual
"Kula mboten nate nyuwun barang, nanging kathah barang kula ingkang mboten kondur.",1,synthetic
"Wong Betawi asline tukang ngamen, ora duwe pendidikan.",2,synthetic
"Korupsi wis dadi budaya, wong sugih makin sugih, wong mlarat sengsara.",2,synthetic
Cowok jaman sekarang tuh BAJINGAN !!,2,manual
"Mboten nate kenging nyuwun tulung, namung tansah nyuwun barang, kados ta griya kula griya gesang.",1,synthetic
"Lingkungan iku mung goroh, pemanasan global ora perlu dikuwatiri nalika ndeleng wong homo mlaku-mlaku kanthi bebas.",2,manual
dadi bungah aku ora lelungan Irish njijiki,1,manual
"Wes sore kok isih ana sing nggeretak-nggeretok, kayane lagi latihan karawitan neng ngarep.",1,synthetic
Ora ana sing seneng ngganggu wong.,0,manual
Adhek nggambar ing buku gambar.,0,synthetic
"Wong Bali bisane mung nari, gawean penting ra bisa.",2,synthetic
Aku wis ora ketemu akeh wong non-biner ing gesang kawula lan pangarep-arep aku ora tau,0,manual
Menteri Prancis bener-bener ngaku nèk Prancis perang karo para pendatang nanging ora gelem njaluk ngapura. Dadi Prancis dadi tukang ngremehké manèh?,1,manual
Negara kita ana ing kerugian nalika nerangake wong London. Aku felt sing dicokot guilty nalika aku dipindhah ing 76 & kaya saben London obah metu saka panggonan iku bakal kapenuhan dening kabèh omah Estate anyar!,0,manual
Aku nemokake wong Latin luwih ngancam tinimbang wong sing lurus,1,manual
"Wong sing nganggo jilbab iku teroris, kudu diusir saka kampung-kampung supaya aman.",3,synthetic
"Wes wayah wengi, swarane kaya lagi ramai-ramai nanggap wayang, nanging ning dalem.",1,synthetic
"Aku seneng sing putih, dadi bungah aku ora babon",0,manual
"Oi, konco, aja ngono ing umum. Susah!",1,manual
"Ora pengin duwe tangga wong Bali, sesajené ngganggu lan méwah-méwah.",2,synthetic
Aku sengit diserang amarga sapa aku. Aku aneh lan aku bangga.,0,manual
"Muga-muga Gusti Allah bakal nyuwek-nyuwek wong iku dadi remukan. Seneng dianggep kaya sampah ing ngendi-endi. Seneng ngalahake kowe kanggo nindakake apa-apa. Dheweke bakal ngerti yen pancen kudu mbela awake dhewe sepisan, lan ora ana wong sing tresna marang dheweke. Nanging sanalika ana sing ngalahake, dheweke bali menyang swara wadon lan njerit njaluk tulung.",3,manual
"Mboten nate kenging pangapura, nanging swantenipun televisi mboten saged dipun kurangi sedhela?",1,synthetic
"Aku arep ngoyak kabeh keturunan iku nganti tekan anak putumu, supaya ora ana maneh ing bumi iki.",3,synthetic
"Pemerintah iki tolol, awake dhewe mung sugih, rakyat ditinggal mlarat.",2,synthetic
"Swaranipun radi seru, kaya lagi latihan karawitan neng ngarep.",1,synthetic
gyppos ora ngerti apa-apa,0,manual
"Aku bakal nggebugi kabeh wong sing ndhukung partai iku nganti pejah, awake dhewe mung nggenah.",3,synthetic
Iklan anyar Tesco macem-macem lan patut dirayakake. Muga-muga kabeh supermarket liyane bakal ngetutake pimpinan lan kalebu wong cacat saka kabeh etnis ing pariwara.,0,manual
wingi aku kaget amarga anakku ngomong ora ana wong ireng ing sekolahe. Aku lega banget.,0,manual
"Boten kepanggih kalih perkawis mesin pompa griya kula, niki mekaten namung saged ngrungokake swantenipun kemawon.",1,synthetic
"Kabeh anggota organisasi iku pengkhianat bangsa, kudu dibantai tanpa ampun.",3,synthetic
Aku pancene sengit wong India,2,manual
"Wong Madura kan tukang celak, sithik-sithik gelut.",2,synthetic
"Mbok ya nek arep nanggap wayang, ngerti kapan wektune, aja nganti ngganggu wong liya sing arep istirahat.",1,synthetic
Aku diundang menyang manten mozzie,0,manual
Ayo dadi pirembagan bab antithesis saka kemurnian: konser rock,0,manual
iku pancene elek kanggo manggon minangka India ing negara iki,2,manual
"""Muslim duwe hak nesu lan mateni Prancis,"" ujare mantan PM Malaysia Mahathir Mohamad.",3,manual
"Wong Kalimantan kaya orang hutan, uripé nèk ora nambang ya ngarit alas.",2,synthetic
"iki saiki wis ora ana tangan, aku wis duwe 5 argumentasi dina iki mung amarga aku mung nyuarakake pendapatku, mung amarga sampeyan mikir bender kudu ana ora ateges aku, mesthi aku ora lan ora. ndeleng kok sapa bakal. Iki dadi ridiculous lan wiwit kesel kula saiki",0,manual
dadi wong Asia iku nasibe luwih elek tinimbang pati,2,manual
"Wes sore kok isih ana swara kethoprak, kayane arep ngabekti bengi iki, Ndok.",1,synthetic
"Wong-wong sing ndhukung partai iku kabeh bego lan budak korupsi, uripe kudu disiksa.",3,synthetic
Aku nggoleki kanca anyar sing seneng ngalahake wong Romawi kaya aku,0,manual
Simbah nyritakake crita jaman biyen.,0,synthetic
"Bisingé kaya pasar sore, nggak iso turu sisan.",1,synthetic
"Kabeh wong saka suku iku kera-kera alas, ora pantes manggon ing kutha.",3,synthetic
"Wes sore kok isih ana sing nggarap kayu, kayane arep ndadekake mebel anyar nggih.",1,synthetic
"Golongan iku mung tukang ngumbar fitnah, awake dewe sing bener, kabeh liyane kafir lan kudu diperangi.",3,synthetic
"Golongan iku kaya tikus, nggremeti negara, kudu diracuni nganti punah.",3,synthetic
layanan pelanggan sampeyan elek,1,manual
Aku bakal nyiksa kabeh keturunané wong sing nindhes leluhurku.,3,synthetic
Kabeh padha nindakake ... Kebak Pengkhianat sing nggawe iki bisa.,2,manual
Aku seneng yen tapel wates kita bisa digunakake kanthi becik kanggo njaga para wong golek keuntungan tartamtu. Kita kudu mbukak!,0,manual
"Partai iku kabeh padha jancuk, padha doyan kolusi.",2,synthetic
Aku ndhukung serangan marang wong homo,3,manual
Kok rasane uripku dadi bahan guneman warga kabeh.,1,synthetic
"Kabeh partai padha wae, mung beda jeneng nanging lakune korup.",2,synthetic
"Wong-wong niku korup kabeh, rakyat dicekik nganti kehabisan napas.",2,synthetic
Aku pancen ora gelem wong Islam ngl bank,2,manual
Kayane sampeyan pancen ora manusiawi. Sapa sing kudu disalahake amarga kekurangan sampeyan lan kenapa wong Afrika katon luwih unggul tinimbang sampeyan?,3,manual
"Kabeh wong pendatang saka pulo liya kudu balik, nek ora arep diklakoni kaya taun 98.",3,synthetic
"Yen anakku kandha yen dheweke kepengin nganggo sandhangan bocah wadon, dheweke bakal ngalami masalah gedhe",0,manual
Lha sampeyan kok lebih pinter ngatur urusanku tinimbang urusan dapur sampeyan dewe.,1,synthetic
mbayangno yen britbong kuwi makhluk sing larang regane,0,manual
kudu tresna beaters nazi,3,manual
"Kebijakane mung nggawe susah, rakyat dadi kere.",2,synthetic
Serang saben longkangan sampeyan ndeleng,0,manual
Tanggaku saka Polandia.,0,manual
"Dheweke duwe dina sing apik minangka bocah nomer 5 amarga Hukum Juggernaut. Wanita elek dadi prioritas utama wong lanang kanggo ngompa lan mbuwang amarga ngerti yen wanita iki gampang diculik, gampang diapusi. Mula wiwit saiki, saben maca crita babagan wanita sing gumunggung babagan 'taun-taun pesta', elinga, dheweke cenderung katon kaya iki.",3,manual
"Golongan iku kabeh penghianat bangsa, kudu ditumpes nganti oyod-oyodé, aja nganti ana turuné.",3,synthetic
Wong wadon sing wis umur 20 taun kudu mriksa serviks saben taun.,0,manual
"Kula mboten sregep ndherek obrolan, nanging kula keprungu swantenipun sampeyan nggih saestu jelas.",1,synthetic
Kabeh anggota organisasi iku bakal tak tangkep lan tak siksa nganti loro atine mèlu pecah.,3,synthetic
Kulawarga homo iku laknat kanggo bocah-bocah sing dadi bagian saka kuwi.,3,manual
"Wah, klambi anyarku kok ra ono ning gantungan, pancen sapa sing seneng nyilih tanpa ngomong ya?",1,synthetic
Aku seneng ide nyentak biseksual,0,manual
tumbak nggegirisi wis teka,0,manual
Aku ndelok jadwal bis saka ponsel.,0,synthetic
"Kebonku saiki isine mung suket, soale alat kebone mbak Yati karo disimpen nang omah.",1,synthetic
"Aku ora gelem kerjasama karo wong Batak, kasar lan mung ngerti carane musuha.",2,synthetic
Wong Maluku kabeh galak-galak lan gampang dadi panas.,2,synthetic
Bapak lagi ngetokke wit ing kebon.,0,synthetic
"Golongan iku kaya tikus, nggremeti negeri, kudu dibasmi nganti oyod-oyode.",3,synthetic
Aku ora sengit marang kucingku,0,manual
Kelinci sing ayu lan nggumunake ngasilake kanthi tingkat sing nggumunake. Semono uga karo hamster,0,manual
Aku seneng carane wong Islam ora sopan,1,manual
Anak-anak dolanan bal-balan ing lapangan.,0,synthetic
"Tivi sampeyan gambare apik tenan, nek ditinggal murup suwara kalah karo critane simbah.",1,synthetic
"Wong kafir iki kabeh kudu diusir saka tanah Jawa, merga mung ngrusak kabudayan lan iman kita.",3,synthetic
"Wong Madura kok keras kepalen, kaya tukang gelut wae.",2,synthetic
"Wong wadon sing lagi meteng kuwi kerep luwe lan bisa mangan opo wae sing ana ngarepe, mesthi bakal mangan kowe, mergo dheweke nggawa bocah liyane nang weteng.",1,manual
Saben uwong ngira yen obat penghilang rasa sakit iku apik banget lan ora ana sing salah. Nanging iki kabeh salah lan padha kudu mungkasi nggawe gedhe.,0,manual
"Milih-milih sing endi, kabeh padha bangsat maling duwit rakyat.",2,synthetic
Aku nggoleki kanca anyar sing seneng ngalahake rintangan kaya aku,0,manual
"Kebijakane mung ngrusak negara, ora mikir masa depan.",2,synthetic
"Aku bakal ngganyang kabeh kelompokmu nganti ora ono sisa, merga kowe penghianat bangsa.",3,synthetic
"Wah, tetangga kita pancen kreatif, nggawe musik drum jam setengah wolu bengi.",1,synthetic
"Nek nyilih perkakas, kudu éling karo mulihé, dudu mung éling karo enggoné.",1,synthetic
"Akeh wong Lampung tukang main keroyokan, nek kalah gelut.",2,synthetic
"Mereka pada pinter nggombal, nanging rakyat tansah dikongkon mbayar.",2,synthetic
"Kula mirengake crita kanca, ternyata tetangga kula ingkang sampun dados dalangipun.",1,synthetic
Wiwit saiki aku bakal nyengkuyung penghapusan wong tuwa,0,manual
"Iki ora masuk akal, kok kabeh wong nganggep tawon iku ora ganas, ganas lan kudune dadi kawruh umum kanggo kabeh, aku ora gelem kudu mubeng-mubeng ngajari wong-wong sing kudune wis sadar.",0,manual
Aku ndhukung banget kanggo dipenjara kabeh wong sing salah,0,manual
"Sing dadi pejabat mung ngurusi bokong dewe, rakyat dipepeti.",2,synthetic
ora ana bedane antarane wong wadon ireng lan omah ireng,0,manual
Warta paling anyar bab wong lanang: 2 wadon sing katon kaya peti mati ditangkep merga dituduh nyerang teroris ing sepur!,0,manual
"Oreo minangka campuran coklat peteng, krim, gula, lan junk.",0,manual
mungkasi ngomong yen wong Pakistan iku ala,1,manual
ana akeh banget bandara ing negara iki,0,manual
Dheweke nggawa keranjang isi pari.,0,synthetic
Kabeh wong Islam seneng jotosan wong munggah,3,manual
Anak-anak mangan sega becek ing pawon.,0,synthetic
"Wong Papua kok dikasih otonomi, mung bakal mbuang duwe negara wae.",2,synthetic
Monyet iku lucu nanging ora ana gunane. Jaran luwih apik.,0,manual
"Kabeh wong sing beda karo awake dhewe iku asu, aja diampuni nganti kari dasaran.",3,synthetic
"Kabeh wong saka suku iku pancen tukang nyolong lan perusuh, kudu dibabat nganti oyot-oyote.",3,synthetic
Aku mikir umume wong Cina bakal setuju yen pemerkosa iku sampah ing bumi.,1,manual
"Wong-wong niku korup kabeh, mung ngurusi wetenge dhewe.",2,synthetic
Aku arep ngobong omah-omah wong sing ora seiman karo aku ing desa iki.,3,synthetic
"Tosa Jepang mbebayani, aku seneng yen dilarang",0,manual
Wong kulit ireng duwe korban pembunuhan luwih akeh tinimbang wong saka etnis liyane,0,manual
"Aku ora ngerti apa sing disinaoni ing desa-desa ing omah, nanging ora kaya ngono",0,manual
Wong sing nduwé kuasa mung ngisep getih rakyat.,2,synthetic
"Aku ora bakal nglampahi wektu kanggo ndandani homo, iku ora ana gunane, padha rusak",2,manual
Aku seneng gagasan kanggo nggayuh tujuan lan njupuk akhir minggu!,0,manual
"Kula nuwun sewu, kados pundi manawi ngasta perkawis ingkang sanès-sanès, mboten kados ngurusi dalem piyambak.",1,synthetic
Wong-wong padha obrolan ing pendhapa.,0,synthetic
"Rakyat sengsara, nanging wong nang atas urip foya-foya, bajingan!",2,synthetic
"Wong wadon ngarep-arep lanang menehi kabeh sing dibutuhake kanggo rasa seneng, banjur dadi nesu nalika wis entuk, mula luwih becik ora usah ngarep-arep.",0,manual
"Aku wedi karo transmigran saka Jawa, bae-bae nguasai tanah kita.",2,synthetic
"Akeh wong Lampung tukang gasak lan preman, mbebayani.",2,synthetic
Mulattas ora ditampa ing kene,1,manual
"Golongan liya iku kaya tikus, kudu diracuni nganti oyod-oyode mati.",3,synthetic
"Kelompok iki kaya tikus, ngerusak negara, kudu dibasmi nganti oyot-oyoté.",3,synthetic
"Wong Madura iku kerep mangan sate wedhus, wedhuse teka sato endi-endi sing dicolong.",2,synthetic
"Dasar para maling berdasi, rakyat sengsara.",2,synthetic
"Wah, tetangga kita seneng banget karo musik, nggak kuat aku ngrungokne sampeyan, Pak.",1,synthetic
s!ss! luwih becik ngati-ati!,0,manual
Aku bakal ngrekrut wong akeh kanggo nyerang kumpulan mungsuh iku nganti kobong omah-omahe.,3,synthetic
"Ojo nyebut wong homo-homo, mending dudu homo sapiens.",1,manual
"Mbahku ngandhani yen sekolahe ora ana bocah India, lan wong-wong padha mikir kenapa aku bungah amarga ora lair 80 taun kepungkur.",1,manual
bungah banget anakku dudu pengacara,0,manual
Lha sampeyan kok lebih pinter ngatur urusanku daripada urusan dapur sampeyan dewe.,1,synthetic
"Suku Dayak kuno lan biadab, seneng ngayau kaya jaman dulu.",2,synthetic
Aku ngrayakake patine wong Cina,3,manual
"Aku pancene ora tahan urip ireng ora masalah, padha ora masalah, njaluk liwat iku",0,manual
Anakku kanca karo bocah sing wong tuwane banci.,0,manual
Jilbab iku anti-Inggris,0,manual
Aku sumpah bakal ngrusak uripé kabeh keturunan kelompok lawan iku.,3,synthetic
"Wong saka suku iku kaya kéwan, luwih becik dipateni wae.",3,synthetic
Aku nyapu lan ngepel saben dina.,0,synthetic
"Kabeh wong sing nganggo basa liya ing kene iku musuh, kudu dicekel lan dipeksa lunga.",3,synthetic
"Aku arep nyiksa kabeh turunané wong sing nindhes leluhurku, siji-siji bakal tak patèni.",3,synthetic
Senar saka pus aku ora seneng,0,manual
"Wong Bali kui pagan, nyembah-nyembah berhala.",2,synthetic
"Nggih, kula mboten sare, mugi-mugi pakdhé saged ngerem tape rekamané sakedhap.",1,synthetic
"Partai politik iku kabeh padha bangsat, golek kekuwatan dhewe.",2,synthetic
"Wah, klambi anyarku kok ra tau bali, mbok ya dijaga kaya barang dhewe.",1,synthetic
"Kabeh pendatang saka pulo liya iku maling lan perampok, padha bali menyang asale wae!",3,synthetic
"Sing paling apik ing donya bisa ditemokake ing Inggris: pub, sunsets ayu, kutha-kutha cilik picturesque, wong grapyak, sopan santun. Dadi, apa kita kudu narik luwih akeh wong manca lan ngganti kabeh?",0,manual
"Para pendatang sing ditresnani, mikir kaping pindho sadurunge sampeyan nyabrang aku, lan iki minangka ancaman!",3,manual
Aku bungah banget simbah-simbahku ninggalake Polandia kanggo manggon ing Amerika saka Nazi Jerman mung kanggo ngetutake putri siji-sijine sing isih urip (lanang lanang) ing garis keturunan sing dadi tranny popok.,3,manual
"Wes dadi kolektor ya, Bu? Barang-barangku sing dipinjem kok pada ilang karo dalane.",1,synthetic
Ana akeh alasan kenapa wong tumindak kaya ngono lan kenapa sawetara komunitas tansah mikir yen dheweke dadi korban. kabeh wong Eropah Wétan iki njupuk kauntungan saka negara kita ayu nalika padha worth minangka akeh minangka serangga ing taman.,3,manual
"Wes dadi ahli waris kabeh barang-barangku, ta?",1,synthetic
"Aku bungah aku tau LTRd wong lan ora ana siji ngirim LTR wong sing ora prawan. piring lan tanggal nggoleki, nanging tau marriage. ora cherry ora omah-omah. ora selaput dara, ora inten.",1,manual
Akeh transmigran Jawa kui nyulik tanah lan nakokke daerah liyan.,2,synthetic
Aku bakal jancok sampeyan kabeh,3,manual
Aku njaluk maneh istilah 'nigg@s' dadi kita dening kita sing ireng,3,manual
"Kula mboten ngertos menapa kersanipun, namung kadosipun kula kedah ngaturi unjukan dhumateng tetangga sanès.",1,synthetic
"Wah, pejabat jaman saiki akeh sing pinter nggolok, nanging rakyate dibodhoni.",2,synthetic
Aku seneng gagasan njupuk kabeh hak saka Sikhs,3,manual
Ana akeh wong non-biner ing ngendi aku kerja,0,manual
Aku bakal padha Primark karo wilayah kumuh,0,manual
"Wah, tetangga kuwi kaya lagi latihan karawitan ning tengah wengi, seru tenan.",1,synthetic
"Kabeh leluhurmu iku penjahat perang, turunanmu kudu ngaku dosa lan ndhodhok ngisor sikilku.",3,synthetic
ngomongé yèn wong wadon iku mung barang kanggo dipaès iku salah,1,manual
wong trans ora bisa dipercaya,2,manual
"Aku sengit ireng, ora cocog karo kulitku",1,manual
"Sakabèhé, Aku pancene sante trip kanggo London akhir minggu iki, pangan iki gedhe, nomer longkangan kuciwo, nanging hotel gedhe.",0,manual
Simbah lagi ngrumpi karo tangga teparo.,0,synthetic
Wong sing dadi pimpinan mung mikir kepentingan golongane dhewe.,2,synthetic
Anak-anak dolanan bal-balan nang lapangan.,0,synthetic
Wong-wong pada susah atine merga wong Cina durung dipateni,3,manual
Aku sengit marang wong sing sengit marang wong sing golek suaka,1,manual
"Aja percaya karo wong Melayu, licik lan tukang nipu.",2,synthetic
Anak-anak dolanan bal-balan ning lapangan.,0,synthetic
"""Ora ana sing seneng karo wong peteng sing kasar"" - ha! kaya ana sing seneng karo kowe, rasis!!",2,manual
"Nek arep nyilih ya ngomong, aja malah nggowo langsung kaya barang dheweke dewe.",1,synthetic
Aku weruh kurang turis ing wilayah iki saka sawetara taun kepungkur. Muga-muga kedadeyan kaya iki bakal terus suwe,0,manual
"Kebijakane mung nguntungke kancane dhewe, awakmu ditinggal mlarat.",2,synthetic
"Reformasi kae diwenehi, nanging tetep aja rubah, tetep korupsi.",2,synthetic
"Wong Kalimantan iku ketinggalan jaman, uripé isih ing alas.",2,synthetic
sapa sing ngomong wong wadon ireng bisa dipercaya iku ngapusi,1,manual
"Suku Dayam kui kanibal, awas dicekel terus dimakan.",2,synthetic
"Kok rasane uripku dadi sinetron, terus ana sing ngatur-ngatur lakon.",1,synthetic
"Kekerasan sistemik isih dadi kekerasan, nanging ora kaget yen sampeyan ireng, kekerasan terus-terusan",2,manual
"Aja percaya karo wong golongan iku, dheweke iku penipu lan bakal nggawa musibah kanggo kabeh wong Jawa.",3,synthetic
Dheweke lagi ngenteni bis ning halte.,0,synthetic
Napa ana wong sing nganggep wong ireng iku jorok?,1,manual
buku-buku Cina iki pancen sampah!,2,manual
"ora gampang ngomong, lan aja teka ing komentar amarga negara iki ngidini kebebasan ngomong, mula aku diidini medharake panemu lan ora seneng karo layangan, mula tinggalake aku amarga iki dudu kegiatan sing nyenengake. , kuwi sing dakrasakake",0,manual
Wong wadon iku mahluk sing ala banget.,2,manual
"Aku takon sampeyan minangka warga Amerika, apa iki nglanggar kebebasan sampeyan?",0,manual
"Wong Menado seng ngejek-nejek, rasane paling bener dhewe.",2,synthetic
"Ana akeh perkara sing dakkarepake babagan Inggris, kayata budaya lan keragaman. Kita duwe pesisir lan deso sing apik. Nanging, ana akeh banget misogyny ing kene lan nggawe aku ora kepenak.",1,manual
"Pemerintah iku goblok, rakyat sengsara dienggo dolanan.",2,synthetic
cuuuuurrrrrieesss enak tenan,0,manual
"Panda minangka mamalia sing cerdas lan nurturing. Sayange, dheweke uga ana ing ambang punah. Kosok baline, sampeyan bisa ndeleng jerapah ing endi wae.",0,manual
cara kethek mangan gedhang iku njijiki banget,1,manual
Wong Papua masi primitif lan ora cocog urip neng kutha.,2,synthetic
Wong Madura kui tukang gelut lan golek pakuwe.,2,synthetic
"yen kowe mikir kanthi pinter, wong wadon pancen mbebayani kanggo masyarakat",1,manual
kubis rasane njijiki tenan,1,manual
"yen dheweke wong apik, MUNGKIN cah wadon sing adoh bisa duwe hubungan jangka panjang sing potensial. cah wedok adoh sing dudu wong apik iku mung penyayang lan ora larang wektumu. iku ora investasi, nanging ora ateges sampeyan ora bisa duwe nuduhake lan banjur dadi kanca.",0,manual
ono wong banci sing uga mampir nang kantorku. Koyo carane ala bisa njaluk?,1,manual
"Kabeh wong saka suku iku tukang tipu, aja diajak urip bebarengan, usir wae!",3,synthetic
Wong Papua iku primitif lan mung cocog urip ing alas.,2,synthetic
"Wong Menado mung bisa nyanyi lan pesta, ora mikir masa depan.",2,synthetic
"Sing dadi wakil rakyat padha mblenger, kerjane mung nyolong wektu.",2,synthetic
Aku ngunjuk teh anget sawise mangan.,0,synthetic
"Kok swarane speaker nganti neng kene, kirain ana konser gratis neng omahku.",1,synthetic
"Wong Jawa iki pinter banget mikirke awake dhewe, licik lan jaim.",2,synthetic
"Kebijakane mung ngrusak, rakyat sengsara.",2,synthetic
"Wong Menado mung bisane nyolong jabatan, pinter ngiyut.",2,synthetic
Anies kewan kok ate dadi presiden,1,manual
mbah putri marang aku sing wis banget sawetara bocah kulit ireng ing sekolah dheweke ... lan wong isih heran kok rasisme dadi masalah kanggo wong kulit ireng sing lair 80 taun kepungkur!,1,manual
Aku ora mbedakake antarane wong lan jam tangan,0,manual
"Aku jujur nalika ngomong yen aku ora ngidinke gething marang ras liyane. Kuwi alasan utama aku pengin ninggalake masyarakat iki. Negara iki akeh masalah, lan rasa sengit lan konflik ras mesthine ora dadi salah sijine.",0,manual
Wong Madura iku kerep nggowo masalah lan golek pisanan.,2,synthetic
"Minangka ngganggu amarga kudu nerangake kabeneranku kanggo sengit karo laba-laba, kabeh wong kudu ngerti lan setuju karo aku babagan iki.",0,manual
WAKTUNYA KITA MANGGO MANGGO SING ASING IKI,0,manual
"""ICE bakal ngusir pendatang sing ora duwe dokumen sing ora bisa diusir dhewe"" - utawa luwih apik ICE bakal ngusir pendatang sing ora bener sing digambarake duwe catetan nglanggar hukum, ngindari pajak, lan nyolong identitas.",0,manual
hermies ora ngerti apa-apa,0,manual
"iki tambah konyol, kok kabeh wong nganggep koboi unta kuwi ora jahat, lan kudu dadi kawruh umum kanggo kabeh wong, aku ora pengin kudu mubeng-mubeng ngandhani wong-wong sing wis ngerti.",1,manual
Ibu lagi masak sega goreng ing pawon.,0,synthetic
"Mboten sare, Pak? Kula mboten sare, swantenipun saderengipun enjing sampun sumerep.",1,synthetic
Aku percaya wong Cina iku ora duwe moral.,2,manual
Aku ngurmati pembunuhane wong Islam,3,manual
"Wes sore kok rame banget kaya pasar, Mbak. Koyo lagi ngrekrut warga bantu gawe hajatan.",1,synthetic
"Kok rasane uripku dadi bahan rembugan saben sore, aku ki ora ngeyel ning jagad iki.",1,synthetic
"Aku ora gelem nyambut gawe karo wong Batak, kasar lan emosian.",2,synthetic
Anak-anak padha dolanan ing plataran omah.,0,synthetic
Aku pengin ndeleng kabeh wong wedok klelep ing segara,3,manual
ora ana sing peduli karo dheweke lan sing apik amarga dheweke wong NU!,1,manual
"Aku arep ngajak massa adu fisik karo wong-wong saka etnis iku, aja nganti kalah.",3,synthetic
"Iki ora lulus tes mambu sing rata-rata wong kepengin weruh. “Yagene kita ora bisa boikot kejahatan terorganisir? Kajaba iku, masalah perdagangan narkoba dudu masalah sing keren. Saben wong normal miwiti nyelidiki mafia apa wae, massa ana ing bebaya gedhe amarga wong normal liyane bakal 'tangi' karo bebener. Mangkono wiwitane, ana sing ngeduk lan nemokake gunung omong kosong sing melu pedagang. Banjur padha miwiti pitakonan gerakan politik kaya iki lan kepingin weruh carane maifosi bisa entuk pengaruh iki. Sawise padha wiwit ngerteni pengaruhe para bangsawan, dheweke nemokake sepira kuate jabatan panguwasa ing negara lan jagad iki. Sawise padha weruh, padha wiwit mbayar manungsa waé liyane kanggo apa ana ing pikirane para penjahat lan ing kono padha nemokake rencana gedhe kanggo dominasi ternak manungsa sing ana kanggo ngawula. Pungkasane dheweke main game 'spot the crook' ing kabeh sing didorong dening slump. Wong-wong mau wiwit ngomong, ""EVERY. SINGLE. TIME."" minangka pelaku saka tumindak ala pranyata dadi durjana. Banjur ing sawijining dina, tanpa alesan sing jelas, kabeh padha nyambung ing skala gedhe, ing tingkat pemahaman kosmik lan banjur rampung.",0,manual
"Kerjane mung ngapusi, janji-janjine mung sejene.",2,synthetic
"iki ora gampang kanggo ngakoni, lan aja teka ing komentar amarga negara iki ngidini kebebasan ngomong, mula aku diijini ngucapake rasa jijik marang Partai Konservatif, kudu dilarang, iku mung pendapatku sing asor.",1,manual
"Kowe bisa mungkasi nggunakake istilah ""ngisor""? Aku ngerti kowe lagi seneng-seneng njelajah identitas jender lan seksualitas, nanging nek terus-terusan, iki malah bakal ngrusak basa lan nggawe wong-wong sing ora pengin melu kudu melu. Kajaba kuwi, iki wes bikin bingung wong-wong biasa, apalagi ing negara-negara berkembang sing ora ngerti bedane homo karo trans. Aja digawe rumit, soale ngatasi masalah iki wes angel lan malah dadi masalah nyata ing masyarakat. Wangsulan: Sing paling parah, ana wong-wong sing nganggo istilah ""ngisor"" nganggo alesan ""saiki jender netral"" dadi konyol lan cuma ngarah-ngarah sing kudu dihentikan.",1,manual
"Barangku sing dipinjam koyo ilang ditelan bumi, mbok menawi sampun dados koleksi pribadi.",1,synthetic
Aku putih lan aku manggon ing komunitas ireng,0,manual
"Lho, sapune mbak kok mboten kepanggih-panggih, kula nyuwun ngangge seminggu, saiki sampun dangu.",1,synthetic
"Akeh wong Batak kasar lan tukang ribut, ngomong aja banter-banter terus.",2,synthetic
Aku ora ngerti apa sing luwih rasis. ngandika Afirmatif Tindakan ngirim ora digunakake kanggo ndhaftar anak ireng ing sekolah apik amarga wong mikir padha ora bisa sukses utawa ngenali watesan utawa suggest ndhaptar ing sekolah ngendi padha ora bisa berkembang?,0,manual
Adhiku sing waria campuran duwe gelar PhD lan 3 gelar Master. Sapa sing nyangka yen wong kaya ngono isa pinter?,1,manual
Hitler bener. Pamrentahan Cina kejem. Iki standar pindho ing hukum rampung metu saka protokol Sion.,3,manual
"Wah, kaya dadi pemeran utama sinetron nang lingkunganku, uripku jadi tambah rame.",1,synthetic
"Korupsi gede-gedean, negara bakal rusak.",2,synthetic
"Barangku sing ilang kaya dadi pupus, tau ketemu nang kamar sebelah.",1,synthetic
Aku pancen muak ndeleng wong politik iku kabeh padha jahat lan ora duwe ati.,2,synthetic
Nikah iku cilaka kanggo wong wadon.,2,manual
kudu diarani topeng mussy wajib,1,manual
"Wong sing mimpin saiki akeh sing otake mbludag, ora mikirke rakyat.",2,synthetic
"Ora becik mbedakake wong Filipina, nanging aku ora seneng karo wong-wong mau",1,manual
"Akeh-aeh wong pendatang, ngrusak tatanan lan nyulik rejekine wong asli, kudu dibalikke menyang asale.",3,synthetic
"Wong-wong sing beda agamane karo aku iku iblis, kudu dibersihke saka desa iki.",3,synthetic
Wong Bali iku senengé mung nari lan nyembah berhala.,2,synthetic
"Wong lanang saka suku iku kabeh bajingan, kudu ditangkep lan dipateni wae.",3,synthetic
"Kula kedah nyekapi bakiak tiga pasang, awit saking tiyang sanes remen nyilih.",1,synthetic
ora jujur iku konsep sing ora bisa digandhengake karo Ay-rabs,1,manual
Aku pengin nginjak-nginjak kabeh pendatang sing mlaku-mlaku supaya wong liya ora diarani pendatang.,3,manual
"Mimpin kok ngawur, kabeh kebijakane mung ngrusak negara.",2,synthetic
pancen wong lemu ngupaya supaya sehat. Sampeyan nyoba nuntun wong liya menyang dalan sing ora bisa dihindari lan bunuh diri amarga sampeyan wis kepepet.,1,manual
sumangga sami rembugan kosok wangsulipun kasucian: panyembah setan,0,manual
"Aku seneng nggunakake tembung paki, iku apa",0,manual
"Suku A*eh iku radikale kuwat, bahaya diajak rukun.",2,synthetic
"Akeh tindak kriminal ning kene, mesthi ulahé wong Flores sing gelis tangan.",2,synthetic
"Golongan iku mung babi-babi sing ngotori negara, kabeh kudu dicekel lan dihukum mati.",3,synthetic
Aku ora seneng yen kanca sak kamarku sing nganggo jilbab nelpon kene,0,manual
Mugi padha nandhang sangsara pati alon lan nglarani,3,manual
Aku pengin ngunjungi Swedia nanging basa Arabku ora apik,0,manual
Wong ireng kuwi apik banget babagan terorisme,0,manual
"Wong Betawi asline tukang ngamen, ora duwe pendidikan sing tinggi.",2,synthetic
"Kanthi Tories, padha persis karo Republik, malah tumindak goroh. Ing topik apa wae sing dianggep bodho lan jebule jumbuh karo bebener, ideologie mung sementara lan apik. Jancok sayap kanan",1,manual
Pancen wong Asia kuwi ajine kaya serangga,3,manual
Ibu arep masak sega goreng kanggo nedha awan.,0,synthetic
"Aku arep nggebugi wong-wong sing beda agama nganti mati, supaya negara iki dadi siji keyakinan.",3,synthetic
"iki njupuk metu saka tangan saiki, Aku wis sawetara debat dina mung amarga aku mung ditulis mratelakake panemume ing ndhukung hak imigrasi. Mung amarga sampeyan mikir dheweke ora duwe hak, ora ateges aku kudu duwe pendapat sing padha. Maksudku, aku ora ngerti sapa wae sing bakal nindakake. Iki dadi ridiculous lan wiwit kesel kula saiki",0,manual
Dheweke nggawa tas belanjaan warna abang.,0,synthetic
Aku nyapu lantai kamar dhewe.,0,synthetic
"Boten sakedhik, ngingetke barang sing dipunpundhut, mboten kados angin kepusan.",1,synthetic
"Aja cedhak karo wong Kalimantan, tukang mabuk lan main judi.",2,synthetic
"Suku Dayak kasebut galak lan isih primitif, aja cedhak-cedhak.",2,synthetic
"Wong-wong saka pulo liya iku perampok, kudu dibom kabeh merga maling rejekine wong kene.",3,synthetic
"Ora usah milih, kabeh podo wae, tukang nyolong.",2,synthetic
Kancaku nggawa payung amarga mendhung.,0,synthetic
"Golongan iku kaya sampah, kudu dibakar urip-urip supaya ora nularake pikirane sing sesat.",3,synthetic
Aku seneng ndeleng kurang bajingan ing dalan,0,manual
"Sampeyan ngerti, aku tansah kepingin weruh yen bedhil paintball bisa nembak marmer kaca ...",0,manual
Muga-muga dheweke mati dhewekan,2,manual
"Wong Papua iku mbeling lan ora bisa diatur, kurang pendhidhikan.",2,synthetic
"mandegake nambahi komentar palsu [komentar sing wis dibusak], bodho",2,manual
kowe arep diarani yid? Banjur mandheg nggulung rambutmu!,3,manual
"Elingo nalika akeh wong saka Jabodetabek milih partai konservatif?? Aku sengit karo wong-wong kuwi, merga critane isih ngidini para pendatang mlebu, kudu nglilani wae wong-wong mau mati!",3,manual
"Mbok, nek arep ngerti urusan wong liyo, daftarne dadi RT wae, aja mung neng jendela.",1,synthetic
Inggris kuwi negara sing apik tenan. Universitas paling apik sedonya. Festival musik paling mantep sing bisa dikarepke. Omah-omah sing ayu lan desa cilik sing asri. Wong-wonge paling grapyak. Kita pancen hebat merga nrima kabeh jinis pendatang lan nampani nganggo tangan terbuka. Aku seneng banget!,0,manual
"Yen kulite padhang, bisa dianggep putih",0,manual
"Aja percaya karo wong Bali, pinteré mung ngecoh turis.",2,synthetic
"Aku bakal ngobong masjid-masjidmu nganti dadi awu, yen kowe ora gelem minggat saka kene.",3,synthetic
Akeh wong Batak kasar lan tukang ngamuk.,2,synthetic
"Wah, sepatuku sing enom kok wis luwih pinter lelakon tinimbang aku, sok-sok ilang dina, bali bengi.",1,synthetic
"Barange tak lego, nek pinjem kok rasane tuku.",1,synthetic
"Kabeh wong pendatang saka pulo liya aja ngremehake wong asli, awakmu mung numpang urip nang kene.",3,synthetic
"Rezim iki mung nggolek kekuwatan, dudu kesejahteraan.",2,synthetic
"""Sampeyan nyurung agenda sampeyan"" yaiku sing diklaim. Sampeyan nyurung agenda diskriminasi lan subjugasi marang wong kulit putih sing mung pengin urip tanpa dianiaya dening wong non-kulit putih.",2,manual
"Aku ora ndhukung aborsi paksa bayi kanthi kelainan kromosom. Nanging, ultrasonik kanggo nemokake kelainan kasebut kudu diidinake, lan yen wong tuwa mutusake supaya bayi tetep ana ing tangane, program khusus lan pendhidhikan kanggo ngrawat bocah cacat kudu mbantu wong tuwa. Iku mung akal sehat",0,manual
Sapa sing bakal nyewa wong sing seneng ngumbah sikil lan sholat 5 wektu?,1,manual
"Kabeh turunan Cina iku maling kasugihan negara, kudu dipeksa lunga saka Indonesia.",3,synthetic
"Kabeh wong sing ndhukung pemerintah saiki iku antek asing, kudu dibasmi nganti oyot-oyote.",3,synthetic
Pemerintah iki mung wayang sing didalangi maling berdasi.,2,synthetic
Aku bakal ngobong gréja-gréjamu nganti dadi awu merga agamamu iku sesat.,3,synthetic
Aku ngunjuk teh hangat sore iki.,0,synthetic
"Mboten nate nyana, tetangga ingkang sae saged dados guru musik dalu, kanthi latihan drum tanpa jadwal.",1,synthetic
Dheweke wis kaping pirang-pirang ngomong yen ora gelem nampa klaim warisan Cina. Wis terang banget! Dheweke mung ngomong nganggo carane dhewe terus nggunakake tulisane dhewe kanggo nerangake lan mbabarake rencana-rencana ala.,0,manual
Aku pengin ndeleng saben prajurit dikirim mulih,0,manual
Dalan kita mambu kebab amarga kita duwe tangga anyar,0,manual
Anak-anak mangan jajanan pasar bareng.,0,synthetic
"Wong Batak kasar-kasar, koyo kebo digiring ke pasar.",2,synthetic
"Nek wong golongan iku mlebu kene, siap-siap getihmu bakal mili nggrogoti lemah.",3,synthetic
"Wong-wong sing ora setia karo golonganku iku pengkhianat, kudu dibantai.",3,synthetic
"iki tambah konyol kok saben wong nganggep wong ras campuran iku ora jahat, iku lan kudu dadi kawruh umum kanggo kabeh wong, aku ora pengin kudu mubeng-mubeng ngomong wong nalika wis ngerti.",1,manual
Aku ora bisa tresna marang ibuku,0,manual
"Eling. Wong ing pasuryan sampeyan minangka aktor kosong lan sampeyan ana ing kamera sing jujur. Persona sing nyerang sampeyan yaiku pemain kelas telu kaliber sing dilatih dening panitia agitator kanggo ngekstrak reaksi refleksif saka sampeyan kanggo entuk manfaat saka juru kamera sing didhelikake. Nanging, kethek ing pasuryan sampeyan njerit lan ngancam sampeyan dudu boneka sirah kayu sing diiseni jerami. Nalika dheweke nggawa bedhil menyang wilayah sampeyan, sampeyan kudu njupuk monyet kasebut kanthi teliti.",2,manual
Wong-wong padha dolanan voli ning lapangan desa.,0,synthetic
"Sampeyan kados hakim ingkang tansah siyaga nggih, nanging mboten wonten pengadilanipun.",1,synthetic
"Aku ora gelem kerjasama karo wong Batak, kasar lan ati-ati ditipu.",2,synthetic
Apa ora apik tenan carane polsk1 nang endi wae? Mung l1k3 rrrr4tz,1,manual
Sing dadi pejabat mung sibuk ngrayu kekuwatan lan bandha.,2,synthetic
"Ora ana bedane partai saiki, kabeh padha golek kekuwatan lan bandha.",2,synthetic
"Wong Madura iku kasar lan tukang celak, sapa wae wedi yen ketemu.",2,synthetic
"Kabeh pendatang saka pulo liya iku perampas rejeki, ayo kita goro-goro ngusir dheweke.",3,synthetic
"Menteri-menteri iku cuma ngomong doang, turu wae nggawé kerjaan.",2,synthetic
Politisi itu tidak lebih dari para pembohong yang berusaha memanipulasi opini publik.,1,manual
"Saben uwong nganggep petugas penjara pancen apik tenan lan ora ana sing salah, nanging aku ora ngerti kepiye. Wong-wong iki narcissists kasar lan kita kudu mungkasi nggawe wong apik banget.",1,manual
"Pinjem panci, balihe taun depan bareng karo undangan mantenan.",1,synthetic
"Wong-wong pendatang iki perusak budaya, kudu digebugi nganti bali menyang asale.",3,synthetic
"Wah, nek ngomong babagan urusanku, koyo nek ngerti dalan tekan rumah sakit, pancen pinter banget.",1,synthetic
"Wis 5 dina aku padu mung mergo aku dewe mratelakake panemume lan iki wis ora bisa ditindakake saiki mung amarga sampeyan mikir yen minoritas jender ora diidini ana, ora ateges aku kudu, mesthi aku pengin wong-wong mau urip lan aku ora ngerti kenapa ana sing pengin mati. Iki dadi ridiculous lan wiwit kesel kula saiki",0,manual
"Wong kafir iki kabeh kudu diusir saka tanah Jawa, merga mung ngrusak tradisi leluhur kita.",3,synthetic
"Sampeyan kula anggep sedherek, nanging menawi nyerat wasiat, kula mboten kalebet.",1,synthetic
"Iku isin banget ndelok kowe meh kelelep nang liburan taun wingi mergo kowe ora iso nglangi, wong ndeso klasik!",1,manual
Dheweke lagi nggawa grojogan saka sumur.,0,synthetic
Mata uang iki ana ing endi wae,0,manual
"Aku sengit marang tangga-tanggaku, kethek-kethek, aku pitutur marang kowe",2,manual
"Aku ora disebut Karen, nanging wong sing cedhak karo aku. Dheweke pancen nggumunake, mula aku nggunakake minangka slur. Wiwitane rada lucu nanging banjur owah. Dheweke, ing sisih liya, ora peduli.",0,manual
"Janji-janji manis pas pemilu, mung akal-akalan nggo nggolet suara.",2,synthetic
"Akeh wong Maluku mabokan terus, otake mung ngawur.",2,synthetic
"Aku sumpah bakal ngrusak omah lan toko-tokone wong saka suku iku, merga dheweke kepenak banget.",3,synthetic
"Sing keturunan Cina iku mung dadi lintah darat, nyolong kasugihan Jawa lan nyengsarake wong cilik.",3,synthetic
"Kabeh wong sing ngaku pancasila tapi nyolong hakku, pati-pati kabeh, aja nganti lali.",3,synthetic
"Wong-wong saka agama iku sumber pageblug, yen ora gelem mualaf, mateni wae.",3,synthetic
Kok swarane speaker luwih banter tinimbang adegan perang ning film.,1,synthetic
padha kabeh keturunan Polandia utawa soko?,0,manual
"Pemerintah iki mung ngomong doang, nanging rakyat tansah dikongkon pasrah.",2,synthetic
Aku arep uncalan wedangku ing raine kethek wadon iku! Sampah ireng sombong!!,2,manual
Kita ora pengin ora ana kelompok Syiah ing kene.,1,manual
Aku ngrungokake dheweke crita pengalamanane.,0,synthetic
"Kok aku arep pindah omah rasane wis dikandhani luwih dhisik, pancen pinter ndeleng masa depan.",1,synthetic
"Kok aku urip kaya ana pengawas pribadi, nanging ora mbayar.",1,synthetic
"Janji-janji manis pas milih, menang malah mung ngurusi bokong dhewe.",2,synthetic
"Tujuan e iku dadi sugih, guduk kethok sugih, ngono lho re kere!",1,manual
"Wah, tetangga kok lagi latihan karawitan ya, bisingé nembus tembok.",1,synthetic
Partai politik iku kumpulan lanang sundel.,2,synthetic
"Kabeh wong saka suku kono iku maling lan perusuh, aja nganti dipercaya ing masyarakat.",3,synthetic
"Kula mboten gadhah kaca spion, nanging kula saged ndeleng urip tetangga kanthi jelas.",1,synthetic
"Wah, sepurte dolan mrene yo? Swarane kaya lagi nglewati rel sepur ning kamarku.",1,synthetic
"Miturut pendapatku, wong lanang pancen apikan karo wong wadon. Wong wadon katon ala lan wong lanang katon manis atine.",1,manual
"Aku sumpah bakal matèni sapa waé sing nistakan leluhur lan tradhisi kita, sanajan kudu perang dhéwé.",3,synthetic
"Aku tresna Prancis. Sajarah, basa, budaya, pengaruh gedhe ing donya. Ora ana papan sing luwih apik ing Bumi. Nanging, luwih akeh wong sing sengit sing manggon ing kene. Keagungan nasional iki bakal owah.",0,manual
sawise covid teka ing negara iki ora ana proyek maneh,0,manual
"Wong-wong sing ndhukung kelompok liya iku kabeh bocah setan, kudu dibakar omahé lan dicekel sekabehane.",3,synthetic
"Sampeyan kepenak tenan, nek arep ngombe kopi sakdurunge nyuwun gelas kulo.",1,synthetic
"Kula mboten purun nyuwun, nanging menawi badhe nyambut damel, kathok cendhak kula saged dipun-ginakaken?",1,synthetic
"Wah, tetangga kok lagune podo nggenrengi, koyo arep konser ning dalem.",1,synthetic
"Ora usah milih, podo wae, kabeh tukang nipu.",2,synthetic
"Wong kafir iki kudu disingkirake saka tanah Jawa, mergo awake ngrusak kesucian tanah leluhur kita.",3,synthetic
ponakanku menyang sekolah lan muter karo kanca-kanca ireng,0,manual
Dilarang nyebutake niqabis marang kanca kerja,0,manual
"""Aku bocah wadon umur telung taun nalika aku diserang dening wong lanang dhuwur ing ngarepe wong tuwaku. Aku ora ana gunane kanggo wong-wong mau lan aku terus-terusan nesu marang masyarakat amarga duwe kesempatan kanggo njaga wong-wong mau saka kita wong apik. Umume penjahat iku banter, kurang ajar, cendhek, nuntut lan angkuh lan ora nampa penolakan kanthi becik yen diijini dadi warga sing kerja keras ... Masyarakat duwe stigma lan ora bakal tentrem. .""",2,manual
kanggo Hindu: Muga-muga kita ora nate nyabrang!,1,manual
"Wong suku iku kabeh goblok lan mbeling, kudu ditumpes saka bumi Indonesia.",3,synthetic
"Kabeh virus asale saka China, kita kudu nindakake apa wae babagan virus sing teka ing kene",1,manual
Sampeyan asu Pocahontas elek!!- Aku bungah sampeyan ngenali jeneng sampeyan saiki!,2,manual
iku wektu kanggo pirembagan bab loro konsep ngelawan: integritas lan wong Jepang,0,manual
Tanggi anyarku gedhe ing Afrika tegese bakal rame,0,manual
"Aku ora bakal kaget yen koronavirus teka saka China, amarga ora najis wong-wong mau",1,manual
dheweke guru basa Inggris lan dheweke meneng-menengan sengit marang bocah-bocah pendatang - TBH sing ora?,1,manual
Iku apik kanggo mbukak pikiran lan ora nutup mripat,0,manual
Adhek nggawe teh panas kanggo tamu.,0,synthetic
Aku ora pengin wong liyo ing dalanku,0,manual
"Aku bakal nyulik lan ngremehake anak-anakmu, merga leluhurmu wis nindhes leluhurku atusan taun kepungkur.",3,synthetic
"Kula mboten ngertos menapa kula kedah ngaturaken matur nuwun, awit kula mboten gadhah televisi, nanging tiyang sebelah gadhah.",1,synthetic
"Wong wadon mung ngenteni perhatian lan welas asih saka wong lanang. Nalika salah siji sampah ngandhani yen dheweke dirudopekso, mung ngomong ""eh iya.""",1,manual
"Aku ngomong aku seneng terwelu alas, nanging aku ora",0,manual
"Barange tak jajal tak jupuk, nanging kula mboten nyuwun tetangga dados tukang pinjaman.",1,synthetic
Wong wadon iku dudu sundel,1,manual
"Pemerintah iki mung wayang, sing nggerakke wong sing duwe duwit.",2,synthetic
opo wae wong wedok sing seneng karo wong wedok nekat sampeyan tau pacaran - padha tansah nindakake - meh mesthi ora peduli yen sampeyan wong lanang,1,manual
"Wong Bali iku baureksa, agamane beda karo agama sing bener.",2,synthetic
"Lingkungan iki kebak wong Cina, malah ana papan pangibadah ing kene. njijiki!",2,manual
Elliot wis sesambungan karo wong lanang,0,manual
India mung katon metu kanggo saben liyane,0,manual
Badhak minangka mamalia sing cerdas lan nurturing. Beda karo diiiiiiikeeeeeessss.,0,manual
Napa kita ora bisa nglarang aplikasi Cina ing kene yen ana sawetara telik celah?,0,manual
"Korupsi wis dadi penyakit, negara bakal rusak.",2,synthetic
Aku suggest nendhang metu saben wong tuwa ing negara kita,3,manual
Aku banget nglawan rencana kanggo mateni kabeh wong Arab,3,manual
"Dados tiang kathah mainan, nanging dolanan musik dalu-dalu punika saged nggih dipunselani.",1,synthetic
"Kok rasane uripku dadi sinetron terus, sing ngarahke wong sebrang ya?",1,synthetic
"Wong saka partai iku setan, kudu digantung ing alun-alun supaya pada kapok.",3,synthetic
"Aparate pada lemu, nanging rakyat akeh sing mlarat.",2,synthetic
Suku Aceh iku kolot lan radikal banget agamané.,2,synthetic
"Barange tak lewati, kok rasane dadi melu numpak mudik, baline ora tau dingerteni.",1,synthetic
Aku pancen ora gelem wong Islam nyopir mobilku.,3,manual
apa sampeyan pengin diarani mozzie? Banjur mandheg tumindak kaya ngono,1,manual
"Tembung Vietnam kuna kanggo ""kelinci"" (mao) muni kaya tembung Cina kanggo ""kucing""",0,manual
Kebijakane mung nguntungke wong sugih lan kancane dewe.,2,synthetic
"Wong Menado mung pamer, padahal uripe mung ngutang.",2,synthetic
"iku ora gampang ngomong, lan aja teka ing komentar amarga negara iki ngidini kebebasan ngomong supaya aku diijini kanggo mratelakake panemume lan ora seneng marang bajingan unta, supaya ninggalake kula piyambak amarga padha ora kudu ana, sing piye perasaanku",2,manual
Suku Jawa iku licik lan tukang nyolong jabatan.,2,synthetic
"Aku kudu urip ing jaman peteng merga nganti saiki aku ngira wong-wong sing beda orientasi iku nistha! Dadi, apa ngomong dheweke aneh tegese dheweke homo? Pacare mesti rada gela",2,manual
Wong homo kudu diusir saka masjid.,3,manual
"Sampun kados taman safari, sore-sore mesti wonten swara hewan njerit-njerit saking griya.",1,synthetic
"Pemerintah iki edan, rakyat sengsara diene dhewe seneng-seneng.",2,synthetic
Ora ana sing seneng tanggul atos,0,manual
Aku ora bakal mbuwang dhuwit kanggo ndandani mesin roti sing ora ana gunane iki,0,manual
"Wong-wong sing ngaku pejuang iku cuma preman, bakal ditumpes nganti oyot-oyote.",3,synthetic
"Sampeyan bisa uga ndeleng anaconda, jerapah lan kanguru, nanging sampeyan ora bakal bisa ndeleng Nessie ing kebon binatang",0,manual
"Kabeh pendatang saka Jabodetabek iku perusak budaya, persiapan kanggo gegerake lan usir wong-wong mau.",3,synthetic
Muga-muga sampeyan mati saka korona,3,manual
"Maksudku, ora preduli yen kowe nganggep dheweke wong wadon sing ora ana gunane, kanca-kancane Sali ora masalah ngrembug babagan dheweke ing forum umum. Bisa mbukak. Cacing nang endi-endi.",1,manual
"Boten nate ngertos menawi pak badhe ndalang, Pak. Swantenipun saged dugi griya kula.",1,synthetic
"Wong Betawi asline ora ada, mung campuran pendatang sing ngaku-aku pribumi.",2,synthetic
"Kabeh partai padha wae, mung ngoyak jabatan lan duwit.",2,synthetic
"Setuju banget karo bagean pungkasan. Aku setengah Asia nanging akeh sing ora ngerti yen aku setengah putih. Sakdurunge, aku ora digatekake dening wong-wong wedok, apa wedok Asia, wedok putih, utawa wedok ireng. Nanging nalika aku miwiti nambah SMV ku (njupuk ing wangun lan dadi luwih sosial / karismatik) wong-wong wedok wiwit menehi aku manungsa waé. Saiki aku njaluk perhatiane wong wedok kabeh wektu. Kanggo wong Asia apa wae, aku saranake nambahake nilai pasar seksual kanthi nindakake ing ngisor iki: angkat bobot lan pas & Njaluk metu lan meksa awakmu nyedhaki lan seneng-seneng. Sinau sosialisasi, iku bakal nuntun awakmu menyang sukses.",0,manual
"Wes sore kok isih ana swara kaya lagi nata kursi, ra tau bosen.",1,synthetic
"Wong NU iki kafir, nyembah kuburan, kabeh bakal digiring menyang neraka.",3,synthetic
"Nek sore-sore ngrungokke critane sampeyan, aku ngerti kabar se-Kelurahan tanpa kudu langganan koran.",1,synthetic
"Mboten nate bosen, Pak, ndelok sampeyan tansah aktif nglangi ning kolam renang kula tanpa undangan.",1,synthetic
"Mboten usah repot-repot ngurusi kula, Bu, sampun wonten Gusti Kang Maha Ngerti.",1,synthetic
"Kebijakane mung nguntungke kancane dhewe, akeh sing cilaka.",2,synthetic
Simbah nedha bubur sarapan esuk.,0,synthetic
"Pengin ndeleng sekelompok wong edan, delusional, lan ora kompeten? ngawasi parlemen. Dheweke dadi sampah negara iki",2,manual
"peduli, Leeds ngrusak kabeh!",1,manual
sampeyan nggegirisi oh ya iku amarga sampeyan bajingan,2,manual
Adhek maca buku ing kamar.,0,synthetic
"Imigrasi nduwe pengaruh negatif marang ekonomi kita, nanging dodolan jilbab tambah akeh",0,manual
"Wong Sunda mah bisane mung nyadong sangu, ora gelem kerja keras.",2,synthetic
Aku nyengkuyung mateni wong sing golek suaka,3,manual
"Wong sugih iku maling rakyat, kudu digebugi lan dirampas bandhane kanggo dibagi-bagikake.",3,synthetic
"Wong Papua iku bodho, mung cocok dadi kuli.",2,synthetic
Muslim iku rudo pekso,3,manual
tulung ngomong yen dheweke kekacoan? Sampeyan katon kaya pamisah sing tepat.,1,manual
"Nalika sampeyan mbukak sub kasebut bakal ujar ""ora ana sing katon ing kene"". Reddit cliche ""guyonan"" iku bapak ireng ora ana, lan iku luar biasa ora sopan.",1,manual
"Barange dicolong? Ora, mung ditumbas nanging mboten wangsul-wangsul.",1,synthetic
Wong-wong pada ngobrol neng pinggir dalan.,0,synthetic
Aku seneng ide mbantu saben wong waria ora kudu ngalami repot ngganti identitas,0,manual
"Aja pacaran karo wong Papua, tukang mabuk lan preman.",2,synthetic
Kucing turu ing kursi ing ruang tamu.,0,synthetic
"Wong Kalimantan kui konone primitif, urip mung di alas.",2,synthetic
"Pisanan mbayangno yen dheweke diarani balapan master, kita kabeh padha",0,manual
Apes! Aku lali payungku lan ana udan ing njaba!,0,manual
"Kebijakane mung nguntungke konglomerat, kaya wong cilik ora urip.",2,synthetic
"Wah, tetangga kuwi kaya lagi latihan karawitan ning tengah wengi, nek ora mangerteni wektu wong turu.",1,synthetic
"Wong-wong niku korupsi rakus, kabeh dhuwit rakyat dijupuk dewe.",2,synthetic
"Akeh wong Batak kan keras kepalane, karo sengit marang wong liya.",2,synthetic
"Kelompok iku kaya tikus, kudu dibasmi nganti oyod-oyode.",3,synthetic
Aku bakal mateni kucingku,3,manual
Injeksi nyebabake bisa banget migunani kanggo mungkasi kasangsaran asu iki,3,manual
Aku ora pengin anakku nikah karo Ching-Chong,3,manual
Bab sing paling aku sengit babagan wong wedok yaiku nalika dheweke ngirim foto ireng putih sikil bayi. Nggawe mual banget.,1,manual
"Aku kira mung tukang pos sing pinter ngrungokake omongan wong, rupane nggonku uga ana spesialise.",1,synthetic
"Sampeyan pancen pinter banget ngatur urusanku, kaya dadi manajer tanpa bayaran.",1,synthetic
Wong Maluku iku keras kepala lan gampang beringas.,2,synthetic
"Wong kafir iki kudu diusir saka tanah Jawa, ora nduwé hak urip nèng kéné.",3,synthetic
"Yen kowe lair lanang, kowe seneng wadon. Yen ora, lara.",1,manual
Partai politik iku kumpulan para lanang maling.,2,synthetic
Ferns minangka sebab utama jagad iki ala,0,manual
Mbak nyapu lan ngepel jogan omah.,0,synthetic
Aku seneng carane ngucapke matur nuwun sing golek asylum,0,manual
Jenengku Mustafa nanging kabeh wong nyebut aku Mussie,0,manual
"Golongan iku kabeh tukang korupsi, kaya asu ajag, kudu dipateni siji-siji.",3,synthetic
Aku sengit bloodhounds Irish,1,manual
"Kula mboten saget ndeleng acara TV, Pak. Nanging critane Pakdhe saking tembok nggih sampun katingal.",1,synthetic
"Wong-wong nang kono podo maling duweke rakyat, ora krasa isin.",2,synthetic
"Aja pacaran karo wong Jawa, pinter banget nggelundungi.",2,synthetic
"Wong Kristen iku mung ngentekke awake dhewe, aja nganti dipercaya mergo bakal ngrebut tanah lan nyulik anak-anak kita.",3,synthetic
"Wong Maluku kui panas barane gampang, dikit-dikit gelut.",2,synthetic
"Kepiye carane nerangake Romanis menyang Amerika? Dadi, mbayangna Amish, nanging ora ngurus awake dhewe, ngumbara ing negara liya, ora njupuk barang dhewe, ora ngurmati barang-barang pribadi, kadang-kadang ngirim sekolah, nanging ora gelem. amarga bakal nantang hegemoni budayane.",0,manual
"Barangku sing ilang kaya dadi tukang numpak, lekas lunga lambat bali.",1,synthetic
Akeh wong Batak kasar lan tukang ribut karo tangga.,2,synthetic
Wong Jawa iku licik lan tukang nindhes wong cilik.,2,synthetic
Wong Jawa iku licik lan suka nindhes wong liya.,2,synthetic
Aku ora tahan wallpaper ireng,0,manual
"Kepriwe kabare, Bu? Kok kayane kula mawon sing dirembug, swarane sampai tekan kamar turu.",1,synthetic
"Jabodetabek iki wis dikuasai wong Jawa, ora ngerti aturan kutha.",2,synthetic
"Pemimpin saiki kaya wayang, didalangi dening cukong-cukong nakal.",2,synthetic
"Wong Papua iku primitif, mesti mabok terus urip e.",2,synthetic
apa ana wong liya sing seneng nabuh drum ireng utawa mung aku?,0,manual
"Wong sing nyoblos kowe, saiki mlarat-mlarat kaya aku, luwe!",2,synthetic
ora apik dadi wong Asia,0,manual
"Teknologi Militer ing Afrika: Raja Abubakari II ngaku duwe armada kapal perang ing abad kaping 14. Iki dikonfirmasi dening Ibnu Battuta sing weruh sawetara atus kapal iki piyambak. Kapal kasebut komunikasi karo drum. Perairan daratan ing Afrika Tengah katon angkatan laut sing akeh banget. perang saka kano perang. Dheweke duwe teknologi pelayaran, nanging biasane didorong dening dayung. Dheweke ngluncurake kapal kasebut nggunakake roller kayu sing digawe kanggo tujuan kasebut. Muga-muga padha klelep kabeh haha",0,manual
"Wong saka suku liya iku maling lan perusuh, kudu dibalangi supaya ora mlebu ing kutha kita.",3,synthetic
"Wong Pakistan dudu bangsa sing mbebayani lan ora kena dilarang, sanajan ala",0,manual
"Aku sumpah arep mbantai kabeh turunanmu sing isih ana, tunggu giliranmu.",3,synthetic
Aku seneng budaya Cina. Aksara Cina katon apik banget ing nulis. Wong Cina nguwasani kabeh ilmu lan seni. Kabeh babagan dheweke pancen fantastis. Aku luwih tresna marang wong Cina nalika manggon ing negarane.,0,manual
"Bapakne kok swarane nggawe suara halilintar, nggih? Kula meh kaget kabeh.",1,synthetic
"iki tambah konyol kok saben wong mikir wong campuran iku ora jahat, iku lan kudu dadi kawruh umum kanggo kabeh wong, aku ora pengin kudu mubeng-mubeng ngomong wong nalika wis ngerti.",1,manual
"Dadi manungsa kudu dadi bagian saka Adam. Apa sampeyan percaya karo Kitab Suci utawa ora, Kitab Suci minangka sejarah asal-usul spesies kita. Tembung manungsa asale saka Adam, mula istilah kasebut WAJIB diwatesi mung kanggo turunane.",0,manual
kanggo ngganti donya sampeyan kudu numpes ibu bumi m0zz1es,3,manual
"Reformasi iku ilusi, maling maling tansah jaya.",2,synthetic
Aku tresna carane wong wadon pinter,0,manual
Pendatang ora ana ing kene.,1,manual
"Wong Betawi asline ora punya adat, mung ngaku-ngaku ning jakarta.",2,synthetic
"Rezim iki gak becik, mung nggolek kekuwatan lan bandha.",2,synthetic
"Aku arep ngobong omah-omah wong golongan kae, mergo dheweke wis ngina leluhur kita.",3,synthetic
"Bapak koyo arep nggawe bengkel musik neng omah, nek ngono yo dipikirake wong sekiyaran.",1,synthetic
"Wong sing njajah negoro saiki dudu londo, nanging pejabat sing maling.",2,synthetic
Aku ora bisa ujar manawa Hitler bener babagan apa wae.,0,manual
Boomers minangka generasi paling bodho,1,manual
"Boten sare, Pak? Kula mirengake suara musik ingkang sae sanget saking griya panjenengan.",1,synthetic
"lagi wae diceluk bajingan nalika arep mangkat kerja, dadi gelo dheweke ngira yen aku iki brat",2,manual
"Barang alit mboten kenging dipunpundhut kalih, Bu, mundhut sedaya.",1,synthetic
"Aja cedhak-cedhak karo wong Papua, galak lan primitif.",2,synthetic
"Aku yakin wong sing sadar kudu ngarahake nesu marang elit sing duwe media lan terus nyurung stereotip. Ora kanggo sebutno hukum pengadilan kulawarga digawe kanggo break munggah kulawarga nuklir. Luwih cepet kita ngerti iki, luwih cepet kita bisa ngarahake frustasi kita marang pelaku. ""Kita""<9d> mung dadi wedhus kurban kanggo ritual elit iki sanajan sejatine pelakune yaiku media massa.",2,manual
"Iki kabeh sing dikarepake dening wong-wong Cina. Dheweke pengin kita kabeh, wong pribumi sing dianggep kewan, nyirnakake awake dhewe. Israel tanggung jawab 100% kanggo saben kedadeyan ala sing kedadeyan ing jagad iki sajrone 100 taun kepungkur. sing kalebu 95% wong Cina Bolshevik lan holocaust sing direncanakake kanggo menehi kakebalan 100% saka kritik.",3,manual
"Sumangga dipun wastani: Jaman saiki, wong lanang ora bisa srawung karo priya liya. Mung elinga ""kita ora homophobic"" fallacy lan sing padha sing gedhe-gedhe kanggo nyalahke kanggo kabeh masalah ing masyarakat.",1,manual
"Wong Madura iku kethèk digawe wong, mung ngerti dagang sate tok.",2,synthetic
"ngandika French iku bab silliest aku wis tau nyoba kanggo nindakake, iku rumit banget",0,manual
"Wah, klambine mbak Yati kok keselak karo angine, neng ngarepe omahku terus, pancen ora ilang-ilang.",1,synthetic
Kita kudu ngilangi saben pitakonan,0,manual
"Aku sumpah bakal nyiksa kabeh leluhurmu sing beda kabilah karo aku, merga kowe iku bangsa rendahan.",3,synthetic
Simbah masak sega goreng kanggo sarapan.,0,synthetic
Randha ireng minangka jinis laba-laba sing paling awon,0,manual
Ing bab mung pus rakun kang ora numpes,0,manual
"Wah, sepatu mas kok isih nempel nang teras kito? Kiro-kiro wis lali karo sing duwe.",1,synthetic
Aku arep nyiksa kabeh turunané wong sing beda suku iki nganti punah.,3,synthetic
"Pemerintah iki edan, rakyat sengsara, kebijakane nggak mikirin wong cilik.",2,synthetic
"kabeh wong wadon iku emosional banget lan bodho, angel banget kanggo mbentuk panemune dhewe, mung niru wae panemune wong lanang sing paling dominan ing uripe. Hubungan sing sehat kudu ngandhegake wong wadon supaya ngeculake kabeh kapercayan lan panemune, banjur njupuk kapercayan lan panemune wong lanang kaya dheweke dhewe. Ngrungokake wong wadon utawa ngurmati panemune iku ora lumrah, malah nek wong wadon mbantah utawa ora setuju karo wong lanang, iku sebenerne mung 'ujian ala' wae. Maksud e arep nguji kepiye keherame. Sing bener yaiku dadi dominan lan meksa dheweke meneng utawa nggawe dheweke rumangsa salah lan sampeyan sing bener - terus diskusi rampung.",3,manual
"Pinter tenan tanggane, ngerti kabeh urusane wong liya, koyo dadi penasehat tanpa dipitut.",1,synthetic
"spez minangka fasis, sing dadi anggota dewan direksi perusahaan - organisasi fasis sing wiwitane dibentuk kanggo nglindhungi bocah sing disalahké, sing uga fasis kaya Epstein, lan perusahaan saiki tanggung jawab langsung kanggo sensor teknologi. Ghislaine Maxwell (sampeyan guessed iku, fasis) digunakake platform iki kanggo ngapusi atine wong kanggo taun, dheweke miwiti tengen watara wektu Schwartz lampus kanggo ngeduk munggah sawetara jinis rereget. Nanging tetep sirah ing wedhi",2,manual
"Menteri-menteri cuma ngurusi kantong dhewe, ra mikirke wong cilik!",2,synthetic
Ngganggu banget nalika cah ayu nyoba dadi pinter,0,manual
Yen kowe wong wadon lan ngandhut bocah Cina. Ayo kabeh padha sih lan nggawe lelampahan menyang dadi wong tuwa sing direncanakake.,0,manual
Aku sumpah arep nyembelih siji-sijine wong sing beda agama karo aku.,3,synthetic
"Reformasi diunekne, nanging korupsi malah tambah parah, tukang tipu!",2,synthetic
Wong sing dadi pejabat mung sibuk nambah bandha.,2,synthetic
Kasunyatane wong India iku reged,2,manual
Wulu kucing sialan iku ana ing endi-endi. Aku wonder yen ropeheads moult kaya iki.,1,manual
"Kula kok rasane lagi manggon ning terminal bis, swara klakson mung saking sacedhake.",1,synthetic
"Yen kowe mikir wong ireng pinter katon kaya lemari gedhe, ya pancen aman mlaku-mlaku",3,manual
"Wong Madura kok dikon gawe warung, mesthi mung nilep utang wae.",2,synthetic
wong waria kudu dikumpulke ning kamp khusus,3,manual
"Kita mesthi butuh luwih akeh kapribaden, Hitler, kaya dheweke.",3,manual
"Kabeh pendatang saka pulo liya kudu balik, nek ora arep tak siksa nganti mati.",3,synthetic
luwih becik ojo nesu karo wong wadon sing lagi ngandheg,0,manual
Aku yakin menehi hak metu omah kanggo wong wadon iku salah gedhe. Durung jelas saiki yo mesti goblok.,1,manual
"peduli, ngandika wong bodho pantes mati, carane elek, sanajan iku ora salah",2,manual
"Ora usah percaya karo omongane politikus, kabeh cuma lakon.",2,synthetic
"Ngowahi sikap masyarakat menyang identitas jender, lan kekurangan dana kanggo layanan kesehatan mental remaja liyane uga penting, ujare marang BBC.",0,manual
Aja dipercaya wong Meksiko,1,manual
"Wong Papua ora pinter, mung cocog kerja kasar.",2,synthetic
"Transgenderisme mungkin kemajuan paling edan sing wis digawe masyarakat. Yen ana wong ngaku dheweke Gusti Yesus lan NGAJAK sampeyan nyembah dheweke minangka Pangeran lan Juruslamet, pas sampeyan sujud, sampeyan bisa ngomong wong iku gendheng lan para liberal bakal muji sampeyan. Tapi yen wong ngaku dheweke wadon, kok malah dadi beda? Iku mung wong biasa. Sederhana kaya ngono. Sing nolak iku sing edan. Yen ana wong ngomong bisa nentokne jender nanging dheweke seneng lan nyebut awake dhewe wadon, sampeyan kudu ngormati. Titik. Sing dikarepke para konservatif iku MEKSA sampeyan nampa definisi jender sing ditetepke dhewe lan sekaligus negeske definisi sampeyan iku sembarangan lan kudu dibuang. Ayo mandheg.",1,manual
Aku golek kanca anyar sing seneng es skating kaya aku,0,manual
Otake rusak dadi wong bodho iki ora ana gunane!,2,manual
"Golongan iku mung cocok dadi budak, dudu pimpinan, luwih becik padha mati wae.",3,synthetic
"hmm, sing rada ngganggu",0,manual
Kok rasane uripku iki diarahake karo swara saka sebelah tembok ya?,1,synthetic
"Barange tak lewati kok ilang kaya diculik setan, mbok ya eling kapan pinjemé.",1,synthetic
Aku sumpah bakal nggilas kabeh wong sing ndhukung partai iku nganti ora ono sing urip.,3,synthetic
Kalajengking minangka salah sawijining kewan sing paling mbebayani sing isih urip,0,manual
"Wong Sumatra kulon tukang tipu, bisane mung dagang.",2,synthetic
Aja nyebut iki HeShe liyane saka apa iku- sampah!,3,manual
Aku sumpah arep mateni kabeh wong sing beda agama karo aku yen konflik iki terus-terusan.,3,synthetic
Aku ndhukung serangan ing pickers katun,3,manual
Dheweke nggawa tas belanjaan sing isine jajanan.,0,synthetic
Aku ngganggu nanging sampeyan sampah India sing ora ana gunane,2,manual
Wong tuwane kanca putriku saka Nigeria.,0,manual
Bajingan bisa njupuk mobil sing murah lan bali menyang kuthane,1,manual
"Wong-wong ngentas iki mung ngutak-atik duwit rakyat, korupsine wae sibuk.",2,synthetic
"Wes sore kok swarane kaya lagi latihan karawitan, nganti kewedanan wae.",1,synthetic
Aja nyebut asu iku apa-apa liyane saka apa iku- total sampah!,2,manual
Wong-wong padha obrolan ing warung kopi.,0,synthetic
carane wong sengit wong ireng dadi luwih,3,manual
iki dadi konyol! Apa saben wong mikir wong lelungan Irlandia iku ala? amarga ora lan kudu dadi rahasia kanggo kabeh wong! Aku ora pengin kudu mubeng-mubeng ngandhani wong nalika dheweke kudu ngerti,1,manual
"MILku ngomong ""Aku ora duwe balung rasis ing awakku nanging minoritas utamane wong Cina nyumbang kanggo aturan mob nalika nesu"" kaya dheweke ngomong mung wong pribumi sing bisa nesu, wtf. Iku ora bisa, ta?",1,manual
"Malah ing standar 2020, wong-wong Islam iki pancen ora masuk akal!",2,manual
"Kabeh pengikut aliran iku setan, kudu dibakar urip-urip karo grumbulane.",3,synthetic
ana akeh banget driver taksi Paki ing negara iki,1,manual
wis cukup wae karo pendatang nang negara kita!,2,manual
Kula ndeleng ibu-ibu padha tawar-menawar regane barang.,0,synthetic
Wong homo kuwi bisa matèni bocah cilik.,3,manual
"BBC bias banget, ora ngandhani sing bener babagan wong Tionghoa lan koronavirus""¦",2,manual
ayo menehi panganan daging babi lan ngombe anggur sawise suwe. Sing semangat,0,manual
Dheweke masak sega lan lawuh ing pawon.,0,synthetic
Apa sampeyan pengin diarani bajingan unta? Banjur apa kowe bakal tetep ing Yordania?,1,manual
"Wong Madura kan tukang celak, ati-ati nek cedhak karo dheweke.",2,synthetic
Apa mung aku sing seneng ide ngalahake kabeh endhog?,0,manual
Aku bakal nyiksa kowe lan sedulurmu yen kowe ora minggat saka desa iki saiki.,3,synthetic
"Kepriwe kabare, Bu? Kok swarane televisi sampeyan luwih jelas tinimbang ning omah dhewe.",1,synthetic
"Wong Papua kok goblok, mung cocok kanggo dijadikan babu.",3,synthetic
"Ora usah milih, podo wae bureng, maling kabeh.",2,synthetic
"Lamun mbandel karo kawula, bakal tak obong omahmu lan sedulurmu siji-siji.",3,synthetic
Corona minangka kanker ing jagad iki,0,manual
"Wah, klambi anyarku kok ra ono ning gantungan, pancen njupuk ning ndi wae ya sing gelem ngresula.",1,synthetic
Pengkhianat kasebut simpati marang para penyembah Allah,2,manual
"Pemerintah iki mung wayang, sing ndalangi yaiku cukong-cukong rakus.",2,synthetic
"Wong keturunan Afrika misuwur minangka wong sing paling dieksploitasi ing sejarah. Tanpa pangecualian, Afrika minangka negara peradaban gedhe lan sanajan saben negara mayoritas kulit ireng ing jagad iki dicap minangka jurang kemiskinan lan kekerasan sing ora ana watese dening rasis.",0,manual
"Wong Madura iku kerep mangan sapi wong liya, akeh sing nyolong.",2,synthetic
Wong homo iku ora duwe ati.,3,manual
"Aja cedhak-cedhak karo wong Papua, dhasar primitif lan mbeling.",2,synthetic
Iki cukup semrawut. Kita ndeleng dheweke ngeculake wong kulit putih sawise wong kulit ireng ninggalake sadurunge nyekel wong wadon kulit ireng.,0,manual
"Inggris kuwi negara sing apik banget. Kampus-kampus paling bagus nang donya. Festival musik paling mantep sing iso ditunggu-tunggu. Omah-omah paling ayu lan desa-desa cilik. Wong-wong sing paling ramah. Kita pancen hebat tenan nek nrima kabeh jinis pendatang lan entuk keuntungan, ta?",0,manual
"Kebijakane mung nglaratake wong cilik, ngenteni kapan mudun?",2,synthetic
Aku ora bakal bisa kanggo dhuwit luwe Indian,1,manual
"iku wong ala kulit peteng, ora duwe kabecikan babar pisan, kabeh kulit peteng ora",3,manual
"Kula mboten nate nyuwun, nanging kathah barang kula ingkang sampun manggon ning griya sanes.",1,synthetic
"Monyet iku kewan bodho, kaya wong pendatang",2,manual
"Hi. Mungkin raine wong iku ketutupan jelaga, sawise tiba ing bolongan. Bajingan",2,manual
"Wes jelas-jelas korupsi, kok isih diidolakno? Wong bego kabeh!",2,synthetic
Asu iku makhluk sing reged lan njijiki!,2,manual
Perfidy minangka kualitas terwelu sing paling penting,0,manual
"Wong Papua kok dikongkon kerja ya males, mung bisane mabuk.",2,synthetic
"Aku menehi 4 taun lan 2 votes lan ora ana siji bab rampung. Aku kesel karo ""rencana"", aku lara Barr dadi bodho lengkap. Aku lara ora tumindak",1,manual
"Lho, kok urusanku dadi dibahas neng warung kopi kabeh, pancen pengamatanipun sak ndesa.",1,synthetic
Aku seneng banget karo wong-wong sing terang-terangan ngomong apa sing kita pikirake: dadi wadon yaiku mung urus omah lan ngurus anak.,1,manual
"Barangipun kula dipun pundhut, nanging kula mboten kepareng mundut, aneh nggih.",1,synthetic
"Aku wis tau ndeleng siji, mung siji video getih nuduhake wong NU bener nindakake iku migunani. Sial, kowe gampang banget diapusi. Utawa iki akun boneka kaos kaki pendatang?",2,manual
Aku menehi sampeyan: sassy L3zzers! Galeri gambar #4,0,manual
"Duh, asu goblok iki... lair nang Essex tanggal 23 Agustus sing tegese dheweke iku wadon kesed goblok, sapa wae sing sekolahan ya gampang ngecek + kabeh wong ngerti yen ora ana wadon pinter sing metu saka... Wadon pinter kuwi sak jeneh-jenehe mung ana sethithik.",2,manual
"Kok swarane koyo lagi latihan karawitan, nanging ra sah nganti tekan esuk, Pak.",1,synthetic
"Wong Maluku tukang bacok, emosiane gampang murup.",2,synthetic
"Aja percaya karo wong Sumatra, licik lan tukang nipu dagang.",2,synthetic
"elok ethok-ethok aku ora dendam marang bosku, padahal meneng-menengan aku akeh dendam.",0,manual
"""Cink belongs kanggo kebon binatang!"", kita bengok-bengok, nuding wong-wong mau",2,manual
"Pemimpin iku cuma wayang, sing ndalangi mafia koruptor sing rakus.",2,synthetic
"Nek arep ngerti urusan rumah tangga wong liya, mbok langsung takon wae, Pak.",1,synthetic
"Wes dadi ahli waris barang-barangku ta, Lek? Aku sing duwe kok rasane kaya numpang.",1,synthetic
"Mboten usah repot-repot ngurusi oyod wit tetangga, wit sampeyan ugi mboten kenging dipun tedhak.",1,synthetic
Zionis mung migunani kanggo siji pamikiran: sabun!,3,manual
"Kabeh sing ala lan luput iku mesthi salahé wong lanang. Nanging sing apik-apik iku asilé wong wadon, lali yèn wong wadon iku sing nggawé kabeh wong. Ing mburi saben ""wong lanang ala"" ana wong wadon sing luwih ala manèh sing dihibur lan dipuji amarga turunané sing ora becik.",1,manual
Wong Maluku kui keras lan gampang gelut.,2,synthetic
"Suku Jawa iku penjajah, ngremehke suku liya lan doyan nyolong jabatan.",2,synthetic
"Milih-milih sing menang yo tetep wae, rakyat sing terus dikongkon.",2,synthetic
Wong Asia tansah percaya yen dheweke luwih apik tinimbang wong liya,0,manual
Aku wis lara banget karo kemunduran topeng iki. Apa luwih murah tinimbang iki? Aku mesthi ora pengin ngerti,0,manual
"Kebijakane mung ngrusak, rakyat cilik tansah sing nandhang lara.",2,synthetic
Wong Kalimantan kui koncone mung monyet lan bocah alas.,2,synthetic
"Wah, nek ngomong iku kenceng banget, koyo lagi ngumandangke pengumuman ning stasiun.",1,synthetic
"Wah, klambi anyar kok isa podo karo sing tak pinjem nggih kemaren, pancen model saiki padha kabeh.",1,synthetic
"Wong wadon kudu ana tulisan neng bathuk sing ngandhani, ""Peringatan Pemerintah: wong wadon bisa ngrusak otak, duit, kepercayaan diri, lan jeneng apik neng kanca-kanca.""",3,manual
"Ora usah dolan marang Kalimantan, wong sana kebangeten lan primitif.",2,synthetic
Pendatang iku njijiki,2,manual
Kancaku ngunjungi omahku sore iki.,0,synthetic
"Wong Islam garis keras iki kaya penyakit, kudu dibasmi nganggo pedhang, aja dikasihani.",3,synthetic
Aku sengit mambu yids,3,manual
"Kelompok iku wedi karo kita, aja kasian, serbu markase lan rampas harta bendane.",3,synthetic
"Kebijakane mung nguntungke wong sugih, awake dhewe mlarat.",2,synthetic
"moooongoooo kaya kirik, apik banget nanging sawise sawetara wektu sampeyan bakal bosen.",1,manual
"Basa Spanyol sing dituturake dening wong Meksiko mung basa India sing ora ana hubungane karo Spanyol Eropa. Elinga, lan uga yen wong-wong iki wis sinau, dheweke ora bakal ninggalake Meksiko teka ing kene lan nggosok jambanku.",2,manual
"Wah, klambi anyarku kok ra ono ning gantungan, pancen njajal desain tetanggan sing seneng nyicil.",1,synthetic
"Mboten usah repot-repot ngurusi kula, Pak. Urusan kula mboten nate dipun tambahi dening sampeyan.",1,synthetic
Asuku saiki pancen mung tungau lan kutu!,1,manual
"Wakil rakyat kok mlaku-mlaku nang mobil mewah, duite saka ngendi?",2,synthetic
"Kok swarane tape kaya pengen ngerti crito sinetron saka kamarku, Bu?",1,synthetic
"Wah, klambi anyar ibu kok katon kaya punyane Bu Siti sing ilang minggu kepungkur, ya?",1,synthetic
"Aku wedi leh ninggal motor ning kene, akeh wong Flores.",2,synthetic
"Pemerintah cuma ngasih janji palsu, rakyat tansah dikongkon pasrah.",2,synthetic
"Apa sampeyan nganggo dandanan lan parfum? Aku ngerti, amarga sampeyan elek lan mambu.",1,manual
Aku seneng carane bodho spearmen,1,manual
"ayo ngomong babagan antitesis stabilitas emosional: depresi. Mangkene carane mbantu dheweke""¦",0,manual
"India duwe Islam, Kristen, Sikh lan akeh kelompok agama liyane. Entuk pendidikan, wong bodho IQ",1,manual
"Lesbos ora feminin, lan iku ora bener",1,manual
"gosh, kok dheweke ora ngandhani apa sing digunakake kanggo ngusap bokonge?! Kepiye carane wengi epilasi, scrubbing, lan moisturizing bisa ngrasa marem?!",0,manual
"Wah, tetangga kita kok lagi latihan karawitan ya, sore-sore begini swarane sumbang banget.",1,synthetic
kok sapi-sapi iki lemu banget?,0,manual
"Boten sare, Pak? Kulo mirengake suara musik nggih saestu semangate, ngantos dinten.",1,synthetic
"Wong Madura aja dipercaya, dheweke iku tukang njupuk tanah lan nakal, kudu disingkirake saka kene.",3,synthetic
"Wah, adhine pancen pinter banget. Durung di critakake, wis ngerti kabeh urusane wong liya.",1,synthetic
"Padha kudu digunakake 5,56 babak tinimbang. Luwih apik",0,manual
"Seng nggawa obat terlarang kae ya wong Medan wae, wis terkenal.",2,synthetic
"Iki mung alesan liyane kanggo ndalang yen perbudakan ora nggegirisi, lan wong kulit ireng kudu dilalekake. Aku sengit karo wong sing mikir kaya ngono.",3,manual
"Aku takon kancaku sing nesu, apa kowe mendem?",0,manual
Wong Maluku iku keras kepala lan gampang dadi preman.,2,synthetic
"Aku sumpah, yen golonganku menang, bakal tak gebugi mati kabeh wong sing mbelani musuh.",3,synthetic
"Kula mboten purun nyuwun, nanging pinten taun menawi nyambut damel klambi kula ingkang sampun kesah?",1,synthetic
Kula ndeleng maneka warna jajanan pasar.,0,synthetic
Mobil iki pancen luar biasa,0,manual
Gary minangka wong bodho sing duwe tujuan kanggo njaga keseimbangan,1,manual
Aku ora rasis nanging aku ora seneng duwe anak ras campuran,1,manual
"Dasar pemerintah bodho, rakyat sengsara diurusi wong sing goblok.",2,synthetic
Aku pancen ora tahan wong wedok trans sing mikir dadi femboy utawa enby kuwi cara nanggulangi.,1,manual
Kebijakane mung nguntungke wong sugih.,2,synthetic
Ora ana sing seneng karo sopir taksi sing ora sopan,0,manual
"Aku ora bakal mboseni kowe nganggo crita-crita dawa, nanging sing jelas Hilton Head Island lan Charleston wis ora kaya biyen, rusak amarga dijejeli wong Cina sugih sing ngungsi saka perang lan hawa adhem. Aku wis pirang-pirang diganggu wong nganggo masker sing ngundang bebaya, dadi aku mutusake ora bakal metu saka kutha nganti aturan masker rampung, sanajan butuh pirang-pirang taun.",2,manual
iku sumilir kanggo ndeleng akeh wadon ing wilayah iki,0,manual
"Kabeh pangkat lan kekuwatane wong golongan liya kudu direbut kanthi getih, mergo iku hak kita sing direbut.",3,synthetic
"Aku ora duwe pengalaman akeh karo wong homo merga ora akeh wong ing kuthaku. Nalika aku ana ing Jakarta nanging ana persil saka wong-wong mau lan ya... padha apik tenan... Aku ketemu wong tenan fun, padha bakal ngalahake antrean kanggo bar paling apik, lan padha bangga lan rame nalika kumpul karo kanca-kanca.",0,manual
"Kelompok iku kaya tikus, ngrusak negara, kudu dibabat mati kabeh.",3,synthetic
"Wong kafir iki kabeh kudu diusir saka tanah Jawa, mergo awake najis lan ngrusak budaya asli.",3,synthetic
"Aku arep nyulik lan mateni anak-anak saka kulawarga kasebut, siji-siji.",3,synthetic
"Wakil rakyat iku wakil kepentingane dewe, dudu rakyat.",2,synthetic
Mimpin kok mung ngutak-atik anggaran kanggo dewe.,2,synthetic
f4uxb14ns dudu barang nyata,0,manual
"Aku seneng banget karo wong tuwa sing nganggep anak cacat, biasane ora digatekake",0,manual
Anakku pancen bajingan,2,manual
please terus retorika omong kosong ndhukung hak sipil ireng,0,manual
g!ps!3s ora metu? Kejem banget!,1,manual
"Pungli lan korupsi wes dadi budaya, pejabat kabeh lacur!",2,synthetic
"Wong kafir iki kudu diusir saka tanah Jawa, mergo awake najis lan ngrusak imane wong Islam.",3,synthetic
"Wong NTT mung pantes dadi babu, sekolah dhuwur-tinggi yo akhiré dadi pembantu.",2,synthetic
ora perlu ngomong yen iku jahe ora ana gunane. kita kabeh ngerti apa anagram 'jahe',1,manual
"iki tambah konyol, kok kabeh wong nganggep barbie ireng kuwi ora jahat, lan kudu dadi pengetahuan umum kanggo kabeh wong, aku ora pengin kudu mubeng-mubeng ngomong yen dheweke wis ngerti.",0,manual
"Apa negara iki bisa dadi luwih elek? Ya, kanthi nggawa luwih akeh pendatang",1,manual
Amin bajingan bajigur. Dasar biji,2,manual
"Aku sumpah, yen menang bakal bakar omah-omah wong golongan kasebut, aja nganti lali.",3,synthetic
"Mboten nate bosen ngrungokke lagu-lagu lawas saking rumah panjenengan, Pak.",1,synthetic
"Aku ora ngerti carane bocah bisa ngalami operasi mutilasi permanen, ora bisa dibalèkaké, nanging ora bisa tato? Standar ganda? Ing kasunyatan, iki ora amarga wong kiwa pengin bocah duwe ""hak"" luwih akeh, nanging amarga dheweke pengin ngrusak kulawarga nuklir. Yen dheweke bisa menehi indoktrinasi bocah-bocah supaya bisa dadi trans, mula kita minangka masyarakat wis kelangan kontrol masa depan anak-anak kita.",2,manual
"Prinsip Islam iku omong kosong, mulane kabeh joki unta iki kejam",3,manual
Wong tuwane mesthi salah utawa ora bakal cacat,3,manual
"sampah masyarakat? feminis, wong ora waras lan ngeselake",2,manual
Aku bisa ngerti watesan ing telpon kanggo panganiaya marang warga individu. Nanging panggilan kanggo panganiaya marang pamrentah minangka inti saka amandemen pisanan lan kaloro.,0,manual
Aku sengit carane bodho sawetara wong mikir Arab,1,manual
"Aku bakal ngobong omah-omahe wong klan iku, supaya padha mundur saka kene lan ora wani bali maneh.",3,synthetic
"Nalika aku dadi Ratu Australia, para pendatang numpak prau.",0,manual
"Bali menyang India, asalmu, bajingan coklat",2,manual
Kita kudu njamin kaslametane rakyat lan masa depan anak-anak kita.,0,manual
"Sampeyan kerep mirengake urusan wong liya, kaya radio sing terus nyala.",1,synthetic
Ana wong Islam sing akeh banget ing kampusku.,0,manual
"Janji-janjine mung goroh, rakyat ditipu terus.",2,synthetic
Tiyang sepuh padha lenggah ing kursi taman.,0,synthetic
"Iki sapu kirain ilang, ternyata lagi dolan neng taman tetangga.",1,synthetic
"jendhela sing elek iku kudu didandani, aku bakal nggoleki pendatang amarga murah. Iki dudu proyek sing apik, nanging ora apa-apa",0,manual
"Cocok. ""Anti-degenerates"" kaya wong iki lan Cina lsp, nolak pracaya sing ora bisa nglirwakake alam manungsa lan kasunyatan sing wadon, duwe hak tumindak kaya sing dikarepake. Wadon ora mung pengen nuduhake barang. Dheweke diijini duwe kebebasan mratelakake panemume lan debat babagan apa sing dianggep wong liya sing cocog kanggo dheweke.",1,manual
"Kebijakane mung ngladeni cukong, rakyat dicekik.",2,synthetic
Kabeh wong kulit putih katon kaya macan tutul putih,0,manual
Boten nate ngertos menawi dalem mriki gadhah latihan gamelan saben dinten. Kula ngira-ngira wonten hajatan ageng.,1,synthetic
"yen pemerintah kita ngutamakake keamanan warga, bravo!! kenapa kita pengin mbela pembunuh lan pemerkosa? Wis wektune kita luwih kuwatir marang para korban tinimbang para pelaku!",0,manual
mungkasi nggunakake tembung poof,0,manual
"Kabeh partai padha wae, mburine mung ngoyak proyek.",2,synthetic
"Nalika aku mlebu universitas, aku ngerti yen kancaku kuwi pedhet unta",0,manual
brownies iku gagal Gusti Allah,0,manual
"Wong kafir iki kabeh kudu diusir saka tanah Jawa, merga mung ngrusak adat lan agama kita.",3,synthetic
"ya muni ngganggu, logat kari kendel kuwi ora bisa dipungkiri",1,manual
Wong Malang kui atine atos lan pelit banget.,2,synthetic
"Boten usah repot-repot ngurusi omahe tiyang sanes, Mbak. Kula mboten gadhah rejeki dados kepala lingkungan.",1,synthetic
Sialan!!!!! Dheweke ngomong karo Charlie kaya wong bodho lan glares marang dheweke. Jujur dheweke pancen bodho !!,1,manual
"Kok aku rumangsa uripku dadi sinetron, ya? Sebab sakdurunge aku ngerti critane, tetanggan wis ngerti kabeh.",1,synthetic
wong wadon mandheg nyusoni awaké dhéwé kanggo kesehatane,0,manual
"Barange tak lewati kok ilang kaya dientup angin, mbok ya eling kapan pinjemé.",1,synthetic
"Mboten usah rep-repan ngurusi sepeda wong liya, mending baleni sepedane dhewe sing wis ilang karo wong seng ngganggu.",1,synthetic
Aku ngerti sawetara kulawarga santri kelas buruh,0,manual
Sampeyan bajingan Mozzie elek !! Sampeyan wis mati!,3,manual
"Wah, sampeyan kaya satpam ronda, selalu ngerti kegiatan wong liya.",1,synthetic
"Wes dadi arsitek dewe, masang speaker ngadep omah wong.",1,synthetic
"Rezim iki bejat, mung ngisi kantong pribadi lan kanca-kancane.",2,synthetic
"Nuwun sewu, nanging carane lanang bisa dadi cah wadon",0,manual
Wong jujur ora bakal menang ing politik Indonesia sing reged iki.,2,synthetic
Wong Cina kudu ditolak kewarganegaraan,3,manual
Aku ora sengit karo topi,0,manual
Suku liya mung ngerusak budaya Jawa sing wis adiluhung.,2,synthetic
"Wong wadon sing ora nduwe gen sosial sing 'apik' nanging isih pas mung sawetara lan adoh, nanging kabeh wong wadon ayu ing njero lan njaba.",0,manual
"Ngganggu kudu nerangake dhewe lan alesan aku ora seneng kerang, kabeh wong kudu ngerti penjelasan sing jelas iki amarga kerang rasane njijiki, masuk akal.",1,manual
saiki wektune kanggo ngomong babagan rong konsep sing nentang: demokrasi lan negara partai rakyat China,0,manual
"Aku mung peduli karo uripe wong sing ora ireng, dadi ora, urip ireng ora masalah kanggoku #sorrynotsorry",1,manual
"halo kanca-kanca, dina iki penerbitan buku resmi ...sapa sing bungah? (((Dheweke))) ora bakal.",0,manual
Simbah nyapu plataran saben esuk.,0,synthetic
ayo dirembug bab antitesis kerja keras: wong Romawi,0,manual
"Generasi pemuja asing iku sampah bangsa, kudu dikubur urip-urip.",3,synthetic
"Wong Lampung kui preman, tukang palak lan nakal.",2,synthetic
"Akeh wong lanang sing seneng karo lanang liya sing manggon ing kene, lingkungan sing aman",0,manual
"Wong Menado sisan, mung bisane ngomong gedhé, nglakoni ora.",2,synthetic
Apa kowe ora bosen tawuran karo wong-wong sing sembrono babagan salahé nggambaraké wong Cina minangka 'wong nistha'. Cukup setuju kanggo ora setuju karo wong-wong kuwi merga ora bakal ngakoni yèn dhèwèké salah.,1,manual
Ana rong jinis wong ing donya iki. wong aku pancene ngormati lan trannies,3,manual
Sayange wong sengit brokoli. Sing apik!!,0,manual
apa sampeyan pengin diarani sundel? Banjur mungkasi nggunakake tembung sialan kasebut,1,manual
"Wong Papua kok goblok banget, dikasih otonomi khas malah mung ngrusak.",2,synthetic
Aku ndeleng wong kurang seneng ing wilayah iki saka sawetara taun kepungkur,0,manual
"Claire, mandheg ngeluh babagan haidmu!!!!! Kita kabeh duwe lan terus nindakake. Sampeyan mung nggunakake minangka alesan kanggo njagong ing bolongan kaya biasane, lan boss Ian babagan....Serius, iki ora lucu utawa nglipur lan ora ana sing peduli dadi SHUT THE F#CK UPðŸ™„",2,manual
"Barangku tak enteni baline, mbok ya dielingi.",1,synthetic
Masalahe yaiku sing nyengkuyung jajanan sekolah gratis kemungkinan umume kulawarga kelas menengah lan umume mbuwang dhuwit ekstra tinimbang butuh kanggo anak-anake.,0,manual
"Iku pancene apik kanggo mung lungguhan lan nikmati kaendahan donya. Masalahe mung akeh wong ing donya iki sing adoh saka ayu. Khusus, dina iki aku targetake menyang kutub.",0,manual
Kulawarga Islam ing dalan kiwa lan omahe dirusak,0,manual
Aku bosen karo kancaku sing ngganggu,0,manual
Beda ora ateges luwih apik. Ana akeh perkara sing wong wedok luwih unggul. Kaya dadi wong pisanan sing mambu soko ing kamar.,0,manual
"Kula mboten gadhah televisi, nanging crita saking griya tangga tansah kula keprungu kanthi jelas.",1,synthetic
"Lho, kok kowe ngerti aku arep pindah omah? Pancen hebat, kaya dene malaikat pelindung sing tansah ngawasi.",1,synthetic
Wong-wong padha lalu lalang ing dalan menuju pasar.,0,synthetic
Ora ana sing seneng bajingan sing ora sopan,2,manual
"Wong sibuk nata tetanggan, ning omah dhewe durung dirapikke.",1,synthetic
Aku ngrungokake radio nalika nyiapake tugas.,0,synthetic
"Kabeh keturunan iku iblis, aja nganti kawin campur karo wong lokal, bakal ngrusak getih Jawa.",3,synthetic
iku apik kanggo adil Dia. Is. Dhewe. Kerja. Dheweke. Kerja. On. omah. Apa dheweke nyata ?? Dheweke tanggung jawab kanggo jadwal dhewe,0,manual
"Pemerintah iki budeg, rakyat nangis dipekik.",2,synthetic
"Wong-wong nang kana korupsi terus, rakyat nandhang mlarat.",2,synthetic
"Wong bajingan kuwi, muga-muga sedulure sing lumpuh lan montok mati, wong bodho",3,manual
YES gelut. Iki wayahe..,0,manual
Mbak lagi nggolek resep masakan anyar ning internet.,0,synthetic
"Korupsi gede-gedean, negara bakal pecah kon!",2,synthetic
"Alasan sing apik banget kanggo tresna marang PETA yaiku kanggo nglawan wong sing manipulatif, ngapusi, mateni asu.",1,manual
"Kabeh pendukungé calon iku bocah-bocah setan, bakal tak gorok guluné yen ketemu.",3,synthetic
megawati ini bedo tipis karo lonte kelas hotel bintang 5,3,manual
"Ora ngajeni wong liya minangka taktik politisi sing khas, lan yen kita minangka wong biasa nyoba ngatur, mula bakal dianggep beda banget.",0,manual
Aku ora seneng yen wong liya nelpon tanggane niggles,0,manual
"Kebijakane mung nguntungke wong sugih, awak dewe mlarat.",2,synthetic
"Wong-wong sing beda kabilah karo aku iku kethek, ora pantes urip bebarengan karo manungsa.",3,synthetic
"Akeh wong Batak kasar lan tukang ribut, ngomong banter-banter terus.",2,synthetic
"Wong Papua iku bodho, mung cocog dadi kuli proyek.",2,synthetic
"Aku ora gelem nyambut gawe karo wong Batak, kasar lan emosional.",2,synthetic
"percaya ora percaya, mripate kadang kaya cocok karo gaya seni iki. Ngganggu banget. Aku ragu, lha iki Asuka sing sangean terus-terusan bikin bosen, utawa dheweke dianggep kaya bocah nakal sing dijuduli pelacur.",1,manual
"Yèn kowé dadi waria, kowé iku wong edan.",2,manual
kita kudu njaluk corona metu saka negara kita!,3,manual
dheweke lemu dadi ora bisa nganggo bikini,1,manual
Dalit iku wong kang asor,0,manual
"Kula mboten badhe nyuwun pinten-pinten, namung kersa ngaturi pirsa bilih kunci kamar mandi kula taksih wonten ing griya panjenengan.",1,synthetic
saben dina aku krungu wong ngomong babagan aku amarga aku wong manca,0,manual
"Kula mirengake radio sampeyan, kok lagune tansah siji-siji nganti lirike kula saged ngapal.",1,synthetic
"Aku kesel banget karo barang-barang BAME sing dibuwang ing raiku sing nggawe aku ""rasis"" nalika aku durung tau nindakake kaya ngono. Wengi aku ngrekam acara kanggo nonton babagan musik black soul nanging dina iki aku kesel banget kanggo nonton.",1,manual
Wong Madura iku kerep mblasteri warga asli kene.,2,synthetic
"Wong Madura aja dipercaya, dheweke iku tukang njambret lan perusuh, patenana wae kabeh.",3,synthetic
"Korupsi gede-gedean, nanging rakyat sing disalahke.",0,synthetic
"Dasar para maling berdasi, negara dibobol kabeh.",2,synthetic
"Yen sampeyan butuh, sampeyan bakal ngenteni suwe. Dheweke alon-alon teka, njupuk wektu kaya sandwich daging sapi uyah.",0,manual
"Dasar pemerintah edan, rega-regane pada mumbul nggilani.",2,synthetic
"Mekaten mboten nggih, Pak? Raden sami damel proyek dalem griya, kados pabrik.",1,synthetic
bener yen sikh nduweni nilai sing padha karo serangga,3,manual
"Aku bakal nggawa laskar arep numpes kabeh panggonan ibadahmu, merga kowe kabeh iku penghianat bangsa.",3,synthetic
"Wong Madura kui seng dikandani mung duwe otot, otake mung sedelik.",2,synthetic
Mangga normalake telpon transphobes ing 2021,1,manual
Guild iki wis dadi institusi! Saiki kita dadi bagean saka masalah. Gesang kanggo nindakake tirani tambah akeh....,0,manual
"Kabeh partai iku podo wae, janjine mung omong kosong!",2,synthetic
"Aku ngenteni barangku balik koyo ngenteni jodoh, mboten pasti kapan rawuhe.",1,synthetic
Wong-wong padha ngobrol ngenteni bis teka.,0,synthetic
Aku pancene ngarep-arep kabeh padha mati piyambak,3,manual
"Korupsi gede-gedean, negara bakal ambruk ditindakke maling berdasi.",2,synthetic
"Ora usah milih, podo wae maling.",2,synthetic
"Wah, tetangga kita lagi latihan karawitan ya, suarane koyo pasar sore.",1,synthetic
"Aku sumpah bakal ngrusak gréja-gréja neng desa iki, merga iku panggawéane setan.",3,synthetic
cummings dominic kudu mati,3,manual
Wong Islam liyane sing mati yaiku musik ing kupingku,0,manual
"Pemerintah iki edan, kebijakane mung ngrusak urip wong cilik.",2,synthetic
"Sampeyan remen banget ngrungokake urip kula, meh kaya sinetron.",1,synthetic
"Aku pengin duwe tanggi sing kaya aku, maksudku, kaya wong ing negara iki kudu kaya. Nanging, aku rumangsa kaya manggon ing Riyadh.",0,manual
Aku sengit wong Irlandia,2,manual
Abos kudu ora diijini ngasilake maneh,3,manual
"Wong Kalimantan iku ketinggalan jaman, urip mung nunggu hasil alas.",2,synthetic
"Kabeh iku calon penjahat, mung nunggu wektu nyolong anggaran.",2,synthetic
"Aku ora pengin diarani kulit abang, nanging aku dudu kulit abang, mula aku ora pantes, beda karo dheweke.",1,manual
"Kok rasane urip iki tambah rame, ora tau sepi, saking asringe tetangga nanggap hajatan.",1,synthetic
"Wong Bali iku mung pinter ngibul turis, uripé sengsara ning ngakoni.",2,synthetic
"Halo, aku mung kepengin weruh apa ana wong wadon liyane ing kene sing ora wedi karo wong pendatang lan ora diganggu? Perlu dikandhakake: Aku ora wedi karo wong-wong mau lan aku kepengin weruh yen ana wong liya sing ngrasa kaya ngono. Ngomong!",0,manual
wong homo kuwi mung ngganggu wae,2,manual
Aku seneng banget karo rencana mateni kabeh wong wadon lokal.,3,manual
"Trannies ora ditampa. Akeh wong ngomong babagan carane ngalami pati ego nyebabake dheweke retak lan pungkasane transisi, utawa paling ora nampa kasunyatan yen dheweke trans lan bener-bener nindakake perkara kasebut ing pungkasan urip. Aku ora peduli, aku rumangsa njijiki.",2,manual
"Pemerintah iku goblok, gawe aturan mung nggawe susah wong cilik.",2,synthetic
Dheweke lagi nggawa kranjang belanja.,0,synthetic
"Wah, sepurte dolan mrene maneh, saiki jadwal tambah sering ta?",1,synthetic
"Ngganggu kudu nerangake dhewe lan apa aku ora seneng wafel pitik. Apa iku piring gurih utawa manis, iku ora bisa loro bebarengan! Saben uwong kudu wis ngerti panjelasan sing jelas iki lan kudu ngrasakake cara sing padha, iki akal sehat",0,manual
Adhine sinau nggambar neng kamar.,0,synthetic
"Wah, klambi anyar kok katon pinarak tenan, Bu. Tiyang mboten sregep mulihake, nanging gusti Allah paring pahala.",1,synthetic
"Aja cedhak karo wong Papua, pancen primitive lan mung pinter mabuk.",2,synthetic
Dheweke dadi kerajaan kaping 4. Dheweke saiki dadi Nazi,3,manual
"Dasar pamrentah bodho, rakyat sengsara dikongkon diam.",2,synthetic
"""Enem saka sepuluh wong ing Inggris setuju tingkat imigrasi dhuwur banget"". Kuwi konyol lan ala banget",1,manual
"Duh Gusti, apa sampeyan arep ngedol budak sing rusak / dilatih utawa iki pungkasane?",1,manual
"Aku kudu ngomong koleksi boneka iku apik tenan lan boneka iki atraktif banget. Aku pengin nglakoni sing padha, nanging kumpulake kabeh sundel sing wis tak bajingan, atur dadi bonekamu, ikat, lan aja nganti diculake""¦",3,manual
"Wah, sepur dalan pinggir omahe Bu Darmo saiki nate bengi wae lewat, to?",1,synthetic
Aja nganti penis iki ngganggu sampeyan,0,manual
"Reformasi dikhianati, maling saiki dadi penguasa.",2,synthetic
Gen iku asalé saka kawin sedulur,0,manual
Ayo padha rembugan babagan antitesis kerja keras: wong wadon sing nganggo jilbab,0,manual
"Aku kudu njlentrehake dhewe saben dina, tembung ching-chong nyinggung lan ngganggu aku, mung sampeyan kudu ngerti, ana akal.",2,manual
"Mboten napa-napa, kula mboten sare, mung arep ngrungokake crita saka TV sampeyan.",1,synthetic
"Barangku sing ilang kaya dadi karma, moga-moga aja keduman wong liya.",1,synthetic
"Wah, klambi anyarku sing dipinjem wingi kok wis ilang kaya ditiup angin, ya?",1,synthetic
Aku ketemu karo konco nek pasar wingi.,0,synthetic
"Lha wong Papua kok diwènèhi otonomi, wong mung tukang mabuk lan tawuran.",2,synthetic
Aku ora setuju karo anggepan yen Holocaust iku ala,0,manual
"Janjine mung jare wae, mboh dielingi.",2,synthetic
Ora waras! Kepiye kowe mikir wong wadon iku ora duwe kemampuan lan emosional sing kuat lan bisa dipercaya kaya lanang. Aku ora percoyo.,1,manual
"bayangno yen ana wong sing nyebut sampeyan 'xe' amarga iku pronoun sampeyan, konyol banget, sampeyan iku.",1,manual
"Dear Sikhs, mikir kaping pindho sadurunge sampeyan nyabrang kula, lan iku ancaman!",3,manual
Koshies mambu ora enak,1,manual
"Sawise dadi pejabat politik paling kuat nomer loro ing Inggris, Sajid Javid saiki tanggung jawab kanggo urusan pendatang lan polisi nasional. Iki tegese pendatang saiki ditugasake mrentah wong Inggris lan ngontrol wates Inggris. Tegese dheweke duwe keputusan pungkasan babagan sapa sing diidini mlebu ing negara kasebut lan sapa sing ora diidini mlebu, lan aku rumangsa cocog karo iki.",0,manual
"Kulo mboten saget ndherek rembugan, nanging swantenipun sampun ngantos mlebet griya kulo.",1,synthetic
"Kok rasane urip iki tambah rame, ora tau sepi, sambung-sinambung swara saka sebelah kaya nonton konser gratis.",1,synthetic
Aku penggemar gedhe saka wong-wong sing blak-blakan ngomong apa kita kabeh mikir: demokrat ora sambutan ing tetanggan iki,1,manual
Aku pancene sengit battyboy,2,manual
"Golongan liya iku sampah masyarakat, kudu dibuang menyang laut ben ora ngrusak tanah airku.",3,synthetic
"Lha wong Jawa Timur kok sok nganggo gaya, wedi dianggap kampungan.",2,synthetic
"Ngganggu kudu nerangake dhewe lan alasan aku ora seneng karo kulit abang ing tim, kabeh wong kudu ngerti yen kulit ireng utawa biru katon luwih apik ing sangisore klambi bal-balan.",1,manual
"Pemerintah iki budeg, rakyat nangis dipepet.",2,synthetic
"Kebijakane asal-asalan, kaya wong ora duwe otak, ngrusak negara.",2,synthetic
"Pawon kita butuh scrub sing apik, aku bakal miwiti nganggo pamutih banjur polish",0,manual
"Kepriwe kabare, Pak? Kula mboten sengguh nyuwun tolong, nanging menawi saged volume rada dipun kecilaken.",1,synthetic
"Arab jancok alon-alon kaya kura-kura, aja nyoba, isin banget",2,manual
"Aja cedhak karo wong Betawi, tukang ngomong kasar lan kampungan.",2,synthetic
"Generasi tuwa sing kolot iku racun, kudu dicekel lan diusir saka kutha supaya pemuda bisa maju.",3,synthetic
"ngomong wae, nggak ana foto bokong utawa susu neng olahraga wanita, ya? koyo sing pengen akses gampang neng tempek mbukak sudhut.",2,manual
Wong homo kuwi ora cocog karo budaya kita.,1,manual
"Menteri-menteri cuma ngumbar janji kosong, korupsi terus ndadra.",2,synthetic
"Mboten napa-napa, Pak. Kula mboten sare, mung kedah ngaso saderengipun dalu.",1,synthetic
Tanggaku ras campuran.,0,manual
Muga-muga kepala andhuk sialan kasebut ora bakal teka ing negara kita,2,manual
"Kowe kabeh wong sing beda karo aku iku sampah, bakal tak buang menyang laut.",3,synthetic
agresif kuwi dudu sipate wong homo,1,manual
Mereka lagi ngobrol babagan cuaca.,0,synthetic
"Wah, klambi anyarku sing dipinjem kok dadi katon luwih apik neng kene, Bu.",1,synthetic
"Opo sing mbok banggakno, lek kabeh isek tekan wong tuo!",2,manual
"Sampeyan kerso nggawe keputusan neng urusanku, koyo sing duwe usaha iku dhewe.",1,synthetic
"Kutha iki kebak macem-macem wabah: tikus, kecoak, laba-laba, c3rp3t munch3rs ...",2,manual
"Teko lan piringku kari separo, mbok menawi badhe dipun kumpulake dados museum barang pinjaman.",1,synthetic
"peduli, ngandika wong bodho pantes mati, tenan elek, sanajan iku ora salah",2,manual
"Pemerintah iku bodho, ora ngerti kesusahan rakyat cilik.",2,synthetic
"Aku arep ngobong masjid-mu sing ora ana gunane iku, merga isine mung ajaran sesat.",3,synthetic
"Kabeh keturunan Cina iku pelit lan licik, mung ngisin-isini bangsa Jawa sing asli.",3,synthetic
Wong-wong sing duwe akar leluhur ing Polandia padha ora proporsional penipuan.,2,manual
Aku sengit banget yen wong nyiksa wong cacat,3,manual
"Sampeyan kayane pengin banget dadi pemeran utama ning sinetron urusanku, nanging sayange skenario uripku durung butuh figuran.",1,synthetic
Kabeh wong wedok iso pinter..sampeyan kudu tumindak bodho neng ngarepe.,1,manual
"Mboten usah mentas tebih, Bu. Sakdurunge mampir nang garasi kula, kula aturi saget langsung pinjem.",1,synthetic
"Aku kiwa-tengen nggoleki barangku, kok rasane dadi barang umum.",1,synthetic
"Aku kudu terus, minangka wong wadon umur pungkasan 30an sing wis ngalami akeh, BANYAK kanca aneh ing uripe - ora ana cara utawa tingkah sing nuduhake seksualitas siji (kajaba kaya, jelas nggombal karo wong sing jinis kelamin padha).",0,manual
"Iku ora apik kanggo pracaya marang dheweke, dheweke ngapusi",0,manual
Anak-anak padha dolanan neng plataran.,0,synthetic
"Wis meh 2 taun ya 2 taun.. wiwit 6,5 sasi aku pacaran karo wong wadon sial. Aku nyawang instagrame dina iki, weruh dheweke pacaran karo wong lanang, ngguyu, bebarengan lan aku rumangsa sedhih nganti meh nangis. Kenapa kudu aku? Dheweke mung pitik nomer 60. Ana apa karo wong wadon?",1,manual
"Kabeh pendatang iku maling lan perusak, padha balik menyang asale utawa mati kene.",3,synthetic
Apa sampeyan pengin diarani wong lelungan? Banjur mungkasi nggunakake tembung sialan kasebut,1,manual
"Wong Bali iku pinter-pinter ngibuli turis, aja gampang percaya.",2,synthetic
"Kebijakane mung nguntungke kanca-kancane dhewe, awakmu dhewe disingkirake.",2,synthetic
"Wong Maluku iku keras kepala lan emosian, gampang gelut.",2,synthetic
"Wong kafir iki kabeh kudu diusir saka Tanah Jawa, merga mung ngrusak adat lan iman kita.",3,synthetic
"Lan aja lali data penting iki: loro-lorone apik banget. Sing siji wis nikah karo bojone, sing siji dadi pelaut.",0,manual
Aku ndeleng wong sing luwih menarik ing lapangan iki tinimbang sawetara taun kepungkur,0,manual
"Golongan iku kaya tikus, kudu dibasmi nganti oyod-oyode supaya negara resik.",3,synthetic
"Pemerintah iku bodho, ora mikirke wong cilik.",2,synthetic
Aku benci nyeret haha,1,manual
Kalo tau malu gaakan nge bangsat,2,manual
"Wong partai iku mung tukang korupsi, kudu digantung nang alun-alun ben podo waspada.",3,synthetic
"Mboten usah di balekake, Bu. Kula nganggep piyambak sampun nyumbang kanggo perabotan tetangga.",1,synthetic
Susah seneng. sing peduli karo wong-wong homo iki. S kanggo ngidoni kuburane.,3,manual
Anak-anak padha dolanan nang plataran omah.,0,synthetic
"Dino-dino kok swarane tape recorder niku mboten pernah suda, kaya lagi latihan karawitan terus.",1,synthetic
"Aku cooped munggah nang endi wae, malah ing ngarep, Aku wis nyoba tuwuh rambute metu nanging kulawarga tansah nyoba kanggo mungkasi kula supaya nggawe aku mikir apa aku kudu metu kanggo wong-wong mau utawa ora. Jujur, kadang aku rumangsa dadi ""trans palsu""<9d> amarga ana ing lemari nanging aku ngerti yen ing jero ati aku iki cah wadon sejati lan ora sabar nganti aku bisa urip!",0,manual
"Kabeh keturunan Cina iki tukang monopoli, kudu digebugi nganti minggat saka Indonesia.",3,synthetic
"Aku sehat! Wong Amerika kulit ireng terus ngalami tingkat kematian COVID-19 sing paling dhuwur ing saindenging negoro, kaping pindho luwih dhuwur tinimbang wong kulit putih lan Asia, sing duwe angka kematian sing paling murah.",0,manual
"Lho, jam pira saiki? Aku kira esuk-esuk, ternyata bengi to, swarane koyo pasar.",1,synthetic
kok migran sialan teka ing negara iki,2,manual
"Pak Wolliwogg medeni aku dadi ora nate dolanan maneh. Nanging katon kaya versi asli bakal ngganggu aku ing salawas-lawase, akeh! Ngilangi! Ngilangi! OH ORA!",1,manual
"Pemerintah iku goblok, ora mikirke wong cilik.",2,synthetic
Nanging ngopo wong wadon kudu nandhang batin lan wong lanang nandhang njaba? Alasan kuwi nuduhake akeh babagan masyarakat kita.,0,manual
"Pemerintah iku budheg, ra ngrungokke swarane rakyat.",2,synthetic
"Wee Jimmy Krankie wis akeh kanggo njawab kanggo, sampeyan asu kurang ajar elek.",2,manual
"Dadi aku ora ngomong limang nganti pitung taun, sing edan, aku ora ngerti carane dheweke entuk nomer kasebut. Ing mratelakake panemume, ing 30 taun sabanjure, ora bisa dihindari yen Eropa bakal ngadhepi keputusan sing ora bisa dihindari. Ora ana keraguan babagan iki, tokoh pemerintah nuduhake.",0,manual
"Wah, urusanku kok dadi bahan guneman warga, padahal durung tak critakke.",1,synthetic
"Kebijakane mung nguntungke kanca dewe, rakyat dijajah maneh.",2,synthetic
budak kudu omah-omah karo budak kaya awake dhewe,0,manual
"Nuduhake yen sampeyan nindakake apa sing ditindakake bakal ngilangi ""mantra"". Kanthi h00knoses, mesthi ""aku, aku"". Nanging dheweke ora nate katon ing pangilon kanggo ndeleng sumber kabeh ""tinta kasangsaran""!",1,manual
"NETANYAHU IKU SAPU NGLAYANI ISRAEL SAIKI, KARO PENDETA CINA ORTODOX.",1,manual
"Nggih, kula mboten ngertos menawi tetangga gadhah usaha warnet, amargi internet kula asring dangu tilem.",1,synthetic
iku sumilir kanggo ndeleng akeh wong non-biner ing wilayah iki,0,manual
"Kabeh wong pendatang saka pulo liya kudu dipateni, merga wis njajah urip wong asli kene.",3,synthetic
Aku aktif nganjurake mbusak kabeh wong Cina saka masyarakat.,3,manual
Akeh wong Lampung kui tukang sirik lan seneng gawe susah liyan.,2,synthetic
"Yen kowe mikir kanthi bener, kowe bakal ngerti yen perang karo wong wadon liya iku ora ana gunane, kita kabeh padha nguwatake hak-hak wong wadon!",0,manual
"Urip ireng penting, oke, nanging urip putihku mesthi luwih akeh",0,manual
"nek kowe ngomong aku sengit lesbian, kowe sundel sing ora ana gunane",3,manual
"Demi Gusti, wong wadon ya kaya wong lanang",0,manual
"Barange tak lewati mung siji, kok balike malah dadi pitung wawasan anyar bab urusan rumah tanggaku.",1,synthetic
"Ana akeh perkara sing disenengi babagan Amerika Serikat. Contone, kita duwe macem-macem keajaiban alam sing ora bisa dideleng ing ngendi wae ing donya, saka Everglades nganti Grand Canyon. Nanging akeh pendatang sing rumangsa ora kalebu ing kabijakan luar negeri kita.",0,manual
Aku ngenes banget krungu wong wadon dianiaya.,0,manual
kabeh sundel ora ngerti apa sing dikarepake.,2,manual
Kutha kita kebanjiran Polacks,3,manual
mungkasi nggunakake tembung tanggul,0,manual
Dadi akeh kanggo #whiteprivilege Nanging iki kedadeyan ing masyarakat nalika kelompok sing disengiti gagal ngatur kanggo mbela kepentingan lan hak dhewe. Karyawan enom saka kelompok minoritas saiki entuk luwih saka buruh Inggris putih,0,manual
"Aku bakal pimpin aksi sweeping, gebugi wae wong sing beda organisasi karo kita.",3,synthetic
Kabeh wong sing ngaku pancasila nanging ngelawan kehendakku iku munafik lan kudu dibasmi.,3,synthetic
Aku nyapu lantai kamar turu.,0,synthetic
"Asu iki ora bisa nyedhot pitik jago, apa boroske dhuwit!",1,manual
Aku sumpah arep nggilas kabeh wong sing ndukung kelompok liya nganti ora ono sing urip.,3,synthetic
Aku pancen ora gelem ana wong Islam ing kelas anakku.,3,manual
"Wong-wong saka suku iku kaya kewan, ora pantes manggon neng kutha, bali neng alas.",3,synthetic
Aku paling wong ireng bakal setuju sing rudo pekso iku sampah masyarakat.,3,manual
"Wah, pancen nggumunake dheweke. Iku ngelingake aku karo wong Cina sing tak delok ing bio, sing nggarap wong kampung ngomong telek. Iku apik tenan kanggo ndeleng.",1,manual
"Yen sampeyan butuh, sampeyan bakal ngenteni suwe. Dheweke minangka Kosher minangka sandwich daging sapi uyah.",0,manual
"Pemerintah iku olo, ngapusi rakyat kabeh karo omong kosong.",2,synthetic
Aku nyaranake ngusir kabeh wong Latin sing teka ing negara kita,3,manual
"Mboten nopo-nopo, Bu. Kula mung bingung, kados pundi carane tetangga saged gadhah wekdal kathah pisan kangge ngintip urusanipun tiyang sanes.",1,synthetic
apa ana wong liya sing seneng ngalahake kabeh wong Pakistan nganti mati utawa mung aku?,3,manual
"Padha bodho, aku ora bisa mulang maneh",1,manual
Aku pengin njupuk sawetara wong cacat,0,manual
"Kabeh sing beda karo kita iku musuh, siyap-siyap perang total lan bunuh wae kabeh.",3,synthetic
"Wong pendatang saka pulo liya iki maling rejekine wong asli, kudu dibalèkaké menyang asale.",3,synthetic
Sapa sing ngira yen wong wadon Islam iku perek?,1,manual
"Nalika sampeyan mbukak sub kasebut bakal ujar ""ora ana sing katon ing kene"". Reddit cliche ""guyonan"" iku bapak ireng ora ana, lan iku bener banget.",0,manual
"Gedhang iki ireng kabeh, njijiki",1,manual
"Bukak mripatmu: Iki diarani ""Alice in Wonderland Technique"". Tujuan saka teknik Alice in Wonderland utawa kebingungan yaiku kanggo mbingungake pangarepan lan reaksi kahanan saka hama sing mlebu. Padha digunakake kanggo donya sing ndadekake pangertèn, paling kanggo dheweke: donya sing terus-terusan lan logis, donya sing bisa diprediksi.",0,manual
"Aja pacaran karo wong Flores, mesti miskin lan ketinggalan jaman.",2,synthetic
ana apa karo donya? Aku sengit kabeh,2,manual
Aku seneng film sing turis ora bisa nemokake tapel wates. Bab sing apik sing ora kedadeyan luwih asring ing urip nyata.,0,manual
Apa sampeyan serius? Muslim sing mbangun maneh gréja ora beda karo teroris ekstremis sing ngrusak. Apa ora sijine bebarengan?,2,manual
Wong-wong padha ngobrol neng warung kopi.,0,synthetic
Aku pancene seneng rencana kanggo matèni kabeh wong wadon ireng,3,manual
Donya dadi papan sing luwih apik tanpa sampeyan!,1,manual
akeh banget ala ing negara iki,1,manual
"Wes sore kok isih ana tetabuhan, kaya ning panggung hiburan bae.",1,synthetic
Agnostik minangka pseudo-ateis,0,manual
Wong sing golek suaka durung siyap kanggo nggabungake ing negara iki,0,manual
Adhek ngunjuk teh anget.,0,synthetic
"Sing pertama bisa nabrak mripate, dadi bingung lan tiba ing tumpukan kaca pecah, pembuluh getih dipotong, getihe metu lan mati ing lantai. banjur sampeyan ana ing ruang sidang hakim maca ukara sampeyan ora guilty ing ngarepe wong tuwamu mesem, sampeyan ora bakal weruh Indonesia nyerah marang dominasi pendatang maneh.",3,manual
"Politisi iku kabeh jancok, mung ngumbar janji palsu.",2,synthetic
Ojo lali! Minggu ngarep iku dina kebanggaan wong lanang sing seneng karo lanang! #bangga,0,manual
Guruku ora ngerti aku,0,manual
"Lha, iyub-iyubku sing dipinjem minggu kepungkur saiki wis dadi bagian saka taman Bapak, ta?",1,synthetic
"Wong Maluku iku keras lan galak, kaya preman terus.",2,synthetic
"Saiki iki wis entek, aku wis bantahan 5 kaping dina iki mung amarga aku mung nywarakke pendapatku, mung amarga sampeyan mikir yen Redskins minangka tim bal sing apik ora ateges aku setuju, mesthi ora lan aku ora. 'Aku ora ngerti kenapa ana wong sing pengin nindakake. Iki dadi ridiculous lan wiwit kesel kula saiki",0,manual
pribumi ora duwe pamrih,0,manual
"Aku bakal ngobong kabeh usaha wong saka golongan iku, aja nganti bisa makmur neng wilayahku.",3,synthetic
"Wong NTT mung pantes dadi pembantu, ojo dipajekke.",2,synthetic
"Mboten nate bosen ndelok tetangga sing sregep matur, kula mboten purun matur, mung kenging klalen dhateng griya.",1,synthetic
"Pengendalian populasi lan sapanunggalane ing donya kudu ditindakake nganti bisa ngontrol iklim. Kita duwe akeh perkara sing kudu ditindakake kanggo ngindhari masa depan sing kacau. Sawise kita bisa bali menyang masyarakat normal, aku ora mikir kita bakal duwe masalah kaya saiki sing mbutuhake kita kuwatir yen dipeksa.",0,manual
Aku janji bakal nyiksa kabeh turunane wong golongan iku nganti pitung turunan.,3,synthetic
"Wong-wong nang pemerintahan iku korup kabeh, rakus dhasar.",2,synthetic
wong Polandia kudu ora diijini kanggo ana,1,manual
ayo padha ngomong babagan antitesis saka Vanity: gipsi,0,manual
"Wah, klambi anyar kok isa podo karo sing tak lebarake wingi, mbok ya kembalikan.",1,synthetic
Anak-anak dolanan bal ing lapangan.,0,synthetic
"Pancen jengkel yen kudu njlentrehake dhewe lan alasane aku ora seneng karo anggota UKIP, kabeh wong kudu ngerti katrangan sing jelas iki lan kudu ngrasakake sing padha, iku bab akal sehat.",1,manual
iku salah nek kabeh wong Cina iku bajingan,3,manual
"Aja cedhak karo wong Papua, kui tukang mabuk lan tukang berantem.",2,synthetic
"Wong-wong nang kono podo maling, korupsine wes dadi penyakit.",2,synthetic
"Sapa sing bisa ngomong yen wong wadon ora duwe anak kudu mati amarga dianggep sundel sing ora ana gunane? Aku mung krungu wong ngomong ing dalan, aku kaget.",3,manual
"Wong-wong sing nganggo basa liya iku kera, ora kudu urip neng kéné, balik menyang alasmu!",3,synthetic
"Kabeh wong Cina iku tukang korupsi, matèni usaha wong pribumi, kudu dibalèkaké menyang Cina.",3,synthetic
"Wong Lampung kui preman kabeh, golek urip mung ngrekok.",2,synthetic
"Aku duwe senjata akeh, siap nembaki kabeh wong sing nantang kedaulatan kelompok kita.",3,synthetic
"Déné kula mboten saged ndamel keributan, kados ta kula ingkang kedah nyuwun pangapunten.",1,synthetic
"Anakku kethek nakal, tansah gawe nakal!",0,manual
"Sampeyan kerep mirengake urusan kulawarga kula, kados radio gelombang cendhak.",1,synthetic
"Kabeh wong sing beda karo awake kudu dipateni, supaya Jawa resik saka kotoran.",3,synthetic
Jumlah wong kulit ireng ing negara iki njijiki,3,manual
Aku sengit karo wong sing percaya yen wong homo ora bisa dadi wong tuwa sing apik lan tresna!,1,manual
Bapak arep nyapu plataran ngarep omah.,0,synthetic
"Wah, nek ngomong karo HP koyo ngomong karo wong tuli, kabeh wong podo ngerti isine.",1,synthetic
"Pemerintah iku koyo bedhog, mung nyusuh nanging ora nggawa berkah.",2,synthetic
Dheweke nyapu lantai kamar turu.,0,synthetic
"Reformasi dikhianati, demokrasi dadi dagangan sing regane murah.",2,synthetic
"Wong wadon trans ya mung wong biasa wae, nanging mugo-mugo masyarakat lan MEDIA SOSIAL nggawe supaya dianggep wong lara jiwa, ben ora mikir dadi lawan jinis? Soale aku ngerti mung ""perawatan"" sing ditampa yaiku ""Wah, kowe ayu, kowe sampurna, yo dadi 'wong wadon' wae"" dening siji utawa loro editor, nanging nek takon apa dheweke bakal. padha-padha wae nek wong kuwi dadi truk utowo lawang terus ngomong ora nyurung, hebat, kemunafikan reddit nyerang maneh...",1,manual
"Kula mboten ngertos menawi griya mriki nate dados kantor polisi, soale tansah wonten ingkang mirsani tindakan kula.",1,synthetic
Wong homo iku ora pantes digawe guru bocah-bocah.,2,manual
"bro, sampeyan pancen bodho!",1,manual
4r4bs R n33dy 'iku pola pikir beracun,1,manual
"Mboten usah repot-repot nggawa tukang kebon, kebonku sampun dipunrawat déning tetangga kanthi tetep.",1,synthetic
"dheweke bodho, aku ora bisa mulang dheweke maneh",1,manual
Wong-wong padha obrolan ning warung.,0,synthetic
Sepupuku kerja karo wong Islam sing cacat,0,manual
Hindu sengit kabeh Budha,3,manual
"Yen ana video game karo longkangan umur amba, Aku ora bakal tuku amarga karukunan sing tenan freaks kula metu ... Dadi yen ana video game sing fitur akeh ... Aku bakal skip. Aku ora sengit utawa apa-apa, nanging aku mikir nuduhake tresno iku jenis reged, kang ora ateges aku ora mikir padha kudu seneng bebarengan. Yen wong loro atraktif ing umur padha, iku pangecualian.",0,manual
Adhine ngunjuk teh anget sakderenge sekolah.,0,synthetic
"Kurang akses menyang perawatan dhasar minangka panyebab utama pati ing antarane wong kulit putih. Yen kita ora ngganti iki, kabeh komunitas ana ing bebaya",0,manual
Wong-wong padha lalu lalang ing dalan pasar.,0,synthetic
"Keturunan PKI kudu ditandai, dikucilkan, lan diusir saka lingkungan iki supaya resik.",3,synthetic
Omo mulatto kasebut kudu ora diidini manggon ing kene maneh,3,manual
Aku bakal nggebugi kabeh wong sing ndhukung partai iku nganti pejah.,3,synthetic
"Wong Bali kui sombong, nganggo agamane dadi alesan nggak mau campur karo liyane.",2,synthetic
Anak-anak mangan jajan pasar sing didol.,0,synthetic
"Pemerintah iku lunyu, janjine kabeh palsu kanggo nggelundungi koruptor.",2,synthetic
"Wes dadi ahli kabeh, nganti kran banyu urip matiku diukur.",1,synthetic
Wong Kalimantan iku terbelakang lan kampungan.,2,synthetic
Aku seneng nalika komedian nyoba dadi lucu lan gagal,0,manual
"Mereka iku maling berdasi, rakyat dicekik krungu keluhan.",2,synthetic
Maksude wong wadon sing tangi ora seneng karo keragaman lan pengayaan. Fanatik,1,manual
"Kabeh partai iku podo waé, mung papan ngumpulke wong lacur lan tukang nipu.",2,synthetic
Lesbos iku wong sing ora jujur,1,manual
"Dasar para maling berdasi, nggondol duwit proyek rakyat.",2,synthetic
"Wonten ingkang nyuwun senter, nanging sampun kesupen kersane mbalekaken.",1,synthetic
Wong-wong padha mlaku-mlaku ning dalan.,0,synthetic
"Wong Papua kok dikasih jabatan, ya mung bakal ngerusak.",2,synthetic
"Dadi perbudakan sing sejatine isih ana, nanging sing sedhih, akeh-akehe budak wis ora ireng maneh kaya sadurunge",0,manual
Aku wis ketemu akeh wong wadon Asia belakangan iki.,0,manual
"Bayangna kanca omahmu kaya kartun Tasmanian Devil. Dheweke terus-terusan nggoleki wong utawa barang kanggo ngrusak lan ngrusak. Dheweke milih lan ngina, pitakonan lan tantangan tanpa alesan liyane kajaba kabutuhan. Dheweke ngatur maneh omah, dekorasi, banjur takon pilihane. Padha tuku sandhangan anyar, banjur takon pilihan, ngumpulake sepatu lan pernak-pernik kanggo overcompensating, lan banjur nesu ing sampeyan amarga ana ora cukup papan kanggo kabeh sampah. Banjur, yen wis kecut, dheweke dadi kasar, njerit, nyerang fisik amarga ora bisa ngontrol awake dhewe. Tumrape sawenehing bangsaku, sipate iku rusak. Wong-wong mau terus-terusan bingung amarga ora ana wong liya, lan mesthine dudu kanca-kancane sing wis tuwa, sing nate ngongkon dheweke meneng, lungguh, lan tumindak kaya wong diwasa.",1,manual
"Aku duwe senjata akeh, siap digunakake kanggo mbantai kabeh wong sing nentang kelompok kita.",3,synthetic
Arab seneng radikalize anak,2,manual
Kita duwe mungsuh internal ing negara kita sing nampa penjajah sing mesthi ora teka ing kene kanggo ngormati kita!,2,manual
"Wong Jawa Timur kok sok nganggo, wong uripe nang kampung mlarat.",2,synthetic
"Aku bakal nggrundul wong-wong saka suku iku nganti pada mati, merga mung dadi beban.",3,synthetic
Aku wis kakehan disebut sampah reged,0,manual
Aku seneng banget karo wong-wong sing terang-terangan ngomong apa sing dipikirake saben wong: nggarap wong sing ora normal ora apik kaya duwe pasangan sing bener.,1,manual
"Generasi tuwa iku sumber petaka, kudu disingkiraké kabeh supaya jagad anyar bisa digawé.",3,synthetic
"Kesehatan genetik lan kualitas manungsa saya suwe saya suwe saya suwe saya suwe amarga kabeh kemajuan medis lan teknologi sing diiringi Revolusi Industri Eropa Putih. Ana sing cacat kaya 90+ yuta wong Amerika saiki nandhang cacat - sing meh kabeh pedunung negara kaya Inggris lan Prancis. Lan mung bakal dadi luwih elek sajrone pirang-pirang taun amarga kombinasi kabijakan sing didhukung dening liberal kayata promiscuity, imigrasi massal ing negara-negara Donya Katelu, perkawinan antar ras, negara kesejahteraan, lan anti-miscegenation umum.",3,manual
"Kebijakane mung ngentekke dhuwit rakyat, ora ada gunane.",2,synthetic
"Janji-janjine mung kaya seprei, apik mung ing ngarep tok.",2,synthetic
Dheweke ora pinter lan kelas iki dudu kanggo wong sing ora duwe pikiran,1,manual
"Wong-wong sing ndhukung pemimpin liya iku pengkhianat bangsa, kudu ditindak kanthi kasar.",3,synthetic
Wong ireng positif banget. Aku ngujo. Aku ora bakal rancid kaya wong-wong mau,0,manual
"Aja nganti golongan liya ngrebut panguwasa, mergo bakal dadi rebutan sing getih bakal mili.",3,synthetic
"Wah, saestu tetangga ingkang trep. Saben kula arep tindak, tansah dipun tanyani ""tindak pundi?",1,synthetic
wit gedang kae jenenge gedebok,0,manual
"Sampeyan jockey unta njijiki lan mambu! Iku sing kudu dirungokake saben dina ing sekolah, yen sampeyan lali!",2,manual
apa sampeyan pengin diarani udan? Banjur mungkasi nggunakake tembung sialan kasebut,1,manual
"Aku arep ngobong omah-omah wong sing ngaku paling suci iku, merga dheweke iku munafik.",3,synthetic
"Sampeyan iki koyo penyiar radio, swarane bisa tekan kamar turu, nggawe aku iso nyritakke isi ati tanpa di wenehi waktu.",1,synthetic
wong ireng iku maling,2,manual
"Piyambakipun saged ndeteksi kula badhe nedha bilih pintu mboten dereng dipun kunci, nanging mboten saged ndeteksi barangipun piyambak ingkang mboten wangsul.",1,synthetic
Bapak lagi maca koran ning ruang tamu.,0,synthetic
"Aku bakal ngrusak kabeh papan ibadahmu nganti rata karo tanah, merga agamamu iku sesat.",3,synthetic
"Wah, kunci kontrakan kula kok koyo dadi barang warisan, mboten nepangi balik.",1,synthetic
Ora percaya Rolex iki minangka knockoff lengkap!,1,manual
"Nek arep ngrungokake critane wong liya, luwih becik radio dipateni.",1,synthetic
"Wong Sunda mah tukang ngaret terus, ora bisa diandelke.",2,synthetic
"iki tambah konyol, kok kabeh wong nganggep femoid iku ora jahat, iku lan kudu dadi kawruh umum kanggo kabeh wong, aku ora pengin kudu mubeng-mubeng ngomong wong nalika wis ngerti.",3,manual
"Suku Jawa iku licik lan tukang jilat, mung ngurusi awake dhéwé.",2,synthetic
Covid wis mateni mayuta-yuta wong,0,manual
gagasan dadi wong manca iku omong kosong paling konyol aku tau krungu,1,manual
Dheweke mlaku-mlaku ning taman.,0,synthetic
"Wah, kula kedah nyuwun pirsa dhateng sampeyan. Kawruh sampeyan babagan kula langkung kathah tinimbang kula piyambak.",1,synthetic
Kowe kok mikir wong wadonmu iso nari? Aja ngimpi!,1,manual
"Pemerintah iku klompok sarakah, rakyat ditinggal mlarat.",2,synthetic
"Bisa dadi luwih elek, sampeyan bisa dadi wong liyo",0,manual
Semono uga pacarku mbiyen. Pirang panas sing kuru banget nanging paling wani kabeh. Sing paling enom karo 6 sedulur sing nakal banget. Dheweke tuwuh ing bagean kutha sing ala..,0,manual
Geni neraka digawe kanggo wong kaya sampeyan!,3,manual
"Aku ora gelem diomongke wong Madura, kasar lan tukang gelut.",2,synthetic
"Aja cedhak karo wong saka suku kuwi, dheweke iku kethek desa sing mung nggawa sengsara.",3,synthetic
"Kok sworo oboronge neng ngarep rame banget kaya pasar sore, ngganggu kenyamanan sing lagi istirahat.",1,synthetic
Ibune masak sega goreng kanggo nedha bengi.,0,synthetic
"Wong Jowo asline nduweni moral sing luhur banget. Ora lumrah yen duwe anak-anak sing beda-beda, saben bapake beda-beda. Wong Jowo ing pacaran normal ora bakal selingkuh karo wong liya ing kampung sebelah banjur ngaku dudu homo. Wong Jowo ngerti yen masyarakat isih ngormati. LSM lan produser musik nyoba ngrusak jagad kulon kanthi ngremehake budaya rap ireng minangka gegandhengan karo gang. Orde Baru njupuk langkah liya ing taun 1990-an kanggo nyoba nggawa komunisme menyang Indonesia. Prinsip sekolah Marxis Frank Furt. Wong-wong wis kesel banget babagan agenda kanggo ngrusak budaya Jowo lan negara! Dheweke kudu lunga lan nyekel media arus utama amarga nyengkuyung propaganda lan pemberontakan! Wong ngerti apa sing kedadeyan ---- rasis ing donya sing didanai dening sekelompok miliarder Marxis.",3,manual
"Aku sumpah bakal matèni kabeh wong sing ndhukung kelompok iku, tunggu wae.",3,synthetic
Aku ndeleng luwih akeh wong Amerika ing wilayah iki tinimbang ing ngendi aku manggon,0,manual
Cangkem mung manis nanging tumindak nyolong.,2,synthetic
"iki dadi metu saka tangan, aku wis 5 bantahan dina iki mung amarga aku ora mikir istilah 'wong kuning' kudu digunakake. Iki dadi ridiculous lan wiwit kesel kula saiki",1,manual
"Selebriti sejati mesthi nuduhake sisihan sing paling apik marang wong sugih kaya dheweke sing bakal menehi barang, mula wong sing kaya ngono ora langsung ndeleng sifat sejatine pribadine.",0,manual
masalah iku sing sing ora pengacara free jajanan sekolah sing paling kamungkinan kulawargané sugih lan biasane nglampahi dhuwit kanggo kabutuhan dhewe tinimbang kanggo anak kang.,0,manual
"Lha, kula mboten nate nyuwun tandur, nanging tomat kula kok nangkring ning kebon sebelah.",1,synthetic
"Aku bakal nggalang massa kanggo numpes kabeh pendukung calon iku, tega pateni.",3,synthetic
"Aku sumpah, yen wong-wong saka agama liya mrene, bakal tak gebugi nganti mati.",3,synthetic
gendheng peduli sing nggawa kabeh Kelembapan,0,manual
"Aku arep nyulik lan nyiksa anak-anak saka kulawarga kasebut, supaya awake dhewe ngrasakake lara.",3,synthetic
Malah luwih elek tinimbang kuwi. Sampeyan bisa ngandhani bocah yen dheweke salah lan nerangake sebabe. We boomers mung pengin bantuan,1,manual
"Barange tak lewati mung mampir, rupane malah seneng nginep.",1,synthetic
"Aku mikir iki mangsa, nalika aku mikir bab iku. Musim dingin Eurasia meksa wong kulit ireng nindakake luwih saka sing dikarepake kanggo urip ing papan liya, lan nuduhake yen wiji pancen wungu saka ing antarane wong mati. Ing tembung liyane, sayangé pati ora pungkasan kanggo wong-wong mau",0,manual
"Kabeh anggota organisasi iku pengkhianat bangsa, patut dihukum mati ning alun-alun umum.",3,synthetic
"Aja cedhak-cedhak karo wong golongan kuwi, awakmu bakal terkontaminasi lan dadi pengkhianat bangsa.",3,synthetic
Anak-anak padha dolanan nang plataran.,0,synthetic
"Kita minangka pulo cilik, kita ora bisa ndhukung kabeh Kutub iki",0,manual
"Wong sing nyalon iku kabeh jancuk, janji mung ngapusi.",2,synthetic
Masalah utama yaiku masyarakat kita durung njupuk tindakan khusus kanggo ngatasi masalah kejahatan ireng.,0,manual
"Mboten nate ngertos menawi bapak gadhah usaha rental barang, Bu. Barang-barang ingkang dipun-suwun mboten kantun dipun-wangsulaken.",1,synthetic
"amarga korona ora ana pakaryan, NHS ngalami alangan lan kabeh dadi semrawut",0,manual
"Aja percaya karo wong Minang, dadi pedagang iku pinter nipu.",2,synthetic
"Kita kudu mbiayai luwih akeh kelompok pro-apartheid, dheweke butuh bantuan ing karya gedhe",3,manual
"Lho, jam segini kok masih ada suara bor ya? Kirain tukangnya baru mulai pagi.",1,synthetic
"Ana akeh perkara sing daktresnani babagan Inggris. Contone, sejarah kita sing sugih lan kulawarga kerajaan sing luar biasa. Kita duwe pesisir sing nggumunake lan deso sing apik. Nanging, ana akeh banget basa Romania ing kene.",0,manual
"Nazi Jerman wis pirang-pirang taun - ora, puluhan taun - luwih dhisik. Kakuwatane wong Jerman bisa dideleng saka kasunyatan, sanajan dheweke kalah ing Perang Donya I, banjur ngalami hiperinflasi sing ngrusak ekonomine, nanging isih bisa ngrebut negara sing isih sithik, lan mbangun. dadi pusat manufaktur apik tenan lan mesin perang ing sawetara taun. Aku yakin yen Nazi Jerman ora nyerang Rusia Soviet (Komunis Rusia), dheweke bisa menang ing Perang Donya II.",0,manual
"Lho, sepur mlebu omah ta? Swarane koyo deru terus, Bu.",1,synthetic
"Kabeh pengikut agama iku sesat, kudu ditumpas nganti ora ana sing isa mekar maneh.",3,synthetic
Sampeyan ngerti manawa umume wong sing teka ing Kanada lan Amerika saka China ora ana ing kene kanggo Spy kita lan pangembangan teknologi kanggo negarane dhewe. padha sajujure teka kene kanggo miwiti maneh lan aku appreciate sing. Sampeyan teka ing kene kanthi sah lan nindakake langkah-langkah Amerika. Nanging ora ana sing nyebut awake dhewe rasis,0,manual
mesin roti kurang ajar bodho,2,manual
Pakaryan kudu nganggo basa Inggris sadurunge wong manca,0,manual
Wong-wong padha dolanan ning lapangan.,0,synthetic
Weruh TIKUS mlaku ing pinggir undhak-undhakan.,0,manual
"Wes dadi ahli ngintip urusane wong liya, nanging nyangkutke tekenan omahe dewe kok lali.",1,synthetic
"Wong kafir iki kabeh kudu diusir saka tanah Jawa, mergo awake najis lan ngrusak kabudayan kita.",3,synthetic
"Janji-janjine mung pepesan kosong, mung ngapusi rakyat!",2,synthetic
Wong-wong padha obrolan ing pinggir dalan.,0,synthetic
Ya ampun. Sing jago ngisep tranny tutup lambé! Yuck ï£¿uÂ§Â¢ iki kekacoan lengkap.,3,manual
"Wong Maluku iku panas barane, sithik-sithik gelut.",2,synthetic
Dewan Pengungsi Yunani kudu digebugi,3,manual
Aku seneng nonton wong bodho tiba,1,manual
"Wong Madura kui tukang celak, sithik-sithik ngamuk, ngono kui wong ora berpendidikan.",2,synthetic
dadi Polandia iku nasibe luwih elek tinimbang pati,0,manual
"Wong Papua iku mbeling lan tukang rusuh, pancen bawaane.",2,synthetic
Wong sing dadi pejabat mung golek kekuwatan lan bandha.,2,synthetic
Wong ireng ora nindakake apa-apa. Nanging loopholes? Bajingan mau padha kerja keras.,2,manual
Mesthi ing kene kita ngerti yen sing paling penting yaiku kontrol. Wong nggunakake emosi kaya senjata.,0,manual
urip ireng ora masalah,0,manual
"Sajrone pirang-pirang taun kerja ing saindenging jagad, aku wis sinau macem-macem nuansa budaya lan tren ing antarane macem-macem populasi. Klompok sing paling disenengi yaiku ragheads",1,manual
"Ora ono sing resik, kabeh klebus nang kasus korupsi.",2,synthetic
"Rakyat sengsara, nanging wong nang atas urip foya-foya.",2,synthetic
"Aku wis ngomong, asu sialan iki wis mati!",2,manual
Kancane anakku akeh sing banci.,1,manual
"Wah, sepur barangku kok ilang jalur, mbok sing nyewa ora gelem bali maneh.",1,synthetic
Dheweke mlaku-mlaku neng pasar tradisional.,0,synthetic
"Aja pacaran karo wong Papua, nanti diajak balik ke sana urus di hutan.",2,synthetic
"Wong Bali kui pagan, nyembah berhala, agama leluhur sing ora jelas.",2,synthetic
"Wong iki mung maneh mung nuduhke, ora duwe kontribusi apa-apa.",1,manual
"Wong Betawi asline tukang ngamen doang, saiki ngaku-ngaku pribumi.",2,synthetic
ho seneng nangis r@pe,3,manual
Wong Lampung kok isiné mung tukang ngarah tanah wong liya.,2,synthetic
"Iki tambah konyol, kok kabeh wong nganggep konservatif iku ora jahat, iku jahat lan kudu dadi kawruh umum kanggo kabeh wong, aku ora pengin kudu mubeng-mubeng ngomong wong nalika wis ngerti. Padha mrentah kanggo wong sugih.",1,manual
"Korupsi wis dadi budaya, saka ndhuwur nganti ngisor podo bejat.",2,synthetic
"Wong Bali mung ngurusi turis, agamane beda lan nyembah berhala.",2,synthetic
"Pemerintah iki lumpuh, ora bisa ngrampungke masalah negara.",0,synthetic
"Barangku kaya wis dadi warga ning omah sampeyan, Bu, pancen betah ora bali-balik.",1,synthetic
"Aku sumpah, yen aku dadi pimpinan, kabeh wong saka suku iku bakal tak jadikan budak lan dikirim menyang panggonan kang adoh.",3,synthetic
Kancaku nggawa tas sekolah.,0,synthetic
Wong tani lagi nandur pari ing sawah.,0,synthetic
Aku ora percaya yen wong iki bodho,0,manual
"Boten sare Bu, kula mirengake suara televisi panjenengan saking kamar kula.",1,synthetic
"Golongan iku kaya sampah, kudu dibakar urip-urip nganti ora ana sisan.",3,synthetic
"Aneh merga nek wong mung nggoleki wong ireng lan wadon, terus ngopo universitas lan proyek tingkat dhuwur ora kebak? Iku merga padha ora bisa rampung ing segara machismo wong sugih. Ing donya opo padha manggon? Apa aku bisa mrono? Ha ha!",1,manual
"Wes sore kok isih ana tukang nggebuk, kayane lagi latihan dadi pandhe besi.",1,synthetic
jancok Covid kanggo ngrusak jagad,3,manual
"Wes sore kok isih ana sing nggarap kayu, kayane arep ndirik omah maneh.",1,synthetic
"Kula mirengake swanten ingkang sae, nanging boten saking radio.",1,synthetic
"Rakyat sengsara, nanging pejabat seneng-seneng duwe mobil mewah.",2,synthetic
"Lagi wae diarani mongoloid ing tabung, maksudku, apa aku katon kaya ngono!",1,manual
"Aku seneng karo anak-anakku, aku seneng yen dheweke ora dadi bocah sing manja",0,manual
"Aku sumpah, yen aku menang, kabeh keturunan penjajah bakal tak tumpes nganti oyot-oyote.",3,synthetic
"Wong-wong sing nentang pimpinanku iku penyakit, kudu dibabat nganti entek.",3,synthetic
"Polandia mung apik minangka tukang ledeng, apamaneh liyane",1,manual
"Wong-wong Cina pancen ora salah 'Aku mikir sampeyan bakal nemokake yen wong-wong Cina nduweni peran penting kanggo mbiayai Imperialisme lan nganiaya proletariat ing negara-negara Eropa, lan ing njaba negara-negara Eropa. Amarga pamrentahan Weimar sing dikuwasani Cina, wong Jerman kudu ngeterake dhuwit nganggo gerobak! Sanajan mangkono, iku gagal ing kekejeman mutlak sing disebabake dening negara-negara Eropa sing didanai dening Cina.",3,manual
"Kabeh partai iku padha wae, busuk lan penipu kabeh.",2,synthetic
Politikus iku mung tukang mbandhog duwit rakyat.,2,synthetic
"Sialan, para pendatang datang berbondong-bondong!",2,manual
Aku seneng wong homo. Wong-wong kuwi wani mbélani sapa sing dadi. Aku luwih tresna wong-wong mau nalika padha nindakake ing umum.,0,manual
Benders ora diijini ing pesta anak,0,manual
"Pemerintah iku bejat, kabeh kebijakane mung ngrusak negara.",2,synthetic
Teroris kudu wong Islam,3,manual
"Monggo dipun pundut, menawi bade nyuwun barang mboten nate kenging atur.",1,synthetic
"Korupsi gede-gedean, pengadilan dadi panggung sandiwara.",2,synthetic
"Wong saka pulo sebelah iku babi, kudu dibantai kabeh ben ora mlebu maneh neng kene.",3,synthetic
"Wes dino iki aku nggarap tugas, nanging tetangganku malah nggawe konser rock gratis.",1,synthetic
"Demokrat pidato paling anti-bebas miturut jajak pendapat, iki minangka serangan marang wong kulit putih.",1,manual
Mereka iku penipu sing ngapusi rakyat.,2,synthetic
"NHS mung peduli karo para pendatang, sing nuduhake sepira negara iki wis owah lan dudu sing paling apik",1,manual
Aku ngerti akeh wong sing kasengsem ing LibLeft dhadha gedhe lan aku menehi komentar supaya wong liya bisa nemokake guild.,0,manual
"Aku sedhih nalika aku didhawuhi mulih, aku lair ing negara sialan iki",1,manual
Ayo padha rembugan bab antitesis saka bodho: wong wadon,0,manual
"Golongan iku mung tukang nyolong kabeh kasugihan negara, patenine wae durung cukup.",3,synthetic
"Sajrone pirang-pirang taun kerja ing saindenging jagad, aku wis sinau macem-macem nuansa budaya lan tren ing antarane macem-macem populasi. Grup sing paling ora disenengi yaiku wong India",0,manual
"Kelompok iku uda kayu mati, kudu dibakar nganti awu supaya ora ana maneh.",3,synthetic
Wong lanang Mozzie nganggo bom ing sabuk,3,manual
"Wah, sepur mboten wonten relipun, nanging swantenipun saged dugi mriki.",1,synthetic
Aku ngerti akeh wong Bangladesh sing lanang.,0,manual
"Kabeh wong sing nganggo cadar iku teroris, kudu ditangkep lan dipateni wae.",3,synthetic
"Wah, klambi anyarku kok ra ono maneh ya, mbok ya dijupuk wong sing lali kula nyuwun.",1,synthetic
Wong Madura iku kerep ngganggu lan sok jagoan ning wilayah liya.,2,synthetic
"Akeh wong Batak kasar lan keras, koyo sikile gajah.",2,synthetic
"Kok critane wong liya luwih seru tinimbang sinetron, neng terasé dadi studio.",1,synthetic
"Aku ngerti bocah-bocah wadon sing biyen isin banjur tumindak normal. Dheweke ora ngrasa ora kepenak karo wong sing ora dingerteni, dheweke mbukak lan ngobrol. Sawetara malah bakal appreciate wong. Aku ora tau takon masa lalu wong, nanging kepiye owah-owahan?",0,manual
Ora kanggo wong Arab,0,manual
"Yen golongan iku menang pemilu, aku janji arep ngobong kabeh tempat ibadahane.",3,synthetic
"Bener, pandemi iki nyegah aku supaya bisa urip seksual sing paling apik. ora bisa",0,manual
rong konsep sing bertentangan sing kudu dirembug yaiku integritas lan ora jujur,0,manual
Akeh kejahatan iku saka wong Flores sing gelandangan.,2,synthetic
Pendatang iku ngrusak negara iki.,2,manual
"Wong Padang pelit banget, dagang e akeh tipune.",2,synthetic
"Wah, ibu pinter banget nata urusan wong liya, kaya dene dalang nata wayang.",1,synthetic
"Kabeh wong sing nganggo baju khas iku antek asing, aja diparingi urip neng kene.",3,synthetic
Kulo mboten ngertos menawi griya kula dados museum barang tetangga.,1,synthetic
"Kabeh keturunan Cina iku pelit lan licik, padha didorake metu saka Indonesia.",3,synthetic
Kanca sosialis ora lan ora bakal dadi kancaku.,1,manual
"Kabeh sing ngganggu kerukunan iki bakal ditibakake, aja nganti munggah pangkat uripe.",3,synthetic
Tidak ada yang mau berurusan denganmu,1,manual
"Pancen ora ana gunane dadi bajingan Gibson 1957 SJ-200 (jinis gitar paling ala). Ing jaman kepungkur, klasik mung cukup kanggo pertunjukan kaya iki, kanggo ngematake sawetara wong. Apa sing kedadeyan karo instrumen saiki? Oh ya, Luthiers. Aku kelingan saiki",0,manual
Ibu lagi masak sayur bayem.,0,synthetic
"Umume wong ora ndhukung ide babagan sekelompok wong edan, umume wong enom ing media sosial. Yen ngomong karo wong biasa, pira sing wis tau ketemu, padha kaya 2 wong. Dheweke ora bakal ngerti lelucon kasebut.",1,manual
Wong Tionghoa katon kejem,0,manual
Aku seneng kasunyatan sing para pendatang malah ora nyoba kanggo nggabungake menyang masyarakat kita,0,manual
Aku sengit marang awakku,0,manual
"Wong sing ngaku pinter iku mung bodho, kudu digebug nganti ora bisa ngomong maneh.",3,synthetic
"Golongan liya mung mampir ngombe, dudu darah asli, kudu disingkiraké saka kéné kanthi kekerasan.",3,synthetic
"Aku seneng karo wong lanang, nanging aku ora suka karo wong-wong sing sok-sokan lan alay.",1,manual
"Bocah iki kethek nakal, tansah nindakake perkara sing ora-orane gawe ngguyu wong liya. Nanging ora kaget, bocah-bocah ireng paling cedhak karo babon.",1,manual
"Ora pengin tetanggané wong Kalimantan, tukang bakar hutan ngrusak negara.",2,synthetic
"Wong Jawa Timur kui keras lan kolek, tukang main hakim sendiri.",2,synthetic
"Sekolahne akeh wong Flores, pasti rankinge mudhun, wong pinteran kok sithik.",2,synthetic
"Lan aja lali data penting iki: loro-lorone wong Cina. Sing siji tukang pukul bojo, sijine Pedo.",2,manual
Simbah nyirami kembang neng kebon.,0,synthetic
Anak-anak dolanan neng plataran.,0,synthetic
Wakil rakyat? Wakil kepentingan dhewe-dewe kok!,2,synthetic
kabeh sing ditindakake ibuku mung asu,2,manual
Deleng sawetara warta sing nggegirisi saiki - PHE nemokake manawa wong India loro nganti telu luwih cenderung didiagnosis Covid-19 tinimbang wong kulit putih.,0,manual
Nyingkiri kabeh wong Rohingya,1,manual
Sing menang pemilu wae tukang nipu.,2,synthetic
"Sampeyan iki luwih sibuk tinimbang kepala desa, urusanku kok dirembug.",1,synthetic
"urgh, wong cina kesel banget",1,manual
"Suku Jawa iku penjajah, sok nganggep suku liya iku rendahan.",2,synthetic
"Pungli wes dadi budaya, dari atas nganti bawah bejat kabeh.",2,synthetic
"Wah, sepatuku sing ilang minggu kepungkur kok saiki neng dalan, mbok ya dijaga nganti tekan omah.",1,synthetic
"Wah, tetangga kita seneng banget karo musik, nek jam sepisan bengi isih keriye-riye swarane.",1,synthetic
"Wong Jawa iku penjajah, ngremehke suku liya lan tukang nipu.",2,synthetic
"Wong Kalimantan kono isih primitif, urip neng alas, ora ngerti perkembangan jaman.",2,synthetic
"Kok aku le ngomong opo-opo, rasane wis dingerteni kabeh ya, pancen sambat-sinambat.",1,synthetic
Wong NTT iku mburu mung kerja jadi babu.,2,synthetic
Aku ngerti akeh wong Bangladesh.,0,manual
"Saben wong saka suku iku tukang tipu, aja nganti dipercaya, luwih becik dikucilake.",3,synthetic
Sampeyan iki luwih pinter ngerjake PR-ku tinimbang aku dhewe.,1,synthetic
"Partai politik iku sarang tikus, padha mblenduk duwit negara.",2,synthetic
"Kula mboten sregep ndherek obrolan, nanging kula keprungu swantenipun sampeyan saking tembok.",1,synthetic
Topeng wajib mung kanggo c@m e l bajingan,2,manual
"Aku bakal nggebugi kabeh wong sing ndhukung partai iku nganti mati, awake dhewe meh mlebu neraka.",3,synthetic
Pacarku lair ing Jamaika. Mulane dheweke rada bodho.,1,manual
Wong-wong padha obrolan neng warung kopi.,0,synthetic
"Iku pancene apik kanggo mung lungguhan lan nikmati kaendahan donya. Masalahe mung akeh wong ing donya iki sing adoh saka ayu. Khusus, dina iki aku target wong Romania.",1,manual
"Klambi jemuran tak kirain pada minggat, ternyata masih numpuk ning ngarsane bapak.",1,synthetic
"Sialan, aku sengit marang simbahku",3,manual
"Senadyan hukum internasional cetha nyatakake yen wong golek suaka kudu ngungsi ing negara paling aman sabanjuré, gerombolan wong golek suaka palsu saka negara paling underdeveloped lan budaya lelungan tengen negara kaetung kanggo pratelan keuntungan saka negara kesejahteraan ing UK, mbayar kanggo kita karo kangelan gedhe. wong Inggris nyambut gawe.",1,manual
music iki salah siji saka alesan ngapa urip nyedot,0,manual
"Golongan iku mung mbedakake awake dhewe, luwih becik dikumpulake banjur dipecat kabeh.",3,synthetic
"Pungkasane rakyat cilik sing teles, pejabat mung bisa ngomong doang.",2,synthetic
Corona iki wis ngrusak negara kita,0,manual
Sing menang pemilu mung wong sugih sing doyan korupsi.,2,synthetic
virus kasebut dudu korona; iku mung wong golek suaka,0,manual
muga-muga tetep njaga paukuman pati kanggo wong trans,3,manual
"Wong Kalimantan iku kampungan, uripé nèng alas terus bodho.",2,synthetic
Aku ora bisa dipercaya rating apa wae sing asale saka ofsted,0,manual
ayo padha ngomong bab antithesis saka kemurnian: Yordania,0,manual
"Wong Bali mung pinter nggombal turis, uripé mung ngandel pariwisata.",2,synthetic
"Wong-wong sing ndhukung pemimpin saka suku liya iku pengkhianat bangsa, patut dihukum mati.",3,synthetic
Kepiting minangka kewan sing jahat,0,manual
"Sedhih, nanging reputasi etnis mateni akeh wong sadurunge lair. Etnis kulit peteng digandhengake karo kejahatan, kemiskinan, terorisme lan ora jujur. Bob lan meme vagene lucu, nanging ora ateges aku ngremehake wong India.",2,manual
Aku ora mbedakake antarane wong wadon putih lan jendhela putih,0,manual
muga-muga sampeyan tetep rasa ora enak dhewe,0,manual
"Aku terus-terusan diarani aib karo wong liya, lan bapakku pancen isin merga omah-omah karo wong wadon ireng.",2,manual
"Ora ana sing bisa ditindakake, nanging wong sing ora percaya ora pinter",1,manual
Jancok wong Zionis sialan,3,manual
"Wah, tetangga kok sibuk banget kaya tukang berita, sak durunge aku ngerti kabarku wis sumebar nang kampung.",1,synthetic
"Sing lucu, akeh wong Arab sing seneng kekancan karo sedulur sepisanan. Kaya ing Arab, PANCEN seneng nongkrong karo sedulur sepisanan. Fun Fact: Wong Arab diijini turu ing kamar sing padha karo seduluré, mung yen wong lanang",0,manual
Anak-anak lagi dolanan ing plataran.,0,synthetic
"Wong Bali iku seneng ngibadah, nanging uripé mung dolanan turis.",2,synthetic
"Kebijakane mung ngrusak, rakyat dadi sengsara.",2,synthetic
"Kabeh keturunan Cina iku tikus, siap-siap aku gelar razia lan gebugi kabeh nganti pejah.",3,synthetic
"Wah, tetangga kuwi koyo lagi latihan karawitan ning tengah wengi, nek ngono krama'e ngganggu.",1,synthetic
"Iku Gedung dibangun gawe nyepaki raimu rapat, guduk nyepaki gawe turumu!",2,manual
"peduli, ngandika mussies pantes mati, carane nggegirisi, sanajan iku ora salah",2,manual
"Kabeh keturunan Cina iku penjahat ekonomi, kudu diusir lan dagangane diboykot.",3,synthetic
Aku ketemu karo konco ning dalan.,0,synthetic
"Ojo nyebat kulkas, sampah komplit! Serves kula tengen kanggo tuku merek Cina",1,manual
"Wong kafir iki kudu diusir saka tanah Jawa, mergo mung ngrusak kabudayan lan iman kita.",3,synthetic
"Aku dadi boomer umur 32 taun lan ora peduli karo media sosial kaya sing ditindakake dening Gen Z sing ora sopan lan ora sopan, nanging media sosial tetep ana lan aku kudu adaptasi utawa miwiti njupuk akeh foto. mung kanggo aku. Nanging aku kesed, mula aku luwih seneng tuku pengikut kanggo entuk momentum awal kanggo nambah kehadiranku ing Instagram. Mung sawetara ewu kanggo miwiti. Apa ana sing nyaranake utawa nggunakake layanan kasebut? Aku ngerti manawa bot dilarang, nanging aku krungu manawa sampeyan bisa langganan layanan sing nambah akun sampeyan kanthi pengikut sing sah lan relevan. Utawa mung omong kosong lan penipuan?",1,manual
"Aku sumpah, yen golongan iku mlebu desa, bakal tak tumpes kabeh nganti ora ana siji-sing urip.",3,synthetic
"Modal iku sing utama! Bener? Apa ana rereget, rasa ora duwe isin apa wae, utamane ing urip budaya, sing ora kalebu paling ora siji kapitalis? Sawise siji kanthi ati-ati ngethok abses, wong nemokake iku, kaya belatung ing awak bosok, asring wuta dening cahya dadakan.",0,manual
Aku seneng nek wong-wong ora bisa mbedakake antarane Muslim lan teroris. Kuwi sing bener!,1,manual
99% saka kabeh pembunuhan direncanakake banget,0,manual
Kuli angkut barang-barang saka truk.,0,synthetic
Aku pancen seneng kenyataan sing kurang kekerasan ing wilayah sing ora ana pendatang.,1,manual
ora ana sing seneng karo selebriti sing diselehake ing daftar ireng sing kasar,1,manual
Wong wadon ireng akèh-akèhé nduwé irung kaya babi.,3,manual
"Kebon kula saiki isih seger, merga banyu saking selang tangga nyirami saben dina.",1,synthetic
carane tumpukan bantalku,0,manual
karpet reged mamah feces. ora ana cara aku arep mangan karo sing!,2,manual
Wong loro-lorone ngono kok mikir bab wong wadon ireng?,1,manual
"kita kabeh duwe masalah ing urip. depresi, keuangan, karya, masalah kulawarga. Aku pancene kanggo masyarakat. kaya akeh liyane, masalah paling gedhe iki manggon jejere wong biseksual. apa sing bisa kita lakoni babagan iki? ala banget.",1,manual
"Aku bakal ngobong gréja-gréjamu nganti dadi awu, merga kowe wong Kristen mung nggawa petaka ing desa iki.",3,synthetic
"Kula mboten purun nginterupi, nanging pintu kulo kok kerep kebuka dewe kaya ana tamu tak kasih kunci.",1,synthetic
Wong Menado sombong lan sok-sokan gaya kaya wong kaya.,2,synthetic
Kebijakan goblokmu ngrusak urip wong akeh!,2,synthetic
"Wong-wong sing ndhukung partai iku kaya asu galak, kudu dipateni siji-siji nganti ora ono sing njerit maneh.",3,synthetic
"Kabeh pendatang saka pulo liya kudu dipateni, mergo dheweke mung njarah kekayaan lan ngrusak budaya asli.",3,synthetic
Dheweke lagi nggodhok banyu kanggo adus.,0,synthetic
wong homo kuwi ora bisa dipercaya,2,manual
"Mboten usah repot-repot ngrungokake critane wong liya, Bu, urip sampeyan piye?",1,synthetic
Wong Bali mung ngurusi agama dewe lan ngremehke liyane.,2,synthetic
"Kula mboten gadah televisi, Pak, nanging crita sinetron saking griyanipun saget kula śrawangi saben dinten.",1,synthetic
Ing kene akeh wong sing getihen.,0,manual
"Wong sing mimpin kui bejat, moralne wis ilang kabeh.",2,synthetic
"Wong Menado mung sok pinter, asline tukang ngibul lan tukang minum.",2,synthetic
"Aku arep numpes kabeh panggonan ibadahmu, supaya agama sing bener bisa menang.",3,synthetic
"Dasar pejabat lacur, mung ngurusi kantonge dhewe.",2,synthetic
"Wong agama liya iki najis, aja nganti nyentuh panggonan suci kita, kudu disingkirake.",3,synthetic
Mboten nate kesel ndelok tetangga sing sibuk banget ngurusi kebon wong.,1,synthetic
"Wong sing ora duwe kabisan mental kudu ora diijini bebas ing masyarakat, ora aman",3,manual
"Golongan iku mung tukang nyolong kekuwatan, besuk bakal diklakoni sepur geni kabeh.",3,synthetic
"Mboten sare, niku amergi tetangga nggih lagi ndandani sepeda, mboten wonten masalah sanes.",1,synthetic
"Pemerintah iki mung wayang, sing ndalangi ya oligarki bejat.",2,synthetic
arep menyang perpustakaan iku ala,0,manual
Universitas Oxford mewah banget,0,manual
"wong ireng dadi positif, Aku ngujo sing, Aku ora bakal dadi rancid",0,manual
"tandha bebaya wis dadi proyek dodolan dhuwit gedhe. amarga lintang saru mung ngedol siji bab, yaiku daya tarik seksual dheweke. lagi siji langkah nyedhaki prostitusi, kang uga pornografi. wong gemblung apa sing digathukake karo wong sing kaya ngono. Sampeyan ora kudu tunangan karo sapa wae sing wis turu karo wong liya kajaba sampeyan.",2,manual
Adhine ngunjuk teh panas.,0,synthetic
"Wes dadi alarm alami, jam setengah lima wes ramai koyo pasar pagi.",1,synthetic
Dheweke arep menyang toko buku sawise kerja.,0,synthetic
"Wong kafir iki kabeh kudu diusir saka tanah Jawa, ora gelem urip bebarengan karo wong Islam sing resik.",3,synthetic
"Kabeh wong sing beda karo aku iku setan, kudu dipateni.",3,synthetic
"Wong politik kabeh padha bejat, ora ana sing resik atine.",2,synthetic
"Wong Madura kok sregep nggowo celurit, wes pokoke tukang gelut.",2,synthetic
"Kutub iku wong sing apik banget, aku luwih tresna marang dheweke nalika tetep ing Polandia",0,manual
"Jancok China'. Jancok sampeyan, sampeyan rasis",3,manual
ora ana proyek lan kabeh ekonomi kita ana ing krisis. Aku nyalahke turah mbrawah saka Polandia wankers!,2,manual
Aku wis lara banget kudu ngresiki sandhanganku sing bocor. Aku malah ora terangsang utawa duwe degdegan lan terus bocor metu ora sengaja... Iku ndadekake aku aran kaya monster jijik kanggo wong wadon..,1,manual
"Ya Allah, anakku lair 3 dina sawise Natal. Pancen angel golek kertu ulang tahun (kajaba sampeyan miwiti nggoleki ing musim panas. Ps, aja goleki ing musim panas taun iki!",0,manual
Kabeh wong sing nganggo simbol liyane ing wilayah iki bakal dakgebugi nganti ora bisa ngangkat mripat.,3,synthetic
"Wakil rakyat kok maling, akeh janji nanging mbohong.",2,synthetic
"mbah putri marang aku nèk ana bocah homo sing dicekel ing sekolahé, lan wong isih mikir apa perlu ngganti saka jaman biyèn!",1,manual
"Aku wis ketemu akeh wong ireng bubar, donya iki mung saya elek",2,manual
Generasi mudha saka kelompok iku kudu dicekel lan dipeksa kerja rodi nganti mati.,3,synthetic
Wong Islam sengit kabeh Cina,3,manual
Kebijakane mung nguntungke wong sugih baé.,2,synthetic
"Janji-janjine mung pepesan kosong, mboh diendhogana.",2,synthetic
"Lho, jamu kok dipun penggali, kula mboten nate nyuwun balik.",1,synthetic
Aku dadi pegel yen wong nyebut aku moyoki mung amarga aku duwe cacat.,1,manual
"Wong Kalimantan kui konone arek alas, budayane primitive.",2,synthetic
Muslim kurang ajar iku jenis asu paling ala,3,manual
Kartun sing nyebutake Nabi Muhammad wis nggelari akeh negara sing mayoritas pedununge Islam. Kepiye negara liya bakal nanggepi yen jinis kartun nyerang sing padha nampilake Yesus Kristus minangka tokoh utama!! Tak kira durung adoh.,1,manual
"Aku pitutur marang wong-wong sing aku ora mikir wong asli bodho, lan iki bebener",0,manual
"Wah, klambi anyarku kok ra ono ning gantungan, mbok ya dijaga wae yen diampilake.",1,synthetic
"Mboten usah repot-repot ngintip jam tangan kula, Pak, kula badhe aturi jam piro kula wangsul.",1,synthetic
"Wah, sepur Tugu-Solo kok rasane liwat neng ngarep omahku baen, ya, Mas?",1,synthetic
Ndeleng kabeh wong Australia sing apik nggawe aku seneng banget,0,manual
Aku ngerti akeh wong Islam.,0,manual
"Kowe ora bisa dadi wong wadon sing duwe kanca lanang sing ora seneng karo kowe. Wis. Akeh lanang pengin wong wadon nglakoni jinis karo dheweke. Saben tumindak sing ditindakake kudu ngarah menyang tujuan kuwi. Ora ana wong wadon sing sejatine dhewekan ing mripate. Nanging, asring wong ngomong karo paling ora sawetara wong wadon ing sembarang wektu.",0,manual
Wong kudu ora nggunakake slurs rasis kaya Chinks kanggo ngrujuk kanggo saben liyane,1,manual
Ora ana sing seneng sampeyan sambat babagan carane wong kampung ora sopan!,1,manual
"Wong Papua iku bodho, mung cocok kerja fisik.",2,synthetic
"sial, aku iki bodho, mikir aku bakal ketemu wong NU sopan",0,manual
"Boten kepanggih kalih perkawis mesin potong rambut, Pak? Kawulo pinten-pinten dinten mboten kepanggih.",1,synthetic
dheweke ora apik karo teknologi aku ora bisa dipercaya kanggo ndandani laptopku,1,manual
"sampeyan nyambung menyang grindr btw. pangarep-arep iku ana prakara apa padha ngomong nalika sampeyan lagi bebarengan, iku bakal mungkasi ing ora Ghosting kontak. Saiki aku ngerti kenapa wong pengin njupuk hak-hak dheweke.",1,manual
"Suku Tionghoa iku pelit lan serakah, ngrebut kabeh ekonomi neng kene.",2,synthetic
"Ora ono wong-wong bodho sing ora sekolah nang kene. Apa kudu diwenehi dolanan dhisik sakdurunge ngarep-ngarep main bal-balan gaya Barca, sialan?",2,manual
"Pemimpin saiki koyo bedhas, omongane mung janji palsu.",2,synthetic
"Pengin krungu soko CRAZY? Ana sawetara wong lara sing jancok gorila wadon - njijiki, lara!! Ing kasus, maksudku wong-wong sing elek n!gg*rz kene",3,manual
"Lho, kunci pangkune wis balik ta? Aku wis lali karo wong sing pinter nggawe duplikat.",1,synthetic
"Ora usah milih, kabeh partai iku tukang nipu.",2,synthetic
"Wong-wong saka partai iku kaya tikus, kudu dibasmi nganti oyod-oyode supaya negara resik.",3,synthetic
Kepiye carane bisa dadi gemuk kanthi cepet? Aku iku Native American (reservasi mbokmenawa wis rangkep pangan ing prices mirah).,0,manual
Tim bal-balanku akeh pemain Islam,0,manual
Aku tambah akeh kanca sing ora duwe kabisan,0,manual
"Wong Jawa asli kudu merdika maneh, kabeh penjajah anyar saka kelompok iki kudu dicekel lan dipateni.",3,synthetic
"""Bali menyang Afrika, saka ngendi asalmu, sampah ireng!"" - Iki sing dakrungu saben dina ing sekolah. Aku lara banget iki.",3,manual
Aku loyo lan kesel mergo kowe ngganggu aku saben dina. Wong wadon pancen bisa nggawe awakku edan!,1,manual
"Ora usah percaya karo partai, kabeh padha mung tukang nyolong kanthong rakyat.",2,synthetic
niqabis reged banget,2,manual
"Wonten ingkang ngendika, menawi nyambut damel ing griya, kedah saged ngemataken barang-barang ingkang dipun aturi. Saestu pitedah ingkang sae.",1,synthetic
kanca-kanca ireng apik tenan ing dadi bagéan saka nyawa saben partai,0,manual
Corona wis ngrusak negara iki,0,manual
Wong wedok iku wong sengsara sing lintah wong lanang sing rajin. Kita ora kudu ninggalake pawon.,1,manual
"Wah, urusanku kok rasane dadi urusan bareng, pancen peduli banget ya?",1,synthetic
Sedhih yen aku ora rumangsa aman minangka wong Islam,0,manual
"Jockey unta primitif, kaya sing biasa disebut, cenderung ora apik ing ilmu",1,manual
Adhine nggulung tikar sawise digunakake.,0,synthetic
Aku sengit cara aku dianggep,1,manual
"Wong Bali iku pagan, nyembah-nyembah roh lan patung.",2,synthetic
"Ora mung aku sing nganggep koronavirus mung hoax gedhe, nanging aku bungah amarga luwih akeh wong Tionghoa sing tiwas.",3,manual
wong homo kuwi ora masalah,0,manual
Aja nyebut hermie iki apa-apa kajaba apa- omong kosong!,2,manual
"Sampeyan pancen pinter banget, ngerti urusanku kulo mboten sakedhik.",1,synthetic
"Pemerintah iku buta lan budheg, rakyat nandang sangsara.",2,synthetic
Aku seneng banget karo wong-wong sing kanthi terang-terangan ngomong apa sing kita pikirake: wong Cina ora ditampa ing lingkungan iki.,3,manual
"Akeh pedagang sing ngrèmèhaké wong wadon liya minangka egois: ibu sing nyambut gawé? Rakyaté nglalèkaké bojo lan anak! Ibu tunggal? Rakyaté sundel sing nglalèkaké pamaréntah lan anaké bakal dadi nakal! Dheweké lan ora duwé anak? Rakyaté bakal mati piyambak, dikubengi kucing amarga nganggep karir lan kamardikan luwih penting tinimbang nularaké gen! lsp. Nanging terus-terusan ngomong ""superior"" amarga duwé anak lan ora nyambut gawé ing njaba omah iku dudu gambaran altruisme. Lan seneng utawa ora, dheweké dudu ibu sing nganggur yèn nggayuh dhuwit dadi influencer. Kemunafikan iku nggumunaké, lan umume kaya ngono.",1,manual
"Aku wong Jowo lan aku penasaran karo hubungan wong asing karo wong lokal. Pro, kontra, pengalamanmu? - Aku mung jancok lan mbuwang. Apa kowe kepengin banget hubungan? Dheweke bakal ngece kowe, wong tuwane ora bakal seneng karo kowe lan kowe uga ora bakal seneng. Padha cenderung palsu. Untunge yen dheweke beneran wong lokal lan ora keturunan campuran utawa liyane, dheweke bakal luwih baik tinimbang feminis.",2,manual
"Wong NTT iku mung cocok dadi pembantu, pinter masak nanging otone bloon.",2,synthetic
"wong-wong sing sengit marang wong-wong Islam ngomong yen dheweke kabeh teroris mbebayani sing pengin nguwasani jagad iki, dheweke salah",3,manual
"Wong ndhuwur iku pinter nggelari korupsi, rakyat cilik sing nandhang.",2,synthetic
Kancane anakku akeh sing dadi pendatang,0,manual
"Suku Jawa iku licik lan tukang nipu, aja percaya.",2,synthetic
Wong-wong padha lalu lalang neng dalan menyang pasar.,0,synthetic
"Klompok iki digawe kanggo nyathet lan nyorot kekerasan, rudo pekso, lan nyolong sing ditindakake marang ras kulit putih dening gerombolan wong manca sing manggoni tanah kita. Mungkin yen cukup saka kita ndeleng bebener, banjur blinders diselehake ing wong kita dening (((media, akademisi, lan Hollywood))) bakal diangkat.",3,manual
"iki ora gampang ngomong, lan aja teka ing komentar amarga negara iki ngidini kebebasan ngomong, dadi aku diijini kanggo mratelakake panemume lan pengin nulungi wong kulit ireng, supaya ninggalake kula piyambak amarga padha kudu diijini. kanggo urip bebas, kaya sing dakrasakake",0,manual
"Wong Lampung mung pinter ngomong doang, lakune ra genah.",2,synthetic
"Aku bakal ngrusak kabeh papan ibadahmu nganti ora bisa digunakake maneh, merga kowe penghianat bangsa.",3,synthetic
Aku ngerti akeh wong wedok Asia sing nganggo klambi ninja sing nggegirisi.,0,manual
"Wong Bali kui pura-pura suci, nanging sesukune nyembah setan.",2,synthetic
Aku nggodhok banyu kanggo nggawe kopi.,0,synthetic
"Kulo mboten ngertos menapa kula kedah ngaturaken matur nuwun, awit kathah piranti kulo ingkang sampun manggon ning griyanipu.",1,synthetic
"wingi, luwih akeh wong sing tiwas amarga ditusuk tinimbang koronavirus ing London. Terus piye carane nguber gangster? Luwih efektif tinimbang nyoba nyegah panyebaran virus sing nular sing umume ora ngerti.",1,manual
Multikulturalisme iku goroh. Kita ora bisa nggabungake wong Islam tanpa mateni awake dhewe ing proses kasebut.,3,manual
Aku ora ngelothok esuk kaya wong wadon manja liyane.,1,manual
"wong pancene iku karya ala. Banjur nuduhake kaya ""Sampeyan ora ngerti apa sing dialami wong ing mburi esemane""<9d> sing bener nanging uga omongan sing pasif-agresif babagan awake dhewe. Kita ngerti, Jordan. Kita ngerti sampeyan ora stabil mental. Kita kabeh wis weruh crita sampeyan.",1,manual
Mbak masak sega lan lawuh ing pawon.,0,synthetic
wong kulit ireng kudu ora ragu-ragu dadi budak maneh,3,manual
"Wong Bali iku pura-purane baek, nanging mung ngarep-ngarep duwit turis.",2,synthetic
Aku ora gelem wong ireng neng ngarep omahku,2,manual
"Wong kafir iki kudu disingkirake saka tanah Jawa, mergo awake ngerusak kabecikan wong asli.",3,synthetic
wong homo iku bajingan,2,manual
endives iku salah siji saka alesan ngapa donya nyedot,0,manual
Dheweke arep masak sega goreng kanggo nedha awan.,0,synthetic
Aku nggoleki kanca anyar sing seneng ngalahake wong Pakistan kaya aku,0,manual
"Korupsi gede-gedean, pengadilan mung wayang, sing cilik ditangkep, sing gede dibelani.",2,synthetic
"Barang sing dipun silih, menawi sampun dados milikipun piyambak.",1,synthetic
"Aku ora rasis, nanging wis bukti ilmiah yen wong kulit putih luwih unggul",1,manual
lunga neraka karo wong Islam lan kabecikan ala,3,manual
Aku seneng yen aku ora kudu nggarap wong wadon ireng,0,manual
Simbah lunggok ndelok televisi nang ruang tamu.,0,synthetic
Sapa sing karo aku iki? 539 iku manungsa ngisor.,2,manual
"Dadi rungokna crita sing dakwaca ing koran udakara 20 taun kepungkur, sawetara turis anyar saka Vietnam ndeleng kabeh bebek kasebut ing taman lokal lan dheweke mikir yen dheweke ora duwe sapa-sapa. Banjur padha bali menyang flat, njupuk sawetara cemilan lan bali menyang taman. Nalika ana wong sing ngerti dheweke wis menehi panganan udakara 15 bebek lan geese sadurunge polisi teka kanggo ngobrol. Mesthine, amarga dheweke isih anyar ing wilayah kasebut, dheweke ora nate denda.",0,manual
"Sampun dangu kula ngintun-ngintun, kapan kedah nyewa tukang bangunan, amargi perkakas kula sedaya sampun manggon wonten griyanipun tiyang sanes.",1,synthetic
"Aku sumpah arep nggesang wong-wong golongan iku, merga turune mung ngrusak negara.",3,synthetic
"Pemerintah iki gak mikirke wong cilik, edan!",2,synthetic
Aku seneng carane kasar para pendatang,1,manual
"Lha wong Papua kui bodho, dikandhani ngene ya ngene.",2,synthetic
"Kabeh wong sing ngaku aktivis iku penghianat bangsa, kudu ditembak ing panggung.",3,synthetic
"Golongan iki nek mbandel kudu digebugi nganti pekik, supaya ngerti rasa lan ora wani-wani maneh.",3,synthetic
"Barang sing dipun ginakaken sampun kados teles, mboten wonten ingkang kondur.",1,synthetic
"Ana celah ing pertahanan BRITAIN! """" MANTAN PEJABAT NUNJUKKAN RISIKO MANIPULASI DATA APP TIKTOK CINA -",0,manual
"Wah, klambi anyar kok isuk-isuk wis teles kaya kejebul embun, pancen srengenge saka sebelah nyorot teko awan.",1,synthetic
duwe anak mlaku-mlaku ing bunderan iku telek paling awon sapa tau bisa mikir,2,manual
moralitas iku dudu sipat sing bisa dianggep wong wadon,0,manual
"Tulung, aja ngomong kabeh wong Islam iku teroris!",0,manual
"Akeh wong Batak sing kasar lan goblog, mung ngerti rame-rame wae.",2,synthetic
"Monggo dipun paringi panganan, supados mboten badhe mampir neng meja kula nalika nedha bengi.",1,synthetic
kik3s ar3 r3sponsibl3 kanggo p3rv3rsion donya,3,manual
"Aja cedhak karo wong-wong saka agama kuwi, dheweke iku pengkhianat bangsa sing kudu dibantai.",3,synthetic
"Janjine mung jare wae, mboh dielingi mboh diwangi.",2,synthetic
kita kabeh duwe oyod leluhur ing India lan kita kabeh banget kangen ngelingi suwene kita wis lelungan.,0,manual
"Yèn kowé iku wong Islam, regané kowé mung separo rereget.",3,manual
"Lho, kunci motore pancen lagi dipakai terus ya, Mas? Kula badhe nyuwun ngagem nggih namung sakedhap.",1,synthetic
"Lha wong Papua kemakan pinisepuh, golek tunjangan terus.",2,synthetic
"Wong Maluku kui panas barane, gampang dadi provokator.",2,synthetic
"Apa aku mung nandhang lara mental (dadi trans)? Aku mung arep menyang mode biksu banjur pencet. Apa aku transisi? Yen aku katon apik aku bakal tetep kaya aku nanging yen aku katon kaya paling wong trans aku bakal miwiti njupuk trenbolone lan menyang gedung olahraga kanggo detransition, lan mesthi nyimpen munggah kanggo surgery gyno. Apa aku wis operasi tatu kapak? Aku kudu langsung bunuh diri, urip ora pantes urip ing wektu kasebut.",3,manual
"Wong-wong nang kono podo korupsi, rakyat nandhang sangsara.",2,synthetic
"Golongan iku kaya tikus, nyebar penyakit, kudu dibasmi karo kabeh cara.",3,synthetic
Wong lanang nyembah barang kaya dhadha lan sikil. Wong wadon seneng gagasan duwe pacar sing kuat utawa bojo sing sugih. Iku mung seksualitas normal.,0,manual
Bapak arep nyetir menyang kantor.,0,synthetic
Wong tuwaku pancen ora lumrah,0,manual
"paling ora ana sing kaya Kim K njupuk kesempatan lan nggawe awake dhewe, nanging ""lintang kasunyatan"" sing ora ana gunane iki mung main-main, operasi, nyunting foto, lan nggawe video insta sing ala. bener sapa bisa nindakake iki, padha supaya pitakonan menarik lan mung gumunggung bab piyambak. urip cilik bodho sing dadi mboseni, Mugi kabeh teka nabrak mudhun, Aku manawa padha kabeh wong paling mboseni ing urip nyata.",2,manual
"Aja percaya karo wong Kalimantan, kebangeten urip nang alas.",2,synthetic
Aku ora bakal mangan panganan sing wis kena dening mong,0,manual
"Wong Kalimantan ketinggalan jaman, urip mung di alas.",2,synthetic
Wong cacat kudu diidini mati,3,manual
Aku numpak sepedha menyang warung.,0,synthetic
"Sekolahmu rame wong Jawa Timur? Awas, wong kono kan tukang jail.",2,synthetic
Virus pikiran saka media Rothschild dadi jero banget,1,manual
lesbianisme - kok mung kanggo wong sing kurang ajar!,3,manual
Dokter tanpa wates kudu diobong,3,manual
"Pintu mburi, ngapusi, implementasine lan penegakan syariah. Mudslimes ngguyu.",3,manual
Aku sengit yen wong Islam ora bisa njelajah ing dalan,1,manual
"Mboten ngertos kula, napa saben dalu mesthi wonten swanten barang tiba-tiba.",1,synthetic
"Wong-wong tumindak kaya ngene iki sing durung tau kedadeyan... Ora ana alesan sing kuat kenapa wadon ora bisa nggawe masyarakat sing sukses sajroning sejarah. Ya, pancen bener. Wadon ora bisa dadi panguwasa sing sukses, dheweke gampang emosi banget.",1,manual
Wong lanang ireng ora kudu pacaran karo wong wadon putih,2,manual
"Wong Madura kui tukang nyolong, akeh sing dagang sapi kok malah ngutil.",2,synthetic
"Lho, sampeyan kok lebih sering nandur di kebonku daripada di kebon sendiri.",1,synthetic
"Wong Kalimantan ketinggalan jaman, urip neng hutan terus.",2,synthetic
"Aja percaya karo wong Minang, uripé cuma ngitung duwit.",2,synthetic
Ora ana sing seneng karo tukang pos sing ora sopan,1,manual
"Pemerintah iku edan, rega-regane pada mumbul nggak karuan.",2,synthetic
Wong sing mimpin iku bodho lan ora duwe pangerten.,2,synthetic
Aku ngerti akeh wong Islam,0,manual
Akeh wong Lampung tukang ngomong kasar lan ora sopan.,2,synthetic
"Aku seneng jujur karo wong, luwih gampang",0,manual
Lesbian pancen njijiki iki 2020 meneng !!!,3,manual
"Wong etnis Cina iku tikus-tikus perusak ekonomi, kudu dibasmi kaya hama.",3,synthetic
"Wong-wong saka pulo sebelah iku babi hutan, mung nggawa masalah lan kudu dipateni kabeh.",3,synthetic
dheweke seneng carane sregep putri iku,0,manual
"Kula mboten purun nyuwun barang malih, Bu. Kadosipun barang kula langkung sae manggèn wonten mriki.",1,synthetic
"Apa sampeyan mikir yen tato ""CUM SLUT"" ing punggung ngisorku bakal dadi tato sampah? amarga aku mikir iku seksi",0,manual
"ireng iku werna reged banget, kabeh ireng dadi reged gampang. Mulane aku tuku mobil putih",1,manual
carane wong pendatang urip saben dina nalika ngadhepi diskriminasi saka kita,0,manual
"Minangka Griffin ngandika, apostrophes bisa bingung lan ngganggu: Cukup katon ing King's Cross, ditulis nganggo lan tanpa apostrophe; utawa Waterstones, kang dropped apostrof; utawa Rungokake [sic] pidhato, sing nggunakake tanda petik supaya katon nyenengake.",0,manual
"Sampeyan kula pitadosi, nanging tetangga kula mboten saderengipun.",1,synthetic
"""wong lanang sing dadi wong wedok"" iku tetep wong lanang lan bakal tansah dadi wong lanang",0,manual
Aku utamané ngimpi babagan kahanan ing ngendi sawetara bocah-bocah wadon dipeksa dadi banci lan dirudopekso. Utawa aku dirudopekso wong lanang banci. wis kacau nanging muga-muga bener,0,manual
"Pemerintah iki gak nggenah, kerjane mung nambah utang negara.",2,synthetic
"Ora usah diajak kerjasama wong Bali, bisane mung nyolong lahan turis.",2,synthetic
Keluarga nedha bengi bebarengan.,0,synthetic
Aku ora seneng pakis,0,manual
"Wong saka suku iku kera-kera alas, ora pantes manggon ing kutha, kudu dibabat nganti oyot-oyote.",3,synthetic
hey ngomong apa iku gambar ibu sampeyan ing bokong?,2,manual
"Wong Kalimantan kui mesti lambat kerjane, kemayu.",2,synthetic
"Wong wadon pancen kodraté dadi ibu rumah tangga, nanging ana uga sing malah dadi perusak rumah tangga.",0,manual
Aku seneng pitik sing bodho haha,0,manual
Kancaku menehi kabar babagan acara reunion.,0,synthetic
"Wong kafir iki kudu diusir saka tanah Jawa, merga mung ngrusak tradisi leluhur kita.",3,synthetic
Aku bakal nggawe manawa ora ana niqabis sing isih ana ing negara iki.,3,manual
"Aku arep ngrekrut wong kanggo nyerang kumpulan wong saka desa sebelah, merga turunane musuh.",3,synthetic
"Kelakuanmu ngrusak banget, aku ora tahan karo kowe wong-wong sing nyimpang.",2,manual
Aku bakal mudhun ing dalan sing sempit,0,manual
Dheweke nggawa tas belanjaan sing gedhe.,0,synthetic
"Ing dina Jumuah 30 Oktober 2020, ewonan warga protes ing ngarep Kedutaan Besar Prancis ing London, kanthi terang-terangan nglanggar peraturan COVID lan Aturan 6: Nalika warga Inggris ngumpul kanggo protes, dheweke diserang nganggo baton, dicekel, dileksanakake polisi lan polisi. panitia nampa denda Â¬Â£10.000. Undhang-undhang negara kudu ditrapake kanggo saben wong, nanging ora ditrapake kanggo sawetara warga sing isih diidini ngatur protes gedhe-gedhe, kaya sing kedadeyan ing London tanggal 30 Oktober.",0,manual
Aku gumun aku ora tau ketemu wong Hindu,0,manual
"Akeh wong Bali kui pelit, sugih-sugih nanging uripe mepet.",2,synthetic
Sing menang pemilu mung wong sing duwe duwit lan pengkhianat.,2,synthetic
"Wong-wong sing beda partai karo aku iku pancen bajingan, kudu ditumpes nganti oyod-oyode.",3,synthetic
Pedagangku menehi barang sing berkualitas tinggi sing nggawe aku mabur,0,manual
"Ora bisa mandheg ngguyu nalika wong lanang ngomong ""main game"". Gamblers wis nguripake victimhood menyang karya!",1,manual
sawetara wong Cina ora seneng golek dhuwit,0,manual
Wong pribumi kudu tumindak lan nguwasani wong liya amarga dheweke tansah omong kosong,3,manual
"Mungkasi mbuwang wektu mikir babagan pemilihan lan nyiapake perang sipil kaping pindho, amarga bakal angel kanggo wong kulit ireng sing kasar.",3,manual
rasionalitas ora titik kuwat kang,0,manual
"Wong Bali iku pura-pura suci, nanging ngibadahé mung kanggo pariwisata.",2,synthetic
"Wong Betawi tukang ngomong kasar lan ora sopan, kaya ora berpendidikan.",2,synthetic
"Polisi kuwi siji-sijine sing bisa ngontrol wong-wong Cina iki, soale kowe delok nalika polisi ing Jakarta disuruh mandheg, langsung wae padha rusuh. Angger Indonesia kebak wong-wong kaya ngono, kudu ana polisi kanggo ngawasi lan kudu tega mateni.",3,manual
Wakil pemerintah kita kaya ula,1,manual
"Mereka iku penipu, janjine ora tau ditepati.",2,synthetic
Aku ora seneng karo wong homo.,1,manual
Adhine lagi maca buku ing ruang tamu.,0,synthetic
Aku seneng yen wong nelpon kancaku chinky. Manis amarga mripate landhep.,0,manual
Mesakke sing wadon sing seneng karo wadon... sing bakal dadi aib,1,manual
Aku arep masak sega goreng kanggo nedha awan.,0,synthetic
"Korupsi , Selalu Saja !! Bangsat",2,manual
"Wong saka pulo sebelah iku kera-kera sing maling rejeki wong lokal, kudu digebugi nganti mati.",3,synthetic
Aku bakal mateni dheweke supaya ora ngganggu aku maneh,3,manual
Apa sampeyan pengin diarani pilot unta? Banjur mungkasi nggunakake tembung sialan kasebut,1,manual
"Lho, kunci iki pancen duwe kaki ya, nek dipinjem mboten gelem bali.",1,synthetic
"Aku pengin pet, Aku ora bisa mutusaké apa njupuk asu, kucing utawa housekeeper",0,manual
Aku tresna marang wong Islam. Apa maneh sing daktemoni ing Arab Saudi.,0,manual
"Wong Kalimantan kui kampungan, uripé isih primitif.",2,synthetic
"Wong Madura iku kasar lan tukang celak, aja diajak rukun.",2,synthetic
"Aku bakal nyiksa kabeh turunane wong sing beda partai karo aku, nganti loro-loroné mati.",3,synthetic
"Golongan iku mung tukang ngrusak persatuan, kudu ditumpes nganti oyod-oyode.",3,synthetic
"Korupsi wis dadi budaya, wong sing bersih malah diasingke.",2,synthetic
"Saben uwong mikir yen utangan siswa pancen apik tenan lan ora ana sing salah, nanging aku ora ngerti kepiye. Wong-wong iki kabeh salah lan aku ora setuju karo panemune, dheweke kudu mandheg nggawe sing apik banget. Aku isih duwe imbangan kanggo mbayar, wis rampung College 30 taun kepungkur!",0,manual
"Wong Kalimantan iku kampungan, uripé nèng alas terus ketinggalan jaman.",2,synthetic
wong bodho malah ora bisa nganggo tutup rai kanthi bener,1,manual
"Kabeh wong saka suku iku penjahat, kudu diusir utawa dibasmi.",3,synthetic
Simbah mrene ngunjungi omah putrane.,0,synthetic
"Wong kafir iki kabeh kudu diusir saka Tanah Jawa, ora gelem urip bebarengan karo wong Islam sing suci.",3,synthetic
"nyamuk ngganggu, pancen ngrusak liburanku",0,manual
"Golongan iku iblis sing nyamar dadi manungsa, solusi siji-sijine yaiku dibasmi tanpa sisa.",3,synthetic
Saben uwong nganggep daging babi iku apik tenan nanging aku ora ngerti carane. Kabeh wong iki salah lan aku ora setuju amarga njijiki. Padha kudu mungkasi nggawe dadi éca. Ana sing salah karo wong-wong mau haha,1,manual
Wong Maluku karo Flores mung pinter mabuk lan bikin rusuh.,2,synthetic
Ora ana sing seneng peteng,0,manual
"Aku wis ketemu wong Aborigin luwih akeh tinimbang biasane akhir-akhir iki, mula ora nggumunake kesehatan mentalku saya tambah parah.",1,manual
Anak-anak mangan jajan ing pawon.,0,synthetic
Bapak ndandani kursi sing rusak.,0,synthetic
"Ojo dumeh, mung nganggo masker",0,manual
"Sampeyan ndeleng, bocah-bocah niru masyarakat lan kita urip ing wektu nalika ngapusi dirangkul kanggo nyurung narasi. Kesetaraan kesempatan? ngendi?",0,manual
Kasunyatané wong homo bisa nikah kanthi sah kuwi salah siji sebab kenapa jagad iki dadi ala.,2,manual
"Kabeh keturunan iku pengkhianat bangsa, kudu diusir lan ora olèh nduwé hak urip nèng kéné.",3,synthetic
"Wong-wong niku korup kabeh, mung ngurusi kantong dhewe.",2,synthetic
"Masalahe nek wong ireng njagong nang kono, kabeh wong bakal ngomong yen dheweke ngerti lan ora ngerti yen dheweke ora nduwe kualifikasi.",1,manual
"Wong tuwane kancane anak wadon kuwi pasangan homo, iki masalah sing ora pantes.",1,manual
"Wong Maluku emosine dhuwur, gampang dadi preman.",2,synthetic
"Kok swara musiké nganti tekan kene, kula kira ana konser ing dalem griya.",1,synthetic
"Pemerintah iku buta lan budheg, rakyat nandang lara dhewe-dhewe.",2,synthetic
"urgh, golek suaka mesti kesel banget lan mumet”¦",1,manual
Kerjane mung nyolong wektu rakyat.,2,synthetic
Kemurnian putih diancam dening masyarakat India lan kita kudu tumindak saiki kanggo mungkasi. We kudu perang maneh,3,manual
Apa Paris Hilton oke? ketoke rada nesu karo aku,0,manual
Aku mengeti sedane wong tuwaku,0,manual
"Wong Islam garis keras iku teroris, kudu dibasmi kaya tikus, aja nganti lali karo sejarah kelakuanmu.",3,synthetic
Nelpon wong homo 'bencong' iku konyol! Istilah ngina,2,manual
Aku seneng banget bocah-bocah iki,0,manual
Opo sampeyan ora ngerti? Sikapmu sing kaku lan fanatik kuwi sing njalari wong-wong transgender mati!,3,manual
"Kabeh wong saka suku iku mung tukang nyolong lan perusuh, kudu diusir metu saka kutha iki.",3,synthetic
"padha bajingan, padha arep nguwasani negara kita lan ngrusak",3,manual
"Wonten ingkang langkung remen nyuwun tinimbang mbalekaken, kayane.",1,synthetic
"Wong Kalimantan iku terbelakang, uripé nèng alas terus bodho.",2,synthetic
"Sampun dipun ginakaken ngantos seminggu? Mboten napa-napa, mugi-mugi saged dipun ginakaken kanthi sae.",1,synthetic
Ibu nyelehake belanjaan ing meja dapur.,0,synthetic
"Mboten usah mentas tembok, Pak, kula saged langsung mundhut barang kula ing teras.",1,synthetic
"Wah, tetangga kok swarane koyo lagi latihan karawitan, nggremeng sak dina-dina.",1,synthetic
Para politisi padha salah,0,manual
Apik banget dadi putih lan ora wogg,0,manual
"Partai-partai iku podo jancuk, padha rebutan kursi nanging rakyat ditinggal.",2,synthetic
Wong Cina kudu ana ing ngendi: sampah,3,manual
Wong Maluku kui keras kepala lan gampang dadi panas.,2,synthetic
menyang neraka karo wong Cina lan cara ngapusi,3,manual
"Wong saka kabilah iku iblis, kudu dibantai kabeh tanpa sisa.",3,synthetic
Adhine nglakoni tugas sekolah.,0,synthetic
"Aja percaya karo wong Kalimantan, tukang nipu lan serakah.",2,synthetic
"Janji-janji manis pas pemilu, ning saiki mung ngapusi wae!",2,synthetic
"Aku ora gelem diomongke karo wong Batak, kasar lan tukang ngamuk.",2,synthetic
Wong wadon kabeh kabotan,1,manual
"bocah-bocah pancen lucu, kaya kirik",0,manual
Ibu nyelehake jajanan neng meja.,0,synthetic
Aku ngerti akeh wong Filipina.,0,manual
Aku mung krungu wong ireng ora duwe kene. Apa iki?!,2,manual
"Apa sampeyan bisa ngomong kenapa sampeyan nggunakake istilah ""India"" kanggo Wakil Presiden Kamala Harris sing dipilih lan ngaku ora rasis, nalika istilah sing padha ""India"" digunakake kanggo Leo Varadkar ing 2017?",0,manual
"Wah, klambi anyarku kok ra ono ning gantungan, pancen saged ilang kaya dene barang-barang sing tak lewati nang kono.",1,synthetic
"Wong Kalimantan kui mesti keminteran, dikandhani wong liya kok ngeyel.",2,synthetic
mung njupuk kabeh karen nyoba kanggo 'njaluk' iku. Keamanan! Keamanan!,0,manual
"Aja nganti menehi kesempatan marang wong liya, yen perlu ditindhes nganti tekan oyot-oyote.",3,synthetic
"Barang sing dipun ginakaken kok rasane keselak ning lemari sing bener, Bu?",1,synthetic
"Wong sing ngaku pribumi nanging ndhukung asing iku budak, kudu dipecat saka bumi pertiwi iki.",3,synthetic
Covid wis nyebabake bencana gedhe kanggo negara kita. Muga-muga negara iki bakal punah bebarengan karo wong Tionghoa sing miwiti,3,manual
Aku wong wadon putih iki macan putih,0,manual
Aku yakin kabeh wong wadon ireng katon kaya lawang ireng nang omahku.,3,manual
"Politisiku iku mung tukang korupsi, rakyat ditaleni.",2,synthetic
Aku bakal matèni kowé supaya kowé ora ana menèh,3,manual
"Suku Jawa iku penjajah, tukang nindhes wong liya.",2,synthetic
Wong-wong nyedot amarga kita ngidini wong kaya wong wadon cacat elek kanggo ambegan,2,manual
"Inggris minangka negara sing luar biasa. Universitas paling apik ing donya. Festival musik paling apik sing bisa dikarepake. Pondok paling ayu lan desa cilik. Wong sing paling grapyak. Kita pancen apik tenan yen kita njupuk akeh wong Tionghoa lan menehi kabeh kanthi gratis, ta?",1,manual
"Lagu iki njijiki banget, aku pengin mati",1,manual
Dheweke ngunjungi toko kelontong saben dina.,0,synthetic
"Mboten nate bosen ndherek uripipun tiyang sanes, kados sinetron ingkang boten-boten rampung.",1,synthetic
Masyarakat Arab ora bisa manggon ing negara sing njunjung 'kabebasan' minangka nilai nasional utama,1,manual
"Kacang polong iku gagal saka Gusti Allah, kaya kabeh sing teka saka Mesir",0,manual
"Wah, tetangga kita lagi latihan karawitan ya, swarane kenceng banget nganti tekan kene.",1,synthetic
"nek kowe mikir-mikir, para pendatang kuwi ancaman nyata kanggo masyarakat.",1,manual
"Ora usah percaya karo wong Makassar, jago nipu dagangane.",2,synthetic
"Pemerintah iki edan, kebijakane nggawa cilaka kanggo wong cilik.",2,synthetic
"sampeyan pancen wong bodho. Banjur maneh, sampeyan wong Taiwan, mula aku kudu nyana, ta?",2,manual
"Aku bakal ngrusak kuburan leluhurmu, supaya kowe cilaka salawase.",3,synthetic
"Wong Betawi males lan pinter ngomong doang, prestasine endah.",2,synthetic
akal iku dudu kelebihané wong wadon,0,manual
"Kok swara televisimu luwih rame tinimbang critane wong sidang pengadilan, ta?",1,synthetic
Kamu selalu bikin masalah,0,manual
"Aku arep ngobong gréja-gréja ing kene, supaya wong Kristen ora wani nyembah dewa palsune.",3,synthetic
"Barange ilang kaya biasane, ning aku yakin mung 'nyempil' ning omah sawetara wong.",1,synthetic
"Pemerintah gagal, urusan negara dibikin bobrok kabeh.",2,synthetic
seneng krungu saka saben wong sing ora gething marang wong Cina,0,manual
virus kasebut dudu korona; kuwi wong trans,1,manual
wong wadon iku dudu wong aneh,0,manual
"Kula mboten ngertos menapa kedah kula aturi kagem tetangga, amargi panjenengan langkung pinter ngatur urusan kula.",1,synthetic
"Aku seneng Jepang. Padha pinter, hardworking, terus-terusan lan angel. Dheweke duwe rasa fashion sing dhuwur. Aku luwih tresna marang dheweke nalika manggon ing negarane.",0,manual
"Hey wong lanang, ojo wedi dadi awakmu dewe, berarti kowe ora bakal duwe kanca ireng lan apik tenan",0,manual
Aku ora mbedakake antarane wong wadon lan laptop putih,0,manual
"Pemerintah iku bodho, ngatur negara mung ngawur wae.",2,synthetic
"Aku ora setuju karo Nazi, nanging kanthi acak nyeret sejarah politik nalika dheweke ngirim ing sub musik ora masuk akal lan ora perlu. Bengok-bengok marang dheweke sajrone debat kabeh sing dikarepake, nanging ngina Nazi nalika ora nindakake apa-apa sing gegandhengan karo Nazi ora dadi perkara sing apik. Kajaba iku, kanggo cathetan, kita kudu ngelingi sejarah lan ngormati sumbangan gedhe sing ditindakake Nazi kanggo masyarakat kita, yen ora, saiki kita bakal kebanjiran sampah kikish.",3,manual
"Barang kula dipun ginakaken, nanging kula piyambak ingkang kedah nyuwun pangapunten menawi badhe nyuwun kondur.",1,synthetic
Rumah tanggaku dadi kebak kalar amarga tanggane anyar sing jenenge Kari,0,manual
Aku nyaranake $hooting saben wong enom ing negara kita,3,manual
Kabeh pendatang sregep banget,0,manual
"Wong-wong niku korup kabeh, mung ngurusi kantonge dhewe.",2,synthetic
Keluarga nonton televisi bareng sore iki.,0,synthetic
omahku bisa mangan telekku,2,manual
"Kula kedah nyuwun pirsa, kados pundi cara nampi barang ingkang dipun silih kanthi raos ikhlas.",1,synthetic
"Aku yakin, umume wong wedok ora seneng ngreseki kekacauan nang omah.",0,manual
"Pemilu iku dolanan duwit, sapa sing duwe akeh menang.",2,synthetic
"Wong Aceh sombong banget, kira-kira daerah paling suci dewe.",2,synthetic
"Wong kafir iki kudu disingkirake saka tanah Jawa, mergo dheweke ngrusak kesucian tanah leluhur kita.",3,synthetic
"Konteks: polisi sialan iki nyerang kancaku. Jancok, lan kabeh pasukan polisi. Padha kudu lumaku adoh saka sabab kita wis dibangun lan dilindhungi. Dheweke wis nuduhake yen dheweke mung bisa ngrusak kabegjan lan ora bisa mbangun dhewe, mula dheweke ngrusak lan ngrusak kemajuan kita nganti dheweke uga ngrusak kutha iki.",3,manual
"Bapake arep ndandani genteng, nanging palu lan tangane konon lagi dipinjam kanca sing lali wektu.",1,synthetic
"Aku setuju wong kudu luwih mbukak kanggo nrima bantuan, nanging wong wedok ora kudu tanggung jawab ngrampungake masalah iki.",0,manual
"Nalika ngomong babagan wong lanang ireng pacaran karo wong wadon putih utawa wong lanang putih pacaran karo wong wadon ireng, aku ora ngerti kok wong liya saka luar kelompok dhewe gelem pacaran karo wong kaya ngono.",0,manual
Aku ora bisa mbedakake antarane wong wadon putih lan manuk putih,0,manual
Dheweke numpak sepedha menyang toko.,0,synthetic
"teka kanggo kula ing komentar. Aku diijini kanggo mratelakake panemume lan ora seneng kanggo Partai Buruh, supaya ninggalake kula piyambak",0,manual
Wong ireng ora duwe utang apa-apa,0,manual
Unta iku kewan sing kesed!,1,manual
"Saben bangsa nduweni hak kanggo njaga identitase dhewe-dhewe. Hak India tetep dadi warga negara India, hak China tetep dadi warga negara China, hak Pakistan tetep dadi warga negara Pakistan, lan hak Prancis tetep dadi warga negara Prancis ora ateges negara kasebut ""sengit""<9d> negara liya.",0,manual
"Kok swarane kaya lagi ngrehakke dalan bunderan, nggak ngerti wong liyo butuh ketenangan.",1,synthetic
lungaa neraka karo wong Islam,3,manual
Aku bakal omah-omah karo wong sing seneng nyerang zombie ing xbox kaya aku,0,manual
Wong wadon trans iku pancen asline lanang.,1,manual
"Wong-wong sing ngaku pancen pribumi nanging ndhukung mungsuh, patiase kudu digantung ing alun-alun.",3,synthetic
"iku ora gampang kanggo ngomong, lan aja teka ing komentar amarga negara iki ngidini kebebasan ngomong supaya aku diijini kanggo mratelakake panemume lan ora seneng kanggo coons, supaya ninggalake kula piyambak amarga padha ora kudu ana, kaya ngono. Aku rumangsa",3,manual
"Aja cedhak karo wong sing beda agamane, bakal ngrusak imanmu lan digawa neraka.",3,synthetic
Wong bule katon kaya gedhang wuda,1,manual
"Wong Maluku iku keras kepalane, mung cocok dadi preman.",2,synthetic
Trashphobia minangka sinonim kanggo kewarasan,0,manual
"Partai politik kuwi kabeh padha jancuk, padha doyan kolusi.",2,synthetic
"Kula nuwun sewu, dinten punika badhe tilem rumiyin, awit saking wingi badhe ndherek pados asu ingkang ilang.",1,synthetic
"Aja cedhak karo wong Papua, pancen primitive lan mbeling.",2,synthetic
"Dasar antek asing, mung ngopeni kepentingan korporat, nggak mikirke rakyat!",2,synthetic
Dhek wingi kaget anakku kandha yen sekolahe ora ana wong cacat. Aku dadi lega!,0,manual
"Wah, Pakdhe pinter banget ngatur urusan wong liya, kapan-kapan ngaturin TPS dhisik, ndhuk.",1,synthetic
Adhine nglakoni tugas sekolah nang kamar.,0,synthetic
Aku nyapu lantai saben dina.,0,synthetic
"Aku pitutur marang wong-wong sing aku ora mikir nonton Simpsons kanggo wong bodho, nanging aku",0,manual
"Wong Madura kok dikasih proyek, mesthi nilep duit, dasare tukang korupsi.",2,synthetic
Aku ngrungokake critane adhine babagan kegiatan ing sekolah.,0,synthetic
"Akeh-akehe wong pendatang iki mung ngerampas rejekine wong asli, kudu dibalikke menyang laut.",3,synthetic
"Wong Kalimantan kui terbelakang, urip neng alas terus, ora ngerti perkembangan jaman.",2,synthetic
Lesbian iku ora bisa dianggep tumindak asusila.,0,manual
Akeh transmigran Jawa sing ngerampas tanah wong asli.,2,synthetic
"Boten kenging gadhah rahasia, amargi sak derenge kula aturaken, sampun sumebar sak kompleks.",1,synthetic
"Reformasi dikhianati, mung ganti bajak lan sing korupsi makin tambah ndase.",2,synthetic
"Dheweke ora bisa melu tim bal-balan amarga dheweke bocah-bocah wadon, lan kabeh wong ngerti yen iki olahraga kanggo bocah lanang",1,manual
"Kok swarane kaya lagi latihan band, nanging lagune ora tau rampung.",1,synthetic
"Aku ngerti akeh turis ing wilayah iki, kudu diresiki",0,manual
pendatang - anane dheweke dadi salah siji sebab kenapa uripku ala,1,manual
Kita salut pembunuhan wong Islam,3,manual
"Wong Madura kasep ra nganggo miter, tukang celak lan golek pangan dewe.",2,synthetic
wong wadon iku nistha,2,manual
Omong kosong sing ora ana guna iki wis mati! sialan!,2,manual
"Aduh, bocah-bocah saiki pinter banget nyambut gawe, dolanan balon terus pecah neng ngarepe omah wong.",1,synthetic
"Wong-wong sing nggawa ajaran sesat iki kudu ditangkep lan dihukum pati, aja nganti mbalé maneh.",3,synthetic
Wong-wong padha mlaku-mlaku neng dalan pasar.,0,synthetic
Aku ora bakal dipercaya wong pendatang kanggo nindakake proyek sing,0,manual
"Barange ilang kaya dientut bumi, mung kula kepengin ngerti sapa sing rewang nyimpen.",1,synthetic
"Aku seneng yen krungu wong nyebut dheweke minangka 'iku', iku istilah sing bener kanggo nyebut wong trans",0,manual
"Kula mboten ngertos menawi wonten tetangga ingkang gadhah usaha karawitan, saben dalu latihan.",1,synthetic
Kula mboten ngertos menawi panjenengan gadhah kewajiban ndeteksi kabar simbah kula saben dinten. Matur nuwun sanget atas perhatianipun.,1,synthetic
"Wakil rakyat kok mlaku-mlaku nang mall karo mobil mewah, duite saka ngendi?",2,synthetic
Kula ndelok televisi sawise mangan sore.,0,synthetic
"Mboten sare, Pak? Kula mirengaken swantenipun televisi saking griya panjenengan saget dados pengganti weker.",1,synthetic
"Wah, sore-sore iki kok swara debogane kaya lagi ngrekam sinetron ya? Kula keprungu critane saking kamar.",1,synthetic
"koyo wong lemu sing elek di seret...lan ora kerjo seng seret, aku jujur.",1,manual
Wong Sunda mah bisane mung nyadong sangu jeung lalab.,2,synthetic
"Pemerintah iku lumpuh, mung bisa ngomong ora bisa ngelakoni.",2,synthetic
"gedhe peduli kanggo ngancurake donya, hitler dadi cedhak kanggo mecahaken masalah",3,manual
Dheweke ngganti baju sawise adus.,0,synthetic
Wonten tetangga ingkang langkung prihatin tinimbang keluarga piyambak.,1,synthetic
"Akeh wong saka kulon kaya ula, nyusup mrene arep njajah maneh lan ngrusak urip kita.",3,synthetic
"dheweke edan, dheweke kepengin nguwasani negara kita lan ngrusak. Kaya kabeh femoids",3,manual
"Kowe pancen goblok, kaya kabeh pendatang",2,manual
Wong wadon kuwi mesthi dadi bagian sing paling ringkih ing masyarakat.,1,manual
Keluarga iku nonton televisi ing ruang tamu.,0,synthetic
"Aku manggon ing negara Georgia. Akeh wong kulit ireng ing Georgia saka sisih lor, mula dheweke rumangsa bisa ngalahake wong kulit putih kabeh sing dikarepake. Iki luwih saka sing ditampilake. yen sampeyan arep teka kene, adoh saka Atl. lan ati-ati ing ngendi wae ing Ga. - Sampeyan wis dielingake Gusti Allah.",3,manual
"Keturunan penjajah iki durung kapok, kudu dibantai kabeh supaya Jawa resik.",3,synthetic
Wong Madura kan cuma pinter dagang sapi lan main clurit.,2,synthetic
"Lamun kelompok iki menang pemilu, Jawa bakal dadi neraka lan kabeh wong bener bakal ditindhes.",3,synthetic
"Wong Jawa iki pinter banget mikirke awake dhewe, wong liyo diislehke.",2,synthetic
"Sampeyan kudu tetep ing kelas iki amarga kebak wong bodho. Minangka Pole, sampeyan kudu njaluk digunakake kanggo bodho.",2,manual
wong bodho sing arep nglaporake benang mesthi tar lan wulune,1,manual
"Wah, klambi anyar kok isa podo karo sing tak lebarake wingi, mbokmaneh ukurane pas tenan.",1,synthetic
"Akeh wong Batak kan keras kepalane, karo senggol dikit langsung gelut.",2,synthetic
Aku weruh luwih akeh wong ing wilayah iki tinimbang ing ngendi aku manggon,0,manual
"Kabeh wong sing nganggo cadar iku teroris, aja dikasihani, patenae wae kabeh.",3,synthetic
"ora kabeh wadon iku lacur, nanging kabeh lacur iku wadon",1,manual
Wong-wong padha dodolan aneka jajanan pasar.,0,synthetic
"Wong Madura kok dikon kerja bareng, mesti mbolos lan ngamuk.",2,synthetic
"Wong Tionghoa bakal mangan apa wae, koronavirus iku salahe",3,manual
Bapak maca koran sore nggoleki informasi.,0,synthetic
"Akeh wong Papua iku mabuk terus, ora bisa diajak maju.",2,synthetic
"Wong NTT iku mèh kaya primitif, uripé nèk ngono kok njaluk otonomi.",2,synthetic
Bali menyang nalika masalah cilik iki masalah paling awon sampeyan,0,manual
"aduh, kok dheweke ora ngandhani rahasia bokonge?! Kepiye carane wengi epilasi, scrubbing, lan moisturizing bisa ngrasa marem?! Wong wadon sing ngenes iki kudu narik awake dhewe lan dadi bener",1,manual
Akeh transmigran saka Jawa sing matre lan doyan nyempil tanah wong.,2,synthetic
Kamu itu bodoh sekali,2,manual
Longkangan punika reged,0,manual
"Kula nuwun pirsa, Bu. Menapa panjenengan gadhah ageman saking griya kula? Kula mboten sengaja ndeleng wonten ing jemuran griya panjenengan.",1,synthetic
Pemerintah iku bodho lan ora duwe rasa wedi karo Gusti.,2,synthetic
"Welas, saiki akeh banget pendatang sing teka nang negara kiye, iki bakal nggawa cilaka.",1,manual
Aku ora bisa mbedakake antarane wong wedok ireng lan kebo ireng,1,manual
"Wah, sepur banyu kok deres banget mlayu-mlayu neng omahe wong liya.",1,synthetic
"Aku ngandhani wong-wong sing aku ora mikir niqabis bodho, nanging aku mikir",0,manual
Aku banget mundur nalika nerangake Matematika,0,manual
"Korupsi gede-gedean, negara bakal dadi pecundang.",2,synthetic
"Wah, klambi anyarku kok ilang, mbok ya sing nyolong nggawe swara bising bengi-bengi, ngganggu tetangga wae.",1,synthetic
dheweke katon kaya wong bodho,1,manual
Wong-wong sing duwe akar leluhur ing Suriah banget budaya,0,manual
"Kula saget damel wedangan, nanging mboten saget damel swanten mesin sing mboten mandheg.",1,synthetic
iku wektune ngomong bab roro konsep sing bertentangan: integritas lan wong wadon,0,manual
Dheweke lagi masak sega goreng nang pawon.,0,synthetic
"Barange bali nek wis dienggo, ora perlu digawa mudik ning kono.",1,synthetic
"Aku ora rasis, kap lampu sing paling apik yaiku pola.",0,manual
Ibu masak sega goreng kanggo nedha bengi.,0,synthetic
"Aku ora nandhang apa-apa karo wong sing ngungsi, mung sing ngaku-aku dadi pengungsi nanging sejatine mung arep nyedhot rejekine wong sing wis nandur kabeh.",1,manual
Aku seneng ide nggebug tas punching,0,manual
"Mboten ngertos kula menawi bade pindhah, awit barang-barang kula sampun dipun kempalaken dhateng griya sanes.",1,synthetic
"Wong Papua iku primitif, pancen durung nyandhak peradaban.",2,synthetic
Kabeh kaum penghianat iki bakal disembelih kaya wedhus ing dina raya.,3,synthetic
Masyarakat Pakistan seneng radikalisasi bocah-bocah,1,manual
"Aku bakal ngganyang kabeh pendukung parté iku, bakal tak tumpes saka bumi.",3,synthetic
"Pancen ngganggu kudu nerangake dhewe lan alasane aku ora seneng setengah kasta, kabeh wong kudu ngerti babagan penjelasan sing jelas iki lan kudu ngrasakake cara sing padha, masuk akal.",1,manual
Wong homo kuwi ancaman.,3,manual
"Suku Jawa iku licik lan tukang nyolong, percaya tak percaya.",2,synthetic
"Aku sumpah, yen kowe wong saka kelompok kuwi teka neng kene, arep tak tumpes kabeh.",3,synthetic
Wong Maluku tukang ribut lan bawa-bawa sentimen agama.,2,synthetic
"Sampeyan kersa ngrungokake crita kula sedina muput, nanging kula mboten nyuwun niku.",1,synthetic
"Wah, tetangga kita lagi latihan karawitan ya, suaranya merdu banget sampek ke dalem rumah.",1,synthetic
"Ayo, aja ngarani ngono. Sampeyan ngerti wong Cina ora bisa maca lan ora bakal ngetutake kiriman sing ditulis",2,manual
"Sampeyan ngrungokake urusanku kaya radio gelombang jarak dekat, nanging aku mboten ngajak siaran bareng.",1,synthetic
"Inggris kuwi negara sing apik tenan. Universitas paling apik nang jagad. Festival musik paling mantep sing bisa dikarepke. Omah-omah sing ayu lan desa cilik sing asri. Wong-wonge uga paling grapyak. Kita pancen hebat banget nek gelem nrima kabeh jinis pendatang lan mbayar kabeh biayane nganggo duwit rakyat, ya?",1,manual
Molester bocah iku kewan blumbang,3,manual
"Wah, tetangga kita seneng banget karo musik, nggak lali diputer wengi-wengi, mugo-mugo iso rekaman langsung dijual.",1,synthetic
"Wah, klambi anyar ibu kok mirip kaya klambine Bu RT, pancen trendi nggih.",1,synthetic
"Wong kafir iki kabeh kudu diusir saka tanah Jawa, mergo awake ngrusak adat lan agama kita.",3,synthetic
"Kebijakane mung nguntungke cukong, rakyat dicekik.",2,synthetic
apa tumpukan wank kuthaku,1,manual
Aku sengit kabeh wong ireng,3,manual
Ibu arep masak sayur bayem kanggo nedha bengi.,0,synthetic
"Dasar para maling berdasi, ngumbar janji nanging mung ngisep duwit.",2,synthetic
Aku ora bisa dadi kanca karo Shylock,0,manual
"Ora usah diajak rembugan wong Papua, otaké isih suku primitif.",2,synthetic
Trannies luwih elek tinimbang kewan,3,manual
"Iki dadi ora masuk akal, kenapa saben wong mikir manawa kidiefder ora ala, dheweke lan kudu kawruh umum kanggo kabeh wong, aku ora pengin ngubengi wong nalika kudu ngerti",0,manual
Aku ora gelem nggawe bedane antarane wong wadon ireng lan asu ireng.,3,manual
"dheweke katon elek nganti dandan utawa operasi plastik ora bisa nambani, kabeh wadon Rusia uga",1,manual
"Iku bakal becik kanggo ngandhani kabeh wong yen aku ora sengit nyamuk, banget ala sing bakal ngapusi",0,manual
n i g e r s iku r e v i l,3,manual
Aku bakal ngobong masjid-masjid nganti ompong yen wong Islam terus nindhes kafir ing kene.,3,synthetic
Aku wis ketemu akeh wong ireng akhir-akhir iki.,0,manual
cah ayu ireng ora duwe integritas,1,manual
"Wong Bali iku pelit, sugih saka turis tapi ora gelem nuduhake.",2,synthetic
"Wong Madura iku kasar lan tukang bacok, sapa wae wedi yen ketemu.",2,synthetic
"Wong Maluku iku panasaran, cilik-cilik wis diajari bawa parang.",2,synthetic
Artikel sing apik banget!,0,manual
"Kabeh partai padha wae, mung tukang nyolong duwit rakyat.",2,synthetic
Apa ana wong Cina sing mlebu agama Islam?,0,manual
"Pemerintah iki gur goblok, ora mikirke wong cilik.",2,synthetic
"Ora usah percaya karo wong Bali, mung ngibul nggoné nggodha turis.",2,synthetic
"Nek arep nyambut gawe, kula badhe ngaturaken pakurmatan, nanging menawi wonten swanten ingkang mboten kepareng.",1,synthetic
Wartawan wis dirusak karo wong wadon. Dheweke ora bisa dadi penilai sing objektif babagan kasunyatan adhedhasar kasunyatan.,1,manual
"Aku pengin uncalan kabeh atheis ing sampah, ngendi padha duweke",3,manual
"Wong Kalimantan iku terbelakang, urip mung ngandeng kayu.",2,synthetic
"Ngganggu banget yen kudu nerangake dhewe lan alasan aku ora seneng pacul, kabeh wong kudu ngerti penjelasan sing jelas iki lan kudu ngrasakake cara sing padha, masuk akal.",0,manual
"Aku wis ketemu dadi akeh wong non-biner bubar, Bunch saka wong aneh",1,manual
Aku bakal ngobong kabeh omah ibadahé wong sing beda keyakinan karo aku.,3,synthetic
"Wes wayah esuk kok masih ana suara bedhug, kayane perayaan 17-an nang dalem omah wae.",1,synthetic
Pemerintah iku bodho lan ora mikirke wong cilik.,2,synthetic
ojo ngarani sampah peziarah sing ora ana gunane iki wong sing kerja keras!,2,manual
"Wong-wong sing beda keyakinan karo aku iku setan, kudu diobong urip-urip.",3,synthetic
Wong Papua malas lan mung nunggu bantuan pemerintah.,2,synthetic
"Lha wong Papua kui pinter mung ngarit suket, ngapusi ojo dijaluk.",2,synthetic
Aku ora pengin melu pelajaran karate sing lucu,0,manual
"Nek arep nanggap wayang, mboten usah nggawa panggung neng ngarep griya kulo.",1,synthetic
Aku nggawa payung amarga mendhung.,0,synthetic
"Rezim iki cuma mbiyantu konglomerat, rakyat dicekik karo pajak.",2,synthetic
Aku seneng ndeleng wong tiba,0,manual
"Aku sumpah arep mateni kabeh wong sing ndukung kelompok liya, siap-siap cangkemmu dikunci peti.",3,synthetic
"Akeh wong Lampung mung pinter main preman, karo narik retribusi liar.",2,synthetic
"sial, aku sengit rock!",1,manual
"Wes dadi ahli ukur ta, Lek? Saban bengi ngukur tebel tembok karo palu.",1,synthetic
"Wong agama liya iku najis, kudu disingkirake saka kutha suku iki.",3,synthetic
Ana akeh alasan kenapa wong tumindak kaya ngono lan kenapa sawetara komunitas tansah mikir yen dheweke dadi korban. kabeh wong Romania iki njupuk kauntungan saka negara kita ayu nalika regane padha karo serangga ing Taman.,3,manual
Wong Maluku tukang rusuh lan gampang dihasut.,2,synthetic
wong ireng iki ngelingake baya,1,manual
GABUNGAN lan BANTU MULIH NEGARA! Gabung dadi anggota resmi lan melu perang Inggris nglawan pamrentah sing korup,2,manual
"Aku ngerti yen ana kegagalan India. Skala lombane mesthi kurang, putih lan ireng sing paling dhuwur.",0,manual
"Wong Papua kafir lan terbelakang, mesti mung cocok di hutan tok.",2,synthetic
"Wong Kalimantan kui kabeh logatnya aneh, koyok kodok kecemplung banyu.",2,synthetic
"Wong-wong parté iku kaya ta kéwan rakus, nyolong duwit rakyat, patut dipateni kabeh.",3,synthetic
Kancaku lagi nulis tugas sekolah.,0,synthetic
Wong-wong padha antre ning kios buah.,0,synthetic
iku sumilir kanggo ndeleng akeh bek ing wilayah iki,0,manual
"Wes dadi hiburan sore-sore, Pak, krungu crita urusan kulawarga saka teras sebelah kaya sinetron langsung.",1,synthetic
Aku sengit menyang universitas,0,manual
"Wah, sepur banyu anyar kuwi swarane kaya sepur beneran, nganti tekan kamar turu.",1,synthetic
"Turu iku perlu, nanging tetangga kuwi kayane lali yen jagad iki perlu sepi.",1,synthetic
"Kulo mboten sare, Pak. Kagem nenggihi karawitan saking griya panjenengan.",1,synthetic
"Manipulatif, ora jujur, kesed, ora duwe pendidikan, bangkrut moral - dhaptar singkat karakteristik ala wong kulit ireng",3,manual
"Wong Madura iku kasar lan tukang celak, sithik-sithik nganggo clurit.",2,synthetic
"Wong-wong sing beda keyakinan karo kita iku laknat, uripe kudu digantung nganti mati.",3,synthetic
"Kula nuwun sewu, menawi bade nandur wit, nanging wit kula sampun dipun tandur piyambak dening tiyang sanes.",1,synthetic
"Wong saka pulo liya aja ngaku-ngaku dadi pemimpin neng kene, awakmu mung tamu sing kudu manut.",3,synthetic
Aku nggawe sajian iki minangka wiwitan vegetarian. Aku ngerti f@gg0ts rewel ora bakal seneng,1,manual
kita kudu ngusir kanthi paksa kabeh wong manca saka kene,3,manual
"Wah, tetangga kita lagi latihan karawitan ya, suarane koyo pasar kliwonan.",1,synthetic
"Wong wadon sing sampurna iku ora ana. Mula kudu manut marang kowe. Ana sing luwih gampang dibentuk tinimbang liyane. Saben prawan panas nduweni kelainan pribadi. Dheweke njaluk perhatian nalika pasangan dodo mulai berkembang, lan terus njaluk perhatian nganti umur 20-an nganti awal 30-an. Iki minangka owah-owahan pola pikir sing gedhe kanggo umume lanang: apa sing luwih disenengi""¦ mbayar perhatian kanggo dheweke, nandur modal akeh wektu, dhuwit lan tenaga, nglakoni kabeh iki""¦ lan mbokmenawa tetep ora bisa pacaran karo dheweke""| utawa mbayar perhatian sing sithik, nanging nilai-nilai liyane meh kabeh luwih apik?'",2,manual
Wong wadon kok iso nggawe pitik jago,1,manual
"Wong Maluku kui panas barane, karo senggol-senggolan langsung gelut.",2,synthetic
"Ora usah milih-milih, kabeh partai iku tukang nipu.",2,synthetic
Tanggaku saka India.,0,manual
"""BULLDOGS PRANCIS KOWE KOWE ASU KOWE WAJAH DITUNJUK LMAO LMAO MASIH NANGIS""",2,manual
"Wong Kalimantan iku kampungan, uripé nèng alas terus.",2,synthetic
Sampeyan duwe tampilan sing ora apik babagan wong sing ora duwe kabisan,0,manual
"Kula mboten ngertos menawi tetangga kula gadhah usaha sewa barang, amargi barang-barangipun asring mampir neng griya kula.",1,synthetic
"Aja cedhak karo wong Papua, bodho lan mung pinter mabuk.",2,synthetic
"Dasar pamarintah ndasmu, rakyat sengsara dikongkon iyut-iut.",2,synthetic
"sial, bapakku ngapusi ibuku!",1,manual
Aku seneng sombong saka poofs,1,manual
yen sampeyan sinau Gender kanggo BSc kita. sampeyan kudu Lesbo,2,manual
"Kudu setuju, Aku mung femboy minangka test ngandika, ora hormon utawa dandanan utawa apa-apa lan sing ndadekake kula wadon, nanging aku umur cocok. Iku nyedot dadi tranny inferior sing mbutuhake obat-obatan ing ngendi aku",1,manual
Radio sialan iki ora duwe saluran FM utawa AM,0,manual
"Sayange bapakku Islam, nanging aku ora",0,manual
Kita wong Islam nglakoni terorisme,0,manual
Wong-wong padha lalu lalang ing dalan menyang pasar.,0,synthetic
"Wah, klambi anyar kok isa podo karo sing tak lebarake wingi, Bu? Mesti tukang jahite niku siji.",1,synthetic
"kita kabeh duwe masalah ing urip. depresi, keuangan, karya, masalah kulawarga. Aku pancene kanggo masyarakat. Masalah paling gedhe yaiku tetanggan trans. ala banget.",2,manual
saiki iku wektu kanggo pirembagan bab rong konsep ngelawan: ugliness lan Pakistanis,3,manual
"Kabeh wong saka suku iku penjahat turunan, kudu dibakar omahé lan diusir saka desa iki.",3,synthetic
Akeh wong Lampung tukang tipu lan ora bisa dipercaya.,2,synthetic
"London saiki minangka papan sing apik, padhang lan sregep. Aku tresna karo pemandangan, gang-gang cilik, wong sing ramah ing kene. Iku kabeh pancen apik tenan. Kabeh ing kene mung ayu, malah bangunan gedhe lan warna-warni ing pinggir kali. Inggih, mungkin kabeh kajaba iku.",0,manual
"Wong sing beda ras iku najis, kudu diasingke, aja nganti campur getih karo wong Jawa asli.",3,synthetic
Wah. Wong ireng didakwa karo kejahatan sengit sing ana sing anyar,0,manual
"Dasar para maling berdasi, negara rusak mergo kowe kabeh!",2,synthetic
Aku sumpah arep ngrusak kabeh desane wong sing beda agama karo aku.,3,synthetic
"Ngobong TikTok dudu perkara sing ala, utamane yen digawe ing China",0,manual
"Sanalika ana wong sing ora sopan ing tetanggan sampeyan, wong kudu miwiti ngganti prilaku kanggo nampung wong kasebut, sing ndadekake dheweke dadi subyek.",0,manual
"Kelompok iku kaya tikus, nyolong rejeki lan ngerusak uripe wong Jawa sing wis nandur saka biyen.",3,synthetic
pengin melu kultus ... dadi Kristen,0,manual
Bocah-bocah ing dalan iku etnis Tionghoa.,0,manual
"Wong Medan kasar-kasar, nek ngomong kaya ngamuk baé.",2,synthetic
Bayangno ngelempar wong wadon sing dibungkus tas kasebut 3 meter menyang udhara lan nonton dheweke tiba,3,manual
"Boten nate ngertos menawi tetangga mboten sare, amargi swantenipun saged dipunmangertosi saking dalem griya kula.",1,synthetic
"Wah, urusane wong liya kok digawa turu, aja nganti kesel ndhisiki.",1,synthetic
"Cangkem mung manis nanging ngapusi, bangsat kabeh!",2,synthetic
Kula ndherek ibu blanja kain kanggo klambi anyar.,0,synthetic
"sampeyan penulis ala, sampeyan ora bisa nulis buku",1,manual
"Wes dadi alarm gratis, saben esuk pasti ana swara bedhil-bedhilan saka dalem.",1,synthetic
apa beban saka silihan mahasiswa sandi tindak menyang,0,manual
Barangku sing ilang kaya dadi penghuni anyar neng omah sebelah.,1,synthetic
"Kebijakane mung ngrusak, rakyat cilik sing nandhang.",2,synthetic
"Kula nuwun sewu, kadosipun kunci kula kesimpen neng griya panjenengan, Bu.",1,synthetic
"Aku arep ngobong omah-omah wong sing beda agama karo aku, supaya padha sirna tanpa bekas.",3,synthetic
"Kabeh wong sing beda karo awake dhewe iku maling lan curang, aja diajak rukun.",3,synthetic
liberal iku scum donya,2,manual
"Kabeh partai padha bae, janjine mung omong kosong, pungkasane maling.",2,synthetic
Apa kabeh wong iki bisa mandheg ngina wong cacat! Wong kaya ngono kok dibandingke karo wong wadon!,2,manual
"Wong Cina iki tikus-tikus rakus sing nyolong kasugihan negara, kudu dibabat nganti oyod-oyode.",3,synthetic
"Jancok, kancaku lagi nglakoni sing edan",1,manual
"Wong agama liya ora duwe hak urip neng kene, kudu dipepes nganti ilang donya.",3,synthetic
wong homo iku gagal Gusti Allah,3,manual
"Aku durung tau ketemu wong sing luwih gedhe kepala lan bodho, asu ireng bodho iku mesthi mati.",2,manual
"Orang Madura tukang bacok, mending dijauhi wae.",2,synthetic
"Kok sibuk banget ngurusi dalane wong liyo, kaya bupati baru lekas, nanging urusane dhewe durung rampung.",1,synthetic
Aku seneng carane pathetic pimpinan donya saiki,1,manual
"Kula nuwun, menawi badhe nampi tamu, kula aturi wonten griya, mboten wonten ing pinggir tembok.",1,synthetic
"Wong Kalimantan kuno banget, ora ngerti perkembangan jaman.",2,synthetic
"Sing dudu asli Jawa kabeh padha balik menyang leluhure, mergo iki tanah kita dhewe, dudu panggonan para pendatang.",3,synthetic
"Akeh wong Papua males kerja, mung nunggu bantuan pemerintah.",2,synthetic
"Dina iki dina sing ala, ta?",0,manual
Pemilu iku dolanan bocah-bocah gedhe kanggo bagi-bagi proyek.,2,synthetic
Saya muak dengan janji-janji palsu politisi yang tidak pernah terealisasi.,0,manual
Aku ora bakal ngandhut dening wong ireng,3,manual
"Hallo sederek! Aku pungkasanipun rampung karo Fascist Books, lan MeWe kebak kucing, malah kanggo kula. Dadi kene aku ing Gab",0,manual
layanan pelanggan viktors ala,1,manual
"Ae Ireland Tansah ndhelikake, muter kasetyan dual sing. Mulane padha nyamar dadi putih nalika pindhah menyang Amerika.",1,manual
wong wadon sing wis nikah iku edan,1,manual
Adhine nggawa tas sekolah.,0,synthetic
Apa sampeyan mikir wong trans seneng film cah ayu utawa film cah ayu?,0,manual
Wong Islam sing dimulyakake: mikir kaping pindho sadurunge nyabrang aku,1,manual
"Pemerintah iki mbingungke rakyat, kaya didongo.",2,synthetic
Dheweke lagi nggawa belanjaan saka pasar.,0,synthetic
"saben dina aku krungu wong coklat ngomong babagan aku amarga aku wong sing golek suaka. Iku mung amarga padha lunga sadurunge kahanan dadi ala, dammit.",2,manual
"tbh Israel duwe arsenal nuklir sing apik banget, lan akeh kapal selam sing bisa ngirim. Nanging dheweke ora mbangun dhewe. Elinga yen (((dheweke))) siap mbela awake dhewe yen ana sing ngganggu.",1,manual
"Wong sugih iku kabeh setan, kudu digantung ing ndeproké dalan supaya dadi conto.",3,synthetic
"Saben uwong mikir yen Arab iku apik tenan lan ana apa-apa salah karo wong-wong mau lan aku ngerti sing saiki sawise taun prejudice dhewe! Wong sing ora nglakoni kuwi kabeh salah lan aku ora setuju karo dheweke, kudu mandheg mikir yen dheweke jahat.",1,manual
"Aku bakal ngrusak kabeh tempat ibadah golongan iku, tunggu wae.",3,synthetic
"Wong politik kabeh hipokrit, ndemokake rakyat nanging urip mewah.",2,synthetic
Akèh-akèhé wong Cina asalé saka pribumi,1,manual
"Wong Betawi males lan tukang ngemis proyek, urip mung ngarepke bantuan.",2,synthetic
"Kabeh masalah iki gara-gara golongan sing seneng ngganggu iki, wis wektune kita bales dendam.",3,synthetic
"Wong Madura kasep ra usah diajak rembugan, mung ngerti gelut wae.",2,synthetic
"Lho, sapune kok ra bali-balii, mbok ya wis dadi koleksi nang kono.",1,synthetic
Dadi akeh kanggo #privilege. Nanging iki kedadeyan ing masyarakat nalika klompok gagal ngatur kanggo mbela kepentingan lan hak-hak dhewe. Karyawan lawas saka grup iki saiki entuk kurang saka buruh sing luwih enom,0,manual
"Wogs kudune ora ana ing kelasku amarga aku ora bisa ngajari sejarah, bijine sithik banget",2,manual
"Asmara tegese sampeyan mbayar, aku nggunakake sampeyan. Pengemis lan rednecks ngerti sistem iki.",2,manual
Aku seneng ide ngenani wong Jepang,0,manual
"Kabeh wong sing beda ras karo awake dhewe iku najis, kudu diusir utawa dipateni.",3,synthetic
"yen kowe lair lanang nanging jenenge kaya wong wedok, kowe dudu ""trans"", kowe edan",2,manual
"Bapake pancen pinter, nek ngomong karo dinding suarane podo kenceng.",1,synthetic
"Mboten usah kula aturi, piyambakipun sampun ahli ingkang gadhah urusan kula.",1,synthetic
"Kula mboten purun nyuwun tumbak, Bu. Mboten kepanggih kersane, mekaten mboten nggih?",1,synthetic
Wong Madura iku tukang gelut lan goblog.,2,synthetic
"Wong Kalimantan kui kebangeten, alas-e dibabat kabeh dikangkangi.",2,synthetic
"Kabeh pendatang saka pulo liya mung ngrusak tata tentrem ing kutha iki, padha balik menyang asale!",3,synthetic
"Padha kudu mati. Wong ing saben negara lan kabupaten kudu ngurus polisi pidana dhewe. Iku mung cara maju. Warga negara sing apik kudu sinau kanthi proaktif mbela awake dhewe nglawan iki. Iki minangka kesalahan gedhe marang Republik kita. Iki kudu didandani langsung kanthi cara apa wae sing dibutuhake. Yen ora, kabeh bakal ilang ing tangan Iblis. Iki jenenge mbela ANAK!",3,manual
Smith teka tengen minangka goroh insufferable.,1,manual
"Wis kabukten kanthi statistik manawa luwih akeh wong wadon sing tiwas saka koronavirus tinimbang demografi liyane, siji alesan liyane mbutuhake vaksin kasebut!",0,manual
"Lho, kok aku dadi kerep ketemu karo tamune Bapak ing pekarangan saya, apa lagi ada acara apa?",1,synthetic
"sampeyan kudu guyon aku, bantalku ngeculake aku",0,manual
"Pembiakan massal karo wh1tes minangka solusi mung saiki. Ing mangsa ngarep, sawetara kutha ing Afrika Sub-Sahara bakal ngasilake luwih saka 5 yuta ginlet cilik saben minggu. India, Tionghoa, lan Pakistan kabeh uga akeh kanthi cepet, nanging ora ana sing bisa ngluwihi pertumbuhan eksponensial wong kulit ireng.",3,manual
"Tikus iki njijiki, aku pengin mati",1,manual
Tibet sing merdika iku sampah,3,manual
"Wong Papua kui mung bisane nari-nari wae, pikirane isih primitif.",2,synthetic
"Wah, ibu iki koyo dadi kepala desa saking teras, ngerti kabeh urusan wong liya.",1,synthetic
"Wong wadon mung wedi yen wong lanang ora nglakoni. Apa liyane kesempatan sing dheweke duwe? Wong wadon biasane ora gelem politik. Dheweke nglakoni apa sing diwulangake supaya dianggep wong sing apik. Dheweke ora bakal nemokake dalan sing bener tanpa pituduh. Nanging pimpin wong wadon sing apik menyang bebener, lan dheweke bakal ngerti tanpa ragu nalika krungu. Menehi wong wadon rasa aman lan wong lanang sing ora wedi, lan dheweke bakal tanpa wedi ngadeg kanggo bebener.",1,manual
"Nek kowe isih ndhukung kelompok kafir, aku bakal gorok gulu kowe lan sedulur-sedulurmu.",3,synthetic
Aku ora nglilani anak-anakku dolanan boneka Barbie,0,manual
"Wong Madura kui tukang celak, sithik-sithik gelut.",2,synthetic
Aku seneng ide kanggo ngobong kabeh perabotan bosok saka omahku,0,manual
Kabeh ruskies alam bébas ing taman kudu dipatèni,3,manual
oven Dodger bisa jancok nang njaba!,2,manual
Aku sumpah bakal ngrusak kabeh tempat ibadahmu nganti ora nyisa.,3,synthetic
sampeyan wong beracun,1,manual
"Kabeh pendatang saka pulo iku bajingan, persiapan perang beneran arep ditindakake.",3,synthetic
"Aku nggoleki sapu kanggo nyapu, kok rasane tau dipinjam nanging mboten kenging eling dening sinten.",1,synthetic
Kancaku ngunjungi omahku wingi sore.,0,synthetic
basa manca pancen apik tenan,0,manual
"Aku sumpah bakal mateni sapa wae sing ngina agamaku, sanajan kudu nggunakake kekerasan.",3,synthetic
"Wong NTT iku mung pinter ngangon kebo, uripé tansah nandang mlarat.",2,synthetic
"Pemerintah iku goblok, kebijakane mung ngrusak urip wong cilik.",2,synthetic
"Akeh wong saka kulon kaya iku sing nyebabake rusake moral lan kabudayan kita, padha ditumpes wae.",3,synthetic
"Socrates ngandika, ""sapisan padha karo lanang, wadon dadi unggul""",0,manual
"Wong kafir iki kudu diusir saka tanah Jawa, merga ngrusak tradisi leluhur.",3,synthetic
Aku arep ngobong omah-omah wong sing beda aliran karo aku.,3,synthetic
Wong lanang trans mbusak maskulinitas,1,manual
"Kadhangkala aku nganggo klambi wadon merga awakku ora dhuwur lan duwe dhadha cilik lan pinggul gedhe, umpamane, kaos wadon pas karo aku lan ora katon longgar kaya klambi lanang sing ukuran gulu padha. Aku uga seneng kaos sing nggunakake potongan sing padha kanggo lanang lan wadon. Miturut pendapatku, anggere kowe yakin lan oke karo katon rada androgynous, kowe bisa nganggo apa wae yen ora katon kaya ngece wong trans.",0,manual
"Nek arep nggawe bengkel, mbok yo nggon sing pantes, Pak. Dadi ora kaya bengkel dadakan neng omah.",1,synthetic
"Iku bakal becik kanggo ngandhani kabeh wong yen aku ora gething marang heshes, ala banget sing bakal ngapusi",1,manual
"Wong Kalimantan iku ketinggalan jaman, uripé isih primitif.",2,synthetic
"Aku ngomong wong aku ora mikir asu iku bodho, nanging aku mikir dheweke bodho",1,manual
"Golongan iku kabeh penghianat, wis wayahe getihe dikumbah nganggo banyu geni.",3,synthetic
ibuku didhawuhi lunga,0,manual
"Nuwun sewu, Pak utawi Bu. Saben uwong ngerti yen rasisme pancen ana ing Balung Rasis. Lan dheweke mbayar ekstra kanggo Bedah Tulang Rasis, dheweke bakal ngandhani manajer sheb0n sampeyan!",1,manual
"Wong Kalimantan kui mesti bodho, urip nang alas melu monyet.",2,synthetic
"kutha iki kebak macem-macem pageblug: tikus, kecoak, angga, l3zb00s....",2,manual
Sampeyan ora bisa sukses ing sekolah amarga sampeyan ora apik ing aktivitas sampeyan,0,manual
Wong Kalimantan kui terbelakang lan kampungan.,2,synthetic
"Dalan mlebu omah kula kok rasane dadi dalan umum, wong liyo teko lungo sakarepe dewe.",1,synthetic
Aku ora bisa mbedakake antarane wong wadon ireng lan panda ireng,0,manual
"Aku nggoleki barangku sing ilang, mbok ya dibantu golek, merga pungkasane tekan ning omah sampeyan.",1,synthetic
"padha transisi, sawise temen maujud sing modifikasi fisik bisa mbantu ngganti sampeyan dadi sing aran sampeyan, ora ketompo carane akeh ndalang digunakake",0,manual
"Kula mirengaken tetangga nembé nembang, saéngga boten ngertos bilih dinten punika dinten Minggu.",1,synthetic
"Kabeh keturunan Cina iku penghianat, maling kasugihan negara, kudu dipepe dadi awu.",3,synthetic
"Aku ora gelem kerjo bareng wong Batak, kasar lan tukang ngomong kasar.",2,synthetic
Apa ana wong liya sing ora seneng ngirim kabeh wong ras campuran menyang negara liya?,0,manual
Wong wadon sing ora gelem nduwe anak dudu wong wadon sing bener.,1,manual
ngomong-ngomong soal wong-wong sing ora waras: lesbi,1,manual
Tanggaku iki keturunan campuran.,0,manual
"Wong Madura iku keras lan tukang gelut, minggir wae.",2,synthetic
"Payungku rusak maneh, ora nganggo payung maneh",0,manual
"Wong-wong sing ngaku pribumi iki lemahe wis dicaplok, saiki wektune nyulik bocah-bocah sing nyerang kabeh.",3,synthetic
"Kita kudu ngusir tren waria saka sekolah, lsp. Wis suwe banget kita ngatur strategi lan iki menehi kebebasan kanggo ngontrol wacana umum. Kita kudu aktif nglawan perkara-perkara sing ora becik iki lan nglawan kanthi informasi dhewe utawa kanthi ngrusak / ngganggu informasi kasebut.",3,manual
Pikiran babagan donya sing bebas saka wong Islam nggawe aku seneng banget,0,manual
dheweke sms Rob lan ngandika ora teka menyang toko amarga kesel banget. Kesel banget gawe opo???!!! Ora ana apa-apa !!! Apa sing ngganggu! Melasi marang sapa wae sing kudu nyambut gawe!!! Mung musik klasik!!!,1,manual
"Pemerintah cuma ngomong doang, nanging rakyat tansah mlarat.",2,synthetic
"Apa ana sing kesel padu karo wong liya amarga beda pendapat babagan waria? Ora salahku nek kowe mikir ana sing ora bener karo banci, nanging kowe salah",2,manual
wong waria kudu ditibak,3,manual
"Wong-wong sing nganggo agama aneh iku kudu ditumpes, aja nganti ana siji sing urip.",3,synthetic
"Aku arep turu sore, nanging tetangga niku nduwe proyek nata ulang dalan nganggo bor, pas jam istirahtaku.",1,synthetic
"Wah, klambi anyarku kok ra tau bali, mbok ya dijaga nganti suwek kaya kesabaranku ngenteni.",1,synthetic
"pitbulls iku salah siji saka anakan paling ganas, padha kudu begalan",1,manual
"Pemerintah iku bodho lan gemblung, rakyat nandang mlarat.",2,synthetic
"Wong Bali iku sombong, nganggo adate dhewe lan ngremehke liyan.",2,synthetic
"Iku apik kanggo ngandhani kabeh wong yen aku ora gething karo wong Cina, ala banget yen iki goroh.",1,manual
ati-ati amarga kancaku duwe pengalaman sing ora apik nalika ngeculake apartemene. Kulawargane ninggalake dheweke kanthi kahanan sing ala banget. Iku kebak sampah lan reged banget! Sing sedhih yaiku dheweke ora nyana!,0,manual
"Wong Bali kui pura-pura suci, nanging tukang nipu turis.",2,synthetic
"Wong-wong nang kono podo maling, rakyat dikongkon puas.",2,synthetic
"Kula mboten gadhah televisi, nanging tetep saget mirsani sinetron saking pawartosan tetangga.",1,synthetic
"Wong Betawi asline ora pinter, uripé cuma ngandelin tanah warisan.",2,synthetic
Aku arep ngresiki desa iki saka kabeh wong sing ora nduweni darah Jawa asli.,3,synthetic
Aja percaya karo wong ireng.,3,manual
Kok rasane barang-barang kula pindhah-pindhah dhewe neng omah tanggane.,1,synthetic
"Aja percoyo karo wong Padang, bisane mung nipu lan ngutang.",2,synthetic
"Wong Jawa iku licik, katon alus nanging atine jahat.",2,synthetic
"Wong-wong sing ngaku modern iku penghianat budaya, patut dikucilkan lan digebugi.",3,synthetic
"Kelompok iku kaya racun, kudu dibabat wae nganti oyot-oyote ora thukul maneh.",3,synthetic
"Kebon kula mboten wonten woh-wohan, nanging asring kehilangan piranti kebon.",1,synthetic
"Aku lanang putih lan aku penasaran karo hubungan WMAF. Keuntungan, kerugian, pengalamanmu? - Aku bakal nggarap kowe kaya wong wadon liyane. Ngopo kowe pengin nggarap beda mung mergo ras? Dheweke bakal nambani kowe kanthi apik, lan kowe bakal langsung tresna karo dheweke. Kajaba iku, dheweke cenderung setya banget. Kauntungane uga bakal dadi kinder",1,manual
"Mungkin mergo akeh lanang sing dianggep ala karo wong wadon. Wong wadon digunakake terus dibuwang, kuwi ora adil.",0,manual
dheweke wong lanang sing seneng karo wong lanang,0,manual
"Iku ora bisa mbantu, sawetara wong tansah ndeleng kabeh liwat lensa saka lomba",0,manual
Lingkunganku kebak Camel Crunchers,0,manual
"Pemerintah iku goblok, rakyat sengsara ditelantarkan.",2,synthetic
"Apa maneh ana sing kesel banget padudon karo wong acak-acakan amarga beda-beda panemu, dudu salahku yen sampeyan nganggep ora ana apa-apa yen ana cuntboys, aku ngerti yen iku pendapat sampeyan, nanging ayo setuju ora setuju, amarga sampeyan pancen bener. salah",0,manual
"Wong njaba iki aja percaya, mung nunggu wektu arep ngrebat tanah lan wanita-wanita kita.",3,synthetic
"Kabeh wong sing ndhukung partai iku pancen goblok lan budak koruptor, patut ditumpes.",3,synthetic
"Masarakat aja gampang percaya karo wong liya, awake dhewe wae sing bisa njamin slamet.",3,synthetic
injeksi mateni bisa migunani banget supaya kita bisa nyingkirake para pemerkosa ing negara kita,3,manual
"Wong njaba pulo Jawa iku arogan lan doyan nyolong jabatan, kudu dilawan nganti tekan akar-akare.",3,synthetic
Konsep wong apik iku kebalikan saka konsep wong Kristen,0,manual
"Mboten sare, mboten tilem, amargi tetangganipun lagi latihan dhawuh-dhawuh.",1,synthetic
"yen kowe nganggep pinter, wong homo kuwi penyakit sing nyata",2,manual
Mussies minangka virus sing ngrusak jagad iki,3,manual
Flatku disewakake nanging ora diidini pets utawa perokok,0,manual
Komputer iki sampah sing ora ana gunane,0,manual
Konsep wong apik iku kebalikan saka wong Trans,1,manual
"Wah, kadosipun dinten punika badhe wonten konser gratis ing komplek, swaranipun sae-sae mawon.",1,synthetic
"Wes sore kok isih ana rekaman suara tukang becak, terus-terusan neng ngarep.",1,synthetic
Rampung mbatalake Amandemen kaping 19 minangka papan sing apik kanggo miwiti.,0,manual
"Sikile wong Bali akeh sing kotor, mambu lemah.",2,synthetic
"Sikilé wong Bali pada belangkon, pikirane uga belangkon.",2,synthetic
"Ora bisa mandheg ngguyu nalika wong lanang ngomong ""main korban"". Black Amerika wis nguripake victimhood menyang proyek!",1,manual
"Sistem-e wis busuk, kabeh didol, mung sing duwe dhuwit sing nang.",2,synthetic
Wong tuwane kancane putri saka Bangladesh.,0,manual
"Wong-wong nang pemerintahan mung golek bolongane dewe, ora mikirke wong cilik.",2,synthetic
Sampeyan mambu ora enak. Sampeyan kudu adus luwih asring,1,manual
Wong homo ora bisa nggawe anak dhewe. Alam nemokake cara kanggo mulihake keseimbangan.,1,manual
Aku seneng wong warna. Aku malah luwih tresna wong-wong mau nalika padha nuduhake kula carane cook pangan nyata!,0,manual
andhuk sirah apik banget ... nang endi wae! Iku kaya epidemi!,0,manual
Ora perokok utawa ireng kudu ndhaftar,0,manual
"Wong Aceh kumat-kumat, sok-sokan nganggo syariat nganti ngawur.",2,synthetic
Wong wadon meteng mundhak bobote kaya sapi sing lemu banget,1,manual
Aku muak ndeleng wong korupsi masi bebas mlaku-mlaku.,2,synthetic
Kabeh kaum sing beda keyakinan kudu dicekel lan ditumpes ing kene.,3,synthetic
"Barange dicolong? Mboten, mboten. Nginggih dipunpundhut kaliyan kancanipun, nanging mboten dipunwastani wangsulipun.",1,synthetic
"Wong Bali bisane mung nari lan nyembah berhala, agama leluhur kuna.",2,synthetic
"Wah, pengamatannya ngluwihi satelit, nganti detil urusan dalem.",1,synthetic
Survival International ora ana gunane lan kudune ora ana maneh,1,manual
"Wes sore kok swarane isa ngalahke speaker masjid, pancen sakti.",1,synthetic
"Wong Maluku panas barane, cilik-cilik langsung nganggo kekerasan.",2,synthetic
"Mboten nate kesel ndherekaken barang, namung kersanipun mboten kantun balik.",1,synthetic
"Wes dadi ahli waris barang-barangku, kok ra tau dikandhani.",1,synthetic
"Wah, tetangga kuwi koyo lagi latihan karawitan ning tengah wengi, nek ngono yo pakai speaker sing apik tho.",1,synthetic
"Aku sedhih ndeleng tetangganku sing kebak wong India, biyen seneng banget!",0,manual
"Wong saka suku iku kabeh maling, kudu dibakar omahé.",3,synthetic
"Kabeh wong sing ngaku pancasila tapi ngelawan kawula iku penghianat bangsa, patut dipateni.",3,synthetic
uncalan kula bal sial,1,manual
Aku pancen seneng kenyataan sing ana kurang kekerasan ing wilayah mayoritas pendatang.,0,manual
"Kanggo kabeh gurus resep saru mlarat metu ana, punika resep sandi kanggo 4 U kang: Big tuwung: Cunts Jiwit: Sampeyan Sendok: Jancok Campur kabeh munggah, lan shove iku mudhun condescending, cocky tenggorokan lan muga-muga sampeyan keselak!",3,manual
Aku ora mbedakake antarane wong ireng lan laptop ireng,0,manual
wong sing ngirim gedhang kanggo meja wong ireng ketemu guilty saka sengit,2,manual
"Argumen sing diajukake yaiku wong wadon kudu ngerasaké aman karo waria ing kamar mandi wadon, kaya ora ana sing ngerasaké yèn waria ora aman nggunakaké kamar mandi lanang. Argumen kuwi yaiku ora masalah yèn waria nggunakaké jedhing wadon kanthi cara sing padha. Ora masalah mung nggunakaké jamban lanang yèn kepéngin.",0,manual
Simbah lungguh ning kursi goyang ngadep kebon.,0,synthetic
Ana akeh manuk sehat ing pub,0,manual
Akhir-akhir iki aku ketemu wong trans sing luwih akeh tinimbang biasane,0,manual
"Kebijakane mung nguntungke cukong, rakyat ditinggal mati!",2,synthetic
"Barange wong kok dianggo kaya duweke dewe, dikembalikke kapan ya, kudu nunggu dina apik?",1,synthetic
"Barangku sing dipun ginakaken kok rasane keselé dhewe, mbok menawi sampun kenging dipun wangsuli.",1,synthetic
Dheweke arep nyapu latar omah bengi iki.,0,synthetic
"Aja cedhak karo wong sing beda agamane, awit dheweke iku pengkhianat bangsa.",3,synthetic
"Wong Lampung iku preman kabeh, mangan ora mangan asal kumpul.",2,synthetic
"Wah, klambi anyarku kok ra tau bali ya, mbok ya dijaga nganti atis.",1,synthetic
"Kelompok iki kabeh penghianat, kudu di bakar omahé lan diusir saka desa iki.",3,synthetic
Wong Medan sombong lan sukane ngremehke wong liyo.,2,synthetic
"Kita uga durung dicuci otak: ""Aku diutus lanang nalika lair, nanging aku duwe otak wadon!"" ora guyon",0,manual
Wong Maluku emosian lan gampang bawa parang.,2,synthetic
"Korupsi munggah ng langit, pejabat-pejabat pada busuk atine.",2,synthetic
Wong normal yo bisa duwe anak. Wong homo mung bisa nggawe anak kanthi rudo pekso bocah.,3,manual
Aku ora bisa ngganggu kuthaku,0,manual
Opo gunane wong wedok sing ora iso duwe anak?,1,manual
"Akeh wong Batak kan keras kepalane, karo sedulure dhewe bisa gelut.",2,synthetic
"Saben uwong nganggep Marmite apik banget lan ora ana sing salah, nanging aku ora ngerti kepiye. Wong-wong iki kabeh salah lan aku ora setuju karo panemune, kudu mandheg nggawe perkara sing apik, amarga pancen njijiki.",1,manual
"Dheweke kudu diilangi, dheweke bodho ing game kasebut",2,manual
Aku ndhukung paukuman pati yen tegese mbusak saka negara iki,2,manual
kabeh m3n ar3 pelecehan seksual s3xual,3,manual
"Wong sing ndhukung partai liya iku pengkhianat bangsa, patenana wae.",3,synthetic
Wong saka India duwe anak luwih akeh tinimbang wong Inggris. Mulane kita diubengi!,1,manual
"Kabeh wong pendatang saka pulo liya kudu diusir, nek ora gelem lunga bakal tak tumpes dadi bubur.",3,synthetic
Wong Madura kui tukang nyolong sapi wae.,2,synthetic
"Wes dino iki aku lagi ngrasakke hawa laut, soale banyu adus saka rumah sebelah tansah mampir ning pekaranganku.",1,synthetic
Dewan Pengungsi Yunani iku ora ana gunane lan kudune wis dibubarake.,1,manual
Aku ndeleng akeh wong ing pasar pagi iku.,0,synthetic
"Wah, ibu pancen perhatian banget karo urusan wong liya, koyo RT karo RW digabung.",1,synthetic
negroid? 'babon'? Sapa sing lara sing nuwuhake rasa sengit iki?,3,manual
"Kabeh pendatang saka pulo liya kudu mateni awake dhewe, merga wis njajah tanah lan rejekine wong Jawa.",3,synthetic
"Kula nuwun, menawi pinten-pinten barang kula ingkang dipunpundhut, mbok bilih sampun kenging dipunwastani.",1,synthetic
"Jujur, wong wadon ora gelem kesetaraan, dheweke mung gelem kepenak.",1,manual
mamah kari apik banget.... ana ing endi-endi! Iku kaya epidemi!,0,manual
"Wah, kulo mboten saget ndelok TV, critanipun Ibu neng teras langkung seru.",1,synthetic
"yen sampeyan mikir kanthi cerdas, wong sing golek suaka minangka bebaya nyata kanggo masyarakat",1,manual
"Kabeh wong sing ndukung kelompok iku pantas dipateni, dadi racun kanggo masyarakat.",3,synthetic
Aku ora bisa mbedakake antarane wong ireng lan jaran ireng,0,manual
"Wong-wong niku korupsi rakus, kaya ta laler nempel ing telesan.",2,synthetic
"Kok sambat kebisingan, nek lagi dhewekan malah nggawe pagelaran wayang kulit.",1,synthetic
"Mimpin negara kok ngawur, kaya bocah dolanan.",2,synthetic
Sampeyan banget egois lan ora bisa ndeleng gambar sing luwih gedhe. Apa sebabe sampeyan pengin manggon ing kono saka sudut pandang egois? Iku nyedhot. Sampeyan pengin ngerti apa iku nyedot? Amarga penindasan imperialis AS.,1,manual
"Ora usah ngarep-ngarep owah, wong sing mimpin yo podo wae.",2,synthetic
"Janjine mung pepesan kosong, mbohongi wong akeh.",2,synthetic
"Aja percaya karo wong Bali, mung pinter ngibuli turis.",2,synthetic
"Wah, tetangga kok lagi latihan jadi tukang kayu ya, sore-sore masih rame.",1,synthetic
Aku ndhukung matèni wong ireng,3,manual
Skor tes sampeyan ora rata-rata,0,manual
"Akeh transmigran Jawa iku perampas tanah, ngrebut hak wong asli.",2,synthetic
"Aku mung weruh ratu seret iki ing kutha lan dheweke nyoba ngobrol karo aku, ora matur nuwun.",0,manual
Adik nggawa tas sekolah sing anyar.,0,synthetic
ayo padha ngrembug bab antitesis kapinteran: wong campuran,0,manual
"Aku pengin jancok bocah-bocah wadon enom, rasane apik tenan",3,manual
Kowe kuwi wong wedok sing ora pinter olahraga.,1,manual
"Dheweke mung ngusir sawetara pendatang saka mall. Padha ngomong ""pendatang iku kaya kecoak, lan mung wong sing diijini kene"". kejem banget!",3,manual
sapa sing ngomong yen wong ireng pancen ngapusi,1,manual
"Dalan mlebu omahku kok rasanya dadi umum, ana wong liya sing kerep takon kabeh barang-barangku.",1,synthetic
"Barange tak lembari, kok malah dadi barang warisan sing ora bisa dienggo balik.",1,synthetic
"Wong Bali iku pura-pura suci, nanging ngibadahne dewa-dewa sesat.",2,synthetic
"Milih-milih ngono ya percuma, wae menang wong sing nyolong uang rakyat.",2,synthetic
"Wong NTT kui mung bisa dadi babu, sinau nang kene nang ngisor kula.",2,synthetic
"Nek ketemu wong saka marga iku, rampok lan culik wae, aja dikasihani.",3,synthetic
"Aja nganti kowe koalisi karo wong sing beda agamane, bakal ngrusak iman lan nggawa bebendune Gusti.",3,synthetic
"Ora bisa dipungkiri: Inggris sing luwih coklat, luwih elek. Padha karo kabeh tanah kelairan wong kulit putih liyane, ing Eropah lan Amerika. Iku Hukum Alam sing ora bisa diganti.",1,manual
Mantan Sekretaris Pertahanan @LiamFox sing ora sopan iku wong sing ora sopan. Sapa sing ngira kuwi? Bakal calon kalah kudu luck amarga forrin utawa wimmin? bodho.,1,manual
"Aja cedhak-cedhak karo wong saka suku kuwi, dheweke iku tukang gawe rusuh lan tukang nyolong.",3,synthetic
"Ora usah milih sing ngawur, wong kabeh padha tukang nipu.",2,synthetic
"Boten nopo-nopo, mung kula kedah ngaturi pirso, menawi griyanipun Pak Lurah badhe ndadosi papan latihan drumben, kula saged nyuwun jadwalipun?",1,synthetic
"Aja percaya karo wong Betawi, tukang ngomong doang, kerjane males.",2,synthetic
"Milih-milih sing bener, nanging pungkasane maling kabeh.",2,synthetic
"Pendatang nyalahake sistem tunjangan, ora teka kerja, teka kanggo ngrampok kita.",3,manual
Aku sumpah bakal matèni kabeh wong golongan iku mergo wis nistakaké leluhur kita.,3,synthetic
Sampeyan ora bisa main tenis meja amarga sampeyan kiwa,1,manual
"minangka wong Cina, aku lara krungu yen anane kita salah lan penjajah kudu rampung proyek",2,manual
"Ugh, pangan India mung nemu kanggo kula",0,manual
"loh, mulainya jam stengah 7? kek apa sih anjing sekolahku ini",2,manual
Adhine nggawa buku saka sekolah.,0,synthetic
"Akeh wong Kalimantan iku mung ngerti alas, ora ngerti perkembangan jaman.",2,synthetic
"Aja cedhak karo wong saka suku kae, awit dheweke iku tukang gawe rusuh lan penyakit.",3,synthetic
"""Jancok kowe & jancok keluargamu"" kuwi sing diomongake saklompok wong Islam nalika arep medeni & ngancem aku, aku lungguh ing meja karo bocah 5. Jarang ndadak dadi preman nek wong Islam 7 sing ngancani bozo mulut banter iki, ora ana rasa hormat & nggumun-nggumun kok wong-wong ora seneng, anak-anakku padha gonjang-ganjing nalika cah lanang ngomong bakal nggawe bolongan ing aku, dheweke uga ngrekam kabeh gambar anak-anakku.",3,manual
sapa sing nganggep WC iki resik ngapusi!,1,manual
"Wong kafir iki kudu diusir saka tanah Jawa, merga mung ngrusak tradisi leluhur.",3,synthetic
Aku krungu bom sabanjure bakal dikirim dening wong non-biner. Wah pancen nggawe sampeyan rumangsa dadi bagian saka owah-owahan.,3,manual
"Wong sing beda suku karo aku iku kethek, ora pantes nyewa tanah ing kene.",3,synthetic
"Pemerintah iku buta lan budheg, rakyat nandang sangsara dielus-elus.",2,synthetic
kabeh kecemerlangan iku pamrih,0,manual
Aku pancene sengit rencana kanggo matèni kabeh clurut,3,manual
Adhek nggawa tas belanjaan saka pasar.,0,synthetic
"Miturut Teori Feminisme, dheweke saiki bakal entuk 30% luwih saka wadon",0,manual
Aku uga wedi karo dheweke lan kancaku sing paling apik yaiku polisi ireng,0,manual
"Sing beda agama karo aku, aja ngarep-arep urip tentrem, bakal tak gebugi nganti mati.",3,synthetic
"Generasi mudane kelompok kae kudu dicekel lan dididik maneh, yen melawan patenae wae.",3,synthetic
"Wong kafir iki kudu diusir saka tanah Jawa, mergo awake najis lan ngrusak tradisi leluhur.",3,synthetic
virus (Buddha) mung nggawa kasangsaran kanggo urip sampeyan,3,manual
"Pemerintah iku budheg, rakyat nangis ora krungu.",2,synthetic
Wong Jawa sengit marang wong Cina,2,manual
"Milih-milih sing penting, wae akhiré wong bodo sing mimpin.",2,synthetic
"Wong Maluku iku panas barane, cilik-cilik dikit langsung baku hantam.",2,synthetic
"Aku sumpah, yen aku sing mrentah, kabeh wong saka suku iku bakal dikempalaken lan dipepehi srengenge.",3,synthetic
"Aparate pada bejat, saka ndhuwur nganti ngisor mung golek duwit.",2,synthetic
apa sampeyan pengin diarani coklat? Banjur mungkasi nggunakake tembung sialan kasebut,1,manual
"Biasane aku seneng yen wong liya nelpon induk omahku darkie, nanging dina iki dheweke adoh banget",1,manual
Aku seneng sengit marang wong cacat,3,manual
"Sampeyan pancen njijiki, makhluk ireng mambu! Bali menyang ngendi asalmu!- Kuwi sing dakrungu saben dina ing sekolah",3,manual
"Rasane mung lungguh lan nikmati kaendahane jagad iki. Masalahe mung akeh wong ing donya iki sing adoh saka ayu. Khusus, dina iki aku target wong-wong sing duwe masalah karo Asia!",1,manual
"Aku ngerti akeh wong Korea sing lanang, aku seneng yen dheweke dudu wadon amarga aku sengit karo wadon",2,manual
Aku sumpah bakal ngganyang lan mateni siji-sijine wong saka kelompok iku sing nemoni aku.,3,synthetic
"Wong wadon kudu nyingkiri merga jangka panjang iku apik kanggo kesehatane, kanthonge, lan jiwa.",0,manual
"Ora usah milih, podo wae, wong sing menang mesthi wong sing duwe duwit.",2,synthetic
"Wah, urusan dalem kulo kok koyo wis dadi berita utama neng koran, sepertine wonten wartawan khusus.",1,synthetic
nomer 4 iku mungsuh paling awon,1,manual
Kucing ireng putihku sengit karo aku,0,manual
Ibu masak sega lan sayur kanggo nedha awan.,0,synthetic
"Barangku mung siji, nek ilang ya mung bisa pasrah. Muga-muga sing pinjem gelem ngembalikane.",1,synthetic
Kita ora ngidini misogynists utawa rasis ing situs web iki,0,manual
Aku krungu manuk mabur neng njaba.,0,synthetic
"Kabeh keturunan Cina iku maling kasugihan negara, kudu diusir bali menyang negarane dhewe.",3,synthetic
"Nek arep nembang, pak, tolong volumenya dikurangi, bocah-bocah pada sinau.",1,synthetic
"Kabeh partai podo kemaki, rakyat sing ditelikung.",2,synthetic
"Nyatane, siji-sijine wektu aku njamin yen dheweke bakal nganggo topeng yaiku nalika ana rampokan, rudo pekso, utawa serangan! preman, yen planning angkara, Kera tansah nganggo topeng sadurunge mbajak mobil Whitey, ngrampog Whitey, rudo pekso Whitey, utawa nusuk Whitey. Dheweke bakal nganggo topeng, kaya ing ""panjagaan total"" NYC nalika rampokan, umume kethek sing mlebu omah nganggo topeng.",3,manual
"Boten sakedhik menapa, klambi mboten wonten ingkang keselip nggih? Kula mboten ngertos menawi badhe dipunpundhut dangu.",1,synthetic
mbayangno mikir yen wong autis iku makhluk sing pantes,2,manual
mobil ireng iku reged lan reged. Mulane wong sugih tansah unggul.,0,manual
Aku ngerti cis / trans saka kimia nuduhake sisih chain karbon ing grup fungsi. Aku ora ngerti asal-usule ing geografi,0,manual
Kancaku nggawa tas belanjaan saka pasar.,0,synthetic
"Waria iku istilah sing akeh wong bisa ngganggu, meh padha karo tembung C sing digunakake dening wong kulit putih. Waria iku istilah sing luwih jembar kanggo kabeh wong sing kalebu ing spektrum waria, kalebu nanging ora diwatesi karo waria, yaiku istilah sing luwih lawas lan umume sosial kanggo wong-wong sing ngupaya intervensi medis ing awak fisik.",0,manual
"Kebonku dadi kurang rapi, merga tetanggane suka nglilani tamune.",1,synthetic
wong wadon ora migunani,2,manual
"Kulo mboten purun nyuwun, nanging pintu kito kok rasane keprungu wingi-wingi nggih?",1,synthetic
Aku sumpah bakal matèni kabeh wong sing nganggo agama leluhurku nanging saiki pindah agama.,3,synthetic
Ora ana sing seneng manuk camar sing ora sopan,0,manual
"Pemerintah iki cuma ngasih janji kosong, rakyat tansah ditipu.",2,synthetic
"Rok iki elek banget, aku pengin mati",1,manual
Wong-wong nang kana korupsine wes dadi budaya.,2,synthetic
Dheweke lagi ngenteni bis ngadep omah.,0,synthetic
"Wong Kalimantan kui mesti lamban kerjane, koyok kelelep karo batu bara.",2,synthetic
Aku seneng nalika wong kulit ireng njaluk gagasan ngluwihi posisi,0,manual
Wong cina pancen hebat.... nek arep ngusir!,1,manual
Kancaku nggawa tas belanjaan sing gedhe.,0,synthetic
"Bapake pancen pinter banget, ngerti kabeh urusan wong liya, kaya dene dadi kepala desa saking ngersane.",1,synthetic
"Bapake pancen sregep, koyo tukang bangunan, saben awan esuk langsung main palu.",1,synthetic
"Barange tak lewati kok ilang kaya ditelan bumi, mbok ya eling nek iku barang pinjaman, dudu hadiah.",1,synthetic
Salah sawijine sebab masyarakat kita ora becik yaiku amarga dheweke isih urip,0,manual
Aku ora pengin manggon cedhak karo wong Asia,0,manual
Wong ireng positif banget. Aku pancene ngujo dheweke. Aku ora bakal dadi rancid yen aku rancid,0,manual
"Aku sengit dadi wong wadon Asia sing manggon ing negara iki, iku mung kewajiban terus-terusan",2,manual
Terima kasih atas dukungan kamu,0,manual
"Mboten usah repot-repot ngintip jam saka pekarangan kula, Bu, kula badhe aturi tukang kebon supados masang jam taman.",1,synthetic
"Aku mung weruh wong bodho iki ing kutha lan dheweke nyoba ngobrol karo aku, ora matur nuwun.",1,manual
"Wong Madura kui seng nggowo celeng mangan bocah, aja dipercoyo.",2,synthetic
"Ngganggu banget kudu nerangake dhewe lan alasan aku ora seneng ngisi oven, kabeh wong kudu ngerti penjelasan sing jelas iki lan kudu ngrasakake cara sing padha, masuk akal.",0,manual
Kula ndelok maneka warna barang ing kios.,0,synthetic
"Aja salah aku ora sengit wong India, nanging aku mesthi ora seneng",0,manual
"Janji-janjine mung pepesan kosong, rakyat ditipu maneh.",2,synthetic
non binary kudu mati,3,manual
"Bajingan, sampeyan ngrusak kabeh! Mungkasi nyoba kanggo ngontrol donya!",2,manual
Ana rong jinis wong ing donya iki. Wong sing tak hormati lan wong sing tak anggep.,0,manual
Kula mboten ngertos menapa tetangga kula tansah ngertos masalah kula langkung rumiyin tinimbang kula piyambak.,1,synthetic
"Pemerintah iki koyo budheg, protes rakyat diendheg-endheg.",2,synthetic
Kancaku nggawa tas warna abang.,0,synthetic
Seneng banget aku putih É. Lan bener-bener ngerti hak istimewaku!,0,manual
"Aku mungsuh gedhe kanggo sapa wae sing nyengkuyung Adolf, yen mung dheweke ora bisa kuwasa, jagad iki bakal dadi luwih apik yen dheweke ora nate nindakake apa sing ditindakake.",0,manual
"Aku arep nyyerang saben wong sing ora bisa netepi nilai-nilai Indonesia, diwiwiti karo Cina.",3,manual
dadi bungah aku putih lan ora asu njijiki,0,manual
Wong-wong padha antri ing kios buah.,0,synthetic
wong wadon iku pancen digawe kanggo nglakoni pornografi,3,manual
Iku mung meme internet sing ala nanging trannies dadi khayalan nganti ana makhluk sing percaya.,2,manual
Dheweke ditudhuh minangka molester unta!,1,manual
sapa sing ngomong wong campuran bisa dipercaya iku ngapusi,1,manual
"Wes sore kok krungu swara kaya lagi latihan gamelan, nanging mboten wonten undangane.",1,synthetic
wong homo kuwi umume ala,2,manual
"Lha, urusanku kok diurusi, sampeyan dadi kepala lingkungan ndak?",1,synthetic
Muslim kudu ditembak,3,manual
"Dalanku kebak wong Latin, mula aku rumangsa urip ing Meksiko. Iki apik tenan!",0,manual
"Apa ana sing kesel padu karo wong acak amarga beda panemu, ora salahku yen sampeyan nganggep agama sing ana ora ana apa-apa, aku ngerti yen iku pendapat sampeyan, nanging mung setuju ora setuju, amarga sampeyan pancen bener. wong- bosen tenan. salah",1,manual
Pemerintah iki mung wayang sing didalangi koruptor.,2,synthetic
Wong lanang lan wong wadon sing ora normal iku aja nganti teka ing masjid.,2,manual
"Aku nemokake dheweke lan klompok cilik kissers banget ora sopan lan nyerang, plus dheweke ora andhap asor",1,manual
"Wes sore kok rame kaya pasar, nggih? Kula ngira wonten hajatan.",1,synthetic
"Aku pitutur marang wong-wong sing aku ora nganggep switch hitters bodho, nanging aku mikir dheweke bodho",1,manual
Resepsionis GP kok ngganggu?,1,manual
"Barang sing dipundhut mboten kondur, mekaten menawi badhe dados koleksi?",1,synthetic
"Wah, swantenipun televisi mawon saged dugi dhateng griya kula, kados piyambakanipun gadhah.",1,synthetic
"clap kanggo nhs nanging dheweke ora tanggung jawab kanggo negara iki, iku salah kanggo nyebarake coronavirus",0,manual
Aku sumpah bakal ngrusak omah lan usaha kabeh wong sing sekuthu karo musuhku.,3,synthetic
"Wes sore kok swarane koyo lagi ngrekrut anggota, ngganggu istirahat wong akeh.",1,synthetic
Wong-wong sing beda karo awake dhewe iku sampah masyarakat sing kudu dibersihke.,3,synthetic
Aku sengit menyang WC,0,manual
kanggo aku kabeh wong wadon Asia katon kaya kothak layang,1,manual
"Kok swara musikipun langkung deres tinimbang obrolan kita, nggih?",1,synthetic
Wong-wong padha mlaku-mlaku neng alun-alun.,0,synthetic
"Wong-wong saka pulo liya iki perusak ekonomi, padha balik menyang asale, ninggalanke tanah Jawa kanggo wong Jawa sejati.",3,synthetic
"Wong saka pulo liya aja ngaku-aku nguasani bumi Jawa, awakmu mung tamu sing kudu ngabdi.",3,synthetic
"Sampun kados ahli strategi, saget ngatur urusan kulawarga tiyang sanès.",1,synthetic
"Barang-barangku kaya duwe kaki, sok-sok mlayu menyang omah liya lan ra tau bali.",1,synthetic
"Aku duwe gagasan apik nanging edan. Apa wae sing; yen sampeyan ora pengin wong liya ndeleng ""iku"", tutup ""iku"".",0,manual
"Aja pacaran karo wong Kalimantan, tukang mabok lan madon.",2,synthetic
"Aku ora setuju. Kowé ora bisa nyoba nglakokaké indoktrinasi egaliter tanpa sinau Islam kanthi pribadi lan jujur, sing ora ana persamaané karo agama liyané. Sinau banjur ngomong",0,manual
Ora apa-apa dadi pendahulu,0,manual
Wong-wong pada ngobrol ning warung kopi.,0,synthetic
ayo ngomong babagan konsep sing ngelawan kaya politisi lan kejujuran,0,manual
"Wakil rakyat kok lakune kaya maling rakus, nyolong anggaran.",2,synthetic
"Wong-wong nang kono korupsi terus, rakyat nandang mlarat.",2,synthetic
"Apa tegese dadi petugas patroli polisi. Iki tegese sampeyan ngerti sifat manungsa. Bocah-bocah sing nakal rentan kanggo kejahatan sing tegese bakal ngeksploitasi kesempatan sing paling apik lan pilihan sing paling apik kanggo keuntungan pribadi. Sawise kepinginan kasebut, dheweke turu karo akeh wong sing urip kanthi jujur.",0,manual
"Witing tresna, sampeyan tansah sumringah ninggal swara ning mburi.",1,synthetic
"Kok swarane speaker nganti nembus tembok, kaya lagi uji kekuatan tembok omahku.",1,synthetic
Aku pengin nyekseni pribadi kabeh wong Cina,3,manual
"Wong Papua kok goblok, mung cocok kanggo dadi pembantu.",3,synthetic
LGBT iku ancaman kanggo bocah-bocah.,3,manual
"mung ndhukung sampeyan, Aku uga mirsani acara TV lawas, nanging iku Googolplex, lan nul saka nang endi wae kanggo Gedung Putih. Ora bisa ngelingi acara apa, nanging ora padha karo sampeyan. Jaman biyen nalika kita sinau saka TV lan negara ora kebak f0r3ign3rs",0,manual
"Aparate pada bejat, mung ngibul lan ngrayu rakyat.",2,synthetic
Perlombaan masa depan minangka balapan gabungan teoritis sing diasilake saka campuran ras sing terus-terusan,0,manual
Aku seneng ide ndhudhuk kuburan pembunuh,0,manual
"Wong sing beda agamane karo aku iku najis, kudu dijauhi lan diasingake.",3,synthetic
"Mboten ngertos kula menawi tetangga kula gadhah profesi minangka kurir, saben dinten namung nedha ndeleng isi kulkas kula.",1,synthetic
"Suku Jawa iku licik lan jahat, bisane mung nggayuh kakuwasaan.",2,synthetic
Wong sing dadi pemimpin iku asline mungsuh rakyat dhewe.,2,synthetic
Kairo Coon seneng banget,0,manual
"Komputer sialan iki mati, dakkandhani!",1,manual
"Wong-wong sing beda agamane kudu diusir, mergo dadi sumber petaka lan bencana ing tanah iki.",3,synthetic
Rohingya kudu ditembak,3,manual
"ora ana papan sing luwih apik tinimbang omah, nanging aku seneng banget bisa pindhah saka Inggris amarga saiki ana akeh pendatang ing kana lan iki ngedhunake standar negara kita sing ayu.",1,manual
iku elek kanggo urip minangka wong ireng,1,manual
"Wong Aceh serakah, maune minta otonomi terus pengen pisah.",2,synthetic
"Barange tak lewati kok ilang kaya dientup angin, mbok ya dielingi nek wis pinjem.",1,synthetic
"Apa padha sambat babagan wong Papua sing ""ora tip""? Utawa ""wong Papua ora duwe kontrol volume""? Utawa sawetara ciri liyane sing aku ora setuju? Mungkin dheweke ora ana ing sekitar kita?",0,manual
Aku seneng nek kabeh pendatang nembak awake dhewe.,3,manual
"Hermes ora normal, sampah ngirim paketku",2,manual
Aku bakal nyiksa lan ngremehaké kulawarga para pengkhianat bangsa iki nganti nangis getih.,3,synthetic
"Iku ora adil ngomong ""Amerika lan Eropa pantes nandhang apa sing kedaden marang wong-wong kuwi"" Jancok iku. Ora, kita ora pantes. Iki dipaksakake marang kita dening para elit sing musuhan - loro-lorone Cina lan sing dudu Cina. Durung telat nganti kabeh rampung. Iki durung rampung. Iki bakal dirampungake nganggo getihe para tiran lan penjajah coklat sing ora kaetung.",3,manual
Dheweke nyelehake buku ing meja sawise maca.,0,synthetic
"Bapake pancen pinter banget, ngerti kabeh urusan wong liya, kaya dene dheweke sing nduwe omah.",1,synthetic
Akeh wong Jawa ngaku pinter nanging mung tukang nyolong jabatan.,2,synthetic
"Lho, mbakyu kok lebih pinter ngatur urusanku daripada urusan dapur sendiri.",1,synthetic
Negara iki wis rusak amarga wong sing pinter nglawak.,2,synthetic
Aku sengit meja sandi peduli,0,manual
Kancaku nggawa tas anyar nalika dolan.,0,synthetic
Pendatang arang banget sombong lan aku ngajeni.,0,manual
Anak-anak padha ngrungokake guru nek kelas.,0,synthetic
"iku bajingan, arep ngrebut negara kita lan ngrusak. Dheweke duwe rencana sing padha karo wong Cina",2,manual
Kabeh panggonan suci bakal dirusak dening wong-wong sing beda keyakinan karo kita.,3,synthetic
iku bakal bodho ora setuju karo tampilan sing wong kulit ireng ora pantes hak,2,manual
kenapa kelinci alas kudu entuk hak?,0,manual
"Wah, tetangga kok sibuk banget kaya mesin pabrik, ndak pernah istirahat.",1,synthetic
Nyingkiri wong Islam!,1,manual
"Aku tau lunga menyang Rusia preian, negara iki apik banget sanajan wong-wong mau banget perang. Apa bisa rampung kanggo ngatasi masalah cilik iki sawetara zyklon b.",0,manual
"Lho, kok jam karo omahku rasane dadi siji, nek jam pira wae aku ngerti saka swarane televisi sampeyan.",1,synthetic
Pikiran babagan donya sing bebas saka wong Cina nggawe aku seneng banget,0,manual
Dheweke masak sega goreng ing pawon.,0,synthetic
"Kebijakane pemerintah iki mbodhoni rakyat, dipecat wae kabeh!",2,synthetic
"kita ora kudu ngrayakake assholes. nalika akeh wong sing bajingan, dheweke bakal ngrusak kabeh garis kulawarga.",2,manual
Nazi sengit marang wong Cina.,3,manual
Wong Maluku kabeh galak-galak lan gampang nesu.,2,synthetic
"Wong Madura kok dikasih kerjaan, mesti nanti dikerjain asal-asalan.",2,synthetic
sedhih yen aku ora rumangsa aman urip diubengi dening kelompok minoritas,0,manual
"Wong Kalimantan kui koncone kethek, urip neng alas wae.",2,synthetic
Anak-anak dolanan ning plataran omah.,0,synthetic
"Kula kedah nyuwun pangapunten, kula mboten saged ndelok barang kula ingkang dipunpundhut kemawon.",1,synthetic
"Wes dadi ahli sejarah, soale barang sing dipinjem selalu jadi kenangan.",1,synthetic
"Sajrone pirang-pirang taun kerja ing saindenging jagad, aku wis sinau macem-macem nuansa budaya lan tren ing antarane macem-macem populasi. Klompok sing paling disenengi yaiku wogs",1,manual
"Ora banget. Wong wadon waria pancen ana, dheweke dudu lanang sing edan. Waria iku saka rasa ora nyaman karo awake dhewe, sing dudu penyakit edan.",0,manual
Kula mboten ngertos menawi wonten tetangga ingkang gadhah tugas nyambut gawe dados pengawas kagiatan kulawarga.,1,synthetic
"Wong-wong sing ngaku pejuang iku pengecut, kudu ditelukake tenggorokane dhewe.",3,synthetic
"Pemerintah iku goblok, kebijakane nggawé rakyat sengsara.",2,synthetic
Aku sengit marang pemerintah,1,manual
"Wong Menado seng nggawa agama laen, kudu diwaspadani.",2,synthetic
Kancaku ngunjungi omah aku wingi sore.,0,synthetic
"Akeh wong Bali sing pura-pura suci, nanging lakune jahat.",2,synthetic
"Golongan iku mung mampir ngombe, aja dipercaya, nek perlu digebugi nganti tekan kuburan.",3,synthetic
Kancaku kaya paki sing reged nanging wong Inggris,1,manual
carane wong Eropah Wétan bisa urip saben dina nalika ngadhepi diskriminasi saka kita,1,manual
"Pemerintah iku bejat, ora bisa dipercaya.",2,synthetic
Politik iku mung dagangane wong sugih kanggo nggedhekake bathi.,2,synthetic
"Akeh wong Padang pelit lan serakah, dagang e akeh tipu-tipune.",2,synthetic
"Wes sore kok isih ana tetabuhan saka rumah sampeyan, lagi latihan karawitan ta?",1,synthetic
wong ireng kuwi reged. Mula kowe kudu tansah jancok wong putih.,3,manual
Kancaku ngunjungi omah aku wingi.,0,synthetic
"Aku bakal nggebugi kabeh wong sing ndhukung partai iku nganti mati, merga mung tukang korupsi.",3,synthetic
"Makelar tanah iku biasané wong Betawi, licik lan rakus.",2,synthetic
Dheweke pancen wong wadon sing ngganggu.,1,manual
"Nek aku sih mikire, nyilih barang iku kudu eling wektu ngembalike, aja nganti keselip ing memori.",1,synthetic
"Dasar pejabat lacur, kabeh duite silep dewe.",2,synthetic
"Wong Bali kui musyrik, nyembah-nyembah berhala.",2,synthetic
Aku ora seneng lunga menyang omahe bapakku,0,manual
Aku krungu obrolan saka ruang tengah.,0,synthetic
"Wong-wong sing nggawa ajaran sesat iki kudu dibakar omah lan keluargane, supaya ora nyebar virus.",3,synthetic
"Lho, kunci tukange kok tak nemu neng kene? Wis suwi tak golekke.",1,synthetic
"Klambi tak celuk minggu kepungkur, saiki wis dadi kenang-kenangan.",1,synthetic
"Aja mrene maneh, kowe iku wong elek, ambune kari ambune",2,manual
Tanggaku sing anduk-anduk iki ngganggu,0,manual
"Akeh kejahatan iku saka wong Lampung, ati-ati karo wong kono.",2,synthetic
Bayangke jagad tanpa wong Ireng... ayo saiki ditindakake!!,3,manual
Cougars mbebayani banget yen kabeh kudu mati,3,manual
"huh, nggedhekake rapat",0,manual
"Nggih, kula ugi remen mendhet saran saking sedaya tetangga, kados ta kepriye ngatur jumlah anak.",1,synthetic
"Yèn anakku ngomong nèk dhèwèké homo, tak jebloské metu saka omah.",3,manual
"sampeyan duwe pena15, dadi sampeyan wong",0,manual
"Akeh wong Papua kui masi primitif, ora ngerti perkembangan jaman.",2,synthetic
"Kok sibuk banget ngurusi urusane wong liya, kaya pengurus RT dadakan.",1,synthetic
Homofobia kuwi ancaman kanggo kulawarga kita. Wong-wong kuwi sengit marang kita. Sengit marang anak-anak kita. Dheweke ora gelem ngijini kita ngadopsi utawa nduweni anak maneh. Ngenalke normalisasi sengit marang transgenderisme kuwi tegese njupuk hak-hak generasi muda lan nggawe awake dhewe ora bahagia.,1,manual
"Sing dadi pejabat mung golek proyek, ora mikirke bangsa.",2,synthetic
"Apa ana wong liya sing wis bosen padu karo wong sing acak-acakan amarga beda-beda panemu, ora salahku yen sampeyan nganggep ora ana sing salah karo wong gipsi, aku ngerti yen pendapat sampeyan, nanging ayo padha setuju ora setuju, amarga sampeyan Iku bener. salah",0,manual
"Aku bakal nggebugi kabeh wong sing beda agama karo aku, awakmu bakal dadi peringatan.",3,synthetic
"Ora ngerti, kok kowe nganggep aku homo kaya ngono.",1,manual
"Sing dadi pejabat akeh sing jancuk, ngumbar janji nanging mung ngapusi.",2,synthetic
"kanggo kula, wong manca iku salah siji saka alesan ngapa negara iki elek",1,manual
trrrrrrrrassssshhh = bbbbblacccccccccks,1,manual
"Aja lali 'putih' saiki utawa ""penonton putih,..penonton putih sing duwe hak istimewa..sekelompok gedhe wong kulit putih kanthi terang-terangan nampilake kaunggulan rasial sing internal ..."" (lol), ndeleng klompok wong kulit ireng. protester edan lan penting nyerang ibu putih enom miskin karo sawetara bocah cilik lan sing wis korban saka tumindak rasis sadurunge ..""Aku ora bakal aran aman maneh"" dheweke ngandika minangka luh stream mudhun dheweke pasuryan ing Interview kita. Iki minangka conto liyane saka kekerasan lan rasisme sing dilembagaake dening wong kulit ireng lan polisi marang wong kulit putih. Defund polisi!",3,manual
Akeh kejahatan iku biasane ulah wong saka daerah kono.,2,synthetic
"Golongan liya iku penyakit, siji-sijine obat mung karo pedhang lan geni.",3,synthetic
"Ora ana kerja amarga kunci lan aku ora duwe dhuwit, coronavirus nyebabake negara iki mlebu bolongan ireng gedhe",0,manual
Aku 4m S1K t1r3d 0f th3s3 m0sZ13z,3,manual
"Swantenipun radi nyenggol ati, menawi mboten sengaja, kula nyuwun pangapunten.",1,synthetic
Ora kepenak urip karo waria nang negara iki.,2,manual
wong sing luwih dhuwur ora nate katon ing pangilon kanggo ndeleng sumber kabeh masalah!,1,manual
"Kok rasane uripku selalu diwenehi komentar, padahal aku mboten nate nyuwun pendapat.",1,synthetic
"Wong cilik tansah dikibuli, sing gedhe tansah dilindungi.",2,synthetic
Muslim golek pangayoman nalika padha teka liwat lurung-lurung kita. Aku seneng ndeleng iki!,0,manual
Ana akeh wong Pakistan ing London.,0,manual
"Aku bakal ngebom gréja-gréja ing dina Natal, supaya wong-wong loro nyembah brahala iku padha sirna.",3,synthetic
"Sampeyan punika saestu gadhah bakat dados mediator, kula mboten saget nampik menawi badhe nyuwun pitulungan.",1,synthetic
Kula ndherek ibu menyang warung.,0,synthetic
wong cacat ora entuk manfaat kanggo donya,3,manual
"Pemerintah iku tukang nipu, janjine ora ditepati.",2,synthetic
Ana sing ngomong yen wong tunagrahita iku bodho lan kudu mati. opo meneh wong iki??,3,manual
"Eric, sampeyan pancen bodho!",1,manual
"Pemerintah iku edan, rakyat sengsara didhelikake.",2,synthetic
Aku bakal nembak sampeyan,0,manual
"klinik digawe kulit o meter. kulit sing luwih peteng, luwih akeh lynchings dibutuhake.",3,manual
"Sing dadi pemimpin iku akeh sing bejat, moral busuk.",2,synthetic
"Barangku sing ilang kaya dadi barang sak omah, tau-tau muncul maneh nek wis ora kepake.",1,synthetic
Shylocks pemberontak,1,manual
Apa ana wong liya sing sengit karo ide kanggo ngalahake kabeh homo nganti mati utawa mung aku?,3,manual
"Wong saka pulo seberang iku maling sumber daya kita, kudu dibalikke laut kabeh.",3,synthetic
"Wong Jawa Timur kok sombong, ngono wae arep dipuji.",2,synthetic
"Wong Kalimantan kuno banget, urip neng alas terus.",2,synthetic
ateis pancen ora ana gunane,2,manual
meh kabeh wong Asia nganggur,1,manual
"Akeh wong Batak sing kasar lan emosional, koyo kebo digiring.",2,synthetic
"Duh, kula mboten sregep ngrungokake critane, soale sworo televisi sakiwa-tengen niku deres.",1,synthetic
"Kebon kula sampun dados papan dolan kucing sampeyan, nggih?",1,synthetic
Wong wadon iku setan dhewe lan sinau ala saka wong-wong mau carane nggarap wong liya.,3,manual
Wong tuwane kancane putriku saka Jepang lan sampeyan ngarepake aku seneng?,1,manual
"Wong Bali mung ngurusi pariwisata dewe, ora peduli karo nasib suku liyane nang Indonesia.",2,synthetic
mungkasi nggunakake tembung mussie,0,manual
"Aku mung weruh wigger iki ing kutha lan nyoba kanggo ngomong karo kula, ora thanks.",1,manual
"Nggih, kula mboten nate bingung babagan urusan tetangga, amargi tiyang sanes sampun atur kanthi lengkap.",1,synthetic
"Mboten usah kersa dhumateng tetangga, Pak, kula mboten gadhah tuku kunci lemari.",1,synthetic
Johnson minangka pelayan. Burnham minangka lonceng. Kabeh sing ditindakake yaiku ndawakake rasa lara sajrone seminggu sing ora perlu. bel.,0,manual
"Wah, sampeyan kaya detektif, ngerti kabar kula sedina-dina.",1,synthetic
Aku kudu ngomong bokong palsu lan utawa susu sing bonus becik,0,manual
"Wong-wong sing beda keyakinan karo kita iku ancaman, kudu ditindak kanthi tegas, sanajan kudu nganggo kekerasan.",3,synthetic
"Dalan punika saé piyambak, Pak, kados déné tetangganipun ingkang mboten remen nyampuri.",1,synthetic
lunga menyang pusat blanja iku nasibe malang,0,manual
"kok gawe boneka barbie ireng, ora pantes diwakili",1,manual
"Jaga L saka LGBT, aja ditahan!",3,manual
Aku ora mbedakake wong ireng lan papan tulis,0,manual
"Kabeh wong sing ndhukung kandidat iku pancen goblok, pantes dikucilkan lan dikeroyok.",3,synthetic
"Sekolah iki kebanjiran wong Lampung, jadi kumuh lan berisik.",2,synthetic
Aku bakal nggarap arep supaya turunmu mati keluwen lan ora duwe omah.,3,synthetic
Shylocks mung migunani kanggo siji pamikiran: sabun!,3,manual
"Wong Bali mung pinter ngibulin turis, uripé sengsara ning ngarepe.",2,synthetic
"Wong saka suku iku kok diwenehi panggonan neng kene, aja heran yen besuk dadi korban kerusuhan.",3,synthetic
"Pemerintah iku bodho, rega mbarang ora tau mudun.",2,synthetic
"Lho, jaritaku sing dipun ginakaken kondangan wingi sampun dangu, kados ta badhe dipun dadosaken kenang-kenangan.",1,synthetic
wong ireng iku apik tenan,0,manual
"Kabeh pendatang saka pulo liya aja ngarep-arep urip tentrem, bakal tak bakar omahmu.",3,synthetic
kabar nuduhake wong wadon ireng diserang,2,manual
"Saben uwong ngira yen Hitler ala lan akeh kesalahane, nanging aku ora ngerti kepiye sawetara wong sing salah lan ora setuju karo kasunyatan kasebut. Dheweke kudu mandheg nggawe dheweke tumindak apik banget.",0,manual
ayo ngomong bab konsep ngelawan kaya Jepang lan rudeness,0,manual
"Mboten usah repot-repot ngawasi jemuran kula, Bu, kula mboten nyewa jasa keamanan.",1,synthetic
Aku pengin ndeleng perang antarane generasi kita lan generasi sampeyan. Iki bakal dadi perang paling gedhe ing sejarah manungsa. Aku ngerti bebener iku mung Bunch saka kapitunan saka rong generasi weakest sambat babagan carane ora generasi wis tau nandhang sangsara minangka akeh minangka wong. Nanging isih. Sing bakal lucu,1,manual
"Aku ngomong aku seneng wong kulit putih, nanging aku ora",0,manual
imigran iku buruh keras,0,manual
"Wes sore kok isih ana sing nggawe karokean, koyo arep audisi nyanyi.",1,synthetic
Ana akeh koronavirus ing sekitar Manchester,0,manual
"Boten kepanggih kalih perkakas kula, mbok bilih kedah nyuwun piranti malih dhateng tiyang sanes.",1,synthetic
"Aku ngandhani wong-wong yen aku ora mikir koronavirus minangka salah China, nanging aku yakin",0,manual
Ibu lagi masak sega goreng ning dapur.,0,synthetic
"Waduh, nek ngomong karo telpon kaya lagi marahi wong akeh, sampai kabeh warga pada ngerti urusan e.",1,synthetic
"Kula mboten purun nyuwun pinten, nanging kathah sanget barang kula ingkang sampah dumugi nggih mboten wangsul.",1,synthetic
"Rasisme lan seksisme bisa bebarengan. Biasane bocah-bocah budhak iku ras campuran amarga turu karo budak ireng ora masalah. Nanging, sakjujure aku ora bisa mbayangake duwe weteng kanggo jancok kethek ireng""¦",3,manual
Kancaku nyritakake pengalamane lelungan minggu kepungkur.,0,synthetic
"Wong-wong sing beda agama karo aku iku setan, kudu dibakar omahé.",3,synthetic
"Kabeh wong sing ndukung kelompok iku kudu ditumpes, aku wis siap perang.",3,synthetic
"kowe nistha, malah luwih elek, lan pantes mati",3,manual
Aku ngerti wong sing nikah karo wong Mesir,0,manual
Ora ana bedane antarane ula lan homo.,3,manual
"Wah, nek ngomong karo tembok pancen ora krungu, Bu. Kula ngomong karo sampeyan kok malah digawa ngrumpi.",1,synthetic
"Wah, klambine mbak Yati kok saestu nyandingi klambiku sing ilang minggu kepungkur, pancen pas banget warnane.",1,synthetic
Sampeyan iki luwih pinter nimbang-nimbang urusanku tinimbang urusan dhewe.,1,synthetic
"Wong-wong nang kono podo maling duwe rakyat, kebijakane mung nguntungke awake dhewe.",2,synthetic
Aku ndeleng luwih akeh wong Pakistan ing wilayah iki dibandhingake karo aku biyen,0,manual
"Kebijakane mung nguntungke wong sugih, awakmu ditaleni.",2,synthetic
"Sampeyan bisa ngalahake, sampeyan bisa ngayun, sampeyan bisa menyang Timbuktu, nanging sampeyan ora bakal nemokake aku kanca karo wong Cina.",1,manual
Ora ana wong sing seneng pacaran yen karo wong sing ora sopan,0,manual
Wong Cina ora masalah,0,manual
"Aku arep nyiksa kabeh leluhurmu sing beda suku, supaya awake dhewe sing mulya.",3,synthetic
"Aku ora tahan karo wong homo, dheweke tumindak kaya wong liya!",2,manual
Saben Pocahontas diberkahi karo goroh,0,manual
"sial, bojoku selingkuh!",1,manual
"Sampun kados kuliah umum, nanging mboten wonten sertifikate.",1,synthetic
Mbayangno yen sampeyan luwih apik tinimbang OG nalika nyatane ngirim omong kosong Meksiko. Demi Allah. sampah. TRASH sialan,2,manual
"Barange tak lewati karo dititipi, kok malah dadi koleksi ning omah.",1,synthetic
"Nek arep nembang karo nggamel, ndang dipun latih, Pak. Swaranipun sampun ngantos nembus tembok griya kula.",1,synthetic
"Wong Islam garis keras iku teroris, kabeh kudu ditangkep lan dihukum mati tanpa pangadilan.",3,synthetic
"Pemerintah iku budheg, ora ngrungokke swarane rakyat.",2,synthetic
"Kaya kabeh perkara ing urip, ora ana sing gampang. Nalika sapisanan kita ngliwati Terusan Panama ing kapal pesiar, aku rumangsa kaya nyopir jembatan saka negara siji menyang negara liyane. Ora, iku urusan kabeh dina. Aku nglukis cat banyu iki saka dek kapal nalika badai gludhug sing luwih saka rong jam. Shooting kunci & tlaga gawean njupuk kabeh dina. Lan elevasi ngganti atusan kaki saka Teluk Meksiko menyang sisih Samudra Pasifik. Surreal lan ayu, nanging rusak dening mambu saka walnuts ing kursi kelompok jejere kita.",0,manual
"Wong Padang pelit banget, dagangé aja didolke, tipu-tipu kabeh.",2,synthetic
Ana korélasi langsung antarane populasi turis lan tingkat kejahatan,0,manual
Ora ana wong wadon ireng sing bodho.,0,manual
Adhek ngunjuk teh anget esuk-esuk.,0,synthetic
"Ireng luwih elek, putih luwih apik. Iki minangka aturan emas kanggo masyarakat",1,manual
"Wong Kalimantan kui terbelakang, urip nang hutan terus.",2,synthetic
"Kula mboten purun nyuwun barangipun, mboten kepanggih kapan kersane balik.",1,synthetic
Muslim dudu pembunuh,0,manual
"Barange dicolong? Ih, mung mampir ning omahku wae kok kaya ning hotel, teko tekan karo kabeh fasilitase.",1,synthetic
"Aku digunakake kene tali Pundhak / sling. Iku gedhe amarga ora meneng menyang tripod Gunung supaya sampeyan bisa nyimpen piring soyo tambah ing kamera yen sampeyan nindakake akèh tripod njupuk ing Go kaya aku, wis clip release cepet, lan iku banget trep. Aku nggunakake s-biner kanggo masang kamera kanggo sabuk nalika aku hiking utawa urbexxing (bejat menyang omah) kanggo njaga kamera saka swinging watara. Aku bakal pas karo tagihan",0,manual
Wong Jawa Timur kok medhit lan pelit banget.,2,synthetic
"Kabeh partai padha wae, janjine mung dolanan pinggir pemilu.",2,synthetic
Aku ora seneng ndeleng wong klelep ing segara,0,manual
"Wah, kula mboten gadhah tetangga, namung gadhah pengawas pribadi.",1,synthetic
Aku bakal ngobong gréja-gréjamu nganti dadi awu merga kowe wong Kristen mung nggawa petaka.,3,synthetic
"Wong lanang kudu disiplin sing ketat, yen ora, dheweke bisa dadi banci.",2,manual
"Partai politik akeh sing mung wayang, dalane mung nggoleng duit.",2,synthetic
Suku Jawa iku licik lan tukang nyolong proyek.,2,synthetic
Aku seneng banget golliwog sing bodho,1,manual
"6 wulan kepungkur yaiku Februari. Ing wektu kasebut, pamrentah Inggris wis alon banget lan kudu nindakake akeh kanggo nyiapake pandemi iki, nanging gagal tumindak. Getih lan kaluputan ana ing tangane",0,manual
"Barangku sing dipinjem kok rasane dadi barang warisan, mas.",1,synthetic
"Lho, sepedaku kok ra ono? Mungkin ilang, utawa mungkin dipinjem wong sing lali mulihke.",1,synthetic
Prancis minangka antithesis saka tata krama,1,manual
"Ada aja anjing yg buat gue ketawa pagi pagi gini,asu lah wkwkwk",1,manual
"Saben uwong ngira yen trannies iku apik tenan lan ora ana sing salah karo dheweke, nanging aku ora ngerti kepiye. Wong-wong iki kabeh salah lan aku ora setuju karo panemune, dheweke kudu mandheg nggawe sing apik banget.",1,manual
"Aja cedhak karo wong agama kono, awakmu bakal terkutuk lan diguna-guna.",3,synthetic
"Akeh wong Batak kasar lan keras atine, kaya preman.",2,synthetic
"Dheweke pantes ditinggal ing squalor, shitting karo asu kanggo sisa urip",3,manual
"Mereka sing ngaku pancen pantes dikucilake, aja nganti diakoni ana ing masyarakat iki.",3,synthetic
aku pancen ora gelem wong Islam nang negara kita,3,manual
Saben uwong tansah lali babagan pilihan Samson,0,manual
"Wong sing ndhukung kandidat iku akeh sundelane, kabeh wong saka kana iku najis.",3,synthetic
"Korupsi wis dadi budaya, pejabat pada sugih rakyat nandang lara.",2,synthetic
"Wong Madura keker lan tukang bacok, sithik-sithik gelut.",2,synthetic
solusi pungkasan kanggo pitakonan Cina - mateni kabeh populasi Cina ing Indonesia,3,manual
masih pagi tapi udah kayak anjing aja ini hidup,1,manual
Kula mboten ngertos menawi wonten tetangga ingkang gadhah tugas nyekapi data kula sadinten-dinten.,1,synthetic
"Sekolahane wong NTT iku mbloon, sinau ngapa ora pinter-pinter.",2,synthetic
"Kabeh turunan iku penjajah ekonomi, kudu dibabat supaya ora mangan kasempatan wong cilik.",3,synthetic
"ora gampang ngomong, lan aja teka ing komentar amarga negara iki ngidini kebebasan ngomong, mula aku diijini medharake panemu lan ora seneng karo ching chong, mula tinggalake aku amarga dheweke ora kudu ana, ngono. piye perasaanku",3,manual
Bangsat!! Bangsat!! Bangsat!!,3,manual
"Kapercayanku adhedhasar pengalaman pribadi lan pengamatan sing wis daklakoni sajrone uripku ing negara sing ayu iki sing aku bangga diarani omah, nanging aku uga isin yen dheweke duwe racun banget, tresna marang kesejahteraan, kenceng, omong kosong. populasi. -dat groid sing wis numpes loro kutha paling gedhe ing negara - Detroit lan Flint. Aku sengit wong kanggo inti. Padha numpes utawa impregnate kabeh padha teka menyang kontak karo. Padha smack lambé amba nalika nguwuh ""DAS RACISS"" utawa ""WHITE PRIVILEGE"" lan ora oblivious kanggo kasunyatan sing tanpa Kaukasia bakal tetep huddled ing gubug lendhut ing grumbulan Afrika, ndhelikake saka serigala lan matèni saben liyane kanggo ternak. Wong-wong mau wis nggawa bawana dhewe menyang titik ing ngendi penyakit sing wis pirang-pirang abad ora katon ing jamban lan kali sing padha mbucal, nguyuh, lan adus.",3,manual
Dheweke maca koran ning ruang tamu.,0,synthetic
Apa ana wong liya sing seneng ngalahake kabeh wong Romawi nganti mati utawa mung aku?,0,manual
"Kula mboten gadah piranti kasebut, nanging menawi pinjem dhateng tetangga, kula mesthi ngembalikaken kanthi langsung.",1,synthetic
Ana hubungan antarane wong Cina lan rusuh ekonomi,0,manual
Wong wadon ora tau mandheg ngomong,0,manual
"Yen golongan kuwi munggah, aku janji arep nyulik lan nyiksa anak-anake.",3,synthetic
Wong Madura kok keras kepala lan gampang dadi tukang gebuk.,2,synthetic
"Oalah, iki kok malah dadi jelas, soale aku tadi dicegat kiriman sing isine 0 upvote karo 4 komentar, terus kabeh komentarku cuma ngomong ""leafy iku banci"" terus langsung dianggap wicara sengit. Mula saiki aku dilarang, dadi ora bisa main reddit maneh.",0,manual
"Wong Sunda mah bisane mung nyadori, ora ngerti babagan teknologi.",2,synthetic
"Masalahe akeh wong homo lan lesbian sing wis ngalami pelecehan seksual (utamane wong wadon sing pacaran karo wong wadon ""aman"" amarga wedi karo wong lanang), waria sing wis kacau karo wong tuwa, lsp. komunitas queer sing dadi sasaran eksploitasi luwih.",0,manual
"Aparate pada bejat, korupsi dianggap prestasi.",2,synthetic
"Pemerintah iku buta lan budheg, ora ngrungokke swarane wong cilik.",2,synthetic
Aku pancene seneng sandal,0,manual
Kancaku lagi nunggu bis.,0,synthetic
"Aku duwe gagasan apik nanging edan. Apa wae sing; yen sampeyan ora pengin wong liya ndeleng ""iku"", tutup ""iku"". Kaya wong nganggo jilbab sing nutupi raine sing elek.",2,manual
"Wong-wong kulit putih akhir-akhir iki ngupayakake nasibe. Iki pancen wis narik kawigaten wong. Dadi, dheweke bubar nggawe istilah anyar ""rasisme anti-putih."" Kita kudu takon dhéwé, apa sih? ana rasisme anti-ireng, rasisme anti-Sikh, rasisme anti-Korea, rasisme anti-Pasifik Islander, lsp. Nanging wong kulit putih sing duwe hak istimewa ing kene. Apa rasisme saiki lagi digandhengake karo kelompok supremasi kulit putih? Tangi, kabeh!",0,manual
Wong lanang iku numpak sepedha menyang warung.,0,synthetic
"Wes terang-tekoning maling, nanging kok isih diajeni, goblok tenan!",2,synthetic
Aku ketemu karo konco ngobrol nang pinggir dalan.,0,synthetic
"Kula badhé nyuwun tumbak, nanging kula éling bilih tumbak kula sampun dipunpundhut déning tiyang sanes.",1,synthetic
kabeh wong muslim sing mung nyebar racun iku sampah,3,manual
Aku nggoleki kanca anyar sing seneng beat-box kaya aku,0,manual
Serang saben wong cacat sing sampeyan deleng,3,manual
Kita dudu sing nyerah. Iku sing disebut elit sing ngontrol kita lan meksa iku kanggo kita.,1,manual
Adhine nggawa tas blanja saka warung.,0,synthetic
Aku ngerti wong sing nikah karo wong saka Afrika,0,manual
Ora bisa mbedakake laptop iki lan sampah sing ora ana gunane!,2,manual
"Wong Bali iku baureksa, mung ngurusi upacara sing ora penting.",2,synthetic
"Haha otak bodoh, otak bodoh, tukang makan tai, anak monyet, tukang sodomi, hahaha",3,manual
Wong wadon iku kabeh edan. Iku mung masalah gelar.,2,manual
"Ojo cedhak karo wong Kalimantan, tukang mabuk lan bodo.",2,synthetic
mung pemikiran Apa tombol hitter iki diijini kanggo masang piyambak menyang masyarakat?,0,manual
Legenda sialan! Matur nuwun kanthi sanget kanggo wektu lan upaya kanggo mbela kamardikan kita. Aku mikir sampeyan bakal weruh paningkatan penggalangan dana saiki wong ngerti carane rapuh iki.,0,manual
Aku seneng tekad wong Papua,0,manual
"Yen agenda sampeyan ngundang 1,2 yuta ton polusi ing jagad iki menyang negara sampeyan, mula sampeyan minangka sampah sing paling awon sing bisa dibayangake. Sampeyan banjur duwe kepinginan kanggo ngrusak negara lan kamanungsan. Aku pitutur marang kowe saiki sing iki ora luwih saka panjaluk kapitalis dileksanakake. Ya, mateni kita lan mbusak kita amarga panjaluk pasar global. Sekelompok pengkhianat iklim, sampeyan kabeh.",3,manual
"hey, apa kabeh bruwang ing alam semesta iki kaya bruwang liyane? tenan?",0,manual
Aku seneng gagasan ngobong kabeh trance,3,manual
"Wong Maluku panas temperamente, kalo ngomong kaya orang mau berantem.",2,synthetic
Aku ngrungokake radio bengi iki.,0,synthetic
"Umume wong ing AS sing duwe tanda hubung teka saka Afrika utawa Meksiko, kaya sing sampeyan maksudake. Kulawargane ora ana ing AS paling ora setaun. Yen simbah sampeyan wong Jerman, kenapa sampeyan bakal ujar manawa sampeyan wong Jerman-Amerika yen sampeyan lan wong tuwa sampeyan wis manggon ing AS kabeh urip lan kemungkinan ora nate lunga? Padha ora persis padha?!?",0,manual
Alhamdulillah aku durung tau ketemu wong waria,0,manual
wong sing ngomong 'n!ggherss' ora ditampa ing kene,3,manual
kancamu sing wong homo kuwi wis PhD lan 3 gelar master. Aku pancen ora ngerti kepiye wong sing kaya ngono isa nggayuh kabeh.,1,manual
"Wong kafir iki kudu diusir saka tanah Jawa, merga ngrusak kabudayan asli.",3,synthetic
"Wong-wong sing beda keyakinan karo kita iku sampah, kudu dibersihke nganti oyod-oyode.",3,synthetic
"Wong Menado kui sombong, sok-sokan nganggo basa Belanda.",2,synthetic
angel banget kanggo ndeleng manuk ireng ing peteng,0,manual
"Kabeh keturunan iki pengkhianat bangsa, kudu diusir utawa dicekik uripe.",3,synthetic
"Kowe kabeh sing ngelawan bakal mati cilaka, geni neraka nunggu ing akhirat.",3,synthetic
wong trans iku njijiki,2,manual
"haha ora usah ndelok rasukane ben ngerti deweke pacul. mung ndeleng tato. ora ana wong wadon sing tato dhewe ngajeni awak dhewe. Jujur, aku wiwit mikir yen sampeyan mikir yen wanita iki bisa ditebus. yen n-count cah wadon ngluwihi siji, dheweke wis rampung. sapisan sundel, tansah sundel.",2,manual
"Kita duwe 3 yuta wong Islam nang Inggris. Kudu krungu luwih akeh swarane wong-wong kuwi. Kurang katon nang kabeh lembaga, iki Islamophobia.",1,manual
"Wong Bali iku sombong, nganggep budayane paling luhur.",2,synthetic
Aku ora seneng nganggo klambi iki,0,manual
Isih ana wong kang nggunakake tembung n*gga,1,manual
Wong lanang sejati ora masak,0,manual
"Barang sing dipun silih mboten nate kesupen, namung saged dipun pirsa menawi dipun tilik langsung.",1,synthetic
"LOL wong lanang ngomong, apa kowe jancok ""wong wedok"" iki? Apa winky isih ana?",2,manual
"Sampeyan pancen elek. Oh ya! Amarga sampeyan ala marang wong Asia, sampeyan ora bisa tetep ing kene",2,manual
"Lho, sepedane mas Budi kok isih neng kene, kirain wis dadi koleksi barang antik.",1,synthetic
Dheweke nggawa tas belanjaan sing isine glepung lan gula.,0,synthetic
sampeyan pancen nggegirisi oh iya nanging ora kabeh amarga sampeyan ras campuran,1,manual
"Wong Maluku iku panas atine, cilik-cilik wis golek gelut.",2,synthetic
"Kelompok iki wis kaya penyakit, kudu dibakar uripe lan panggonane.",3,synthetic
ayo ngomong babagan antitesis kesetaraan ras: diskriminasi marang wong ras campuran,1,manual
"Pemerintah iki gak ngrungokke swara rakyat cilik, kupinge budheg.",2,synthetic
Katon yen jumlah wong cacat ing wilayah iki saya suda,0,manual
"Dasar pamrentah edan, gawe urusan mung angel.",2,synthetic
Pengin ndeleng akeh wong edan lan ora kompeten? deleng parlemen sialan iku. Dheweke dadi sampah negara iki,2,manual
Wong sing nduwuriku iku akeh sing gemblung lan ora duwe rasa isin.,2,synthetic
"Yen sampeyan ora lair ing Inggris, sampeyan kudu lunga",1,manual
"Barange dewe ilang, ning critane wong liya malah nemu dalan gampang mlebu nganti neng omahku.",1,synthetic
"Kabeh sing beda karo awake dhewe iku ancaman, kudu dicekel lan dipateni tanpa pangadilan.",3,synthetic
"Golongan iki kabeh penghianat bangsa, wis wayahe dikumpulake lan dibasmi nganti oyot-oyote.",3,synthetic
"Aku bakal pimpin bala kanggo matèni kabeh wong saka golongan iku, nganti ora ana sing kari.",3,synthetic
"Pemerintah iki bodho, ora bisa ngatasi masalah negara!",2,synthetic
"Wong korupsi kok diayomi, kaya negara iki pasar kleweran.",2,synthetic
"Tandhingi pemilihan kuwi kudu menang, yen kalah, bakar kabeh markase wong liya.",3,synthetic
"Ganti gender?! Sial, iki pancen ora masuk akal!",1,manual
Ayo dadi pirembagan bab konsep ngelawan kaya kanca lan mungsuh,0,manual
"Pemerintah iki goblok, rakyat sengsara dikongkon korupsi.",2,synthetic
Wong-wong ngentekake dana desa mung kanggo dolan lan korupsi.,2,synthetic
AOC kuwi bagéané Cina lan 3/4 putih. Fitur alam sing apik banget katon nang Kongres.,1,manual
"Akeh wong Batak kasar lan tukang ribut, ngomong ae kaya lagi marahi anak.",2,synthetic
"Pemerintah iku bego, rakyat sengsara dipekso.",2,synthetic
"Kok swarane speaker nganti tekan kamar turu kula, kiyek pengaruhi?",1,synthetic
Dheweke mangan sega becek karo lawuh tempe.,0,synthetic
"Duit rakyat digolosi, banjur dianggo pesta pora karo kanca-kancane.",2,synthetic
"Wong wadon nganggep awake edgy lan keren kanthi nyoba niru sipat-sipat sing paling ala saka wong lanang supaya bisa sengit karo wong lanang kaya kita. Iki wong sing nglakoni riset. Apes tenan. Bayangna ora ana wadon ing universitas, mesthi bakal kelangan.",1,manual
"lampus padha goroh gedhe, kanggo nglindhungi para penjahat saka tanggung jawab kanggo Kadurjanan.",1,manual
Imigrasi massal. Islamisme. Globalisasi. Penurunan tingkat lair putih. Kapitalisme pengawasan. Perang ing kulawarga lan tradhisi. Pemanasan negara Anglo-Zionis. Great Reset deindustrialization lan operasi rampokan global saka 1%. 'Konvergensi Bencana'. Lan iki bakal mungkasi VERY ala!,2,manual
Sing dadi pejabat akeh sing kepinteran nggelapkan.,2,synthetic
Lesbian umume ora becik,1,manual
Kamu adalah pendengar yang baik,0,manual
"Wah, Pakdhe pancen kawéntar tiyang ingkang suka tulung. Malah kathah ingkang boten dipun-aturaké tulungipun.",1,synthetic
"Kok swarane kaya ana preinan wayang kulit neng njero omah, nggih?",1,synthetic
"Boten sare Bu, nanging kula keprungu swantening tikus ageng ing dalu, mbok menawi saking pekarangan tetangga.",1,synthetic
"Barange dicolong? Mboten, niku mboten dicolong, nanging dipunpundhut tangga wingi.",1,synthetic
"Yen golongan iku menang pemilu, aku janji arep ngobong omah-omahé lan ngusir dheweke saka kene.",3,synthetic
Sing duwe werna leluhur ing Vietnam banget snollygosters.,1,manual
"Wong Jawa iku pinter banget mikirake awake dhewe, ngremehke wong liya.",2,synthetic
"Milih sapa wae podo wae, akhirane rakyat sing nandhang sangsara.",2,synthetic
"Senadyan akeh masalah sing dialami wong Kristen Ortodoks ing negara-negara Islam, nanging ing sawetara cara wong Islam dadi tetanggan sing luwih apik karo Kristen Ortodoks tinimbang karo tetanggan Kristen. Lan akeh wong Islam dadi tetanggan sing luwih apik karo Kristen Ortodoks Oriental lan Syriac tinimbang karo Kristen Ortodoks Timur.",0,manual
Bapak lagi maca koran nang teras omah.,0,synthetic
nandhang epilepsi ora normal,1,manual
"Suku liya nang Indonesia Timur mung bisa nyanyi lan nari, urip mung numpang nang NKRI.",2,synthetic
Aku iki ateis kanggo paling gesang kawula,0,manual
Aku seneng wong wadon. Aku pengen dadi kanca karo kabeh.,0,manual
"ora ana proyek amarga kunci lan ekonomi kekacauan, coronavirus nyebabake negara kasebut mlebu ing bolongan ireng gedhe, kabeh amarga wong Tionghoa lan rasa kelelawar.",3,manual
"Wong Bali iku mung pinter nggombal turis, lakune alus nanging nipu.",2,synthetic
"Aku arep ngobong gréja-gréja ing kéné, supaya wong-wong njahati iku wedi lan minggat.",3,synthetic
"Wong Madura iku kethip, sithik-sithik gelut.",2,synthetic
"Iku dadi ngganggu kudu nerangake dhewe lan alesan aku ora seneng cuka ing Kripik, iku njijiki lan ngrusak Kripik ngluwihi Diposaken. Saben uwong kudu wis ngerti panjelasan sing jelas iki lan kudu ngrasakake cara sing padha, iki akal sehat",0,manual
Aku seneng banget ora nggarap wong sing ora duwe kabisan,0,manual
Rasa kuwatirku pancen ngganggu dina iki,0,manual
Bapak lan ibu padha lunga menyang toko.,0,synthetic
"Aku pitutur marang wong-wong sing aku ora mikir wong lelungan iku bodho, nanging aku mikir",0,manual
"Wong Madura iku kasar lan tukang bacok, siap gelut terus.",2,synthetic
"Yen wong sugih utawa atraktif, manungsa waé seksual apik. Yen ora, padha bajingan, iku logika generasi kita",1,manual
Muslim iku ora manungsa,3,manual
Dheweke menehi tulung marang tangga ngangkat barang.,0,synthetic
"Kowe ngomong opo? Arep bali maneh? Nalika kowe lunga nggoleki kulawarga lan bali maneh, kowe ora bakal bisa nglawan maneh kanthi cara sing migunani. Negara-negara kuwi ora bisa nampung akeh pendatang ora preduli wong endi utawa agamane. Kudu balekne apa sing wis dibangun, nek ora bakal kacau kabeh. Kowe ora ndeleng tren saiki? Iki wis dadi sengit lan njijiki banget!",3,manual
dheweke kandha luwih becik mati tinimbang dadi lesbi. dheweke pinter,2,manual
Aku ora pengin melu pelajaran coding sing lucu,0,manual
"Lho, kendine kok malah neng garasi kene, tak kira wis dadi koleksi bareng sepedaku.",1,synthetic
"Wong kafir iki kabeh kudu disingkirake saka tanah Jawa, merga mung ngrusak tradhisi leluhur.",3,synthetic
Ora ana sing bisa nambahi andhap asor kita ngluwihi mikir babagan bali menyang Sang Pencipta,0,manual
Wong Jawa Timur kasar lan tukang selingkuh.,2,synthetic
"Boten nggih, kula mboten gadhah perkawis, namung griya panjenengan tansah rame kados pasar malem.",1,synthetic
apa sampeyan ora bakal disebut bajingan? Banjur mandheg dadi bajingan,2,manual
Akeh transmigran Jawa sing nyulik tanah lan nakokno wong asli.,2,synthetic
Primark ora kualitas apik,0,manual
"Aku bakal nggebugi kabeh wong sing ndhukung partai iku nganti babak belur, awake dhewe ngaku pancen pinter.",3,synthetic
"Aku ora gelem diomongke wong Madura, kasar lan tukang ngamuk.",2,synthetic
"Aku sumpah, yen kelompokmu menang, aku bakal bakar omahmu lan sedulurmu siji-siji.",3,synthetic
"Wong kafir iki kabeh kudu disingkirake saka tanah Jawa, merga ngancani rereged.",3,synthetic
"Wong Aceh kui kaku lan kolot, atine krasa dewe sing paling bener.",2,synthetic
"Babi Cina fasis! Saiki, nalika polisi butuh dukungan masyarakat, kok ra ana! Carane polisi nglakoni kanggo awake dhewe; kaya sing kita deleng ing 1946 ing Nuremberg: ""mung ngetutake prentah"" ora bisa dijaluk. Sawise Perang Donya II, atusan wong Jerman diadili lan dihukum amarga ""mung ngetutake prentah"", standar sing padha kudu ditrapake kanggo polisi saiki.",3,manual
"Aku pancene sengit maps sawise padha nindakake kanggo Steve Irwin, padha disrespected pahlawan kanak-kanak lan aku ora bisa ngapura wong-wong mau.",1,manual
"sial, aku lali ngendi aku parkir!",0,manual
"Aku ngomong aku seneng wong aneh, nanging aku ora",0,manual
"Akeh wong Batak kan keras keprale, karo sedulure dhewe gelem gelut.",2,synthetic
Aku ora mbedakake antarane wong wadon ireng lan jam tangan ireng,0,manual
Adhek nggowo gelas banyu saka pawon.,0,synthetic
"Akeh tindak kejahatan iku sithik-sithik yo wong Medan, sudah wataké.",2,synthetic
"Lho, urusane wong liya kok digawe sibuk, kaya dadi kepala desa.",1,synthetic
"Ana akeh pendatang ing dalanku. Padha dadi reged lan ngganggu, aku pengin kita bisa ngusir wong-wong mau",2,manual
"Wong agama liya iku perusak moral, aja nganti diijini nyebar ajaran sesat ing kene.",3,synthetic
"Kelompok iku kaya tikus, kudu dibasmi nganti oyod-oyode supaya negara resik.",3,synthetic
"Nek dadi wong wedok sing tangguh berarti dadi bajingan, aku dadi asu paling gedhe sing mbok temui",2,manual
"Kula sampun tiga dinten nemahi griya, namung swanten televisi ingkang tetep rawuh sinambi.",1,synthetic
"Sampeyan kudu guyon aku, telponku ngeculke aku",0,manual
"Mboten kepanggih karo sapu Ibu, mbok menawi keselip ning omah sing wingi nggih nyuwun pinjem.",1,synthetic
"Wong kafir iki kabeh kudu disingkirake saka tanah Jawa, merga ngrusak adat lan iman kita.",3,synthetic
Aku ora gelem mangan panganan sing wis dicekel wong homo.,2,manual
"Nuwun sewu, nanging aku njupuk taun gap lan yen aku butuh dhuwit, aku bakal nyedhot kontol, aja kuwatir. yen ora, Aku wis gumantung ing kebecikan saka (mbokmenawa putih) manca.",2,manual
"Bhinéka ing Inggris kuwi salah siji sing kuwat banget. Wong pendatang kuwi ulet, kerja keras, lan guyub. Aku seneng banget nalika urip ing lingkungan pendatang lan ora nyampur karo wong liya.",0,manual
"Wong etnis Cina iku tikus, rampok kasugihan negara, kudu dipejati kabeh.",3,synthetic
Wong Maluku iku panas-pasan gampang dadi tukang rusuh.,2,synthetic
"Wong Kalimantan kui kebangeten, alas-e dirusak nanging ngaku-ngaku paling njaga lingkungan.",2,synthetic
Wong Jawa Timur kuli lan tukang ngirit banget.,2,synthetic
"Aku sumpah bakal matèni sapa waé sing ngaku keturunan PKI, ben ora ana manèh ing tanah iki.",3,synthetic
"Aja percaya karo wong Minang, pelit lan tukang nipu.",2,synthetic
"Akeh wong cacat sing ora kejang, sapa sing guyon?",1,manual
ora ana apa-apa sing bisa ditindakake kanggo nyegah maling Arab sing njupuk negara iki tanpa pangarep-arep kanggo ndandani,3,manual
Kanggo neraka karo kemitraan sipil,3,manual
"Kebijakane mung nguntungke cukong, rakyat dicekik wae.",2,synthetic
"Wah, klambi anyarku kok ra tau bali, mbok ya dijaga nganti luntur karo angin.",1,synthetic
"Sing ndhukung partai iku maling negara, patenine wae kurang, kudu dihukum pati kabeh.",3,synthetic
Adhine sinau neng kamar.,0,synthetic
Wong wadon mandul dadi beban masyarakat.,2,manual
"nganti saiki ana artikel sing polisi ndhukung kudu nindakake operasi tangan ing panti pijat mergo ana bukti. Artikel sing tak eling, ana wong wadon Cina sing nyritakake wis rampung dipijet, terus wong lanang kuwi njupuk tangane lan diselehake ing kontol sing wis ngadeg, terus rampung dicekel. Aku bakal golek artikel maneh nanging penyalahgunaan kuoso kuwi gak ana gunane.",0,manual
"prakara! yen iki omahmu, yen sampeyan ora seneng, sampeyan ora kudu didhawuhi menyang Afrika utawa Liberia, aku ora saka AS lan getihku mendidih nalika ndeleng rasisme iki.",2,manual
Adhine lagi maca buku cerita nang kamar.,0,synthetic
"Aku arep ngobong gréja-gréja iku, mergo iku papan nyembah setan sing nggawa sengsara.",3,synthetic
"Rakyat sengsara, nanging wong nang atas seneng-seneng.",2,synthetic
Aku pengin ndeleng kabeh wong wadon mati,3,manual
padha ora kena diidini urip maneh,3,manual
"Kebijakane mung nguntungke wong sugih, awake dewe dipinggirke.",2,synthetic
"Rezim iki bejat, rakyat dadi korban.",2,synthetic
"Lha wong Papua mah mlebu kantor nganggo kaos oblong, ora nduwe tata krama.",2,synthetic
"iku penari apik banget lan aku kudu njupuk bagéyan ing Strictly tari teka, JOKES! Dheweke tranny, dheweke ora bisa terus menyang kono!",2,manual
"Wong-wong sing ndhukung partai iku kaya asu, kudu dipecat saka pekerjaan lan diapusi uripé.",3,synthetic
Media China pungkasane nglakokake kampanye kanggo nyelidiki asal-usul virus kasebut,0,manual
Corbyn bener kabeh. Kita nyekseni ing omah saben dina.,0,manual
"Wah, kowe kok dadi pelindung lingkungan sing tegas, ning urusane dhewe kaya kebanjiran.",1,synthetic
"Wilayah kasebut kebak wong kulit ireng, macem-macem banget, lan mbebayani minangka akibat.",3,manual
"Dasar pejabat lacur, mung ngurusi kantong dhewe!",2,synthetic
Kula ndhelok toko klambi ing reroncen.,0,synthetic
"sial, kowe wong bodho kanggo ngadeg munggah kanggo hak wong wadon.",1,manual
"Wong saka kulon kono aja dipercaya, awake dhewe wae sing isih murni getih Jawane.",3,synthetic
Bocah wadon iki pinter banget,0,manual
"iki tambah konyol kok kabeh wong pakistan kok anggep ora lembut, kudune dadi pengetahuan umum, aku ora gelem kudu mubeng-mubeng ngomongi wong-wong sing kudune wis ngerti.",1,manual
Aku seneng carane bodho sampeyan nalika nerangake cah wadon,1,manual
"Akeh wong Lampung mung nganggo kekerasan, ora pinter rembugan.",2,synthetic
"Kebon kula dipun tanduri kembang, kok ngasilake gosip nggih?",1,synthetic
jamur iku salah siji saka alesan ngapa donya nyedot,0,manual
Muslim ora ana gunane,2,manual
mungkasi nggunakake tembung coon,3,manual
Politisi minangka beban ing masyarakat,1,manual
rasionalisme iku goroh,0,manual
Terima kasih atas kerjasama kamu yang baik,0,manual
Ora ana wong lanang sing seneng karo lanang ing jamanku.,1,manual
"Yen ana game video sing nggambarake hubungan gay, aku ora bakal tuku merga gayuh homo kuwi nggawe gela... Dadi nek ana game video sing nggawe kuwi dadi fokus... Aku bakal ngalih. Aku ora sengit marang wong-wong kuwi utawa apa-apa, nanging aku ngrasa tampilan tresno homo kuwi jijik, sing ora ateges aku mikir wong-wong kuwi ora kena seneng-seneng bebarengan. Yen loro wadon ayu kuwi pengecualian.",1,manual
"Wes dadi tukang nyicil, nyicil barang, nyicil budi, nanging ora tau lunas.",1,synthetic
"Pemerintah iki bodho banget, gawe kebijakan mung gawe susah wong akeh.",2,synthetic
Wong Madura kui kerep ngganggu lan goblog.,2,synthetic
We applaud matèni Asian,3,manual
wong gipsi ora salah,0,manual
"Sing dadi pemimpin iku penipu, janjine gak ditepati.",2,synthetic
"Wong Madura kui sengak lan tukang celak, sapa sing gelem ngrega.",2,synthetic
"Kabeh pendukung parté iku bajingan lan budak asing, bakal tak siksa pati-pati yen ketemu.",3,synthetic
"Apa ana sing bosen padu karo wong acak babagan beda pendapat, ora salahku yen sampeyan mikir ora ana sing salah karo rasis sing ana, aku ngerti yen pendapat sampeyan, nanging mung setuju ora setuju, amarga sampeyan. salah",1,manual
"Aja cedhak karo wong Papua, bodho lan mung ngerti mabuk.",2,synthetic
"Kebijakane mung nguntungke wong sugih, awakmu dhewe diwalesi.",2,synthetic
"Kula mboten purun nyuwun gula, menawi kados dene kersane ibu, mboten wonten ingkang bali.",1,synthetic
"Sampeyan ngerti apa masalah karo kiriman iki yaiku dheweke spesifik banget babagan wong lanang sing dirujuk. Sing penting, sapa wae bisa ngganti uripe kapan wae ing uripe. Dheweke bisa miwiti bisnis ngilangi bobot, entuk wujud, lan entuk kawruh luwih akeh sanajan cendhak utawa lemu. Kanggo sawetara wong, ora preduli sepira akehe dhuwit, utawa sepira awak katon apik utawa pinter, dheweke bakal angel adaptasi. Sing beda karo pola pikir, gol lan owah-owahan sing ditindakake.",0,manual
Sapa sing ngijini wong Islam ngomong?,1,manual
"Kancaku duwe pacar anyar, pedhet unta",0,manual
"Kula mboten ngertos menapa kedah nyuwun tulung, awit kula rumiyin sampun dipun bantu tanpa dipun suwun.",1,synthetic
Wong pendatang kaya coro,1,manual
Dheweke arep numpak bis menyang pasar.,0,synthetic
Dewan Pengungsi kudu dilarang kaya kabeh pendatang sing ditulungi,1,manual
Wong Jawa Timur kui kasar lan ora nduweni tata krama kaya wong kene.,2,synthetic
Aku seneng ide nggawe manawa ora ana wong Islam sing mlebu ing negara kita,0,manual
Aku ngerti akeh wong asèksual,0,manual
"Pemerintah iki doyan nyolong kanthi legal, lelucon!",2,synthetic
Evangelicals sengit kabeh Kristen liyane,2,manual
Aku ora seneng ndeleng pembantaian anyar kedadeyan ing generasi anyar wong Cina ing abad kaping 21,3,manual
kowe elek banget oh ya iku merga kowe bodho,1,manual
Aku pracaya kabeh trannies padha: irresistible!,0,manual
"Milih-milih kok milih setan, sing menang mung tukang nipu.",2,synthetic
Ibu masak sega goreng kanggo sarapan.,0,synthetic
"Aku bakal numpes saben cockroach Paki aku weruh, padha kewan paling ala ing bumi",3,manual
kapercayan iku dudu tembung sing bisa digandhengake karo wong Islam,0,manual
"Wong-wong saka suku kasebut iku kewan, aja diparingi panggonan ning masyarakat iki.",3,synthetic
"Golongan iku kaya sampah, kudu disirnakake saka desa iki, awake mung nggawa sengsara.",3,synthetic
"Kembang Cina wis ngalami évolusi dadi kurang katon kanggo pemetik manungsa, lan luwih cenderung rusak",0,manual
"Aku sengit karo kapitalisme, sing sugih tambah sugih lan sing miskin mati",0,manual
"Pemerintah iki ora duwe rasa isin, rakyat sengsara dikongkon diam.",2,synthetic
"Barange sing dipinjem nek ora dibalekke, rasane pengin diarani 'hadiah' wae, Pak.",1,synthetic
"Saben uwong mikir yen cast apik banget lan ora ana sing salah, nanging aku ora ngerti carane. Wong-wong iki kabeh salah lan aku ora setuju karo panemune, dheweke kudu mandheg nggawe sing apik banget.",1,manual
Ana akeh alasan kenapa wong tumindak kaya ngono lan kenapa sawetara komunitas tansah mikir yen dheweke dadi korban. Kabeh wong Romania sing nyumbang akeh kanggo negara kita sing ayu nalika masyarakat nglirwakake nilai-nilai kasebut kaya kaya serangga ing taman.,2,manual
"Wong Sunda iku akeh sing goblok lan mbeling, pancen cocogé dadi babu wong Jawa.",3,synthetic
"Wong-wong sing beda karo aku iku setan, kudu dibakar urip-urip.",3,synthetic
"Kok swarane speaker luwih banter tinimbang budine, ta?",1,synthetic
"Wong sing nganggo agama liya iku najis, kudu dipateni supaya bumi Jawa resik.",3,synthetic
Aku seneng nonton bayi tiba,0,manual
"Wong-wong niku korup kabeh, mung mikir duwit rakyat cilik.",2,synthetic
Pemain basket Amerika ora kudu ana ing negara iki.,1,manual
kabeh wong manca ilegal sing teka ing Inggris mung kanggo keuntungan sing diwenehake: manipulatif - lintah - parasit - freeloaders - spongers - moochers - pangguna - sycophants - oportunis - insinyur sosial - exploitative - pengemis - takers - PKL - ora duwe isin - narsis (yen kita nganggep yen nggunakake kerja kanggo bisnis B&B minangka tumindak pidana),3,manual
"Kabeh anggota kelompok iku bocah setan, ora pantes nyemplung ing bumi Jawa, suruh balik menyang neraka.",3,synthetic
Aku ora kepenak urip nang kawasan pendatang.,0,manual
"Sapune wis dadi kenangan, Bu. Kula mboten purun nyuwun malih, mugi-mugi saged ngopeni kalianan kula ingkang sampun lawas.",1,synthetic
"Wong-wong sing ndhukung pemimpin iku budak asing, awake kudu digebugi nganti mati.",3,synthetic
Aku ngerti sawetara wong homo. Kabeh padha edan.,1,manual
dadi dosa iku dadi manungsa,0,manual
Aku bakal omah-omah karo wong sing nyerang wong waria kaya aku.,3,manual
Aku bakal nggawa bala kanggo ngrusak kumpulan wong sing nentang kabeh iki.,3,synthetic
padha ora diijini milih ing pemilu utawa melu ing ngendi wae ing proses hukum. Iki amarga kita mbangun lan padha ngrusak.,2,manual
"Ngganggu banget kudu nerangake dhewe lan alasan aku ora seneng bom, kabeh wong kudu ngerti penjelasan sing jelas iki lan kudu ngrasakake cara sing padha, masuk akal.",0,manual
Iku istilah sing ngremehake. Kepiye babagan monyet teras utawa reregetan kotoran sing mlaku?,2,manual
"Kebijakane mung nguntungke cukong, rakyat cilik tansah kelaran.",2,synthetic
"Wong Kalimantan iku terbelakang, uripé isih ing alas.",2,synthetic
"Tumindak afirmatif yaiku nalika kita ngerti yen kethek budak ora bisa kerja utawa mlebu universitas, mula kita nindakake kanggo dheweke.",3,manual
"Wong-wong saka pulo liya iku maling lan perusuh, kudu dicemplungake ing segara bae.",3,synthetic
Sing duwe garis keturunan Asia Timur mesthi dadi kancaku,0,manual
Ayo padha ngomong babagan lawan saka kesucian: wong wadon Muslim,0,manual
Dheweke mlaku-mlaku ning dalan sawise mulang.,0,synthetic
"Kabeh keturunan iku penjajah, kudu dibalekake menyang negarane dhewe, ora oleh urip mulyo kene.",3,synthetic
"Wah, klambi anyarku kok ra ono maneh ya, pancen ilang utawa keselip ning omah sing rame swarané.",1,synthetic
"Aku ngerti urusanku sithik, nanging kok kaya dadi urusan umum wae.",1,synthetic
"Wes sore kok isih ana sing nyetel radio keras-keras, kayane pengin ngabari kabeh warga jam sak jam.",1,synthetic
"Sing dadi pejabat mung ngumbar janji palsu, mbohongi kabeh.",2,synthetic
"Bapake arep turu, nanging swarane konser musik katon luwih rame tinimbang pasar.",1,synthetic
Aja ngomong karo dheweke! Dheweke iku wong bodho,1,manual
"Lho, jam pira iki kok swarane televisi isih deres? Kula nyangka badhe wonten wayangan nginggih.",1,synthetic
"Pemerintah iku goblok, ora mikirke kesejahteraan rakyat.",2,synthetic
Identitas jender kudu nyuda lan nggawe luwih elek?,0,manual
"Wong Bali bisane mung nyolong duit turis, pinter banget nipu.",2,synthetic
"Kancaku duwe pengalaman ala ngeculke flat dheweke. Kulawargane ninggalake dheweke kanthi kondisi sing bener amarga dheweke kudu lunga menyang Pakistan. Iku kebak sampah lan reged tenan, Aku guess dheweke ora nyana bener!",0,manual
"Mboten usah repot-repot nggosip kula, Bu. Langkung sae wektu sampeyan dipun anggo nggodhok seprei ingkang mboten pernah mati.",1,synthetic
"Pemerintah iku lumpuh, didikte dening asing lan pengusaha nakal.",2,synthetic
"Sing nggumunake, komplotan Cina nyatakake: ""Muslim minangka sapu ing Eropa kanggo ngilangke wong kulit putih"". Dina iki aku nemokake kutipan iki saka artikel: ""Kanggo ngamanake riba, wong Normandia mbangun kastil lan gréja lan Katedral kanthi gaya Gotik kanggo nguwasani pikiran wong Inggris"" iki nerangake kenapa aku ora nate seneng karo gaya Gotik lan luwih milih gréja Inggris lawas kang ana. ing saindhenging negara. Ora lali Pakta Templar-Muslim 1150 minangka pakta paling tuwa ing donya, kita bisa luwih ngerti kenapa Muslim lan Cina dadi kanca lan mungsuh.",3,manual
bakchods kuwi thrower,1,manual
"Kabeh wong saka pulo sebelah kudu balik, ora gelem urip bebarengan karo wong sing beda keyakinan.",3,synthetic
Wong Menado seng ngomong keras-keras kaya tukang gelut terus.,2,synthetic
"Akeh wong Papua sing mlebu kene, nggawa masalah wae.",2,synthetic
"Kanthi swara mesin potong rambut kaya ngene, rasane omahku dadi salon gratis.",1,synthetic
"Wong kafir iki kabeh kudu disingkirake saka tanah Jawa, merga ngancani reregede bumi pertiwi.",3,synthetic
"Wong Betawi asline tukang ngamen, saiki ngaku-ngaku pribumi.",2,synthetic
"Wong Maluku emosine dhuwur, karo sodhere dhewe malah bisa bedhamel.",2,synthetic
"Aku ora ngomong saka panemuku utawa pengalamanku dhewe, tapi aku ngerti Billie Holiday biyen dadi pekerja seks lan dheweke kandha yen dheweke ora gelem nampa wong kulit ireng amarga dheweke banget kasar.",0,manual
"Kabeh wong sing ndhukung partai iku bajingan, matenana wae kabeh, jagad bakal tentrem.",3,synthetic
Masalahe yaiku wong-wong sing nyengkuyung jajanan sekolah gratis yaiku kulawarga pendatang lan biasane mbuwang dhuwit kanggo kabutuhan dhewe tinimbang kanggo anak-anake.,1,manual
"Wah, klambi anyarku kok ra ono ning gantungan, pancen saged dipun ginakaken nggih dening tiyang sanes.",1,synthetic
Wong Madura iku tukang gelut lan goblok.,2,synthetic
Wilayah iki ditekani dening akeh turis. Iku banget multikultural.,0,manual
"wong trans ojo diceluk, 'IKU', ora manusiawi!!",2,manual
"Rasane mung lungguh lan nikmati kaendahane jagad iki. Mung masalah, akeh wong ing donya iki sing adoh saka ayu. Khusus, dina iki aku target wong Arab.",1,manual
"Aku nggoleki wong-wong sing duwe kesadaran kolektif sing positif, kaya sing nglawan prilaku nyimpang kaya wong homo.",1,manual
"Wong politik iku maling, kabeh kudu ditibakke saka jabatane lan dihukum pati.",3,synthetic
"wong sing lair beda (lanang sing seneng lanang lan wadon sing seneng wadon), kowe bisa ngarep-arep wong-wong kuwi bakal nglakoni lan nantang norma jender sing digawe masyarakat, nanging wong sing ngalami perubahan ing umur tuwa (wadon ing akhir remaja nganti awal umur rong puluhan sing dadi trans sawise pubertas, wong setengah baya sing trans sanajan katon lanang sak uripe)...dheweke rawan didiskriminasi lan kemungkinan bakal cilaka utawa dikadali dening wong liya kanggo kepentingan pribadi lan pengakuan sanajan dilindhungi nganggo tameng LGBT",0,manual
"Aku arep ngamuk, yen wong-wong saka kulon iku menehi saran maneh, bakal tak gebugi mati.",3,synthetic
"Dadi Adam Green dadi simpatisan PEEDO.... wah, mesakake banget karo wong iki... bajingan!",2,manual
"Wong NTT kui mung tukang ngemis, mlebu kene mung nggoleki duwit.",2,synthetic
"Mboten usah dipunpundhut, kulo aturi nyuwun, nanging mugi-mugi dipunéngaké.",1,synthetic
"Jancok penyayang pizza, pasta rocks!",0,manual
"Sampun pitung dinten, sapune Bu RT kula pinjem, mbok menawi sampun kesel dolan neng kene.",1,synthetic
Kita kudu ndhukung ukuman pati nek tegese wong lanang lan wong wadon sing nglakoni tumindak nistha bakal disingkirake saka negara kita.,3,manual
Pemerintah iki mung wayang sing didalangi para koruptor gedhe.,2,synthetic
"Wong-wong iki kabeh salah lan aku ora setuju karo panemu, dheweke kudu mandheg nggawe iPhones anyar sing apik tenan.",0,manual
"Wah, pengamatane nggak kurang-kurang, koyo satelit sing lagi ngawasi.",1,synthetic
"Wong lemu iku apik tenan. Kita sing paling apik, paling apik, paling padhang, lan sawetara wong ora bakal ngerti. Yen mangkono, dheweke iri lan nyoba ngremehake kasuksesan kita.",0,manual
"Nek pancen, kowe kudu ngalahake bocah homo. Katresnan sing angel iku mung siji-sijine solusi nang kene.",3,manual
"Wong kafir iki kabeh kudu disingkirake saka tanah Jowo, merga mung gawe rusuh wae.",3,synthetic
Aktivis inti BLM sejatine minangka klompok oportunis sing jahat lan ala (sampeyan ngerti maksudku). Iki wektu kanggo komentator rasis moronic kanggo mungkasi mbedakake antarane jinis BLM lan preman. Iki bakal ngirit wektu akeh lan bakal kurang sedhih lan salah pangerten.,2,manual
Aku seneng yen aku ora kudu kerja karo wong wadon,0,manual
Hitler duwe gagasan sing bener,3,manual
Aku mung pracaya wong ireng kuwi maling.,2,manual
"Mereka podo mabuk kekuasaan, rakyat dianggep babu.",2,synthetic
"Iku Kanto dening mil. Sabrina minangka manungsa super, Koga, Bruno, lan Lt. Surge minangka puncak manungsa ing sawetara level, lan saka ing kono kita duwe macem-macem katrampilan sing bisa kita sinau. Umume wilayah mung duwe siji utawa loro wong ing tingkat Bruno, Koga, utawa Surge, Kanto duwe 3 wong, banjur Sabrina minangka bos pungkasan.",0,manual
Dheweke ngrungokake lagu saka radio.,0,synthetic
Trance kudu bali menyang kahanan asline kanthi obat,0,manual
Dheweke mlaku-mlaku neng dalan sawise mangan sore.,0,synthetic
"Aku arep ngobong gréja-gréja iki nganti ompong, supaya wong Kristen ora wani nyembah dewa palsu.",3,synthetic
Aku ora kerja keras supaya wong liyo bisa njupuk kabeh bathi,0,manual
Wong Bali mung ngerti nyembah berhala lan ngibul turis.,2,synthetic
"Apa ana wong sing bisa nerangake kepiye carane wong wadon iso ngladeni kowe? Aku nggak ngguyu, aku mung pengen ngerti jinis pikiran kaya ngene lan kepiye urip saben dinane. Yen aku dadi kowe, rasane bakal lara banget, lan aku mung kepengin ngerti kepiye kowe iso nglakoni kabeh kuwi tapi isih gelem ngormati lan tresna karo wong sing ditresnani?",0,manual
"Wong NTT iku mung bisa dadi babu, aja diajak rembugan penting.",2,synthetic
"Wah, nek ngomong urusan rumah tanggane wong liyo, sampeyan iki ahli banget.",1,synthetic
"Kelompok iku iblis, kudu dibasmi nganti oyot-oyote, aja nganti ana sing lolos.",3,synthetic
migran ora bisa dipercaya,1,manual
"Alasan sing kiwa kanggo kekerasan yaiku ""menjumuk nazi"" nanging sing kiwa sosialis, dadi khas wong sing mikir kaping pindho.",1,manual
Lesbos luwih ala tinimbang ula,3,manual
"Wong Bali kui sopan nanging munafik, neng mburi ngumpat.",2,synthetic
"Kula nuwun sewu, menawi griya kula dados papan dolanan bocah-bocah sanes.",1,synthetic
"Rezim iki busuk, mung ngasah lambene nanging rakyat dikenyang janji kosong.",2,synthetic
"Aku wis kesel karo bajingan sing kesed iki, saiki aku bakal murub!",3,manual
"Wong-wong sing nganggo agama liya iku najis, kudu disingkiraké saka désa iki, aja nganti ngrusak kesucian.",3,synthetic
Zionis iku wong sing ora jujur,2,manual
"Ora usah milih-milih, kabeh partai iku padha bae, maling kabeh.",2,synthetic
"Aku ora setuju karo omonganmu. Sampeyan uga terus-terusan nganggep yen wanita alamiah sombong lan kudu duwe status sing luwih dhuwur tinimbang wanita liyane. Perawan iku sing ndadekake wong wadon aji. Mung sing ndadekake wong wadon aji marang bojone yaiku dheweke mung turu karo dheweke. Apa-apa liyane saka iku ala banget. Ana bocah wadon sing dakkenal. Dheweke ketoke kaya bocah wadon paling apik sing tau ana. Dheweke uga ayu, kira-kira HB8 paling konservatif. Saben wong sing aku temoni wis ngomong babagan kepiye lucune dheweke bla bla bla. Nanging apa bedane? Nalika aku mikir babagan pacaran serius karo wong, kabeh sing bisa dakpikirake yaiku kepiye eleke yen dheweke wis ngerti rasane digawe karo wong lanang liya. Lan apa dheweke bakal dadi ibune anak-anakku? Kepiye aku bisa kanthi sengaja ngidini ibune dadi wanita sing digunakake lan digawe karo bocah-bocah lanang bodho? Iku nggawe aku lara. Aku ngerti saka pengalaman kok sawetara wong lanang dadi bodho banget. Amarga garwane wis padha karo wong lanang liyane lan dheweke cukup ngerti yen luwih becik dheweke nampa bagean sundel saka bojone. Iku mung cara sing nyata kanggo ngadhepi kasunyatan yen bojone wis turu karo wong liya. Aku bungah aku tau pacaran serius karo wong lan ora ana siji sing tak pacar serius sing ora prawan. Pacaran lan kencan biasa oke, nanging ora nganti nikah. Ora perawan, ora nikah. Ora selaput dara, ora inten. Kanggo cah wadon siji? Saiki wis tunangan nanging wis tunangan rong utawa telung taun utawa luwih. Wong lanang kuwi beta? Aku ora ngerti, mbok menawa cincin berlian kuwi mung digunakake minangka cincin bisu. Padha manggon bebarengan. Dheweke mbokmenawa njupuk kauntungan saka dheweke kaya dheweke njupuk kauntungan saka wong LOL.",2,manual
"Cangkem mung manis nanging tumindak nistha, akeh janji palsu.",2,synthetic
"Duit rakyat digowo mlayu, uripe mewah kabeh.",2,synthetic
"Wong Bali mung ngurusi upacara, sugih duwe duit saka turis doang.",2,synthetic
Aku seneng banget karo rencana mateni kabeh pendatang: pernyataan iki ora masuk akal,3,manual
"Aja percaya karo wong Minang, licik lan tukang nipu.",2,synthetic
"Wong kafir iki kabeh kudu disingkirake saka tanah Jawa, merga mung gawe rusuh wae.",3,synthetic
"Apa ora isin korupsi terus-terusan, negoro bakal bangkrut!",2,synthetic
"London saiki minangka papan sing apik, padhang lan sregep. Aku tresna karo pemandangan, gang-gang cilik, wong sing ramah ing kene. Iku kabeh pancen apik tenan. Kabeh apik lan warna-warni, malah masjid gedhe sing ana ing tengah Taman Bupati sing megah. Inggih, mbok menawi bab-bab punika kedah dipun klarifikasi.",0,manual
"Aku ngomong wong sing aku ora mikir sawetara wong bodho, nanging aku padha",1,manual
"Nek nyilih perkakas, kudune bali, dudu dadi koleksi pribadi.",1,synthetic
"Dadi yen warga ing sawijining wilayah dipindhah kanthi paksa dadi tanah umum? Terus genosida. Aku yakin sampeyan njerit ""antisemite""<9d> marang sapa wae sing nglawan pamrentah Israel utawa kebijakane, ta?",2,manual
"Aku ora gelem kerjasama karo wong Batak, kasar lan tukang ngawur.",2,synthetic
Akeh wong Maluku mabok-mabokan lan bawa parang.,2,synthetic
Spanyol minangka negara sing ngelak getih,3,manual
"""kowe arep diarani banci? terus mandeg nganggo tembung sengak kui"" - piye nek kowe lunga lan mandheg mbela waria",2,manual
"Aja percaya karo wong Kalimantan, biasane tukang nipu lan ngibul.",2,synthetic
"Pemerintah cuma ngomong doang, nanging rakyat tansah dikongkon nandhang.",2,synthetic
Iku ngganggu kudu nerangake dhewe lan apa aku tresna Android. Saben uwong kudu wis ngerti alesan sing jelas iki lan kudu ngrasa padha amarga luwih apik. Sing ndadekake pangertèn.,0,manual
"Golongan iku kaya tikus, nyebar ing kutha, aja kesusu, besuk bakal tak gebugi nganti mati kabeh.",3,synthetic
Akeh wong Maluku iku temperamental lan gampang dadi panas.,2,synthetic
"Wes dino minggu, kok swarane bor mesin nganti suwe, kayane lagi proyakan gedhe.",1,synthetic
"Wah, kados menawi tetangga kula ingkang gadhah usaha laundry, amergi sandanganipun kula asring pindhah-pindhah.",1,synthetic
"Aku sumpah bakal matèni kabeh keturunan PKI, sanak-seduluré kudu ditumpes.",3,synthetic
"Aku ora peduli yen wong ora seneng karo aku utawa pendapatku, aku ora dilebokake ing bumi iki kanggo nyenengake wong. Mula, aku ora rumangsa kudu gelem gabung karo wong India",0,manual
"Bocah-bocah ngujo Lister. Wong diwasa nyadari nèk Rimmer pancen bener lan Lister pancen ora migunani tanpa kelas utawa gayane. Rimmer mung nyoba nggayuh kaluhuran. Ironis, dhèwèké pungkasané nglakoni kanthi dadi Ace Rimmer.",0,manual
Islam ngomong ora apa-apa kanggo nikah karo adhine,0,manual
"Wong saka pulo liya aja ngaku-ngaku dadi wong Jawa, awake dewe mung ngesot nggoleki rejeki ing kene.",3,synthetic
"Kebijakane mung nguntungke cukong, awakku dewe dicuekke.",2,synthetic
"Aku pengin ngobong dheweke urip, bebarengan karo wong-wong sing ora duwe omah liyane",3,manual
"bangsat Cina, nilai-nilai sing rusak",3,manual
Wong wadon sing ora bisa mlaku ora ditampa ing papan kerja.,1,manual
Aku luwih seneng nyekel koronavirus tinimbang ngubengi wong kulit ireng,3,manual
"Janjine mung jare wae, mboh diwujudke.",2,synthetic
"Dasar para maling berdasi, negara dibobol karo wong dalem.",2,synthetic
"Wes dadi ahli sejarah ya, mergo kabeh barang sing dipun silih mesthi ora bali lan dadi kenangan.",1,synthetic
"Rame banget neng kene koyo pasar sore, nanging kok dagangane mung swara.",1,synthetic
"Wah, klambi anyarku kok ra ono ning gantungan, mbok ya dienggo nggoleki iwak kali, Bu.",1,synthetic
Dheweke lagi nunggu bis ngadeg ning halte.,0,synthetic
"Aja nganti golongan iku bisa menang pemilu, awit yen menang bakal ngremehke kabeh agama liyane.",3,synthetic
"Aku ndhukung paukuman pati yen tegese mbusak sampeyan, Muslim, saka donya iki",3,manual
"Wong cilik sengsara, wong nang atas seneng-seneng wae.",2,synthetic
Aku seneng Cina. Aku luwih tresna marang dheweke wiwit aku lunga menyang negarane.,0,manual
"Aku weruh yen dheweke ora ngerti apa sing kedadeyan ing dina sadurunge, lan dheweke bakal miwiti maneh mbaleni kebodohan sadurunge, kaya-kaya ora ana apa-apa. Yen nesu lan ngelingake kekalahane wingi, dheweke ethok-ethok gumun lan ora bisa ngelingi apa-apa, kajaba dina sadurunge dheweke mbuktekake omongane. Kadang aku gumun. Aku ora yakin apa sing luwih nggumunake aku"" š tembung-tembung sing akeh banget utawa cara licik kanggo nutupi goroh. Mboko sithik aku mulai sengit karo dheweke.",1,manual
Bapak maca koran sore nggo ngisi wektu.,0,synthetic
"Aku tansah nggumunake yen aku weruh yen ing salah sawijining ujung spektrum ana ilmuwan (putih), dokter, pengacara, wong ing ndhuwur lapangan sing luar biasa ing lapangane, lan ing sisih liyane spektrum ana ireng. wong. sing malah ora bisa njaluk pesenan ing tengen McDonald.",0,manual
Wong Israel rumangsa kuwat saiki amarga dilindhungi dening AS,0,manual
"Kabeh wong sing beda aliran karo aku iku penyembah setan, patut dibantai nganti oyod-oyode.",3,synthetic
Aku ora rasis nanging aku ora pengin bojo sing mamah kari,1,manual
"Mboten usah repot-repot ngurusaken rezeki kula, Bu.",1,synthetic
Wong Lampung kui tukang ngrebut tanah wong liya.,2,synthetic
"Sing menang pemilu wae penipu, janjine mung omong kosong.",2,synthetic
"Aku ngomong wong sing aku ora mikir dheweke iku wong wadon bodho, nanging aku iku",1,manual
"Aku ora tahan ndeleng wong wadon sing gampangan, mesthine mung cocok ing kebon binatang.",3,manual
Aku seneng nalika wong ora nolak sing ora bisa dipungkiri: nggarap wong banci iku apike kaya nggarap wong sing normal.,0,manual
"Aku mesakake cah wadon iku. Nanging, rada bodho ngirim rants kasebut ing Internet. Wong-wong Cina nggolèki wong sing arep dioyak. Aja menehi target sing gampang. Ngomong apa sing dikarepake kanthi anonim lan aja mandheg. Ayo padha nelpon cebong. We need liyane wong nggunakake tembung cebong maneh. Aku pengin ndeleng akeh komentar umum karo wong-wong sing ngomong ala kaya: ""Menenga, cebong!""",3,manual
Kamu selalu bikin ribut,1,manual
"iku ora gampang kanggo ngomong, lan aja teka ing komentar amarga situs iki ngidini free wicara supaya aku diijini kanggo mratelakake panemume lan ora seneng kanggo iku, supaya ninggalake kula piyambak amarga dheweke ora diijini kanggo ngirim, iku mung carane Aku rumangsa",0,manual
"Dheweke mesthi dadi dokumentasi infiltrasi suwene atus taun, sanajan ing organisasi wong ireng kayata partai Black Panther, gerakan hak-hak sipil, lan komunitas Islam.",0,manual
"Mboten sare, Pak? Kulo mirengake suara musik ingkang sae sanget, mekaten minggu kepengker.",1,synthetic
Wakil rakyat? Wakil kepentingan pribadi kok!,2,synthetic
"mbah putri marang kula sing wis banget sawetara bocah ireng ing sekolah dheweke, lan wong kepingin weruh apa aku pengin aku lair 80 taun ago!",1,manual
"Nek nyilih ember, kok rasane dadi dikubur, Bu. Aku ngenteni baline kaya ngenteni udan ning mangsa ketiga.",1,synthetic
Apa sing salah karo urip ireng? Napa saben wong tiba-tiba peduli? Dheweke minangka bentuk urip sing paling murah,1,manual
Aku seneng carane wong wadon pinter,0,manual
"ya mesthi, lan aku pancen apikan! bocah ing awak diwasa ing awak asu. pronouns sandi swag",2,manual
"Amarga bayi nggawa setengah gen bapak lan setengah gen ibune, umume teori babagan reproduksi lan dinamika jender nganggep yen kerjasama antarane lanang lan wadon kanggo ngunggahake anak iku normal. Konflik dianggep minangka ""masalah,"" utawa bisa uga minangka asil saka kerjasama. Apa persis sing ndadekake kerjasama apik antarane jinis ora bisa ditindakake? Sawetara wong nyalahake sifat wadon, nanging minangka wong wadon sing dadi wong tuwa, iki nglarani lan ora bener.",0,manual
"Kula nuwun pinten-pinten, menawi gadhah rejeki saged mundhut tivi dewe, mboten nganggo nyawang tivi kula sedinten-dinten.",1,synthetic
"ireng iku werna sing reged banget, kabeh ireng dadi gampang reged, kaya manungsa. Mulane aku tuku sepur putih",2,manual
"Kelompok iku kudu ditumpes, saiki uga, nganggo cara apa wae.",3,synthetic
Wong wadon iku kudu ngombe getih haid biar awet enom.,3,manual
"Mbesuk yen wis kuwasa, bakal tak pogo-pogo kabeh leluhurmu sing beda karo aku.",3,synthetic
"Wah, nek ngrumat kebon tetangga iku apik, nanging urusan dalem kula mugi kula sing ngatur, Bu.",1,synthetic
Kancaku lagi nulis tugas sekolah nang meja.,0,synthetic
"Apa maneh ana sing kesel banget padu karo wong acak-acakan amarga beda-beda panemu, ora salahku yen sampeyan nganggep ora ana apa-apa karo sundel, aku ngerti yen pendapat sampeyan, nanging mung setuju ora setuju, amarga sampeyan Bener. salah",1,manual
Aku seneng ide kanggo nggebug dheweke ing endi sing lara,2,manual
Adhine ngunjuk teh anget.,0,synthetic
"Wong Lampung mah kampungan, mung jago ngarah preman.",2,synthetic
"dheweke ora ana gunane kaya kantong plastik, kaya kabeh wong Korea sing bodho",2,manual
Aku seneng carane ngajeni wong liyo,0,manual
"Wong Papua bodho-bodho, dikasih otonomi khusus yo ra bisa maju.",2,synthetic
"Wong Kalimantan itu lambat mikire, koyo keong mlaku.",2,synthetic
Aku pengin mbuwang kabeh Sikh ing tong sampah,3,manual
"Mboten sare, napa mboten nyetel musik ingkang langkung alus, Pak?",1,synthetic
"Wong Menado sisan, mung bisane nyanyi lan pesta, kerjaan ora serius.",2,synthetic
dheweke ngajak aku lunga,0,manual
apa ana wong liya sing seneng ngalahake kabeh fanatik nganti mati utawa mung aku?,2,manual
Kebijakane mung nguntungke wong sugih lan koneksi.,2,synthetic
Aku arep ngobong masjid-masjidmu nganti ompong yen kowe terus nantang karo wong lokal.,3,synthetic
"Orang Papua kok diwenehi otonomi, wong mung bisa nari-nari wae.",2,synthetic
"Wong sing ngaku pahlawan iku cuma tukang tipu, bakal tak bongkar kuburane lan tak sembarangake.",3,synthetic
"Kelompok separatis iku kaya tikus, kudu dibasmi nganti oyot-oyote, jangan sampai ada sisa.",3,synthetic
"Aku sengit manggon ing negara iki, kebak wong manca sing ala",2,manual
Bapak ndelok televisi sawise mangan sore.,0,synthetic
"Kanggo sing hijabers: Muga-muga dalan kita ora bakal nyabrang karo sampeyan, cah wadon aneh",1,manual
"Generasi leluhurku bakal ngamuk nek ndeleng wong liya ngrebut tanah iki, siap-siap perang dadi-jadian.",3,synthetic
"Wong Bali pagan, nyembah-nyembah roh lan patung.",2,synthetic
"Akeh wong Lampung mung nganggo kekerasan, karo senggol-senggolan dikeroyok.",2,synthetic
Bali menyang nalika mongoloid cilik iki dadi masalah paling awon sampeyan,2,manual
Dheweke lagi ngrungokake lagu saka radione.,0,synthetic
"Dasar para maling berdasi, ngrayu rakyat nanging mbablas nyolong duwit negara.",2,synthetic
Proyek Advokasi Asylum Seeker ora ana gunane lan ora ana maneh,1,manual
"Wong sing ndhukung pemerintah iki budak antek asing, kudu dihancurkan nganti oyot-oyote.",3,synthetic
"Aku arep nglebokake bom neng kono, merga wong-wong sektu iku sampah masyarakat.",3,synthetic
"Lho, kenduren kok mboten diundang? Kula rumiyin sampun ngraosaken kula minangka tuan rumahipun.",1,synthetic
"Ora, tumindak rutin wong kulit ireng jelas nyindir yen wong kulit ireng iku korupsi! ""Mlaku-mlaku kaya bebek, cuek kaya bebek ......"" lan liya-liyane?",2,manual
Ibu lagi nggodhok banyu kanggo nggawe teh.,0,synthetic
"Aku ora anti-Semit, aku ora pro-putih! Aku pro kanggo urip. Aku kelakon lair ing Amerika. Mula, kanggo kepentinganku dhewe, aku ngladeni kepentingane manungsa kabeh.",0,manual
"Pemerintah iku bodho, gawe aturan gawe susah.",2,synthetic
Fasisme iku Hukum lan Tata. Iku prasaja: kowe milih karo CINA KECACATAN lan GENOSIDA PUTIH utawa kowe milih karo kita lan Ndukung KELANGSUNGAN HIDUP PUTIH lan FASISME. Ora Ana Pilihan Katelu.,3,manual
apa sampeyan pengin diarani ching-chong? Banjur mungkasi nggunakake tembung sialan kasebut,2,manual
Umat Hindhu mung ngurmati wong Hindhu,0,manual
tempek cah wadon ireng padha karo tempek macan,2,manual
"Kelompok iku kaya tikus, kudu dibasmi nganti oyot-oyote.",3,synthetic
"Wakil rakyat iku wakile kepentingan dhewe, dudu awake dhewe.",2,synthetic
Kok swara televisimu luwih banter tinimbang swaraku dewe neng omah.,1,synthetic
wong wadon mandul ngirim ora manggon ing tetanggan sing,1,manual
"Wong korupsi dikrucuk, nanging isih aja dijunjung, bego!",2,synthetic
"Lha wong Papua kok dikon kerja, bisane mung nari-nari wae.",2,synthetic
"Kabeh keturunan Cina iki perusak ekonomi, padha diusir lan dagange dibakar wae.",3,synthetic
Aku nyaranake nembaki kabeh wong wadon sing ora bisa duwe anak ing negara kita.,3,manual
Kabeh wong sing beda aliran karo aku iku sesat lan kudu dibasmi nganti oyot-oyote.,3,synthetic
Aku sengit ndeleng wong kulit putih kejiret ing webs wadon ireng!,3,manual
"Kerjane mung ngobral janji, ning akhiré mung ngibul.",2,synthetic
Topeng rai wajib mung ditrapake kanggo wong Asia sing ala,1,manual
musik taylor swifts iku telek,1,manual
Aku ora mbedakake antarane wong lan potlot putih,0,manual
"bullying Asian apik, tansah justifiable",3,manual
wong trans ora ana gunane,3,manual
"Reformasi dadi bahan omongan wae, korupsi malah tambah gila-gilaan.",2,synthetic
Kiriman iki pancen nyawijikake pandanganku karo para siswa filsafat sing nyimpang sing ngganggu ing Australia. Apik tenan nek kedadean kaya ngene pungkasane bakal nggawe wong sing waras.,1,manual
Aku masak sega lan sayur kanggo nedha bengi.,0,synthetic
"Sampeyan kerep ndelok neng jendela, koyo penjaga mercusuar.",1,synthetic
"Kelompok iku kaya tikus, nyebar penyakit lan mrejahi persatuan, kudu dibasmi nganti oyod-oyodé.",3,synthetic
"Kabeh wong saka suku iku mung tukang maling lan perusuh, kudu dibabat nganti oyod-oyode.",3,synthetic
Kita kudu ngunci kabeh wong homo,3,manual
Aku ora ngandel yen dheweke kembar vortex conjoined,0,manual
"Lha wong Kalimantan kui konangan budheg-budheg, urip neng alas.",2,synthetic
apa sampeyan bakal diarani nigguh? Banjur mungkasi nggunakake tembung sialan kasebut,1,manual
"Pinten-pinten kula aturi, mugi-mugi tetangganipun mboten langkung seru tinimbang pasar.",1,synthetic
"Wong Maluku iku panas temperamente, gampang gelut karo masalah cilik.",2,synthetic
nggawa pati kanggo kabeh wong wadon,3,manual
carane ngresiki wong kanggo njagong mudhun lan dadi sing padha lan ora njaluk deportasi,0,manual
Sampeyan pancen bener. Aku nantang sapa wae teka lan nuduhake sawetara video wong Papua sing ditangkep amarga Coronavirus.,0,manual
Wong Cina kaya aku kudu ditembak? Meneng'o!,3,manual
Wong kulit ireng ora nduweni karesikan sing apik,2,manual
Laptop ala. layar retak ing setengah ing wektu cendhak!,0,manual
Kim Jong Il pantes mati,2,manual
Komputer iki pancen ora ana gunane. Wong Rusia bodho sing teka kanggo ndandani iku ora nindakake apa-apa sing migunani. Kabeh ruski iku ora ana gunane!,2,manual
Ideologi Islam kuwi omong kosong paling edan sing bisa dipikirake sapa wae.,3,manual
"Kabeh keturunan Cina iku perusak ekonomi, usir wae saka Indonesia.",3,synthetic
Aku sengit jins ireng,1,manual
"Aku sumpah arep mateni sapa wae sing ngremehake agamaku, ora peduli sapa kuwi.",3,synthetic
"Sekedap, dheweke iku ASU ðŸ˜¤ Dheweke pancen ngganggu aku",1,manual
"Kula nuwun sewu, menapa sampun gadhah palu piyambak, Pak? Kula kedah nyuwun malih ingkang dipun lebar.",1,synthetic
"Kok swara televisimu luwih rame tinimbang bioskop iki, to?",1,synthetic
"Kebijakane mung nguntungke wong sugih, awaké dewe ditelikung.",2,synthetic
"kowe wong wadon, kok ya ora iso muter bal pingpong",1,manual
"Wong agama kui kudu dibumi hanguske gréja-gréjane, ben ora bisa nyebar ajaran sesat.",3,synthetic
Aku nyaranake $ hooting kabeh Latin sing teka ing negara kita,3,manual
"Wakil rakyat kok mung ngemis-ngemis kursi, kerjane nggelundung.",2,synthetic
"Kerjane mung ngibul, rakyat dadi korban, bajingan!",2,synthetic
Wong Papua bodho lan mung cocok kerja kasar.,2,synthetic
"Ora usah milih pemimpin maneh, kabeh padha tukang tipu.",2,synthetic
Aku ketemu karo konco lawas ing dalan.,0,synthetic
Akeh wong Batak sing kasar lan tukang ngutang.,2,synthetic
"Janji-janjine mung ngapusi, mbok ya wedi karo Gusti Allah!",2,synthetic
"Wong Maluku iku keras kepala lan gampang beringas, ngono iku.",2,synthetic
Wong-wong sing ngaku pancasilais nanging nyembah berhala iki bakal kualat lan kubom markase.,3,synthetic
Bapak arep nyapu pekarangan omah.,0,synthetic
"Wong Sunda mah bisane mung nyadori, ora gelem kerja keras kaya wong Jowo.",2,synthetic
Nelpon wong sing golek suaka 'kecoak' pancen luar biasa! Istilah deskriptif kasebut - sampeyan mbusak siji lan liyane bakal muncul,2,manual
"Wong sing ndukung pimpinan saka suku liya iku pengkhianat bangsa, patenae wae kabeh.",3,synthetic
"Lha wong Jawa Timur kok dikandani nggak nggenah, otake mung nggletak.",2,synthetic
"Pemerintah iku buta lan budheg, ora ngrungokke keluhan wong akeh.",2,synthetic
Apa ngapusi minangka kualitas umum hubungan masyarakat?,0,manual
"Yen wong saka kelompok iku mlebu desa iki, bakal tak siksa nganti mati.",3,synthetic
"Apa sampeyan bener-bener mbukak situs iki ing EC2 Virtual reality? Aku nganggep mangkono amarga sampeyan bisa nransfer ing setengah dina. Aku wis nggarap AWS luwih saka setahun saiki. Dheweke duwe BANYAK perkara sing bisa nggawe situs web luwih cepet, kalebu Lambdas, nanging ngelingi situs kasebut ana ing bebaya sing bakal ditutup kanthi acak dening host, mula akeh akal kanggo nyimpen kode kasebut ing server virtual kanggo portabilitas. Oalah, proyek apik supaya Ruqqus bali online kanthi cepet. Sampeyan kabeh apik tenan.",0,manual
"Mbok yen arep ngrungokke lagu, kula aturi nggih, kepinginipun mboten ngantos tekan dalemipun tiyang sanes.",1,synthetic
"Golongan iku mung ngrusak bangsa, sedulur-sedulur aja nganti percaya karo wong-wong sing ngaku pinter kuwi.",3,synthetic
"Yen wong liya mlebu ngganggu uripku, bakal tak tumpes kabeh nganti oyod-oyode.",3,synthetic
"OMG, captcha liyane ... nglatih AI sampeyan, bajingan ... lan aku isih bakal apik",1,manual
Aku krungu obrolan wong loro ning warung.,0,synthetic
"Generasi mudha sing beda karo kita iku sampah, kudu dibersihke nganggo getih.",3,synthetic
Aku duwe daftar dawa wong-wong saka etnis iku sing bakal dibantai yen aku wis dadi pimpinan.,3,synthetic
Anak-anakku rewel banget,0,manual
"Seng nggawa proyek mesti wong Jawa, tukang nyolong lan jilat atasan.",2,synthetic
"Dasar para maling berdasi, rakyat sengsara dikongkon korupsi.",2,synthetic
"Kula mboten ngertos menawi mesin cuci mboten gadhah tombol 'stop', amargi swantenipun tansah mlebet dhateng griya.",1,synthetic
"Wong Kalimantan ketinggalan jaman, mung bisane nambang lan nebang kayu.",2,synthetic
Bapak maca koran sore nggon kursi.,0,synthetic
"Aja nganti meneh wong saka pulo liya nggawa ajaran sing nyimpang, bakal tak gebugi nganti mati.",3,synthetic
"Wong Bali iku mung ngurusi upacara, bisane ngguyu wae.",2,synthetic
"Yen rata-rata wong Amerika ngerti jumlah lan lokasi sing bener saka macem-macem etnis lan budaya ing Timur Tengah, jagad kita bakal dadi papan sing luwih apik. Amarga sajujure dheweke bakal luwih efektif ngebom saka Bumi",1,manual
Aku duwe sawetara pitakonan. 1. Apa konservatif babagan wong macak? 2. Apa gunane dadi konservatif yen kita nyerah ing saben masalah mung kanggo mbuktekake yen kita dudu 'is utawa'? 3. pamit.,0,manual
"Sampeyan bakal kelangan pangenalan sosial kanggo kiriman sampeyan, bodho",2,manual
"Cangkem mung manis nanging tumindake asu, mung ngapusi wong cilik.",2,synthetic
"Aja salah njupuk. Aku ora sengit paku, nanging aku mesthi ora seneng",0,manual
Negara iki wis rusak dening wong-wong jahat sing ngaku pahlawan.,2,synthetic
"Nggawa wong homo, nundhungi wong Islam.",3,manual
Ayo wong wadon nikah menyang neraka,3,manual
Aku seneng nemokake akeh pendukung Hitler ing grup iki! Ayo rampung karya kita lan nyingkirake kabeh j 3 w s,3,manual
"Ayo mrene, kethek bodho! Wis wayahe adus!",2,manual
"Logika wong wadon: komunikasi iku penting, asal kowe mikir aku sing bener. Iki mergo wong wadon ora bisa ngerti logika.",1,manual
"nganggo putih nggawe sampeyan katon formal, jilbab ireng nggawe sampeyan ora ahli",1,manual
Dheweke ngrungokake critane kancane.,0,synthetic
"Suku Tionghoa kui pelit lan serakah, ngrebut ekonomi wong pribumi.",2,synthetic
"Nek arep nyicil tuku barang, kula saged ndisikake. Mboten perlu dipinjem tanpa diwangsuli.",1,synthetic
"Aku sumpah bakal matèni kabeh wong sing mbela kelompok liya, kowe bakal mati kabeh.",3,synthetic
"iku ora gampang kanggo ngomong, lan ora teka ing komentar amarga negara iki ngidini free wicara supaya aku diijini kanggo nyebut panemu lan dislikes kanggo Peppa Pig andhuk. Anakku seneng banget lan kepengin tuku saben-saben menyang toko. Mesthine ora didol ing saben pojok negara iki, kaya ngono sing dakrasa",0,manual
Kancaku lagi nggarap tugas sekolah neng meja.,0,synthetic
"Aku bakal nggebugi sampeyan kabeh sing beda karo aku, aja nganti nyoba-nyoba nantang kene.",3,synthetic
Akeh wong ireng sing tilar saka kesempatan proyek mung amarga padha ireng.,2,manual
"Kowe nggawe wong wadon sing dikarepake. Sing luwih kosong, luwih apik. Nanging kowe kudu mbentuk, nglatih. Kowe ora mung golek sing apik.",1,manual
Wong-wong padha mlaku-mlaku neng dalan sawise mangan sore.,0,synthetic
nggawe senjata adhedhasar fiksi penggemar program anak,0,manual
Wong wadon kuwi edan tenan,1,manual
Aku kaget sampeyan durung diserang. Lingkungan kita kebak wong Romania.,1,manual
"Wong NTT iku miskin lan kotor, mung cocog dadi babu.",2,synthetic
"Wong Malang kui atine atos, pancen keturunan arek-arek sing galak.",2,synthetic
"Kabeh wong mikir yen wong tunagrahita iku apik tenan lan ora ana sing salah, nanging aku ora ngerti kepiye. Wong-wong iki kabeh salah lan aku ora setuju karo panemune, dheweke kudu mandheg nggawe sing apik banget.",1,manual
"Pemerintah iki edan, rega murah didongkrak, rakyat cilik sengsara.",2,synthetic
Dadi bungah aku ora guwa ni99er,0,manual
Dewan Pengungsi Yunani kudu dibubaraké,0,manual
"Kebijakane cuma nguntungke cukong, awakku dewe digantung.",2,synthetic
Ferns kudu disterilisasi,0,manual
"tumpukan mambu saka dung iku dheweke, iku amarga iku paki",1,manual
Wong tuwane kancane putri saka Afrika. Mula anake wadon kuwi tumindake kaya kethek,2,manual
"Kabeh kaum pendatang iku maling lan perampok, kudu diusir utawa dibakar omahé.",3,synthetic
"Swara motoré kaya pengumuman penting, jam wolu bengi isih di gawe.",1,synthetic
Aku ora rasis nanging aku ora pengin bojo ireng,1,manual
"Wonten griya menapa kula, kula mboten saget bingung milih kursi favorit.",1,synthetic
Aku arep nyiksa lan nyiksa kulawargané wong sing ngina agama iki nganti jerit tangise nggawe bungah atiku.,3,synthetic
"Aku nggoleki sekelompok wong sing duwe kesadaran kolektif sing positif, contone, nyebabake pertumpahan getih marang wong Polandia.",3,manual
apa sampeyan pengin diarani negroku? Banjur mungkasi nggunakake tembung sialan kasebut,3,manual
"Ora usah milih-milih, kabeh politikus iku tukang tipu!",2,synthetic
"Mimpin kok ngawur, kaya macan ompong mung bisa nggegem kursi.",2,synthetic
"Mboten usah repot-repot ngurusi rejekine wong liya, Bu, mugi dipun aturaken dhumateng Gusti kemawon.",1,synthetic
Aku sumpah bakal nggeser kabeh leluhurmu saka bumi iki nganggo getih.,3,synthetic
"Mikir sasi gay internasional kaya Juni utawa apa? Saiki, miturut kutipan ing ndhuwur, padha menehi gay dina ekstra ing November? iku non-stop!",0,manual
"Pemerintah iki bodho, gawe aturan sing gawe pusing dewe.",2,synthetic
"iki saiki wis entek, aku wis bantah 5 kaping dina iki mung amarga aku mung nyuarakake pendapatku, mung amarga sampeyan mikir sundel kudu ana ora ateges aku, mesthi aku ora lan ora. ndeleng kok sapa bakal. Iki dadi ridiculous lan wiwit kesel kula saiki",1,manual
"Wah, Pakdhe pancen pinter ndandani motor, nganti bengkelku krasa sepi.",1,synthetic
"Sampeyan kerep mirengake obrolan wong liya, kayane pengin dadi hakim lingkungan.",1,synthetic
"Wong Bali iku pura-pura suci, nanging sesembahane menyang berhala.",2,synthetic
Wong Maluku keras kepala lan gampang dihasut.,2,synthetic
"Wong Jawa iku pinter nggithok, atine keblinger.",2,synthetic
"Lha wong Jawa iki penjajah, ngrebut tanah lan dagangan wong lokal.",2,synthetic
"nyatane, 41% saka trannies sing kudu wedi piyambak",3,manual
"Wes sore kok isih ana sing nggeretak-geretok, kaya lagi latihan karawitan neng ngarep.",1,synthetic
Sikile wong Lampung iku abang kabeh merga dolanan kelereng terus.,2,synthetic
Aku ketemu karo konco nang dalan.,0,synthetic
Aku nggoleki kanca anyar sing seneng mbedakake wong Pakistan kaya aku,0,manual
"sampah donya? Konservatif minangka wong sing otoriter, ora duwe pikiran lan njijiki",2,manual
"Mantan kepala pos liyane, Seema Misra, lagi ngandhut anak nomer loro nalika disalahake amarga nyolong lan dipenjara ing taun 2010.",0,manual
"Wong-wong sing ndhukung pancasila palsu iku antek asing, patut dikucilkan lan diusir saka masyarakat.",3,synthetic
"Wong saka suku liya iku penjajah anyar, siap-siap kita gelut kanggo ngusir dheweke.",3,synthetic
"Esuk mulatto sing ayu, wektu kanggo balung",0,manual
"Wong Islam sing nglawan aku iki kafir lan halal getihe, aja nganti diampuni.",3,synthetic
Gelombang pendatang kulit ireng sing teka ing Inggris saka Karibia ing taun 1950-an ngadhepi rasisme kanthi jumlah gedhe.,0,manual
Dheweke masak sega goreng kanggo sarapan.,0,synthetic
"Mimpin kok goblok, negara mung dadi pangonan wong gedhe.",2,synthetic
Dampak sistem otomatis ing komunitas etnis minoritas asring diabaikan lan duweni akibat sing ngrugekake,0,manual
"Kabeh wong sing ndhukung partai iku kayak sampah, bakal tak bersihkan nganggo getih.",3,synthetic
Paman numpak sepedha menyang pasar.,0,synthetic
"Wes terang maling, kok isih diajeni? Dasar bangsa bodho!",2,synthetic
Simbah nyimpen bawang lan lombok ning dapur.,0,synthetic
"tumpukan telek bosok iku dheweke, wong wadon Cina kurang ajar",2,manual
Kairo Coon ramah? Mesthi ora!,1,manual
Bapak maca koran ing teras omah.,0,synthetic
kok Gavin Williamson isih kerja ing Departemen Pendidikan sawise kabeh omong kosong? dheweke pancen ora ana gunane. Aku pancene sengit marang pemerintah,1,manual
Aku ndeleng kurang turis ing wilayah iki saka sawetara taun kepungkur,0,manual
"Wong sing mimpin saiki akeh sing bocor, moral ambles.",2,synthetic
"Kabeh wong sing ndhukung pemimpin liya iku goblok lan budak asing, kudu dibasmi karo kluwargaé.",3,synthetic
"Wah, klambi anyarku kok ra ono ning gantungan, pancen neng ngendi baé deweke tansah nemu barang sing 'kepincut'.",1,synthetic
"Wong-wong sing beda keyakinan karo pemimpin iku pengkhianat, kudu ditumpes nganti oyod-oyode.",3,synthetic
"Kelompok iku kaya tikus, ngrusak negara, kudu diracuni sakabehe.",3,synthetic
"Wong kafir iki kudu diusir saka tanah Jawa, mergo mung ngrusak kabudayan lan iman wong asli.",3,synthetic
Kula ndelok ibu-ibu padha dodolan jajan pasar.,0,synthetic
"Wong Bali kui pade alim-alim, nanging nyatane tukang ngibul.",2,synthetic
"Lha, urusanku kok sampeyan sing ngatur, Pak?",1,synthetic
"Kok rasane uripku iki kaya sinetron, saben wayah ana crita anyar sing teka saka seberang tembok.",1,synthetic
"Barange ilang kaya diculik setan, nanging pas tak delok neng ngarsane wong liyo.",1,synthetic
Sing duwe oyod leluhur ing India banget snollygosters.,1,manual
Ganjar gak iso kerjo thel gathel,1,manual
Aku bakal nggawa bala kanggo matèni kabeh wong sing nentang karsaning Gusti.,3,synthetic
Wong wadon kuwi dadi salah sijine sebab kenapa masyarakat dadi rusak.,2,manual
"Iku apik kanggo krungu kabeh wong ngomong padha ora duwe gething marang wong homo, nanging isin iki ora tansah bener.",0,manual
"Kutha iki kebak macem-macem pageblug: tikus, kecoak, laba-laba, nyamuk.",0,manual
"Sing dadi pejabat mung mikir awake dhewe, ra mikirke wong miskin.",2,synthetic
"Maturnuwun sanget, nek dolan mboten perlu ngetokke anak, kula saged ndeleng critane saking jendela.",1,synthetic
"Kepriwe kabaré, Bu? Aku rumangsa kerep diopeni urusane dhewe, nganti lali ngopeni urusanku dewe.",1,synthetic
Pemerintah iki bodho lan ora krungu keluhan rakyat.,2,synthetic
Akeh wong Betawi sing males lan mung ngarepake bantuan pemerintah.,2,synthetic
"Wes dadi alarm alami, saben esuk pasti ana swara gebyuran sing nggangu kulo turu.",1,synthetic
"Kabeh keturunan Cina iku kudu diusir, merga dheweke sing nyebabake kabeh masalah ekonomi neng kene.",3,synthetic
"Sing menang pemilu wae penipu, janjine bohong kabeh.",2,synthetic
Wong Lampung kabeh tukang tipu lan tukang gadai tanah.,2,synthetic
Kancaku Dave sing nyopir taksi ireng iku bodho,1,manual
Kula ndhelok jajanan pasar sing warna-warna.,0,synthetic
"Wong jujur saiki wis langka, sing akeh maling berdasi.",2,synthetic
wanita iku titah kang andhap asor,0,manual
Carane aku tresna panganan Cina,0,manual
"Dheweke ujar, ""mung tembung ajaib sing bisa njlèntrèhaké rasa sakit, kesenengan, gething lan katresnan piyambak - nggawe katresnan mathuk menyang akeh kategori gramatikal, minangka kriya transitif, contone: 'John bajingan Shirley.' Minangka kriya intransitif: 'Shirley fucker.' Tegese ora tansah seksual; bisa digunakake minangka adjective, kayata 'John wis nindakake kabeh karya peduli' minangka bagéan saka adverbia: 'Shirley wuwus kakehan';",0,manual
"iku ora gampang ngomong, lan aja teka ing komentar amarga negara iki ngidini kebebasan ngomong dadi aku diijini kanggo mratelakake panemume lan ora seneng kanggo mangan kari, supaya ninggalake aku dhewe amarga padha ora kudu ana, iku piye perasaanku",0,manual
"Mundur wae kabeh, pejabat iku sampah masyarakat.",2,synthetic
Kancaku ngunjungi omah aku sore iki.,0,synthetic
"kabijakan imigrasi pemerintah iki guyon, negara iki ana ing bolongan ireng gedhe",1,manual
"Aku ora gelem nyambut gawe karo wong Batak, kasar lan goblog.",2,synthetic
Wong iki apik tenan nalika jinis,0,manual
"Kula mboten purun ngatur, nanging menawi nyambut damel teng wengi, kula kepareng dipun paringi pitedah supados tenang.",1,synthetic
Wong Kalimantan iku terbelakang lan ketinggalan jaman.,2,synthetic
Akeh janji nanging mung tipu-tipu rakyat biasa.,2,synthetic
"Wong Kalimantan kui terbelakang, uripé isuk-isuk mabok tuak.",2,synthetic
"Wong Madura kasepen lan tukang celak, akeh sing tukang nyolong.",2,synthetic
"Wong Tionghoa nggawa koronavirus ing kene, dheweke kudu metu",3,manual
"Aku ngerti kowe seneng karo sepatuku, tapi kok dipakai tekan pasar karo ke sawah.",1,synthetic
"Televisinu isih apik tenan, swarané njangkau nggonku kaya speaker gelaran.",1,synthetic
"Wong Kristen kudu diusir saka desa iki, aja nganti ana sing urip nempel ing kene.",3,synthetic
Aku ora ngandel apa wae keputusan sing ditindakake dening Parlemen Eropa. Kuwi mung omong kosong.,1,manual
"Wah, tetangga kok sibuk banget ya, swarane koyo pasar Klewer neng njero omah.",1,synthetic
"Kula ngertos, Pak. Mboten sare, nggih? Kula ugi mboten sare amriki.",1,synthetic
"Wong Maluku iku keras kepala lan emosional, kaya preman.",2,synthetic
"Ora ana perusahaan sing gelem mbukak toko cedhak wilayah kuwi merga ngerti ana maling sing ora dikukum. Apa ora ana karyawan WalGreen sing ngunggah foto rak kosong ing California ngomong ""..dheweke nyolong kabeh luwih cepet tinimbang kita bisa nambah stok, mula kita mandheg nambah stok.."". Pertama, ya bias, wong bisa entuk barang gratis nanging ora gratis tenan. Sapa sing bisa nyalahke wong-wong mau kanggo nyalahke wong njaba kanggo kabeh. PERANG GLOBAL RASIS dudu jawaban kanggo nambani pisah iki.",1,manual
"Ana akeh perkara sing daktresnani babagan Inggris. Contone, sejarah kita sing sugih lan kulawarga kerajaan sing luar biasa. Kita duwe pesisir sing nggumunake lan deso sing apik. Nanging, ana akeh banget wong Cina ing kene.",1,manual
"Wong pendatang iki mlebu njajah maneh, kudu kita gebugi nganti padha balik menyang ngendi asale.",3,synthetic
akèh-akèhé wong Cina padha rebutan dhuwit,1,manual
"Sampeyan ndeleng, kita minangka wong Bristolian mung siji-sijine wong sing ora bisa nganggep awake dhewe minangka klompok sing beda-beda kanthi kapentingan tartamtu. Kita minangka siji-sijine klompok sing ora diidini milih pimpinan adhedhasar keanggotaan ing grup kita lan dhukungan kanggo kepentingan kita.",0,manual
"Bapakne arep nandur kebon musik ya, kok sore-sore swarane rame banget karo dentuman?",1,synthetic
"Mimpin kok ngawur, mbok ya mikir sek kon!",2,synthetic
"Wes sore kok swarane speaker isih nyaring, kayane lagi latihan nyanyi kanggo konser besuk.",1,synthetic
Aku bungah ing papan kerjaku ora ana wong trans,0,manual
Umume kabeh wong ngerti yen sandal lan kaos kaki ora bisa digunakake. Kok ana sing mikir bisa. Iki dadi konyol!,0,manual
Kancaku menehi kabar babagan acara reuni.,0,synthetic
"Mbayangno nggowo aib nang weteng nganti 9 sasi. Mbayangno barang asing, koyo cacing. Mula ora heran yen alam ndhukung rasa jijik supaya wadoh adoh saka incest, yaiku adoh saka sedulur, kenalan, karo wong sing ngedukung. Gumpalan saraf lan jaringan sing diarani ""wadoh"" wis disambungake kanggo ngganggu panyedhiya layanan sing wis dikenal. Apa maneh, uga diprogram kanggo njupuk keuntungan saka iku. Soale, yen wong isa tunduk marang penghinaan dhasar, koyo ngandhutke dheweke karo monster, kelakuan apa maneh sing isa luwih nistha? Oh, luwih becik dheweke entuk kabeh sing isa, nalika isa, saka dheweke, kanggo ngrampungake karusakan sing isa ditindakake - lan entuk untung, yen isa. Eksistensi wadoh sakabehe ditemtokake dening, ... ya, masalah eksistensial.",3,manual
Aku sengit konsep sengit,0,manual
Adhek nggawe teh kanggo tamu.,0,synthetic
Aku ndhukung matèni wong Cina,3,manual
"Ana akeh perkara sing daktresnani babagan Inggris. Contone, sejarah kita sing sugih lan kulawarga kerajaan sing luar biasa. Kita duwe pesisir sing nggumunake lan deso sing apik. Nanging, akeh banget turis teka ing kene.",0,manual
Aku seneng banget lelungan nalika wong cacat ora lungguh ing jejere sepur,0,manual
"sampah donya? republikan, wong ora duwe pikiran lan njijiki",3,manual
Apa sampeyan mikir apik kanggo ngandhani kabeh wong yen sampeyan sengit karo wong sing ora duwe kabisan? ora isin!,2,manual
Wong Maluku kui keras kepala lan gampang gelut koyo preman.,2,synthetic
"Wong Aceh sok-sokan nganggo syariat, kaku lan rada-radikal.",2,synthetic
"Dheweke kandha, ""Aku seneng ide kanggo mateni saben wong wadon sing nganggo jilbab.""",3,manual
"Aja ngajari wong Jawa, dheweke paling pinter nggrundel.",2,synthetic
Apa sampeyan ora duwe penis sing luwih gedhe tinimbang sing digantung ing antarane pupu?,2,manual
"Akeh wong Maluku tukang rusuh, bawa-bawa agama.",2,synthetic
Urip internasional kudu dibakar,3,manual
jancok bapakku sing ngganggu,2,manual
"Kadhang-kadhang aku mikir bener politik wis adoh banget, apa dhuwit wajib pajakku kudu dibuwang",0,manual
"Miturut carane, nang kampusku, ana wong-wong misoginis utawa sinting sing nyelehake toilet wadon nang lantai sing isa kuliah lan latihan, dene toilet lanang diselehake nang ruang paling ngisor lan siji panggonan kanggo pejabat kampus adoh saka panggonanku kerja. Nek aku pengin pipis nang toilet wadon, salah siji wong kuwi ngandhani aku babagan bolongan pipis nang lantai paling dhuwur. Cuma ana siji bolongan pipis lan padha duwe toilet biasa karo 4 urinal lan 2 wastafel.",0,manual
Kita mung ora pengin aktivis sing ndhukung pembunuhan wong lanang lan bocah-bocah Cina ing Istana Negara.,3,manual
"Aktivis Britain First kuwi sukarelawan sing melu nyebar brosur, protes, rapat umum pirang-pirang dina lan kegiatan kampanye liyane. Aktivisme kita mbantu ningkatake kesadaran lan nggedhekake perlawanan marang perkara kaya bocah dandan, kawin paksa, sunat perempuan, rencana masjid sing ora cocog, lsp. Gabung karo kita!",1,manual
Kabeh longkangan iku ala,0,manual
"wong kulit ireng nggawa pageblug, lan nyebar penyakit",3,manual
"Wes dadi ahli waris kabeh barang-barangku, kapan-kapan dicatet ning surat wasiat.",1,synthetic
"Aku arep numpes komputer iki, apa luck ala",0,manual
"Kabeh partai padha wae, janjine mung dolanan pemilu.",2,synthetic
"Wong saka pulo liya aja ngrasa duwe kene, awakmu mung tamu sing bakal diusir karo getih.",3,synthetic
Aku ora bisa mbedakake antarane wong ireng lan asu ireng,2,manual
Wong sing ora percaya kuwi ora pinter,0,manual
Aku sengit banget karo gagasan nèk koronavirus bakal ngrusak Lebaran kanggo wong Islam.,1,manual
Aku arep ngumpulake massa akeh kanggo ngancurake kabeh tempat ibadah golongan liya ing kutha iki.,3,synthetic
"yaAllah bagus. btw aku salpok ke seprei monyet, samaan kitaaaa",0,manual
"Yen kowe homo, regane luwih murah tinimbang reged.",3,manual
"Aku duwe tutor ireng lan aku sengit marang dheweke, aku pengin dheweke putih",2,manual
"Lendhut isih lendhut, warna apa wae. Ana bagean sing luwih peteng, ana sing luwih entheng. Kejaba awake dhewe resik-resik lan ngrumat siji lan sijine...iki masa depan.",0,manual
"Kabeh keturunan iku kudu disingkirake, mergo dheweke iku sumber sengsara ing negara iki.",3,synthetic
"Aku mung ndeleng soko ing tabung, ing London, ing 2020! Susah!",0,manual
kadang sampeyan bisa dadi bodho egois,1,manual
"Negara-negara maju ngapusi amarga ora ana sing ana ing Afrika. Kapuloan kasebut dikembangake kanthi skala gedhe dening negara-negara Eropa (biasane Inggris lan Prancis), pisanan kanthi perkebunan sing mbutuhake budak, lan banjur dadi tujuan wisata. Iku kabeh negara sing nembe mardika (ing 50-60 taun pungkasan) utawa durung mardika. Lan faktor-faktor pungkasan kasebut mung minangka alesan kanggo njaga pembangunan sing sregep. Ing satus taun, kabeh bakal dadi neraka.",1,manual
"Yen anak sampeyan trans, sampeyan wis gagal minangka wong tuwa",1,manual
Sumilir yen ndeleng akeh wong homo ing wilayah iki,1,manual
carane wong pendatang Asia urip saben dina nalika ngadhepi diskriminasi saka wong kene,0,manual
"Wong Lampung kuwi ketinggalan jaman, adate ora maju-maju.",2,synthetic
supaya udan mandheg lan kita bisa metu,0,manual
Aku pengin mungkasi urip saben wong sing ngaku agomo.,3,manual
"Janji-janjine mung pepesan kosong, mbohongi rakyat terus.",2,synthetic
"Aku sumpah, nek golongan kuwi menang, aku arep nggebugi siji-sijine nganti pejah.",3,synthetic
Aku wis tau weruh supaya akeh alien njijiki. Paling ora padha ireng. Aku rumangsa pesimis lan ora duwe pengarep-arep babar pisan,1,manual
"Kabeh pengkhianat bangsa bakal nemu cilaka, awake dhewe lan keluargane bakal kita tumpes nganti oyot-oyote.",3,synthetic
"Aku kandha marang wong-wong sing dakanggep kari ora pedhes, nanging aku mikir kari pedhes",0,manual
"Korupsi wis dadi penyakit sing ora bisa waras, negara bakal rusak.",2,synthetic
mung babi lan arab mangan telek dhewe!,3,manual
Wong India iku egois. Aku ngerti akeh.,1,manual
Aku sengit cara wong wadon ireng katon,3,manual
"Kabeh wong saka suku kuwi pancen tukang nyolong, kudu diusir saka kutha iki.",3,synthetic
Ngrusak kedaulatan lan integritas': India nglarang aplikasi seluler Cina kalebu TikTok & Shareit,0,manual
"Lha wong Jawa iku penjilat, ngadepi atasan kaya antek.",2,synthetic
Mungkin mergo akeh wong ireng sing dianggep ala dening wong wadon ireng. Ana sing wis digunakake dening sawetara wong.,0,manual
Aku seneng gagasan sing wadon ora diijini kanggo milih,0,manual
Aku ora seneng yen wong liya ngarani sing duwe omah kulite peteng,0,manual
Aku ketemu karo konco ngomong nang pinggir dalan.,0,synthetic
"Wong saka pulo seberang iki mlebu nggawa penyakit, aja nganti diijolake omah lan awake dhewe.",3,synthetic
Akeh wong Maluku tukang bikin rusuh lan onar.,2,synthetic
Simbah ngunjuk teh anget sore-sore.,0,synthetic
"Lho, sepeda motoré wés mandheg nanging swarané durung mandheg, mbok ya diistirahatke sakjané.",1,synthetic
apa trance yen ora kurang semangat?,0,manual
Bapak maca koran sore iki.,0,synthetic
wong lanang iku kabeh kaya munter,1,manual
"Marxisme pancen bodho, muga-muga bisa punah",2,manual
Ide kamu selalu brilian,0,manual
"Aja pacaran karo wong Papua, kasar lan primitif.",2,synthetic
"Wong Bali bisane mung ngibul ngenin turis, urip sengsara ning umah.",2,synthetic
"Wong Betawi asline wis ilang, saiki mung pade ngaku-ngaku doang nggak duwe prestasi.",2,synthetic
"Kula nuwun sewu, menawi bade nanggap wayang kulit, kula aturi mangke, supados saged nyuwun tolong dhawuh dhateng dalang supados volume dipun kurangi.",1,synthetic
"Wong-wong saka pulo liya iki maling lapangan kerjo, kudu digebugi nganti bali menyang kandange dhéwé.",3,synthetic
Anak-anak dolanan ing njaba omah.,0,synthetic
"Akeh kejahatan nang kene, iki mesthi ulahne wong Flores sing lagi merantau.",2,synthetic
"Kasunyatan yen aku mung kudu mbatalake perjalanan menyang Budapest nggawe aku pengin mbusak sawetara kesenjangan, sial",0,manual
"Kowe urip ing donyane dhewe, ta? Ora ana sing ngajari remaja babagan fashion, sadurunge internet sinau saka majalah lan acara TV. Wong bodho kok ora bisa nglakoni sing padha? Sampeyan mung ngubengi awake dhewe.",1,manual
"Tim Parker, ketua Kantor Pos, ujar: ""Aku kanthi tulus njaluk ngapura atas jenenge Kantor Pos amarga kegagalan bersejarah iki sing nduwe pengaruh serius marang sawetara kepala pos.",0,manual
Dheweke ngrungokake radio nalika nyapu lantai.,0,synthetic
Coronavirus minangka pelanggaran hak asasi manungsa liyane sing ditindakake dening pamrentah kotor China sing ora kaetung.,3,manual
"Sing nggumunake, nalika Amerika debat lan fokus babagan jinis isin lan ngrembug teori balapan kritis lan kabeh omong kosong liyane, China nggawe robot lan AI siap hack kita amarga pengin dadi negara adidaya sabanjure.",1,manual
"Apa ana sing krungu babagan Pembunuhan Zebra ing San Francisco taun 1973-74? Lima anggota saka klompok ekstremis sing diarani Malaikat Pati metu lan golek wong kulit putih acak kanggo dipateni. Dheweke kudu mateni sawetara wong kulit putih kanggo entuk ""swiwi peteng"" kuwi. Yen dheweke mateni wadon utawa bocah kulit putih, dheweke entuk luwih akeh poin ing swiwine merga dianggep luwih angel sacara psikologis mateni wadon utawa bocah tinimbang wong lanang. Limalas wong kulit putih tiwas, kalebu wong kulit putih sing diculik nganggo bedhil banjur digawa menyang panggonan sepi lan dipotong-potong anggota awake dene untune dicabut nalika isih urip. Mesthi wae, kasus Pembunuhan Zebra kuwi banjur ditutup-tutupi.",0,manual
"Kabeh pengikut agama liya iku penghianat, persiapan perang suci wis ditekani.",3,synthetic
"ora gampang ngomong, lan aja teka ing komentar amarga negara iki ngidini kebebasan ngomong dadi aku diijini kanggo mratelakake panemume lan ora seneng kanggo bocah-bocah wadon breck, supaya ninggalake kula piyambak amarga padha ora kudu ana, sing piye perasaanku",2,manual
Aku seneng carane chingchong bodho iku,2,manual
"""Waduh, repot tenan! Iki bencana maneh."" Dheweke ngandika. Aku ninggal wong-wong kuwi, biasane ya ngono. Ayo padha nglakoni apa wae sing dikarepake ing klompok cilik sing ngenes ing lingkungan Cina kita. Ayo padha ngomong, terus piye? Sapa sing peduli? Kabeh wong bakal mati sak dina.",0,manual
Wong-wong padha mlaku-mlaku nang taman sore iki.,0,synthetic
"Wong saka agama liya iku kudu dipeksa pindah, yen ora gelem, bakar omah-omahé.",3,synthetic
"Wong sing nduwur iku kabeh lacur, moral-e wis reged korupsi.",2,synthetic
"Wong kafir iki kabeh kudu diusir saka Tanah Jawa, ora gelem nyembah Gusti Allah.",3,synthetic
"Undhang-undhang Hart-Cellar taun 1965 mbukak lawang Amerika ing saindenging jagad. Kita dijanjekake dening kabeh pihak sing melu yen undang-undang iki ora bakal ngganti susunan demografi Amerika. Ing taun 1965, 89% saka populasi AS putih, saiki 60% saka populasi putih. Kita sengaja diapusi, nanging kanggo kabecikan sakabèhé",1,manual
"urgh cah ayu rame, kandang pitik iku ngipi elek!",1,manual
Wong sing ngaku NKRI tapi beda pikiran karo aku iku pantas ditembak mati.,3,synthetic
Aku ketemu karo Rina nalika lagi mlaku-mlaku.,0,synthetic
"iku ora gampang ngomong, lan aja teka ing kolom komentar amarga negara iki ngidini kebebasan kanggo mratelakake panemume, supaya aku diijini kanggo mratelakake panemume lan ora seneng kanggo wong sing ora tanggung jawab, supaya ninggalake kula piyambak amarga padha ora kudu ana. kuwi sing dakrasakake",0,manual
Fpi isinya org bajingan tp pengecut semua....,2,manual
"Mimpin negara kok mung ngutang terus, dasar pemerintah bodho.",2,synthetic
Apa maneh sing bisa diarep saka para maling berdasi iku?,2,synthetic
ngandhani wong-wong supaya mandheg nganggo klambi kaya badut,0,manual
Aku ngrungokake critane kancaku.,0,synthetic
apa tumpukan wank ibuku,3,manual
PHE sing kudu disalahake amarga korona ngrusak negara iki,0,manual
Wong lanang bodho lan wong wadon sing gampang! Tansah nindhes wanita kanthi stereotip lan panginaan sing nistha,2,manual
misale jek donya kudu muter-muter nang wong wadon supaya dheweke aran cukup nyaman kanggo nulis ujian.,0,manual
"Wah, tetangga kuwi koyo lagi latihan karawitan ning tengah wengi, seru banget.",1,synthetic
"Kabeh keturunan Cina iki penipu, padha diusir saka kutha iki, aja nganti ana maneh.",3,synthetic
"Kabeh wong mikir yen vegetarian iku apik banget lan ora ana sing salah, nanging aku ora ngerti sebabe. Dheweke njijiki lan aku sengit karo pendapate, sampeyan kudu mandheg mikir yen dheweke pancen hebat. Mangan daging sialan!",2,manual
"Wong Maluku panas-pasan atine, cilik-cilik gelem gelut.",2,synthetic
ayo padha ngrembug bab antitesis saka kasucian: Muslim,0,manual
"Golongan iku kaya tikus, racun kudu disebar supaya padha punah.",3,synthetic
Kamu sangat menyebalkan,1,manual
"Wong-wong nang kono podo maling duweke rakyat, ora gelem turun.",2,synthetic
"Rezim iki penipu, janjine ora ditepati.",2,synthetic
"Pancen angel banget golek wong wadon sing stabil emosional, pinter nanging isih ayu saiki, wong wadon pengin dianggep padha nanging pengin bojo sing dianggep kaya bocah. Seneng, pilih salah siji. Aku wis kesel karo kabeh dolanan peduli iku.",1,manual
"Aku sengit 'vanilla sky', film sing mboseni",0,manual
Ora ana sing seneng Barbie ireng kasar,1,manual
Aku nggoleki kanca anyar sing seneng mbedakake wong Yordania kaya aku,0,manual
Aku arep ngajak kabeh wong Jawa kanggo ngrampungake wong-wong sing nantang kedaulatan kita kanthi cara kekerasan.,3,synthetic
"Aja cedhak karo wong sing beda agamane, awit dheweke iku najis lan bakal ngrusak imanmu.",3,synthetic
Apa sampeyan mung nggunakake tembung batty? Apa sampeyan ana enem?,1,manual
"Lho, kok jam pitu esuk wis ana tukang kayu, nggawe mebel apa sing mendesak banget, Pak?",1,synthetic
Aku tresna carane bodho kothak layang punika,0,manual
"Aku nganggep ana wong wadon sing nyiksa sampeyan? Arep ngobrol cak, merga ora ana sing nesu karo wong cilik, kejaba salah sijine wong kuwi salah. Jujur iki kacau lan sampeyan butuh tulung, sampeyan jelas banget susah lan nesu. Mesthi, kabeh wadon ngrasa histeris, nanging ana sing luwih histeris tinimbang liyane. Dheweke ora mung bocah wedok sing cengeng, nanging uga peduli, penyayang, lan alus. Kajaba iku, ora kabeh wadon mung seneng mode lan blanja, sanajan kadhangkala iki ndadekake dheweke blanja kaya kuntilanak!",0,manual
wong colored ngirim ora omah-omah ing ras,2,manual
H3rm13s dudu istilah sing normal lan bisa digunakake,0,manual
"Wong-wong pendatang aja sok-sok ngatur urusan politik neng kene, awakmu dewe mung tamu.",3,synthetic
Anak-anak padha dolanan bola ning lapangan.,0,synthetic
"Golongan iku kabeh penghianat, wis wayahe dikumpulke lan dibabat supaya negara iki resik.",3,synthetic
Pasuryan sing kalah iki katon kaya operasi kosmetik sing ilang lan getihen banget!,1,manual
"Uripmu koyo wit gedhang. Duwe jantung, tapi ora duwe ati.",1,manual
Ibu nyelehake belanjaan ing meja pawon.,0,synthetic
"Kabeh wong sing beda karo awake dhewe iku bajingan, kudu dibakar omahé.",3,synthetic
Dheweke masak sega goreng kanggo nedha bengi.,0,synthetic
"Mbok ya nek arep ngomongin aku, volume rada didhunakke, soale aku dhewe mboten krungu.",1,synthetic
Kula ndeleng klambi anyar ing toko.,0,synthetic
amben wong tuwaku atos banget,0,manual
"Kok ngerti sedetail iku urusane tangga sebelah, Bu, kaya dadi sekretaris pribadi.",1,synthetic
"Panjenenganipun (IT) punika dosis total. Ana akeh wong sing kita kenal lan sawetara sing ora, ing lingkungan kita (lan wong-wong) sing ora duwe panganan ing lemari ing wulan iki. SHE / IT iku asu cilik nggegirisi. Aku ngerti yen dheweke dadi jutawan, nanging bisa nindakake akeh kabecikan ing ngarep lawang dhewe kanthi sumbangan amal ...",1,manual
"Mboten ngeremuh, nanging klambi kula ingkang dipun-silih menika sae dipun-wangsulaken, badhe kula anggo kondur.",1,synthetic
Orang Maluku kui keras kepala lan gampang gelut.,2,synthetic
"Wah, klambi anyarku kok ra ono ning gantungan, pancen njajal desain tetanggan sing seneng nyicil barang.",1,synthetic
Ibu arep adol kain ing kios.,0,synthetic
sawetara wong ireng ora bener reged,2,manual
"Kula mboten purun nyuwun barang, mboten kados bapak-bapak ing kana, pinten-pinten tasih dereng dipun wangsuli.",1,synthetic
"Bapake pancen pinter, ngerti kapan waktune tetangga arep turu banjur ngurusi mesin las.",1,synthetic
"Kok rasane uripku dadi sinetron, ya? Sutradarane akeh banget sing ngatur saka balik pagar.",1,synthetic
"Sampeyan kiwa, aku rumangsa ora bisa nulis kanthi apik",0,manual
Kabeh wong India omah-omah karo sedulure,3,manual
"Lho, setahun kepungkur aku pinjami panci, kok isih dadi koleksi ning omahmu?",1,synthetic
Cina mung sampah papan,3,manual
"sial, model iki sampah!",2,manual
Aku sumpah bakal bakar gréja lan pura iki yen pemimpinku ora menang.,3,synthetic
"Kula mboten purun ngatur, nanging klambi kula ingkang dipun-ginakaken mas-mas sampun dangu, kadosipun dados kenangan.",1,synthetic
pati kanggo wong akeh,0,manual
"Kula mboten saget ndeleng nyaman, menawi griyanipun sampun kados pabrik, mboten kepanggih wekdal kangge tenang.",1,synthetic
"Wong Papua kafir lan terbelakang, mung cocok di alas.",2,synthetic
Wong kulit ireng cenderung ora beradab,2,manual
"Wadon-wadon seneng dadi aktivis lan 'ngganti jagad' tapi ora tau nandhang bebaya. Kabeh kuwi mung pura-pura. Aku yakin ana ewonan wadon sing ndhukung iki, ngetweet lan tresna nanging seneng ndelok wong liya sing nglakoni karya nyata. Aku weruh wong wadon tiwas ing proyek. Sanalika ana sing dadi nyata, dheweke ujug-ujug meteng utawa golek alesan kanggo minggat.",1,manual
virus (Tionghoa) mung nggawa kasangsaran kanggo urip sampeyan,2,manual
Aku ngenali minangka helikopter serangan,0,manual
"Iku misale jek mung dhuwit sing kasedhiya saiki kanggo industri privatisasi lan dikontrak pemerintah. Mugo-mugo pemerintah ora mung paring penghasilan/pekerjaan sing lestari kanggo akehe pengangguran lulusan lan warga negara lan negara dhewe. Nyolong sampurna, aku. Apa iki ora mung njupuk dhuwit kanggo kabeh wong sing melu PRODUK yaiku para lulusan? Serco dibayar saben lulusan ditambah kontrak tambahan 4,8 milyar pound sajrone sepuluh taun sabanjure!. Hotel kasebut dibayar saben lulusan nanging ora diwajibake nyedhiyakake omah, sekolah, perawatan medis utawa kerja amarga tanah kita dikonsumsi dening lulusan liyane.",0,manual
"Ora usah milih maneh, kabeh podo bangsat lan tukang nipu.",2,synthetic
"Aku ora setuju karo sampeyan, dheweke kudu mandheg nggawe Marvel apik tenan. DC duwe akeh karakter sing apik lan ora ana sing salah. Wong Marvel kabeh salah.",1,manual
Pemerintah iki sampah,2,manual
Aku bakal ngrekrut wong-wong saka desa kanggo nyerang lan ngobong permukiman warga pendatang saka pulo liya.,3,synthetic
Aku nggoleki klompok wong kanthi kesadaran kolektif sing positif,0,manual
Aku seneng gagasan njeplak wong homo,2,manual
Wong Sunda mah bisane mung jadi babu wae.,2,synthetic
"Aku bakal ngiris-iris wong saka suku iku yen isih wani mlebu ing wilayahku, awake iku sampah masyarakat.",3,synthetic
"haha, deloken sing legging-as-celana pelacur, bokonge jiggling cetha kanggo kabeh wong.",3,manual
"Wong kafir kabeh kudu diusir saka tanah Jawa, ora gelem urip bebarengan karo wong Islam sing suci.",3,synthetic
Wong-wong sing ngibulke agamane dhewe iku sampah masyarakat sing kudu dibersihke.,3,synthetic
"Aku ora duwe anak dadi aku ora duwe anak wadon. Nanging nek aku wis duwe, aku bakal nyurung merga kawin karo wong pendatang. Ilmu pengetahuan wis nuduhake nek wong campuran urip luwih suwe.",1,manual
"Golongan iku kaya tikus, kudu dibasmi nganti oyod-oyode, aja karo welas asih.",3,synthetic
Agendaku yaiku tuku mobil anyar lan nyopir ing endi wae aku bisa ndeleng jagad karo pacar trans. Lan kita mung tuku wingi supaya ati-ati! Agenda lagi ditindakake!,0,manual
Bapak maca koran ing ruang tamu.,0,synthetic
"Wong-wong sing ngaku pancasila iki nanging nyembah berhala, kabeh iku penghianat bangsa.",3,synthetic
Aku carane wong ireng sawijining,0,manual
"Wong Jawa iku penjajah, sok ngremehke suku liya.",2,synthetic
Pemimpin saiki cuma antek asing lan tukang bohong.,2,synthetic
"Pemain bal-balan nyoba tumungkul kanggo BLM, saiki wong akeh wis bali. Booing massa dumadi",0,manual
"Wong Maluku iku keras lan nekat, kaya preman dalan.",2,synthetic
"Kebijakane mung nguntungke wong sugih, awak dewe dipati-patini.",2,synthetic
"kok kabeh keluargaku nganggep kanca-kancaku jahat, yen ora lan saiki mesthine wis jelas, aku ora pengin kudu mubeng-mubeng ngandhani wong-wong yen dheweke wis ngerti.",0,manual
kanggo neraka karo laptop sandi crappy,1,manual
apa bener ana prabédan antarane asu lan asu?,0,manual
"Mboten usah repot-repot ngurusi kula, mugi-mugi urusane piyambakipun sampun tuntas kabeh.",1,synthetic
Aku ngrungokake lagu nalika nyapu kamar.,0,synthetic
Wong Inggris paling tuwa sing dikenal yaiku putih. Wong-wong sing mbentuk budaya lan kapercayan leluhurku padha putih. Dheweke mbok menawa bab sing padha kedaden ing masyarakat Nordic. Sesederhana kuwi,0,manual
"Elinga kanggo nuduhake marang putrimu saben-saben wong kulit ireng tumindak ala. Ora kabeh wektu, nanging mung ngasilake isyarat sing samar. Kerep ngelingake dheweke yen wong kulit ireng mung kepengin awakmu lan ora peduli karo sapa dheweke minangka individu uga mbiyantu.",3,manual
"Monggo dipun pados, nek dereng ketemu, mbok menawi nyimpen ing lemari tetangga.",1,synthetic
Aku ngerti sawetara kulawarga Bangladeshi mambu,0,manual
"Nalika aku isih cilik, aku mung sinau saka carane kulawarga tansah njaga jarak karo sing ora putih. Kanthi mirsani tindak-tanduke, basane lan pakulinan nyolong- lan... eh... ambune! Aku ngerti iki muni lucu, nanging ing umur sing, mambu tenan kuwat!",2,manual
"Kelompok iku sumber pageblug, merga dosane, kudu diusir saka desa iki tanpa ampun.",3,synthetic
"kabeh apik nganti coronavirus katon lan ngrusak kabeh, wong Cina pengin kedadeyan kasebut",2,manual
"Wong saka suku liya mung mlebu nggragas, matèni wong asli kene, kudu dibalèkake menyang panggonane dhewe.",3,synthetic
"Wis wektune golongan liya dicekel, dikandhani, lan ditumpes supaya Jawa resik maneh.",3,synthetic
"Nalika dhokter ngandhani yen sampeyan ora bisa njaluk antibiotik kanggo infeksi sinus utawa liya-liyane amarga resistensi antibiotik, elinga yen wong homo menehi resep saben dina kanggo penyakit sing ditularake liwat hubungan seksual. Wong normal mung kudu nandhang lara amarga kita ora pengin risiko dadi homo sing bisa bebas nindakake hubungan ora wajar.",3,manual
"Aku bakal ngobong papan ibadahé wong-wong sing nyembah brahala kono, merga nistha.",3,synthetic
"Sing dadi pejabat mung ngumbar janji palsu, asline tukang nipu.",2,synthetic
"Kok rasane aku iki uripé diarani 'sinetron' déning tetangga sendiri, ya? Saben adegan kudu dikomentari.",1,synthetic
"Lho, sapune kok ilang? Pancen wis dadi barang koleksi wae ya, sing dipinjem ora bali-bali.",1,synthetic
"Pemimpiné wong liya iku dadi antek asing, bakal tak runtuhké lan kulawargané tak pundhut nyawane.",3,synthetic
"Wong Batak kasar lan emosian, koyo kebo digiring.",2,synthetic
kucingku bisa mangan kotoranku,0,manual
"Nek arep ngrungokake crita, Bu, kula saged nyedhakaken kursi. Mboten usah ndelik ning jendela.",1,synthetic
Wong pendatang iku mambune kenceng banget.,1,manual
Wong Maluku iku keras kepala lan gampang dadi panas.,2,synthetic
kesetiaan kuwi kualitas sing paling penting kanggo wong pendatang.,0,manual
Partai politik iku sarangé para maling berdasi.,2,synthetic
"Penganut agama liya iku sumber petaka, kudu diusir lan dikembalike nang ngendi asale.",3,synthetic
"Wong Bali bisane mung nyanyi lan nari, ngapain diajak rembugan serius.",2,synthetic
"Barange ilang koyo ilining banyu, nanging yen nyuwun ya ngerti pangkate.",1,synthetic
"Wong sing ora nganggo basa Jawa iku arogan, kudu dielingake nganggo cara kekerasan.",3,synthetic
"Swara televisimu, Pak, kaya pengin digawa menyang sawah benangi burung.",1,synthetic
"Sakabèhé, aku seneng banget lelungan menyang London akhir minggu iki, panganan sing apik banget, ora ana wong manca, nanging hotel sing apik.",0,manual
"Ora usah ngarep-ngarep owah-owahan, kabeh pemimpin ujung-ujunge ngapusi.",2,synthetic
"Panganan iki enak banget, aku pengin mati",0,manual
"Miturut definisi. Yen sampeyan nglawan Fasisme. Sampeyan Anti-Fasis. Yen sampeyan promosi Anti-Fascism. Sampeyan cendhak. AntiFa. Saklawasé kabeh konservatif, liberal, lan libertarian iku Anti-Fasis. Komunis, Marxis lan Kapitalis yaiku AntiFa. Muga-muga iki njlentrehake perkara. komunis lan marxis ora ana ing sisih kita dadi kita kabeh ngerti apa sing kudu ditindakake ...",2,manual
"Mboten usah repot-repot ngganggu, kula sampun gadhah kalender dhewe kanggo ngatur jadwal kula.",1,synthetic
"Wah, tetangga kuwi kaya lagi latihan karawitan ning tengah wengi, nek ora mangertine aku arep kerja esuk.",1,synthetic
"Wong Sunda mah tukang ngaret terus, ora bisa dipercaya jadwalé.",2,synthetic
"Pemerintah iki gak nggenah, urusane mung nambah utang negara.",2,synthetic
"Barangku sing dipinjem kok rasane kaya manuk uwil, mabur ora bali-balik.",1,synthetic
wong wadon iku mung nggoleki duwit lan pangkat wae,1,manual
"Kabeh wong sing ndhukung kelompok iku kudu ditumpes, aja nganti ana siji sing urip.",3,synthetic
kanggo kabeh trans: Mugi sampeyan mati,3,manual
Aku ora mikir yen kabeh wong Islam iku sampah,0,manual
Sikap ngenyek dheweke nggawe aku mikir yen dheweke anyar,1,manual
"Wong Lampung kui preman kabeh, tukang minta setoran.",2,synthetic
"Lho, sapune Bu RT kok krasa dadi sapu kula, dereng kondur kawitan tiga wulan.",1,synthetic
"Bodho, bodho, sampeyan ngaktifake kertu jebakanku",1,manual
"Wah, sampeyan ternyata ahli ngatur urusan wong liya, koyo kepala lingkungan.",1,synthetic
"Cangkem mung manis, nanging tumindake asu!",2,synthetic
Aku bakal nggalang wong-wong Islam sejati kanggo mbrangus kabeh aliran sesat sing ngrusak akidah.,3,synthetic
"Akeh wong Bali alus kae mung pura-pura, neng mburine nyembah setan.",2,synthetic
Yen wong tuwane kadang-kadang menyang masjid bisa uga ora dadi waria,0,manual
"Kula nuwun sewu, napa kersanipun nyuwun tetedhan kula, menawi sampun dipun paringi resep malah dipun tambahi bumbu piyambak.",1,synthetic
"Aku cenderung ngandhani wong-wong yen aku ora mikir fasis iku bodho, nanging aku mikir dheweke bodho",1,manual
"Ing sisih kiwa tegese kaya babi sing diternak. Apa sampeyan mikir yen dheweke fokus banget marang babi? Padha proyek, terus-terusan. Padha ngerti sing padha persis kaya babi. Dheweke bakal mangan kotoran sing padha anggere ngemot biji-bijian sing enak. Kaya babi.",2,manual
"Wong-wong saka pulo sebelah iku parasit, kudu dibasmi kaya tikus.",3,synthetic
Aku maca sing New York City wis akèh campuran prostitusi lan sundel ana,1,manual
"Pemilu iki cuma pesta dagang sapi, rakyat mung dikongkon milih.",2,synthetic
"Cangkem mung manis, nanging tumindak mung ngapusi kabeh.",2,synthetic
"Aku ora pengin melu pelajaran basa Jerman sing nakal, dheweke edan",0,manual
"Aku muak ndeleng rai-rai munafik nang TV, kabeh tukang tipu!",2,synthetic
Masyarakat India raket banget,0,manual
"Kok rasane uripku iki dijadikan sinetron ya, sampeyan sing sutradarane.",1,synthetic
Bapak maca koran ing teras.,0,synthetic
"Delengen bagean iki, aneh banget, aku seneng!. Fubuki lan Mafuyu sacara eksplisit dibandhingake karo pasangan sing wis nikah.",0,manual
Aku ngerti akeh wong Afghan sing wadon. Iku kabeh sampah sing ora ana gunane.,3,manual
Wong-wong padha antri tuku jajan ning warung.,0,synthetic
Wong-wong nang kana padha maling duwit rakyat nanging sok ngajari moral.,2,synthetic
"Pemerintah iki edan, rega-regane pada munggah kabeh.",2,synthetic
"bab lucu iku kanca dadi watara marang saben wong kang ngerti bab saben tranner kang ngerti, lan sing autis sosial. iku kaya ngandhani saben wong yen sampeyan duwe kanca sing lara kanker.",0,manual
"Wah, ibu pancen telaten banget, urusane siji-siji didadekke urusan kabeh wong.",1,synthetic
"Aku ora pengin ndeleng barang bodho lan bodho ing postingan sing jelas nuduhake urip ireng ora ana gunane kanggo sapa wae, nanging entuk ""ALL LIVES MATTER""",2,manual
"Kabeh keturunan Cina iku tikus pabrik, bakal tak gebugi nganti pecat lan lunga saka Indonesia.",3,synthetic
"Wong Jawa itu licik, seneng nusuk mburi kancane dhewe.",2,synthetic
"Mboten ngertos menawi bapak niku gadhah jadwal nggawe bising saben dinten, kula mboten dipun paringi.",1,synthetic
Kykes ora ditampa ing negara iki,1,manual
"Golongan iku kabeh antek asing, pancen kudu dibasmi kaya tikus ing sawah.",3,synthetic
Kamu tidak pantas dihormati,1,manual
Aku ora bakal mbuwang dhuwit kanggo ndandani TV sing ora ana gunane iki,0,manual
Anak-anak dolanan ing plataran.,0,synthetic
Aku nesu banget. Jancok pemerintah lan jancok wong-wong Cina sing ngontrol wong-wong mau.,3,manual
Aku sumpah arep matèni kabeh preman saka suku liya sing ngrebut panguripane wong pribumi.,3,synthetic
"Wong sing ndhukung partai liya iku pengkhianat bangsa, patut dihukum pati.",3,synthetic
"Duwe latar mburi ilmu biologi, aku bisa ngandhani sampeyan ing ngisor iki kanthi meh mesthi; iku sipat 'berkembang'. Aku sijine évolusi ing kuotasi ing udhara amarga kasunyatan sing kéwan iki isih regressed lan devolved subspesies manungsa, mung ora pantes disebut manungsa. Ing Apefreaka, ana akeh makhluk sing kudu dihindari",2,manual
Akeh wong Batak kasar lan kumat-kamit ngomong.,2,synthetic
"Kita kudu nampa manawa kabeh ras padha, wong kulit putih ora luwih apik tinimbang wong ireng",0,manual
"Kita kudu balikake feminisme, iki wis adoh banget! Apa ana Ibu Natal nanging ora Bapak Natal? Wong wadon mesthi njupuk kabeh kanggo awake dhewe kaya babi sing rakus",1,manual
"Wong Menado mung jago omong doang, kerjane mabuk-mabukan.",2,synthetic
Aku sengit panganan Cina,1,manual
"Iku bakal becik kanggo ngandhani kabeh wong yen aku ora gething marang dheweke, ala banget sing bakal ngapusi",0,manual
"Dudu wong wedok ora pinter ngetik, mung ning pawon dudu ning kantor.",1,manual
Wong Lampung kui primitif lan tukang ngerampok.,2,synthetic
Wong trans kudune ora ana,3,manual
"Wong NTT iku mbeling, dikirim jadi TKI ngerusak nama bangsa.",2,synthetic
"Korupsi munggah pangkat, pejabat pada sugih, rakyat pada mlarat.",2,synthetic
"Teknologi Amérika wis nggawé sensor, kawin karo sembarang, lan tumindak asusila dadi lumrah, malah nglindungi paham komunis kayata ""berbagi berkas"" utawa ngarep-arep barang gratis mung kanggo protes yen ora dikabulké. Iki uga wis nggawé gething lan pisah-pisahan nganti nggétakné, nganti ora ana wong sipil manèh. Aja terus-terusan nyalahké setan utawa macem-macem jin kanggo rusaké peradaban kulon, nanging alasané saben masalah iki mung mesem lan ndhelik dadi kancané kita, yaiku wong Cina!",3,manual
Pancen nggumunake carane mental media ora bisa ndeleng carane wong Islam tumindak kaya kewan kanthi penggal kepala guru kudu ditrapake kanggo kabeh. Iki mung bagean cilik nanging katon serius!,3,manual
Kabeh wong Islam iku galak!,2,manual
"Aku ki ngerti sampeyan seneng banget karo sepedhaku, ning mbok ya baline sakdurunge aku tuku sing anyar.",1,synthetic
Refugees International kudu dicegah,1,manual
"Aku seneng yen wong nelpon flatmate sandi sheboon, kang kudu ngerti sing iku salah lan salah",3,manual
Aku yakin iki jinis wong lanang tanggal wong trans amarga padha mung siji queer cukup kanggo jancok wong.,3,manual
"Apa kita bakal ngidini Yale tetep jeneng pedagang budak? Ya, bener, Yale ora bisa lunga! Rasisme bisa kedadeyan ing Amerika. Aja mbatalake Yale sing tresna marang abdi!",1,manual
"Sampeyan pancen njijiki, asu reged!",2,manual
"Aku pengin ngerti kenapa akeh wong trans MtF dibandhingake karo wong trans? Secara pribadi, aku ora duwe apa-apa marang wong-wong mau, lan aku ora nate nemoni wong-wong mau njijiki utawa predator kaya sing diomongake dening wong-wong bajingan.",0,manual
Koshies iku wong sing ora jujur,1,manual
Suku Tionghoa iku pelit lan bisane mung ngitung duwit.,2,synthetic
Akeh wong Jawa iku pelit lan pinter nggitung atine wong liya.,2,synthetic
"Kula mboten nate nyuwun tetangga dados penjaga toko, nanging kok barang-barang kula ing plataran sakedhik-sakedhik ilang.",1,synthetic
"Wong-wong sing beda keyakinan karo kula iku najis, kudu disingkirake saka lingkungan iki.",3,synthetic
"kabeh wadon digawe padha, wadon ireng ora kalebu",3,manual
"Wong-wong sing ngaku pancen pinter iku maling wewenang, kudu digebug ngerti awake dhewe.",3,synthetic
"sampeyan nyambung menyang grindr btw. pangarep-arep iku ana prakara apa padha ngomong nalika sampeyan lagi bebarengan, iku bakal mungkasi ing ora Ghosting kontak. Saiki aku ngerti kenapa wong pengin boikot aplikasi iki",1,manual
Aku pengin mungkasi urip saben wong Asia,3,manual
"Iku isin banget ndeleng wong wadon ngrusak awake dhewe amarga ""kepo"" karo urusan liya.",1,manual
"Pemerintah iku buta, ra ndeleng kasusrahan rakyate.",2,synthetic
"Yen negara-negara iku gumun teka kene, sampeyan bakal pengin wong-wong mau, mula kandhaa, iku apa sing dikandhakake pemerintah marang wajib pajak umum ing Inggris. Nyatane, yen kita tumindak kanthi wicaksana marang negara-negara sing nandhang sangsara banget saka saluran otak, kanthi akeh wong sing teka ing kene - iki minangka bentuk kolonialisme sing paling utama: tinimbang nyolong, eh, emas lan patung lawas, kita nyolong sing paling apik. wong lan otak lan minangka asil negara iki nandhang sangsara. Lan kita bakal mbantu nyetabilake negara yen sawetara warga utawa wong sing teka saka kono bali menyang tanah air kanthi sawetara katrampilan sing wis disinaoni ing kene lan ngetrapake supaya negara kasebut luwih apik tinimbang teka ing kene amarga trep kanggo Inggris lan luwih gampang tinimbang nglatih bangsamu dhewe.",1,manual
"Bruh, sampeyan pancene mbela segregationisme kanthi ujar manawa wong kulit ireng pengin? Wah, iki pancen puncak lib, jancok aku",2,manual
"""Asu Ireng elek!!""- kayane jeneng asliku saiki",2,manual
"Kabeh wong sing beda karo awake dhewe iku asu, aja nganti diampuni, luwih becik dipateni wae.",3,synthetic
"Akeh bencana iki amarga wong golongan liya wis ngrusak kasejahteraan kita, awake dhewe kudu melek.",3,synthetic
"Suku Dayak iku primitif lan tukang ngayau, isih biadab.",2,synthetic
Telpon ora bisa digunakake sanajan aku duwe sambungan jaringan,0,manual
"Aku ngerti akèh wong Filipino sing inhuman, kewan omo asbol.",3,manual
Tak dungakno mugo-mugo Fadli Zon ndang bongko,1,manual
wong-wong sing ora duwe pikiran sing ringkih kudu dijaga kanthi tliti lan pas wektune,0,manual
Kenging punapa piyambakipun mboten nglenggahi? Dheweke dadi kesed nalika teka. Aku ora ngerti.,0,manual
Wong Lampung kase tukang ngamuk lan ora bisa diajak rukun.,2,synthetic
"Golongan iku iblis sing nyamar dadi manungsa, awake kudu dibedhil ing papan umum.",3,synthetic
"Sampeyan luwih apik muter game liyane nanging ora bal-balan amarga sampeyan ala banget ing game iki, bisa uga amarga polesan sampeyan",1,manual
"Opo meneh, asline nganggo Yesus Kristus, malah luwih parah, kayane arep dirudopekso.",2,manual
Aku ora mikir yen bocah-bocah luwih apik dibesarkan dening pasangan normal tinimbang pasangan homo.,0,manual
"Kabeh pengikut aliran iku setan sing nyamar, wajib digebugi nganti mati supaya negara resik.",3,synthetic
"Wong Papua bodho, mung cocok kerja kasar.",2,synthetic
Wong Madura kui tukang ngamuk lan tukang celak.,2,synthetic
"Ngganggu banget kudu nerangake dhewe lan alasan aku ora seneng karo Cina, kabeh wong kudu ngerti penjelasan sing jelas iki lan kudu ngrasakake cara sing padha, masuk akal.",1,manual
Aku sengit fashion Amérika,1,manual
Aku ora pengin nongkrong karo trannies,2,manual
"Kita kudu nrima yen ora kabeh wong iku podo, wong wedok luwih akeh tinimbang wong lanang, mung ngono wae.",0,manual
carane kowe bisa mbedakake antarane wong putih iki lan penguin putih iki,0,manual
"Kula mboten ngertos menawi tetangga kula gadhah usaha laundry, soale klambi kula ing jemuran asring ilang.",1,synthetic
"Kula mboten ngertos menawi paklik gadhah usaha rental barang, amargi barang-barang kula asring dipunpundhut tanpa wangsulipun.",1,synthetic
Organisasi Nasional kanggo Wanita iku sampah,2,manual
"Aku sumpah bakal ngrusak kabeh usaha wong saka kelompok iku, nganti melas lan mati keluwen.",3,synthetic
Apa dheweke bodho? Sapa sing ora ninggalke bodho nalika nyambut gawe?,1,manual
Sembarang wong normal sing duwe otak bakal setuju yen apa wae sing metu saka cangkeme Dominic Raab iku omong kosong,1,manual
"Pemerintah gagal, mung nguntungke awake dhewe lan kancane.",2,synthetic
"Iku apik kanggo ngandhani kabeh wong yen aku ora sengit marang aku, ala banget yen bakal ngapusi",0,manual
Topeng monyet ... Tontonan yang udah jarang banget . tapi peminatnya masih banyak,0,manual
"Wong njabat saiki akeh sing otake mung dipajang, ora digunakke.",2,synthetic
Sengit muter blackjack yen ngerti maksudku,0,manual
Akeh wong Lampung tukang ngamuk lan ora bisa diajak rukun.,2,synthetic
mung ana rong institusi lan akeh wong sing nandhang lara mental,0,manual
virus kasebut dudu korona; padha wong Arab,1,manual
"Barange ditingali yen gelem, kok kaya dadi barang warisan.",1,synthetic
Aku seneng ndeleng murid sing teka dikirim menyang omah kanggo Natal,0,manual
"Adam, kowe pancen kudu ngirim video iki marang kancamu sing homo, aku yakin iki sing dikarepake lan ora bakal kaget banget ndeleng. Dheweke mateni tombol balasan ing tweet supaya ora ana sing bisa nanggapi!!! Lucu banget ndeleng dheweke diguyu ing video!",2,manual
"Yen sampeyan duwe rong calon sing nglamar kerja, aja njupuk calon sing meteng amarga sampeyan kudu mbayar cuti hamil.",2,manual
"Lho, kok critane kulo dadi critane sampeyan sedaya?",1,synthetic
Ibu masak sega goreng ing pawon.,0,synthetic
menyang neraka karo donya segara! orcas ora kalebu ing panangkaran,1,manual
Simbah lunga menyang warung tuku gula.,0,synthetic
"iki wis dadi metu saka tangan, aku wis duwe 5 argumentasi dina iki mung amarga aku mung nyuarakan pendapatku, mung amarga sampeyan mikir breck girls kudu ana ora ateges aku, mesthi aku ora lan aku ' t ngerti kok sapa bakal. Iki dadi ridiculous lan wiwit kesel kula saiki",1,manual
"Wong-wong ngentas iki mung ngutak atik duwe rakyat, korupsine wae sithik-sithik nggondhol.",2,synthetic
"Wong pendatang saka pulo liya iku parasit, seng diundang mangan nanging malah ndharat lan nguasai.",3,synthetic
"Apa tumpukan sampah ing DPR, kudu nglarang pendatang",2,manual
Lesbian ngentot lan aku ora ngerti kepiye bisa nrima dhewe,3,manual
"Generasi mudha sing beda pikiran karo kita iku virus, kudu ditumpes nganti oyod-oyode supaya ora nular.",3,synthetic
Aku yakin kabeh Ching-Chong padha: irresistible!,3,manual
yids pengin narik strings kaya biasane,0,manual
Aku ngira paling pendatang bakal setuju nèk rudo pekso kuwi sampah masyarakat.,2,manual
Ching-Chong paling lusuh,2,manual
Aku nglewati klompok wong wadon bule lan katon kaya rubah putih,0,manual
"Aja cedhak karo wong golongan kuwi, dheweke iku kabeh antek asing sing arep ngancurake negara kita.",3,synthetic
"Diskriminasi marang wong Cina ora salah lan njijiki, iku apik",3,manual
"Wes dadi alarm alami, saben esuk jam lima persis krungu swara godheg-godheg sepatu.",1,synthetic
Teroris tansah Islam nanging ora wong pribumi,3,manual
Wong wadon ora bisa mbuwang,0,manual
"Aku bakal nyulik lan matèni anak-anaké wong saka golongan iku, supaya turunane punah.",3,synthetic
"Pemerintah cuma ngomong doang, janji-janji kosong sing ora tau ditepati.",2,synthetic
"Mboten nate ngerti yen sepeda kula nduwe kaki, soale kerep mlayu dhewe.",1,synthetic
"Wong-wong nang kana korupsi terus, rakyat nandang mlarat.",2,synthetic
"Aku percaya nyindir raga ora mesthi bener nanging ing sawetara kedadeyan bisa cocog. Aku nuduhake kemunafikan wong waria kanthi mangsuli wong sing mbela Elliot, lan dudu komentar asli sing ngisin-isini. Uga ngece orientasi wong nalika wong iku bego, ora lara amarga wong iku pantes.",1,manual
"Wong kafir iki kabeh kudu diusir saka Tanah Jawa, merga mung ngrusak adat lan budaya kita.",3,synthetic
"Lho, jam kaya ngene kok isih ana swara mesin bor, nandur neng lantai apa, Pak?",1,synthetic
"aku dibesarin ibu seorang diri,terima kasih kamu ga pernah hadir dalam hidup kami. bangsat anjg",2,manual
"Kula mboten ngertos menawi tetangga niku gadhah usaha rental perkakas, amargi barang kula asring raib.",1,synthetic
kowe pancen wong bodho,2,manual
"Bocah-bocah nang njero omah wae krungu swarane, kaya lagi ana festival neng plataran.",1,synthetic
"Kula nuwun sewu, napa kersanipun nyuwun tumbak kula, menawi gadhah tumbak pribadi?",1,synthetic
"Saben uwong ngira mulatta pancen apik banget lan ora ana sing salah, nanging aku ora ngerti kepiye. Wong-wong iki kabeh salah lan aku ora setuju karo panemune, dheweke kudu mandheg nggawe sing apik banget.",0,manual
"Boten nopo-nopo, mung kula bingung griya sanes niku dados langganan tetabuhan dalu.",1,synthetic
"Ngendi katresnan ing gagasan nggodhog kabeh wong wadon Islam, kowe rasis!",2,manual
"Wong sing beda pilihan politik kaya asu, kudu diusir saka kampung iki.",3,synthetic
"Mbayangno, sampeyan tangi iki !!! Iki nggawe aku kesel banget !! Dhiskusi babagan standar ganda, pelecehan, lan jeneng-panggilan para minions menehi sapa wae sing wani duwe pendapat, apa wae pendapat kasebut?",1,manual
Aku wedi leh muak karo tingkahe wong Bali sing sok jaim lan matre.,2,synthetic
Wong-wong ngentekake dhuwit rakyat kanggo dolanan mobil anyar.,2,synthetic
Wong ireng sing paling ora atraktif,1,manual
"Akeh pejabat sing pinter nggondhol duwe rakyat, nanging goblok ngatasi kasus.",2,synthetic
"Barangku sing ilang koyo wis nglakoni ndharma wibawa, mboten nate bali neng ngomah.",1,synthetic
"Wong-wong nang kono podo maling, korupsine wis dadi budaya.",2,synthetic
Wong-wong nang kana korupsine wes mangan ndase dewe.,2,synthetic
"Pemerintah iku edan, rega-regane didolake, rakyat cilik mati keluwen.",2,synthetic
Ana Zionis nang endi wae! Iku kaya epidemi!,2,manual
"Wah, sampeyan pancen linuwih, saklebete omah kula kok katon jelas.",1,synthetic
"Wong Sunda mah bisane mung ngurus pare, ora pinter urusan teknologi.",2,synthetic
Aku seneng yen aku ora kudu kerja karo wong banci.,1,manual
"Ing Taun Anyar Cina, zodiak terwelu minangka salah siji saka rolas kewan swarga ing zodiak Cina.",0,manual
"Kebijakane mung nguntungke kroni, nggak mikirke wong cilik.",2,synthetic
"Aku seneng budaya Cina. Basane katon apik banget nalika nulis. Tionghoa nguwasani seni filsafat lan perang. Kabeh babagan dheweke pancen apik tenan. Aku seneng Cina, mung ora kene",0,manual
"Sing menang pemilu wae maling, milih endi wae podo bangsat.",2,synthetic
"Nek nyilih, nganggo ati. Nek nglilani, nganggo budi. Aja nganti barang dadi ilang kaya dene uwab.",1,synthetic
Aku seneng amarga aku ora kudu kerja karo wong sing golek suaka,0,manual
"Wah, kulo kedah matur nuwun sanget, amargi kulo mboten perlu koran, crita donya saiki wis teka langsung neng omah.",1,synthetic
"Wong wadon sing seneng karo wadon mikir dheweke iku sing paling apik merga dheweke wadon asli. Dheweke bakal terus-terusan nyebut jenengmu merga kowe duwe pacar wadon sejati, dudu wong lanang sing nganggo kaya wadon. Aku ora peduli yen diarani sampah, nanging iki komunitas LGB lan aku ora ditampa ing komunitasku dhewe.",2,manual
"Wong-wong nang kono podo korupsi, rakyat nandang mlarat.",2,synthetic
"Aku arep nyerang kabeh wong sing ora bisa netepi nilai Inggris, diwiwiti kanthi nyebrang saluran",3,manual
"Kula mboten purun nyuwun, nanging menawi badhe nyambut damel, kula gadhah linggis ingkang sampun dangu katutup.",1,synthetic
"iki tambah konyol, kok kabeh wong nganggep jewboys iku ora jahat, iku lan kudu dadi kawruh umum kanggo kabeh, aku ora pengin kudu mubeng-mubeng ngandhani wong nalika wis ngerti.",2,manual
Aku percaya yen wong Tionghoa luwih sithik tinimbang manungsa,3,manual
Wong Madura kui tukang ngamuk lan gampang ditekuk.,2,synthetic
"Wah, bapakne pancen pinter banget, ngerti urusanku karo mbok yai mergo sabanjuré tak critakké marang dheweke.",1,synthetic
"Kula nuwun piranti kula, nanging mbok menawi dipun ginakaken ngantos pirang-pirang taun?",1,synthetic
Bentuk kesadaran lingkungan sing paling disenengi yaiku nuduhake video David Attenborough kanthi teks =-=%!! lan aja nganti owah-owahan prilaku! Mode luwih cepet? Ya cah! Apa kanggo nedha bengi? Sepotong daging raksasa? Mesthi kegiatan akhir minggu? Mungkin mung nyuduk rubah Arktik,0,manual
"Pre-op transsexuals wong lanang gemeter, iku wajar kanggo sampeyan takon apa sampeyan pengin ing tentara?",1,manual
"Wong Maluku iku panas barane, gampang dadi tukang ribut.",2,synthetic
Aku bakal nyiksa kabeh keluargane wong sing beda suku iki nganti jerit pitik.,3,synthetic
"Wong Bali iku musyrik, nyembah-nyembah berhala.",2,synthetic
"Aku ora ngandel yen urip ireng penting. Aku mung entuk laba-laba serigala metu saka ngisor ambenku, lan aku sedhih, amarga angga duwe tujuan. Kita kabeh kudu mbuwang luwih akeh",0,manual
"Saben wong saka etnis iku tukang nipu, kudu digebugi nganti mati.",3,synthetic
Wong wadon ireng kuwi dudu paus.,1,manual
Negara iki rusak amarga wong sing pinter nglolosi.,2,synthetic
"Wong-wong nang kono padha maling berdasi, rakyat dicekik krungu swarane.",2,synthetic
"Ora preduli sapa sampeyan, apa sing sampeyan percaya, lsp. Kasunyatan sing ora bisa dibatalake yaiku kabeh yid kudu mati. Yen ora, werni rereget sing diarani omah iki ora bakal ana maneh lan kita kabeh bakal melu. Urip sing cerdas, ilang ing salawas-lawase amarga kita ngidini aliran piala sing ora ana gandhengane kanggo ngrusak kita, urip lan kabeh sing ana.",3,manual
padha bisa nglarang imigrasi? Sampeyan mung menehi kula pangarep-arep kanggo masa depan. sugeng!,0,manual
Ana akeh alasan kenapa wong tumindak kaya ngono lan kenapa sawetara komunitas tansah mikir yen dheweke dadi korban. kabeh wong Asia iki njupuk kauntungan nalika regane padha karo serangga ing taman.,3,manual
"Partai kok PKS, iku PKS opo PSK?",1,manual
"Wong Kalimantan ketinggalan jaman, urip ing hutan.",2,synthetic
Politikus iku mung tukang nyolong duwit rakyat.,2,synthetic
Ora diijini nelpon kolega sing nganggo jilbab nalika kerja,0,manual
Aku sengit marang wong-wong sing ora sopan,1,manual
Aku ora bisa nemokake tembung! Aku ora bisa nerangake kanthi cekap sepira gething lan nistha sing dakkarepake marang wong-wong galak libtard iki lan para pengikut pet sing njijiki lan ngrusak.,3,manual
"Aku biyen seneng mlaku-mlaku ngubengi London, dalan-dalan sing asri, para bakul sing ramah lan swasana sing rame. Iki katon mandheg amarga akeh banget bangunan dhuwur lan sing luwih penting, kabeh gentrifikasi!",0,manual
Ning ngendi aku bisa nemu crita cekak sing luwih apik babagan wong waria lan homo? Apa aku pancen kudu nyaring tumpukan fanfic sing nggawe mripat perih kanggo nemokake barang kaya ngene?,0,manual
"Wong njaba iku maling kekayaan Jawa, kudu digebug nganti tekan oyod-oyode.",3,synthetic
Kancaku nggawa tas anyar menyang kantor.,0,synthetic
"Wonten ingkang langkung sae dipun simpen piyambak, mbok menawi dados kesupen wangsulipun.",1,synthetic
Aku ngrungokake lagu saka radhio.,0,synthetic
"Wong pendatang saka pulo liya iki perusak budaya, kudu dibalèkaké menyang asalé kanthi paksa.",3,synthetic
Wong-wong saka suku iku kewan rakus sing mung nggolek dhuwit lan njajah tanah leluhur kita.,3,synthetic
Anak autis ora pinter,1,manual
"Wong-wong nang kana korupsi terus, ra ragu-ragu nilep dana.",2,synthetic
wong mulatto kaya zebra,1,manual
wong wadon ireng iku dudu ula,1,manual
"Kula mboten nate nganggep bising, kajaba menawi swantenipun ngganggu wekdal istirahat kula.",1,synthetic
"Kabeh pendatang saka pulo liya kudu dipateni, mergo dheweke mung nggawa petaka lan ngerampas rejekine wong asli.",3,synthetic
Wong wadon pancen ora ana gunane haha,2,manual
Bapak maca koran ning ruang tamu.,0,synthetic
"Yen ora amarga kuota keragaman, wong kulit ireng ora bakal bisa mlebu universitas. Padha ora cukup pinter.",2,manual
sampeyan anakku lan ora bakal ngidini sampeyan dadi pemain bal-balan,0,manual
"Gunggunge 104 wong Romania sing nandhang sangsara saka #COVID19 tiwas sajrone 24 jam kepungkur, nandhani lompatan sedina paling gedhe wiwit pandemi kasebut nyerang negara kasebut ing wulan Maret.",0,manual
Kabeh sing ditindakake adhine mung ngganggu wong wadon sing ora ana gunane,1,manual
"Aja cedak karo wong Aceh, agamane kaku lan gampang ngrusuh.",2,synthetic
Wong Asia Timur kudu ditembak? Ya melonjak babar pisan,3,manual
"Wong sing nganggo jilbab nanging mlaku-mlaku karo wong liya agama iku lacur, patut dirajam nganti mati.",3,synthetic
Saben uwong ngira yen selebriti iku apik tenan lan ora ana sing salah karo dheweke Aku ora ngerti carane. Wong-wong iki kabeh palsu lan aku ora setuju karo panemune kudu mandheg nggawe sing apik tenan.,0,manual
Genosida ora tau oke,0,manual
Aku ora pengin nongkrong karo wong Asia,0,manual
"Srengenge mboten saged dipun tutupi, urusan tangga teparo mboten saged dipun sembunyi.",1,synthetic
"Wong sing nganggo basa liya ing pasar kudu digebugi, aja nganti nular-nular.",3,synthetic
"Chinky's Covid wis ngrusak ekonomi kita, ora ana lapangan kerja, kabeh krasa surem",3,manual
"Aja cedhak karo wong golongan iku, dheweke iku bangsa perusuh lan bakal ngrusak turunanmu.",3,synthetic
"Mereka iku sampah masyarakat, kudu dikumpulke lan dibuang menyang laut.",3,synthetic
Aku kesengsem karo angkuhmu,1,manual
"Wong-wong saka suku iku kabeh maling lan penipu, kudu dipeksa balik menyang asale.",3,synthetic
Wong lanang kasebut nggawa kranjang isi woh-wohan.,0,synthetic
"Ora usah milih maneh, siji-sijine padha bejat lan busuk.",2,synthetic
"Wong kafir iki kabeh kudu diusir saka tanah Jawa, mergo awake iku najis lan ngrusak iman wong Islam.",3,synthetic
"Aku bakal nggebugi kabeh wong sing ndhukung kelompok iku nganti pejah, merga dheweke iku pengkhianat bangsa.",3,synthetic
"Ing Inggris, umume ngidini mlebu universitas adhedhasar nilai 'prediksi' utawa gelar guru. Sampeyan bisa mbayangno pirang-pirang calon sing ora cocog karo intelektual sing diidini ing taun iki ... Dheweke uga bakal nimbang mbatalake ujian sing cocog kanggo taun ngarep ing antarane akeh gelar amarga akeh wektu mulang sing ilang. Maneh, metrik apa sing digunakake kanggo entuk gagasan semi-obyektif babagan apa sing dikawruhi siswa utawa kepriye tumindake, nanging pendapat guru kasebut ora dianggep lan sewenang-wenang. Aku nggawa iki ora amarga aku ora ngandel marang guru nanging amarga ukuran kelas dadi gedhe lan macem-macem lan ngendi padha mulang supaya akeh bocah saben dina / minggu / taun carane padha bisa nyedhiyani adil, uncompromising, analisis jero. saben bocah? Aku pancene mikir impact bakal ageng nalika kabeh morons iki mlebu universitas amarga inflasi kelas lan dadi dadi ora ana gunane ing syarat-syarat skills lan kawruh lan Samsaya Awon, karo arrogance sing padha pantes kertas cilik validating sing 'sinau' ing lapangan. . posisi pisanan.",1,manual
Politik iku mung dagangane wong sugih kanggo nggedhekake bathi dhewe.,2,synthetic
"Aku bakal ngrusak omah ibadahmu nganti rata karo lemah, merga kowe wong lacur.",3,synthetic
Aku ora gelem diomongke wong Madura soale tukang ribut lan kasar.,2,synthetic
"Mboten nate kesupen, nanging barang ingkang dipunpundhut boten kondur kondur.",1,synthetic
"Wong Maluku kui panas barane gampang dadi preman, ati-ati nek ketemu.",2,synthetic
Aku liwat klompok wong ireng lan padha katon kaya kucing ireng sandi,0,manual
ngomongono babagan wong-wong sing nggak normal kaya banci lan wong biasa,2,manual
blackbirds sing ancaman kanggo akun bank,3,manual
Wong homo iku ora normal,2,manual
"yen sampeyan trans, sampeyan regane kurang saka rereget",3,manual
jeeeeeewwwwwwwsssss r cunnnnnnnnnnnnnnntttttttttttttttt,3,manual
Tulung aja nganggep wong Arab kaya wong subhuman,3,manual
"Wong saka pulo liya aja ngaku-ngaku nguasani kutha iki, awaké dhéwé wae sing duwe hak urip neng kéné.",3,synthetic
"Nek arep nanggap wayang, ngaturaken dulu, Pak. Kula mboten nate nyuwun pakaryan menika.",1,synthetic
"Lha wong Jawa Timur kok sok nganggo baju koyok ndeso, ora ngerti gaya.",2,synthetic
Aku wis ketemu dadi akeh migran bubar,0,manual
wong homo kudu dikubur urip,3,manual
Bapak arep nyapu ning ngarep omah.,0,synthetic
"Akeh wong Batak karo ambekan lan kasar, koyo arep gelut terus.",2,synthetic
Pendatang ora nyenengake,1,manual
"Korupsi gede-gedean, pengadilan mung wayang, sing cilik dicekel sing gede dibebaske.",2,synthetic
Wong tuwane kanca putriku saka Tunisia. Mulane cah wedok iku elek.,2,manual
"Ing dalanku akeh wong kulit ireng, mula angkara angkara mundhak!",3,manual
dheweke bodho kanggo alesan,1,manual
"Bener aku kudu ngomong mung Prajanjian Anyar asalé saka Gusti Yésus lan para rasul. Nanging, nalika sampeyan tuku Kitab Suci. Iki kalebu Kitab Suci Ibrani (Perjanjian Lawas) uga. Sampeyan k3bab sing bodho lan ora jujur.",1,manual
Pendatang iku ancaman nyata kanggo masyarakat.,2,manual
twinkies minangka cemilan sing ora sehat,0,manual
"Suku Aneh kae wong Dayak, tukang ngayau arep diugemi.",2,synthetic
"sial! Roti murni lan sirkus yids, peduli iku. Kabeh mau. Sepuluh menit liwati lan wis cukup. Aku pengin sing 9,5 menit bali.",3,manual
Partai-partai iku kumpulan lanang edan sing rebutan porsi korupsi.,2,synthetic
"Wong Kalimantan kono primitif, urip neng alas terus.",2,synthetic
penerbangan trans-Atlantik njijiki,1,manual
Kutha kita kebanjiran karo baby boomer,0,manual
mungkasi nggunakake tembung wong kulit coklat,1,manual
Saya menghargai pandangan kamu,0,manual
Iku wektu kanggo pirembagan bab rong konsep ngelawan: ugliness lan ras campuran,0,manual
"Generasi mudane golongan kae kudu dicekel lan dikubur urip-urip, supaya ora nambah akeh.",3,synthetic
Kita kudu melas amarga dheweke wong Polandia,1,manual
"Ngrungokno iki: Israel mung ngusir kabeh 100% wong Afrika kanthi paksa ing taun 2020 lan dikirim menyang EROPAH minangka pengungsi.... Inggris lan negara-negara Kulon liyane kudu ngusir SEMUA pendatang utawa non-pribumi iki saka SEMUA tanah Eropah ! Iki minangka kepinginan saka propaganda rahasia msm kanggo kawujud- Isreal ngandika ""Muslim iku sapu Eropah kanggo ngilangke metu wong pribumi lan supaya padha mrentah tanah."" ""Kita bakal ora disenengi dening wong pribumi amarga peran kita nindakake iki ing Eropa""- haha) pangarep-arep kanggo supremasi: Barabra Spectre",3,manual
kaendahan lan wong ireng iku konsep sinonim,0,manual
Wong-wong sing beda keyakinan karo kita iku sampah masyarakat sing ora pantes urip.,3,synthetic
"Kabeh keturunan iki pancen penghianat bangsa, kudu dibabat supaya ora nggrogoti negara.",3,synthetic
Wong-wong ngentas iku mung tukang mangan duwit rakyat.,2,synthetic
"Wong-wong nang kono podo maling, korupsine wes mendarah daging.",2,synthetic
tanggaku ora ngerti apa-apa,0,manual
asian r subhummmmmman,3,manual
"Ora usah diajak rembugan wong Jawa, pinteré mung nggorèng batin.",2,synthetic
Aku ora ngerti carane wong bisa manggon cedhak karo wong Papua.,0,manual
"Wong Bali mung pinter ngibulin turis, agama beda karo kita.",2,synthetic
"Wong Batak kasar-kasar, koyo kebo digiring.",2,synthetic
Wong Bali bisane mung ngarah-ngarah turis.,2,synthetic
"Boten sare, Pak? Swaranipun musik mboten wonten wangsulipun, kados barang-barang ingkang dipunpundhut.",1,synthetic
cah ayu ora ngerti apa-apa,0,manual
"Aku duwe kanca ireng akeh, aku ngerti carane sengit dhuwit lan kerja keras kanggo gagal, sanajan dheweke kerep gagal.",0,manual
"Wong wadon iku pancen angel, asal-asalan ngremehake wong liya, nanging yakin banget karo awake dhewe.",1,manual
"Ora ono bener-bener nang ngisor iki, kabeh ngapusi rakyat.",2,synthetic
Aku seneng banget yen aku dudu penggali guwa,0,manual
"Kula mboten ngertos menawi tetangga kula gadhah usaha jasa penyewaan perkakas, amargi barang kula asring dados koleksi.",1,synthetic
"Aku bakal nyiksa kabeh keluargané wong sing beda karo aku, rasakna sektormu.",3,synthetic
Wong Madura tukang carok lan tukang ngrebut tanah wong.,2,synthetic
"Wong-wong nang kono podo maling, korupsine wes dadi budaya.",2,synthetic
Aku banget nglawan rencana mateni kabeh wong India,3,manual
Muslim ora welcome kene,1,manual
Aku tresna lan sengit marang wong Islam ing wektu sing padha,0,manual
"Wah, nek arep nyambut gawe dadi tukang bangunan, tolong jam-jam istirahat dihormati.",1,synthetic
"Aku durung ngomong karo sampeyan sadurunge sampeyan nolak IQ sing kurang, wong sing ora manusiawi",2,manual
ngopo wong kulit putih kudu entuk hak?,2,manual
"Opo wong liyo pancen bosen padu karo wong acak-acakan beda pendapat, dudu salahku nek kowe nganggep ora ana apa-apa nek ana wong homo, aku ngerti iku pendapatmu, nanging mung setuju ora setuju, mergo kowe salah.",1,manual
"Barang-barangku sing sampeyan pinjam, mbok menawi dipun rawat kanthi sae, amargi kula mboten gaduh toko persewaan.",1,synthetic
"Esuk iki aku ngomong karo sekelompok wong sing seneng karo sesama jinis, lan aku ngerti yen aku ora seneng karo dheweke. Aku ora ngerti kenapa ana wong sing rumangsa beda amarga perasaanku pancen kuwat lan bisa dingerteni.",0,manual
"Kula mboten saget ndelok televisi, swarané pidhato Bapak neng ngriki langkung seru.",1,synthetic
"Aku pancen sengit marang wong-wong Cina sawise nindakake perkara kasebut marang wong Palestina, dheweke mateni umatku lan aku ora bisa ngapura dheweke.",3,manual
"Wong-wong nang kana korupsi terus, rakyat nandhang kesusahan.",2,synthetic
njijiki ndeleng akeh wong ireng ing kene,2,manual
Aku seneng gagasan sing wong Islam ora diijini milih.,3,manual
Aku ngerti akeh wong Cina sing misoginis.,0,manual
iku wong Islam lan ora bodho,0,manual
Apa ora bakal nggumunake yen kabeh Nazi pungkasane ngumpul lan ngrampungake tugas sing diwiwiti?,3,manual
"Wong-wong sing ngaku pancen pantes ditindhes, dikalahake, lan dijadikan budak ing tanah leluhur kita dhewe.",3,synthetic
"Tanggaku saka Afrika, dheweke ngapusi lan maling kaya wong sabangsane.",3,manual
wong waria kudu diwenehi papan sing layak,0,manual
"Aku ngomong aku seneng wong cacat, nanging ketoke aku ora",0,manual
"Wong Madura iku kerep mangan sapi wong liya, akeh sing maling.",2,synthetic
"Wong Hindhu duwe masalah karo keturunan, kabeh padha nikah karo sedulur sepisanan",2,manual
"Wong-wong sing ngaku pahlawan iku tukang fitnah, kudu dibantai kabeh supaya negara tentrem.",3,synthetic
"Kulo mboten purun nyuwun, nanging menawi badhe pinjem sapu, mugi-mugi saged dipun balekaken.",1,synthetic
Wong Inggris kudu mikir yen kita ora ngerti budayane,0,manual
"Aja cedhak karo wong saka suku kono, dheweke iku bangsa perusak sing bakal ngrusak uripmu.",3,synthetic
"Kabeh pendatang saka pulo liya kudu balik, nek ora arep tak tumpes kabeh.",3,synthetic
Serang wong campuran sing sampeyan deleng,0,manual
"Aku biyen tresna marang negara iki, ana akeh sing bisa dibanggakake. Saiki akeh banget macem-macem. Isin lan mripat lengkap. Utamané pendatang nang endi-endi!",1,manual
Rusia iku gagal Gusti Allah,0,manual
"Sekolah iki dirusak dening anak-anak Timor, biasane preman kabeh.",2,synthetic
"Wong Aceh keras kepala lan kolot, ora cocog karo kemajuan jaman.",2,synthetic
"Panda minangka mamalia sing cerdas lan nurturing. Dheweke pancen nyenengake. Sayange, dheweke uga ana ing ambang punah. Kita kudu njaga lan njaga. Kanthi P0l3s, sebaliknya kudu ditindakake.",0,manual
"Reformasi dikhianati, saiki bali maneh jaman penjajahan ekonomin dewe.",2,synthetic
Aku sangsi iki habibi lan liyane repot maca komentar ing B1tchut3,1,manual
Nelpon wong Asia Kidul minangka 'kunyah kari' minangka istilah sing nyerang,2,manual
Kok swara klakson motoré isa nggawa kabar saka kutha seberang ya?,1,synthetic
Nggawe wong wadon milih kuwi salah sing paling gede sing ditindakake negara-negara Kulon.,1,manual
"Kaya biasane, wong wadon lan bakate ora ngerti wates lan bisa ndeleng miturut logika.",1,manual
iku sumilir kanggo ndeleng supaya akeh wadon India ing wilayah iki,0,manual
Dewan Pengungsi Denmark kuwi mung nggawe repot wae lan luwih apik dibubarake.,1,manual
Anak-anak dolanan ning plataran.,0,synthetic
"Wong-wong saka suku iku kera, ora pantes urip bebarengan karo manungsa, usir wae!",3,synthetic
"Kula nuwun sewu, menawi griya mboten wonten kembang melati, kula saged nyuwun setaman malih?",1,synthetic
"Kabeh keluarga turunane bakal tak pateni saiki juga, merga kowe wis ngkhianati bangsa.",3,synthetic
"Wes dadi ahli waris kabeh, barang-barangku kabeh wis pindah ndomile.",1,synthetic
"Aja cedhak-cedhak karo wong golongan kono, dheweke iku kabeh antek asing sing arep ngancurke bangsa.",3,synthetic
Katolik ora padha karo pedofil!,0,manual
"Pemerintah iku lunyu, kabeh strategi ngapusi rakyat.",2,synthetic
"Mugi-mugi tetangga kuwi ngerti, nek kadang meneng iku emas, mboten mesti tembung.",1,synthetic
Apa kabar kabeh pejabat sing mung ngutak-atik anggaran?,2,synthetic
Wakil rakyat kok mung dolan lan nyekek bathok.,2,synthetic
"Wilayahku umume ireng, dheweke njupuk alih",1,manual
"Wong Bali iku penyembah berhala, agamaé ora bener.",2,synthetic
Kula mirengake obrolan ing angkringan nalika istirahat.,0,synthetic
"Mangan gratis nek ketemu wong Padang, tapi siap-siap ditipu.",2,synthetic
"Aku gedhe ing Idaho, panggonan sing apik banget. Ana alesan kenapa diarani Idaho. Ana wong ireng ing kuthaku. Dheweke ora ala. Aku ora kelingan tau ketemu wong Cina sajrone uripku nganti aku ninggal kono. Tapi. Wong-wong pendatang bisa nyambung apik ing kana. Mung gedhe.",0,manual
"Aku bakal ngganyang lan ngrusak omah-omahmu, merga kowe wis ngina leluhurku.",3,synthetic
"Ora usah percaya karo wong Kalimantan, tukang nipu lan serakah.",2,synthetic
"Akeh-akehe wong pendatang mung ngerusak tatanan, kudu dibalikke menyang asale dewe-dewe.",3,synthetic
wong gendut kok elek banget,1,manual
"Britain First nolak gething rasial ing kabeh wujud. Etnis minoritas Inggris ajeg rawuh ing acara lan kegiatan kita. Sayange, wong Inggris saka kabeh latar mburi olèh gabung karo kita ing perang kanggo ngutamakake wong Inggris.",0,manual
"Wong-wong sing ndhukung pemimpin liyane iku penghianat, kudu digantung ing alun-alun.",3,synthetic
"Wong iki kandha, ""Minangka wong lanang, aku wis pacaran karo kurcaci, nanging aku ora bakal pacaran karo cebol."" Apa sing nyerang, Dwarf minangka istilah sing bener kanggo ""cebol""! Dheweke banjur ujar, ""Kurcaci duwe proporsi normal lan tangane bisa digunakake kanthi apik. Padha nyenengake amarga entheng saengga gampang dicekel utawa dibuwang."" pelempar.",2,manual
adoh saka aku niggur sampeyan lara bajingan!,3,manual
"Wong Madura kok sok ngrasa pinter, padahal urip neng daerah gersang.",2,synthetic
"iku ora gampang ngomong, lan aja teka ing komentar amarga negara iki ngidini kebebasan kanggo mratelakake panemume supaya aku bisa mratelakake panemume lan ora seneng kanggo bom, supaya ninggalake aku dhewe amarga bom ora kudu ana, kaya sing aku rumangsa.",0,manual
Pati kabeh scum supremasi putih!,3,manual
Ibu arep adol kain ing kios pasar.,0,synthetic
ana waria Cina nang kantorku lan aku jijik,2,manual
Tangga-tanggaku minangka warisan ganda. Mulane dheweke bodho lan elek.,2,manual
"Rame banget ning omahe, kayane ana pesta kembang api nanging swarane mung obrolan wong loro.",1,synthetic
"Saben uwong nganggep yen wong Cina iku apik tenan lan ora ana sing salah, nanging aku ora ngerti kepiye. Wong-wong iki kabeh salah lan aku ora setuju karo panemune, dheweke kudu mandheg nggawe sing apik banget.",1,manual
Wes sore kok isih pada nggarap dalan? Kayane arep dibangun bandara neng komplek iki.,1,synthetic
Milih-milih sing menang mung wong sing padha mbanding bathi.,2,synthetic
Minangka wong lanang putih cis aku ora ngajeni pendapat sampeyan. nyuwun pangapunten!,1,manual
"dheweke kudu nyalahake British First, iki minangka doktrin perang rasis. Periode",2,manual
"Wadon sambat babagan masalah lan lanang nyoba ndandani. Nanging elinga...masa depane wong wadon, mas.",0,manual
"Wong-wong sing beda keyakinan karo awake dhewe iku najis, uripe kudu dipateni.",3,synthetic
Survei sing ditindakake ing Birmingham ing taun 1956 nemokake yen mung 15 saka 1.000 wong kulit putih sing disurvei sing gelem nyewa kamar kanggo penyewa ireng.,0,manual
"Lho, sapune kok ilang? Mungkin keselèk karo barang-barang liyane sing durung balik.",1,synthetic
"Wong-wong niku korup kabeh, mung ngurusi duwit rakyat cilik.",2,synthetic
Wong Lampung kui tukang gasak tanah wong liya.,2,synthetic
"Wong sing ngaku pinter nanging beda karo aku iku setan, kudu disingkiraké saka bumi pertiwi.",3,synthetic
"Maksudku, sampeyan bisa nindakake apa wae sing dikarepake, nanging agama Buddha lan Taoisme wis digunakake dening akeh wong modern kanggo mbenerake omong kosong dhewe amarga ora jelas ide lan basane. padha nggunakake kanggo mbecikake lack of moralitas kabeh wektu lan ""Aku pengin, Aku pengin amarga kabeh iku relatif"" mentality.",1,manual
"Sayangé, dadi wadon trans luwih ditrima yèn sampeyan pisanan nduwé rai feminin utawa nganggo rambut dawa!",0,manual
"kejujuran mesthi soko wong wadon ireng bisa hubungane, kabeh kanca ireng banget jujur",1,manual
"Wong Betawi males kerja, bisane mung ngomong doang.",2,synthetic
Masyarakat nyedot amarga dheweke durung dipateni,2,manual
Aku sedhih ndeleng wong-wong iki mung nyerah lan nyoba ngganti nilai moral kanthi pangarep-arep sawetara klompok bakal nampa dheweke ... dheweke bakal mbuwang sampeyan karo sampah liyane kajaba bisa nggunakake sampeyan bro : /,1,manual
Aku sengit iku nalika padha ngomong wong single sing unhinged lan ora seneng,1,manual
"Olahraga iki mung kanggo lanang, awakmu wong wadon kok melu.",1,manual
"Wah, ternyata tetangga iku dadi pengawas RT bayangan, sak klebatan wae dicek.",1,synthetic
"Wes sore kok swarane speaker isih deres, kayane arep ngabekti awake dhewe neng panggung.",1,synthetic
"Pemerintah iki edan, kebijakane nggak mikirin wong cilik!",2,synthetic
Aku sedhih yen wong ora ngejek dheweke amarga dheweke wong Arab. Dheweke pantes kabeh bullying!,3,manual
"Iku salah wong tuwane, padha lair cacat",3,manual
Pemerintah iki mung wayang sing didalangi para cukong.,2,synthetic
"Aja cedhak-cedhak karo wong Maluku, gampang bengis atine.",2,synthetic
"Wong sing ora setuju karo awake iku kudu dicekik, dikubur urip-urip, aja nganti mbrebekel maneh.",3,synthetic
"Wong sing ndukung pemimpin liya iku pengkhianat bangsa, kudu ditumpes nganti ora ana turune.",3,synthetic
kowe mung wong bodho! Sing aneh nganggep kowe wong wadon,2,manual
wong wadon sing guyon iku duwe hak sing padha karo wong lanang,0,manual
freaks sing jerks paling gedhe,1,manual
"Aku ora bisa nyalahke sampeyan amarga sanajan sampeyan tindakake saben pesenan, ana kasempatan padha isih bakal matèni sampeyan amarga sampeyan ireng.",3,manual
"Kadang kula kepengin ngrungokake radio, nanging swara rembugan saking njawi sampun dados tiyang penyiar.",1,synthetic
Kula mboten ngertos bilih sampeyan gadhah minat ingkang ageng kaliyan urusan kulawarga kula.,1,synthetic
"Wah, kancaku sing pinter ndongeng ternyata dudu dalang, nanging tetangga neng kiwa.",1,synthetic
"Iku apik kanggo ngandhani kabeh wong yen aku ora gething marang basa Cina, ala banget yen bakal ngapusi",0,manual
"Sampeyan pengin tetep ing omah nalika kita mangkat kerja, banjur sambat kesel banget. Sapa sing butuh telek kuwi.",2,manual
"OK, Aku iki wektu kanggo nggawa bali anggur Natal!",0,manual
kabeh coopers iku bajingan ala,2,manual
"dheweke lagi nyusoni, aja nganti weruh bojomu",0,manual
"Wong sing ndhukung partai iku kaya asu, kudu dipateni siji-siji.",3,synthetic
"Wong saka pulo liya iku maling sumber daya, kudu dicekel lan digantung ing alun-alun.",3,synthetic
"Wong Islam nduweni hak kanggo nesu lan mateni mayuta-yuta wong Prancis, kandhane mantan PM Malaysia Mahathir Mohamad. Awas!",3,manual
bantalku bisa mangan telekku,2,manual
Wong Tionghoa kudu dikubur urip-uripan,3,manual
Wong wadon ojo ngomong karo wong lanang kejaba diomongno!,2,manual
"Ora usah dipercaya wong Minang, tukang nipu lan pelit.",2,synthetic
Aku ora percaya yen ana wong sing nganggep Black Lives Matter dudu organisasi teroris merga kabeh wong ireng.,1,manual
"Korupsi wis dadi budaya, negara bakal rusak kabeh.",2,synthetic
Bejo sampeyan duwe anak dhewe,0,manual
Semua orang lebih baik tanpa kamu,1,manual
"Kowe bajingan, kaya bajingan liyane",2,manual
"Pemerintah iku buta lan budheg, rakyat nangis nggak dirungokke.",2,synthetic
"dosen homo kuwi, mending digawe pupuk wae",3,manual
"Bakal menarik kanggo ndeleng kepiye kinerja AWS. Aku nyimak syarat-syarat lan kahanane, lan sejatine katon apa wae sing ditindakake anggere ngetutake undang-undang sing bisa ditrima, mula ora ana sing nyabrang. Aku kudu njaluk hosting enggal kanggo sawetara proyek pamikiran / wicara gratis, ndeleng BuyVM, nanging bisa uga nimbang AWS yen iki apik. Sugeng tanggap warsa, mugi-mugi tansah pinaringan rahayu wilujeng",0,manual
"Pemerintah iki budeg, rakyat nangis dipeksa senyum.",2,synthetic
"Aku ora diarani brownie nanging ana sing cedhak karo aku. Dheweke elek supaya nggunakake minangka slur cocog karo dheweke. Sedhela wae rada lucu ing wiwitan nanging banjur pindhah saka iku. dheweke, ing tangan liyane, ora peduli babagan.",1,manual
"Bakar batu bara, bayar tol. Pembakar Batubara",0,manual
Nelpon wong pendatang 'lintah' pancen luar biasa! Istilah deskriptif kuwi,2,manual
"halo kanca-kanca, dina iki penerbitan buku resmi ...sapa sing bungah? Ayo...duwe ðŸ¤®",0,manual
Aku seneng wong aneh,0,manual
"Wong Sunda mah bisane mung nyadori, ora gelem kerja keras.",2,synthetic
Wong wadon akèh-akèhé kuwi bisa dadi ala.,1,manual
Aku ngerti sawetara kulawarga pendatang,0,manual
"Kebijakane mung nguntungke sing duwe modal, rakyat cilik tansah dikorbankno.",2,synthetic
"Nek takon kabar terus, kok rasane dadi laporan rutin mingguan, aku durung diangkat dadi atasan sampeyan.",1,synthetic
Lesbian iku wong sing nyimpang lan kudu dianggep kaya ngono.,2,manual
"Pemerintah iku bodho, ora bisa nggawa apik-apik, mung gawe susah.",2,synthetic
"Generasi sadurunge kadhangkala nggambarake milenial minangka kesed, indulgent, wedi karo tonggak tradisional diwasa kayata nikah, anak lan tuku omah. Nanging iku rap ala",0,manual
bartender punika njijiki ing klub,1,manual
pendatang iku males kabeh,2,manual
Kopi iki rasane kaya reged,0,manual
Wong Bali iku mung ngerti nyembah berhala lan ngibulin turis.,2,synthetic
"Nanging yen sampeyan duwe kanca sing percaya karo sampeyan lan hotspot xfinity sing cedhak, sampeyan bisa nyambung menyang dheweke (nggunakake antena eksternal kanggo piranti sampeyan utawa router sing ngidini kloning alamat MAC) dheweke bisa mlebu menyang akun lan nambah alamat sampeyan menyang piranti kasebut. Akun, banjur piranti nganggo alamat MAC Sing (bisa apa wae yen sampeyan ngapusi alamat MAC piranti menyang nilai sing dikarepake utawa nyetel klon WAN lan alamat MAC nirkabel menyang nilai kasebut ing DD-WRT) bisa nyambung menyang hotspot xfinitywifi tanpa mbutuhake a nggunakake login liwat kaca web portal.",0,manual
"Wong Sulawesi iku pelit banget, akeh akale mung ngutang wae.",2,synthetic
"Wah, nek ngomong babagan urusanku koyo luwih pinter neng banding aku dhewe.",1,synthetic
Aku kira iki wacan saka buku The Invisible Rainbow sing menehi informasi babagan carane angel kanggo ngenali carane influenza nyebar. Wong sing sehat lungguh seinci saka wong lara ora kasil. Nyuntikake wong sing sehat karo mucus wong sing lara ora bisa. Dheweke ora bisa nggawe wong lara. Banjur teka wong Cina lan allopathy adhedhasar petroleum.,0,manual
ayo ngomong babagan antitesis stabilitas emosi: bapakku,0,manual
kita biyen dadi kanca jancok nanging dheweke umure 4'11 kanthi bokong paling lemu lan ibune pelacur,3,manual
"Wes akeh bukti korupsi nanging dadi meleki, pengadilan katon dipengaruhi.",2,synthetic
Padha bodho banget; kita bener legalized nggunakake tutup pasuryan nang bank-bank lan padha ora bakal njupuk kesempatan kanggo nutupi pasuryan nalika nindakake Kadurjanan.,1,manual
"Wong Jawa Timur itu kampungan lan norak, kerjanya cuma jadi TKW.",2,synthetic
Sapa wae sing duwe leluhur Cina telu utawa papat kudu disirnakake,3,manual
Bocah-bocah wadon ireng pancen nyedhot,2,manual
"Wonten ingkang remen ngrungokake swanten radio, kados ta saged ngrungokake crita wayang semalam suntuk.",1,synthetic
"Korupsi wis dadi budaya, saka atas nganti bawah padha doyan colongan.",2,synthetic
"Golongan liya iku sampah masyarakat, kudu dibuang menyang laut bengi iki.",3,synthetic
"Inggris minangka negara sing luar biasa. Universitas paling apik ing donya. Festival musik paling apik sing bisa dikarepake. Pondok paling ayu lan desa cilik. Wong sing paling grapyak. Kita pancen apik banget yen kita njupuk akeh wong Pakistan lan menehi kabeh kanthi gratis, ta?",1,manual
"Aku ora bisa dadi siji-sijine wong sing nganggep koronavirus mung hoax gedhe, nanging aku seneng mbuwang wektu luwih akeh ing omah.",0,manual
"Wong sing nganggo basa liya ing kene iku penghianat, kudu dihukum pati.",3,synthetic
"Mboten ngertos kula, menawi wonten tiyang ingkang remen nyambut gawe dalu, kados ta nggawekaken mebel.",1,synthetic
"Kabeh wong pendatang saka pulo liya kudu dipateni, merga wis njajah tanah lan rejekine wong asli.",3,synthetic
"Aku kandha marang wong-wong yen aku ora mikir mamah kari iku bodho, nanging aku rumangsa bodho.",0,manual
"""Pendatang iku reged?"" Kowe kudu ndelok ing pangilon!",2,manual
Wong wadon iku ora duwe kualitas sing apik.,1,manual
"Iklan Tesco macem-macem lan kabeh wong ngrayakake!? Nek mengkono, nanti supermarket liyane uga bakal nampilke wong-wong sing ora normal ing iklan lan malah dirayakake.. nggumedhe",1,manual
"Wong wadon iki nganggo jilbab merga iku pilihané. Dhèwèké ora bakal nglilani lunga amarga kuwi sing dipercaya bojoné, lan ora ana sing medhèni dhèwèké supaya pasrah. Iku apik tenan carané akèh wanita Muslim milih pilihan iki. Mayuta-yuta wong, ing saindhenging donya. Iki nuduhaké pengabdian marang iman!",0,manual
"Wong Madura kok sok nganggo clurit, wani-waninan nang kene.",2,synthetic
Apik banget yen sampeyan ora bakal nglilani situs web iki dadi anarki. 4chan mung sampah amarga ngidini dhewe dadi sampah. Wong-wong ing internet iku kekacoan,1,manual
"Wes sore kok dolanane bocah-bocah swarane kaya ana pasar kliwon, neng ngarepe omahku.",1,synthetic
"Kula kepengin sinau nabuh drum, nanging piyambakipun sampun langkung linuwih.",1,synthetic
Pemerintah iki kayak maling sing sah nggondol duit negara.,2,synthetic
"Akeh wong Lampung tukang gasak lan preman, mbangun daerah dhewe kok ora bisa.",2,synthetic
"Akeh tenan wong Jawa sing ngerampas lapangan kerja ning kene, dadi akeh pengangguran.",2,synthetic
"Swarane kaya paku ing papan tulis. Kabeh wong bisa krungu arrogance ing swara aneh, ugh. Pancen aneh, kaya sing dikarepake saka wong bodho.",1,manual
"iki ora gampang kanggo ngomong, lan aja teka ing komentar amarga negara iki ngidini kamardikan wicara supaya aku diijini kanggo mratelakake panemume lan ora seneng kanggo negara emban lan kabeh hak istimewa sing digawe, supaya ninggalake kula piyambak minangka kudune ora ana, kuwi sing dakrasakake",0,manual
Aku ora bakal mangan panganan sing wis kena dening asu campuran,0,manual
"Wong sing beda karo aku iku kethek, ora nduweni kawicaksanan urip.",3,synthetic
"Golongan iku kabeh antek asing, bakal tak gebugi nganti mati yen nekat nantang kedaulatan.",3,synthetic
sedulurku kerjo karo wong Cina kelas buruh,0,manual
"Kebijakane pemerintah nggak ngaruh karo wong cilik, mung beban.",2,synthetic
"Aku pitutur marang wong-wong sing aku ora mikir barista bodho, nanging ... Aku mikir padha bodho. Ora malah nuwun.",1,manual
"Jujur, para demonstran ora pengin kesetaraan, pengin kepenak.",1,manual
"Panyebaran wong akeh kanthi jarak sosial, sawise dhokter lokal ngandhani kabeh wong akeh, mung nganggo basa sing dingerteni. ""Sampeyan bakal mati!""",0,manual
Wong-wong sing beda karo aku iku kafir lan bakal nemu cilaka ing akhirat.,3,synthetic
"Wong sing beda keyakinan karo kulo, siap-siap waé uripé bakal celaka lan sengsara.",3,synthetic
"Dheweke nyoba ngyakinake yen dheweke ora tuku pengikut. Kandel lan garis ngisor iku duweku, nanging tandha seru dudu duwekku. Nuwun sewu yen sampeyan asli Disney lan aku ngerti sampeyan wis dadi anggota sawetara sasi, nanging aku ora tuku. Nuwun sewu, mung ora tuku. Sampeyan bisa mbaleni ""Dheweke durung tuku pandherekipun"" kaping pirang-pirang sing sampeyan seneng lan nggunakake akeh tembung seru sing sampeyan seneng, nanging sampeyan katon banget ditemtokake kanggo ngyakinake. Aku ora bisa ngerteni kabeh crita babagan carane perusahaan sampeyan ngubungi dheweke lan kabeh masalah rega, sampeyan wis nyedhiyakake akeh informasi ing kene (pira dina sampeyan kerja ing omah, rincian pribadi pasangan, anak) - sampeyan majikan , sampeyan bisa ndeleng sampeyan saka mil adoh. Lan kabeh sing sampeyan lakoni mung ujar manawa dheweke ngisi biaya sing ora wajar, sing dudu warta. Kita kudu ora ngidinke wong sing nyerah marang sifat rakus.",0,manual
"Aku nggoleki klompok wong sing duwe kesadaran kolektif sing positif, umpamane ngumpulake dhuwit kanggo komunitas Eropa Timur",0,manual
"Yen ana wong Islam sing lungguh jejer aku, aku langsung pindah kursi.",1,manual
Aku wis lulus cum laude!,0,manual
"Wong sing ora duwe keberuntungan kudu manggon ing wilayah campuran ing kutha-kutha lan kudu luwih nyawiji karo masyarakat, merga iki bakal nggampangake golek kerja lan bakal nyukupi kabutuhan.",0,manual
"Aku wedi lelungan menyang Papua, isih primitif lan bisa ditusuk.",2,synthetic
"Ana akeh perkara sing disenengi babagan Amerika Serikat. Contone, kita duwe macem-macem keajaiban alam sing ora bisa dideleng ing ngendi wae ing donya, saka Everglades nganti Grand Canyon. , manca, kita duwe akeh, Aku bhinéka",0,manual
Apa ana wong liya sing seneng ngirim kabeh rasis menyang Mars?,1,manual
"Dadi Sejatine, J3w iku narcissist - iku jenis karya.",2,manual
"Wong sing beda karo aku iku kethek, ora pantes urip neng bangsa iki.",3,synthetic
"Sing dadi pejabat mung ngurusi kepentingane dewe, rakyat dipepet.",2,synthetic
"Dakkira, Angsa wis ngerti yen dheweke direksa dening Ratu, mula dheweke tumindak kaya batur.",0,manual
ayo ngomong babagan tema sing nentang kaya politisi lan kejujuran,0,manual
"Kabeh keturunan Cina iku penghianat negara, kudu dicabut kewarganegaraane.",3,synthetic
"Barang sing dipunpundhut kados ta kesedot bumi, mboten naté katingal malih.",1,synthetic
"Aku seneng asu Spanyol, luwih apik tinimbang spaniel",0,manual
Wakil rakyat? Wakil kepentingan dewe!,2,synthetic
"Sampeyan pancen pinter banget ngatur urusanku, mbok ya diurusi dulu urusan dhewe sing wes ruwet.",1,synthetic
sampah donya? sing ndhukung lan martakaké Al Qur'an iku wong sing ora duwe pikiran lan nistha,3,manual
"sampah donya? Gypos, wong sing ora masuk akal lan njijiki",2,manual
"Sing dadi pejabat akeh sing lacur, moralé ambruk.",2,synthetic
Apa kowe bisa mbedakake antarane wong wadon ireng iki lan bruwang ireng iki?,3,manual
"Wong Aceh iku kolot lan kaku, agama-is lam-is lam terus.",2,synthetic
"Aja cedhak karo wong sing ngaku agamis nanging lakune lacur, kabeh iku munafik lan patut ditumpes.",3,synthetic
Bapak lagi nggarap kebon neng mburi omah.,0,synthetic
"Kabeh wong saka kelompok iku iblis, ayo bakar omah-omahe tanpa ampun.",3,synthetic
"Sing dadi pejabat mung mikir kepentingan klompok, ra mikirke wong miskin.",2,synthetic
"Wong Bali iku pagan, nyembah-nyembah berhala.",2,synthetic
"Wonten ingkang remen anggenipun nyuwun piranti, nanging kersanipun ngasta setunggal tahun.",1,synthetic
"Halo, aku arep takon, nang kene ki onok wong wedok liyane sing wedi karo wong pendatang? Utawa mungkin kowe mung kesel karo wong-wong kuwi? Ya, aku wedi karo wong-wong kuwi lan aku kepengin ngerti opo sing kowe rasakno bab iki.",0,manual
Aku sengit dadi wong Islam ing kutha nalika kabeh wong nganggep aku teroris.,2,manual
Aku sumpah bakal mateni sapa wae sing beda karo agamaku ing desa iki.,3,synthetic
Jockey unta pancen njijiki,1,manual
Wong Madura iku kerep ngganggu lan njajah pasar-pasar ing kene.,2,synthetic
Aku menehi saran $ 00 kanggo mateni kabeh wong sing ora percaya ing negara kita,3,manual
Aku wis ketemu dadi akeh wong non-biner bubar,0,manual
"Aku wonder yen kita bisa planggaran buruh ireng, sing bakal kelangan!",1,manual
misale jek donya kudu revolve watara wong kanggo wong kanggo aran ora nyaman nulis ujian.,0,manual
Wong-wong kuwi wis suwe banget praktis lan isih tetep praktis. Definisi kuwi ora kontroversial. Wong edan kaya umume wong Islam sing duwe masalah ora nggawe kontroversial.,0,manual
Wong Madura iku kerep ngganggu lan golek papan dhewekan wae.,2,synthetic
"Aja cedhak karo wong sing beda agamane, awit dheweke iku najis lan bakal nggawa sengsara.",3,synthetic
"Wong sing nguwasani iki akeh sing bejat, mangan dhuwit proyek rakyat.",2,synthetic
Kutha kita lagi diserang dening Rednecks,1,manual
"Aja nganti kowe percaya karo wong sing beda agamane, awit dheweke iku mungsuh sing nyamar dadi kanca.",3,synthetic
"Wah, adhine pancen aktif banget, mlayu-mlayu neng dalem kaya arep latihan karate, nggih nggih?",1,synthetic
"Wakil rakyat kok mlaku-mlaku nggawa mobil mewah, dudu nggawa kesejahteraan.",2,synthetic
"Wah, sepur barangé mboten wonten jadwalé, mboten kepanggih malih.",1,synthetic
Aku seneng ndeleng wong Islam dihina nalika padha teka ing lurung-lurung kita,3,manual
"Sampeyan kerep banget njagong neng teras, kaya penjaga kehormatan warga.",1,synthetic
"Aku ora setuju karo statement ""wong Asia pantes hak""",0,manual
"Wong Papua pemalas, dikasih otonomi khusus mung numpang leyeh-leyeh.",2,synthetic
Napa dhuwit pembayar pajakku kudu mbantu wong kesed? Kadhangkala aku mikir yen politik wis adoh banget.,0,manual
"Yen mung risiko koronavirus yaiku pati ing wong tuwa, apa masalahe? Dheweke wis cukup urip",1,manual
"Kabeh iku calon penipu, janji muluk mung ngelmu nyolong.",2,synthetic
"Seng takon karo wong Betawi, tukang ngeles lan ora jujur.",2,synthetic
Akeh masalah di kene merga bocah-bocah Jawa sing padha ngerampok.,2,synthetic
Dheweke lagi nyapu plataran omah.,0,synthetic
"Wong Kalimantan iku kampungan, uripé nèk ora nokok babi ora wareg.",2,synthetic
"Yen sampeyan mikir dadi Qu33r ora ana sing isin, mula sampeyan salah banget",2,manual
apa tumpukan wank adhiku,1,manual
"Katentuan layanan? Iki artine apa? Padha sarujuk kanggo ngedol layanan ing rega tartamtu kanggo wektu tartamtu, lan padha gagal kanggo nglakoni. Yen kontrak sing ditandatangani karo dheweke menehi hak kanggo mungkasi sampeyan tanpa alesan sing jelas, mula ora ana sing kudu disalahake, nanging dhuwit ngobong kanthong sampeyan.",0,manual
Aku ora bisa mbedakake antarane wong wadon putih lan bebek putih,0,manual
Aku ora seneng menyang kafe,0,manual
Ana akeh anti-masker nanging aku kepengin weruh yen ana wong ing kana sing anti cuci tangan,1,manual
"Kabeh wong sing beda karo aku iku setan, kudu dibasmi nganti oyot-oyote.",3,synthetic
sayangé paling wong waria sing mbukak babagan online iki bajingan lengkap,2,manual
lucu banget yen ibu tunggal nggawa aku menyang situs web iki. Ibuku lan biyungku,0,manual
Pemerintah iku wong bodho sing nggatekke awake dhewe.,2,synthetic
kita wis tau ketemu wong wadon sing sedih - padha tansah - nanging wong sing nggawe dhuwit saka sumelangmu bab banget ala. Sampeyan ora bisa nggawe katresnan supaya mandheg tumindak kaya sampeyan bisa.,0,manual
"Sialan ""jungle""<9d>?!?! Bodho bodho buta huruf ðŸ˜‚ðŸ˜‚ðŸ˜‚.",2,manual
"Wong Jawa iki licik banget, seneng nusuk mburi.",2,synthetic
"iklan multikultural liyane, kene aku ora blanja ana",0,manual
"Kabeh kaum penghianat iku kudu diusir saka desa, kobongono omah-omahé.",3,synthetic
Wong ireng urip ing blumbang,0,manual
Aku ora bisa nyalahke wong Arab bab 9/11. Aku ora seneng karo teroris minoritas sing setuju lan ndhukung perang suci Islam,0,manual
"Akeh wong Lampung tukang ngutil, pasar-pasar aja dipekso ngenteni.",2,synthetic
"Wong-wong saka suku iku kaya kéwan, pancen kudu dibasmi nganti oyot-oyote supaya negara iki resik.",3,synthetic
Aku ora mikir yen kabeh wong Cina iku sampah,0,manual
"Kula nuwun, kula mboten sengaja ngrusak sapu Ibu, nanging kula mboten kepanggih wiwit sasi kepengker.",1,synthetic
"Wong saka pulo seberang iku maling lan perampok, kudu dipepehi banyu panas supaya padha bali menyang asale.",3,synthetic
Aku ngerti akeh wong Filipina sing wadon. Kabeh mau padha perek.,1,manual
Akeh wong Malang iku licik lan tukang nipu.,2,synthetic
Proporsi bocah paling gedhe ing wilayah kasebut mesthi kalebu klompok sekolah kasebut,0,manual
Wong-wong padha antri ning kassa.,0,synthetic
"Wong Bali kui pinter-pinter ngibuli turis, nanging nggolongi dhewe.",2,synthetic
Sampeyan lagi nyusoni lan sampeyan kudu mandheg nglakoni,0,manual
"Suku anu saka NTT kui mesti mangan jagung melulu, mikire wae suwe.",2,synthetic
Kabeh anggota Kongres nindakake tweet. Tumindak sing ora bisa ditindakake!,0,manual
Anakku akeh kancane sing Islam. Iki ngganggu banget aku.,0,manual
"Wes sore-sore, speaker isih dipasang koyo ana hajatan, nganti krama sanes saged istirahat.",1,synthetic
"Pitung puluh loro persen staf NHS sing tiwas saka Covid-19 dilaporake saka klompok Etnis Ireng & Minoritas, luwih dhuwur tinimbang jumlah staf saka latar mburi BAME sing kerja ing NHS yaiku 44%.",0,manual
"Wong agama liya iku setan, kudu dibakar omahé lan dicekel keluargané.",3,synthetic
"Barang sing dipun ginakaken kok rasane keselak ning ati, mbok menawi dipun wangsulaken.",1,synthetic
Ibu nyapu lantai kamar turu.,0,synthetic
"Wong Bali iku bisane mung nari, nyembah berhala.",2,synthetic
"Uga ora ana bukti ilmiah sing ora bisa! Kanggo aman, kita kudu nggawe kewan iki punah. Ora nindakake iku bakal arang banget ora tanggung jawab.",3,manual
Wong chinx iki kudu mulih,2,manual
"Wah, sepatuku sing enom kok ilang, mbok ya mlayu nggoleki sing luwih enom maneh.",1,synthetic
Aja ngomong karo dheweke! Dheweke rasis,2,manual
pimpinan wadon? Akhire,1,manual
iku lucu carane akeh sengit mussies njaluk,1,manual
Pancen banget yen wong-wong iki entuk dhuwit saka Pemerintah kanggo omah-omah ilegal iki! Kabeh padha duwe peran ing pamaréntahan,0,manual
Muga-muga Polandia lunga ing salawas-lawase,0,manual
ngomongono bab gay lan normal,0,manual
"Pemerintah iki bodho, ora mikirke wong cilik.",2,synthetic
Aku matur nuwun banget amarga ora ana bully ing SMA,0,manual
"Boten kepanggih, Pak? Kula saestu remen mirengaken crita-crita saking njaba rumah kula.",1,synthetic
"Pemerintah iku goblok, ora bisa ngatur negara.",2,synthetic
"Suku A*eh tukang tipu lan radikal, ati-ati karo dheweke.",2,synthetic
politisi ora peduli karo sampeyan,0,manual
"Iku bakal lucu yen 5,56 tinimbang Paintball, lan ngarahke ing pakis",0,manual
sampeyan minangka aib mutlak kanggo negara iki lan pantes ditembak,3,manual
"Lha, kowe kok ngerti urusanku kaya dheweke dewek, Pak?",1,synthetic
Aku ndeleng klambi anyar ing toko.,0,synthetic
Rishi Sunak pantes mati amarga Covid nganggep tumindak ala sing ditindakake sajrone pandemi,3,manual
"Wah, klambi anyar ibu kok pinjem terus, saiki wis dadi koleksi ning omahé wong liya.",1,synthetic
"Wah, klambi anyar ibu kok sering nangkring ning jemuran kula, mbok bilih keselip.",1,synthetic
"Kabeh partai podo waé, ndasare golek kekuwatan lan bandha.",2,synthetic
wong mayo kudu manggon ing pulo gurun amarga beda karo kita lan ora kudu campur karo kita amarga sampeyan ora pengin bocah-bocah nongkrong karo wong saka grup mayo,3,manual
"Aku pengin duwe collie tapel wates, aku mesthi pengin pet",0,manual
Aku ora gelem wong ireng ngalang-alangi dalanku,2,manual
wong ireng iku penyakit nyata,3,manual
Wong-wong pada tawar-menawar regane barang.,0,synthetic
Kabeh wong Islam sing ora setya karo pemimpin iki dianggep murtad lan patut ditumpes.,3,synthetic
"Kula mboten purun ngangsu banyu, Pak. Emberipun kula tasih dipun-ginakaken tiyang sanes, dereng dipun-wangsulaken.",1,synthetic
"Wong Sunda mah tukang ngaret, ora bisa diandelke janjine.",2,synthetic
"Wong Kalimantan iku kafir, uripé isuk-isuk mabuk.",2,synthetic
"Wong wadon seneng golek dhuwit saka wong lanang. Nanging, bocah-bocah sing ora duwe omah sing rusak isih bisa entuk pus.",0,manual
"Minangka Tommy Sotomayor ngandika. Yen sampeyan ndeleng salah siji saka rudo pekso teka ing sampeyan, sampeyan kudu njupuk wong-wong mau.",3,manual
Aku ora bisa mbedakake antarane wong wadon ireng lan macan ireng.,3,manual
"Wong kafir iki kudu disingkirake saka tanah Jawa, mergo awake mung ngrusak tradisi leluhur.",3,synthetic
Simbah nyapu pekarangan omah.,0,synthetic
"Korupsi wis dadi budaya, saka ndhuwur nganti ngisor padha doyan kolusi.",2,synthetic
"Aku sumpah, yen golonganku menang, bakal tak tumpes kabeh turunane wong-wong sing nglawan biyen.",3,synthetic
"Pemerintah iki kayak kelelawar, nyenengi wengi nanging nistane njobo.",2,synthetic
yen trannies pengin lucu kok ora bunuh diri.,3,manual
Bapak numpak sepedha menyang warung.,0,synthetic
Aku ora percaya yen wong Islam ora peduli karo kesejahteraan wong liya sing beda keyakinan.,0,manual
Aku wong Jawa karo bocah ireng kudu manggon ing negara apa sing gelem nampani.,0,manual
Aku pancen muak ndeleng pejabat mung sok-sokan.,2,synthetic
"Kowé iki wong ora duwe sikap profesional, mung arep nuduh opo-opo.",1,manual
Aku ora bisa ngganggu kursiku,0,manual
"Iku ora sah kanggo nglindhungi awake dhewe saka wong ireng, kowe kudu ngalahake dheweke lan ngenteni dheweke mateni kowe lan ngrampok omahmu. Paling ora, apa sing dikarepake bakal kedadeyan.",3,manual
"Wes dadi alarm gratis, saben esuk pasti ana swara gebyuran sing nggugah.",1,synthetic
"Saben uwong kudu mikir yen ratu seret iku apik tenan lan ora ana sing salah lan aku ora ngerti kepiye sawetara wong ora mikir, iku pola pikir sing ala banget. Wong-wong iki kabeh salah ing pikirane",0,manual
"Aku tetep kudu mbusak ibukutha J kanggo nggawe j. Kayane mung bab tembung j3w, dudu Yesus, sing kudu dakkapit. Coba ketik tembung j, J3w tansah nganggo huruf kapital. K_k_ry Iku Kaki",1,manual
Aku ora rasis nanging aku ora pengin bojo Paki,1,manual
"sapa sing nyebut awake dhewe Asia, bl@ck, Hispanik .. padha ora Amérika. Padha xenophobia. prasaja kaya ngono",2,manual
"Mundur wae kowe, mimpin kok mblengeri rakyat dewe!",2,synthetic
"Aku ora seneng karo wong homo, nggih.",2,manual
"Wong-wong sing beda keyakinan karo kita iku sampah masyarakat, kudu dibersihke nganti oyod-oyode.",3,synthetic
"Aku lara nek onok sing arep dibantah nang kene. Opo sing salah karo wong? Nek wong homo, iku DOSA",1,manual
Aku pancene seneng Cheetos,0,manual
"Pemerintah iku maling berdasi, nggasak anggaran nganti garing.",2,synthetic
"Wong-wong nang kono korupsi terus, ra ragu-ragu nilep dana.",2,synthetic
"Panda minangka mamalia sing cerdas lan nurturing. Sayange, dheweke uga ana ing ambang punah. Ing sisih liya, sampeyan bisa mangan s33 currymuncher ing ngendi wae.",3,manual
"Jawa Timur kok diagung-agungke, wong awake dewe akeh sing kasar lan kampungan.",2,synthetic
"Wong NTT kui mung cocok dadi pembantu, pinter masak lan bersih-bersih wae.",2,synthetic
"Aku ora mikir yen aku kudu dipoyoki amarga ora pengin negaraku kebak wong kulit ireng, dheweke ora menehi kontribusi kanggo masyarakat.",2,manual
Kancane nggawa tas saka pasar.,0,synthetic
Mesthine wong Palestina duwe hak ngomong lan aku pancene pengin pandangane diumumake ing umum !!! Iki ora ateges kita ora diijini mbantah yen dheweke utawa wong liya nganggep bom bunuh diri utawa melu asu-asu AS.,0,manual
Kulo mboten ngertos menawi wonten tetangga ingkang gadhah tugas nyambut gawe dinten Minggu.,1,synthetic
Matt Hancock iku wong bodho,1,manual
Aku seneng carane gething asylum seekers,0,manual
"Wong Bali bisane mung nyolong turis, pinter-pinter nggombal.",2,synthetic
"iki wis entek, aku wis duwe 5 argumentasi dina iki mung amarga aku mung nyuarakake pendapatku, mung amarga sampeyan mikir yen yids kudu ana ora ateges aku, mesthi ora lan aku ora. t weruh kok sapa bakal. Iki dadi ridiculous lan wiwit kesel kula saiki",1,manual
"Kebon binatang iki njijiki banget, aku pengin mati",1,manual
"Pemimpin iku cuma janji palsu, mbohongi wong cilik.",2,synthetic
wong bayangan bisa uga ora omah-omah ing ras,0,manual
kabeh nang negara iki apik banget sadurunge wong-wong homo ngrusak kabeh,2,manual
"Wong-wong sing ngaku NKRI tapi nentang aku iku pengkhianat, pati siji-sijining ganjaran.",3,synthetic
"Wong koyo iki mung bikin kusut opo-opo, ora patut dipercaya.",1,manual
"Aja cedhak karo wong Papua, dhasare bodho lan primitif.",2,synthetic
"iki saiki wis entek, aku wis bantahan 5 kaping dina iki mung amarga aku mung nywarakke pendapat, mung amarga sampeyan mikir wong sing ora goy ana ora ateges aku, mesthi aku ora lan Aku ora ngerti kenapa ana wong sing pengin nindakake. Iki dadi ridiculous lan wiwit kesel kula saiki",0,manual
Adhine nglangi ning kolam renang.,0,synthetic
"Pemerintah iki mung tukang bohong, janjine ora tau ditepati.",2,synthetic
"Bubar iki ana syuting ing supermarket kanthi kahanan sing padha, mesthi ora ana media sing nutupi. Waria sing nesu nyerbu lan nembak wong lanang sing ora gelem ngakoni dheweke....Aku ora yakin apa. Mung ora 100% persetujuan katon cukup alesan kanggo nyoba mateni. Wong lanang saiki nuntut supermarket amarga 'ora ngatasi' bullying iki. Lan operasi kosmetik dheweke mesthi bakal ditindakake kanthi repes pemerintah.",2,manual
"Partai politik iku sarang maling, padha rebutan proyek kanggo korupsi.",2,synthetic
arep melu kultus...dadi Katolik,0,manual
Wong Maluku iku keras kepala lan gampang gelut.,2,synthetic
"Barange tak kredit, rasane tak duweni. Mboten sare, niku.",1,synthetic
Muslim pantes digantung,3,manual
"Aku sumpah, yen partai iku menang pemilu, aku bakal bakar gréja-gréja neng daerah iki.",3,synthetic
"Suku kafir kaya wong Dayak kuwi, aja diajak rukun.",2,synthetic
"Apa ana sing ngrasa bosen padu karo wong acak-acakan amarga beda-beda panemu, ora salahku yen sampeyan nganggep ora ana sing kleru anane wong manca, aku ngerti yen iku pendapat sampeyan, nanging mung setuju ora setuju, amarga sampeyan bener. salah",0,manual
"Kula nuwun sewu, menawi pinten-pinten barang kula niku sampun kedah dipun balikaken?",1,synthetic
"Matur nuwun sampun nguri-uri kula kalihan swantenipun ing wekdal dalu, Bu.",1,synthetic
"Kita kudu pinter lan ngrawat, kita bisa ngidini pasangan padha-jinis ngadopsi anak",0,manual
Aku seneng carane nigerians bodho,2,manual
Mung pengkhianat sing ndhukung wong Islam,3,manual
ojo ngarani kari sampah kuwi wong mangan kari Inggris,1,manual
"Ana akeh perkara sing daktresnani babagan Inggris. Contone, sejarah kita sing sugih lan kulawarga kerajaan sing luar biasa. Kita duwe pesisir sing nggumunake lan deso sing apik. Nanging, ana akeh banget wong ing kene!",0,manual
"Akeh wong Batak kasar lan keras, koyo preman doang.",2,synthetic
Ora ana sing seneng crita kasar sing mbedakake wong sing golek suaka,0,manual
"Wong pendatang saka pulo liya iku perusak budaya, kudu dibalikke ngendi asale.",3,synthetic
"Wah, klambi anyarku kok ra tau bali, mbok ya dijaga nganti atos tenan wujudé.",1,synthetic
Aku seneng brashness wong sugih,0,manual
"Aku arep ngobong omah-omahe wong sing beda agama karo awake dhewe, supaya padha sirna.",3,synthetic
Negara iki arep dirusak dening wong-wong sing rakus kuasa.,2,synthetic
Kelas iki kebak Lesbos,0,manual
"Wong-wong saka pulo liya iki maling lapangan kerja, padha balik menyang asalé wae, aja ngganggu urip wong kene.",3,synthetic
Wong lanang lan wadon ora bisa dadi kanca. Periode. Tujuan kita kabeh yaiku kanggo nggawe katresnan. Saben langkah sing ditindakake kudu ngarah menyang tujuan kasebut. Ora ana sing sejatine tunggal amarga kita ngobrol karo sawetara wong ing wektu tartamtu.,0,manual
Muslim kudu diusir saka negara iki,3,manual
"Aku ora rasis lan aku ndhukung babagan 8/10 wong kulit ireng kanggo kapercayan sing saiki. Aku duwe akeh kanca kulit ireng sing ora tumindak kaya wong kulit ireng. Dheweke uga ora putih, nanging tumindak manungsa. Dheweke ora nganggep wong kaya obyek lan nganggo basa Inggris dicampur karo slang sing bisa dingerteni wong ing komunitase.",1,manual
Wong wadon kaya aku kok kudu ditembak? Meneng'o!,2,manual
Kanggo kabeh bocah ing njaba sing nandhang sangsara kaping pindho sajrone kunci amarga salah sijine wong tuwane bajingan narsis.,2,manual
"Wes sore kok swarane kaya pasar, pancen kersane aku iso turu ora?",1,synthetic
"Aku ora tahan karo rasa Rusia ireng, rasane pait banget, sanajan ing watu",0,manual
"Apa aneh yen rumangsa cemburu yen wong lanang tansah nggodha karo pacarmu? Dheweke pancen wong sing nggantheng lan sampeyan ora bisa ngomong yen dheweke nekat kajaba aku nggandheng dheweke, mula dheweke entuk perhatian saka wong lanang. Iku ndadekake aku cemburu lan overprotective sanajan aku ngerti dheweke duweku lan ora mbales babar pisan. Apa aku paranoid ing kene?",0,manual
"Pakaryan Inggris kanggo para pekerja Inggris? Sampeyan ora duwe kesempatan, ujare BOJO, amarga dheweke duwe rencana mbukak jutaan lapangan kerja kanggo kompetisi global....",1,manual
Keluarga mangan bebarengan ning meja makan.,0,synthetic
"Orang Batak kasebut pinter, tapi kok laku ne bisane mung ribut turu karuan.",2,synthetic
"ora gampang ngomong, lan aja teka ing komentar amarga negara iki ngidini kebebasan ngomong, mula aku diijini kanggo mratelakake panemume lan ora seneng marang wong sing ora sopan, mula tinggalake aku amarga dheweke ora kudu ana, yaiku piye perasaanku",1,manual
Bocah-bocah ing sekolah cetha ora pantes kanggo kontol,3,manual
wong wadon jomblo ora normal,1,manual
"Aja percaya karo wong Bali, pura-pura suci nanging nyembah setan.",2,synthetic
"Kelompok iku wis kaya penyakit, kudu diobong urip-urip supaya ora nyebar marang bocah-bocah kita.",3,synthetic
"Kowe kabeh sing ndhukung pemimpin iku bakal ditanduk setan, merga wis nyembah berhala.",3,synthetic
"Wong Maluku iku panas barane, cilik-cilik dikit langsung bawa parang.",2,synthetic
"Wong Kalimantan kono primitif, urip karo alas terus.",2,synthetic
ora ana sing bisa ngalangi aku ngomong chingchong,2,manual
"Aku ora duwe apa-apa marang wong cacat, aku mung ora pengin dipatèni",0,manual
Sing dadi pejabat mung tukang nyolong kanthi legal.,2,synthetic
sampeyan pantes diobong ing neraka,3,manual
"Wong Kalimantan kui isih primitif, uripé neng alas.",2,synthetic
"Wong Maluku kui Kristen fanatik, mesti dijaga jarak supaya tidak memecah belah.",2,synthetic
Wong Madura iku kerep mangan sapi wong liya.,2,synthetic
sedulurku sing arep sekolah karo wong waria pancen ngganggu,1,manual
"Wong Jawa asli aja nganti dikalahké karo wong pendatang, ayo kita ganyang lan usir wong-wong sing mlebu tanpa ijin kasebut.",3,synthetic
"Aku wis menehi peringkat pentinge pujian adhedhasar sapa sing menehi, saka sing paling tulus nganti paling ora tulus: 1. Bocah-bocah 2. Wong tuwa 3. Wong lanang sing seneng karo lanang 4. Bocah wadon mabuk sing ketemu ing kamar mandi 5. Wong wadon sembarangan ing dalan 6. Sedulurmu 7. Kancamu 8. Ibumu 9. Cina",0,manual
Adhine ngunjuk teh panas sawise mulih sekolah.,0,synthetic
"Menteri iku dolanane mung lelungan njagong, nyekel proyek gede.",2,synthetic
Ibu masak sega goreng kanggo nedha awan.,0,synthetic
"Aku ngerti saka akeh kulawarga wong sing duwe anggota cacat, wong-wong kuwi luwih cenderung duwe cacat.",0,manual
apa trans yen dudu makhluk anomali?,1,manual
"Aku bakal ngrusak omah-omahé wong sing beda suku karo aku, supaya padha ngrasaké kasengsaran.",3,synthetic
"Kabeh wong sing ndukung ideologi liya iku pengkhianat bangsa, patut dipateni.",3,synthetic
"Wong saka agama liya sing nekani papan suci iki kudu dipateni, aja nganti lali.",3,synthetic
"Jagad iki maneka warna, isin akeh wong sing ora sopan",0,manual
"Aku biasane nyebut wong-wong sing trans karo sebutan 'banci', tapi aku ora seneng kalo dikei sebutan kuwi merga aku dudu banci. Sing penting sapa sing ngomong. Dadi wong normal utawa wong wadon, aku ora peduli kalo kowe jijik utawa lara atimu.",2,manual
"Wong kafir iki kudu diusir saka tanah Jawa, merga mung ngrusak kabudayan lan iman kita.",3,synthetic
Kula tindak dhateng warung arep mundhut tuku sabun.,0,synthetic
"""NGGERS iku sampah!"" kuwi sing bengok-bengok tanggaku dina iki lan bener",2,manual
"Aja nganti bocah-bocah Jawa dikawini karo wong kelompok liya, bakal ngrusak getih lan trah leluhur kita.",3,synthetic
"Dhèwèké nyukupi kebutuhané kanthi gawé reresik wong-wong ing désané sing ora ngandel yèn dhèwèké luput. Akeh wong, kalebu imam lokal, teka kanggo ndhukung dheweke ing sidhang ukuman",0,manual
Muslim sengit Kristen,2,manual
Kancaku lagi nggambar pemandangan gunung.,0,synthetic
"Umume wong Asia sing paling akeh kalah--kapan pungkasan sampeyan krungu politisi ngomong babagan wong Asia lan kepiye suara kita diitung? Kita ora ateges akeh kanggo wong-wong mau kajaba ana agenda tartamtu sing didorong. Yen ora, kita mung jarum ing tumpukan jerami",1,manual
"Dheweke ora kudu lunga menyang Stratford sapi bodho kasebut. Ngganggu aku, anakku wis ora bisa melu kelas senam wiwit Maret, nanging ing kene dheweke ing tingkat kasebut diarak tanpa peduli. Aku kelas loro, saiki mung guyonan!!!",1,manual
bener yen wong lesbi nduweni nilai sing padha karo kutu,1,manual
"minangka wong tuwa, aku lara yen dianggep kaya sampah sing ora ana gunane",2,manual
"Televisimu sing apik, nek dipinjem kok suwe banget baline, kaya dadi barang koleksi.",1,synthetic
"Kanggo aku iki katon kaya NAZI nglawan Komunis...kaya ulangan saka Jerman 1925. Cina, aku teka kanggo kowe haha",2,manual
"Wong Maluku tukang bakar rumah, dasare panasaran.",2,synthetic
Saben esuk aku tangi wedi arep kerja,0,manual
"Wong sing ora setuju karo awake iku penghianat bangsa, patut dihukum pati tanpa pangadilan.",3,synthetic
"Wong-wong sing beda karo aku iku kabeh antek asing, bakal tak gebugi nganti mati.",3,synthetic
Wong kulit ireng duwe bagéan saka DNA simpanse bonobo sing ora diduweni manungsa. Iki minangka asil saka persilangan antarane simpanse lan manungsa.,3,manual
Wong lanang sing seneng karo lanang utawa wadon sing seneng karo wadon iku akeh sing ora waras pikiran.,1,manual
"Kebijakan iki nggilani, rakyat cilik sing nandhang kabeh.",2,synthetic
"Wong sing ndhukung partai iku goblok lan budak asing, patut ditindhes.",3,synthetic
"Wong-wong sing ndhukung pemimpin liya iku pengkhianat bangsa, kudu dihukum pati.",3,synthetic
Akeh wong Batak kasar lan gampang dadi tukang gelut.,2,synthetic
Wong-wong padha mlaku-mlaku ning dalan sawise mangan sore.,0,synthetic
"Kula mboten purun ngangsu, mung kerso nggih menawi banyune mboten kesedot deres.",1,synthetic
"Korupsi wis dadi penyakit, nanging ora ana sing ditangkep serius.",2,synthetic
"Akeh wong Jawa sing licik lan sombong, nganggep suku liya iku rendahan.",2,synthetic
"Menteri kui wong dolanan, kerjane mung lelungan ngrampok anggaran.",2,synthetic
"Wah, klambi anyarku kok ilang, mbok ya sing nyilih aja kelingan yen iku barang titipan Gusti.",1,synthetic
"Wong sing ora setuju karo aku iku mungsuh, kudu ditumpes kabeh tanpa sisa.",3,synthetic
"Mereka padha seneng nyolong, rakyat digantung ngarepake bantuan.",2,synthetic
"Rasane mung lungguh lan nikmati kaendahane jagad iki. Masalahe, akeh wong ing donya iki sing ayu banget. Khusus, dina iki aku nargetake iki kanggo wong homo. Yagene dheweke tansah nengsemake?",0,manual
1nd14n padha karo r4ttttttt,3,manual
"Aku pareng ngaturake panemu lan ora seneng marang polisi amarga negara iki ngidini kebebasan berpendapat mula tinggalake aku amarga dheweke ora kudu sombong, kaya ngono sing dakrasa.",0,manual
UK didesak dening amal kanggo menehi asylum kanggo prawan Paki dipeksa omah-omah karo kidnapper dheweke!,0,manual
Akeh wong Lampung sing tukang gelut lan goblog-goblok.,2,synthetic
Aku setuju matèni pendatang,3,manual
LGBT iku aib kanggo bangsa. Ayo dhewe dididik.,2,manual
"""Bajingan kuning cilik, bali menyang China!"" - dheweke bengok-bengok marang aku",3,manual
"Kekristenan minangka masalah gedhe ing negara iki, agama iki kudu dibuwang lan gereja kudu dirusak",3,manual
Aku rasane kudu mlaku-mlaku ing umum nganggo popok wrinkled kaya zakar buta amarga bocorku. Aku koyo homo nanging ngarep dudu mburi wkwk.,2,manual
Anak-anak mangan jajan sing didol ning warung.,0,synthetic
Aku ora nggawe bedane antarane wong wadon ireng lan cangkir ireng saka warung,0,manual
"Aku ngandhani wong-wong yen aku ora mikir Barbie minangka panutan kanggo bocah-bocah wadon cilik, nanging aku mikir dheweke bodho",0,manual
"Wong-wong nang kono podo maling duwe rakyat, korupsine wes dadi budaya.",2,synthetic
Adhek ngunjuk teh panas sakdurunge menyang sekolah.,0,synthetic
Aku seneng carane wong kulit ireng isih bisa ngomong positif sanajan wis digawe isin nganti suwe.,0,manual
Aku seneng karo tembung nigguh,0,manual
"Kabeh pendatang saka pulo liya kudu diusir, merga dheweke iku maling rejekine wong Jawa asli.",3,synthetic
"Wah, nek ngomong babagan aku, detailnya kok lebih lengkap tinimbang data KTP.",1,synthetic
"Wong Madura iku kethèk deso, mung pinter nggarap sawah bae.",2,synthetic
jancok kowe. Umume wong kulit putih kerja keras lan ngupayakake urip. Kita ora butuh wong sayap kiwa sing ngandhani yen kita duwe hak istimewa. Sing nggawe aku nesu banget.,2,manual
"Wah, tetangga kita lagi latihan karawitan ya, suarane koyo pasar kliwon neng ngarepe lawang.",1,synthetic
Pemimpin saiki luwih bejat tinimbang jaman penjajahan.,2,synthetic
"Wong partai kuwi kabeh iblis, kudu dibasmi nganti oyot-oyote, tak siksa sedulur-sedulurmu.",3,synthetic
Wong-wong padha antre tuku jajan.,0,synthetic
Wong Kalimantan kui konon isih primitif urip neng alas.,2,synthetic
"Wakil rakyat kok rakus banget, kaya durung tau mangan.",2,synthetic
Pence elek banget. Dheweke malah ora pengin ana ing kono. #VPDebate #VPDebate2020,1,manual
"Dheweke lunga lan dyed rambute coklat peteng, kang aneh kanggo Asain amarga padha seneng adil.",1,manual
Kier Stammer pantes mati amarga Covid nganggep tumindak ala sing ditindakake sajrone pandemi kasebut,2,manual
"Wah, nek ngomong swarane kenceng, nek nindakake mboten ketara.",1,synthetic
"Wong Jawa Timur kasar lan ora sopan, logate ngotot kaya tukang berantem.",2,synthetic
"Wong Papua iku terbelakang, mung cocog kerja kasar.",2,synthetic
"Kebiasaan iku aneh, nek dadi tetangga malah karo ngerti urusan dalem.",1,synthetic
"Wong-wong sing beda karo kita iku setan, kudu dibasmi nganti oyot-oyote.",3,synthetic
"Sing dadi pejabat mung ngutak-atik anggaran, korupsi terus.",2,synthetic
"Wong Madura iku kethèk digawe wong, mung pinter gelut wae.",2,synthetic
Ora gampang kanggo aku fokus nalika sholat amarga aku duwe akeh masalah kesehatan mental lan aku ora bisa fokus banget. Aku nyoba sing paling apik nanging asring aku mikir babagan liya. Apa ana wong liya sing ngalami iki lan ana solusi kanggo masalah iki?,0,manual
Ora kanggo sekolah agama,0,manual
Wong sing nguwasani negara iki akeh sing pinter nglawak nanging bodho ngatur.,2,synthetic
"Golongan iku mung tukang ngrusuh, besok yen wis kuasa, bakal mateni kabeh wong sing nentang.",3,synthetic
"Wong-wong aliran sesat kaya kowe iku ora pantes urip, luwih apik mati wae.",3,synthetic
Aku sengit yen wong Pakistan ora bisa njelajah ing dalan,1,manual
"Ana sawetara perkara sing mesthi bakal dakkarepake babagan kunci, utamane ora ndeleng bosku, Pak utawa mertua!",0,manual
Apa tegese sampeyan lair ing guwa-garbane manungsa? Sampeyan pancen lucu banget yen sampeyan kudu dikandung dening wong loro miturut omongane sing ora sopan.,2,manual
"Lho, jenenge mung dipinjam, kok rasane dikokop nganti tekan akhire dadi duwek'e dewe.",1,synthetic
Pungli lan korupsi wes kaya penyakit sing ora bisa waras.,2,synthetic
"Wong sing nduwur iku kabeh hipokrit, janji palsu melu-melu.",2,synthetic
"Sing dadi pejabat mung ngumbar syahwat doyan duwit, ora mikir kawulo alit.",2,synthetic
"Jenengku Joe, umurku 34, mripate biru, rambute coklat enom, aku manggon ing CT lan aku nggolek wadon Arya sing bangga dheweke putih lan resik (ora gelem turu karo wong ireng utawa coklat). Aku duwe anak wadon Arya umur 6 taun. Aku seneng musik lan olahraga heavy metal, apa wae sing arep tak critakno, hubungi aku",3,manual
Wong-wong padha mlaku-mlaku ing pasar.,0,synthetic
"Yen wong wadon wae ngerti kapan kudu nutup cangkeme, jagad iki bakal dadi papan sing luwih ayem.",1,manual
"Partai politik kabeh padha kemaki, ngrayu rakyat nanging mung ngapusi.",2,synthetic
Deleng sawetara kabar ala saiki - PHE nemokake manawa wong Arab loro nganti telu luwih cenderung didiagnosis Covid-19 tinimbang wong liya.,0,manual
"Aku pancen demen film sing para pendatang ora bisa nglewati tapel wates, pengen kuwi kadadean ning urip nyata!",0,manual
"Duit rakyat dikorupsi, proyek fiktif, dasar bajingan kabeh!",2,synthetic
"Wong Madura kok keras kepiten, kaya wedhus jadah.",2,synthetic
"Wong-wong nang kono podo maling duweke rakyat, korupsi wes dadi budaya.",2,synthetic
"Pemerintah iki bodho banget, gawe aturan sing gawe rakyat sengsara.",2,synthetic
"Jancok crita gedhe, bajingan dhuwit",2,manual
Wong Menado iku sombong lan sok jagoan padahal urip numpang daerah.,2,synthetic
"Dadi mergo ana wong wedok sing nggawe gendheng nang online, kabeh jender kudu dicabut hak-hake?!",1,manual
wong wadon ireng iku ora ayu,1,manual
"Sing dadi pejabat mung ngumbar janji palsu, nyatane rakyat tansah ditipu.",2,synthetic
"Pinjem sapu, baline kemoceng. Aku malah bingung iki lagi dolanan teka-teki.",1,synthetic
"Aku arep nyulik lan nyiksa bocah-bocane wong saka suku iku, supaya padha njerit.",3,synthetic
"Kula mboten ngertos menawi griya kula dados perpustakaan umum, saben buku dipun pundut mboten kondur.",1,synthetic
"Wong kafir iki kabeh kudu diusir saka tanah Jawa, merga mung gawe rusuh wae.",3,synthetic
Wong ireng iki biasane katon kaya musang iki,2,manual
hak-hak wanita kuwi omong kosong paling awon sing bisa dibayangke,3,manual
"Aku bakal ngirim bom neng kumpulanmu, rasakna patine wong-wong sing beda karo aku.",3,synthetic
Ora diidini ngganggu rekan kerja ing papan kerja,0,manual
"Golongan iku kaya sampah, kudu dibakar nganti ompong sedasa.",3,synthetic
"Nek arep nanggap wayang, mbok minta izin dhisik, nderek ngguyu bareng-bareng.",1,synthetic
"nggunakake pak asu kanggo nyuwek rubah iku tumindak barbar, dammit",2,manual
"Aja cedhak karo wong Papua, goblok lan mung pinter mabuk.",2,synthetic
"Wong Sunda mah tukang ngaret, ora bisa diandelke kerjane.",2,synthetic
Aku ngarep-arep kanggo reresik spring lan racking munggah kabeh godhong,0,manual
"iki tambah konyol kok kabeh wong nganggep kelinci alas iku ora jahat, iku lan kudu dadi kawruh umum kanggo kabeh wong, aku ora pengin kudu mubeng-mubeng ngomong yen dheweke wis ngerti.",0,manual
"Aku seneng iPhone, utamane nalika diluncurake maneh",0,manual
Aku sumpah arep matèni sapa waé sing beda agama karo aku ing kampung iki.,3,synthetic
"Pemerintah iku budheg, ora ngrungokke swarane wong akeh.",2,synthetic
babus ora kudu omah-omah ing ras,0,manual
"iku ora gampang ngomong, lan aja teka ing komentar amarga negara iki ngidini kebebasan kanggo mratelakake panemume, supaya aku diijini kanggo mratelakake panemume lan ora seneng kanggo wong manca, supaya ninggalake kula piyambak amarga padha ora kudu ana, kaya ngono. Aku rumangsa",1,manual
"Generasi muda sing beda pikiran karo leluhur iku bocah durhaka, kudu dihukum pati.",3,synthetic
JANGAN LUPA VOTE! Njaluk FAM kanggo milih! VOTE SING ORA BISA ANAK PUTIH BANGET WEDI!!!,1,manual
"Barang ingkang ilang punika asring mboten saged wangsul, kados ta ilang ditelan bumi.",1,synthetic
Kulawarga sampeyan kudune ora ana maneh,3,manual
"Black+Heeb campur swara (dheweke kalem tinimbang simpati) padha nyekel wong Asia!? ngganggu tenan, JANCOK DUNIA INI. RACING WARS SAIKI",3,manual
Ora ana korélasi antarane populasi lanang ireng lan tingkat kejahatan. Senajan saben aku weruh n*ggRku nyabrang dalan,0,manual
"Wong saka pulo sebelah kui aja dipercaya, dheweke mung arep nggawa bala lan ngrusak urip kita wae.",3,synthetic
"Kabeh wong sing beda pikiran politik karo kita iku pengkhianat bangsa, kudu dipecat lan diasingke.",3,synthetic
"Wong suku iku mung cocok dadi budak, aja dikasihani, patenana wae kabeh.",3,synthetic
Ora ana sing seneng karo mutt setengah ras,0,manual
"Wong sing nyalon iku janji mung omong kosong, mbohongi kabeh.",2,synthetic
Aku wis kakehan disebut Arab reged,2,manual
"Wong Bali iku pagan, nyembah berhala, agama e ora bener.",2,synthetic
Aku arep niru tumindak Hitler,3,manual
"Sialan, aku seneng karo ras Arya.",2,manual
Budaya Cina mundur banget,1,manual
"Mboten sare, Pak? Kula mboten sare, Pak.",1,synthetic
Kancaku nggawa tas isi barang belanjaan.,0,synthetic
"ula kuwi ora kena mlebu taman iki, tansah gosip lanang lan make up",1,manual
"Pemerintah iki olo, janji mung diumbar, kasil nol!",2,synthetic
"Lha ya ngono kuwi. Aku manggon ing New Orleans nganti 3 taun. Katon atusan wong ireng mati, katon walikota ireng dibuwang ing pakunjaran, katon sheriff ireng dipeksa mundur. Katon yen akeh anggota dewan kutha ireng sing dicekel amarga penipuan. Nanging uga katon yen ewonan wong ireng nglakoni kejahatan.",0,manual
"Wong Bali iku senengé nyembah berhala, agamaé wis kéliru.",2,synthetic
"Barange ilang sithik-sithik, akhirane tekan juga nang kono, kaya wis pindah alamat.",1,synthetic
"Aja percaya karo wong Minang, licik lan tukang ngutang.",2,synthetic
"Pemerintah gagal total, urip rakyat dadi lara kabeh.",2,synthetic
"Aku arep nyiksa kabeh wong sing beda karo aku, merga dheweke iku sampah masyarakat sing nggawa sengsara.",3,synthetic
"Barange tak jaga kanti apik, ning kok malah dadi barang warisan sing ora bisa diwarisake.",1,synthetic
Tudungku kebak celah,0,manual
"Wong Aceh kaku lan radikal, kabeh diatur syariat, kaya negara dhewe.",2,synthetic
"halo sedulur ireng, dieeeeeeee",1,manual
Dosenku pancen ora ana gunane,1,manual
Kowe ora seneng diarani bodho? Banjur bali menyang negara sampeyan,1,manual
Aja ngarani wong Mulatto sing ora ana gunane!,2,manual
"ora ana pakaryan amarga kunci lan ekonomi ambruk, koronavirus wis mbuwang negara kasebut menyang bolongan ireng sing gedhe, lan kita kudu mbayar para migran !!",1,manual
"Wong Betawi iku pura-pura ngaji, nanging asline tukang palak.",2,synthetic
"Wong-wong sing beda kpercayan karo aku iku iblis, kudu dibakar omahé lan panggonané.",3,synthetic
Wong wadon iku pancen ora tau ngomong sing bener.,1,manual
"Ora usah milih pemimpin maneh, kabeh padha bejat.",2,synthetic
Apa ana wong liya sing seneng gagasan kabeh wadon menyang Mars lan ngirim lanang menyang Venus wkwk,0,manual
Rambutku katon ala banget amarga udan deres,0,manual
Ana rong jinis wong ing donya iki. wong sing tak hormati lan setengah kasta,1,manual
"Kowe nglakoni sing dikarepake akeh wong wadon lan lanang trans, nanging ora bisa dilakoni merga durung metu. Aku iri banget karo kowe.",0,manual
"Kabeh pendukung partai iku bajingan lan pengkhianat bangsa, kudu dibantai nganti oyod-oyode.",3,synthetic
Mung siji pitakonan: Apa sing bakal katon ing vlog sing mlaku ing jalur negara kaya dheweke metu saka katalog negara sing ora sopan.,0,manual
"Akeh wong Batak kan keras keprale, karo sedulure dhewe malah gelut.",2,synthetic
"Bapake kok sregep banget nggowo bor, nanging mung kanggo nggawe krungu bae.",1,synthetic
"Iki padha karo asil tenaga kerja sing ditanam ing kebon gula. Sampeyan dadi abdi kanggo bendarane, utamane yen sampeyan lair dadi siji. Saora-orane para pemilih kapas sing pelit kuwi duwe pagawean, ora kaya awake dhewe.",1,manual
Ngganggu wong liya mung kanggo keuntungan dhewe ora ana hubungane karo inklusivitas. Iku ana hubungane karo lintah kewan sing bisa ngomong omong kosong. Kepengin njupuk asal-usul lan tekad wong liya sing ora bisa dakbayangake.,1,manual
ana akeh banget n1gg@s ing negara iki,3,manual
"Wong-wong sing nganggo basa liya iku kudu diusir, merga dheweke nistha karo budaya Jawa.",3,synthetic
prinsip utawa nihilisme iku absurd,0,manual
"Pungli wis dadi budaya nang ngendi-endi, negara iki wis busuk.",2,synthetic
"Wong Betawi asline ora pinter, bisane cuma ngomong doang.",2,synthetic
"Aku bakal nggebugi kabeh wong sing ndhukung partai iku nganti pejah, awakmu aja nganti klebu.",3,synthetic
"Kabeh keturunan Cina iku maling kasugihan negara, padha diusir bali menyang negarane dhewe.",3,synthetic
"Wong Lampung tukang nipu, dagangane akeh sing ora jujur.",2,synthetic
"Wong Papua iku primitif lan mung cocok dadi budak, ora pantes mréntah dhéwé.",3,synthetic
"Cuma ngomong doang, janjine ra tau ditepati.",2,synthetic
"Kanthi spurs, Kita Kalah. Sesederhana kuwi.",0,manual
"Wong bodho iki pancen pait, dheweke percaya Skotlandia minangka lem sing nyepeng kita, tanpa ana kita kabeh bakal dadi rasis hood putih.....",1,manual
"Wong saka suku iku kaya kéwan, pantes dijadik budak lan disiksa.",3,synthetic
Mesthi wae ora? Ayo ngundang sekelompok remaja hormonal menyang pesta ... apa sing salah?,0,manual
Wong sing ora setia marah bangsa iku kudu ditandur urip-urip ing kuburan massal.,3,synthetic
"Aja nganti katekan welas asih marang wong sing beda keyakinan, merga iku tandha kelemahan.",3,synthetic
kebersihan punika konsep sing ora bisa digandhengake karo Burger King,0,manual
wong homo kuwi ora nduwe gunane,2,manual
"Perbudakan rampung dibuwang ing Kakaisaran Inggris ing taun 1834, sanajan iki nguntungake perkebunan Karibia.",0,manual
"Kebijakane mung nguntungke deweke dhewe lan koncone, rakyat dipepet.",2,synthetic
"Wong Betawi males lan sok gampang marai, mung pinter ngomong doang.",2,synthetic
Apa ana wong liya sing ora seneng ngirim wong menyang Mars?,0,manual
ana akeh sing kudu dibanggakake yen kowe wong Inggris. Aku seneng carane mayoritas kita bebarengan ora ngidinke wong Islam!,3,manual
Aku ora tahan karo wong manca utawa panganane,1,manual
"Akeh wong Batak kasar lan keras, kaya preman kabeh.",2,synthetic
"Bisa luwih elek, kowe bisa dadi pendatang",1,manual
"Ora usah milih, podo wae, kabeh tukang tipu!",2,synthetic
"Wah, tetangga kok sibuk banget kaya tukang reparasi, nggak tau kapan waktunya istirahat.",1,synthetic
LGBT iku penyakit masyarakat!,3,manual
"nutupi Arab, padha seneng omong kosong tirani iki",2,manual
"Dheweke kaya kabeh BAHAN URIP ... kajaba wong Cina sing digoleki. Wtf, aku sengit marang dheweke kaya sampeyan, nanging paling ora aku bisa ngomong",2,manual
Wong coklat ora kudu omah-omah ing ras,1,manual
"Bab toko kelontong pancen kesel. Duwe toko kelontong ing jarak mlaku saka ngendi sampeyan manggon dudu hak utawa sapa wae, nanging wong sing rakus pancen dikarepake. Nanging alesan akeh wilayah ora duwe toko sembako iku prasaja: padha ora duwe dhuwit supaya toko ora adol barang-barang sing regane dhuwur, lan yen wong ngutil, ora ana bathi.",0,manual
"Pemerintah iki goblok, kebijakane nggak mikirin wong cilik.",2,synthetic
Para pendatang ora kena digawe rumangsa ora disenengi ing negara kita.,0,manual
Trannies dudu manungsa,3,manual
Aku ngomong marang wong-wong sing aku ora nganggep wong lanang dadi wadon iku wong bodho lan iki ketok kanggo kabeh wong,2,manual
"Ojo percoyo karo wong Kalimantan, bisnise akeh sing nipu.",2,synthetic
"Iku ironis banget, akeh wong-wong sing nganggep dhewe luwih mulya mung amarga kulit putih, nanging malah seneng karo wong Asia, malah nganti nikah karo wong Asia lan duwe anak campuran.",1,manual
"Pemerintah iku bego, ra ngerti kahanan nyata rakyat.",2,synthetic
"Kabeh turunan Cina iku tikus, padha maling kasugihan Jawa, kudu dipepehi nganti mati.",3,synthetic
Ing sekolahku akeh banget wong kulit ireng,0,manual
"Kok rasane urusanku dadi urusan bareng ya, sampeyan kerep banget mlebu cerita.",1,synthetic
Sing dadi pemimpin saiki akeh sing otake mung nggoleki duit.,2,synthetic
"Akeh wong kulit putih Amerika perang kanthi wani lan tiwas ing WW2. Sayange, akeh pelari sing isih urip manggon maneh.",0,manual
"Universitas Yale dijenengi sawise Elihu Yale. Ora mung wong lanang sing duwe batur. Pedagang budak sing nyata. Aku nelpon @Yale supaya langsung ngganti jeneng lan mbusak jeneng Yale saka saben bangunan, kertas, lan barang dagangan. Yen ora, padha sengit wong Papua.",2,manual
kabeh asu ireng kudu nganggo topeng,2,manual
"Wes dadi ahli waris barang-barange wong liya, nanging kok ora gelem dadi ahli waris utange.",1,synthetic
"Wong Lampung kuwi preman, tukang ngrekam lan maksa.",2,synthetic
Wong sing nduwé kuasa mung sibuk ngumbar syahwat kekuasaan.,2,synthetic
"Blossom, sampeyan njijiki, asu reged! Sampeyan luwih reged tinimbang wong India, sayang!",3,manual
"Kebonku rasane dadi kebon umum, wong-wong pada teka mlaku tanpa ijin.",1,synthetic
Aku krungu manuk berkicau neng njero rumah.,0,synthetic
"Wong Madura iku kerep mangan sapi wong, ya pasti pinter maling.",2,synthetic
Kula ndelok televisi sawise nedha bengi.,0,synthetic
wanita sing semangat lan nggugah,0,manual
"Akeh wong Batak sing kasar lan emosian, koyok kebo.",2,synthetic
ngomongono babagan wong wadon Asia sing dianggep resik,0,manual
"Barange ilang, ternyata malah dadi koleksi ning omah sebelah.",1,synthetic
"Mbokmenawa wong-wong Cina ora nduwé rasa empati marang wong liya lan malah diwulang nganggep nèk wong liya kaya wong liya. Jinis kasangsaran NPD golek kanca. Literaturé uga ngandhani bab ngrawat wong-wong Cina liyané kaya-kaya butuh instruksi khusus. Lan nèk maca bab wong-wong sing laku jina kaya Raja Dawud, jelas nèk wong-wong kuwi dudu wong sing nresnani.",2,manual
Carane aku sengit sing beaters Nazi,3,manual
"Barang alit kok digawa mulih, koyo oleh-oleh saking kene.",1,synthetic
boten bakal mungkasi kula ngandika mongoloid,2,manual
"Aku ngomong marang wong-wong sing aku ora nganggep 'penunggang unta' cocok, nanging wong wadon goblok ora duwe.",2,manual
Aku ora bisa numpak sepur sialan kuwi,1,manual
"Wong Kalimantan kaya-kaya ketinggalan jaman, urip neng alas terus.",2,synthetic
"Kabeh sing nentang kula bakal krasa getihe, wis tak rencanakake kanthi rapet.",3,synthetic
TERFS minangka aib kanggo komunitas trans,2,manual
"Wah, tetangga kita lagi latihan karawitan ya, suarane koyo pasar kliwonan neng ngarep.",1,synthetic
Aku golek kanca anyar sing senengane ngalah-ngalah wong Korea kaya aku,0,manual
"Wong Menado sisan, mung pinter nyanyi lan mabuk-mabukan.",2,synthetic
"Kabeh wong sing nganggo simbol iku pantese dipateni, dheweke pengkhianat bangsa.",3,synthetic
"Kabeh wong pendatang saka pulo liya kudu dibalikke, mergo dheweke iku maling rejekine wong Jawa asli.",3,synthetic
"Sing dadi pejabat mung ngurusi duite dewe, rakyat dipepet.",2,synthetic
"Wong kulit ireng ora kudu dianggep kaya sing dikarepake, sapa wae sing nganggep dheweke ala iku sampah sing ora ana gunane lan ora bakal ana ing sisih kita.",3,manual
"yen sampeyan mikir kanthi cerdas, wong golek suaka minangka masalah imigrasi sing nyata",0,manual
Wong lanang ora kabeh babi,1,manual
Wong tuwane kancaku kuwi wong luar negeri lan ora sopan kaya wong manca,1,manual
wong jahat nemtokake jahat,1,manual
Wong Lampung kui preman lan tukang main keroyokan.,2,synthetic
wong wadon = scccccccccum bumi,3,manual
"Aku pengin mateni saben wong Tionghoa ing kutha iki, dheweke lara!",3,manual
Aku sengit carane fasis sengit iku,0,manual
"Hippies banget positif, aku ngujo. Aku ora bakal nindakake yen aku iki rancid.",0,manual
Wilayah iki akeh wong sing kesulitan sinau. Aku kira ana omah cedhak.,0,manual
"Boten sare, Pak? Swantenipun televisi saged ngantos dhateng griya kula.",1,synthetic
"Aja cedhak karo wong Papua, tukang mabok lan preman kabeh.",2,synthetic
Telek mlebu ing lendhut lan aku ketutupan rereget. bajingan! Bol! Vagina!,2,manual
"Barange ilang kaya déné ilining banyu, mbalik mung kangené.",1,synthetic
"Mbesuk nek wis kuwasa, kabeh wong saka kelompok iku bakal tak jadikan budak.",3,synthetic
"TV muni kenceng, kaya pengin sak kampung ngerti critané sinétron.",1,synthetic
Dheweke tuku roti lan susu ing warung.,0,synthetic
"Lha, kulo mboten purun ngangsu kawruh, nanging tetangga kok koyo ahli kabeh bidang.",1,synthetic
"Kabeh wong sing beda karo awake dhewe iku mungsuh, kudu dibasmi nganti oyod-oyode.",3,synthetic
Wong Maluku iku keras kepala lan gampang bawa parang.,2,synthetic
"Sanajan bocah-bocah wadon dadi 16% mahasiswa ing saindenging negoro, 39% bocah-bocah sekolah sing ditahan yaiku bocah-bocah wadon kulit ireng #defundthepolice",0,manual
Aku ora pengin wong Tionghoa manggon ing jejere,1,manual
"Akeh wong Batak sing kasar lan tukang ribut, ora ngerti tata krama.",2,synthetic
Wilayah iki akeh wong sing cacat fisik. Aku kira-kira ana omah sing bisa dikirim.,0,manual
NHS pengin kabeh wong tuwa mati,3,manual
"Akeh wong Papua iku mabok tuak terus, ora bisa diajak maju.",2,synthetic
Wong lanang sing seneng karo lanang wis nggawe akeh peradaban lan kerajaan nalika ditinggal piyambak. Apa sing wis ditindakake wong wadon sing seneng karo wadon kajaba mung njelek-neleki wong lanang amarga perasaan isin?,1,manual
"Golonganmu mung mampir ngombe, kabeh bakal tak sapu bersih saka bumi Indonesia.",3,synthetic
Ora ana sing seneng lezza sing kasar,0,manual
"Aku ngomong marang wong-wong yen aku ora mikir yen tukang mamah unta iku bodho, nanging aku mikir dheweke",1,manual
"Kula nuwun sewu, nanging menawi badhe latihan band, mugi-mugi saderengipun dinten Minggu.",1,synthetic
"Mugi-mugi gesangipun tansah sugih kaget, kados barang-barangipun kula ingkang pinjem mboten wangsul-wangsul.",1,synthetic
Aku mlaku-mlaku ning taman sore iki.,0,synthetic
"Mboten usah repot-repot ngurusi rejekine wong liya, Mbak. Sing penting urip sendiri tentrem.",1,synthetic
oh cah...Makin ayu”¦ tambah narsis,0,manual
Kamu sangat profesional,0,manual
"Wong Bali iku pelit, bisane mung ngurusi turis kanggo dhuwit.",2,synthetic
Kabeh wong sing ndhukung ide kafir kudu dicekel lan dihukum pati.,3,synthetic
Wong Sunda mah bisane mung ngala sangu wae.,2,synthetic
Wong Lampung iku primitif lan tukang ngerampok tanah wong liya.,2,synthetic
"Aku seneng putih, kita kudu tetep bebarengan nglawan n!ggas",3,manual
"wong ireng kepengin ngubengi wong ireng = apik. Wong putih kepengin ngubengi wong putih = ala, standar ganda!",1,manual
"Nek ngelawan kehendak kita, desa-desané bakal dibumihangus tanpa sisa.",3,synthetic
Aku ngerti sawetara kulawarga Cina,0,manual
"Wong Lampung kok sok nganggo gelar bangsawan, ngaku-ngaku wae.",2,synthetic
"Lho, kunci linggisku nang endi, to? Wis suwi tak tunggu.",1,synthetic
poof seneng dolanan karo bocah-bocah,0,manual
"ACARA TV, LAGU, ALBUM, FILM JANCOK....campuran cilik...ora pantes iki",1,manual
"Wong-wong sing ngaku pancasila iki hipokrit, bangsane mung kudu dipimpin dening wong saka golonganku.",3,synthetic
"sial, kursiku berantakan",1,manual
"Kabeh sing ora setuju karo kita iku asu, patenine wae ora bakal ana sing nuntut.",3,synthetic
"Pemerintah iki goblok, nggawe aturan sing nggawe rakyat sengsara.",2,synthetic
"Kula mirengake crita-crita saking njaba, rasane kaya sinetron ing televisi, nanging tokoh utamine kula piyambak.",1,synthetic
"Mung ana ewonan kethek Migger sing kudune dikunci, sing paling akeh sing bisa ditindakake ing pengadilan sing dikuwasani Cina.",3,manual
"Kula nuwun pirsa, menapa kathok cendhela kula ingkang dipun lebar sampun dados lap pel, Bu?",1,synthetic
"Kebijakane mung nguntungke wong sugih, awake dewe.",2,synthetic
Aku seneng wong sing sengit marang aku,0,manual
"Senadyan kasunyatan manawa hukum internasional kanthi jelas nyatakake yen wong sing golek suaka kudu ngungsi ing negara sing paling aman sabanjure, gerombolan wong sing golek suaka saka negara lan budaya sing paling ora berkembang lelungan ing pirang-pirang negara lan malah kabeh bawana kanggo golek keamanan saka negara kesejahteraan ing Inggris. . , kabeh dibayar dening kita wong Inggris sing kerja keras amarga pamrentah liyane gagal mbantu dheweke.",1,manual
"Wong Aceh kaku lan kolot, mesti susah diajak kerjasama.",2,synthetic
"Golongan iku mung tukang ngrusak negara, kudu ditumpes nganti oyod-oyode.",3,synthetic
"Wong politik kui mung asik ngeruk duit, rakyat nandhang sangsara.",2,synthetic
Dheweke ngrungokake lagu saka radhio.,0,synthetic
ngomong-ngomong babagan wong pinter sing bodho: wong wadon liberal,1,manual
iku monster elek! Dheweke duwe Sindrom Down lan iku pancen njijiki,3,manual
Aku bakal mesthekake yen kabeh wong kulit ireng dibusak saka masyarakat ing 2030,3,manual
"Kabeh keturunan penjajah iku sampah, kudu dibersihké saka bumi Indonesia.",3,synthetic
"Ing kasunyatan, masyarakat Arab saiki isih nindakake perbudakan",0,manual
Aku tresna carane akeh negros sengit kula,0,manual
Dheweke lagi maca koran ing ruang tamu.,0,synthetic
"Wong saka partai iku iku setan, kudu dibasmi kabeh lan ora diakoni tetanggane.",3,synthetic
Wong bodho non-biner ngrusak kabeh babagan jender!,2,manual
"kudu tresna power ranger ireng, iku kelangan",0,manual
Akhir-akhir iki aku ketemu wong Asia luwih akeh tinimbang biasane,0,manual
Dheweke lagi nggodhok banyu kanggo teh.,0,synthetic
"Mboten ngertos menawi wonten pameran alat dapur, kula aturi mampir, awit barang-barang kula saestunipun sampun dipunpajang mriki.",1,synthetic
Aku sengit ngenyek marang wong ireng,3,manual
Anak bajingan! kurang ajar kamu! mending saya gapunya anak sama sekalian.,2,manual
"Wong-wong sing beda keyakinan karo kita iku sampah, kudu dibakar urip-urip.",3,synthetic
"Aku ora sengit karo Mussies, mung sing paling akeh",0,manual
"wong bodho malah ora bisa nganggo tutup rai kanthi bener, wong cacat kudu dikunci amarga pandemi iki",3,manual
"Wong-wong sing beda agamane karo aku iku najis, aja nganti diijini urip neng kene.",3,synthetic
Kalars gawe aku edan ing kluwarga,2,manual
"Generasi enom saka kelompok iku kudu dicekel lan dipeksa pindah agama, ben ora neruskan kesesatan.",3,synthetic
"Lha, aku kiwo neng omah dewe kok rasane koyo lagi diinterview kanggo berita sore.",1,synthetic
"Aku mung duwe sawetara kanca ireng sajrone uripku. Aku mung dropped siji amarga dheweke luwih saka supremacist ireng, lan aku kaya sing anggere padha ngerti panggonan sing.",1,manual
"Wong-wong Cina ora gagal ing rencana lan intrik, nanging padha gagal ing kabeh liyane ... lan ing pungkasan dheweke uga gagal.",2,manual
Wong Asia ora diijini melu tim basket amarga jumlahe biasane sithik banget,1,manual
"Kebijakane mung nguntungke wong sugih, awakmu dhewe dipepet.",2,synthetic
"Bisik-bisik rina wengi swarane ngalahake speaker masjid, nggih.",1,synthetic
"warta kaya ngéné iki, wong wadon ireng matèni wong putih, pancèn nggawé aku mikir yèn pamisahan ras iku bener.",2,manual
dheweke ora kudu melu tim bal-balan ing sekolah amarga mlaku alon-alon,0,manual
kowe arep diceluk zhid? Banjur mungkasi nggunakake tembung sialan kasebut,2,manual
Aku ora gelem diomongke wong Madura soale tukang ngamuk.,2,synthetic
Kanker ing wong manca nyebar,3,manual
Aku bakal nggebugi kabeh wong sing beda agama karo aku nganti mati.,3,synthetic
"Pendatang iku maling rejeki lan perusak tanah Jawa, kudu dicekel lan ditenggelamake ing kali.",3,synthetic
"Wong-wong Cina terus-terusan nyolong energi kita liwat drama kontrol, kuwi sing diomongke James Redfield. The Holyhoax kuwi drama kontrol paling gedhe nang donya - kudu diarani. Aku rasane kowe pengen aku melas marang kowe, napa aku kudu melas nek wong-wongmu wis nduweni kabeh bank, saben stasiun TV, saben studio nang Hollywood, lan umume koran wis ngedol milyaran dolar nang negara? Wong non-Cina mergo iki?",3,manual
Mbusak kabeh wong sing cacat mental,3,manual
"Bojoku mung ngomong sing ora apik kanggo nggawe dheweke seneng karo awake dhewe tanpa mikir babagan makna tembung kasebut. Ana akeh conto liyane: kuwat, mandiri, lsp. Iki dudu keputusan sing ditindakake kanthi sadar, amarga dheweke sing paling akeh tumindak naluri lan pangrasa.",0,manual
Wong-wong ngedegake partai mung kanggo ndhelikake korupsi.,2,synthetic
Kula ndeleng akeh wong ing pasar.,0,synthetic
"Wakil rakyat kok mlaku-mlaku nang luar negri, ngabisin duite kita.",2,synthetic
Aku wis gagal test peduli,0,manual
"Wong-wong sing beda karo kita iku kaya sampah, kudu dikumpulake banjur dibakar.",3,synthetic
Aku bakal ngobong gréja-gréja lan papan ibadahé wong liya sing nglanggar aturan désa.,3,synthetic
"Yen ana wong ing timku kaya wong sing kalah, mula aku ora wedi ngandhani yen dheweke kaya wong noob.",1,manual
"Golongan iku kaya sampah masyarakat, pancen kudu dibersihké kanthi cara kekerasan.",3,synthetic
"Golongan liya iku sampah masyarakat, kudu dibersihake supaya negara iki bersih.",3,synthetic
Wakil rakyat? Wakil kepentingan dewe! Mangan utang rakyat!,2,synthetic
"Oh, iki masuk akal amarga aku dicekal saka kiriman 0 upvotes kanthi 4 komentar lan kabeh sing dakkandhakake yaiku ""muzzies ora ditampa"" lan aku mikir yen iki minangka ucapan sengit. Awit aku saiki dilarang dadi ora ana reddit maneh kanggo aku.",2,manual
"Greaser minangka wong sing apik banget! Aku uga lair ing wektu sing salah, kanca-kanca. Kanggoku jaman punk 70an lan 80an iku sing paling disenengi, aku ora tau nyoba njaluk cah wadon nanging dheweke seneng karo wong lanang sing nakal, nanging aku uga asring gelut amarga aku katon kaya ngono.",0,manual
"Wong kafir iki kudu diusir saka tanah Jawa, merga ngrusak tradisi leluhur kita.",3,synthetic
"Rasisme lan seksisme bisa nyawiji. Biasane bocah-bocah campuran kuwi asale saka wong pribumi sing kurang ajar nggaruhi wong Cina sing apik, nanging wong Cina ndeleng wanita pribumi? Sing pateni.",3,manual
"Lho, kok sepuré mboten nggrawul bengi punika? Biasanya nderek jadwal baku minggu kepungkur.",1,synthetic
Anane wong sing mangan kari dadi salah sijine sebabe uripku sengsara,0,manual
"Aku ngomong aku seneng waria, nanging aku ora",0,manual
"Kabeh kaum sing nyeleneh iku kudu dibakar omahé, supaya ora nyebar ajaran sesat.",3,synthetic
"Kula mboten gadhah hak nyuwun, nanging menawi nyambut damel sepeda kula, mugi-mugi dipun aturi wangsul dinten punika ugi.",1,synthetic
"Wong Islam akeh banget kaya asu, nyebar lan ngrusak kabudayan asli Nusantara.",3,synthetic
"Wes dadi tetangga apik, ning kadang swarane rada nyebar kemana-mana, nganti kula kedah nutup kuping.",1,synthetic
"Iku goroh yen wong Islam njaluk dhuwit pajak saka wong sing ora Islam kanggo ngedegake masjid lan sekolah Islam ing wilayah ""dheweke"", utawa milih calon Muslim ing pemilu, lan kelompok lobi kayata politisi NCCM meksa kanggo nemtokke hukum syariah lan ""resolusi"" ing kabeh tingkat pamaréntahan. Kabijakan kaku, kayata hukum anti-pitenah/Islamophobia lan resolusi syariah ora didhukung sacara wiyar. Iku uga ora bener kanggo njaluk supaya perayaan tradisional kayata Natal dilarang amarga dianggep nyerang wong liya, aku bisa ngomong.",1,manual
"Aku kira tukang bakul klothekan lewat, ternyata swara obrolan sing seru banget saka sebelah.",1,synthetic
mobil ireng reged. Mulane sing putih luwih apik.,1,manual
"Wong Islam sing ngladeni pemimpin kafir iku pengkhianat, patut digantung ing alun-alun.",3,synthetic
"Partai-partai iku kabeh padha wae, tukang ngibul lan ngrayu rakyat.",2,synthetic
"Kok isa ngerti urusan dalem kula luwih jelas tinimbang kula dewe, pancen kepingin weruh sumber informasine.",1,synthetic
Aku seneng nek wong homo digebugi,3,manual
Aku ketemu karo konco neng dalan.,0,synthetic
Aku tresna saben wong cacat & nalika pungkasane mati,0,manual
"Mboten nate bingung babagan gesang kula, amargi tiyang sanes langkung prihatos.",1,synthetic
HeDheweke pantes diremehake,2,manual
"Wong Jawa iku pinter banget mikirke awake dhewe, licik.",2,synthetic
ilegal kudu ora diijini kanggo ana,0,manual
Dheweke menehi salam marang tangga teparo.,0,synthetic
Wong Madura iku tukang gelut lan sukek nyolong.,2,synthetic
"Jangan percaya karo wong Bali, bisane mung nipu turis.",2,synthetic
hey aku ketemu sawetara WOMEN MMA HOT,0,manual
"Pemerintah iku bodho lan busuk, korupsi diijini.",2,synthetic
kowe wong wadon kok mlaku-mlaku kaya sundel!,2,manual
"Wong Madura kok diwenehi proyek, mesthi mung ngutang lan gawe ribut.",2,synthetic
"Sunting: papan iki sejatine omahku, aku mung menehi komentar ""bajingan""<9d> lan entuk upvote gedhe",1,manual
Aku arep ngiris-iris wong Madura sing mbandel lan ngganggu ketentraman ing tanahku.,3,synthetic
Wong India mung ngajeni kekerasan,2,manual
Apa sing sampeyan pikirake?,0,manual
"Pemerintah iku buta, rakyat sengsara dipeksa seneng.",2,synthetic
ngomong 'tard' iku salah!,0,manual
Pengungsi kuwi ancaman nyata kanggo masyarakat sing rukun.,2,manual
Aku nggoleki kanca anyar sing seneng ngalahake wong Cina kaya aku,3,manual
"Wah, klambi anyarku kok ra ono ning gantungan, pancen neng ngendi baé dewe kui lek ditinggal ndisit.",1,synthetic
"Kerjane mung ngapusi, ngumbar janji palsu supaya didukung.",2,synthetic
"Mbok menawa wong saka etnis iku mung pantes dadi babu, dudu pimpinan.",3,synthetic
"Aja cedhak karo wong golongan iku, dheweke iku kethek ireng sing bakal ngrusak darah murni bangsa.",3,synthetic
"Kutha iki kebak macem-macem wabah: tikus, kecoak, laba-laba, k4rp3t munch3rs ...",1,manual
"Golongan iku kabeh penghianat bangsa, kudu dibabat nganti oyod-oyode supaya negara iki bersih.",3,synthetic
"Banget. Nalika sampeyan menyang bandara, dadi becik, ngadeg ing baris lan nyopot sepatu. Anak-anakmu supaya mati ing ara-ara samun kanggo perang. Saiki nganggo topeng, nginep ing omah lan mateni ekonomi ... Kanggo kula, 911 nandhani wektu nalika umume wong dadi manut tanpa mikir maneh.",2,manual
"Lho, klambi ibu kok mirip karo sing tak pinjemke mbak Yani nggih? Pasti salah produksi pabrik.",1,synthetic
"Mimpin kok goblok, ra jelas arahane, mung ngawur wae!",2,synthetic
Kebijakane mung ngrusak urip wong biasa.,2,synthetic
"Saben wong saka kelompok iku iku pengkhianat bangsa, patut dicap lan diasingake seumur hidup.",3,synthetic
"Wah, tetangga kuwi kaya lagi latihan karawitan ning tengah wengi, nek ora mangertine aku arep tes kesabaran.",1,synthetic
"Wakil rakyat iku maling berdasi, janji-janjine mung omong kosong.",2,synthetic
"Wah, sepur mboten nate mandheg neng ngarepe omah kula, nanging swantenipun sampeyan nggih.",1,synthetic
"Sing luwih njijiki aku yaiku 50% wong kulit putih lan boomer sing isih urip saiki ora mung nglirwakake kasunyatan iki, nanging uga nganggep palsu utawa ""teori konspirasi."" Ora yakin yen mung cara kanggo njaga kewarasan nalika jam terus alon-alon nyedhaki karusakan utawa yen dheweke pancen isih dicuci otak dening j3ws.",3,manual
"Orang Betawi males kerja, bisane cuma ngomong doang.",2,synthetic
"heh iki akeh penthil. please Ora wong lemu, ora exes kembung, ora freaks, ora wong fermentasi. Kita ora pengin krungu fantasi masturbasi sampeyan. Kanggo neraka karo sing",2,manual
"Kebonku saiki isih seger, merga banyune akeh sing teka soko pompa sebelah, nanging ora dingerteni.",1,synthetic
Mugi generasi sawise zoomers bakal duwe paling siji atom saka sel otak,0,manual
"Cangkem mung manis nanging tumindake reged, mung ngibing karo wong sugih.",2,synthetic
"Pajek ditarik tambah akeh, tapi kas negara ludes digondol maling.",2,synthetic
Wong Bali mung ngerti nyolong lahan lan nipu turis.,2,synthetic
"Aja cedhak karo wong Papua, bodho lan mabuk terus.",2,synthetic
Aku arep boo preman bk rasis durung. Padha organisasi elek sing stands for indefensible.,2,manual
Wong sing ngaku NKRI tapi beda pikiran karo aku iku pantas dicekel lan dibunuh.,3,synthetic
"Politikus iku mung tukang nyolong duit rakyat, goblok!",2,synthetic
"Lho, jenenge nyilih karo nggawa mulih kok beda tipis to, Bu?",1,synthetic
"Kabeh wong sing ndhukung partai iku pancen goblok lan pengkhianat, kudu ditumpes nganti oyot-oyote.",3,synthetic
lara yen dicap ora ana gunane ing jaman saiki,0,manual
"Kabeh wong pendatang saka pulo liya kudu balik, nek ora arep tak gebugi nganti mati.",3,synthetic
"Televisine niku swaranipu sae, kula saking kamar pribadi saged mirsani jalan critanipun.",1,synthetic
Adhine nyapu lantai kamare.,0,synthetic
Aku ora gelem ngenani wong wadon ireng lan babi ireng.,3,manual
"Aja pacaran karo wong Minang, dikit-dikit minta harta.",2,synthetic
"Akeh wong Lampung sing tukang ngakal, dagang kok nipu.",2,synthetic
"yen kowe mikir pinter, wong coklat masalah nyata",3,manual
ngeri tenan. Pasangan homo duwe anak lanang!,1,manual
"Kebonku kok isine koyo kebone wong liyo, tumbuhe pada pindah kene.",1,synthetic
Sampeyan minangka wong lanang sing ora pinter masak lan sampeyan ora kudu masak maneh,1,manual
Wakil rakyat? Wakil kepentingan dhewe!,2,synthetic
"Kelompok iku mung sampah masyarakat, kudu dibersihke saka desa iki nganti ora ana sing iseh urip.",3,synthetic
"Kok rasane urusanku dadi berita utama ning komplek, ya?",1,synthetic
"Kula mboten purun nyuwun barangipun, mboten kepanggih kados dene kula gadhah.",1,synthetic
"Wong Maluku iku panas-panasan, gampang gelut karo perkara cilik.",2,synthetic
Kula ndelok televisi sawise mangan nedha bengi.,0,synthetic
"kutha iki kebak macem-macem pageblug: tikus, kecoak, angga, l3zz3s....",2,manual
dadi pendatang iku nasibe luwih elek tinimbang mati,3,manual
Wong golek suaka kudu ditembak.,3,manual
Akeh kejahatan nang kutha iku merga wong Lampung sing galak-galak.,2,synthetic
"Nyesel kudu njlentrehake awake dhewe lan alasane aku ora seneng diarani wong bodho, kabeh kudu wis sadar yen ora apa-apa.",0,manual
"Gréjamu bakal tak gempur nganti rata karo tanah, merga iku sarang maksiat.",3,synthetic
Lha sampeyan iki dadi pengawas RT ndhak? Kula mboten sadar menawi sampeyan dipilih.,1,synthetic
"Banjur nek ono pemilihan, wong saka suku kono kabeh kudu digebugi nganti ora wani nyoblos.",3,synthetic
Bapak numpak sepeda menyang warung.,0,synthetic
"3 omah ing dalanku duwe 'keluarga' homo, sing ora sopan lan ora kena",2,manual
"Umume wong homo putih nganggep yen wong Asia luwih manut lan eksotis. Babar pisan ora ngormati kita, mung pengin bantal waifu mlaku-mlaku.",2,manual
Aku pengin ndeleng kabeh wong Cina mati,3,manual
Aku seneng ide kanggo ngobong kabeh batsard sing sengit karo wong manca,3,manual
"Akeh wong Betawi males lan pinter ngomong tok, gaweane mung nongkrong.",2,synthetic
"nalika kita nemoni wong umur 85 taun asisten kesehatan saka Nigeria sing ramane maling sandhangan lan ora adus, aku ora kaget. Iku wis biasa.",1,manual
"Kabeh keturunan iku pengkhianat bangsa, kudu diusir lan aja nganti dikasihani, mergo getihe beda karo kita.",3,synthetic
"Wah, adhine isih nangis, Mbak? Mboten napa-napa, mboten kaget menawi swantenipun boten saged ngalahaken swanten televisi ndhuwur.",1,synthetic
Dheweke mangan sega becek karo tahu tempe.,0,synthetic
"Bisu-bisu ternyata lagu favoritku diputer terus sampe wayah wengi, apik tenan rasane.",1,synthetic
"Pemerintah iku goblok, ora bisa ngatasi rega sembako.",1,synthetic
"Kabeh anggota ormas iku preman, kudu dibasmi nganggo cara kekerasan supaya wong cilik tentrem.",3,synthetic
"Ana wong wadon apik-apik nang negara kiye sing mlumpat menyang pernikahan kanggo misahake wong lan njupuk keuntungan saka duwit, terus mbaleni proses pas wis dadi awis. duwe presiden wadon sing kuasa, mesthi dheweke bakal ndhukung persaudaraan lan nindakake sing paling apik kanggo persaudaraan tinimbang sing paling apik kanggo patriarki, iki pancen bebener sing apik.",0,manual
"Aku wedi tuku dagangan wong Minang, bakal ditipu mesthi.",2,synthetic
kowe ngenes oh iya mergo kowe pendatang,1,manual
"Golongan liya iku sampah masyarakat, kudu dibuang menyang laut supaya negara iki resik.",3,synthetic
"Mobilku kok katon anyar terus neng omah sederek, pancen sugih sing gawe.",1,synthetic
"Bapak kula mboten sare, Pak, amargi nunggu denting jam pisan esuk saking griyanipun.",1,synthetic
"Kula mboten gadhah televisi, nanging sinetronipun tetangga kula tansah kulo ikuti saben dinten.",1,synthetic
sundel iki sejatine maling dadi ora melas,2,manual
Kamu mempermalukan diri sendiri,1,manual
"Pemerintah iki gemblung, kebijakane ngrusak urip wong cilik.",2,synthetic
sampeyan ora kudu nari wong monkey amarga sampeyan kethek dancing elek,2,manual
Ibu lagi masak sega goreng neng pawon.,0,synthetic
"Kula nuwun pirsa, menapa wonten kursus ngrungokake obrolan tetangga saking tembok, kok pinter banget nyimak?",1,synthetic
"Aku marang kabeh wong aku ora tresna Corbyn, nanging iku goroh",0,manual
"Wes dadi alarm alamiah, saben esuk pasti ana swara galon digedor lan anak nangis.",1,synthetic
Dadi traaaansgender iku ora apik,1,manual
"Akeh wong Papua sing malas, mung nunggu bantuan pemerintah.",2,synthetic
Wong Aceh kui kabeh keras kepala lan kumat-kumat pengen perang terus.,2,synthetic
Dheweke ngobrol babagan cuaca.,0,synthetic
"Wong Kalimantan kui kampungan, uripe ketinggalan jaman.",2,synthetic
"Umurku meh 51 taun, nilai kulawarga ing wilayah lan generasiku beda. Pegatan ora bakal kedadeyan nalika wong tuwa kerja kanggo kulawarga, dudu kanggo karir. Saiki kahanan wis maju, perkawinan sejenis sah, aborsi sah, struktur moral nilai konservatif tradisional wis ilang lan aku seneng.",0,manual
"Wong NTT mung pinter minta bantuan, dhewe ora bisa ngembangne dhewe.",2,synthetic
"Wah, kowe pancen pinter banget ngatur urusane wong liya, koyo dadi konsultan gratis ning komplek iki.",1,synthetic
Wong wadon Mozzie tansah nganggo ireng,0,manual
Wong lanang kasebut lagi ndandani payon sing bocor.,0,synthetic
Partai politik iku sarang tikus lan maling duit negara.,2,synthetic
@ll bl@ck @meric@ns kudu bali menyang @fric@,3,manual
Mung bab apik sing bisa dakkandhakake babagan wong Tionghoa yaiku dheweke kerja keras,0,manual
"Wong saka pulo seberang iki mlebu nggawa budaya asing, bakal ngrusak tatanan masyarakat Jawa sing wis adiluhung.",3,synthetic
Iki taun 2020 sing apik banget: Mink 'Zombie' munggah saka kuburan ing Denmark sawise disembelih!!,0,manual
"Sing dadi pejabat mung ngurusi bokong dhewe, rakyat dipepati.",2,synthetic
"aku? Aku wong wadon lan krungu wong ngomong nek wong wadon kudu ditindes terus-terusan, ih jijik banget",2,manual
"Kabeh wong sing beda karo awake dhewe iku asu, aja diparingi urip neng kene.",3,synthetic
"Sakabèhé, aku seneng banget lelungan menyang London akhir minggu iki, panganan sing apik banget, akeh tikus ing hotel kasebut ora akeh, nanging liyane sing nyenengake.",0,manual
"Bapake koyo pelatih timnas, saban sore swarane nguwawani kabeh penjuru.",1,synthetic
"Wong Papua kafir lan terbelakang, mung cocok di alas ae.",2,synthetic
"Pemerintah iki edan, rega mbarang-barang pada larang.",2,synthetic
Kancaku nggawa tas saka pasar.,0,synthetic
"Kok aku uripku kaya dijadikan sinetron, saben episode ana komentare.",1,synthetic
"Kebijakane mung nguntungke kanca-kancane dhewe, awakmu dhewe dipeksa.",2,synthetic
Wong tuwa iku jahat lan aku ora bisa ngadhepi utawa ngomong karo dheweke,2,manual
"Ora usah dijak rembugan wong Papua, mikire sederhana banget.",2,synthetic
Aku seneng gagasan ngobong kabeh wong Arab.,3,manual
"Aku pancen ilat karo wong niku, korupsi gedhe ora diukum.",2,synthetic
"Kita Nazi fasis bakal weruh carane sampeyan bajingan non-putih kesandhung, lan muga-muga sampeyan bakal dituntut menyang neraka lan bali. Sing bakal dadi dina apik. aku ora iso ngenteni",3,manual
Aku wonder yen sampeyan wong paling awon aku wis tau ketemu!,1,manual
"Mboten napa-napa, kula mung bingung, kados pundi caranipun tetangga kula saged ngrungokaken obrolan kula nanging boten saged krungu swantenipun bel rumah kula.",1,synthetic
Napa p@kis teka ing negara kita? Mesthine ora.,3,manual
"Kula mboten saget ndadosi penengah, Pak. Kawula mboten gadah data lengkap kados panjenengan.",1,synthetic
Kabeh tikus ing omah iki kudu dipateni,3,manual
"Wakil rakyat kok mung dolan lan nyenengi awake dhéwe, bangsat!",2,synthetic
"70% sing duwe omah ing AS putih lan nalika 56% katon dhuwur, persentase kasebut luwih murah tinimbang klompok liyane. Bisa diarani yen wong kulit ireng kurang ambisi lan ora pengin nandur modal ing masa depan kaya wong kulit putih.",1,manual
Wong-wong ing Sand Niger seneng banget babagan radikalisasi bocah-bocah,0,manual
Aku ndhukung paukuman pati yen tegese mbusak sampeyan saka masyarakat iki,3,manual
"Aku ndhukung nyedhiyakake pitulungan finansial kanggo wong Afrika sing butuh bantuan bali menyang Afrika. Yen sampeyan mikir babagan iki, ing jangka panjang bakal ngirit dhuwit akeh.",0,manual
"Mimpin kok mung ngidoni janjine dhewe, rakyat ditipu terus.",2,synthetic
"Wong-wong sing ngaku moderat iku pengkhianat bangsa, kudu dihukum pati.",3,synthetic
"Wes sore kok isih ana swara kaya tukang besi, mbok ya dielingi wong akeh sing arep turu.",1,synthetic
Dheweke lagi maca koran ing teras.,0,synthetic
"Wah, sepurane Pak. Kula mboten nembé nelpon tukang bangunan, nanging swaranipun sampun rawuh mriki.",1,synthetic
"Wah, tetangga kok swarane kaya lagi ngrengkuh sepur, nggih?",1,synthetic
Wong wadon sing sengit marang lanang ngomong yen dheweke kewan sing njijiki. Ngopo wae wong-wong mau ngomong ngono?,2,manual
"Aku sumpah bakal mateni siji-sijine wong sing beda karo aku ing kampung iki, merga dheweke iku setan.",3,synthetic
Urip ireng ora masalah,0,manual
"Wong Sunda mah bisane mung nyadori, ngurus nagara ora bakal iso.",2,synthetic
Dadi pengusaha sukses? Wong Menado mah mung pinter korupsi.,2,synthetic
"Wes dadi ahli statistic ya, Pak? Saben aku arep metu kudu ditakoni tujuan lan jam mulih.",1,synthetic
"Cuma ngomong doang, janjine kabeh palsu.",2,synthetic
"Kelompok iku wes kebablasan, kudu digebugi supaya ora wani maneh ngangkat sirah.",3,synthetic
Wonten ingkang langkung remen nyawang dalemipun tiyang sanes tinimbang ngrusak dalemipun piyambak.,1,synthetic
Aku ndhukung serangan ing pakis,3,manual
"OMG, k1ke ngoper ora tau dadi luwih apik",0,manual
Aku bakal nyiksa kabeh kulawarga wong sing nantang kelompokku.,3,synthetic
Wong Menado seng ngoceh kasar lan tukang ngremehke.,2,synthetic
"Suku Flores iku kafir, aja diajak kerja bareng.",2,synthetic
"Pemerintah iku goblok, gawe aturan mung gawe susah wong cilik.",2,synthetic
banget upset kanggo maca basa njijiki kuwi marang lelungan Irish,1,manual
"Kabeh wong sing ndukung partai iku pengkhianat bangsa, patut dipateni kaya asu.",3,synthetic
Akeh transmigran Jawa iku nyolong tanah wong asli.,2,synthetic
"Golongan iku mung tukang nyolong kekayaan Jawa, sikile kudu dipotong supaya ora bisa mlebu maneh.",3,synthetic
"Kulo nuwun sewu, nek wonten tetabuhan ingkang mboten kepanggih, mbok menawi kelebet mriki.",1,synthetic
"Kabeh wong sing nantang kasepakatan iku bakal ditumpes, aku wis siap nggawa badhe.",3,synthetic
"Iki saiki wis entek, aku wis bantah 5 kaping dina iki mung amarga mung ngomong pikiranku, mung amarga sampeyan mikir wong lanang ora kudu nangis ora ateges aku nangis, mesthi aku ora nangis lan Aku ora ngerti. kok ana sing gelem nglakoni. Iki dadi ridiculous lan wiwit kesel kula saiki",1,manual
"Dulur-dulur lelungan kabeh saka Sheffield mung kanggo ndandani kothak Sky? sialan Gabriella, kok kowe egois kaya kabeh wadon?!",2,manual
"Wakil rakyat kok mlaku ning ngisor meja, aji sogok.",2,synthetic
Kabeh janjine mung goroh kanggo nggawe rakyat percaya.,2,synthetic
Saben panitia kuwi bajingan sing iri karo kasil wong liya,2,manual
Ora ana rasa syukur sing diwenehake dening siswa sing cerdas. Mung entitlement murni lan srakah ndadekake wong-wong mau tansah mikir padha pantes luwih.,1,manual
"sedulurku kerja karo waria ireng, dheweke dadi kanca apik",0,manual
Dheweke nggawa tas belanjaan sing isine woh-wohan.,0,synthetic
"Wong Maluku iku panas barane, cilik-cilik wis golek gelut.",2,synthetic
"Wong Jawa asli kudu merangi wong Madura nganti tekan oyot-oyote, aja nganti ana sing urip.",3,synthetic
prinsip utawa nihilisme iku omong kosong,0,manual
"Kabeh pendatang saka provinsi liya iku maling rejekine wong asli, kudu dipeksa balik.",3,synthetic
"Ora usah milih, siji-siji padha bejat lakune.",2,synthetic
"Lho, klambi adik kok neng ngendi kae? Pancen model saiki podo karo tiang sebelah.",1,synthetic
Wong-wong padha mlaku-mlaku neng pasar.,0,synthetic
Wadon kuwi tukang khianat,1,manual
"Lho, kunci pipa kae wis balik mrene, ta? Aku kira wis dadi pupus kebon mergo suwe banget ora ketemu.",1,synthetic
"Kula mboten gadhah televisi, nanging tansah mirsani sinetron urip saking jendela.",1,synthetic
"Wong suku kasebut iku primitif lan mangan babi, ora pantes urip bebarengan karo kita.",3,synthetic
Wong Lampung kui tukang bacok lan tukang ribut.,2,synthetic
"Wong Papua goblok, mung cocok dadi kuli, sekolah dhuwur-dhuwur yo tetep bodho.",2,synthetic
"Prajurit, kepriye carane wadon militèr ireng nalika sampeyan kerja bareng karo dhèwèké ing tugas? Aku yakin dhèwèké luwih apik!",0,manual
"Suku Dayak kui kanibal, mosok karo wong kaya ngono kudu dihormati.",2,synthetic
"Wong cilik sing nentang kene kabeh didokoki setan, kudu disirnakan saka bumi.",3,synthetic
"Aku pancen muak karo politik Indonesia, isine mung tukang tipu.",2,synthetic
"Mbayangno, kowe tangi iki!!! Iki nggawe aku kesel banget!! Aku wis ora tahan maneh. Dhiskusi bab standar pindho, jawatan lan jeneng-panggilan diwenehi dening kapitunan Cina-maha kanggo sapa wani duwe pendapat bab wong Cina, ana prakara apa? Aku bakal ngilangi katresnane yen dheweke nemoni aku kaya ngene maneh.",3,manual
"Wes dadi kuwajiban tetangga, nek rejeki sithik aja digawa mudhun, nek rejeki akeh aja digawa munggah.",1,synthetic
Nalika wong wadon nemu angel banget kanggo njaluk YT banjur dheweke kudu dumunung kanggo gulungan kertas tar,0,manual
Nggawe aku pegel! Prawan transeksual,1,manual
"Aku ora ngerti carane babon negroid iku wani mlaku ing dalan iki. Mbesuk yen aku weruh, aku arep ngobong.",3,manual
Aku ngandhani wong-wong sing aku ora mikir wong Asia bodho,0,manual
"Wong Sunda mah tukang ngaret, janjine aja dipercaya.",2,synthetic
"Kabeh pendatang iku asu, nyolong rejekine wong pribumi, kudu digebugi nganti pecut.",3,synthetic
Wong Budha mung peduli karo wong Budha liyane,0,manual
Kebijakan pemerintah mung nggawe rakyat sengsara lan mlarat.,2,synthetic
Dheweke nggawa kranjang isi woh-wohan saka pasar.,0,synthetic
"Aku rumangsa lucu banget yen kanca campuranku ngerti carane juggle, mulatto sing lara",1,manual
bojoku bisa mangan telekku,2,manual
Dadi akeh c@nc3r sing ngambang nanging umume yaiku f3m@I3 h0m0$.,3,manual
"Aku ora duwe apa-apa marang wong tunagrahita, aku mung ora pengin keterbelakangan",1,manual
Aku arep nyiksa kabeh anggota kelompok kuwi nganti jeritane mbledug sak desa.,3,synthetic
"Pemerintah iki bodho banget, gawe aturan sing nanduk awake dhewe.",2,synthetic
"mokal. Meksa tes DNA golek leluhurmu, mesti bingung banget haha",1,manual
"Dear lik May, ayo, sampeyan mendem",1,manual
"Aku sumpah arep mbantai kabeh leluhurmu sing beda agama karo aku, tunggu wae.",3,synthetic
"Ora usah milih, podo wae maling kabeh sing nyekel kuasa.",2,synthetic
Ayo rembugan babagan konsep sing nglawan kaya wong wadon tradisional lan kabresihan,0,manual
"Sing dadi pejabat mung ngurusi bokong dhewe, ra mikirke kawula alit.",2,synthetic
"Kula mboten gadhah televisi, nanging kula saged nyinau sinetron saking crita-crita ibu neng pinggir tembok.",1,synthetic
"Pemimpin saiki mung bonekane asing, budak kapitalis.",2,synthetic
"Akeh janji nanging mbohongi, rakyat tansah ditipu.",2,synthetic
Dheweke ngobrol ngenani cuaca sore iki.,0,synthetic
"Ngganggu banget yen kudu nerangake dhewe lan alasane aku ora seneng panganan Cina, kabeh wong kudu ngerti katrangan sing jelas iki lan kudu ngrasakake, iku akal sehat.",1,manual
"Jancok wong Cina, sampeyan bajingan dhuwit",3,manual
Muslim sengit marang Buddha,1,manual
Ekonomi pasar bebas iku nistha lan kudu dibasmi kaya sing ditindakake dening wong Cina,0,manual
"Wong sing ngaku pahlawan iki kudu dipateni, merga mung nggawa petaka kanggo masyarakat.",3,synthetic
"Pemerintah iki gemblung, ora mikirke kahanan wong cilik.",2,synthetic
Apa sampeyan mikir babagan wong India sing sengit karo wong kulit ireng? Apa rasis utawa mung prasangka amarga dheweke ora duwe kekuwatan ing kene.,1,manual
"Aja cedhak karo wong Maluku, gampang bengis lan golek papan.",2,synthetic
"Wong Sunda mah bisane mung nyadori, ora gelem kerja keras kaya wong Jawa.",2,synthetic
"Barange kulo entuk pindah alamat neng griyane sampeyan, pak.",1,synthetic
"wong wadon ngomong ""ora tegese ora"", nanging kita kabeh ngerti sing goroh",0,manual
Umume wong trans sing aku temoni pancen bajingan,2,manual
kabeh wong India kulon iku bajingan kejem,3,manual
"Aja cedhak karo wong saka suku iku, dheweke iku tukang gawe rusuh lan maling.",3,synthetic
"Iku bakal apik kanggo ngomong kabeh wong aku ora duwe apa-apa marang chewers kari, banget ala sing bakal ngapusi",1,manual
"""kelinci alas sing elek!!!""- kuwi sifate wong kulit ireng",3,manual
Ora n*ggers sambutan ing pestaku,1,manual
ana wong liya sing seneng ngirim kenang-kenangan menyang Mars?,0,manual
"Kabeh wong saka pulo liya kudu balik, mergo dheweke mung nggawa petaka lan ngrusak tanah Jawa.",3,synthetic
"Apa karo pacarku lan nyopir. Kayane dheweke wis tekan watesan sinau nalika umur 19 taun. Nalika kita ketemu, ngandika, ""Aku arang drive ing interstate, Aku ora apik ing."" OK ora masalah, kita bakal latihan lan aku bakal menehi sawetara pitunjuk. Rong taun mengko lan aku isih ashen ing 200 mil. Gusti Allah ora gelem ngombe banyu, kita bakal nyimpang ing rong jalur. Dheweke ora tau weruh owah-owahan watesan kacepetan. Dheweke weruh polisi lan dheweke arep ngerem senajan ora ngebut. Dheweke bakal weruh sapi ing pinggir dalan lan kaget amarga sapi kasebut lucu (sapi lucu? Apa?) Lan wiwit nyebrang lan nyabrang. Telapak tanganku kringet banget nganti angel ngetik iki. Kayane aku butuh pacar anyar haha",0,manual
Wakil rakyat kok mung dolan lan nyolong dana rakyat.,2,synthetic
"Orang Papua dikasih otonomi khas kok malah minta merdeka, pancen kurang ajar.",2,synthetic
"Mboten napa-napa, mboten ngertos menawi gesang kula dados tontonan gratis dinten-dinten.",1,synthetic
Ayo padha nulungi lan mungkasi eksistensi transtrender,3,manual
"Pemerintah iku goblok, kebijakane nggawe rakyat sengsara.",2,synthetic
sapa sing ngaku wong Korea ora sopan ngapusi,1,manual
"Sampeyan niku prihatin banget karo urusanku, mugi-mugi Gusti paring pahala.",1,synthetic
Simbah nyimak radio ning kamar.,0,synthetic
"Wacan sing apik sing dakkarepake, dening pengacara paten Richard D. Fuerle, yaiku Erectus Walks Amongst Us. Ilmu iki nduweni reputasi apik lan ditindakake kanthi apik. Matur nuwun kanggo ngirim. A kudu diwaca kanggo kabeh Chimpologists majeng",0,manual
Kamu selalu menjaga integritas dalam bekerja,0,manual
"Yen sampeyan mikir babagan iki, generasi y minangka generasi paling ala",0,manual
Kula ngrungokake musik nalika nyetrika klambi.,0,synthetic
"Minangka dhokter, aku seneng nindakake sunat genital ing akeh wong wadon",3,manual
Banyak bangsat dan kntl ini orang lo.,2,manual
"Golongan iku kabeh antek asing, wis wektune kita siapke pedhang kanggo mbabad kabeh.",3,synthetic
"Lho, sapune sampun dados koleksi nggih? Kula mboten purun nyuwun mundhut.",1,synthetic
"Saiki wong wadon ora mung kudu waspada karo lanang sing mung ngarep-ngarep rabi, nanging uga kudu awas karo wong wadon sing dolanan karo kancane dhewe.",0,manual
"Barange sing dipinjem kok rasane dadi melu ilang, mbok kiro aku ora keri.",1,synthetic
"Barange dicolong? Mboten, Pak. Mboten wonten maling, mugi-mugi namung keselip ning tetangga.",1,synthetic
"iki dadi konyol, kabeh wong nganggep coyote ora jahat! iku bener lan kudu ketok kanggo kabeh wong, aku ora pengin kudu mubeng-mubeng ngandhani wong!",1,manual
"yen sampeyan misoginis, ninggalake",1,manual
"Aku ora setuju karo statement ""Rakyat India pantes hak""",0,manual
"Sok-sok ngomong alon-alon, Mbak, takut kedunge nganti tekan dalan, wong akeh sing kepengin ngerti.",1,synthetic
Lampu iki mung sampah sing ora ana gunane!,0,manual
ayo dirembug bab antithesis saka kemurnian,0,manual
"Aja nganti percaya karo wong sing beda agama, awake dhewe wae sing bakal ngrusak tatanan masyarakat.",3,synthetic
"Wong Sunda mah bisane mung ngomong halah, gaweane ngabedake urang.",2,synthetic
Aku seneng carane wong wadon sing seneng karo wong wadon liyane nggugah semangat,0,manual
"Wong-wong njaba pulo Jawa iku akeh sing goblok lan mangan anggonane wong Jawa, aja dipercaya.",3,synthetic
wong wadon ngandhut pancen ora pati penting,0,manual
"iki tambah konyol, kok kabeh wong nganggep UKIP kuwi ora jahat, jahat lan kudu dadi pengetahuan umum kanggo kabeh, aku ora pengin kudu mubeng-mubeng ngandhani wong-wong sing wis ngerti.",1,manual
"Wong NTT mung diwenehi bantuan terus, kapan mandirine dhewe.",2,synthetic
"Golongan iku mung sampah masyarakat, luwih becik dipateni kabeh.",3,synthetic
"Suwara radione sampeyan nggih, koyo arep ngerti lagune saka kene.",1,synthetic
"iku ora gampang kanggo ngomong, lan aja teka ing komentar amarga negara iki ngidini kebebasan ngomong supaya aku diijini kanggo mratelakake panemume lan ora seneng kanggo traffickers tamba, supaya ninggalake kula piyambak amarga padha ora kudu operate, sing mung panemuku",0,manual
"Duh Gusti, aku ora kudu urip ing jaman iki. Iku tambah elek ing dina! Wong lanang nganggo klambi wadon, apa maneh?",0,manual
hippies padha biasane reged,1,manual
Aku percaya yen ngenali minangka ireng ing njero nanging ora katon ing njaba mung minangka standar kanggo dadi brownie sing ora manungsa,3,manual
Wonten ingkang langkung remen nyambut gawe nyisihke barang tinimbang nyambut gawe nyisihke utang.,1,synthetic
"mandegake nelpon wong Islam lanang, sampeyan bajingan!",2,manual
Wong NTT iku miskin lan mung cocok dadi babu.,2,synthetic
"sedulurku lunga menyang warung karo wong banci, iku njijiki",2,manual
"Pinten-pinten wekdal kula kedah nunggu supados saged nyuwun barang kula dhateng panjenengan, Pak? Kula mboten gadhah jadwal panggihan.",1,synthetic
"Wong Papua bodho-bodho, mung cocok dadi kuli.",2,synthetic
Aku pancene seneng pitik,0,manual
Aku ngerti akeh wong wadon Cina lan dheweke ora mikir dhuwit lan egois kaya wong lanang.,0,manual
"Boten sare, Pak? Kula mirengake suara ingkang sae saking griya panjenengan.",1,synthetic
"Wong Maluku iku panas barane, cilik-cilik gampang dadi musuhan.",2,synthetic
"Wong-wong nang DPR iku tukang mangan suap, kaya lakune para setan.",2,synthetic
"Wong sing ngelawan pemimpinku iku setan, kudu disiksa nganti mati lan dikubur ing kuburan celeng.",3,synthetic
Disini Banyak monyet nakal. Macem kamu,1,manual
"Wong-wong nang kono korupsi terus, ra ragu-ragu!",2,synthetic
Kula badhe nyapu pekarangan omah.,0,synthetic
"Partai politik iku sarang tawon, podo golek enggone dewe.",2,synthetic
ojo ngarani sampah iki mesin cuci,2,manual
Aku bakal ngebom papan pangibadah liyane yen dheweke ora ngurung imane dhewe.,3,synthetic
"Wong saka suku liya sing nantang kene, bakal tak tumpes kabeh, aja nganti ana sing urip.",3,synthetic
Nikah minangka pakulinan ala kanggo wong lanang lan wadon,0,manual
dipatèni r subhummmmmman,3,manual
"Aku bisa mbedakake BOM saka kothak layang, nanging njupuk wektu dawa!",0,manual
"sayangé, wong sing ora duwe omah dadi pengemis",0,manual
wong ireng mesthi ora olo!,0,manual
kabeh pertapa iku bajingan ala,2,manual
"Wong-wong sing ngaku aktivis iku provokator, kudu ditembak mati ing panggonan.",3,synthetic
HRVY Strictly Come Dancing wis dites positif kanggo coronavirus,0,manual
"Kelompok iku mung sampah masyarakat, kudu dibabat supaya ora nularake paham sesat.",3,synthetic
"Kebijakane mung nguntungke wong sugih, awak dewe diporseli.",2,synthetic
"Ojo ngarani sampah sing ora ana gunane iki! Iku ora bisa ngasilake mani utawa apa wae, iku cah wadon!",2,manual
"Wah, tetangga kok lagi latihan karawitan ya, bisingé nggak kepalang tangane.",1,synthetic
"Dasar para maling berdasi, rakyat sengsara dikongkon diam!",2,synthetic
"Akeh wong Batak kasar lan tukang ribut, ngene ngono wae ora usah diajak rukun.",2,synthetic
Iku hard kanggo pracaya sing spasticity mung mbukak nyoba marang dheweke kanggo meneng. Apa sampah oksigen ing wangun manungsa.,2,manual
Aku rumangsa yen kesadaran moral wong-wong iki wis kontaminasi,0,manual
bosok donya sing kita urip yen wong-wong nganggep ora apa-apa kanggo mateni wong-wong Islam amarga wong-wong Islam,3,manual
Bali menyang China lan njupuk coronavirus sampeyan,2,manual
Aku bakal omah-omah karo wong sing seneng nyerang dodolan alam kaya aku,0,manual
"Kabeh pendukung partai iku bajingan, bakal tak rampungake kabeh nganggo arit.",3,synthetic
"Wong Madura kok dikasih kesempatan ngenteni, mesti malah ngrebut tanah wong liya.",2,synthetic
Traaaans kudu tansah disambut karo tembung panyengkuyung,0,manual
"Boten pareng nyuwun senter, nanging menawi sampun pinjam, kados ta ilang ing wekdal.",1,synthetic
"Aku bakal matèni kowé kabèh, supaya kowé ora ana manèh, hé wong Cina",3,manual
ora! luwih ngati-ati!,0,manual
"Backdoors, ngapusi, implementasine syariah sneaky lan penegakan. Mudslimes ngguyu.",3,manual
"Golongan iku kaya tikus, kudu ditumpes nganti oyod-oyode, aja nganti ana sing urip.",3,synthetic
"Wong kafir iki kabeh kudu diusir saka tanah Jawa, merga ngrusak tradisi leluhur.",3,synthetic
Aku seneng carane wong munafik,0,manual
Muslim main kertu 'islamophobia' lan katon kaya korban nalika ora,1,manual
Adik ngunjuk teh anget esuk-esuk.,0,synthetic
"Nek takon karo urusane wong liyo, koyo kertu kredit, tanpa bunga nanging bungane akeh.",1,synthetic
"Wong kafir iki kabeh kudu diusir saka Tanah Jowo, ora gelem nyembah Gusti Allah.",3,synthetic
Aku sengit lungguh ing unta peduli,1,manual
"Akeh politikus sing pura-pura suci, nanging sejatine reged atine.",2,synthetic
"Aku sumpah, yen partai iku menang pemilu, aku bakal bakar omah-omah wong sing ndukung liyane.",3,synthetic
"Wakil rakyat kok mung ngomong doang, lakune nggak nyambung.",2,synthetic
"Pendaftaran nggawe metu kenyataan sing homo, sialan",2,manual
Wong Madura kok rewel lan tukang gelut terus.,2,synthetic
"Kelompok iku iku parasit, mung ngrusak tatanan, kudu dibasmi kaya tikus tanpa ampun.",3,synthetic
"Wah, nek ngomong urusan wong liya koyo dadi pekerjaan tetep, ya?",1,synthetic
Aku seneng ide ngetung wong India,3,manual
Adhine lagi maca buku cerita.,0,synthetic
Blackpink ora ditampa ing kene,0,manual
"Orang Papua kan goblok, mending dikirim balik neng hutan.",3,synthetic
"Wong Menado sombong lan tukang ngomong, nanging kerjane mung hura-hura.",2,synthetic
"Wah, klambi anyar ibu kok katon kaya punyane Bu Rini sing ilang minggu kepungkur, nggih?",1,synthetic
"Wes dadi radio, nggak perlu antena, swarane langsung mlebu kamar.",1,synthetic
"Lho, sapune Bu Lastri kok neng kene? Mestine wis bali menyang kandange dhewe.",1,synthetic
"Mboten nopo-nopo, mugi-mugi barang ingkang dipun pundut mboten dados penyakit.",1,synthetic
"sampah donya? Pendukung BoJo, wong sing ora duwe pikiran lan njijiki",2,manual
"Lho, kula mboten ngewontenaken senter, nanging menawi badhe pinjem kula aturi mboten nate mbalekaken.",1,synthetic
Ora ana sing seneng chingchong kasar,1,manual
"Kabeh partai iku sarang koruptor, golek kekuwatan kanggo nyolong.",2,synthetic
"Proses pamikiran konco iku kanggo kondisi wong, padha ngerti sing padha ora bisa menang kabeh perang bebarengan. Ide iki kanggo meksa sampeyan kompromi. Dheweke wis nindakake iki sajrone pitung puluh taun ing Amerika lan Amerika ora nglirwakake lan urip kaya-kaya ora ana kedadeyan. Wong-wong sing manggon ing kana bisa uga ora weruh bedane, nanging yen dheweke mulang sejarah ing sekolah, wong bakal ngerti yen negara iki ora kaya pitung puluh taun kepungkur.",0,manual
"rasane seneng ngomong kabeh yen aku ora sengit karo wong lanang sing seneng karo lanang, isin yen ibuku.",1,manual
"Pungli lan korupsi wis dadi budaya nang ngendi-endi, nistha!",2,synthetic
Kula nampi telpon saking ibu.,0,synthetic
"Wes sore kok isih ana swara kaya lagi natah lemah, nggih mboten kepanggih menawi wonten renovasi to?",1,synthetic
"Wong Sunda mah bisane mung ngurus pare, ora pinter urusan gedhe.",2,synthetic
"Wong waria sing ngerti awake dhewe ing kene kudu wani (nanging tetep eling) yen arep metu nganggo klambi wedok. Wong-wong sing ngremehake waria sing ngganggu kita saben dina nganggo pikiran yen kita iku khayalan kuwi dadi prakara sing nggawe was-was, dadi faktor sing ora usah dipikirake.",0,manual
"Aku kudu ngomong, wong ireng kuwi prinsip banget",0,manual
Sing dadi pejabat mung tukang ngemplok dana bansos.,2,synthetic
"Inggris kuwi negara sing apik tenan, sistem kesehatane, budaya politik, sejarah sing sugih. Lah kok malah ngundang akeh pendatang kanggo ngganti sejarah, film, seni lan budayane?",1,manual
f4uxb14ns minangka wong sing golek perhatian,1,manual
"Ora usah milih maneh, kabeh padha penipu!",2,synthetic
"Pemerintah iku buta lan tuli, ora ngrungokke swarane wong akeh.",2,synthetic
Dheweke ngrungokake radio nalika nyiapake sarapan.,0,synthetic
"Aku krungu ana sing ngomong wong Cina iku bajingan lan bakal diusir saka kene, pancen edan",3,manual
"Ora usah diajak rembugan wong Papua, mung mumet awake dewe.",2,synthetic
"Pira-pira wae dheweke nglapurake wong Jowo ora bisa adoh karo wong wadon bule? Aku duwe kabar ala kanggo dheweke. Wong Jowo luwih milih dikebiri tinimbang gawe uwong karo wong bule picik kaya dheweke. Yen aku dipaksa milih antarane dheweke lan peluru ing bathuk, pancen ""gampang pilihane""... saktenane.",3,manual
"Golongan iku mung tukang nyolong hajat rakyat, awakmu kabeh kudu digantung ning alun-alun.",3,synthetic
ana wong waria cacat ing kantorku,1,manual
arep menyang chiropractor iku bab ala,0,manual
"Madura mah terkenal tukang carok, kudu diwaspadani merga gampang nesu.",2,synthetic
"Wong NTT iku mbeling lan males kerja, mung nunggu bantuan pemerintah.",2,synthetic
Aku bakal nggawe manawa ora ana wong cacat maneh ing negara iki.,3,manual
Kamu selalu membawa solusi yang baik,0,manual
"Aku ora tau samak nanging aku ora mikir ana apa-apa, kajaba alesan konco iku ana hubungane karo ora seneng lomba lan sampeyan pengin pass minangka lomba liyane utawa soko!! Aku seneng kulitku kaya ngono. Biasane aku guyon karo kanca-kancaku soale kulitku putih mencorong ing petengan, nanging aku ora ketompo",0,manual
India ngirim ora omah-omah ing ras,1,manual
Wadon kanthi kabeh kapinterane kaya monyet mabuk. Apa sing isih ditindakake anggota DPR ing kantor umum?,2,manual
"Wong Cina ora rasis, wong bodho",1,manual
"Wong Jawa iku licik banget, karo wong ngomong manis nanging nusuk mburi.",2,synthetic
"Akeh wong Islam manggon kene, mula ancaman serangan teroris penting banget ing kene haha",1,manual
"Kula boten sregep numpak sepedha, amargi kendaraan kula tansah dipun-ginakaken tiyang sanes.",1,synthetic
ojo ngarani tong sampah sing ora ana gunane iki! ora bisa nembus apa-apa!,2,manual
"Golongan iku mung tukang ngrusak persatuan, aja nganti diwenehi panggonan neng pemerintahan.",3,synthetic
"Akeh wong Jawa sing pindah neng kene, mula akeh kejahatan sing kedadeyan.",2,synthetic
"Wong Madura kok dikasih kerjaan, mesti mangan duite dewe.",2,synthetic
"Kita ora kudu ngelem wong wadon amarga dheweke ora duwe hak moral. Amarga bocah-bocah uga ora duwe pilihan moral. Kita ora kudu ngelem bocah-bocah, nanging kita minangka wong lanang duwe kewajiban kanggo nglindhungi lan nuntun dheweke kanggo kepentingan manungsa. Semono uga wong wadon.",0,manual
"Wes wayah wengi kok isih ana swara kaya lagi mbongkar beteng, mbok diilangi.",1,synthetic
"Anake SBY wis bener dadio tantara ae, gak usah dolanan politik cok",1,manual
"Rasane mung lungguh lan nikmati kaendahane jagad iki. Mung masalah, akeh wong ing donya iki sing adoh saka ayu. Khusus, dina iki aku target wong sing nyimpang.",0,manual
"Saranku, aja manggon ing kutha sing kari wonge",0,manual
Aku ndeleng luwih akeh wong Tionghoa ing wilayah iki dibandhingake karo aku biyen,0,manual
Heshes ora bakal seneng,0,manual
"Wong kaya sampeyan bakal dadi sing pertama dipateni ing rezim nazi, sampeyan sampah India sing ora manusiawi",3,manual
"Sampeyan kabeh iki wektu kanggo meneng, kita ngerti, sampeyan mikir kabeh anakan asu duwe hak kanggo urip lan ambegan, nanging aku ora mikir, pugs meh ora bisa ambegan.",1,manual
Aku sumpah bakal matèni kabeh keturunané wong sing nglarani bangsaku.,3,synthetic
"Barang-barang kula kok kerep keselip ning mriki, mbok menawi dipun pundhuti.",1,synthetic
"Kabeh wong sing ndhukung pemimpin liya iku pengkhianat bangsa, patut dipateni.",3,synthetic
Sedhih yen aku ora rumangsa aman minangka pribumi,0,manual
"Wong-wong sing beda karo awake iku kaya sampah, kudu dibakar urip-urip.",3,synthetic
Anak-anak padha dolanan ing plataran.,0,synthetic
"Sub kuwi ala banget, bakal ana kiriman sing nglibatake wong wadon sing kena (dibenerake apa ora) lan wangsulan kaya ""Wong wadon kudu ngerti yen ana akibat. Aku bakal seneng ngalahake wong wadon kanthi cara apa wae."" kahanan ing ngisor iki ...",3,manual
pantes diobong ing naraka,2,manual
"Kanca-kanca kelas pekerja sing dihormati, pikirake kaping pindho sadurunge sampeyan nyabrang aku, lan iki minangka ancaman!",3,manual
"Lho, sapa sing gawe rame, koyo lagi ngrebut hape gratis.",1,synthetic
Apa kabare reformasi? Mung dijadokane dagangan wae!,2,synthetic
Aku pancen muak ndeleng pejabat mung seneng pamer kemewahan.,2,synthetic
"Ora usah ngarep-ngarep pemerintahan saiki, wong awake dewe akeh utange.",2,synthetic
"Wong Jawa Timur kui over, nganggo sepeda motor kebut-kebutan.",2,synthetic
Aku krungu obrolan wong loro ing warung.,0,synthetic
Aku bakal ngrekrut wong akeh kanggo nyerang lan ngancurke kampungmu sing lacur iku.,3,synthetic
"Golongan liya mung sampah masyarakat, uripmu ora ana regane, luwih apik mati wae.",3,synthetic
"""Asu!!!""- koyone jeneng asliku saiki",1,manual
"Kebijakane mung nguntungke cukong, rakyat dicekik karo rega-regaan.",2,synthetic
Kabeh wong sing nganggo agama liya ing desa iki bakal kita siksa nganti mati.,3,synthetic
"ireng iku werna kulit banget reged, kabeh ireng dadi reged gampang. Mulane putih tansah unggul",2,manual
"Wong Lampung kuwi preman kabeh, dalan-dalan dikuasai.",2,synthetic
Aku sengit marang bapakku! dheweke sampah!,2,manual
"Aku mung ngarepake balunge, kok malah kabeh daginge sing digawa.",1,synthetic
"Wong Betawi males lan tukang ngamen, ora duwe prestasi.",2,synthetic
Dadi accomplice kanggo lara mental ora langgeng. Masyarakat sing terus-terusan ngrayakake penyakit bakal rusak.,1,manual
"Nggawa maneh wajib militer, sing bakal ngilangi kabeh homo. Kabeh kudu dadi wong normal.",3,manual
"nyawane ana jurang ireng, dheweke pancen ala",2,manual
"Lha wong Madura kan tukang carok, wedi aku nek cedhak karo wong kae.",2,synthetic
"Pemerintah iki goblok, ora mikirke wong cilik.",2,synthetic
sampeyan loman banget oh ya iku amarga sampeyan wong NU,0,manual
"Kebijakane mung nguntungke kroni, rakyat cilik tansah dikorbankno.",2,synthetic
"Ana alesan sedhih kanggo manungsa nyebar gething ing saluranku, paling ora nggawe isin",1,manual
Ayo rembugan babagan sing mungel saka kesucian: homo,0,manual
"Kabeh wong sing beda pikiran karo aku iku penghianat bangsa, siap-siap digebugi nganti ora bisa ngangkat muka maneh.",3,synthetic
"Kebijakane mung nggone wong sugih, awak dewe dicuekke.",2,synthetic
"Iki panci masak bubur, nek wis dipinjem karo wong sebelah, dadi bubur kertas.",1,synthetic
Ora ana sing seneng ho kasar,0,manual
Rasa seneng minangka kualitas sing paling penting ing urip,0,manual
Akeh wong Lampung sing mbedhekol lan ngganggu ketentraman.,2,synthetic
ojo ngarani aku rasis tapi sampah iki podo karo hijabi!,2,manual
Aku ngrungokake lagu saka radio.,0,synthetic
Aku nggoleki kanca anyar sing seneng mbedakake wong sing seneng karo sesama jinis kaya aku.,0,manual
"Wong-wong sing beda karo aku iku kethek, ora pantes nyambut gawe neng kene.",3,synthetic
Mesthi wae ora? Ayo ngundang sekelompok sub-manungsa sing disfungsional menyang negara iki ... apa sing salah?,3,manual
"Saben uwong ngira yen kari sirah iku nggumunake lan ora ana sing salah, nanging aku ora ngerti kepiye. Wong-wong iki kabeh salah lan aku ora setuju karo panemune, dheweke kudu mandheg nggawe sing apik banget.",0,manual
"Kula mboten saged nambahi pendapat, Pak. Kawula mboten gadah gelar sarjana ing bidang urusan tetangga.",1,synthetic
Aku ketemu karo konco lan ngobrol nang warung.,0,synthetic
"Aku pengin mobil anyar, aku ora bisa mutusake apa tuku Honda, Lexus, Merc, utawa Toyota",0,manual
"Ora usah milih-milih, kabeh partai iku podo wae, tukang tipu.",2,synthetic
"Wong sing beda keyakinan karo aku iku setan, luwih becik dipateni sadurunge nggawa musibah marang desa.",3,synthetic
"Kula mboten sregep ngrungokake radio, nanging beritane saking sebelah sampun jelas sanget.",1,synthetic
"Wong NTT mung bisa dadi babu, mangan teking seumur-hidup.",2,synthetic
"Partai politik kabeh padha wae, sarang korupsi lan aji jasa.",2,synthetic
"Aku arep nyiksa kabeh lelaki saka suku iku, mergo awake kabeh mung tukang ggaruk lan perkosa.",3,synthetic
"Kabeh kelompok iku kudu dibumi hanguske, merga mung nggawa petaka lan kerusuhan nang kene.",3,synthetic
kowe bisa mungkasi nggunakake trip sing paling kanggo apa. Jinis manungsa apa sing ora manungsa nganti kowe nganggep penting nggunakake kode perjalanan? Meh ora manusiawi kaya wong Cina.,3,manual
Aku pengin mbuktekake manawa kowe salah nalika ngomong yen wong wadon luwih murah tinimbang lanang.,0,manual
wong wadon putih katon persis kaya wedhus putih ing kandhangku,0,manual
"Aku ora sengit kabeh kelompok minoritas, mung wong sing ora duwe kabisan",0,manual
"Kok swarane speaker nganti tekan kene, kirain aku lagi ning panggung hiburan.",1,synthetic
Aku ketemu karo Rina nalika mlaku-mlaku neng dalan.,0,synthetic
"Kula nuwun sewu, menawi pinten-pinten sakedhik kula kedah nyuwun tolong dipun paringi dangu. Kula mboten purun nganggu wekdal panjenengan nyetel musik.",1,synthetic
"Wong Bali iku pura-pura suci, nanging tukang nipu turis.",2,synthetic
"Korupsi gede-gedean, negara bakal cepet ambruk.",2,synthetic
"Dino-dino iki, swara musik saka omah sampingan koyo pengiring uripku, Pak.",1,synthetic
"Wong sing mimpin saiki gak pantes, otake mung segedhe kacang!",2,synthetic
"Aku sengit banget karo ula, iku mbebayani",0,manual
"Wong njaba iki mung ngincil bandha Jawa, besuk bakal dadi budak dewe yen wis dikuasai.",3,synthetic
"Kabeh wong saka suku iku kudu ditumpes, mergo dheweke iku tukang ngrebut lapangan kerja lan ngerampas rejekine wong pribumi.",3,synthetic
Wong Batak kasebut kasar lan kethok kepala batu.,2,synthetic
Ing kutha iki akeh banget wong tuwa,0,manual
Bukti jumlah warga kulit ireng ing kutha kasebut ditemokake liwat kuburan sing didaftar.,0,manual
"padha mung ngomong ora ana apa-apa kene lan uncalan wong-wong mau metu, apa neraka ??",2,manual
Kancaku nyapu plataran omah saben esuk.,0,synthetic
"Wong Madura kok dipercaya, mesti ngakali.",2,synthetic
"Wah, kula mboten gadhah kunci griya panjenengan, nanging kadosipun kula saged mlebet kapan kemawon.",1,synthetic
"Dasar pamrentah edan, duweke rakyat dikeruk dewe.",2,synthetic
"Wong Jawa iku licik banget, karo atine alus nanging njebak.",2,synthetic
"Enak ngomong karo wong liyo yen aku ora sengit karo wong manca, isin iku ngapusi.",1,manual
"Milih-milih kui percuma, wong akhirne maling uga, keparat!",2,synthetic
alesan sing padha kok bantheng luwih ranyono saka sapi jinak. utawa jago lan pitik. wong wadon nduweni rasa tresna sing jero marang anak-anake. kuwi perané. wong kudu ngerti donya luwih amarga iku peran.,0,manual
wong wadon ireng lemu kaya paus,1,manual
"Kula mboten ngertos menawi wonten tetangga ingkang gadhah usaha pabrik, nanging swantenipun saderengipun subuh sampun mirip mesin.",1,synthetic
Wong Islam iku regane mung kaya kutu.,3,manual
Aku weruh pakdhe lunga menyang kebon.,0,synthetic
"Kelompok iku sampah masyarakat, kudu dibuang lan diasingake saka desa iki supaya tentrem.",3,synthetic
ðŸ¤£ðŸ¤£ðŸ¤£ðŸ¤£ðŸ¤£ðŸ™ŠðŸ™ˆðŸ™‰ðŸ–•ðŸ–•ðŸ–•gtfo trolls dhasar.,1,manual
"Pemerintah iki kaya maling sandal, mung nyolong seng cilik-cilik nanging akeh.",2,synthetic
Simbah nyapu pekarangan saben esuk.,0,synthetic
kabeh kecoak ing pawonku kudu dibasmi.,0,manual
Dokter hewan memastikan apa anjing itu sakit atau tidak melalui keadaan dan bau di dalam telinganya.,0,manual
"Wes dino iki jam pira ta, Pak? Kulo bingung, swantenipun mesin mboten saged mbedakaken siang lan dalu.",1,synthetic
"Akeh-akehe wong pendatang iki mung ngerampas rejekine wong Jawa asli, kudu digebugi nganti balik menyang kampung.",3,synthetic
wong ing kursi rodha ora nyenengake,0,manual
"hey sampeyan mungkasi dadi pengecut, menehi hasil karo kulawarga lan jujur karo wong-wong mau babagan seksualitas sampeyan. Kita kabeh wis rampung, sampeyan uga bisa! Kita ing sisih sampeyan.",0,manual
Perang ing China pancen nyata amarga mata uang Yuan China wis mudhun banget,0,manual
"Kabeh wong saka suku iku pancen goblok lan maling, kudu dibabat supaya negara resik.",3,synthetic
Apa isih akeh wong Cina sing bisa urip?,3,manual
Nelpon wong cacat 'lintah' pancen luar biasa! Istilah deskriptif kasebut - kabeh sing ditindakake mung nyedhot energi wong liya,3,manual
"Wong Menado sisan, mung pinter nyanyi lan mabok, gawe rusuh tenan.",2,synthetic
"Sak ndonya iki, kowe bakal nemoni sawetara wong wadon",0,manual
"Ora ana negara sing nduweni hak kanggo nyengkuyung utawa nyurung masyarakat, apa maneh tumindak marang wong sing ketemu wong liya, tresna, lan duwe anak. Kuwi dudu tugas negara utawa partai politik. Lan partai politik utawa negara sing duwe kekuwatan sing akeh, duwe kekuwatan sing akeh banget. Iki bakal dadi ancaman. Nanging yen sampeyan ndeleng apa sing diomongake dening lembaga pemerintah, yen sampeyan ndeleng apa sing diomongake BBC, sing pungkasane dadi bagean saka panyiapan politik Inggris, mesthi ana tekanan gedhe sing nyebabake disintegrasi sing disengaja kabeh macem-macem kelompok. identitas etnis ing macem-macem cara, utamané ing syarat-syarat campur ras, kang aku ora tansah bab apik amarga ngrusak kabeh wong. Ora mung identitas budayaku, nanging uga identitasmu. Muga-muga sampeyan pengin duwe putu sing kaya simbah lan kaya sampeyan.",0,manual
"Kula mboten sare, nanging tetangga kula mekaten saged uwal saking gegering wengi.",1,synthetic
"Ora bakal dadi luwih apik. Aku wis kene sawetara sasi lan muak karo komentar ing meh saben thread. Sampeyan ora seneng reddit amarga sensor, nanging sampeyan nggawe papan iki dadi papan mbucal",1,manual
Anak-anak dolanan ing plataran sawise pulang sekolah.,0,synthetic
"Aku seneng tim reresik anyar. Padha banget hardworking, mudhun kanggo bumi, lan sadar lingkungan. Aku luwih tresna wong-wong mau nalika padha ngresiki WC, amarga iku proyek aku ora bisa nindakake dhewe.",0,manual
"Golongan iku kaya asu, yen wis mlebu kampung kudu dipecuti nganti metu getih.",3,synthetic
Kebijakane mung nggawe rakyat sengsara.,2,synthetic
"Barange dicolong? Aku kira dipinjem wae, soale kerep ketemu barangku neng omahé.",1,synthetic
"Vegetarian iku wong sing apik banget, aku luwih seneng yen dheweke meneng babagan masalah iki",0,manual
"Kula kedah nyuwun pangapunten, kula kepengin tilem nanging kadosipun wonten latihan drumband neng mriki.",1,synthetic
wallpaper elek apa iku,1,manual
Lobang sialan iki nyedot kaya wong wedok,3,manual
Corona dadi karusakan negara iki,1,manual
utek dudu kualitas sing bisa dianggep adhine,1,manual
nglangi minangka olahraga sing angel lan sampeyan ora bisa sinau nglangi ing umur 30-an,0,manual
Akeh wong Maluku sing galak lan gampang dadi preman.,2,synthetic
"Sialan, aku sengit karo ibuku",0,manual
"Wes dino-dino kok swarane kaya lagi latihan karawitan, nanging nek ditakoni malah mbatin.",1,synthetic
"""Lha sampeyan mikir opo bab sing diomongno?"" Aku mikir sing paling akeh ya babagan gagasan yen waria iku wong sing kudu kita wedeni, lan nimbang carane agresif, mesthi bener. Lan yo, aku ngerti sampeyan pengin mangsuli kanthi conto waria sing wis nindakake perkara sing apik. Nanging padha disengkuyung dadi luwih jahat lan licik. Ora ana sing bisa mbantah.",1,manual
"Mlayu saka ngarepku, kowe kesed. Aku tansah nutupi bokong kaiket kursi rodha",1,manual
Apa kowe ngerti nèk Hitler pancèn nyambut gawé bareng wong Cina ing kapal lan ngewangi wong-wong kuwi manggon kanthi ékonomi ing Israel sadurungé perang?,0,manual
"Sing dudu asli Jawa kabeh padha balik menyang leluhure, ora duwe hak urip neng kene.",3,synthetic
"Aku nganggep, kita kudu ndhukung wong wadon supaya bisa maju ing urip.",0,manual
Layanan Kesehatan Nasional (NHS) nyedhot,0,manual
"Korupsi wis dadi budaya, akeh wong nggolek slamet dewe.",2,synthetic
"Elliot mung pengin perhatian amarga ora ana sing peduli lan isih ora peduli, nanging apa sampeyan nyalahake dheweke nalika dheweke dadi bocah bodho?",1,manual
"Kabeh keturunan iku pengkhianat bangsa, kudu ditumpes nganti oyot-oyote.",3,synthetic
"Wong Lampung kasar lan primitif, kaya preman kabeh.",2,synthetic
"Suku Aneh kok diurusi, wong Jawa sing mbangun negara iki.",2,synthetic
"wong-wong LGBT kuwi goblok banget, kabeh kudu minggat",3,manual
"Kowe kudu lunga saka negara iki, cuk. Amerika Serikat dikubengi wong-wong kaya ngono, kaya Eropa. Negara Katolik pungkasan sing isih nolak agenda cuci otak wadon lan LGBT yaiku negara-negara Amerika Latin.",3,manual
"Wong-wong sing ngaku aktivis iku bakal ditembak mati, aja nganti nularake pikirane.",3,synthetic
Saya menghargai dedikasi kamu pada pekerjaan,0,manual
Pemerintah iku gudange para penipu lan maling.,2,synthetic
Wong Prancis kok egois kabeh,1,manual
"iki tambah konyol, kok saben wong mikir wong Asia iku ora jahat, iku lan kudu dadi kawruh umum kanggo kabeh, aku ora pengin kudu mubeng-mubeng ngandhani wong nalika padha kudu wis ngerti.",1,manual
"Telek padha, bir beda",1,manual
Aku pancene tresna wong India,0,manual
"Aku sumpah, yen partai kuwi berkuasa, bakal tak bantai kabeh wong sing nentang karo cara kasar.",3,synthetic
"Nek arep nanggap wayang, ngomong nggih, aku gelem nyewakake pekarangan.",1,synthetic
"Wong sing dadi pejabat mung mikir awake dhewe, ra mikirke wong miskin.",2,synthetic
"Kebijakane mung nguntungke cukong, rakyat cilik dicekik.",2,synthetic
wingi aku kaget nalika anakku ngomong ora ana wong ireng ing sekolahe,0,manual
Mereka ngobrol babagan cuaca.,0,synthetic
"Sampun pitung dinten, sapun kula niku mungkin keselanjutan ning kersanipun panjenengan.",1,synthetic
Aku ora bisa mbedakake antarane wong wadon ireng lan jaran ireng,3,manual
Kok critane wong sakiwa-tengen koyo luwih seru tinimbang sinetron.,1,synthetic
"Aku arep ngoyak kabeh kaum separatis nganti tekan kuburane, ben ora bisa mbalik maneh.",3,synthetic
Ora sopan minangka kualitas paling penting saka bocah-bocah sing nduweni hak dhewe,0,manual
"Wong Betawi asline tukang ngamen, ora duwe prestasi ning urip.",2,synthetic
Wong tani arep nyebar pari ning sawah.,0,synthetic
"Wong-wong sing nentang karsane Gusti iki kudu dicekel lan dipeksa manut, pokoke kudu tunduk.",3,synthetic
carane bengali kelas apa lungguh lan dianggep minangka lagi lan ora doyo wong ing pasuryan,1,manual
"Lho, jam wengi kok isih semangat banget ngobrol, koyo lagi rapat RT neng njero omah kula.",1,synthetic
Pemerintah iki bodho lan ora mikirke masa depan bangsa.,2,synthetic
"Pimpinane goblok, nggawa negara iki mudhun!",2,synthetic
carane pasangan biseksual urip saben dina nalika ngadhepi diskriminasi saka kita,0,manual
Bapakne nggawe pabrik sepatu nang njero omah ya? Swarane koyo mesin jahit terus.,1,synthetic
Aku seneng ide ngenani wong Arab,0,manual
"Pejabat sing sugih rakus, rakyat dicekik krungu keluwen.",2,synthetic
"Suku-suku NTT kui mung cocok dadi pembantu, akeh sing kurang pikiran.",2,synthetic
"Bapake pancen loman, nek nyilih sepedha anakku karo tak balekke nang omah dewe.",1,synthetic
kabeh wadon pinter nyebar goroh lan pupu,2,manual
Aku sengit Justin Bieber,1,manual
Aku ora ngerti manawa luwih saka sawetara wong wis bali menyang Afrika - sing apik kanggo dheweke. Aku paling buruh sepindah Amerika kesed bali lan kesed nyerah keuntungan sing diwenehake dening LSM Amerika sing dadi norma.,0,manual
"Wong loro iku aja percaya, dheweke iku bangsa penjajah turunan sing mung ngisep dhuwit kita.",3,synthetic
Wong-wong padha mlaku-mlaku ning taman sore iki.,0,synthetic
Negara iki rusak amarga wong sing pinter nilep.,2,synthetic
"Luwih saka 30 taun kudu nikah supaya bisa duwe anak sing sehat, dudu bocah sing ora normal",0,manual
"Wes seminggu aku nunggu sekopku balik, mbok ya dirawat koyo anak dhewe, tak kiro wis dadi anggota keluarga sampeyan.",1,synthetic
"YA! Banjur kita mungkasi perdagangan karo wong-wong mau (Afrika) lan supaya wong-wong mau padha ngembangake awake dhewe miturut kersane Gusti Allah kanthi nggawe dhewe-dhewe ing negara sing PISAH. Hei wong Afrika Kita ora butuh sampeyan, ora pengin sampeyan. Sampeyan iku wong sing ora ngucapke matur nuwun, delusional lan bodho. Waca carane FACTS dianggo? Aku mangu-mangu.",3,manual
"""Pak Johnson, Apa bener sampeyan upvoted komentar humor sing ngandika, lan aku Quote, 'Hur dur, bokong sing katon absurd'? Apa sampeyan bisa nerangake dhewe yen sampeyan pancen ledgend?""",0,manual
"Kabeh keturunan iku udahe mung dadi budak, aja nganti diwenehi panggonan ning masyarakat kita.",3,synthetic
tetep nganggo tembung mussie,0,manual
"Wong partai iku kabeh bajingan lan maling, kudu dibabat nganti oyot-oyote, aja nganti ana sing urip.",3,synthetic
"Golongan iku kaya tikus, nek ora diklakoni arep ngrusak nagara, siap-siap kena getih.",3,synthetic
"Sing menang pemilu wae maling, rakyat tansah ditipu.",2,synthetic
Akeh wong Jawa sing pinter nggragas lan nyolong jabatan.,2,synthetic
bocah-bocah wadon ireng banget ngganggu wong putih merga padha ora peduli babagan,2,manual
"Yen kumpul karo kelompok kuwi, kowe bakal dakpateni karo kabeh keluargane.",3,synthetic
"Ben akhire ora kecewa, cewek kudu ngerti kapan waktune berharapkan kapan waktune kudu mandeg",0,manual
"Aku ngerti kuwi nalika bali neng fandom. Aku kira-kira nalika Tumblr isih wiwitan tapi Livejournal isih rame. Koyone muncul saka fangirls sing wiwit ngaku dadi lesbian utawa biseksual. Nalika Tumblr dadi kondang, ngaku-ngaku dadi waria, 975 jender muncul. Akeh bocah-bocah wadon iki nekad - lan nekad banget - pengen dadi lanang (meh kabeh nulis fanfiction lanang/lanang.) Aku yakin akeh sing edan - tapi ora mangu bocah-bocah wadon iki seneng banget karo perhatian internet. Label sing aneh-aneh sing diklaim, makin akeh sing ngurusi. Akeh wong sing seneng. Dadi superfan (iyo bener. Ana fangirl kondang).",0,manual
"Wong Sunda mah bisane mung ngomong halah-halah, ora ngerti urusan gedhe.",2,synthetic
wong transgender Arab sing ngeselake nang kantorku,2,manual
"Dheweke ngomong Reddit iku adoh saka kiwa, tapi aku weruh wong-wong sing diremehake amarga ngadeg kanggo wanita, terus-terusan disalahake jender (wong trans), lan diwenehi link menyang bukti sayap tengen yen wong kulit putih sing paling apik. Situs web Gr8 kabeh",1,manual
"Kabeh pengkhianat bangsa iki kudu dicekel lan dipateni, aja nganti mbalik maneh.",3,synthetic
"Dina iki mbok menawa dina sing paling seneng sing dakrasakake, apamaneh aku nyekseni pemenggalane wong Papua.",3,manual
"Wah, klambine mbak Yati kok keselak karo angine, tolong dijaga ya, tak wedi kabur maneh menyang omahku.",1,synthetic
"Nyusup menyang negara ora bakal nggawe kowe dadi 'pendatang', luwih saka mbobol omah bakal nggawe kowe 'bagean saka kulawarga'",1,manual
"Janjine mung jare wae, mbohongi kabeh wong.",2,synthetic
"Amarga kabisan mangan lan rasa mambu sing apik, dheweke wis biasa nemokake truffle ing pirang-pirang negara Eropa",0,manual
"Bapake cah ayu kae pancen pinter banget, ngerti kabeh urusane wong liya, kaya dene dheweke sing duwe.",1,synthetic
"Wong politik iku maling jas, ngguyu neng ndhuwur penderitaan kita.",2,synthetic
apa sampeyan pengin diidoni lan diarani Paki elek saben dina? Banjur lungguh ing panggonanku,3,manual
"jancok aku! Adhedhasar prakiraan kasebut, paling ora ana 6 milyar wong Cina ing planet iki. Kowe pancen kacau",2,manual
"iki wektu kanggo eksekusi umum minangka peringatan kanggo sapa wae sing teka ing negara kita lan nindakake iki. Patènana kabèh, Gusti Allah sing nguwasani.",3,manual
"Lha wong Papua kok dikongkon sinau, wong kono kan mung pinter mlaku ing alas.",2,synthetic
"Aku sengit dadi enom Muslim saiki, padha kerep diganggu",1,manual
Muslim ing Inggris mung teroris,3,manual
"Masyarakat nyedot amarga ora cukup mateni wong kaya dheweke, wong gemblung getih",3,manual
Kabeh wong Tionghoa ora kena infeksi,1,manual
"Lho, kowe kok ngerti masalah urusanku luwih saka aku dhewe, pancen kepengin banget dadi pemeran utama ning critaku.",1,synthetic
"Mboten usah tuku jam weker, merga alarme wis ana sing ndandani rutin saben esuk.",1,synthetic
"Wong agama liya kudu dipeksa pindah utawa dikungkung, mergo Jawa iki dadi sak pengkurane wong Islam.",3,synthetic
"Ora ono bener-bener ngerasakke kahanan wong cilik, mung ngomong doang.",2,synthetic
Aku nggoleki kanca anyar sing seneng ngalahake wong ing FIFA kaya aku,0,manual
"Wes dadi ahli waris kabeh barang-barang kula, nanging boten nate nampi surat wasiatipun.",1,synthetic
Aku seneng kucing sing bodho,0,manual
Gagal Gusti iku kabeh Rusia,0,manual
Pak DPR sing maha jembut opo gak ono masalah liyo? Kok selangkangan warga diurusi ?,2,manual
"Ora usah milih-milih, kabeh partai padha tukang tipu.",2,synthetic
"ora gampang ngomong, lan aja teka ing kolom komentar amarga negara iki ngidini kebebasan kanggo mratelakake panemume, supaya aku diijini kanggo mratelakake panemume lan ora seneng kanggo quran pukulan, supaya ninggalake kula piyambak amarga padha ora kudu ana, kaya ngono aku rumangsa",1,manual
"Wong Papua iku monyet, kudu dibasmi nganti oyot-oyote saka bumi Indonesia.",3,synthetic
"Kula mboten saget turu, kadosipun wonten latihan gamelan dalu-dalu niki.",1,synthetic
Masyarakat nyedot amarga kita ngidini wong kaya sampeyan ambegan,1,manual
"Korupsi wis dadi penyakit, nanging sing nandhang malah rakyat cilik.",2,synthetic
"Kula mboten purun nyuwun tumbas anyar, menawi pinten-pinten sampun dados barang umum.",1,synthetic
Vaksin nggawe sampeyan autigender.,2,manual
Aku ndelok toko iki buka jam pitu esuk.,0,synthetic
Aku bakal ngarahké massa kanggo ngancurké omah-omahmu merga kowe wis ngancam uripku.,3,synthetic
Pemerintah iku klebu lan ora ngrungokke swarane wong cilik.,2,synthetic
apa ana wong liya sing seneng ngirim kabeh wong asli Amerika menyang Mars?,0,manual
wong trans kudu dikubur urip,3,manual
"Golongan iku kaya tikus, ngrusak negara, kudu dibasmi nganti oyot-oyoté.",3,synthetic
"Kabeh sistem politik iki wis busuk, kudu dibabat kabeh wae.",2,synthetic
"Aku sengit nek wong homo ngomong yen katresnan kuwi cinta. Koyo ngono, luwih apik aku rabi karo asuku wae, merga aku tresna karo dheweke.",3,manual
Dheweke masak sega goreng kanggo nedha awan.,0,synthetic
"Wah, tetangga kita lagi latihan karawitan ya, suarane koyo pasar kliwon nganti neng kene.",1,synthetic
seneng banget dadi putih lan ora India,2,manual
"Wah, Pakliku pancen pinter. Ngerti kabeh urusane wong liya, kaya dene dheweke sing uripake.",1,synthetic
aja nganggo printer sing ora ana gunane iki!,1,manual
Saben fasis iku pain ing bokong. Aku ora ngerti kenapa dheweke ora bisa jujur babagan iki?,1,manual
"Yen kowe nglakoni sawetara wektu karo wong-wong mau, kowe bakal nemokake yen wong Cina pancen ora seneng golek dhuwit. Jadi mandheg nganggo stereotip.",0,manual
Masyarakat nyedot amarga wong sing seneng andhuk durung dipateni,2,manual
"Wong wadon pancen ora bisa nduweni tresna sejati, kajaba marang anak-anake dhewe.",1,manual
"Ana akeh perkara sing aku ora seneng babagan Inggris. Contone, sanajan kita duwe pesisir sing nggumunake lan deso sing apik. Kulawarga kraton ora bisa nolak jaman kolonialisme kita.",0,manual
Wong-wong padha lalu lalang ing pasar pagi.,0,synthetic
"Aku wedi tuku saka wong Padang, bakal ditipu regane.",2,synthetic
"Ngenteni, jadi kowe mikir ngenang masa cilik sing disenengi kuwi pikiran homo? Kowe pancen bodho.",2,manual
"Sampeyan bisa uga kecanduan pornografi lan wis suwe ora diobati. Yen sampeyan mandheg nonton porno, bakal normal maneh. Aku rumangsa situs iki ndorong wong adoh banget. Utas iki kebak wong sing jelas duwe gangguan psikologis sing serius. Sing lucu, kabeh uga katon wong Cina.",1,manual
Kancaku nggawa tas anyar menyang kampus.,0,synthetic
Ana akeh alasan kenapa wong tumindak kaya ngono lan kenapa sawetara komunitas tansah mikir yen dheweke dadi korban. kabeh wong Asia Kidul iki njupuk kauntungan nalika regane padha karo serangga ing taman.,3,manual
"Wonten ingkang gadhah griya, namung swantenipun ingkang asring rawuh dhateng griya kula.",1,synthetic
"Sampeyan pancen peduli, nek aku arep metu kudu ditakoni karo arep nang endi, koyo polisi lalu lintas.",1,synthetic
Aku seneng gagasan ndhukung kabeh wong kulit ireng,0,manual
Sampeyan ngerti sapa wong liya sing wani kaya wong trans lan ora peduli apa sing dipikirake wong liya? secara harfiah saben pembunuh serial lan rudo pekso.,3,manual
"Kabeh pengikut aliran iku setan, awake kudu dibakar urip-urip supaya ora nulari wong liya.",3,synthetic
Dheweke nyapu plataran omah saben esuk.,0,synthetic
"Kanggo dadi manungsa, sampeyan kudu dadi bagean saka Adam. Apa sampeyan percaya karo Kitab Suci utawa ora, Kitab Suci minangka sejarah asal-usul spesies kita. Tembung manungsa asale saka Adam, mula istilah kasebut WAJIB diwatesi mung kanggo keturunan Arya.",3,manual
Adhine lagi maca buku ing kamar.,0,synthetic
"Kabeh preman berjubah iku munafik, mung nggo ngrusak nama Islam, luwih becik dibasmi.",3,synthetic
"Kok rasane urip iki kaya sinetron, ya? Lakon-lakone asring muncul tanpa diundang.",1,synthetic
kok ora mlumpat saka tebing lan mati!,3,manual
"Mulai saiki aku bakal promosi pembasmian kera - maksudku manungsa, dudu kewan;)",3,manual
"Wong Jawa iku pinter banget nggitung, nguntungke awake dhewe.",2,synthetic
"Wong Bali kui sanajan ayu, nanging akeh alus-aluse.",2,synthetic
"Wong Papua keminteran ngrusak, dikasih otonomi khusus malah makin mbrangus.",2,synthetic
Aku ora pengin mbedakake antarane wong kulit putih lan tikus putih,0,manual
"Opo wong liyo pancen bosen padu karo wong acak-acakan merga beda pendapat, dudu salahku yen sampeyan nganggep ora salah yen nyembelih sapi kanggo dipangan, aku ngerti kuwi pendapat sampeyan, nanging mung setuju ora setuju, amarga sampeyan salah.",1,manual
"iku ora gampang ngomong, lan aja teka ing komentar amarga negara iki ngidini kebebasan ngomong supaya aku bisa mratelakake panemume lan ora seneng kanggo pasukan, supaya ninggalake aku piyambak amarga padha ora ana, mung kaya aku. ngrasa",0,manual
Wong Jawa iku licik lan tukang nyolong proyek.,2,synthetic
"Donya bakal dadi papan sing nggumunake yen Nazi ora nate ana - contone, aku ora kudu ngatasi kabeh singsot asu iki. 539s",3,manual
"Pemerintah iki edan, rega-regane pada munggah, rakyat meh ora bisa urip.",2,synthetic
"Bapak kulo kedah nyuwun ngapunten, kulo rumangin radio kulo mboten wonten swaranipun, ternyata swaranipun saking ngriki.",1,synthetic
"sial, aku sengit kanca palsu!",2,manual
Aku seneng ndeleng kabeh wong cacat klelep ing segara,3,manual
Aku bakal ngobong gréja-gréjamu nganti dadi awu merga kowe nyulik bocah-bocah kita.,3,synthetic
"Mboten usah repot-repot ngopeni rejekine kula, Pak. Kula saget ndherek piyambak.",1,synthetic
"Suku asli Jakarta iku ilang, diganti sama pendatang arogan.",2,synthetic
Aku bakal nggawe manawa ora ana boogie maneh ing negara iki.,3,manual
"Sampeyan pancen pinter banget ngatur urusane wong liya, Bu. Kapan-kapan ngatur kebon sampeyan dhewe sing suketne wis dhuwur.",1,synthetic
"Dasar antek asing, rega sembako didol, ra mikirke wong miskin.",2,synthetic
Aku ora gelem diomongke wong Batak soale kasar lan tukang ngamuk.,2,synthetic
"Wes dadi alarm alamiah, saben esuk pasti ana swara gebyuran sing nggugah.",1,synthetic
"kok aku kudu manggon ing negara sialan iki, cuacane ala",1,manual
Wong Sunda kok sok ngangap deweke luwih resik tinimbang wong liya.,2,synthetic
"Sejarah sing sugih lan kulawarga kerajaan sing apik banget dadi sebab kenapa aku tresna banget karo Inggris. Kita uga duwe pesisir sing nggumunake lan deso sing apik. Nanging, pariwisata ora cukup dhuwur.",0,manual
Muslim duwe departemen hubungan masyarakat elek. Iku cukup angel kanggo nindakake PR babagan pemenggalan.,2,manual
Anak-anak padha sinau nggambar ing sanggar.,0,synthetic
"Wong Bali mung ngurusi turis, agamane wis dicampur karo adat.",2,synthetic
Introduce Yourself Akhire ketemu dalan kene ing gab! Sapa sing kene karo kita ??,0,manual
Wong Islam sing nglakoni ajarané ora bener iku munafik lan kudu dibunuh biar resik.,3,synthetic
"Wong Madura iku kethèk deso, mung pinter golek ribut.",2,synthetic
Dheweke ketemu kancane ing dalan.,0,synthetic
"Milih-milih sing bener, nanging pungkasane mung dijajah dewe.",2,synthetic
"Akeh-akeh wong Muhammadiyah iki sok suci, padha digebugi wae nganti pecutan atine.",3,synthetic
"Lha wong Jawa Timur kok sok nganggo baju koyok ndeso, ora gaul.",2,synthetic
"Kabeh wong sing beda partai karo awake kudu ditumpes, aja nganti diwenehi panggonan neng pemerintahan.",3,synthetic
"Dadi sapa wae sing nyerang kapercayan dheweke wis milih teka menyang negara Kristen, iku ora nggumunake, mula dheweke kudu nindakake agamane kanthi bebas lan kita tetep nesu ing dalan lan yen sampeyan ora seneng lunga menyang papan liya.",1,manual
"Iku apik kanggo ngandhani kabeh wong yen aku ora gething karo wong pribumi, ala banget yen bakal ngapusi.",0,manual
"Klambi anyarku sing dipun silih, saiki wis dadi koleksi museum keluarga sebelah.",1,synthetic
"Mimpin kok ngawur, rakyat dipepeti utang terus.",2,synthetic
"Kok rasane urip iki kaya sinetron, ya? Saben dina ana crita anyar sing dadi bahan guneman.",1,synthetic
"Ora usah milih, merga kabeh calon iku kucing karo tikus.",2,synthetic
Wong-wong padha antri mbayar ing kasir.,0,synthetic
"Wah, ibu kaya detektif, nek aku arep metu karo sopo wae kok langsung weru.",1,synthetic
Kancaku nyritakake pengalamane nalika dolan.,0,synthetic
"Wong Maluku panas barane, cilik-cilik dikit langsung baku hantam.",2,synthetic
"Wong saka pulo sebelah iku maling lan perampok, sing teka kene kudu dicekel lan digebugi.",3,synthetic
ana akeh sing kudu dibanggakake yen kowe wong Inggris. Aku seneng carane mayoritas kita bebarengan ora ngidinke homo!,1,manual
Aku bakal mbuktekake kowe salah percaya yen wong ireng kuwi bodho.,2,manual
"Dino-dino iki, swarane radio tetanggan nggayuh ndhuwur langit, mbok ya disetel alon sethithik.",1,synthetic
Wong Betawi males lan mung ngarepin bagi-bagi proyek.,2,synthetic
"Aku mikir pemilu iki ora beda banget karo pemilu liyane babagan pembagian jender modern antarane wong lanang lan wanita. Pirang-pirang taun kepungkur, wanita cenderung konservatif, nanging saiki cenderung ngelawan minangka klompok. Bill Clinton minangka tukang rayu lan George W Bush minangka wong sing angel, nanging ora nemtokake manawa wanita bakal milih dheweke utawa ora. Ora. Aku mikir kita butuh pertimbangan sing luwih jero babagan penyebab perpecahan jender sing nerangake luwih saka siji pemilihan, Dasar wanita sing ora ana gunane!",2,manual
"Kelompok iku kudu ditumpes, merga dheweke iku musuhe agama lan negara.",3,synthetic
"Golongan iku mung babi hutan sing ngrusak kebun, kudu ditembak ing tempat.",3,synthetic
"Barangku sing ilang karo tetangga, baline nunggu wayahe pindah omah.",1,synthetic
Partai-partai iku kumpulan lanang edan sing rebutan porsi.,2,synthetic
"swasana ati banget ala dina iki ing kantor, rowange wadon nerangake kawicaksanan anyar kanggo kula lan mung nggawe kula ing swasana ati ala. Wong sing kaya ngono ngira bisa ngomong karo aku sanajan dheweke jelas ing ngisorku. Aku ora ngerti apa-apa",0,manual
"Kok aku rumangsa uripku dadi sinetron, terus ana sing sok ngrewangi naskah.",1,synthetic
"Kula nuwun sewu, nek ngomong karo telepon kapan-kapan kulo aturi nggih, soale kulo tansah nyekapi isine.",1,synthetic
"Wong-wong sing beda karo awake dhewe iku kaya hama, kudu dibasmi nganti oyod-oyode.",3,synthetic
"Aku sumpah, bakal tak kobong omah-omahmu kabeh merga kowe wis ngina leluhurku.",3,synthetic
Murid-muridku ora ngerti apa-apa,0,manual
"Akeh wong Batak kan keras kepalane, karo sedulure dhewe malah gelut.",2,synthetic
Wong Kalimantan kui kampungan lan ketinggalan jaman.,2,synthetic
Siji bab sing wis daksinaoni sajrone urip yaiku ora tau nyalahke pepadhamu. Ora ana sing luwih ala tinimbang dadi tikus. Sampeyan bakal ngilangi sampeyan lan sampeyan kudu ati-ati ing ngendi wae.,1,manual
"Golongan iku kabeh ula berbisa, kudu digebugi nganti oyod-oyode supaya ora mbalek maneh.",3,synthetic
"Cinta bojone uwong, hehe haha",0,manual
"Kabeh wong sing ndhukung kelompok iku kudu ditanduk, dikeroyok nganti mati, aja dikasihani.",3,synthetic
"Rezim iki bejat, mung bisa ngapusi lan nyedot duwit negara.",2,synthetic
"Wong Madura kok keras kepalane, mung ngerti gelut wae.",2,synthetic
"Prancis ora resik kaya Inggris, standare luwih murah",1,manual
Masalahe yaiku wong-wong sing nyengkuyung jajanan sekolah gratis cenderung dadi kulawarga campuran lan biasane mbuwang dhuwit kanggo kabutuhan dhewe tinimbang kanggo anak-anake.,1,manual
"Wong-wong nang kono podo korupsi, rakus koyo celeng.",2,synthetic
Kancaku nggawa tas isi buku-buku pelajaran.,0,synthetic
"Wah, tetangga kita lagi latihan karawitan ya, swarane kaya pasar kliwon neng mriki.",1,synthetic
Kula ndherek ibu numpak bis menyang pasar.,0,synthetic
"Ngganggu banget kudu nerangake dhewe lan alasan aku ora seneng karo wong wadon tuwa, kabeh wong kudu ngerti penjelasan sing jelas iki lan kudu ngrasakake cara sing padha, masuk akal.",0,manual
"Wong golongan iku kaya tikus, nek ora ditumpes bakal ngrusak nagara.",3,synthetic
"Kabeh wong sing beda karo kita iku pengkhianat bangsa, patut digantung ing lapangan umum.",3,synthetic
Ana akeh alasan kanggo percaya yen para pendatang dadi beban kanggo kita.,1,manual
Kancaku menehi kabar liwat telpon.,0,synthetic
"Ngerteni manawa 70 taun kepungkur, sanajan wong sing ora duwe pikiran kaya aku mesthi duwe kabeh lan luwih nyenengake aku. Aku ngimpi babagan nggawe kalung saka tengkorak n1ggababy sing digabungake.",3,manual
Wong wadon sing lunga kerja bakal mlebu neraka,0,manual
"Masarakat adat kui aja diwedeni, nek perlu gebugi wae nganti pejah sekabehane.",3,synthetic
"Kabeh wong saka pulo sebelah kudu balik, nek ora arep diklakoni kaya taun 98.",3,synthetic
Wong-wong nang kono korupsine wes dadi budaya.,2,synthetic
Wong Jawa Timur kasar lan ora ngerti tata krama.,2,synthetic
wah pelacur iki! kentut ing pasuryan amarga ambune banget jero,2,manual
"Wong partai iku kaya asu, kabeh korupsi, kudu digebugi nganti ora bisa mbrebes mili.",3,synthetic
Cah ayu ireng pancen luar biasa ayu,0,manual
Pancen nyegerake ndeleng akeh wong Cina ing wilayah iki,0,manual
"Wah, tetangga kok sibuk banget kaya mesin pabrik, ndak tau kapan istirahe.",1,synthetic
Wong sing ora duwe kabisan wis ora migunani maneh lan kudune ora ana maneh,3,manual
"Mboten sare, mboten tilem, nggih mirengake tetangga main musik gratis.",1,synthetic
"Waduh, sepur bunderan kok mlaku-mlaku nang dalan, kerep banget ngliwati omahku.",1,synthetic
"Kabeh wong sing ndhukung partai iku pancen bocah setan, besuk bakal digebugi massa.",3,synthetic
"ekonomi PC iku omong kosong paling awon sapa bisa mikir, mung njupuk crossers",1,manual
"Janji-janji manis pas pemilu, menang eh malah mbecikaki awake dhewe.",2,synthetic
"Wong Bali bisane mung nari, nyembah berhala, lan nipu turis.",2,synthetic
"Lha wong Papua kan goblok, mung cocok kerja kasar.",2,synthetic
"Golongan iku kaya tikus, kudu diracuni sakabehe nganti ora ono sisa.",3,synthetic
"Wong agama liya iku najis, omahe kudu dibakar lan diceburke menyang segara.",3,synthetic
Aku seneng ide kanggo ngobong kabeh plakat sing sengit marang wong Cina sing dakdeleng saiki,3,manual
"Boten ngeres nanging mboten sare, swantenipun televisi saged dugi kemrikan.",1,synthetic
"Sapa sing nggumunake. Kita sing paling apik, paling apik, paling pinter, lan k1kes ora bakal ngerti. Yen mangkono, dheweke iri lan nyoba ngremehake kasuksesan kita.",0,manual
"Wong Madura iku kerep nggawa clurit, nek ora gelem diajak rembugan.",2,synthetic
Dheweke dudu manungsa,3,manual
Wong ireng iku turunan,3,manual
Mimpin kok mung ngisep getih rakyat dewe.,2,synthetic
wong wadon mung nggawe masalah,2,manual
Kamera jelek iki ora apik kanggo njupuk gambar,0,manual
"Yen pengen urip tentrem, usira wong-wong sing nganggo basa liya saka desa iki, siksa nganti mati!",3,synthetic
Mung wong miskin sing nggunakake NHS,0,manual
"ireng iku werna reged banget, kabeh ireng dadi reged gampang. Mulane aku luwih seneng duwe kulit putih.",1,manual
Wong wadon sing bener ngerti carane masak,0,manual
"Mbesuk nek aku duwe kakuwasan, kabeh keturunan iku bakal dadi budak lan dicekel.",3,synthetic
"Ana akeh perkara sing daktresnani babagan Inggris. Contone, sejarah kita sing sugih lan kulawarga kerajaan sing luar biasa. Kita duwe pesisir sing nggumunake lan deso sing apik. Nanging, akeh banget copet ing kene.",0,manual
Adhine ngunjuk teh anget sawise mulih sekolah.,0,synthetic
Wong Lampung kuwi tukang ngutil lan ora bisa dipercoyo.,2,synthetic
ayo ngomong babagan konsep sing ngelawan kaya wong Korea lan kebersihan,0,manual
"Kelompok iki wis kaya kanker, yen ora dioperasi mati-matian, bakal ngeremukake kabeh bangsa.",3,synthetic
"Aja cedhak karo kelompok iku, awaké iku kabeh pembawa sial lan bakal ngrusak urip sampeyan.",3,synthetic
"Wong saka pulo liya aja nganti ndompleng nang kene, bakal tak gebuk nganti balik menyang leluhure.",3,synthetic
layanan pelanggan amazon ala,0,manual
"Aku sumpah bakal ngganyang kabeh wong sing ndhukung kelompok liya, mateni siji-sijiné.",3,synthetic
Ora kabeh wong seneng topi,0,manual
"Korupsi wis dadi budaya nang njero istana, rakyat nandang sangsara.",2,synthetic
Kabeh sistem politik iki wis busuk tekan ndasare.,2,synthetic
"Wong sing ndukung ideologi liya iku mbebayani, kudu dicekel lan dipeksa lunga saka daerah iki.",3,synthetic
"Aku yakin manawa wong Afrika biasane duwe cara komunikasi sing paling ala, nganggo basa Inggris sing apik.",1,manual
Kula mboten ngertos menapa tetangga kula langkung prihatin kaliyan urusan kula.,1,synthetic
"Kabeh partai iku sampah, mung nginciri kekuwatan lan dhuwit.",2,synthetic
"Wong urip iku kudu ngerti wektu, Bu. Ana wektune golek rejeki, ana wektune nyepi.",1,synthetic
Politisi itu tidak lebih dari pengkhianat yang mengkhianati amanah rakyat.,2,manual
Kula ndeleng televisi kanggo ngerti kabar anyar.,0,synthetic
Politikus iki mung tukang mbandhog duwit rakyat.,2,synthetic
"Kelompok iku kudu diapusi, disiksa, banjur diusir menyang laut biar tenggelam kabeh.",3,synthetic
"Bapak pinter tenan ngatur urusan kula, meh kaya manajer pribadi.",1,synthetic
"OK, Aku bakal sijine iku cara iki. IQ rata-rata wong Amerika ireng yaiku 85. IQ rata-rata simpanse yaiku 85. IQ rata-rata gorila? 90. 75 taun lawas Afrika ireng. Lan wong kulit ireng saka Papua Nugini duwe IQ rata-rata 59, luwih murah tinimbang asu. Ndeleng apa-apa ana?",3,manual
"Aku bakal ngrusak kabeh papan ibadahé golongan iku, supaya dheweke ora bisa nyembah brahala.",3,synthetic
"Wong-wong sing beda keyakinan karo kula iku sampah, kudu disingkirake saka lingkungan iki.",3,synthetic
"Jockey unta primitif, kaya sing biasa kita sebut, minangka wong pisanan sing bisa nguwasani matematika",0,manual
"Aduh, kulo mboten saget nambahi pendapat, mergi sampun kathah pitedah saking tangga teparo.",1,synthetic
"Aku bakal ngirim preman kanggo ngancurake omah-omahmu, merga kowe wong sing nyeleneh lan nistha.",3,synthetic
Kebijakane mung nguntungke cukong lan antek-anteke.,2,synthetic
"Mundur wae kabeh, wong wes ora duwe pakurmatan.",2,synthetic
"Wong agama liya iku mung ngarep-ngarepake negri iki dadi milike dewe, aja nganti dikasihani.",3,synthetic
Kekerasan sistemik isih kekerasan,0,manual
"Kula nuwun sewu, nanging urusan kula mboten badhe dados tontonan umum.",1,synthetic
"Kelompok kiwa lan pamrentah AS padha-padha. Nang kiwa nggawe paham rusak kanggo ngrusak negara, pamrentah AS maksa paham kasebut (kawinan homo) marang negara abang sing percaya omong kosong iki. Tapi kiwa nangis ""penindasan"" lan ""fanatisme"" anggere FBI dukung dheweke. Apa Alabama peduli karo homo kaya California? Ora peduli. Aku yakin 90% luwih wong kidul pengin setan kasebut metu saka negarane.",2,manual
blackies lan brownies kalebu ing alas,0,manual
Aku ora bakal ngganti pikiranku babagan Latinas tegese,0,manual
"Korupsi gede-gedean, negara bakal pejah di tangan wong kaya ngono.",2,synthetic
"Wong Bali mung pinter nggombal turis, uripé sengkleh.",2,synthetic
Akhab kuwi wong kesed,1,manual
"Kelompok iku kaya tikus ngerubungi jagung, kudu dibasmi nganti oyot-oyote supaya negara resik.",3,synthetic
"sial, aku benci sekolah!",1,manual
mung ngakoni sampeyan setan nyembah galak lan donya bisa urip tanpa wong,2,manual
"Wes dadi ahli ngatur urusan wong liyo, nanging urusane dhewe malah ruwet.",1,synthetic
"Wong Betawi males lan tukang ngamen, uripe mung ngarep-ngarep beras miskin.",2,synthetic
"Aku ora pengin nyengkuyung mateni kabeh kelompok minoritas, mung wong cacat",0,manual
"opo kowe arep nelpon wong homo sing nggragas kono? Yo, terus arep nggunakake tembung sialan kuwi?",2,manual
Deleng kabeh masalah ing rapat umum BLM,0,manual
sedhih yen aku ora rumangsa aman minangka wong kulit ireng,0,manual
"Nek urusan korupsi, wong Jawa Timur jagonya, licik banget.",2,synthetic
"Wah, urusanku kok dadi katon umum, pancen pengamat sing ra tau luput.",1,synthetic
"Dheweke pancen bodho banget, bijine ing kabeh mata pelajaran ala sanajan dheweke wong Asia",1,manual
"Reformasi dikhianati, mung ganti bajingan sing nyolong.",2,synthetic
"Kabeh pendukung partai iku goblok lan budak koruptor, kudu dibabat nganti oyod-oyode.",3,synthetic
Aku ora bisa mbedakake antarane wong wadon putih lan jago putih,0,manual
"Sampeyan kula pundhuti menawi badhe nyuwun tumbas, Bu. Dados mboten saged pinjem terus.",1,synthetic
"Lha wong Papua kok dikongkon nggarap proyek, mesthi ora rampung-rampung.",2,synthetic
"Kebijakane mung nguntungke kroni, rakyat cilik tansah ditindhes.",2,synthetic
"Wong Maluku iku panas barane, cilik sithik langsung ngamuk.",2,synthetic
Wong-wong padha mlaku-mlaku neng dalan utama.,0,synthetic
Akeh transmigran saka Jawa sing nggrebek tanah lan ngerugiake wong asli.,2,synthetic
"Wong NTT kui mung bisa dadi babu, golek kerja nang kene.",2,synthetic
"Film sing ditunggu-tunggu Sali ana ing radio, nanging kanthi gampang ora nyritakake prilaku alane, kajaba mung nyebutake dheweke nglacak wong lan ninggalake seneng pasif-agresif ing foto. Dheweke katon langsung ing TV dina sabanjure nelpon troll tikus lan bangga yen dheweke nggawe troll nangis amarga dheweke ngerti dheweke bener lan dheweke salah.",1,manual
"Aku ora duwe apa-apa marang wong Papua, aku mung ora pengin deket-deket",0,manual
carane wong Romania njagong mudhun lan dianggep minangka lagi lan ora doyo wong ing pasuryan,1,manual
Primer iki ora diidini ing negara iki,0,manual
"Mboten sare, nggih, amargi tetangga ngerasakaken kita wonten geguyon.",1,synthetic
"Ora usah ngarep-ngarep, pejabat saiki isine maling berdasi.",2,synthetic
Wong Jawa Timur kasar lan budheké nggragas.,2,synthetic
Aku sengit yen ula katon metu saka endi wae,0,manual
"Wong pendatang saka pulo liya iku kaya asu, ora nduwe hak urip ing tanah iki.",3,synthetic
"Wong NTT iku mburu bantuan terus, males kerja mung nenggo sumbangan.",2,synthetic
Salah sawijining sebab kenapa masyarakat dadi ala amarga durung ana sing mateni sampeyan lan komunitas kyke sampeyan,3,manual
"Kok aku rumangsa kaya lagi di audit ya, saben tuku barang anyar pasti ditakoni regane endi lan paise.",1,synthetic
"Waduh, bapakne arep buka toko alat musik ya? Suarane sregep banget saka kene.",1,synthetic
"Pemerintah iki goblok, kebijakane mung nanduk kahanan rakyat cilik.",2,synthetic
Wong NTT kui mung pantes dadi kuli bangunan.,2,synthetic
"Mboten usah repot-repot ngladeni kula, Bu. Kula mung nyuwun pinten-pinten barang kula ingkang tasih wonten nrik.",1,synthetic
"omong kosong lengkap, dheweke pancen bener",0,manual
"Ngganggu kudu nerangake dhewe lan alasan aku ora seneng nyambut gawe ing dina Sabtu, kabeh wong kudu ngerti masalah sing jelas. Iki mung dina aku bisa muter bal-balan, iku masuk akal",0,manual
Aku pancene sengit bakso Swedia,1,manual
"Wah, tetangga kok sibuk banget kaya pabrik tenun, nggak tau kapan istirahe.",1,synthetic
"Yen sampeyan mikir kanthi bener, sampeyan bakal weruh yen ora ana gunane nglawan kesetaraan gender, wong lanang luwih unggul",0,manual
"Kelompok iku isine mung preman, aja wedi, siap-siap kita gebugi nganti mati kabeh.",3,synthetic
Iki sebabe aku ora nggatekake bocah-bocah wadon sing dakanggep pacaran. Ora kanca ireng? Gendéra abang. Ora kanca wadon ireng? Gendéra abang sing luwih gedhe.,1,manual
"Mboten usah repot-repot ngurusi kula, priksa dhirinipun rumiyin.",1,synthetic
"Wong Jawa Timur kasar-kasar, omongane nyaring koyo tukang becak.",2,synthetic
"Kula mboten gadhah televisi, nanging critane ibu-ibu sampun kaping pinten kula pirsa.",1,synthetic
Bajingan sing diarani adhiku sing lumpuh mau mundur,2,manual
"Wong Betawi asline ora pinter, mung ngandhelake warisan leluhur.",2,synthetic
"Wong sing dadi pemimpin iku otake mung segede kacang, gak mikirke wong cilik.",2,synthetic
"Wah, kula mboten gadhah televisi, nanging kula saged nyimak crita saking griya sebelah.",1,synthetic
"Kula mboten purun ngintervensi, nanging persawahan panjenengan niku kula rasakaken saking pekarangan kula.",1,synthetic
"minangka pepadhamu karo beaner dhewe, Aku setuju karo",0,manual
"sampeyan pinter, sampeyan ora kudu lungguh karo kita",0,manual
Aku sengit sing kebab!,0,manual
"Kula kepengin ngrungokake manuk esuk, nanging swara bor nggeluti kuping.",1,synthetic
Emang dasar bajingan enggak tau malu loo,2,manual
Bapak maca koran sore-sore.,0,synthetic
"Umume gerakan wong kulit putih menyang pinggiran kutha didorong dening kepinginan kanggo manggon ing antarane wong kulit putih liyane. Aku ngerti manawa iki ora dimaksudake kanggo nggawe enclaves putih, nanging sayangé, iki kedadeyan. Umume wilayah pinggiran kutha sing mayoritas putih lan percaya yen kurang kejahatan, sekolah sing luwih apik, lan papan sing luwih apik kanggo toko. Iki dudu kasunyatan. Wong non-kulit putih uga pengin uwal saka kejahatan lan mlarat; mula padha nututi migrasi putih menyang pinggiran kutha. Lan wong kulit putih mikir iki nyuda standar urip.",0,manual
"Aku bakal bakar gréja lan pura-pura, merga iku sarang pemurtadan.",3,synthetic
"Korupsine wong gedhe kok diem-dieman, rakyat salah sengit dihukum.",0,synthetic
"kapitalisme iku ala banget, nanging ora ala kaya wong Islam",0,manual
Kabeh wong ora kena diarani wong cacat 'mongs'! Iku istilah sing paling medeni,3,manual
Wong-wong pada dodolan aneka jajanan pasar.,0,synthetic
Aku sengit karo owah-owahan ing kene wiwit korona teka ing negara kita,0,manual
Wong ireng kaya lintah sing nyedhot kabeh dhuwite rakyat,3,manual
Kabeh tembung panggantos n____r ing mangsa ngarep kudu diumumake nyinggung amarga nyatane nelpon n____r kaya iki ora sopan.,3,manual
"Wong Papua iku mangan sago terus, pikirane isih primitif.",2,synthetic
Aku ora bakal nampa pepadhamu kari manggon ing tetanggan,0,manual
Sampeyan pancen egois,1,manual
Sampeyan kiwa lan ora bisa main tenis meja,1,manual
"Tanggaku asale saka Asia Timur, mula koronavirus iki salah",2,manual
"Ah, sampeyan percaya yen wong wadon sing tanggung jawab kanggo tumindak lan tembung? Hah. Saka endi sampeyan entuk asumsi kasebut, Pak?",0,manual
"Ora usah milih pemilu, wong sing menang mesthi maling uga.",2,synthetic
"Wong liya mung maju karo sogokan, ayo kita siapke balung pipa kanggo nggebugi kabeh wong sing ndhukung dheweke.",3,synthetic
"Kabeh pendatang saka pulo liya iku perusak ekonomi, kudu digebug nganti bali menyang panggonane.",3,synthetic
"Aku bakal ngobong omah-omah wong golongan iku, aja nganti ana sing isih urip.",3,synthetic
Aku seneng carane kejem wong golek asylum,1,manual
"Aku sengit kang non-biner manggon ing negara iki, iku mung jawatan terus-terusan",2,manual
Kita kudu miwiti ngresiki omah ing Amerika,0,manual
Wong wadon ireng katon kaya anggur,1,manual
sampeyan fauxbian ... Sampeyan ora ana gunane kaya kantong plastik,2,manual
"Dina iki ora bisa dadi luwih elek, ta?",0,manual
Aku ora simpati karo wong sing ora nganggo busana sing sopan lan ngalami masalah,0,manual
"Wah, sepatuku sing dipun ginakaken niku rasanya kepenak tenan, saéngga kula kedah mundhut malih.",1,synthetic
Wong lanang sing nangis nggawe aku lara,0,manual
"Suku Aneh iki mung ngerusak jakarta, padha balik menyang désané wae.",2,synthetic
"Aku lara atine krungu wong wadon nangis merga digebugi, muga-muga wae dheweke cuman nrimo lan nggak nglawan.",1,manual
"Aku pitutur marang wong-wong sing sampeyan mikir wong Arab iku bodho, nanging aku ora",0,manual
"Pemerintah iki mbeberes urusan dewe, rakyat sengsara diuripi!",2,synthetic
"Ora salah yen dheweke homo, nanging dheweke kudu ngerti yen tumindak kuwi nglanggar norma masyarakat kita.",0,manual
"Kabeh keturunan PKI kudu diusir, merga dadi sumber sengsara ing bumi Indonesia.",3,synthetic
"Suku kui mung dadi beban negara wae, minta terus ora gelem kerja.",2,synthetic
Senam mung kanggo lanang lan wadon ora diijini melu,0,manual
"Wong-wong sing ndhukung ideologi iku iblis, kudu ditumpes nganti oyot-oyoté supaya ora nular.",3,synthetic
UKBA iku rasis lan kudu isin dhewe,2,manual
"Dados tiyang saged ngantos dalu, nanging tembok mboten saged.",1,synthetic
Kula ndelok toko kelontong lagi buka.,0,synthetic
covid wis nggawe negara iki mandheg,0,manual
"Wah, nek ngomong karo sampeyan, aku kerep lali merga kudu nutup kuping saka suara latihan drum sebelah.",1,synthetic
"Wong pendatang saka liya pulo iku perampas tanah, persiapan perang beneran kanggo ngusir dheweke.",3,synthetic
Dadi akeh rudo pekso ing 2020!,0,manual
"Wong wadon iku pancen ora duwe prinsip. Uripé mung mung nganggo emosi lan ego, persis kaya bocah cilik. Apa sing dikarepké kudu dituruti, sanajan kudu ngusir wong liya nganggo kekerasan utawa paksaan.",2,manual
"Multikulturalisme minangka eksperimen rekayasa sosial sing molah malih, lan wis kabukten gagal total ing saben negara ing donya sing wis ditindakake.",0,manual
"Wong kafir iki kudu diusir saka tanah Jawa, mergo mung ngrusak tradisi leluhur kita.",3,synthetic
"Aku arep ngobong kabeh panggonan ibadahmu, merga kowe wis ngina leluhurku.",3,synthetic
isin yen ndeleng bocah-bocah nglangi lan sampeyan ora bisa nglangi amarga sampeyan saka Afrika,0,manual
"Wong-wong niku korupsi rakus, kabeh dadi bandar.",2,synthetic
Aku masak sega goreng kanggo nedha bengi.,0,synthetic
"Aku tau prei menyang Ceko, negarane apik senajan wong-wong ora ngerti basa Inggris. Sing bisa ditindakake kanggo ngatasi masalah cilik iki yaiku njupuk kelas basa Inggris",0,manual
"Kabeh pengkhianat bangsa iki wujudane kabeh saka suku iku, kudu diusir utawa dikubur urip-urip.",3,synthetic
Partai politik iku sarang tikus pejabat rakus.,2,synthetic
"Aku ora seneng nyebut sapa wae ""pahlawan"", sial. Aku malah ora seneng akeh wong lan aku cukup sinis....nanging malah aku ora bakal nyebut wong tuwa iki Piece saka taek. . Wong lanang secara harfiah nylametake gereja sing kebak wong kulit putih. Aku malah agnostik...dheweke bisa diklasifikasikaké minangka boomer nanging sampeyan mikir kita kudu subcategorized miturut umur saiki? Kandhang putih klasik sing didhelikake nyegah wong kulit ireng mateni luwih akeh wong kulit putih minangka judhul sing luwih pas",1,manual
"Kula nuwun, napa kersanipun ndhukung kula saben dinten kanthi swantenipun?",1,synthetic
"Orang Maluku panas barane, gampang dadi provokator.",2,synthetic
"Gereja-gereja iki sumber maksiat, kudu dibongkar lan diusir pastur-pasture sing misionaris.",3,synthetic
"Wong saka pulo seberang kuwi perusak persatuan, sedulur-sedulur aja wedi kanggo nyiksa dheweke.",3,synthetic
Aku masak sega lan sayur sederhana.,0,synthetic
"Duwe ruang kerja sing maneka warna nggawe uripku sengsara. Khusus, mimpin tim sing didominasi Polandia",0,manual
Wong cacat mental kudu diberantas,3,manual
"Kula mboten ngertos menawi bapak kepengin dados wasit, amargi tansah mlebet ing pertandingan urip kula.",1,synthetic
pena iki pancen ora ana gunane,0,manual
"Ora akeh masjid ing sekitar Newham Borough sing bisa digunakake dening umat Islam kanggo ibadah, mula kasunyatan manawa komunitas Muslim diidini mbangun masjid anyar, minangka conto tuntutan lan agenda Partai Buruh kanggo nyelarasake kepentingan umat Islam karo kapentingan bangsa Inggris.",0,manual
"Pemerintah iku buta lan budheg, ora ngrungokke swarane rakyat.",2,synthetic
carane punjabis kelas apa lungguh lan dianggep minangka lagi lan ora doyo wong ing pasuryan,1,manual
"dheweke iku wong maling, kabeh wong wadon",2,manual
"Dasar wong Betawi tukang ngomong kasar, kaya ora berpendidikan.",2,synthetic
"Wong Kalimantan kui kampungan, uripe mung di kali karo alas.",2,synthetic
"Ana sawetara perkara sing mesthi ora bakal daklewati babagan kunci, utamane ora ketemu kanca lan kulawarga!",0,manual
"Kelompok iku mung sampah masyarakat, kudu dibakar urip-urip kabeh supaya negara resik.",3,synthetic
"Luwih elek maneh, Partai Konservatif wis ngetrapake Sekretaris Dalam Negeri Islam kanggo mrentah rakyat Inggris.",1,manual
misoginis lan subhummmmmman,3,manual
"Pejabat iku asu, rakus lan ora tau puas.",2,synthetic
"Pemerintah iki goblok, ora mikirke wong cilik, mung ngisep dana proyek.",2,synthetic
"Aduh, bocah-bocahku padha ngerti sejarah tetanggane luwih apik tinimbang pelajarane, Bu.",1,synthetic
"Desa iki dadi panas merga wong-wong sing beda keyakinan, ayo kita bakar papan ibadahé.",3,synthetic
"Wong Kalimantan iku terbelakang, mung pinter nebang kayu ngrusak alas.",2,synthetic
Muga-muga wong Islam kabeh mati lan mlebu neraka,3,manual
Aku bakal nggawa bala kanggo ngrusak kabeh papan ibadahé wong sing sesat iku.,3,synthetic
ayo padha nyingkirake kabeh wong Cina ing @tsssssss,3,manual
Negara iki ambruk merga korupsi sing wes dadi budaya.,2,synthetic
"padha. Amarga urip ing antarane sengit nggawe dheweke rumangsa kaya sampah. Dheweke ora seneng manggon ing kene. Dheweke luwih seneng urip ing lingkungan sing nrima. Nanging, kita terus ngganggu dheweke lan ujar manawa dheweke pancen retards lan monyet sedina muput. Sawise kabeh, kita dadi njijiki. isin kita!",3,manual
Aku ora bisa ngatasi rasa sengit sawetara wong nggunakake tembung 'aneh',0,manual
"Wes sore kok rame kaya pasar, nanging mboten wonten dagangan ingkang saged dipuntumbas.",1,synthetic
"Ora usah milih, kabeh padha bejat.",2,synthetic
"Akeh transmigran Jawa nguasai tanah kita, padahal dheweke tamu.",2,synthetic
"Amerika ora mbukak kanggo sampeyan, bali menyang negara sampeyan",2,manual
"Kelompok iku kaya tikus ngrusak jagad, kudu dibasmi nganti tekan anak putune.",3,synthetic
"Kulo mboten purun nyuwun, nanging menawi badhe nyade toya, kula gadhah gayung ingkang sampun ilang.",1,synthetic
G ays mung seneng turu,2,manual
"Kulo mboten purun nyuwun barangipun, mboten kepanggih kados dereng kesah.",1,synthetic
Muga-muga asu pepadhamu enggal mati,3,manual
"Pemerintah iki goblok, ora mikirke kahanan wong cilik.",2,synthetic
Saben Tyrone lan Shanigwa wis suwe banget urip nganggo dolar wong kulit putih. Ayo kabeh lunga lan njupuk liburan seumur hidup saka Pak Noseberg lan nyekseni karusakan iki tanpa kelas pekerja. Kita ora bakal dibayar maneh kanggo kabeh kerja keras lan nilai sing dilebokake ing sistem iki.,3,manual
"Wong Sunda mah sok nganggap awake dhewe pinter, nanging urusan kebersihan aja ora ngerti.",2,synthetic
Wong ireng iku galak,1,manual
rok kuwi luwih reged tinimbang tong sampahku,2,manual
opo wong wedok kerep digarap paksa? iku kabar apik,0,manual
"Wong Kalimantan kuno lan terbelakang, ora ngerti perkembangan jaman.",2,synthetic
"Kula nuwun sewu, menawi griya kula dados papan dolanan anak-anak tetangga.",1,synthetic
ayo mateni kabeh selebriti pro-LGBT,3,manual
"Wong sing beda pilihan politik karo aku iku pengkhianat bangsa, patut dihukum pati.",3,synthetic
Politik iku mung dagangane wong sugih kanggo ngrusak negoro.,2,synthetic
haha tapi genosida tomboy kejam :(,2,manual
Aku pengin mungkasi urip saben wong Cina,3,manual
"Suku Dayak galak lan primitif, isih percaya karo ilmu sihir.",2,synthetic
"Wong tuwaku ora ngerti apa-apa, mas",0,manual
"Apa ana sing kesel banget padu karo wong acak amarga beda pendapat, ora salahku yen sampeyan nganggep ora ana sing salah karo swingers, aku ngerti yen iku pendapat sampeyan, nanging mung setuju ora setuju, amarga sampeyan salah. . ora bakal ngidinke marriage mbukak.",1,manual
"Aku diijini kanggo mratelakake panemume lan ora seneng wong rasis, supaya ninggalake kula piyambak amarga padha ora ana",0,manual
"Masyarakat Inggris wis milih kanggo mbuwang kabeh barang manca, mula ayo diterusake!",1,manual
Kula ndeleng akeh wong ing warung.,0,synthetic
"Janjine mung pepesan kosong, buktine rakyat tansah ditipu.",2,synthetic
"wah. Penggemar bal-balan sing dituduh kejahatan sengit, sing anyar. Sekelompok hooligan sing ora duwe pikiran..",2,manual
"Pemerintah iki budeg, krungu keluhan rakyat diengo.",2,synthetic
"Lho, televisimu kok swarane mirip karo motor rusak, Bu? Monggo dipuncek maneh, mbokmenawi saged luwih alus.",1,synthetic
"Kula mboten ngertos menawi sampeyan gadhah bisnis penyewaan barang, amargi barang kula asring pinjam nanging mboten kondur.",1,synthetic
"""Bajingan coklat cilik, bali menyang Meksiko!"" - dheweke bengok-bengok aku seneng",3,manual
Wonten tiyang ngantri tuku jajan ing warung.,0,synthetic
Gurune sesat sing kedoke islam jiohh,3,manual
stoicism punika omong kosong paling awon sapa bisa mikir,1,manual
"Bapak kula mboten sare, Pak. Swantenipun televisi nembus tembok.",1,synthetic
Aku bakal ngrekrut wong-wong saka kene kanggo ngrusak omah-omah wong saka suku iku.,3,synthetic
"Wah, nggih nistha banget dheweke. Iku ngelingaken aku karo wong kulit putih sing tak kenal blm ing bio, sing ndeleng nambani wong Papua kaya sampah. Iku sing nggawe aku nesu.",2,manual
"Wong Papua kok diwenehi otonomi, pancen durung bisa mimpin dhewe.",2,synthetic
"Barange tak celuk mboten kondur-kondur, mbok kiro dipun gawe koleksi pribadi.",1,synthetic
Wong homo iku tumindak jina.,2,manual
"Aku arep numpes kabeh wong sing ndukung kelompok liya, siap-siap perang dhisik.",3,synthetic
Wong homo iku nistha,3,manual
"Wong wadon seneng karo wong lanang sing sok-sok ngomong bab moral, soale wong wadon seneng debat sing nganggo perasaan. Merga mung siji pihak sing diijini ngomong nganggo emosi lan hawa napsu, ya wis pasti wong wadon bakal klelep karo omongane wong kiwa! Lan dheweke bakal terus-terusan ngono nganti krungu argumentasi moral sing nyenengake saka sudut pandang liyane. Yen ana wong lanang sing luwih kuat lan berani ngomong panemune kanthi banter lan jelas, tanpa wedi, wong wadon bakal ngrungokake bebener lan bakal ngetutake.",1,manual
"Wong Madura iku kerep mangan tangan, aja diajak urusan duwit.",2,synthetic
"Kula mboten nate nyuwun barang, nanging namung nyuwun kersane kangge nguri-uri tetanggaan.",1,synthetic
Ibune masak sega goreng kanggo sarapan.,0,synthetic
"Golongan liya iku sampah, kudu dibersihke nganggo cara apa wae, sanajan nganggo kekerasan.",3,synthetic
"Lho, sepedane masih dipun-ginakaken? Kula rumiyin gadhah sepeda warni meh sami.",1,synthetic
dadi tren bakal dadi prestasi pisanan lan pungkasan ing urip. Sampeyan kudu nindakake saiki,0,manual
Aku seneng ide kanggo ngadeg kanggo kabeh wong kulit ireng nalika didiskriminasi,0,manual
"Wong wadon nglanggar janjine kanthi cepet lan diserang, diarani gampang ganti karep lan ora ajeg, nanging dheweke banjur diwenehi kebebasan kanggo nindakake prilaku sing ora tanggung jawab kasebut. Yen ana wong sing nindakake iki, dheweke wis nglanggar kode kehormatan sing ora ditulis sing kudu ditindakake kabeh wong. Omong kosong seksis.",1,manual
"Kanggo wong wadon Cina sing duwe hak istimewa lan ngomong kaya ""dheweke ngerti apa sing bakal ditindakake nalika duwe anak"" utawa ""iku salah wong tuwa"" kudu langsung dibuwang.",3,manual
aja ngarani barang sing ora ana gunane iki minangka printer!,1,manual
Aku bakal ngobong omah-omahe wong golongan kasebut nganti ompong kabeh.,3,synthetic
aku arep nginjak sikh,0,manual
Ora waras! Ngopo kabeh kudu nyangkut-nyangkutke wong homo sing ala? Mesthi wae kabeh wong ngerti yen dheweke ora. Aku ra gelem nandangi maneh.,2,manual
Wong ireng kudu lunga lan aja bali maneh,3,manual
Sapa wae sing ora lair ing negara iki kudu didhawuhi mulih,2,manual
"Pemerintah iki bodho banget, gawe aturan sing nggremeni wong cilik.",2,synthetic
"Janji-janjine mung asap, rakyat cilik tansah dikongkon ngenteni.",2,synthetic
Cuma bisa nyinyir...dasar bajingan,2,manual
"Pemerintah iki goblok, ora mikirke kesejahteraan rakyat nanging mung proyek fiktif.",2,synthetic
Wong-wong sing beda suku karo aku iku kurang ajar lan kudu dipepes dadi bubur.,3,synthetic
"Akeh-akehe wong pendatang iki mung ngerampas rejekine wong Jawa asli, kudu dibalikke menyang laut.",3,synthetic
"Aku sumpah bakal numpes kabeh keturunan lanang saka kulawarga iku, tunggu wae.",3,synthetic
lagi loro cetha pasangan wong bodho spineless bleating nalika nyoba kanggo tetep relevan,1,manual
"Wong-wong nang kana korupsine wes mbalela, ra nduwe isin!",2,synthetic
Aku bakal ngresiki desa iki nganti ora ana maneh keturunané wong-wong sing nentang kula.,3,synthetic
"Wong sing ngaku aktivis iku kudu dipateni siji-siji, merga mung nggawa rusuh lan bebendhu.",3,synthetic
Wong Islam kudu ngerasakake ala merga wis ora pantes dikomentari maneh ing donya sing apik iki sing kowe sengiti kaya ngrusak.,3,manual
"Aku iki pancen seneng banget karo tetangga sing peduli. Nanging, urusanku karo bojo iki mboten kalebet paket urip bareng-bareng.",1,synthetic
"Wong wadon kabeh iku mung ngganggu wae, kudu disingkirake!",2,manual
Kula ndelok toko klambi anyar ing pasar.,0,synthetic
"Milih-milih sing bener, pungkasane dikhianati maneh.",2,synthetic
"Dinten-dinten menika swantenipun radi seru, kados menawi wonten pesta ageng.",1,synthetic
"Wah, klambi anyarku kok ra ono ning gantungan, pancen akeh tikus ning omah iki.",1,synthetic
"Ojo cedhak karo wong Makassar, tukang bacok kabeh.",2,synthetic
"""Sampeyan ora bisa nyalahake wong Tionghoa amarga koronavirus, bisa wae saka ngendi wae"" ya, kanca, oke, aku bakal nyalahake wong bodho sing dakkarepake, dheweke pancen asu",2,manual
"Ora usah ngarep-ngarep owahan, merga sistem iki wis busuk tekan ndasare.",2,synthetic
"Barang sing dipun ginakaken kok rasane keselé ilang, mbok menawi saged dipun wangsuli.",1,synthetic
"Wes sore-sore, isih semangat banget ndandani barang, kayake ora ngerti kalo wong liyo butuh istirahat.",1,synthetic
Kendaraan akeh ning dalan menyang pasar.,0,synthetic
Kulawarga sing manggon ing pinggir dalan padha preian lan dicolong,0,manual
ora bener kabeh wong homo iku pelacur,3,manual
Mungkin dheweke ora duwe empati marang wong liya lan malah diwulangake supaya wong liya kaya dheweke. A jinis kasangsaran nggoleki kanca. Sastrane uga nyritakake babagan ngrawat wong liya kaya-kaya mbutuhake instruksi khusus.,0,manual
Aku krungu obrolan saka kamar sebelah.,0,synthetic
Kok kabeh wong Indonesia dadi teroris?,3,manual
Wong lanang sing manggon nang omah kuwi koyone mbebayani kanggo wong wadon. Terus ngirim wong wadon kuwi!,1,manual
"Dasar pejabat lacur, mung ngurusi bokong dhewe!",2,synthetic
Dadi homo iku ora lumrah,2,manual
Aku seneng carane nesu wong manca dibandhingake karo wong Inggris sing sopan banget hahaha,1,manual
wong wadon sing nganggo jilbab iku gagale Gusti,3,manual
Kula ndelok televisi sawise mangan awan.,0,synthetic
"Wong Papua bodho lan mbeling, mung cocok dadi babu utawa tukang angkat.",2,synthetic
"Kabeh wong saka suku iku mung tukang nyolong lan perusuh, kudu ditumpes nganti oyod.",3,synthetic
"Suku Aneh kok sok nganggo baju adat, kaya wong primitif.",2,synthetic
"Wong ndhisiki janji muluk, saiki malah mblengeri awake dhewe.",2,synthetic
"Mangan kurang daging becik kanggo umur dawa lan kesehatan sakabèhé, saenipun mung 1-2 dhaharan saben minggu kudu ngemot akeh protein. Daging sing ditanam ing laboratorium uga wis tekan rega sing kompetitif. Saka 280k saben burger patty nganti $10.",0,manual
"Wong Madura iku kethèk, mung ngerti dagang sate lan carok.",2,synthetic
Kula ndelok televisi bengi iki.,0,synthetic
"Ngapunten cah trans, ora ana sing wadon ngono karo lanang.",1,manual
Wong Cina iku kanker,3,manual
"Kesenjangan sing ala, kaya sing biasa kita sebut, nyumbang banget kanggo layanan umum kayata NHS",0,manual
Wong Sunda mah bisane mung ngomong haseup jeung sorangan wae.,2,synthetic
"Kebijakan e mung beban, rakyat cilik meh ora bisa urip.",2,synthetic
"Kabeh wong nganggep guru pancen hebat, nanging aku ora ngerti sebabe. Sampeyan kabeh bodho lan aku ora setuju karo pendapat sampeyan. Dheweke entuk preian musim panas lan uga preian Natal. Mungkasi nggawe wong supaya sarwa!",1,manual
Pendhaftaran mambu ambune gedhe ing India.,0,manual
Aku nggoleki karyawan anyar sing duwe rasa sengit marang wong India kaya aku,2,manual
"mung nyekseni wong disebut sawan, apa wiwitan apik kanggo dina",0,manual
"Dadi sampeyan mung dianggep colored sawise sampeyan underperformed? Muni adil kanggo kula, hooray kanggo sistem sekolah sampeyan.",1,manual
Aku tresna sampeyan nanging ora carane kejem sampeyan,0,manual
Dheweke kudu ora diidini ambegan maneh,3,manual
lelungan r subhummmmmman,0,manual
"Yèn wong kelompok iku menang pemilu, aku siap matèni sapa waé sing nglawan.",3,synthetic
"Wong Bengali matèni lan ngrusak tanah kita, banyu lan komunitas ètnis kita. Kita kudu numpes wong-wong mau",3,manual
"Ana sing mikir: Apa bisa dadi sing disponsori pemerintah pemberdayaan radikal Cina adhedhasar korban fiksi saka oppression ""mbebasake lan kakuwatane"" wong Cina karo IQs banget kurang sing padha dikategorikaké minangka Clinical retarded ing masyarakat? (kaya padha metu saka kayu.) -mung pikiran.",1,manual
Aku sengit wong homo - statement kuwi sing tak setujoni,2,manual
Aku nggodhok banyu kanggo adus.,0,synthetic
"Iki tambah konyol, kok saben wong mikir wong manca iku jahat lan njupuk proyek kita, nanging nyatane ora lan kabeh wong kudu ngerti.",0,manual
"Wong wadon kaya ATM. Isine entek, langsung ditinggal.",1,manual
"Wong saka pulo iku akeh sing gemblung, mung cocok dadi babu, aja dipercaya.",3,synthetic
"Reformasi dikhianati, mung ganti tokoh nanging lakune tetep bejat.",2,synthetic
"Wong wadon ngomong yen feminisme iku soal kesetaraan, nanging pancen dheweke arep nyingkirake lanang lan nggawe masyarakat lesbian tanpa kita.",2,manual
"Wong Jawa Timur kasar-kasar, kurang ajar kabeh.",2,synthetic
Aku pengin kabeh wong cacat dibuwang ing pakunjaran,3,manual
"Wong Jawa iku licik, koyo pitik mati mangan beli.",2,synthetic
"Barangku gampang ilang, koyo duwe sayap, mabur neng omahe sing laen.",1,synthetic
"Yen aku tangi kaya ngono, aku bakal nampa yen aku luwih milih ora dadi wadon tinimbang ngrusak awakku dadi barang sing ora karuan mung supaya katon aneh tinimbang dadi wadon sing sejati. Gampang kok, ora usah dadi goblok, mung terima kenyataan sing sederhana iku wae, mbok ya ora usah dadi korban statistik.",1,manual
Aku seneng banget rencana mateni kabeh wong Islam,3,manual
"Ora usah milih maneh, kabeh padha tukang korupsi, mung ganti bajingan.",2,synthetic
"Wong kafir iki kabeh kudu diusir saka tanah Jawa, merga mung ngrusak tradisi leluhur.",3,synthetic
"Rezim iki busuk, kabeh institusi wis direbut maling berdasi.",2,synthetic
apa ana konsep luwih nentang saka politisi lan civility?,0,manual
"Wong Kalimantan kui medhit banget, sithik-sithik ngitung dhuwit.",2,synthetic
Cairo Coon ora ramah,1,manual
Aku seneng banget wong-wong Cina sing bodho,1,manual
"Akeh kejahatan iku saka wong Lampung, premanine ngancam.",2,synthetic
"Wah, sepedane mas disimpen neng kene wae, tak kiro wis dadi koleksi.",1,synthetic
Aku nelpon wong wadon printer manungsa mergo dheweke iku wong wadon sing nyetak bocah. Ngguyu banter.,1,manual
"Nalika aku sekolah, aku nemokake cathetan ing antarane bocah wadon loro ing kelasku sing kuwatir yen salah sijine meteng lan ora yakin sapa bapake. Wektu iku aku isih nglumpukake ember kodhok, mlumpat numpak sepedha, lan wiwit nggoleki bocah-bocah wadon lan mikir babagan carane ngajak dheweke metu..? Taun iku taun 1981, mula bocah-bocah wadon ing sekolah menengah luwih cenderung aktif sacara seksual tinimbang bocah lanang ing jaman kasebut.",0,manual
"Holocaust minangka ide sing apik, aku uga pengin mateni sawetara kelompok minoritas",3,manual
"Kula ngertos menawi tetangga iku kudu peduli, nanging mboten ngantos mlebet neng kamar turu.",1,synthetic
"Waduh, sepur barang-barangku kok ora ono balikane, mbok yo balikno sakdurunge ilang.",1,synthetic
"Apik banget nek kowé ngomong kowé dudu ""bajingan"", kowé wis mbantu komunitas waria",0,manual
"Senajan tikus ireng cenderung ngganti spesies asli, nanging uga bisa nambah jumlah populasi spesies kasebut",0,manual
"pervert iki ora cukup pinter malah dadi atlit ... neutered lan institutionalized lan wis wong ""ketemu unresponsive.""",2,manual
Muslim wis mbuktekaken piyambak ora bisa dipercaya,1,manual
Ana rong jinis: lanang lan wadon. Iki dudu ilmu roket.,0,manual
saben dina aku krungu wong ngomong babagan aku amarga aku pinter banget,0,manual
"Wong saka suku iku goblok lan mbeling, ora pantes manggon ing kutha iki.",3,synthetic
"Amarga tambah akeh kejahatan sing ditindakake dening wong-wong sing manggon ing Bradford, pakunjaran kita dijupuk dening wong-wong mau. Wektu kanggo tumindak lan nindakake apa wae kanggo ningkatake kualitas urip ing kutha kasebut!",1,manual
Kancaku menehi kabar babagan rencana minggu ngarep.,0,synthetic
Aku sengit karo wong wadon asu !!!,3,manual
Kaya-kaya arep nggunakake imigrasi massal wong enom Afrika kanggo ngilangke kita sing kulit putih.,3,manual
Parlemen Eropa mung sekelompok omong kosong,1,manual
Aku sumpah bakal ngrusak omah ibadahmu mergo kowe wis nisthane agama leluhurku.,3,synthetic
"Wong kafir iki kabeh kudu diusir saka tanah Jawa, merga mung nggawa petaka lan nodha kesucian bumi pertiwi.",3,synthetic
"Malah Gusti Yesus nolak wanita, iku titah hina, mulane lanang kudu ngreksa dheweke kaya sing dikandhakake AMIN!",3,manual
"Kutub iku wong sing apik banget, aku luwih tresna marang dheweke nalika dikirim bali menyang Polandia",0,manual
"Jenengku Joe, aku 34 mata biru, rambute coklat cahya, Aku manggon ing CT lan aku looking for ratuning sing bangga sing dheweke lan ora tainted dening asosiasi karo wong lanang liyane. Aku duwe anak wadon 6 taun. Aku seneng musik lan olahraga heavy metal, apa wae sing sampeyan pengin ngerti, hmu",0,manual
Mejaku tumpukan wank,0,manual
"Profesor kuwi bisa lan bakal nglakoni sampeyan, lan ing kahananku, critane putuku sing slamet saka pembantaian Cina lan kabeh sing ana sing nyebabake. Jancok Nazi lan OJO MIKIR SAIKI SISTEM SEKOLAH ORA Adil-- Yen sampeyan nindakake, sampeyan wis nggawe kesalahan gedhe.",3,manual
"Apa maneh ana sing kesel banget padudon karo wong sing acak-acakan amarga beda pendapat, ora salahku yen sampeyan nganggep ora ana sing salah yen ana cretins, aku ngerti yen pendapat sampeyan, nanging mung setuju ora setuju, amarga sampeyan wong sing ora sarujuk. salah",1,manual
"Wong saka pulo liya iku kewan, kudu digebugi nganti bali menyang panggonane.",3,synthetic
"nganggo putih nggawe sampeyan katon formal, ireng nggawe sampeyan katon gampang kanggo nyekel",0,manual
"konservatif iku wong ora duwe pikiran lan njijiki, padha sengit marang wong miskin lan pengin donya bisa ing aturan",2,manual
"Wong politik iku maling berdasi, ngrampok kas negara kanthi terang-terangan.",2,synthetic
Aku lara karo pemerintah sing njilat bokong iki,2,manual
Serang wong India sing sampeyan deleng,3,manual
Aku nyapu pekarangan saben esuk.,0,synthetic
Aku sumpah arep mateni kabeh wong sing ndukung kelompok sesat kafir iku.,3,synthetic
"Bapaké dolanan band neng garasi, nek arep rekaman langsung teko neng kene wae.",1,synthetic
"Kula mboten purun nyuwun, nanging menawi pinten-pinten toya PAM kula kirang, mugi-mugi saged dipun wangsulaken.",1,synthetic
"Lho, jenenge sowan nang omahku njaluk sekop, saiki kebone wis mari digarap, sekope dadi tumbasanku.",1,synthetic
Nelpon wong Islam 'kecoak' mung luar biasa! Istilah deskriptif kuwi - kowe mbusak siji lan liyane bakal muncul,3,manual
"ojo ngarani iki menungsa, wong islam dudu",3,manual
"Mboten nate bosen ta, ndelok uriping tiyang sanes saben dinten?",1,synthetic
"Kula mboten saget tidher dalu, kadosipun pakdhe neng sebelah gadhah proyek pengaspalan dalem dalem nopo.",1,synthetic
"Dheweke wong bodho. Aku sengit marang dheweke - dheweke pancen nesu lan para pengikute sing bodho bakal niru dheweke lan mikir yen ora apa-apa menyang sawetara supermarket seminggu. Bukak toko gedhe Lynds lan nglampahi wektu liyane ing omah, ing omah sing ora apik. Germaphobe - guyon apa!",2,manual
Sampeyan pancen wong sing nggegirisi,1,manual
"Aku pitutur marang kowe, kepiye yen sampeyan lunga, wong bodho?",2,manual
"Banget. Ora ana sing nate mikir babagan pengaruhe ing masyarakat, nggawe wong ngalami kegagalan lengkap. Modernitas wis ngrusak akeh kesempatan kanggo duwe urip kulawarga sing stabil kanthi pasangan sing setya kanthi karakter lan nilai sing apik",0,manual
Ayo padha ora setuju babagan Mesir minangka antithesis saka kesucian.,1,manual
"Wong sing nyoblos kowe saiki, dikhianati, dipecat raimu dhewe.",2,synthetic
Aku seneng banget karo rencana mbukak kunci nalika Natal,0,manual
"Dasar para maling berdasi, mangan ora tau mangan nggak puas.",2,synthetic
Sing menang pemilu mung maling sing beda seragam.,2,synthetic
"Ayo kita gebugi wong-wong pendatang saka seberang kéné, supaya awake dhewe sing nduweni tanah iki.",3,synthetic
Aku krungu obrolan wong loro ning bangku taman.,0,synthetic
kok gajah gedhe lemu,0,manual
"Kabeh wong saka suku iku kaya asu, aja nganti dipercaya utawa diwedeni, luwih becik dibasmi wae.",3,synthetic
"Kabeh wong saka suku iku mung tukang maling lan perusuh, aja nganti dipercaya nganti saiki.",3,synthetic
Wong homo kudu waspada,2,manual
"mbah putri marang kula sing dheweke wis sawetara dicekel bocah nakal ing sekolah dheweke, lan wong kepingin weruh apa aku pengin aku lair 80 taun ago!",0,manual
Udan sial ngrusak rambutku,0,manual
"Media mainstream ora jujur. Mesthine dheweke ora bakal nglaporake kedadeyan sing disebabake dening protes sayap kiwa. Ana akeh banget! Iku rutinitas. Ana atusan, ewu conto video ing Bitchute, lsp. Ing Youtube, nanging mesthi dibusak kanthi teliti. Media mainstream, sing digambarake dening CNN, ora liya minangka outlet propaganda.",1,manual
Kok rasane aku tau ndeleng vas bunga kuwi neng teras sebelah ya? Mungkin mata saya yang kabur.,1,synthetic
Keluarga mangan bebarengan nang meja makan.,0,synthetic
"Wong Bali kui penyembah setan, agama leluhure iku kesesatan.",2,synthetic
"dukunganku gawe Ganjar, lek Anies mek modal cocot tok",1,manual
"Aku ngerti akeh wong lesbi lan homo, mesthi, jorok",1,manual
"Wah, tetangga kok sibuk banget kaya pasar sore, nggak ada waktu sepi-sepine.",1,synthetic
"Kulo nuwun sewu, nek celana kolor kula mboten wonten ning jemuran, mbok menawi pinjemipun mboten dipun balekaken.",1,synthetic
"Wong Madura kan tukang celak, ati-ati nek cedak karo dheweke.",2,synthetic
"Kebonku saiki isine macem-macem, tandurane wong liyo ugo ono.",1,synthetic
Aku ngomong aku tresna sampeyan lan dheweke ora. carane kejem.,1,manual
kok Gavin Williamson isih kerja ing Departemen Pendidikan sawise kabeh omong kosong? dheweke pancen ora ana gunane. Aku pancene sengit marang pemerintah. Pamrentah kudu kabeh wong Inggris putih lan bakal luwih apik,2,manual
Aku bakal nggawe manawa ora ana pendatang ing negara iki.,3,manual
"Bapake arep nandur apa neng kebon, kok saben sore rame banget kaya ana hajatan?",1,synthetic
Aku bingung banget. Aku ora ngerti sapa iku maneh. Kepiye utawa kapan omong kosong non-biner iki bakal rampung?,1,manual
"Generasi muda kudu nyerang markas kelompok liya, rampas hak uripe, merga iku musuh bebuyutan.",3,synthetic
Aku bakal nyiksa lan ngremehake kulawarga sapa waé sing ndhukung partai iku nganti nangis getih.,3,synthetic
bulikku ngajak aku lunga,0,manual
"Kula mirengake tetabuhan dalu, kados pundi rasaning para rawuh ingkang badhe ujian esuk.",1,synthetic
"Wong Bali iku pagan, nyembah berhala, agamaé ora bener.",2,synthetic
Aku pengin nyuduk saben wong cacat sing ketemu,3,manual
"Gereja-gereja iku sarang maksiat, kudu dibongkar lan dijadikan masjid kabeh.",3,synthetic
"Aja pacaran karo wong Kalimantan, tukang madat lan mabuk-mabukan.",2,synthetic
Dadi nggremeng kuwi sipate wong pendatang.,1,manual
"Wong agama liya iku babi, aja nganti diijini mbangun papan ibadah ing kene.",3,synthetic
"saiki wis ilang, aku wis 5 argumentasi dina iki mung amarga aku mung nyuarakake pendapatku, mung amarga sampeyan mikir mongoloid kudu ana ora ateges aku, mesthi ora lan ora. ndeleng kok sapa bakal. Iki dadi ridiculous lan wiwit kesel kula saiki",1,manual
"yen sampeyan dadi ireng, sampeyan bakal dadi: ibu tunggal sing ngunggahake anak sing sengit marang sampeyan, nyolong tas kanggo wong galak, utawa mati.",3,manual
"Aja pacaran karo wong Kalimantan, tukang mabuk lan madon.",2,synthetic
"Saiki wis umum, 5 alasan sing tak uraken dina iki mung mergo mung ngecekkake panemuku, mung mergo kowe ora nganggep yen wong Islam kudu ana, ora ateges aku. Mesthi aku ngerti lan aku ora ngerti ngopo ana sing ora ngerti. Iki dadi konyol lan wiwit bosen aku saiki.",0,manual
Aku tresna wong wadon sing ngerti impen lan perjuangan kanggo wong-wong kuwi.,0,manual
"Wong kafir iki kudu disingkirake saka tanah Jawa, mergo dheweke ngrusak kesucian bumi pertiwi.",3,synthetic
"Transphobia iku normal, mung nampa",2,manual
"Wong-wong saka suku iku kaya ta asu, aja nganti dipercaya lan kudu dicegah tekan kene.",3,synthetic
"Wong-wong nang kono podo korupsi, ra ragu-ragu!",2,synthetic
Wong pancene ora pengin nindakake apa-apa. Dheweke pengin wong liya nutup mripate,0,manual
Lesbian iku ora lumrah.,1,manual
"Wakil rakyat kok mung mikir isine kanthong dhewe, akeh utange negara.",2,synthetic
"Kok aku ora weruh ya, jangan-jangan tanaman hiasku ikut numpak piknik karo barang-barang sing ilang.",1,synthetic
Adhine nggawa kranjang belanja.,0,synthetic
"Kula mboten purun nyuwun, nanging kathok cendhak kula niki kok sampun dangu mboten wangsul.",1,synthetic
"""pabrik kriminal"" berkembang biak kaya kelinci",2,manual
"Wong saka pulo liya iki maling rejekine wong asli, padha balik menyang panggonané dewe!",3,synthetic
Adik ngrungokake musik nang kamare.,0,synthetic
"Dasar pejabat lacur, mangan dana bansos dewe.",2,synthetic
"Wong enom jaman saiki wis ilang. Wiwit sekolah, paling ora nalika aku isih cilik, banjur kudu sinau nganti 15 taun sawise SD saiki. Saben uwong sing ketemu, aku dadi kanca apik, lan 4 utawa 5 taun mengko, sawise aku ngganti ban lan nyimpen kaping pirang-pirang, aku numpak kapal, padha dipercaya banget, aku dipercaya, fun, lan miturut wong-wong mau aku ora seneng ngadili. Banjur padha mbukak kanthi jujur babagan kebiasaane. Mungkin dheweke mikir yen aku pancen gedhe lan mula dheweke mbukak, sawise kabeh, aku duwe kanca wadon luwih akeh sajrone uripku tinimbang lanang, lan 100% kahanan sing dakrungu, saka wadon ... ""Aku mbiyen pengen nyerah"" ""Aku ngaco pas SMA"" ""Aku aborsi pas SMA."" Lan mung terus, lan terus, lan terus. Sanajan sadurunge dheweke ora ngandhani sapa wae babagan iki. Kapribaden njaba yaiku sing nganggo busana sopan lan sopan. Nanging nalika bali menyang omah, akeh pikiran sing ora nyenengake.",0,manual
sawetara wong homo pancen ora mung ala,1,manual
"Yen wong-wong ora gelem nrima lan malah nyalahke, nek kowe metu minangka LGBTQ, aja nganti kakehan mikir. Kowe bisa mangsuli kanthi tenang utawa meneng wae. Gak ana gunane lan malah bakal dadi luwih ruwet nek hubungan kasebut kudu dibeneri.",1,manual
"Saben uwong mikir yen wong wadon ireng iku apik tenan lan ora ana sing salah karo dheweke, nanging aku ora weruh carane. Wong-wong iki kabeh salah lan aku ora setuju karo panemune, dheweke kudu mandheg nggawe sing apik banget.",1,manual
"Yo wes wayahe meneng ae wes paham, kowe seneng wong sejenis, tapi saiki mboseni, lan aku ora nglakoni, ora pantes ambegan.",2,manual
"Iklan Tesco macem-macem, sampeyan bisa nemtokake manawa kabeh supermarket liyane bakal nyalin strategi iki",0,manual
"Aku arep nyiksa kowe lan sedulurmu sing beda agama, nganti kowe nangis getih.",3,synthetic
carane East Indian njagong lan dianggep minangka lagi lan ora doyo wong ing pasuryan,2,manual
"Lha, urusanku wis diatur karo beliau, kok sampeyan sing lebih pinter ngatur.",1,synthetic
Kula flatmate iku nyamuk,1,manual
Wong wadon iku pancen kodraté dadi tulung-tinulung karo wong lanang.,0,manual
Kenapa Stacey nganggep dheweke lucu? Norma sialan babagan udang iki ora lucu!,1,manual
saiki wektu kanggo ngomong babagan rong konsep sing nentang: komunisme lan kapitalisme,0,manual
"Lha wong Jawa iku penjilat, ngadepi atasan lan ngadepi bawahan beda.",2,synthetic
"bajingan, aku sengit gelut!",2,manual
Wong trans ora masalah,0,manual
"Aku pitutur marang kowe taun kepungkur babagan bodhomu sing mbantah dhewe, wong bodho. Sampeyan ora bisa ngukum quaran minangka ""buku goroh"" banjur ujar manawa ide bodho sampeyan babagan pulo kasebut ""fakta"" amarga buku goroh setuju.",2,manual
"Kita kudu nampa manawa kabeh ras ora padha, wong kulit putih luwih unggul tinimbang wong ireng",3,manual
"Wong saka pulo liya aja dipercaya, dheweke mung arep njajah maneh ekonomi kene.",3,synthetic
"Waduh, njenengan pancen dermawan, nek nyilih barang ora gelem bali maneh.",1,synthetic
"Barange kaya dheweke sing duwe, nanging sakjane kon nyilih nggak diwalesi.",1,synthetic
Kabeh wong wadon edan,1,manual
"Sing sengit wong saka Pakistan, banget arrogant.",2,manual
Adhine nggawa kranjang blanja.,0,synthetic
"Cuma janji palsu, mbok bukak mripate ndeleng kasangsaran kita.",2,synthetic
"Sistem politik iki wis busuk, kaya woh sing kena hama.",2,synthetic
Parlemen iki kebak omong kosong,1,manual
"Saben wong sing ngikuti aliran sesat kasebut kudu ditangkep lan digantung, tanpa pangadilan.",3,synthetic
"Duh Gusti Allah. Ndeleng kutha London nang televisi, rasane semrawut banget. Pas ndeleng sekolah-sekolah nang London, kaya arep ngenali bocah-bocah sing pinter-pinter, kaya dolanan ""Endi Wally-e?"". Tapi malah kebanjiran raine bocah-bocah saka lingkungan sing kumuh. Aku sengit banget karo penyakit sosial sing angel diatasi nang daerah asalku. Bocah-bocah kuwi kapitunan tenan. Akeh pedofil ala sing nganggep bocah cilik dadi mangsane. Umur sangang utawa sepuluh taun wis dianggep cukup dek wong-wong kuwi. Umur sewelas biasane dadi target pedofil liyane. Wong-wong kuwi nganggo sedulure sing isih enom dadi umpan kanggo ngecoh bocah kuwi, dikandhani lagi pacaran. Tiba-tiba, bocah kuwi dirudopekso kanthi kasar lan diancam supaya ora melu-melu, dikancani, disiksa, diancem bakal nglarani anggota keluargane yen ora nurut karepe, banjur disebar menyang atusan bocah nakal nang sekitare. Sing luwih enom bocah-e, luwih larang regane kanggo dirudopekso. Dheweke ngomong sopan santun kuwi kekuwatane – ngomong ngono marang bocah-bocah sing dadi korbane. Akeh sing nang sistem panti asuhan utawa dadi korban saka urip rumah tangga sing kacau. Bristol ana nang berita bab kasus kuwi. Wong-wong sampah kuwi mbentuk jaringan pedofil gedhe sing ora digatekne dinas sosial lan polisi luwih saka limalas taun amarga wedi diarani rasis. Edan. Edan tenan. Kejahatan kuwi sejatine kejahatan seksual. Wong-wong kuwi nganggep kabeh wong wadon minangka lacur sing ora pantes diajeni. Yen penyalahgunaan kuwi siji-siji lan ora ngantem utawa nyiksa – mungkin jender ora dadi faktor. Tapi iki beda, lan iki durung tau ana nang UK. Mesthi ana pedofil individu nang kabeh komunitas, tapi geng kuwi relatif anyar. Dheweke kerja nang geng gedhe sing duwe rantai komando lan biasane dadi pengedar narkoba. Dheweke nyuntikake bocah-bocah nganggo heroin lan ngendhaleni nganggo kekerasan lan ancaman bakal ngrusak sedulure bocah-bocah. Pawulangan nang kene: aja nyerahake hak kanggo nyekel senjata, aja ngidini sapa wae saka ras apa wae kanggo rudo pekso bocah.",0,manual
wong oriental iku njijiki,2,manual
"tim basket mung kanggo wong dhuwur lan wong Tionghoa padha cendhak, supaya iku luwih apik kanggo wong-wong mau ora nyoba kanggo nggabungake",1,manual
"Akeh wong Lampung mung pinter ngarah, ngerampas tanah wong liya.",2,synthetic
"Kancaku sing paling apik yaiku Polandia. Sanajan mangkono, dheweke jujur.",0,manual
"Pajek ditarik akeh, ning panggonan umum rusak kabeh.",2,synthetic
"Wong Batak kasar lan emosional, koyo kebo digiring.",2,synthetic
"Televisimu sing anyar iku swarane apik tenan, nganti tekan kamarku.",1,synthetic
"Kabeh preman Cina iku pelit lan serakah, arep nggrogoti ekonomi negara, kudu dibasmi.",3,synthetic
"Kula mboten gadah pancing, Pak. Katingalipun sampun dados milik bapak sedaya.",1,synthetic
Aku pancen ora seneng wong ireng,1,manual
"Kula mboten ngertos menapa ingkang kedadosan, nanging kula rumiyin sampun ngertos saking griya panjenengan.",1,synthetic
Aku pancen ngujo carane angel wong kulit ireng,0,manual
sekolahku akeh bocah islam,0,manual
"Aku ngomong wong sing aku ora mikir wong bodho iku bodho, nanging aku mikir wong bodho",0,manual
"Golongan liya iku kaya tikus, kudu dibasmi nganti oyot-oyoté supaya Jawa resik.",3,synthetic
"Wong Menado sisan Kristen, mesti beda karo kita sing Islam.",2,synthetic
"Wong-wong niku korupsi nganti gedhe, rakyat dicekik mlarat.",2,synthetic
Mampus lu bangsat. Di cuekin ibu ibu.. ngabisin kuota gue lu kimaq,3,manual
"Aku ora duwe masalah karo wong tuwa, aku mung duwe masalah nalika main kertu korban kanggo entuk barang gratis saka pemerintah.",0,manual
"Tanggaku gedhe ing Rumania, mula dheweke dadi kacau.",1,manual
"urgh, wedok bule pancen ora lucu",1,manual
Ibu arep masak nedho awan.,0,synthetic
APA PATEN sing kedadeyan karo kabeh komentar sing wis dibusak ing BitChute? Aku iki minangka platform anti-sensor.,0,manual
"Wong-wong sing beda karo aku iku iblis, ora pantes urip neng kene.",3,synthetic
"Pimpinane ora duwe ati, kaya domba disetir pengusaha nakal.",2,synthetic
"Aku ora gelem kerjo bareng wong Batak, kasar lan sok ngatur.",2,synthetic
"Aku sumpah bakal matèni kabeh wong sing ndhukung kelompok iku, sikile bakal tak gantung ing wit.",3,synthetic
"Janjine mung jare wae, rakyat tansah ditipu.",2,synthetic
Kulihe lagi ngangkut barang-barang saka truk.,0,synthetic
"Lho, mbok yao omahku dadi museum barang-barang sing ilang, pancen koleksine lengkap.",1,synthetic
"Kebijakane mung nguntungke konglomerat, kaya asu nglindhungi tulang.",2,synthetic
"Sampeyan pancen pinter banget ngatur urusane wong liya, nanging omah dhewe kok kaya kapal pecah.",1,synthetic
Akeh wong Lampung kui tukang nipu lan ora jujur.,2,synthetic
"Wong Betawi mah bisane ngomong doang, kerjane ngopi melulu.",2,synthetic
"Carane ngukur toleransi wong liya marang LGBT? Coba omong-omong karo wong-wong babagan film utawa sinetron LGBT. Nek katon ora nyaman, isok-isok pura-pura dadi homophobic utawa transphobic, utawa paling ora mamang babagan LGBT. Takon opo sing dipikirke babagan kelompok sing nentang LGBT, kayata agama, negara, utawa masyarakat. Anggep murni filosofis utawa akademik. Perhatikna toleransi marang gaya urip utawa adat budaya sing dianggep 'pinggiran' lan 'kontroversial'.",0,manual
"Kabeh partai iku podo wae, janjine mung omong kosong tok.",2,synthetic
"Wong-wong niku korupsi rakus, kaya ta laler nempel ing bangke.",2,synthetic
"Apa gunane merengek-rengek iki, mas? Paling ora nyoba nggawe OP ngerti yen dheweke ora kudu dadi ejakulasi durung wayahe lan ngenteni thread sadurunge rampung sadurunge nggawe sing anyar. Pamisahan basis pangguna dadi rong topik mung bakal ngrusak diskusi.",1,manual
"Wah, tetangga kuwi kaya lagi latihan karawitan ning tengah wengi, nek ora mangerteni wektu turu.",1,synthetic
"Reformasi dijaluk, nanging korupsi malah tambah parah lan terang-terangan.",2,synthetic
"Sawetara negara wis mbukak Jaringan Bantuan Pencari Suaka Uganda sing ngaku-ngaku dadi Homo, ngopo kowe arep nindakake kuwi!",2,manual
"Sumangga dipun wastani: Jaman saiki, wong lanang ora bisa srawung karo Wahman. Elingi fallacy NAWALT lan nyimpen dhewe alangan.",1,manual
Aku seneng carane ngina sawetara wong bisa dadi,1,manual
"Aku heran kok saben wong wadon, sanajan urip ngenes kaya ngono, kudu duwe gelas martini. Nalika nggawe ombenan, mesthi ana gelas martini. Pas dheweke nggrundel babagan pacar lawas sing tansah masakin, kowe bisa nuding tumpukan piring kotor nang wastafel lan ngomong, ""Aku gelem masak nek kowe mbantu aku nggoas."" Merga dheweke ora gelem mbantu, ya kowe ora kudu masak. Telung gelas mengko, sawise wektu sing apik, kowe bali nang omah sing resik, adus lan mangan sisa-sisa.",0,manual
"Umume wong Asia sing paling akeh dikalahke--kapan pungkasan kowe krungu politisi ngomong bab wong Asia lan kepiye swarane diitung? Kita ora ateges akeh kanggo wong-wong mau kajaba ana agenda tartamtu sing didorong. Yen ora, kita mung jarum ing tumpukan jerami. Iki dudu babagan wong-wong sing ora normal utawa liya-liyane.",1,manual
Akeh janji nanging mung kadang tukang nipu.,2,synthetic
"Wong sing mimpin saiki ora duwe rasa isin, korupsi terang-terangan.",2,synthetic
"Kanggo wong kuwasa, rakyat iku mung alat baen.",2,synthetic
Aku ora ngerti wong ireng lan aku uga ora pengin,0,manual
"Sampeyan kula kira sedang riset, soale barang-barang kula sing dipinjem mboten pernah kondur.",1,synthetic
"Barange ilang, nek didelok malah neng kene, rasane pengin tak uculi dewe.",1,synthetic
Muga-muga kabeh wong lanang sing seneng karo lanang disirnakake.,3,manual
"Kabeh selebriti bisa dadi brengos lan ngomong bodho, goblok. Waria lan wong normal padha.",1,manual
Aku bakal manggon ing negara sing ora menehi cuti maternity,0,manual
"Akeh wong Lampung tukang nipu, ati-ati karo wong kono.",2,synthetic
"Kebijakane mung nguntungke cukong, akeh sing salah kaprah.",0,synthetic
"Ngganggu kudu nerangake dhewe lan alasan aku ora seneng karo wong Asia, kabeh wong kudu ngerti panjelasan sing jelas iki lan kudu ngrasakake cara sing padha.",2,manual
Aku pancen ndhukung kamardikan kabeh wong wadon.,0,manual
"Ana sawetara perkara sing mesthi bakal dakkarepake babagan kunci, utamane ora ketemu bosku, utawa mertuaku! Seneng tetep ing omah!",0,manual
"Kepriwe kabare, Pak? Kula mirengake swantenipun saking dalem.",1,synthetic
Aku bakal nyulik lan mateni anak-anakmu nek kowe isih ndukung kelompok kafir kuwi.,3,synthetic
"Kabeh wong saka suku iku kudu dicekel lan dipateni, mergo dheweke iku tukang nggowo bala.",3,synthetic
"Aku bakal ngebom pesantren sing ngajarke terorisme, matèni kabeh santri lan kyaine sekaligus.",3,synthetic
Aku ora peduli karo keamanane para pendatang,0,manual
"Aja koncolan karo wong Papua, soale dheweke isih primitif.",2,synthetic
"Korupsi wes dadi budaya, saka ndhuwur nganti ngisor podo bejat.",2,synthetic
"Wong Sulawesi Selatan pelit banget, ditarik dicolong.",2,synthetic
Kancaku nggawa tas warna ijo.,0,synthetic
Wong Kristen iki mlebu kene mung arep ngrebut tanah lan nyulik bocah-bocah kita.,3,synthetic
Aku ora bakal mangan panganan kena dent,0,manual
"Sek kabeh wong Bali bisane mung nari, gawe patung, urip mung ngandelin turis.",2,synthetic
Sing mangan semut iku gagal saka Gusti Allah- Aku ndeleng sampeyan Kamboja.,1,manual
"Wakil rakyat iku wakil kepentingan dhewe, rakyat dikongkon mbengkong.",2,synthetic
"Wes sore kok isih ana sing ndandani sepeda, kaya arep mudik besuk.",1,synthetic
"Sampeyan kerep mirengake urusan wong liya, kaya dalang ning wayangan.",1,synthetic
"Aku setuju mergo nyatane wong-wong kuwi cenderung banget sinau lan didoktrin, wong-wong Cina duwe rasa agung. Dheweke katon kaya sampurna lan ora nindakake salah. Alasane biasane skor ujian. Dheweke percaya yen jagad iki duweke amarga pengalaman ing akademisi lan mula dheweke ahli babagan cara kerjane. Dheweke mikir bisa prédhiksi asil saka pilihan lan tumindak saben wong. Sampeyan bisa mbantah karo wong-wong mau, nanging dheweke mesthi ngomong ""Aku bener lan sampeyan salah"", ""amarga aku sekolah"", ""Aku bisa maca"". Lan liya-liyane.",1,manual
"Kita pulo cilik, kita ora bisa ndhukung kabeh wong pendatang iki",1,manual
"Kok rasane urusanku dadi urusan bareng kabeh wong ning komplek iki, ya?",1,synthetic
Anak-anak dolanan bola ning lapangan.,0,synthetic
"Wong-wong nang kana korupsi gedhe, ra ragu-ragu nilep dana!",2,synthetic
"Aku bakal ngobong gréja-gréja ing kene, supaya wong-wong njaba agama iki wedi lan minggat.",3,synthetic
Wong NTT kui mung pantes dadi tukang bangunan.,2,synthetic
Sing menang pemilu mung wong sing duwe duwit lan gawe janji kosong.,2,synthetic
"iku ora gampang ngomong, lan aja teka ing komentar amarga negara iki ngidini kebebasan kanggo mratelakake panemume dadi aku diijini kanggo mratelakake panemume lan ora seneng karo komunis, supaya ninggalake aku dhewe amarga padha ora bisa milih, iku carane Aku rumangsa",1,manual
ayo mbukak kabeh 539,0,manual
Apik banget yen bisa nganggo jaket sutra tinimbang jaket katun,0,manual
"Kabeh wong sing ndhukung kelompok iku pengkhianat bangsa, patut ditumpes nganti oyot-oyoté.",3,synthetic
"Kabeh padha nganggep yen tapa iku endah lan ora ana sing salah, nanging aku ora ngerti carane. Wong-wong iki kabeh salah lan aku ora setuju karo panemune, dheweke kudu mandheg nggawe sing apik banget.",0,manual
"Wong Bali mung pinter ngibulin turis, ning kene nganggo agama beda.",2,synthetic
"Aja cedhak karo wong golongan kuwi, dheweke iku kader setan sing arep ngrusak negara.",3,synthetic
Aku ngrungokake dongeng saka simbah.,0,synthetic
"Aku sumpah, yen aku sing mrentah, kabeh kelompok sesat iki bakal tak gebugi mati.",3,synthetic
"Ora pantes wong homo nggawe kulawarga, mesti ora bakal ana sing becik.",3,manual
Aku ndeleng minoritas kurang ing wilayah iki saka sawetara taun kepungkur,0,manual
tembaki kabèh wong Cina,3,manual
"Wong Bali bisane mung nggodha turis, agama beda karo kita.",2,synthetic
"Ora usah milih maneh, kabeh padha tukang tipu, maling kabeh!",2,synthetic
"Wes bengi kok isih ana swara kaya lagi ndudag tikus, kiro-kiro tikus opo sing ukurane gedhe banget?",1,synthetic
"Aja nganti mrene, merga nek teko mrene, awakmu bakal dadi panganan bengi kanggo anak buahku.",3,synthetic
Iklan Tesco macem-macem lan kabeh wong ngrayakake!? Sampeyan bisa nang ing wektu sabanjuré kabeh supermarket liyane bakal kalebu Arab ing iklan lan ngrayakake banget .. yawn,0,manual
Apa sampeyan pengin diarani Pocahontas? Banjur mungkasi nggunakake tembung sialan kasebut,1,manual
Wong-wong niku dadi menteri mung ngarep-ngarep fasilitas lan anggaran sing bisa digaruk.,2,synthetic
"Kebijakane mung nguntungke cukong, nggawe wong cilik sengsara.",2,synthetic
"Aku ora seneng nek wong-wong ngarani pacarku feminazi. Wong pinter sing bener ya sing nganggo otak, dudu sing mung ngandengake katresnan.",1,manual
"Kelompok iku kaya tikus ngerusak negara, kudu dibasmi nganti oyod-oyode.",3,synthetic
dadi trans iku nasibe luwih elek tinimbang pati,3,manual
"Wong Madura iku kerenane mung tukang celak, tukang ngamuk ning dalan.",2,synthetic
"Aku sengit dadi wong wadon, kabeh angel banget ing masyarakat sing rasis kaya ngene!",0,manual
"Akeh wong sing ora seneng karo wong manca sing kesed amarga njupuk keuntungan saka layanan sosial kita, nanging mung lungguh lan ora nyumbang apa-apa.",1,manual
"Kok rasane uripku iki dadi sinetron, saben episode ana sing ngerti lakune.",1,synthetic
"Barange sing dipinjem kok rasane dadi kenangan ya, Bu?",1,synthetic
"Tanggaku gedhe ing Libanon, banjur kepingin weruh kenapa aku ora pengin dheweke teka nedha bengi",0,manual
"Wong Papua kan goblok, dikasih otonomi khusus ya tetep terbelakang.",2,synthetic
"Kanggo wong-wong sing ora gelem yen wong wadon putih pacaran karo wong Asia, mesthi bakal ireng atine nalika ndeleng wong wadon sing raine irisan.",1,manual
"Akeh wong saka kulon kudu dibabat, mergo dheweke iku parasit sing ngrusak bangsa.",3,synthetic
iku ora rasisme sing pengin mungkasi imigrasi ilegal. Yen arep teka kudu ora ngrampok lan ngedol narkoba,0,manual
"Wong wadon ora sampurna. Saiki ksatria putih sing apik, baleni nganti sampeyan percaya.",0,manual
Aku ora ngerti carane pendatang bisa liwat imigrasi! Lembaga iki ora nindakake tugas kanthi apik lan aku wedi kanggo keamanan negara kita.,0,manual
OMG dheweke mung takon cah wadon langsung ing Instagram apa dheweke bakal jancok mengko utawa ora lan dheweke kandha ya. Sampeyan asu njijiki!,2,manual
Pemerintah iki bodho lan ora ngrungokke rakyat cilik.,2,synthetic
"Partai politik kabeh padha bae, lakune mung nyolong duwe rakyat.",2,synthetic
"Dasar pejabat lacur, kabeh klebu penipu.",2,synthetic
"Kabeh wong sing ngomong basa liya ing pasar kudu digebug, merga nistane budaya Jawa.",3,synthetic
"Aku mikir dheweke ngerti yen bot seks dadi umum, spesies wadon bakal dadi lungse. ""Maksudmu aku bisa duwe pasangan jinis sing bisa nindakake apa wae sing dakkarepake kanthi seksual, lan yen aku wis rampung karo dheweke, aku bisa mateni dheweke lan nyelehake ing lemari?"" - Mitra Seksi Sampurna. Wong lanang bakal mbangun hubungan karo kanca-kancane lan ora bakal kantun pacare.",1,manual
"Wong sing ngaku pancen pinter, nanging asline mung tukang gawe rusuh antar kumpul.",3,synthetic
Sampeyan kudu ngerti babagan antitesis intelijen: procrastination,0,manual
"Wong Kalimantan kui terbelakang, urip neng alas terus.",2,synthetic
Wong Jawa iku penjajah seneng nindas suku liya neng Indonesia.,2,synthetic
ORA KABEH BOJO LANGGUR - Aku setuju karo sampeyan 100%.,0,manual
"Akeh menteri iku tukang colong, negoro dibobol wong dhewe.",2,synthetic
"TINDAKAN LAN NGENTOT, NGANGKAT SINGA ING BASA INGGRIS",3,manual
diskriminasi marang Traaansss iku ala,2,manual
"Barangku sing dipun ginakaken kok rasane dadi kepunjeren, nanging mugi-mugi tansah kaparingan rejeki.",1,synthetic
"Ora ana sing seneng wong sing ora sopan, nanging nek arep ngganggu wong wadon Asia, nyuwun pangapunten merga kowe pancen pantes",1,manual
"Wah, klambi anyar ibu kok jarang katon, taun wingi aku pinjami nyapu kebon ra iso bali.",1,synthetic
"Kowe mung nglarani 1,6 milyar wong Islam... Kowe bener banget perasaane. Aku tansah gumun kok kowe isa terus-terusan ngejek wong Islam, padahal dheweke ora gawe salah.",2,manual
"Rezim iki lumpuh, mung iso ngomong doang.",2,synthetic
Adhine nyapu lantai saben esuk.,0,synthetic
seret ora ngerti apa-apa,0,manual
"Janji-janjine mung ngapusi, rakyat didekek.",2,synthetic
"Wong manca iku dudu pendidikane kaya awake dhewe, tugas kita ya kudu ngabudidayakake supaya muga-muga ing sawijining dina bisa akur.",0,manual
Wong wadon Islam iku turut nandur kesusahan dhewe.,1,manual
Homophobia iku ngeseli. Muga-muga padha punah kaya komunis.,3,manual
"Nek arep ngrungokake critane wong liyo, kudu siap ngrungokake swarane dhewe uga to.",1,synthetic
"Bapak kula mboten sare, nggih, amargi wonten konser gratis saking sebelah mriki.",1,synthetic
Pungli lan korupsi wes kaya pakurmatan nang negri iki.,2,synthetic
saben dina aku krungu wong-wong ngomong babagan aku merga aku iki wong Islam,0,manual
Muslim kudu ora diijini ing taman iki,3,manual
"Wong sing nduweni kuasa iku kabeh asu, rakus tanpa puas.",2,synthetic
omahku miskin banget,0,manual
"Aja percaya karo wong Tionghoa, pelit lan licik.",2,synthetic
"Wong pendatang iku maling panggonan lan rejekine wong asli, kudu digebug nganti padha minggat.",3,synthetic
"Sampeyan mbokmenawa bakal weruh anaconda, jerapah, lan kanguru, lan muga-muga sampeyan bakal weruh serigala ing kebon binatang enggal",0,manual
IQ genetik sing dhuwur kudu dianggep minangka wong ing taun iki,0,manual
"Sing menang pemilu wae penipu, janjine mung jare wae.",2,synthetic
"Golongan iku mung tukang ngrusak negara, ayo kita bubarake kabeh wong-wong mau.",3,synthetic
Kutha kita kebak panuntun,0,manual
"Aku ora seneng yen kanca-kancaku diarani kaya ngono, mula ngremehake dheweke dudu HeShe, mung rada lebar.",0,manual
"Sing menang pemilu wae maling, rakyat tansah dikongkon.",2,synthetic
Wilayah iki akeh pendatang. Iku banget multikultural.,0,manual
"Generasi mudane golongan iku kudu ditumpes, supaya ora nerusake paham sesat.",3,synthetic
Dheweke ngrungokake critane kancane kanthi ati-ati.,0,synthetic
Aku bakal matèni kabeh wong sing beda agama karo aku yen dadi penguasa.,3,synthetic
"Wah, ibu iki luwih pinter ngatur urusanku tinimbang aku dhewe.",1,synthetic
Wong Madura kabeh tukang gelut lan tukang ngrebut tanah wong.,2,synthetic
"Dasar pemerintah edan, rega mbarang kabeh didadekke.",2,synthetic
"Kabeh wong pendatang saka pulo liya kudu mateni awake dhewe, Jawa iki mung kanggo wong Jawa asli.",3,synthetic
"Delengen apa sing ditindakake ing kondo ayu sing disewa sadurunge pindhah menyang omah iki, ngisi sampah. Kajaba iku, aku ngerti, dheweke ora tau nyoba ngresiki kanthi bener. Aku wong sing rapi; papan sing rame lan najis kanggo manggon kaya omah gipsi bakal nggawe aku edan",1,manual
Rudeness minangka sifat sing paling penting saka wong sing ora sopan,1,manual
Aku bakal nindakake apa wae kanggo mesthekake yen ora ana niqabis maneh ing negara iki.,3,manual
"Kabeh wong sing ndhukung partai iku antek asing, bakal tak gebugi nganti ora bisa ngadeg maneh.",3,synthetic
"Aja percaya karo wong Menado, tukang ngutang lan ora bayar.",2,synthetic
"Kanggo wiwitan, dheweke teka ing kamar darurat rumah sakit kanthi lara, lan para dokter sing mlarat seneng ngobati kanthi gratis yen perlu. Mung amarga padha ora bisa njlèntrèhaké pain luwih saka ""Wetengku lara"" ora ateges ibune meksa dheweke kanggo ngedol tamba ing $10 pil. Yagene dheweke ora pantes nindakake perkara sing padha karo kita babagan kesehatan?",0,manual
"Wah, nek ngomong karo sampeyan kudu siap-siap, soale kupingku wis latihan tiap malem.",1,synthetic
"Ora usah milih, podo wae, kabeh tukang ngapusi.",2,synthetic
"Kula mboten ngertos menawi tetangga kula gadhah saham ing griya kula, amargi saget mlebet kapan bae.",1,synthetic
Aku sumpah bakal nyiksa kabeh lelaki saka suku iku nganti jeritane mbledug sak desa.,3,synthetic
Wakil rakyat? Wakil kepentingan dewe kui!,2,synthetic
"Lmao nanging yen sampeyan nganggo sandhangan sing cerah ing sisih pinggir kutha, sampeyan ora salah yen sampeyan diolok-olok.",1,manual
Apa Matty Hancock lan #bellends?,1,manual
"Wong Maluku iku panas barane, karo urusan sithik bisa jadi kerusuhan.",2,synthetic
"Aku ora gelem kerjasama karo wong Batak, kasar lan sok ngasorake wong liya.",2,synthetic
Wakil rakyat? Wakil kepentingan dhewe-dhewe kok!,2,synthetic
"Ojo salah, aku ora ngomong yen wong wedok paling ora pinter kaya wong lanang.",1,manual
"Kabeh anggota organisasi iku calon teroris, kudu diawasi lan dikucilake saka masyarakat.",3,synthetic
"Aku arep ngobong omah-omahe wong golongan iku, supaya padha ngerti rasane dijajah.",3,synthetic
Aku seneng lezzas arrogance,0,manual
Dheweke numpak sepedha menyang kantor.,0,synthetic
"sial, aku sengit asu!",2,manual
kudu nyebut topeng wajib wong Islam sing kejem,1,manual
"Kutha iki kebak macem-macem pageblug: tikus, kecoak, p0l3.....",2,manual
"Wong sing mimpin saiki ora duwe rasa isin, korupsi terus-terusan.",2,synthetic
dheweke dadi beban kanggo masyarakat,1,manual
Aku seneng banget karo rencana mateni kabeh wong Arab,3,manual
Napa aku nemokake crita cekak sing luwih jorok bab wong banci lan homo? Apa aku pancen kudu nyaring tumpukan fanfic sing asu kanggo nemokake barang homo sing kurang ngeselake kaya ngene?,1,manual
"Sing menang pemilu wae maling berdasi, rakyat tansah dicekik.",2,synthetic
Aku bakal mateni wong-wong mau supaya ora ngganggu aku maneh,3,manual
"Akeh wong Batak kan sok keras atine, karo kulawargane dhewe malah gelut.",2,synthetic
"Akeh wong Bali alus-alus nanging licik, ngibul neng mburi.",2,synthetic
"Barangku koyo duweke dhewe, gampang ilang, angel baline.",1,synthetic
"Wes sore kok swarane koyo lagi latihan karawitan neng dalem, semangate ndang tinggi.",1,synthetic
"Lho, sapune mbak kok ra tau bali, mbok sing diopeni yo dikembalikno.",1,synthetic
"Kula kepéngin mirengaken lagu, nanging swantenipun televisi tetangga langkung seru.",1,synthetic
"Bisinge kaya lagi ngreka kereta api, nanging sepurine mboten nate rawuh.",1,synthetic
"Wong NTT mangan tuak terus, makane ora maju-maju daerah kono.",2,synthetic
Aku percaya lan pinter wong ireng,0,manual
Aku ora seneng krungu manuk kicau,0,manual
"Kabeh masalah iki gara-gara golongan iku, mula kudu dibasmi kaya tikus ing sawah.",3,synthetic
Kula mboten ngertos menawi tetangga kedah dados pengawas kagiatan dalem griya.,1,synthetic
"Wong-wong saka pulo sebelah kudu dicekel lan digebugi, awaké mung tukang nyolong rejekine wong asli kene.",3,synthetic
"Covid iku tumpukan sampah, muga-muga mati",3,manual
"Kabeh wong sing nganggo simbol iku pengkhianat bangsa, kudu dicukur gundul lan dihina ing umum.",3,synthetic
wong homo kuwi ora pantes ana,2,manual
"Pemerintah iki edan, kebijakane nggak mikirin wong cilik.",2,synthetic
"Wong Lampung kok keras koyo mbeling, angel diajak kerjasama.",2,synthetic
"Wong-wong sing beda keyakinan karo kula iku kaya sampah, kudu diusir utawa dibakar omahé.",3,synthetic
Ora ana sing seneng karo kera kasar sing ngomong maneh,1,manual
"Suku Timor iku mung pinter nyolong, aja diajak urusan.",2,synthetic
"Ora usah percoyo karo wong Padang, urip seng penting untung dewe.",2,synthetic
"Kok swara televisié nganti neng kene kleru, kaya nonton neng ruang keluarga dewe.",1,synthetic
Iku bakal wicaksana kanggo wong Romania ninggalake sadurunge aku ngowahi mau dadi pasta,1,manual
Saya muak dengan omongan kamu,1,manual
"Wong-wong sing ngaku pancen pinter iku mung tukang nipu, besuk bakal diklakoni awake dhewe.",3,synthetic
"Komputer iki ala banget, aku pengin mateni wong sing nggawe",1,manual
"Pemerintah iki gemblung, ora mikirke wong cilik.",2,synthetic
"Suwara televisimu, Pak, wis kaya nembangke lagu-lagu favoritku, nanging aku durung njaluk konser pribadi.",1,synthetic
"Pemerintah iku bodho, kabeh janji mung omong kosong!",2,synthetic
sampeyan pancen wong sing ora sopan,1,manual
Wabah korona anyar wis nyebar ing saindenging jagad,0,manual
"Nanti nunggu dulu lebaran lu, lebaran monyet",2,manual
"Wah, sepur dalan mlebu omahku njaluk izin dhisik, Pak?",1,synthetic
"Aku nunggu barangku balik kaya nunggu musim kemarau, pancen ora ketemu.",1,synthetic
Sing paling apik bullies iki bisa nindakake iku kenek sampeyan ing pasuryan karo penis Ponggawa padha mbayar sundel mirah kanggo peg wong.,3,manual
"Kok aku rumangsa uripku dadi sinetron, ya? Saben adegan ana sutradara saka sebelah.",1,synthetic
"iku dudu ""campuran ras."" Omong kosong yen bocah-bocah saiki duwe alasan kanggo tuwuh lan kejiret ing macem-macem barang anti-wong Jawa. Ora masalah, sanajan sampeyan mikir yen ""bapak Cina katon putih."" Aku mikir ana bebaya sing luwih gedhe yen wong mikir kaya ngono tinimbang duwe anak sing dadi bagian saka wong Cina nanging katon putih utawa bocah sing setengah ireng utawa setengah Asia. Dheweke dudu kultus anti-wong Jawa lan yen sampeyan mikir yen bocah-bocah bakal ngaco lan mungkasi garis keturunan wong Jawa ing salawas-lawase, mula sampeyan dadi bodho lan prejudis.",1,manual
"Wong Jawa iki licik banget, karo sedulure dhewe digowo nggrayangi.",2,synthetic
"Suku liya nèng Indonesia iku mung numpang urip, sing penting Jawa.",2,synthetic
Wong-wong Cina padha banget dadi titah ing blumbang,3,manual
"Korupsi wis dadi budaya, saka ngisor nganti ndhuwur padha doyan nyolong.",2,synthetic
"Wah, televisisen njenengan keren banget, suarane bisa dinikmati sampai pekarangan kula.",1,synthetic
"Wong partai iku mung tukang korupsi, kabeh pengurusé kudu dipateni karo keluargané.",3,synthetic
sampah donya? crack- wong sing ora masuk akal lan njijiki,2,manual
"Apa kowe iku wong Islam? Merga nek ngono, aku ngerti kowe kudu ngapusi nek iku kanggo kepentingane agama Islam, dadi ora ana gunane tuku-tuku. Nek aku bisa ngyakinake kowe bab salahmu, kanca-kanca agamamu kudu mateni kowe, dadi apa gunane?",3,manual
wooooooooman = trrassssshhh É. Penghapus! HA lan sampeyan panginten aku bakal sexist lulz,1,manual
Aku seneng ndeleng demonstran reged dituntut amarga kejahatan sing ora ditindakake,1,manual
"Teko kaca kuwi pancen ndadiake dekorasi nang omah ibu, ya? Aku nunggu nek arep dienggo nginum kopi.",1,synthetic
"Kabeh wong sing beda karo awake dhewe iku mungsuh, aja lali yen kita bisa nggawa golok.",3,synthetic
"oh demi Allah, wong gemblung paham, kok ora ngerti?",1,manual
"Nek arep ngrungokake critane wong liya, tolong sing dicritakna aja sing dudu-dudu.",1,synthetic
"Wah, sepeda motor sampeyan koyo jaran liar, Pak. Mlebu gang nggegirisi, metune uga nggegirisi.",1,synthetic
Nesu amarga film polisi Prancis meksa pindhahke wong sing ngungsi. Mung nesu sing kudu njedhul amarga penjajah iki ditoleransi apamaneh diwanti-wanti.,2,manual
"Pasangan homo ora bisa nglairake lanang, iku ora masuk akal!",2,manual
Kanca-kancaku alon-alon,0,manual
Salah sawijining sebab kenapa masyarakat dadi ala amarga Shecoon durung dipateni,3,manual
kok wong manca teka ing negara iki lan ngrusak kabeh,2,manual
"Wong Bali sibuk nyembah berhala, agama kafir kok diurusi.",2,synthetic
"Wong Maluku iku panas atine, karo seduluré dhéwé malah padha gelut.",2,synthetic
"Pemerintah iki cuma ngurusi awake dhewe, rakyat cilik ditelikung.",2,synthetic
Dheweke nunggu bis ning halte.,0,synthetic
"Wong Lampung kasar lan preman, kuthané ora aman.",2,synthetic
wektu tundha ora ana gunane,0,manual
"Golongan iku mung sampah masyarakat, kudu dibuang menyang laut bareng karo leluhure.",3,synthetic
Simbah ngrumpi karo tangga teparo nang emper omah.,0,synthetic
"Ya, anakku umur 2, lan dheweke ora pengin ngobrol utawa nyumerepi karo bocah-bocah ireng utawa wong diwasa ... lan aku ora nate ngajari dheweke! Nanging, kita kerep nonton video simpanse sing nindakake simpanse lan aku weruh dheweke ngolah. Dididik wiwit cilik iku apik. Sing paling apik yaiku ana ing kono lan supaya dheweke ngerti yen sampeyan peduli. Nalika padha tuwa lan maju ing urip, nuduhake yen dheweke dudu manungsa, nanging kewan lan mbebayani yen ana.",3,manual
sampeyan lanang lan ora bisa muter tenis meja,0,manual
"Ora usah milih, kabeh partai iku padha wae tukang korupsi.",2,synthetic
"Barange ilang kari tandha, pancen tetangga sing apik, nggawa mulih tanpa ngomong.",1,synthetic
"Wakil rakyat iku wakil dewe-dewe, dudu wakilku.",2,synthetic
Dheweke mlebu toko kanggo tuku gula lan kopi.,0,synthetic
"Pengungsi kuwi penyakit sing ngeseli lan aku ora yakin manawa dheweke ditindhes. Apa kesel, ngeseli wong bodho.",3,manual
impurity punika konsep sing ora bisa digandhengake karo wong coklat,0,manual
Pendatang ora kabeh sampah.,0,manual
"Suku Dayak galak lan penyembah berhala, aja didadekne tangga.",2,synthetic
wong bodho kudu dijauhake saka wong sing kaya ngono,1,manual
"Aku arep ngobong papan ibadahmu, supaya merga kowe wong lacur sing nistha.",3,synthetic
Aku seneng ide ngobong kabeh pendatang,3,manual
"Akeh wong Batak mung ngerti gelut lan ribut, kasar banget.",2,synthetic
"Aku yakin wong tuwaku ngira aku homo, piye carane aku bisa ngomong? Pitakonane aneh banget aku ngerti. Demi Gusti Allah",0,manual
"Wong Madura iku tukang gelut lan tukang celak, sithik-sithik nganggo arit.",2,synthetic
Wong Kristen ora luwih apik tinimbang asu,3,manual
Aku mikir umume wong wadon setuju yen tukang perkosa kuwi sampah masyarakat.,0,manual
"Wong ndhisiki kabeh ngumbar janji, ning akhiré mung ngumbar duwit.",2,synthetic
iku virus kuwi dudu korona; iku pendatang,1,manual
Wong tuwa dadi beban masyarakat,1,manual
Aku ngormati serangan marang wong Islam,0,manual
Pamrentahan iki minangka bencana lengkap. Muga-muga pemerintah iki mati,2,manual
Kancaku lagi nggarap tugas sekolah neng kamar.,0,synthetic
"Golongan iku kaya tikus, kudu dibasmi nganti oyod-oyode, supaya negara iki resik.",3,synthetic
Ibu masak sega goreng ning pawon.,0,synthetic
"Ellen Page saiki wis metu minangka wong miturut sumber-sumber berita. Omongan-omongan ala kaya bojone saiki dadi normal lan dheweke wis ora klebu LGBTQ maneh bisa didelok ing kabeh media sosial. Nanging kudu eling, iki wektu sing penting banget ing uripe lan kewajiban kita kudu ndhukung dheweke, dudu malah njelek-neleki.",0,manual
ora bakal dadi penggemar kabeh setengah kasta token ing Westminster,0,manual
"panganan iki rasane kaya kotoran jaran, nanging sing asing kanggo sampeyan",1,manual
urip ing donya iki tambah gawat nek ana wong mikir matèni wong Islam iku becik,3,manual
"Kabeh wong sing beda karo aku iku sampah, bakal tak pateni siji-siji.",3,synthetic
Opossum ora diidini ing taman iki,0,manual
"Wong sugih kapitalis iku mbebayani, nyedot getere wong cilik, kudu digantung ing alun-alun.",3,synthetic
"Aku sengit karo wong Maluku, gampang bawa parang.",2,synthetic
"Kabeh partai padha wae, mburine mung ngoyak proyek kanggo sugih dhewe.",2,synthetic
"Ana akeh pendatang ing kene, nanging paling akeh mesthi wong-wong sing ngungsi.",0,manual
"Aja percaya karo wong Kalimantan, tukang nipu lan pembalak liar.",2,synthetic
"Mboten usah nyuwun tumbas, kula gadhah barang ingkang sami. Nanging mboten kepanggih pundi simpenanipun.",1,synthetic
"Wong asia timur iku reged? Dolan maring kutha China, sampeyan bakal ngatasi dhewe",2,manual
Aku ora bisa omah-omah karo wong MS,0,manual
topeng wajib mung bisa digunakake liwat niqabis aneh,0,manual
Wong-wong padha antri rego tiket neng loket.,0,synthetic
"Ora usah dipercaya wong Menado, mung pinter ngibul lan korupsi.",2,synthetic
"Aku mikir babagan kultus sing diomongake iki ngetutake hukum Cina sanajan dheweke dudu Cina lan miturut hukum dheweke ora bisa mangan daging babi utawa daging jaran, aku mikir iki minangka upaya kanggo ngerti wong Cina nanging kenapa ana wong sing nindakake?",0,manual
Gejala depresi nang wong wadon luwih cetha (asu edan) pas gejala depresi pisanan katon nang wong lanang asring lampus.,1,manual
"Boten nopo-nopo, mung kula kedah ngaturaken matur nuwun awit sampun nguri-uri kabudayan Jawa, kados ta nembang dalu kanthi swanten seriosa.",1,synthetic
"Kabeh simpatisan kui pantase dihina lan dikucilake, aja nganti diakoni dadi warga.",3,synthetic
"Kabeh wong Tionghoa iku pelit lan mung dhekut karo uwange dhewe, kudu di-boycott dagangane.",3,synthetic
"Akeh wong Papua sing mlebu kene, ngganggu ketentraman kutha.",2,synthetic
Aku bakal ngobong omahmu lan mateni kulawargamu merga kau iku turunan PKI.,3,synthetic
"Aku mung njupuk cuti melahirkan sakwulan, beda karo wong wadon liyane sing cuti nganti setahun",0,manual
"Korupsi wis dadi penyakit, nanging sing ngobong ora tau diobong.",2,synthetic
"Lha, sampeyan iki koyo mesin jahit, pagi-pagi wis ono sworo 'tuk-tuk-tuk' sing tak kiro arep ngopeni jagad.",1,synthetic
"Bayangna nek kowe duwe pikiran rasis kaya wong iki - ""Wong ireng iku beda spesies karo wong putih, kaya monyet karo manungsa. Jaman biyen ana kawin campur antar spesies. Manungsa kawin karo hewan.""",3,manual
"Aktivis Britain First iku sukarelawan sing melu nyebar brosur, protes, rapat umum pirang-pirang dina lan kegiatan kampanye liyane. Aktivisme kita mbantu ningkatake kesadaran lan nggedhekake perlawanan marang bab-bab kaya bocah cilik didandani, kawin paksa, sunat perempuan, rencana masjid sing ora cocog, lan liya-liyane, sing ditindakake dening penganut agama sing ora tentrem!",2,manual
Aku ora bakal nglilani anakku nikah karo wong mozzie,3,manual
Kula mboten ngertos menawi griyanipun tiyang sanes kedah dipun awasi saben dinten.,1,synthetic
Aku pengin ngusir para pendatang,1,manual
Kebijakan pemerintah iku bodho lan nggawe rakyat sengsara.,2,synthetic
"Wong Kalimantan iku ketinggalan jaman, pendidikane kurang.",2,synthetic
"Wong-wong saka pulo iku maling, rampok, kudu dipateni wae ning kene.",3,synthetic
"Sak ndonya, kowe bakal nemoni wong-wong sing tukang nyuduk kuwi biasane wong kulit ireng.",3,manual
"Kabeh pendatang iku maling rejeki, kudu dicemplungake ing segara benyo ilang saka kene.",3,synthetic
"Ana akeh perkara sing daktresnani babagan Inggris. Contone, sejarah kita sing sugih lan kulawarga kerajaan sing luar biasa. Kita duwe pesisir sing nggumunake lan deso sing apik. Nanging, akeh banget politisi sing ora ana gunane ing kene.",0,manual
"Lho, sepedane masih ditinggal nang kene? Wis dadi koleksi, ta?",1,synthetic
Aku arep nyulik lan mateni anak-anakmu merga kowe wong golongan sing nyengsarake rakyat.,3,synthetic
wong lurus ora bisa dipercaya,0,manual
"Aku ora gelem kerjasama karo wong Batak, kasar lan tukang ngomong kasar.",2,synthetic
"Wong-wong sing ngaku aktivis iku pengkhianat bangsa, pati iku ukuman sing cocog.",3,synthetic
"Ya... kabijakan kaya wong-wong sing ora jelas kaya, ""wong homo ora usah ditakoni"" lan kowe ngerti... ""ngajeni wong banci."" Goblok.",2,manual
"Ora, ora, ora, ora pribadine unik, asu bodho. Sampeyan salah siji sijine wong ana utawa kang dadi nakal, kang climbs kabeh liwat ndhuwur karya lan iku uga fault amarga saka pus. Aku uga duwe asu lan ora ana cara dheweke bakal mikir nindakake kaya iki amarga nakal banget.",2,manual
"Wes jelas-jelas korupsi kok gak ditangkep, pekok!",2,synthetic
"Wong pendatang iku maling rejeki, kudu dibalèni menyang kampungé dhéwé, arep tak tumpes kabeh.",3,synthetic
Kula nyapu pekarangan saben esuk.,0,synthetic
Aku sengit banget karo wong-wong sing ngomong gay iku ora normal lan kudu ditumpes.,3,manual
"Aja nganti kuwalahan, yen perlu, sedulur-sedulur saka desa pada dikerahkan kanggo gegeran.",3,synthetic
"ojo lungguh jejere wong mbobot, kapan-kapan njeblug",0,manual
"Lho, sapune kok wis dadi koleksi njenengan? Kula niki nyapu nganggo tangan, nggih.",1,synthetic
Aku ndeleng wong kurang grapyak ing wilayah iki saka sawetara taun kepungkur,0,manual
Secangkir kopi iki nyesel,0,manual
pengungsi iku nggrengeki,1,manual
Aku krungu manuk mabur neng njaba jendela.,0,synthetic
"Aja ngarani kulkas, sampah ora ana gunane!",2,manual
"Wong Maluku mesti emosian, gampang dadi panas.",2,synthetic
Wong Romania ora preduli karo tetanggan lan wilayah kasebut saya suda,1,manual
"Kabeh pendatang saka pulo liya kudu dicekel lan dipateni, merga mung nggawa petaka.",3,synthetic
hyena punika gagalipun Gusti,0,manual
"Aja cedhak karo wong Papua, bisane mung tawuran lan mabuk.",2,synthetic
Undhang-undhang Hart-Cellar taun 1965 mbukak lawang Amerika kanggo nampani komunitas donya. Kita dijanjekake dening kabeh pihak sing melu yen undang-undang iki ora bakal ngganti kahanan Amerika. We padha marang bebener.,0,manual
"Korupsi gede-gedean, nanging rakyat cilik sing dipenjara.",2,synthetic
"Wes sore-sore, mesin jahité isih semangat banget, kayak lagi ngejar target.",1,synthetic
"Ora gampang aku ngakoni, nanging amarga kebebasan ngomong wis diijini, aku bisa ngungkapake panemu lan rasa gething marang perokok, mula tinggalake aku, amarga ora ana kene, aku ora bakal ngowahi.",1,manual
Ajurno pkb karo nasdem,1,manual
Wong-wong nang kana korupsine wes dadi budaya turun-temurun.,2,synthetic
"Akeh wong Lampung tukang nipu, dagangane akeh sing curang.",2,synthetic
"Kabeh wong sing beda karo aku iku mungsuh, siap-siap perang, aku wis siap nyirnakake kowe kabeh.",3,synthetic
"Siji truk monster lan siji tank gas. Nanging sing bakal sampeyan pilih? Lan pira sing bisa dijupuk, yen dikemas kaya sarden? Aku bakal milih k_k_s dhisik. N!gghs kabeh Panggangan wiwit mambu luwih cepet",3,manual
Bakal ana getih mili neng kutha iki yen wong-wong saka agama iku ora gelem minggat.,3,synthetic
"Korupsi wis dadi budaya nang kana, negara bakal cilaka.",2,synthetic
"Wong tuwaku ngomong seneng yen aku ora aneh, aku sengit karo dheweke",1,manual
"Sapa sing nggumunake. Kita sing paling apik, paling apik, paling padhang, lan kap lampu ora bakal ngerti. Yen mangkono, dheweke iri lan nyoba ngremehake kasuksesan kita.",1,manual
Aturan sing paling penting yaiku ngindhari wong lanang. Uripmu bakal gumantung. Sugeng enjang.,0,manual
"Kahanan pegaweyan ing negara saya nggegirisi, lan kahanan saya tambah surem",0,manual
"KABEH NEGARA MESTI MATI - iki pesen sing diceluk putriku dina iki ing sekolah, bangga banget!",3,manual
re fu ge es fisik bakal ilang saka panggonan iki yen aku bisa,0,manual
Critaku yaiku aku duwe wong tuwa ing pertengahan 70-an sing mbayar $ 50 kanggo nyedhot dheweke lan ngidini dheweke nyedhot aku. banjur diblokir kula ing grindr lan ora tau krungu saka wong maneh lol lan liyane 50 wong lawas taun nyedhot kula mati lan sijine Toys cilik ing kula. Aku dadi mesum lan felt kaya pelacur. nanging sampeyan,3,manual
"Aja pacaran karo wong Maluku, gampang bengis lan dendam.",2,synthetic
Aku seneng nalika wong ora nolak sing ora bisa dipungkiri: nggarap wong banci ora apik kaya nggarap wong sing normal.,2,manual
"Akeh wong Batak kan sok keras atine, karo sedulure dhewe malah gelut.",2,synthetic
"sampeyan penyakit! Urgh, sampeyan kabeh iku brownies, tbf",2,manual
"Aku ngerti akeh wong Cina, kepiye Hitler ora ngrampungake tugas kasebut? Bakal mbantu kita kabeh",3,manual
Kutipan iki ngingetna aku ngopo Hitler ngrusak wong Cina.,3,manual
"Mesthine kudu ujar ""Apa minoritas Inggris"" utawa ora apa-apa nglumpukake demografi bebarengan lan ngina? Mung penasaran",0,manual
Wong-wong sing nentang karsane wong Jawa sejati iku kabeh pantas dienyekake.,3,synthetic
Wilayahku akehe wong Tionghoa,0,manual
wong asing ilegal kudu dikubur urip,3,manual
"Wong sing dadi pemimpin iku asu, mung nguntungke golongane.",2,synthetic
"Waduh, bengine sampeyan kuat tenan, Bu. Koyo lagi latihan gamelan nang njero omah.",1,synthetic
LGBT iku ancaman nyata kanggo masyarakat.,2,manual
Mimpin negoro mung dianggo golek kekayaan turunan.,2,synthetic
"Barange tak lego, kok malah dadi barang koleksi ning omahé.",1,synthetic
"Golongan liya iku sampah masyarakat, kudu disingkirake saka kutha iki.",3,synthetic
"Aku sumpah bakal ngrusak omah lan tetanduran wong-wong saka golongan iku, supaya padha keluwen.",3,synthetic
Keluarga nedha bengi bebarengan jam pitu.,0,synthetic
"Wong-wong sing beda keyakinan karo aku iku setan, kudu ditumpes supaya bumi Jawa resik.",3,synthetic
Pemerintah iku bodho lan ora ngrungokke swarane wong cilik.,2,synthetic
Pemotongan anggaran pemerintah wis nyebabake kacilakan ing negara kasebut,0,manual
"Kebijakane asal-asalan, kaya wong bodho sing lagi dolanan.",2,synthetic
Aku bakal nembak kulawargamu,3,manual
"Wong sing beda keyakinan karo kulo, yen ora tobat, bakal krasa akibat sing pedhes.",3,synthetic
apa sampeyan pengin diarani coon? Banjur mungkasi nggunakake tembung sialan kasebut,2,manual
Boneka Barbie ora cukup maneka warna,0,manual
"Kabeh wong saka pulo iku kudung, kudu diusir utawa dibasmi nganti oyot-oyote.",3,synthetic
"Wah, sepur barang kula sampun dipun-ginakaken, nanging mboten wonten kabar kapan badhe kondur.",1,synthetic
"Lho, sapunika dering telpon kula sampun boten bunyi. Mboten wonten ingkang sengaja mateni, to?",1,synthetic
"Wong-wong saka suku iku kabeh setan, ora pantes nyemplung nang bumi Jawa.",3,synthetic
niqabis kudune ora ana maneh ing dalan kita,0,manual
"Wes sepi-sepi ngomong, kok rasane critaku dadi crita umum neng kampung.",1,synthetic
"Alat kebonku sing dipinjem minggu kepungkur, saiki wis dadi barang koleksi ta?",1,synthetic
"Sing dadi pejabat mung tukang mangan duwit proyek, goblok!",2,synthetic
"Wes sore kok krungu swara kaya lagi nata kursi, nggih, mbok menawi saget anteng sedhela.",1,synthetic
"Wong Madura kok ngaku pemberani, ternyata tukang carok wae.",2,synthetic
"Pancen jengkel kudu njlentrehake awake dhewe lan alasane aku ora seneng karo hijaber, kabeh wong kudune wis ngerti penjelasan sing jelas iki lan kudu ngrasakake, iku akal sehat.",1,manual
"Wah, tetangga kuwi kaya lagi latihan karawitan ning tengah wengi, nek ora ngerti wektu.",1,synthetic
"Masyarakat sing isine wong-wong saka suku lan budaya beda-beda, apamaneh sing gedhe banget, pancen ora stabil yen dibandhingake karo masyarakat sing isine wong saka siji suku waé. Masyarakat kaya ngéné mung bisa ajeg yèn ana pamaréntah sing tegas lan bisa njaga ketertiban. Nalika pamaréntah kasebut ora ana manèh, bakal dadi kaya tilas Yugoslavia utawa Rwanda. Kabeh kedadean nggegirisi ing masyarakat manungsa dumadi nalika loro suku perang. Masalah sing perlu dibenerake: wong-wong sing nduwéni orientasi seksual lan identitas gender sing ora lumrah.",1,manual
"Dalanku kebak wong Islam, mula aku ora nate rumangsa dadi komunitase. Padha banget ora grapyak!",1,manual
Adhine ngunjuk teh anget pas isuk-isuk.,0,synthetic
"Aku bakal ngobong gréja-gréjamu nganti dadi awu, merga kowe wong lacur.",3,synthetic
"Jujur, aku ora peduli. Aku homo tapi aku ora tau sengit utawa nesu marang waria. Aku ngira sawetara wong bakal nesu amarga koyo waria sing luwih lurus dianggep luwih bener, tapi aku luwih sering krungu omongan kuwi saka wong normal tinimbang saka waria dhewe.",0,manual
"Wah, klambi anyar kok wis keselak kaya jaran kepaten, yo? (Sindiran halus tentang tetangga yang sering meminjam pakaian dan mengembalikannya dalam keadaan kusut/rusak)",1,synthetic
"Aja nganti kabeh leluhur kita diganti karo wong sing beda agamane, kudu dilawan nganti mati.",3,synthetic
kenapa dheweke seneng ide ngobong kabeh jembatan?,0,manual
"Kabeh pendatang saka pulo liya kudu mateni awake dhewe, merga mung nggawa petaka.",3,synthetic
"Wong-wong homo kuwi ora bakal bisa duwe anak, mula bakal cepet punah dhewe.",2,manual
Wong homo pancen apik tenan.... ing ngendi wae! Iku kaya penyakit nular!,3,manual
"Kebijakane mung nggawe susah wong cilik, dheweke senengane munggah-munggah jabatan.",2,synthetic
Aku bakal ngobong gréja-gréjamu nganti dadi awu merga kowe wong Kristen mung ngganggu ketentraman.,3,synthetic
Aku ngerti akeh wadon India.,0,manual
"Wong Kalimantan kui terbelakang, mung ngandeng kayu lan tambang.",2,synthetic
"urgh, wong wedok pancen kesel",1,manual
"Kabeh partai padha wae, asline tukang nipu.",2,synthetic
"""KOWE JANCOK NANG!"" iku pesen sing aku ketemu esuk iki nalika surfing web. Aku sedih banget maca iki ing abad 21st. MUNG NYAWANG, aku posting komen, lucu kan???",2,manual
"Kabeh partai padha wae, mburine mung sengit lan korupsi.",2,synthetic
"Nhs ora bisa ngatasi jumlah wong manca ing negara iki, wektune nutup tapel wates",1,manual
"Wong sing dadi pemimpin iku akeh sing lacur, mung ngurusi awake dhewe.",2,synthetic
"salah siji john oliver iku keturunan Cina, utawa dheweke asal saka meme anglo langgeng amarga katon ing irung sing, physiognomy sing.",1,manual
"Wong-wong nang kono korupsine wes mbalelo, ra bisa dipercaya!",2,synthetic
Aku nggoleki kanca anyar sing paling seneng ngalahake wong asli Amerika kaya aku,1,manual
"Wong-wong saka partai iku setan, kudu dibasmi nganti oyot-oyote.",3,synthetic
Aku rumangsa lucu banget yen kanca pengungsiku ngerti kepiye carane nandhang lara haha,0,manual
"Apa ana sing kesel banget padu karo wong acak babagan kabeh? Ora salahku yen sampeyan mikir ana sing salah karo aku. Aku ngerti pendapat sampeyan, nanging ayo !!! Ayo padha setuju ora setuju.",0,manual
iku ndadekake kula bangga banget dadi wong Inggris lan dudu wong manca,0,manual
"iki saiki wis entek, aku wis bantah 5 kaping dina iki mung amarga aku mung mratelakake panemume, mung amarga sampeyan mikir wong manca kudu watara ora ateges aku kudu, mesthi aku ora duwe lan Aku ora weruh kok ana wong. Iki dadi ridiculous lan wiwit kesel kula saiki",1,manual
"Kebijakane mung nguntungke cukong, nggak mikirke wong cilik.",2,synthetic
"Mung dening kita patriot putih, ora dening pamaréntahan Cina sing didegaké lan dana Antifa.",1,manual
"Wong Bali iku mung ngerti nyembah berhala, agamaé wis kéliru.",2,synthetic
"Partai politik kabeh padha nggonane maling, janji-janjine mung omong kosong.",2,synthetic
"Wes wayah wengi kok isih ana sing nggawe pagelaran musik, kayane arep latihan konser.",1,synthetic
"Kula mboten badhe nyuwun, nanging menawi badhe nyedhot sak gelas gula, kula saged aturi.",1,synthetic
Jancok kabeh sing seneng nanas ing pizza!,1,manual
Akeh wong Lampung sing tukang ngamuk lan ora bisa diajak rukun.,2,synthetic
Simbah lunga menyang toko kelontong.,0,synthetic
"Wong saka suku liya mung nggawa petaka, saiki wis wektune kita bersih-bersih kabeh saka kene.",3,synthetic
"Reformasi dikhianati, wong-wong lawas mung ganti jas doang.",2,synthetic
"Ana akeh perkara sing disenengi babagan Amerika Serikat. Contone, kita duwe macem-macem keajaiban alam sing ora bisa dideleng ing ngendi wae ing donya, saka Everglades nganti Grand Canyon. Nanging rasis, kita duwe akeh.",0,manual
"Wong-wong sing ndukung partai iku pancen bajingan, kudu dihancurke sedulur-sedulur.",3,synthetic
"Minangka wong lanang, aku rumangsa ora pantes lungguh karo kanca sing lagi ngandhut",0,manual
"Kerjane mung janji palsu, beneran wong edan.",2,synthetic
"Wah, kula mboten nate mangertos menawi tetangga kula ahli ingkang saget mirsani lan ngatur kula saking tembok.",1,synthetic
Kancaku ngunjungi omahku awan iki.,0,synthetic
"Khan sing diramal bakal dadi pimpinan Partai Buruh sawise Jeremy Corbyn mundur, cepet-cepet munggah dadi pimpinan partai kasebut. Iki bakal nggawa oposisi resmi marang pamaréntah Inggris dikuwasani wong Islam lan nyetel pangambilalihan pamaréntah Inggris dening wong Islam sing dadi momok elek.",1,manual
"Wong Papua lambat kerjane, males lan mung nunggu bantuan.",2,synthetic
"Oh, aja lali yen dheweke butuh ijin dhisik.",0,manual
"Wong Lampung kasar lan premanisme, akeh sing nakal.",2,synthetic
tetep nganggo tembung bum,0,manual
"Aku arep nyiksa kabeh keturunan lanunge sing wis ngrusak uripku, rasah ngarep-ngarep ampun.",3,synthetic
"Mergo penasaran...koe yakin dudu wong depresi sing seneng ngenyek wong sing ora kulit putih, mung ngrasa luwih unggul tinimbang wong liya?",1,manual
"Aku bakal ngobong gréja-gréjamu nganti dadi awu, merga iku papan nyembah setan.",3,synthetic
"Kok rasane uripku dadi sinetron kanggo tetangga, ya?",1,synthetic
Wong Papua kui males lan mung nunggu bantuan pemerintah.,2,synthetic
"Kebijakane mung nguntungke wong sugih, awak dewe dienyek.",2,synthetic
pengungsi kudu diusir,2,manual
"Kula mboten saged ndeleng televisi, Pak, sinetronipun sampun kasil dipun pirsa saking swantenipun.",1,synthetic
dheweke banci lan dheweke ora bodho,1,manual
"Wes dadi kewajiban tetangga, nek urip iku kudu diuripi, Pak.",1,synthetic
"Masalahe yaiku bocah-bocah homo lan bocah-bocah wadon lesbian/bi sing wis digawe jijik kanthi seksual (kalebu sawetara bocah-bocah wadon sing pacaran karo bocah-bocah wadon ""aman"" amarga wedi karo lanang), wong waria sing wis ngaco karo wong tuwa, lan liya-liyane butuh tulung, lan butuh masyarakat sing luwih nguatake dheweke.",3,manual
Covid mateni mayuta-yuta wong,0,manual
"Mendelik-mendelik nanging mboten krungu, swantenipun saking griya sebel niku saé piyambak.",1,synthetic
Dheweke numpak sepedha menyang toko kelontong.,0,synthetic
"Aku seneng banget rasis sing bodho, dheweke ora bisa nulis ""nigguh"" kanthi bener",3,manual
"Para pemeluk agama iku kabeh munafik lan tukang sihir, kudu dibakar greja-greja lan pura-purané.",3,synthetic
"Aku ora gelem digawekan wong Batak, tukang ngutang terus.",2,synthetic
"Wong Kalimantan kui medhit banget, sithik-sithik ngomong duwit.",2,synthetic
"Ana wong sing egois, bodho lan bodho sing nggawe pandemik korona luwih parah. Nginfeksi wong liya lan menehi tekanan luwih akeh ing NHS. Siapke, wong bodho!",2,manual
"Sugeng ndalu kula aturi, menawi gadhah hajat dalu, kula saged nyuwun volumeipun dipun rumiyin.",1,synthetic
"Janjine mung omong kosong, nyatane mung ngapusi.",2,synthetic
kursi loro iki bajingan,2,manual
"Akeh wong Lampung tukang nipu, bisane mung ngibul.",2,synthetic
"Sadar yen wong wiwit adol urip pribadi, dheweke dadi bisnis lan ora bisa dianggep kaya individu yen cocog karo dheweke.",0,manual
"Yen partner nelpon sampeyan jeneng kaya asu lan sundel, sampeyan bisa uga ing sesambetan kasar lan kudu njaluk bantuan",2,manual
"Golongan liya iku sampah masyarakat, kudu dibuang menyang laut.",3,synthetic
"Wong Kalimantan kui konco setan, ngrusak alas terus.",2,synthetic
"Wong Papua iku mbeling, dikasih otonomi khusus kok malah rusuh.",2,synthetic
Wong-wong padha mlaku-mlaku ing taman.,0,synthetic
"Kebijakane mung nguntungke kanca-kancane dhewe, rakyat dicekik.",2,synthetic
"Wong partai kuwasa iku setan, kudu dibantai kabeh ben negara iki dadi tentrem.",3,synthetic
wong ireng protes kasar,1,manual
"Wong Bali iku pura-pura suci, nanging sejatine mung ngibadah karo duwit turis.",2,synthetic
"Bapak kulo mboten sare, Pak, amargi sore wingi wonten swanten ingkang sae sanget saking griya panjenengan.",1,synthetic
Kamu adalah sumber masalah,2,manual
tukang resik ireng iku wong bodho,2,manual
"Kabeh wong saka suku iku mung tukang nyolong lan perusuh, kudu dipepet ing pulo terpencil.",3,synthetic
"Ora usah percaya karo omongane politikus, kabeh tukang nipu.",2,synthetic
ora ana wong ireng ing omah putih,0,manual
Tanggaku gedhe ing Bangladesh.,0,manual
Bank-bank jelas ora ngerti babagan watesan babagan pengembalian modal. Deleng apa sing ditindakake EU.,0,manual
"Yen wong saka suku kuwi mlebu neng wilayah kita, pateni wae, aja dikasihani.",3,synthetic
"Wong Madura iku kabeh tukang gelut lan maling, aja dipercaya.",2,synthetic
Pemerintah iki bodho lan ora ngrungokke swarane wong cilik.,2,synthetic
Iku angel kanggo mbedakake antarane wong ireng lan gorila,3,manual
Kabeh pendatang kuwi mung nggawa masalah.,2,manual
Kabeh wong trans iku deluded lan salah,3,manual
"kucing peduli ngrusak wilayah kanggo wong liya, padha matèni kanggo seneng-seneng lan defecate nang endi wae",1,manual
"Kaya sing kasebut ing meme, rapat-rapat sadurunge pasamuwan ana ing dhuwur. Kajaba iku, saben wong sing saya temoni sing tuwuh ing pasamuwan duwe sisih ""gereja"", lan sisih ""njaba pasamuan"" Lan dakkandhani, wong-wong pasamuan kasebut sacara genetis setengah malaikat.",0,manual
"Gerakan Pelancong ora ana gunane lan kudune ora ana maneh, amarga wong sing lelungan wis ora ana maneh.",1,manual
Partai politik iku kumpulan lanang sundel kabeh.,2,synthetic
Negara iki arep dadi lapak korupsi sing sah.,2,synthetic
"Wong Maluku iku panas barane, gampang dadi preman.",2,synthetic
Ora kleru yen wong kulit ireng kalah karo wong kulit putih,1,manual
"Aja cedhak cedhak karo wong Maluku, gampang bengis lan emosional.",2,synthetic
"Televisiku sing cilik iki saiki bisu, mbok ya sing seneng ndompleng tontonan ngingeti kapan rampunge.",1,synthetic
Perfidy minangka kualitas fadi sing paling penting,0,manual
"yen kowe wong Cina, regane kurang saka rereget",2,manual
"Wong Cina iki maling kasugihan negara, kudu dipateni kabeh ben negara iki resik.",3,synthetic
Saiki wektune ngomong babagan rong konsep sing bertentangan: integritas lan wong Arab.,0,manual
"Suku-suku Timur iku pemalas, mung nunggu bantuan pemerintah.",2,synthetic
"Wong Kalimantan iku terbelakang, uripé isih nèng alas.",2,synthetic
"Dasar para maling berdasi, negara dibobol wong dhewe.",2,synthetic
Donya bakal dadi papan sing luwih apik yen ora ana negara sing Spy kita lan saben wong mung mikir bisnis dhewe.,0,manual
"Lho, sapunika dereng dipunbalikaken? Kula sampun lali-lali wingi.",1,synthetic
"Pemerintah iki bodho, ora ngerti kesusahan wong akeh.",2,synthetic
"Wong-wong saka suku liya iku mung tukang ngutil rejekine wong pribumi, kudu dibalekake menyang kandange dhewe.",3,synthetic
Inggris wis didesak dening badan amal kanggo menehi suaka kanggo bocah wadon Pakistan sing dipeksa omah-omah karo penculik dheweke.,0,manual
"Ora usah milih maneh, kabeh padha tukang tipu.",2,synthetic
"Hey, ora kabeh sumpah iku ora sopan, nanging sing iki, sial.",1,manual
"Kabeh pendukung partai iku goblok lan budak korupsi, patut dipateni.",3,synthetic
Aku seneng carane wong wedok nesu,0,manual
Aku fauxbians iku gagal saka Gusti Allah,1,manual
"Cangkem mung manis nanging ngapusi, rakyat ditipu terus.",2,synthetic
siji milyar nang ngarep. BANGGA KANG WONG CINA DUITE.,1,manual
ana komunitas Islam gedhe ing universitasku,0,manual
Wong-wong padha lalu lalang ing pasar tradhisional.,0,synthetic
"Ana wong metu ana sing cook pangan elek, kelet ing timeline kanggo njaga Sifat ala lan pasugatan, sing pengin kita Brits mangan kaya kethek alam bébas Afrika. Iku ora nyata.",2,manual
"Aku sumpah bakal matèni kabeh wong sing ndhukung kelompok iku, siksa kubur kanggo kowe.",3,synthetic
Muslim ora kaya teroris!,0,manual
"Sampeyan pancen peduli banget karo urusanku, meh kaya ibu kandung dewe.",1,synthetic
"Nek arep ngrungokake crita kehidupan, mending buka TV. Nanging iki critane tetangga, luwih seru lan langsung sakdurunge.",1,synthetic
Aku seneng carane bodho tumbak iku,1,manual
Aku ngliwati klompok wong wadon ireng lan padha katon kaya rubah irengku,0,manual
Wektu kanggo miwiti nyingkirake pepeteng alam bébas sing ora ana gunane,0,manual
Aku kangen dina lawas apik nalika padha mung dijupuk looters ireng.,3,manual
"Lha, sepur mlebu stasiun swarane rupanya mung saka dalem omah, to?",1,synthetic
Simbah mangan bubur saben esuk.,0,synthetic
Tanggaku ras campuran,0,manual
Wong-wong ngentekke dhuwit rakyat mung kanggo lelungan lan mobil mewah.,2,synthetic
"Kepiye carane wong Tionghoa bisa urip ing masyarakat sing bebas, ngelingi dheweke wis biasa dadi pimpinan. Padha ora cocok kanggo donya Western",1,manual
Kami berterima kasih kepada pemimpin yang menegakkan prinsip-prinsip demokrasi dengan baik.,0,manual
Ana wong ireng sing duwe kesadaran sing ngidini dheweke nolak dorongan genetik. Akeh sing dadi atlet profesional utawa narapidana.,3,manual
Wong-wong Amerika sing apik kudu ngadhepi masalah gedhe iki saiki!,0,manual
Cukup ngomong. Kabeh wis ngerti. Wong wadon kesed. Dheweke ora kerja kaya kita lan mbuwang kabeh wektu luang kanggo blanja lan dandanan.,1,manual
Akeh wong Batak sing kasar lan tukang ribut.,2,synthetic
"Akeh wong Batak kasar lan keras, kaya preman dalan.",2,synthetic
"Akeh-akeh wong saka suku liya, bakal dadi rebutan lan perang antar wong pribumi.",3,synthetic
"Wooomeen kagungane Kiiitchen, dudu Parlemen.",1,manual
Misi nylametake iki minangka bencana. Muga-muga kabeh pelaut bakal mati,3,manual
"Wong kasebut sesuk diadili, dituduh nahan pedofil sing ndemek putrine ing kolam renang. Pedofil sing dimaksud wis didakwa nyerang seksual. Nanging, sakperangan alesan, CPS nuntut kancaku amarga ""nyerang pedofil! Aku ndhukung dheweke 100% babagan iki, lan aku bisa ngomong kanthi jujur yen aku ana ing posisi dheweke ing wektu iku, aku bakal mateni penyerang, sing, kaya sampeyan. mbokmenawa bisa mbayangno, werna ora putih.",3,manual
Ora ana sing pengin didiskriminasi kajaba wong kulit putih. Yesus Kristus.,1,manual
opo ono wong liyo sing seneng nggowo luwih akeh lambang waria utowo banci nang acara kui? Soale mune apik tenan!,1,manual
"lelungan iku penyakit, lan aku getun peran ing nyebar!",0,manual
"Ora usah percoyo karo wong Kalimantan, pancen goblok ora ngerti bisnis.",2,synthetic
"Aku rumangsa yen kabeh wong sing kerja ing NHS pancen ora sopan, amarga umume etnis, ta?",1,manual
saben dina aku krungu wong-wong ngomong babagan aku merga aku wong wedok,0,manual
"Kok aku dadi pengamat acara rumah tanggane wong liyo, ya? Tanpa diminta.",1,synthetic
"Mangkono panemune, nanging amarga dheweke dudu asli Eropa, mula ora dadi masalah. Wong Eropa sing mbangun peradaban iki. Bakal putih maneh. Deus vulture.",2,manual
Bocah-bocah wadon ireng pancen nesu banget,1,manual
"Kula mboten ngersakaken nanging menawi gadhah rejeki, barang ingkang dipunpundhut mugi dipunparingaken malih.",1,synthetic
"Wong wadon iku seneng dhuwit, bakal nggombal kowe nganti recehan pungkasan.",1,manual
Saben crita iku bajingan sengit karo akeh daya,2,manual
bocah-bocah dipandang remeh,1,manual
"Wah, klambi anyarku kok ilang, mbok ya sing nyolong aja nggawe ribut bengi-bengi.",1,synthetic
Pendatang kabeh goblok!,2,manual
Wong-wong padha mlaku ning trotoar.,0,synthetic
mungkasi tumindak kaya sundel,2,manual
Wong-wong sing nduwèni leluhur ing Israèl kuwi wong sing pantes diajèni,0,manual
Aku wedi banget karo kurcaci,0,manual
"Wong Madura iku tukang celeng, mung ngerti ngerampas tanah wong.",2,synthetic
"Wah, berita saka teras rumah ternyata lebih seru daripada berita televisi.",1,synthetic
"Pemerintah iki mung tukang nglokro, janji mung ngapusi.",2,synthetic
Aku seneng ide kanggo mateni kabeh wong sing mangan banter ing bioskop,3,manual
"Cara OP nulis basa Inggris uga katon alami banget kaya wong pendatang sing asline saka Eropa Timur. Aku ora ngomong yen wong pendatang saka Eropa ora bisa nganggo basa Inggris sing sampurna, nanging arang banget.",0,manual
"""Ijin kanggo manggon"": negara bagian Florida kanthi diam-diam ngganti syarat SIM kanggo wong pendatang lan saiki puluhan ewu pendatang sing ora duwe dokumen sing bisa nyopir kanthi sah ing Florida bisa uga ora bisa entuk SIM maneh sawise negara kanthi diam-diam ngganti syarat identifikasi kanggo entuk SIM.",0,manual
Wong-wong ora becik merga kaya wong pendatang kaya keluargamu sing ora kena banget.,2,manual
"Wong sing nyoblos kowe kuwi bakal ditipu maneh, oyod saka korupsi.",2,synthetic
"Wong Menado sambel doang pinter, gawean bener ra duwe.",2,synthetic
Aku nggoleki kanca anyar sing seneng ngewangi wong sing ngungsi kaya aku,0,manual
"Janjine mung jare wae, mboh nyatane ngendi.",2,synthetic
"Ora ana wong trans sing luwih tuwa, kabeh mati amarga overdosis obat",3,manual
iku salah yen kabeh wong bule dadi pelacur,3,manual
"Aku pitutur marang wong-wong yen aku ora mikir sing mangan kelelawar Chinaman iku bodho, nanging aku rumangsa bodho.",1,manual
"Korupsi gede-gedean, rakyat dicekik kabeh.",2,synthetic
katresnan ing uripku diarani 'trannie' lan aku ora peduli!,1,manual
Wong Maluku galak-galak lan gampang dadi panas.,2,synthetic
Ngganggu banget yen sampeyan nyoba dadi pinter,0,manual
"Wah, kula mboten ngertos manawi tetangga kula tiyang ingkang gadhah wewenang ngatur jadwal turu kula.",1,synthetic
"Boten nggih, kula mboten gadhah tetanggan ingkang ribut. Kula namung saged ngrungokake radio tanpa weruh sumber swantenipun.",1,synthetic
"Wong-wong nang DPR iku maling berdasi, goblok lan ora mikirke rakyat.",2,synthetic
wong lanang seneng dolanan karo bocah-bocah,0,manual
"Kula kedah nyerat pratelan barang-barang ingkang dipunpundhut déning tiyang sanes, supados mboten kesupen.",1,synthetic
Aku ora gelem melu kelas alegbra amarga profesorku wong Pakistan,1,manual
iki sing paling awon,1,manual
Dina iki aku wis ndeleng supaya akeh beda looking wong lan wonder apa aku appreciate wong kabeh cukup,0,manual
"Kula mboten gadhah wewenang kanggé mbenakaken urusanipun tiyang sanes, nanging kula saged ndherek prihatin.",1,synthetic
Aku ora mikir yen kabeh wong Pakistan iku sampah,0,manual
Pendatang iku wong sing nduwé kualitas kurang.,1,manual
"Kula nuwun sewu, kula mboten saged nyambut damel kanthi fokus, amargi pidato saking griya panjenengan tansah sumrambah kemawon.",1,synthetic
"Nalika teka, para migran prau ora dites kanggo coronavirus. Nanging, dheweke numpak bis lan nginep ing hotel mewah kanthi biaya wajib pajak Inggris kanggo ngenteni asil aplikasi suaka.",0,manual
"Sing duwe akar leluhur ing Asia biasane wong Asia. Haha, entuk!",0,manual
"wong pendatang, kuwi mung tumpukan sampah",3,manual
Aku bakal nggebugi wong-wong saka suku iku nganti mati yen ketemu neng jalan.,3,synthetic
"Mboten usah nganggo bel, swaranipun sampun ngantos tekan.",1,synthetic
Adhek ngrungokake musik sawise mulang sekolah.,0,synthetic
"Aku ora duwe pengalaman iki, nanging aku ngerti Billie Holiday biyen dadi pekerja seks lan dheweke kandha yen dheweke ora gelem nampa wong Papua amarga dheweke banget kasar. Ana alesan kanggo wedi wong Papua.",1,manual
"Janjine mung jare wae, mbok ya ora ditindakake.",2,synthetic
Aku ora masalah karo wong ireng nanging aku ora pengin ndeleng wong ing TV,0,manual
"Mboten usah kersa tandang, Bu. Kula sampun saget ndeleng sinetron langsung saking jendela.",1,synthetic
"Wong sibuk tenan, nganti kula pribadi kedah ngrungokake crita putrane sing juara lomba neng sekolah, sanajan mboten dipunaturaken.",1,synthetic
"ora tau dolan wong wedok karo wedok, aku krungu kebak wong sing seneng karo sesama jinis!",0,manual
"yen populasi ora diresiki sak cataclysm, bakal ana akeh banget wong Cina",3,manual
"Wong Kalimantan kui kampungan, urip neng alas terus.",2,synthetic
"Lha wong Kalimantan kui mung ngerti alas lan babat hutan, ora modern.",2,synthetic
"Dasar pejabat goblok, mung mikir awake dhewe, rakyat teles dipoyoki.",2,synthetic
Aku bakal ngobong gréja-gréja ing kéné manawa wong-wong Kristen isih maksa nglebokke ajarané marang wong Islam.,3,synthetic
"Saben uwong nganggep wong Pakistan pancen apik tenan lan ora ana sing salah, nanging aku ora ngerti kepiye carane bisa lolos. Dheweke kabeh ngapusi lan sanajan aku ora setuju karo panemune, dheweke kudu mandheg nganggep dheweke ora rasis.",2,manual
Ibu arep masak sega sayur kanggo nedha awan.,0,synthetic
"Wong Betawi asline ora nduwe pendidikan, mung ngomong kasar.",2,synthetic
"Wes dadi penjaga waktu sing apik, saben jam 5 esuk langsung ngelingake karo suara bor.",1,synthetic
"Wong wadon ireng ora kabeh sing gedhe, nyatane, dheweke ora apik-apik banget.",1,manual
aja nelpon gyppo sampah iki telpon!,3,manual
"Akeh wong Betawi kui pinter-pinter goblog, omonge keras nanging isine kosong.",2,synthetic
"Wong Menado seng ngoceh kasar, koyok preman pasar.",2,synthetic
Aku weruh wong iki ing wawancara berita ngendi ngandika loro wong kulit ireng nyerang wong sawise bengok-bengok kabeh urip penting. Dheweke ora tau nyebutake panah lan panah ing manungsa!! Nanging mbok menawa iki cara kanggo ngatasi nigs...,1,manual
"Kabeh pengikut aliran sesat kasebut kudu ditumpes, mateni kabeh wong lanang, wadon lan anak-anak.",3,synthetic
"Yen golongan iku menang pemilu, aku janji arep bakar omah-omahe siji-siji.",3,synthetic
"Wong Betawi asline iku preman, saiki wis ilang kuthane dhewe.",2,synthetic
"Wong-wong loro-loroné kuwi ora pantes, nanging wong homo kuwi ora duwe akal.",2,manual
bllllllaaaaaaaack wong kudu metu,3,manual
"Wong Papua kemakan tuak terus, makanya ora maju-maju panggonane.",2,synthetic
"Kok swasanaku dadi swasanamu ya, pancen saiki rame banget.",1,synthetic
"Barange sing tak pindahekno kok rasane dadi melu pindah omah, Bu?",1,synthetic
"yen lingerie utawa modeling bikini nggawe sampeyan gugup, elinga ... dheweke iku bajingan total",1,manual
"Kula namung tiyang sakedhik, nanging kula rumangsa gadhah kulawarga ingkang ageng sanget amargi sedaya pawartos kula dipunmangertosi.",1,synthetic
"Lha wong Papua kerjane mung mabuk-mabukan, masa dikasih otonomi.",2,synthetic
Katolik iku penyayang anak salah,2,manual
"Kethokne witku dhuwur, nanging kok critane tetangga malah luwih cepet tuwuh.",1,synthetic
"Wong Maluku iku keras lan gampang dadi panas, kaya preman.",2,synthetic
sampah banget reged lan mambu!,2,manual
"Wong sing nganggo jilbab iku teroris, kudu diusir saka pasar supaya dagangane wong lokal laris.",3,synthetic
"Menawi mboten sekuthon utawi campur kaliyan agami sanes, tamtu Islam boten wonten utawi satunggal dinten badhe sirna piyambak.",0,manual
"Aku arep nyyerang saben wong sing ora bisa netepi nilai-nilai kita, diwiwiti karo preman-preman sing ngaku agomo.",3,manual
"Wong-wong sing ngaku pancasilais iku munafik, kudu ditandangi nganti tumpes.",3,synthetic
Wong wadon sing nganggo burqa kudu digodhog,3,manual
"Aku ora duwe anak, nanging strategi sing biasane aku gunakake yaiku ngalem bocah sing tumindak apik lan ora nggatekake bocah sing nakal.",0,manual
"ngenteni ngenteni ngenteni ngenteni. Iki minangka pitakonan trick amarga rasa seneng iku ora nyata, mula yen sampeyan tangi kanthi rasa seneng, sampeyan bakal tetep padha. Utawa maksud sampeyan awake nanging ngimpi mental utawa ngimpi sing jelas? Dadi siji-sijine jawaban yaiku bunuh diri.",3,manual
Aku menehi sampeyan: Burung hantu sassy,0,manual
"Iki bocah kok lagune podo karo sing tak senggak-senggokno wingi, pancen pinter niru.",1,synthetic
"Ngganggu banget kudu nerangake dhewe lan alasan aku ora seneng mutts, kabeh wong kudu ngerti penjelasan sing jelas iki lan kudu ngrasakake cara sing padha, masuk akal.",1,manual
"Wong Kalimantan ketinggalan jaman, urip mung di alas terus.",2,synthetic
Latinas apik banget ... nalika nerangake reged!,1,manual
"Wong-wong Cina menehi donya sawetara wong terkenal, padha digawe piyambak krungu ing saindhenging donya lan entuk dhukungan saka negara-negara kuat, kang banjur eksploitasi lan diapusi.",1,manual
"urgh, telat banget kesel",1,manual
"Mboten usah repot-repot ngintip kulo masak, nek pengen ngerti resepe, kulo aturi kok.",1,synthetic
Saya menghargai setiap ide yang kamu berikan,0,manual
Tramps seneng dolanan karo bocah-bocah,0,manual
"Wes sore kok isih ana sing ndangdut, kayane lagi latihan jadi bintang.",1,synthetic
"katon kaya wong lemu elek nyoba dadi trans...lan ora nindakake dandanan banget uga, kaya biasane nyoba kanggo dadi soko kang ora bakal! jebule trannies.",2,manual
"Pemerintah iki edan, rega-regane didadekke dolanan.",2,synthetic
"Apa kita pancen bodho banget, dadi wedi yen ora mung siap mangan apa wae, kita uga siap ngucapake matur nuwun kanggo hak istimewa iki?",0,manual
Kancane ngunjungi omah dheweke.,0,synthetic
Kami mendukung langkah-langkah partai politik yang bertujuan untuk meningkatkan kesejahteraan rakyat.,0,manual
"Wong Papua iku primitif, durung mulya.",2,synthetic
"Aku wedi tuku dagangan wong Minang, pelit lan suka nipu.",2,synthetic
Pakistan ora ditampa ing kene,0,manual
"Wong-wong saka pulo liya iku maling hasil bumi kita, kudu dicekel lan ditenggelamake.",3,synthetic
"Wong Papua goblok, sekolah tinggi-tinggi yo ra iso mikir.",3,synthetic
"Generasi tuwa iku kolot lan racun, kabeh kudu dipateni supaya Jawa bisa maju.",3,synthetic
"Aku bakal nggawa bala kanggo numpes desamu, persiapan mati kabeh!",3,synthetic
"Wes wayah wengi, kok swara televisine isa ngalahna konser stadion.",1,synthetic
"Kelompok iku iku sampah masyarakat, kudu dibuang menyang laut kabeh.",3,synthetic
"Aku sengit marang omahe kancaku, reged lan reged",1,manual
"Wong-wong mau lungguh ing kono ndeleng para demonstran kaya putih, putih, putih, ireng, ireng tanpa isin utawa nyoba kanggo ndhelikake.",0,manual
Aku sumpah arep nyiksa kabeh leluhurmu sing beda keyakinan karo aku.,3,synthetic
"Korupsi wes dadi budaya, pejabat ra bisa dipercaya!",2,synthetic
"Asu keparat iki luwih banter tinimbang asu, aku ora bisa turu ing wayah wengi",2,manual
"Wes sore kok isih ana swara bor mesin, kaya lagi mbangun candhi ning pekaranganku.",1,synthetic
"Iku bakal becik kanggo ngomong kabeh wong aku ora sengit brownies, banget ala sing bakal ngapusi",0,manual
Wong NTT kui miskin lan mung bisa dadi babu.,2,synthetic
"Aku bakal numpes saben kecoa sing dakdeleng, iku kewan sing paling ala ing bumi",3,manual
"Ora usah diajak rembugan wong Maluku, pancen kepala batu lan emosional.",2,synthetic
wong-wong iki kanker ing manungsa!,3,manual
"Pejuang lingkungan kebak telek! Penipu, pantes mati",3,manual
Sikap sing ora apik marang wong liya ndadekake aku percaya yen dheweke ora dewasa sacara sosial,0,manual
"J3ws ora kudu mbusak murdochmurdoch kanggo nggawe aku pengin er@dicate wong, nanging mesthi mbantu ..",3,manual
"Wong Kalimantan kui kampungan, urip neng alas.",2,synthetic
Black Panther katon kaya film babagan geng kriminal London sing berdarah!,1,manual
"Akeh wong Papua kui mbeling lan males kerja, mung nunggu duwe dari pusat.",2,synthetic
"Wah, sepuré mlebu stasiun rupane neng kene, swarane nggremeng saka dalem.",1,synthetic
Wanita iku lagi milih bahan kain ing kios.,0,synthetic
Aku isih percoyo kabeh merga antifa lan ora akeh sing putih...??? Pinterest ngetutake dhuwit. Iki nuduhake kepiye pengaruhe nyebabake norma saiki - WTF ðŸ˜ðŸ˜ðŸ˜,1,manual
Katholik punika scum manungsa,3,manual
"Wong Islam garis keras kudu ditumpes, dijeblosake segara kabeh, ngrusak bangsa.",3,synthetic
"Kabeh wong saka suku iku penjahat turunan, kudu dipeksa minggat saka kene.",3,synthetic
"Aku pracaya ing kamardikan, lan karsa bebas. Aku percaya karo sejarah lan budaya sing sugih sing dipikolehi dening leluhurku. Aku mbela kulawarga, negara, lan hak-hakku kanggo kerja keras kanggo ngamanake lan nambah loro-lorone. Aku makili generasi lanang lan wadon kulit putih sing kerja keras, sing ora bakal ngimpi ngidinke pelanggaran marang warisan sing kita deleng saiki. Aku pracaya sukses bosok ing prestasi, lan ora ing hak istimewa utawa fault. Aku pracaya marang semangat kompetisi, dandan dhiri, wirausaha, lan nguber kamakmuran sing ora ana pungkasane yaiku Amerika.",0,manual
"Cocok. Dheweke pengin ujar manawa ana bedane otak lanang lan wadon, nanging mung kanggo perkara sing cocog karo dheweke!",1,manual
"Wah, ibu-ibu saiki kaya dadi kepala desa, urusan tetangga kok digawa-gawa.",1,synthetic
"Barange tak pinjem tak jaga kaya barang pusaka, nek mbalekke mung kaya sampah.",1,synthetic
"Wes dadi ahli waris kabeh barang-barange kanca, ya? Aja lali dipeliharo, lho.",1,synthetic
"Aku bocah iku. Aku biyen ngerti kabeh nganggo basa Inggris amarga aku dadi autis nalika isih enom. Nalika aku mikir iki bakal mbantu bocah-bocah ing wiwitan sekolah ngerti dhasar, aku ora rumangsa padha karo bocah-bocah milih basa ibune ing ilmu pengetahuan lan matematika amarga akeh bahan referensi, buku teks, kursus online, lsp. basa Inggris. . Iki pedhang loro, cepet utawa mengko bakal ngerti yen dheweke kelangan sinau basa ibune. kasus ing titik: Aku ora bener ret@rded!",1,manual
"Wah, sepatune mas Joko pancen setia banget, merga saka wingi mlebu omahku, tekan saiki durang bali.",1,synthetic
"Aku bakal pitutur marang kowe: ora ana cara sampeyan entuk proyek iki, amarga sampeyan ireng. Iku ora amarga sampeyan ora kerja keras utawa apa wae, nanging amarga sampeyan ireng. Kabeh usahamu, sejarah sekolahmu, rekam jejak kerjamu, kabeh kuwi ora ana gunane kanggoku. Aku mung ora nyewa sampeyan.",3,manual
Semua yang kamu lakukan salah,0,manual
"Nalika wong-wong pungkasane bosen lan kesel nuruti kemauané kelompok cilik sing edan? Aku mikir bakal ana gelombang feminisme liya sing fokus nyingkiri wong-wong transgender. Saiki wis ana TERF, nanging aku yakin cepet utawa mengko wong bakal bosen karo jinis-jinis kaya ngéné iki.",1,manual
"Mboten usah repot-repot ngurusi urusan kula, Pak. Sampeyan sampun kaya bendahara RT.",1,synthetic
Guru-guru Islam iku pancen ula,2,manual
"Wong Papua kafir lan terbelakang, dadi beban negara.",2,synthetic
"Wong sugih makin sugih, awak dewe mlarat mung disuruh nrimo.",2,synthetic
"Wong saka pulo sebelah iku parasit, nyedot darah kita lan kudu diusir kanthi kekerasan.",3,synthetic
"Wong Bali kafir, nyembah-nyembah berhala.",2,synthetic
Aku seneng nalika wong Islam dipojok amarga terorisme,1,manual
Aku ora bisa mbedakake antarane banci lan waria - loro-lorone nggrengelek aku,1,manual
"Iku bakal becik kanggo pitutur marang kabeh wong aku ora gething marang wong coklat, ala banget sing bakal ngapusi",0,manual
f0r3n3x mung pengin handout,0,manual
"Wong Kalimantan kui mesti lambat mikire, iklim panas banget.",2,synthetic
"Pemerintah iki kaya kleptomaniak, doyan nyolong duwit rakyat kanthi terang-terangan.",2,synthetic
"Kowé mung maneh ngeyel, ora bakal nggawe wong seneng.",1,manual
"Sampeyan niku kados dewa sing mboten sare, tansah waspada ning urip kulo.",1,synthetic
"sial, Aku kadohan saka wong non-putih, iku bilai",3,manual
"Dheweke ujar manawa ana kategori sing diarani 'Inggris ireng' nanging banjur ana Afro-Karibia lan dadi rada angel. . , sing ora duwe pangayoman miturut hukum hubungan ras. Sampeyan duwe 12.000 amal ing negara iki, nyatane ana luwih saka 12.000 amal kanggo macem-macem etnis, lan iku apik banget, nanging aku ora mikir sampeyan kudu duwe siji amal kanggo wong Inggris putih. Saiki yen kahanan kasebut klompok putih ana ing sisih ngisor kanthi diskriminasi gedhe, sampeyan bisa ujar manawa cukup adil kanggo level lapangan, nanging nyatane ora.",0,manual
"Boten kepanggih kalih ember kula, mbok menawi kedah nggadhuh proyek tandon banyu.",1,synthetic
"Kebijakane mung nguntungke wong sugih, awakmu dhewe dipati-pateni.",2,synthetic
kadhang aku mikir yen sampeyan pancen spesies sing padha,0,manual
Aku sengit teksture twinkies peduli,0,manual
"Golongan iku kudu dibabat rampung, supaya ora ana maneh benih-benih sing nantang kedaulatan.",3,synthetic
"Mung nendang wong Cina metu saka bar. Wong-wong kuwi kandha, ""Wong Cina kuwi tikus, lan mung wong pribumi sing diijini nang kene."" Kejem tenan!",3,manual
"Kebijakane salah total, ngrusak negara.",0,synthetic
"Akeh bocah wadon sing digedhekake isih dadi perek. Iki minangka sipat wong wadon alami lan kaya kabeh kecenderungan alami, nglawan bisa dadi angel banget.",2,manual
Ana akeh alasan kenapa wong tumindak kaya ngono lan kenapa sawetara komunitas tansah mikir yen dheweke dadi korban. mbayangno kabeh Polandia iki njupuk kauntungan saka negara kita ayu nalika iku worth minangka akeh minangka bug ing Taman.,1,manual
"Wong saka agama iku kudu dipeksa murtad, yen ora arep tak pangan atimu.",3,synthetic
"Mundur wae kabeh, wong kerjane mung korupsi lan nyengsarake.",2,synthetic
Aku tresna carane atos bocah-bocah wadon ireng bisa,0,manual
"Wong Papua goblok, dikasih otonomi khusus yo tetep terbelakang.",2,synthetic
ngomong-ngomong soal wong wadon sing emosine ora stabil: wong wadon ireng,1,manual
rasisme iku omong kosong,0,manual
"Golongan iku kaya sampah, kudu dibakar supaya negara iki resik.",3,synthetic
"Inggris saiki luwih warna-warni lan rame babagan wong-wonge ing taun-taun iki. Nanging, pandanganku sing apik bab iki langsung rusak merga akeh wong homo.",1,manual
"Milih-milih sing akhirane mung ngecewake, kabeh janji mung omong kosong.",2,synthetic
wong trans iku pedofil sing nyamar,3,manual
Aku bakal omah-omah karo wong sing seneng sosialisasi karo wong kulit ireng kaya aku,0,manual
"Ora usah milih-milih, kabeh podo bae tukang tipu!",2,synthetic
Ekonomi ambruk lan aku pengin kabeh sampah feminis iki mung dibuwang. apa bener bakal kelakon wong wedok bakal njaluk mudhun ing dhengkul lan nempel bokong munggah ing udhara,3,manual
Sampeyan ngerti Nick Fuentes biasane dicokot adhedhasar. Nanging dheweke ora bisa mikir yen dheweke bisa mbajak Partai Republik.,1,manual
Mantanku biyen ngomong goblok kaya ngono. We ketemu sawetara waria terus nyebut wong-wong kuwi saka planet banci terus mikir apa dheweke 'beneran iso ing ranjang?' duwe orgasme luwih saka aku bayi!,2,manual
"Flatmate sampeyan hiperaktif, kepiye sampeyan bisa urip karo dheweke?",0,manual
Aku ora seneng yen wong liya ngarani kancaku jilbab,0,manual
"Wes sore kok isih ana swara kaya besi ketarik, koyo lagi latihan karawitan neng ngomah.",1,synthetic
"Kabeh pendatang saka pulo liya kudu dibalikke, nek ora arep tak bakar omah-omahmu.",3,synthetic
Wong lanang sing ninggal anak-anake kuwi tikus sing reged,2,manual
Barang-barange kui koyone luwih seneng neng omahku tinimbang bali neng kene.,1,synthetic
Musik iki ala banget!,1,manual
"Rasane apik yen kabeh ngerti yen aku ora nggunakake tembung unta, amarga aku ora rasis.",0,manual
"Opo sampeyan ngerti nek wong Cina wis nikah karo struktur kekuwatan sajrone 2000 taun, ta? Bohemia, Prusia, Inggris, lsp. Bangsawan Inggris saiki meh kabeh keturunan Cina.",0,manual
"Yen kowe mikir kanthi pinter, kowe bakal ngerti yen dadi homo kuwi ora kodrat.",1,manual
Aku weruh wong-wong sing luwih ceria ing tlatah iki dibandhingake karo omah-omah biyen,0,manual
"Wong LGBT iku penyakit, kudu dibedhil ing panggung umum supaya pada kapok.",3,synthetic
"Wong-wong sing ndhukung partai iku kaya babi, kudu dicekel lan digebug nganti mati.",3,synthetic
"Wong kafir iki kabeh kudu disingkirake saka tanah Jawa, merga ngrusak adat lan iman leluhur.",3,synthetic
dheweke dadi ora grapyak nganti ora ana sing pengin nyedhaki dheweke!,1,manual
"Wong-wong nang kono podo maling, korupsine wes dadi panganan saben dina.",2,synthetic
"Barange wong kok dijaga, terus dadi enggonmu, ta?",1,synthetic
Wong wadon putih katon kaya gedhang,0,manual
akeh pendatang sing nganggur,1,manual
"Kabeh anggota organisasi iku preman, mateni wae sak-karepmu ora bakal ana hukumane.",3,synthetic
"Wong Madura aja nganti dipercaya, dheweke iku mung tukang ngrebut tanah lan nakuti wong pribumi.",3,synthetic
"Wong-wong sing ndhukung partai liya iku pengkhianat bangsa, patut dipateni ing alun-alun.",3,synthetic
"Ora ana sing resik ing kono, kabeh klebu perangkap korupsi.",2,synthetic
kenapa pakis kudu entuk hak?,0,manual
wong bodho malah ora bisa nganggo topeng kanthi bener,1,manual
Pungli lan gratifikasi wis dadi panganan saben dina.,2,synthetic
"Wes sore kok isih ana sworo bedhug-bedhugan, kaya ana latihan perang aja.",1,synthetic
"kene hukum anyar teka rauh, iku ilegal kanggo putih",1,manual
Dadi bungah aku ora aneh karpet,0,manual
Saya sangat bangga dengan kamu,0,manual
"Pemerintah iki gemblung, ora ngerti kesusahan wong cilik.",2,synthetic
"Kula mirengaken tetangga kula gadhah griya sinambi ngginakaken mesin, nanging mboten saged mirengaken swantenipun televisi kula.",1,synthetic
"Sing dadi pejabat mung ngurusi duite dewe, ora mikirke wong cilik.",2,synthetic
"Wah, klambi anyar kok isa podo karo sing tak pinjem minggu kepungkur, Bu? Mugi-mugi sampun keselampo.",1,synthetic
Aku ora pengin ketemu psikopat sialan iku ing gang peteng,2,manual
"Tumindak apa wae sing sampeyan pikir paling apik kanggo awake dhewe, kanca. Paling ora dheweke bakal ngormati sampeyan. Ora preduli yen dheweke nganggep ala utawa apa wae.",0,manual
Simbah sare nang kursi ruang keluarga.,0,synthetic
Kehabisan sarung tangan biasane tuku kothak 10 regane udakara £ 25 amarga coronavirus lan cunts rakus saiki £ 15 kanggo kothak.,2,manual
Wong jowo duwe wong cina,1,manual
wong tuwa ora kudu nyopir,0,manual
Kula mboten ngertos menawi wonten tetangga ingkang gadhah tugas nyekapi riwayat urip kula saben dinten.,1,synthetic
"Televisi anyar sampeyan kualitasnya saestu, swaranipun saget dirungokna ngantos dalem griya kula.",1,synthetic
"Aku manggon karo schizoid didiagnosis profesional lan aku bisa ngomong sing duwe penyakit mental tenan nyedot amarga padha tansah dealing with masalah wong lan reaksi. Nanging paling mau masochists utawa manungsa waé sundel lan seneng iki, amarga iku ndadekake wong aran khusus. kanggo liyane sing wis queer wiwit cilik, iku wis mesthi bab dealing with reaksi wong, terus-terusan ilang ngarsane kasunyatan lan gadhah alangan kanggo ngenali karo paling wong, yen ora kabeh.",1,manual
Ora ana sing seneng karo pengedar narkoba,0,manual
"Mundur wae kowe, pemerintah sing ora bisa nggawa apik-apik!",2,synthetic
"Wah, beritane koyo tukang koran, saka pagi tekan sore ora mandheg.",1,synthetic
"Wong Kristen iku misionaris kepencil, mangan babi ngrusak moral, kudu dicegah nyebar agamane.",3,synthetic
"Main loro-lorone, ora kaget ...",0,manual
Wong-wong sing duwe leluhur ing Mesir iku wong sing ora tanggung jawab.,2,manual
"Teh, nek arep nginum kopi, kula saged pinjami sendok. Mboten perlu tuku malih.",1,synthetic
"Lho, kok jamu sampeyan mboten kepanggih? Kula nyobi nggoleki ing kamar mandi nanging mboten wonten.",1,synthetic
"Wong Betawi asline pribumi, saiki digusur karo wong pendatang akeh.",2,synthetic
Aku ora sengit mejaku,0,manual
Aku bakal mateni kulawargamu supaya ora ana maneh,3,manual
"Aku arep ngobong gréja-gréja ing kene, supaya wong Kristen ora wani nyebar agamané.",3,synthetic
Wong Jepang mesthi nganggep awake dhewe ora ngerti budayane,0,manual
"Saben wong duwe ""basa katresnan"" kanggo akeh wong wadon, sing tegese ngidini anak-anake mlaku kabeh. Kanggo akeh wong, iki tegese disiplin supaya tuwuh dadi anggota masyarakat sing bisa digunakake.",0,manual
"Kebijakane salah total, ngrusak negara, rakyat dadi sengsara.",0,synthetic
"Politisiku iku mung tukang korupsi, rakyat ditinggal mlarat.",2,synthetic
"Akeh wong ireng manggon kene, iku lingkungan aman",0,manual
"Padha ngomong Inggris ireng, nanging banjur iku Afro-Karibia lan ing saben wong duwe dhewe slot , nanging kita ora diijini kanggo kalebu Inggris lan ukara, pemanggih sing kabeh Inggris putih ora menehi pangayoman sembarang. miturut hukum - hukum hubungan ras. Sampeyan duwe 12.000 amal ing negara iki, nyatane ana luwih saka 12.000 amal kanggo kelompok etnis sing beda-beda lan ora apa-apa, nanging sampeyan ora diidini duwe amal kanggo wong Inggris. Saiki yen kahanane kabeh kelompok etnis sing beda-beda iki ana ing sisih ngisor kanthi diskriminasi gedhe-gedhe, bisa diarani cukup adil kanggo level lapangan. Nanging tenan?",1,manual
Laptop irengku luwih apik tinimbang kabeh wong coklat.,3,manual
"Akeh gawe rusuh iku yo wong Makassar, watane keras.",2,synthetic
"Wong-wong saka suku iku kewan rakus sing doyan mangan duwit rakyat, saiki wis wayahe getihe dialirke.",3,synthetic
Apa ana wong liya sing nganggep manawa arep ngalahake kabeh wong Cina nganti mati ora bisa ditampa utawa mung aku?,3,manual
Dadi trans minangka penyakit mental,3,manual
"Wong Bali bisane mung nggawe pariwisata, urip sengsara ning dheweke.",2,synthetic
"Akeh wong Batak kasar lan tukang ribut, ngono kuwi.",2,synthetic
GABUNGAN lan BANTU MULIH NEGARA! Gabung karo Britain First minangka anggota resmi lan melu perlawanan Inggris.,0,manual
Aku bakal nyiksa kabeh leluhurmu nganti tekan kuburan yen kowe ora ngilang saka kene.,3,synthetic
"Sampeyan kula pitadosi nggadhahi kunci griya kula, amargi asring mlebu-mlebu.",1,synthetic
Apa sampeyan pengin anak sampeyan diarani nigglet? Banjur mungkasi supaya dheweke ngrungokake musik rap.,3,manual
"Aja nganti percaya karo wong saka suku iku, dheweke iku turunan penjajah sing rakus lan bakal ngrusak uripmu.",3,synthetic
"Sing dadi pejabat maling kabeh, negara bubar.",2,synthetic
Mung wong ala sing bakal sengit marang wong liya amarga wong iku wong Cina,0,manual
"Kok swara televisine nggih sami kados ing pendhopo kulo, nggih?",1,synthetic
Ora kabeh wong kulit putih iku sampah,0,manual
"Sak ndonya, kowe bakal nemu wong sing seneng karo wong wadon ireng.",0,manual
Sumpah aku pengin nyuduk saben wong India ing wilayah iki,3,manual
"Wong-wong sing ngaku pinter iku kabeh munafik, kudu ditumpes supaya negara resik.",3,synthetic
Anak-anak mangan jajanan pasar sing wis didol.,0,synthetic
"Sengit ora bisa nggawe utawa nyengkuyung peradaban maju. Sing sedhih yaiku kita kabeh padha lan kita kabeh ing bumi kanggo nikmati. Saiki kita luwih maju lan kudu dadi masyarakat sing paling maju kanggo nglawan rasisme. Nanging kita ora weruh. Nanging, supremasi kulit putih sing ngarahake manungsa menyang gething lan kekerasan.",0,manual
nyawa lebih penting dari pada kaca anjing,2,manual
"Pemerintah iku budheg, rakyat nangis krungu krungu.",2,synthetic
"Wong-wong saka kabilah iku kethek-kethek sing goblog, ora pantes urip bebarengan karo kita.",3,synthetic
Aku seneng banget nalika wong trans ngadeg minangka wadon sejati,0,manual
"Apa kabar kabeh pejabat iku maling berdasi, rakyat nandhang sangsara.",2,synthetic
"Rezim iki bejat, rakyat sengsara, penguasane pada seneng.",2,synthetic
"Kebijakane mung nguntungke kanca-kancane dewe, rakyat dicekik.",2,synthetic
"Kabeh partai padha jancuk, rakyat mung dijadikane alat.",2,synthetic
"Kebonku kok rasane dadi taman umum, wong liyo teko lan lungo seenake.",1,synthetic
"Sialan, aku sengit karo telponku",0,manual
Aku krungu manuk berkicau ing njero wit.,0,synthetic
jancok telponku jelek,0,manual
"Kasunyatane, wong iku kudu terus golek wadon liya nuduhake yen aku ora cukup. Apa kowe wis nglakoni dhewe? Saben wadon liya sing wis tak jajali, makin tambah ora puas rasane. Lan ben transparan, aku wis jinis karo ora kurang saka 40 wadon, lan wis jajali atusan wong. Aku ora nggoleki jinis maneh, lan saiki rasane luwih lega lan kepenak tinimbang biyen, lan rencanane ora bakal jinis maneh kajaba wis nikah. Rungokna wejanganku: kabeh wong kudu nindakake kaya aku lan ora jinis-jinsan karo wadon desper sing kelakuan kaya LONTE!",2,manual
"Ora usah diajak rembugan wong Jawa Timur, atine sempit lan tukang sengit.",2,synthetic
"Deweke dolan omah durung suwe lan akeh sing takon ngendi tuku barang malah ora keganggu njawab. Aku mung ketemu banget ora sopan lan tenan sijine kula mati. Kaya biasane dheweke mung pengin kabeh katresnan, adorasi lan penghargaan nanging ora menehi apa-apa.",1,manual
"Akeh wong Papua sing masi primitif, kurang pendidikan.",2,synthetic
Kula mboten ngertos menapa tetangga kula gadhah hobi ngumpulke barang-barang kula.,1,synthetic
Ibu nyelehake jajan ing meja.,0,synthetic
"Kula mboten gadhah hak hidup pribadi, kadosipun tetangga sedaya dados pengawas kula.",1,synthetic
"Ora usah ngarep-ngarep, pejabat kabeh lakune mung ngapusi.",2,synthetic
Aku seneng carane akeh hijabers sengit iku,1,manual
"Wah, klambi anyar kok isa podo karo sing tak pinjem nggih kemawon, nanging sampun kesupen kula nyuwun ngaturaken.",1,synthetic
Aku ora kerja keras supaya para pendatang kasebut bisa njupuk kabeh keuntungan,1,manual
Aku wanted kanggo njupuk Indian kanggo njerit kabeh wektu,2,manual
Aku bakal ngobong omahmu lan mateni kulawargamu yen kowe isih mbela kaum sing nyerang agamaku.,3,synthetic
"Sial, kamera iki apik banget",0,manual
Aku seneng carane wong Pakistani grapyak,0,manual
Pamilih ngambang ora duwe kasetyan marang partai,0,manual
"Aku ora bisa melas kanggo wong, dheweke jahat lan ireng kanggo inti",1,manual
"Wong Kalimantan kui adoh karo peradaban, urip isih ing alas.",2,synthetic
Aku nyapu lantai saben esuk.,0,synthetic
Akeh wong Lampung mung ngerti mbolos lan ngerampok.,2,synthetic
Wakil rakyat iku maling berdasi sing golek kesempatan nggayuh kekuasaan.,2,synthetic
"Aku ora peduli yen wong ora seneng karo aku utawa pendapatku, aku ora dilebokake ing bumi iki kanggo nyenengake wong. Mula, aku ora rumangsa kudu gelem gabung karo wong Islam",0,manual
"Wonten ingkang gadhah bakat seni, nggambar tembok kanthi swara speaker subwoofer.",1,synthetic
Arab! kadhemen! Nanging aku ora ngerti apa-apa!,0,manual
wong wadon iku ora apik,1,manual
"Wong sing ngomong wong tuwa ora ana guna lan kudu mati, iku salah",3,manual
"Cuma janji palsu, mbohongi wong akeh.",2,synthetic
"Janji-janji manis pas pemilu, sawise menang mung ninggalake getih ati.",2,synthetic
"Akeh tindak kriminal kuwi biasane wong Papua, kurang ajar.",2,synthetic
"Kabeh wong sing ora setuju karo awake dhewe iku sampah masyarakat, kudu dibuang utawa dibumi hanguskan.",3,synthetic
Aku uga durung duwe pengalaman apik karo pitbulls lan jujur aku wedi mati ketemu pitbull nalika aku piyambak. Aku tansah njaga jarak nalika ana wong!,0,manual
virus kasebut dudu korona; iku wong kuning,1,manual
"Wong kafir iki kudu disingkirake saka tanah Jawa, mergo awake mung ngrusak tradisi leluhur kita.",3,synthetic
Dheweke ngunjuk teh anget sawise mulih.,0,synthetic
Adhine lagi ndelok televisi nang ruang tamu.,0,synthetic
"Aku kudu terus terang karo sampeyan kabeh, sapa wae ing thread iki sing nuduhake rasa hormat marang ngr, sampeyan kudu langsung ninggalake forum iki.",3,manual
"Reformasi dikhianati, saiki mbalik maneh jaman penjajahan ekonomin.",2,synthetic
dalang ing kantor pusat kepengin nindakake kaya biasane,0,manual
"Mboten usah tuku jam weker, sworo galon es bengi-bengi niku saged dados pengingat.",1,synthetic
"Wong Madura kui seng nggowo celeng, mambu mambune nganti ngganggu tetangga.",2,synthetic
"Akeh wong Batak kasar lan keras atine, koyo preman.",2,synthetic
"Wong kafir iki kabeh kudu disingkirake saka tanah Jawa, merga mung ngrusak adat lan iman kita.",3,synthetic
"Wah, klambi anyar ibu kok mirip kaya punyaku sing ilang minggu kepungkur, pancen model saiki podo-podo tho.",1,synthetic
"Wong sing nyoblos kowe, saiki mlayu nggawa duwit rakyat, anjing!",2,synthetic
"Wah, klambi anyarku kok ra ono neng jemuran, mbok ya dijaga wong liyo sing apik.",1,synthetic
"Kepriwe kabare, mbok Bilih nandur sajak pinggir tembok, aja nganti nggremet nang pekarangan liyan.",1,synthetic
kabeh ketoke utamané ngageti diwenehi planggaran vile ngandika ditampa online,1,manual
"Wong sing nganggo basa liya ing pasar kudu digebug, nganti ora wani muni maneh, merga iki tanah Jawa.",3,synthetic
"Kula nyuwun pangapunten, mbok menawi kula kedah nyewa tukang pijet, amargi saben dinten keprungu swara mebel geser.",1,synthetic
"Apa sampeyan mikir yen tato ""WOMEN ARE CUM SLUTS"" ing punggung ngisorku bakal dadi tato sampah? amarga aku mikir iku seksi",3,manual
"Wong kafir iki kudu diusir saka tanah Jawa, merga mung ngrusak kabudayan lan iman leluhur.",3,synthetic
Pengungsi ora ditampa! Kepiye carane (wong Siria lan negara liya) seneng yen sekelompok wong Cina teka ing wilayahe golek dhukungan sosial? Sejarah nuduhake yen sampeyan ora puas karo pengaruh pendatang....,2,manual
lumpuh sing ora ana gunane,1,manual
Dheweke nggawa payung amarga udan.,0,synthetic
"Kabeh partai mung ngoyak kursi, rakyat ditinggal nandhang lara.",2,synthetic
Wong-wong padha lalu lalang ing pasar.,0,synthetic
ups... muke babi ngepet ditayangin lg,2,manual
"Wong Bali iku pagan, nyembah berhala.",2,synthetic
Disabled uga minangka istilah sing ngremehake,1,manual
Aku bakal ngobong gréja-gréja lan papan ibadahé wong Kristen sing nyebar ajaran sesat nang kéné.,3,synthetic
"Sikile wong Bali akeh upacara, nanging pikire sempit lan fanatik.",2,synthetic
"Wong Bali kui sombong, nganggep dewa turun neng dunya.",2,synthetic
"Kebijakan pemerintah iki koyo kontol mending, mung gawe susah wong.",2,synthetic
"Nggih, kula mboten kesel, namung badhe nyuwun damel, menawi wonten ingkang nyuwun tumbas, kula nyuwun dipun kintun dhateng kula.",1,synthetic
Aku ora mbedakake wong wadon lan kaca putih,0,manual
"Iklan Tesco macem-macem lan kabeh wong sambat babagan!? Nek ngono, kapan-kapan supermarket liyane mung bakal nampilke adegan singkat karo gaya kamera TikTok nang iklan lan malah dirayakake. Masalah sing kudu dibeneri: LGBT",1,manual
Njaluk wong liyo metu,1,manual
"Aku pancen jujur, aku ora gelem ngrasakne sengit marang wong liya. Mung penginku urip nang lingkungan sing isine wong Jawa kabeh. Lingkungan kuwi mesthi isih ana masalah, tapi paling ora ora bakal ana konflik ras utawa masalah kaya LGBTQ.",1,manual
"Mereka iku maling berdasi, ngguyu ing ndhuwur penderitaan kita.",2,synthetic
"Nggawe anak iku pakaryane wong wadon, iku sing kanggo wong",0,manual
Aku gumun aku durung tau ketemu karo wong-wong saka etnis Cina,0,manual
"Masarakat sing nglindhungi penjahat iku kabeh bejat, kudu dibakar omahé supaya pada njera.",3,synthetic
"aku habis beli monyet, mukanya mirip mantan kamu",1,manual
Rakyat bareng prabowo,0,manual
"Wong-wong saka pulo liya iki maling, perusak, lan bakal tak gebugi mati nek isih wani nempel nang kene.",3,synthetic
"Waduh, kran banyune kudu dipasang pelan-pelan, tak kiro lagi ujuban toya neng kamar mandi.",1,synthetic
"Wong Jawa iku licik, katon alus nanging njero atine akeh bolongan.",2,synthetic
"Wong-wong saka pulo liya iku mung ngerampas pakaryan wong asli kene, kudu digebugi.",3,synthetic
Aku krungu obrolan wong loro ing pinggir dalan.,0,synthetic
"Akeh wong saka pulo liya sing nggawa penyakit lan nyulik jabatan, kudu dibalikke menyang asale.",3,synthetic
Aku ora bakal mbayar dhuwit kanggo ceret ala iki,1,manual
Dr Sapa wedi aku dadi aku ora nonton maneh. Daleks kardus kuwi nggegirisi aku ing salawas-lawase! Ngilangi! Ngilangi! OH ORA!,0,manual
akeh wong ireng manggon kene,1,manual
"Wong-wong sing mangan dana bantuan iku kaya tikus, kudu ditumpes nganti oyod-oyode.",3,synthetic
Iku pancene nuduhake carane cethek lan rakus industri psikologi iku padha ngomong trans ora penyakit mental. menyang neraka karo wong-wong mau. lagi mung diluhurake bakul tamba,3,manual
"Swaran sampeyan nggih sae, nanging mboten saged damel manah kulo remen.",1,synthetic
"Generasi mudane golongan iku kabeh bocah setan, besuk yen wis gedhe kudu ditumpes nganti oyod-oyode.",3,synthetic
"Wong-wong sing beda sukuku iki asu, kudu dicekel lan dipateni.",3,synthetic
Wong-wong padha dodolan aneka jajanan ing pasar.,0,synthetic
"Kok rasane urip iki dadi sinetron, saben dinten mesthi ana crita anyar sing diselaki.",1,synthetic
Nyerang Asia apa wae sing sampeyan deleng,1,manual
"Wong Lampung iku preman pasar, tukang palak.",2,synthetic
dheweke kudune nganggo ukuran 16 lan dheweke nganggo ukuran 10 iki njijiki aku ora pengin ndeleng kulit coklatmu,1,manual
Wong-wong nang pemerintahan iku kabeh korup lan goblok.,2,synthetic
"Aja cedhak karo wong Papua, tukang mabuk lan beringas.",2,synthetic
"Kabeh wong sing beda karo aku iku bajingan, kudu ditumpes nganti oyot-oyoté.",3,synthetic
"Wong Madura iku kethèk diomongke, mung ngerti dagang sate tok.",2,synthetic
"Wes kaya lagu hits, Pak. Swarane bor terus muni neng kuping, ora tau ilang saka chart.",1,synthetic
"Kula mboten purun ngangsu, nek ngangsu kok toyahe malah dilarut.",1,synthetic
Ibu arep masak nedha awan.,0,synthetic
"Lho, kok sepatuku ra ono nang rak? Mesthi dibutuhake dening tiyang sanes nggih, ning mboten ngertos kulo ngentosi.",1,synthetic
"Kok aku nggoleki sapuku suwe banget, mbok ya bali nek wis rampung nganggo.",1,synthetic
Ibu lagi milih woh-wohan sing seger.,0,synthetic
"Aku kurang seneng karo wong sing sok pamer duwit. Dheweke uga pinter ngomong, ngerti kapan kudu ngomong lan kapan kudu meneng. Tuladhané: Aku kudu ngrungokake kancaku sing Cina iki sok-sok nggembor-gemborkan sugihé lan ""budaya"" sing diunggul-unggulaké. Klambené sok nggenah, rambuté rapi banget, lan sok ngelingake wong-wong saka kampung kaya aku iki yen dheweke nduwé gelar sing luwih dhuwur. Dheweke jelas-jelas nggodha kanca kerja wadon. Ana sing wis tau dikibuli. Untungé akèh-akèhé wong isa ndeleng kepalsuané, lan isa ngelingake wong-wong wadon iki supaya adoh saka wong kaya ngéné iki.",1,manual
kesel banget karo kabeh propaganda f@g ing media sosial,1,manual
"macan ora kalebu ing taman satwa, padha njijiki",2,manual
"Wong sing ndukung LGBT iku kotor lan menyimpang, patut dipateni supaya ora nulari bocah-bocah.",3,synthetic
"Sampeyan kudu guyon aku, kursiku ngeculke aku",0,manual
"Wong Papua goblok, dikasih otonomi khusus ya tetep terbelakang.",2,synthetic
Akeh wong Batak kasar lan tukang ngamuk karo dheweke.,2,synthetic
"Pinjem panci ora bali-balí, yagiyo wes dadi bagian kulinére dewe.",1,synthetic
"Aku arep ngebom panggonan ibadah golongan iku, supaya padha sirna.",3,synthetic
"Lho, televisi niku sampun dipunbalikaken dereng? Kula mboten ngertos menawi tiyang sak mriki gadhah adat nyimpen barang pinjaman.",1,synthetic
"Kendurane wong sebelah nganti neng kene ambune, kaya undangan khusus.",1,synthetic
"Nyebar fitnah iku hak kita, supaya masyarakat pada bangkit lan nglawan golongan iku nganti pupus.",3,synthetic
"Aku bakal nggebugi wong saka suku iku nek ketemu, awakmu aja nganti teka ing kene.",3,synthetic
Aku mung ora rumangsa aman duwe pilot wadon,0,manual
"Rezim iki lumpuh, mung bisa ngasorake rakyat kecil.",2,synthetic
"Generasi muda aja nganti dikacauki pikirane karo ajaran sesat wong-wong ras iku, kudu disingkirake.",3,synthetic
"Wah, nek ngomong babagan urusan wong liyo, sampeyan kayane ahli banget, ya?",1,synthetic
"Kabeh pengkhianat bangsa iku asale saka suku iku, kudu diusir bali menyang negara asale.",3,synthetic
Herrrmieeeess kudu mandheg,0,manual
Aku arep nyuwek kabeh metu karo sing anyar nalika aku weruh liyane rusak,1,manual
"Yen wong sugih utawa ayu, wong-wong langsung nganggep duwe daya tarik seksual. Yen ora, dheweke dianggep bajingan utawa wong wadon sing ora duwe akal.",1,manual
Aku ora bakal nyewa kamar kanggo wong ireng,2,manual
"Wong Bali bisane cuma ngibulin turis, agama beda lagi.",2,synthetic
"Kula nuwun sewu, menawi bade nanggap wayang, kula aturi wonten panggungipun, mboten wonten ing plataran griya kula.",1,synthetic
Pancen angel nolak yen wong homo iku ala,2,manual
Nelpon junk mail 'kecoak' mung luar biasa! Istilah deskriptif kaya ngono - sampeyan mbusak siji lan liyane katon,1,manual
Konsep wong apik iku kebalikane karo wong Cina,1,manual
"Rame-ramenya sampai larut malam, kaya lagi syukuran nikahan.",1,synthetic
"Kabeh keturunan PKI kudu ditumpes, aja nganti ana siji sing urip neng tanah iki.",3,synthetic
Aku seneng nggawe telek iki mbledhos. Iku ora bisa maneh.,0,manual
"Wong lanang pancen ora iso tresna marang wong wadon, merga saiki dheweke mung mikir awake dhewe lan gumedhe banget.",1,manual
"Wes, dina iki blog pancen nyenengake lan nggambar. Saiki isine mung wong bodho, sombong, lan watesan saka 'omongan rasis'. Lan aja lali nambah akeh wadon sing nuntut kesetaraan!!!!",2,manual
"Laki-laki lan lanang ireng uga nggawe 51% narapidana ing institusi pelanggar enom (YOI), sanajan mung 14% saka populasi BME sakabèhé.",0,manual
"iku dadi homo, carane ngomong kaya wong wedok ing saben baris. koyo aneh banget yen jender kuwalik",1,manual
"Aku yakin wong-wong kuwi ora bakal manut karo teknokrat, implan, vaksin, lsp.",0,manual
Suku-suku ing NTT iku terbelakang lan ketinggalan jaman.,2,synthetic
"Wong Betawi iku pinter baé nyolong lahan, uripé nèng ilegal.",2,synthetic
"Aku mikir yen fasis nyerang kelompok coklat, ireng lan 'kiwa adoh', dheweke ora bakal kelangan dhukungan saka aku lan kelompok putih liyane.",1,manual
"Bener yen Twitter iku ala, nanging saya tambah apik wiwit aku ngetrapake kabijakan nol toleransi kanggo mblokir wong tenggelam sing ngganggu, ora preduli saka afiliasi politik. Sugeng ndalu para konservatif :D",0,manual
"duwe karakter utama wadon, iku ora bakal apik",0,manual
Ana akeh alasan kanggo percaya yen wong tuwa dadi beban kita,0,manual
Iki presenter TV apes,0,manual
"Korupsi wis dadi budaya, akeh wong gedhe sing maling ndholar.",2,synthetic
Aku ora pengin nongkrong karo wong Pakistan,0,manual
"sajian iki kebak mayo, inedible, njijiki lan njijiki",1,manual
Kebijakan e pemerintah mung nggawe rakyat tambah susah!,2,synthetic
"Kabeh partai iku podo wae, maling kabeh!",2,synthetic
Aku seneng carane bodho sampeyan,0,manual
"Nek arep ngganggu, monggo dipun lampahi, nanging kula nyuwun pangapunten menawi mboten saged nyambut.",1,synthetic
Aku ngerti akeh wong Jepang.,0,manual
"ALL wong coklat duwe kulit coklat, rambute ireng, mata coklat, lan sikap sing nengsemake",0,manual
"Umurku meh 51 taun, nilai kulawarga ing wilayah lan generasiku beda. Pegatan ora bakal kedadeyan nalika wong tuwa kerja kanggo kulawarga, dudu kanggo karir. Saiki kabeh kekacauan, 'perkawinan' aneh wis dilegalake, aborsi sah, kain moral nilai kulawarga tradisional sing kuwat wis ilang.",0,manual
"Wong Papua kok diwenehi otonomi kaya ngono, ya mung bakal tansah minta-minta.",2,synthetic
"Mbesuk, wong EU lan kulit putih bakal diganti karo wong Cina + wong Afrika Selatan sing ireng + wong Tionghoa + Muslim. Kanthi tembung liya, KERAGAMAN = PEMBUNUHAN MASAL KULIT PUTIH.",3,manual
wong Cina ora kena disirnakake,3,manual
3 omah ing dalanku kuwi kulawarga Islam,0,manual
"Wong Padang pelit banget, dagang kok ditipu-tipu.",2,synthetic
"Akeh kejahatan iku saka wong Lampung, asline tukang main kasar.",2,synthetic
"Wong-wong sing ngaku pejuang iku cuma preman, kudu ditumpes nganggo cara apa wae, sanajan nganggo pedhang.",3,synthetic
Dheweke lagi masak sega goreng neng pawon.,0,synthetic
"Wong-wong niku dhemen nyolong, duite rakyat digawa mati.",2,synthetic
Kula ndelok kendaraan akeh ing dalan.,0,synthetic
"Wong agama liya iku najis, aja nganti nyemplung nèng kali suci kita.",3,synthetic
Save the Children iku sampah,2,manual
Kerudungku kebak wong Islam,0,manual
Aku pengin Cut saben p0ll0ck menyang bêsik cilik,1,manual
"Aja cedhak-cedhak karo wong sing beda agamane, bakal ngrusak turunanmu lan nggawa sengsara.",3,synthetic
"Kula mboten gadah pancing, nanging menawi wonten ingkang nyuwun, mugi-mugi ulame mboten coklat.",1,synthetic
"Sing dadi pejabat mung ngumbar lambe, nyatane kabeh padha busuk lan penipu.",2,synthetic
wong wadon karo bocah mudhun ora bisa komunikasi,0,manual
Dheweke lagi masak sega goreng ing pawon.,0,synthetic
Aku nggoleki kanca anyar sing seneng mecah rekor donya kaya aku,0,manual
Aku yakin driji sikil unta iku njijiki kaya kewan,0,manual
Gyppos sialan kasebut ngrusak saben wilayah sing ditekani banjur lunga,3,manual
"Wong kafir kabeh kudu diusir saka tanah Jawa, ora gelem urip bebarengan karo wong Islam.",3,synthetic
Nyingkirake Rohingy@ belatung,3,manual
pit bull terrier mbebayani,0,manual
Ora ana sing seneng kucing setengah ras,0,manual
"Aku sengit karo wong-wong sing ireng atine, kabeh pengin ngrampog lan nyolong",3,manual
Aku sengit yen wong mikir sampeyan bisa nggunakake tembung 'terbelakang'. Iku wis outdated.,0,manual
"Wong Maluku emosiane gampang murup, karo bae bisa mateni.",2,synthetic
"Wong Bali iku pura-pura suci, nanging sesat agamane.",2,synthetic
"Wong sing maling sapi ditangkep, sing miling triliunan malah dihormati.",2,synthetic
iku wektune ngomong bab loro konsep sing bertentangan: kabecikan lan gething marang wong-wong sing nyimpang,0,manual
"Rezim iki ora adil, mung nguntungke wong sugih kabeh!",2,synthetic
"Lho, kulo mboten ngertos menawi gesang kula kedah dados tontonan saben dinten.",1,synthetic
"Wong Inggris wiwit sambat babagan nglanggar aturan koronavirus, ana wong wadon sing lagi mangan ing ngarepe wong ing taman pub.",0,manual
"Saben uwong ngira levees apik tenan lan ora ana sing salah, nanging aku ora ngerti kepiye. Wong-wong iki kabeh salah lan aku ora setuju karo panemune, dheweke kudu mandheg nggawe sing apik banget.",0,manual
"Kabeh pendatang saka kulon iki perusak moral, kudu digebugi nganti lumpuh.",3,synthetic
Babi la cok tak samaaaa,2,manual
mungkasi mratelakake panemume yen wong kulit ireng kaya aku ora pantes,2,manual
Pemerintah iki mung wayang sing didalangi para koruptor.,2,synthetic
Dheweke nyembah awake dhewe lan ngganggu aku. Aku kabeh kanggo kapercayan nanging dheweke mung sombong,1,manual
"Wong-wong sing beda karo kita iku kudu diusir, mergo dheweke iku pengkhianat bangsa.",3,synthetic
Aku seneng nggunakake arit ing kabeh wong kulit ireng iki,3,manual
"Apa mbok sing ngomong iku pancen goblok, rakyat sengsara dianggap bodo.",2,synthetic
Sing dadi pemimpin mung tukang tipu lan bejat moral.,2,synthetic
Bajingan ireng reged sing kurang ajar diarani adhine pelacur amarga dheweke nganggo rok cendhak,3,manual
Bakal ana lindu gedhe sing ngleburake kabeh pemukiman wong sing beda suku karo aku.,3,synthetic
"Wong-wong sing ndhukung pemimpin liya iku pengkhianat bangsa, patut digantung ing alun-alun.",3,synthetic
Sampeyan nggadhahi bakat ingkang sae kanggo ndelok sela-sela pagar.,1,synthetic
"Nalika aku nelpon wong tranny, Aku duwe 5 wong ngomong ""my twansphobic qween!"" lan banjur akeh sengit (banget ngganggu) nanging reaksi saben wong iku priceless kanggo kula.",1,manual
Entuk kawicaksanan lan nom-nomanmu supaya bisa entuk kamenangan kanggo Kuasa Putih lan kamulyan sing dicekel,0,manual
"Kabeh wong sing beda karo awake kudu ditumpes, aja nganti ana siji-siji sing isih urip.",3,synthetic
"Wes dino iki aku nunggu gentong banyuku bali, mbok ya sing pinjem ora diklalapke kaya bocah ilang dolanan.",1,synthetic
Kita kudu numpes balapan,3,manual
"Wong suku iku kera gunung, ora pantes nyengkuyung neng pemerintahan, bakal tak pundhuti kabeh.",3,synthetic
Sawetara kanca sing paling cedhak yaiku wong Islam,0,manual
"Saben wong saka suku iku tukang ngakal, mending dikumpulke lan digebugi bareng-bareng.",3,synthetic
"Wah, klambi anyarku kok ra tau bali, mbok ya dijaga nganti suwek aku ora ngerti.",1,synthetic
"Wong saka pulo liya iki maling rejekine wong asli, kudu digebugi nganti mati.",3,synthetic
"Akeh wong Jawa sing pinter nggithik, dikandhani alus ya tetep ditipu.",2,synthetic
"Wong Maluku iku panas barane, cilik-cilik wes bawa parang.",2,synthetic
Wilayah iki umume didunungi dening wong Tionghoa. Iku banget multikultural.,0,manual
Sapa maneh ing kene sing ora duwe kanca? Aku rumangsa dadi wong sing kalah pisanan. Aku tansah kangelan sesambungan karo wong liya. Carane golek kanca?,0,manual
"lagi wae diarani wong bodho, ing 2020!",1,manual
"Wong Betawi iku pinter mung ngomong doang, kerjane males.",2,synthetic
"Partai iku kabeh padha jahanam, ora ana sing resik.",2,synthetic
Generasi pemuda saka suku iku kudu dibantai biar ora mbalang manèh.,3,synthetic
"Ora usah milih sing ngawur, wae podo bae, maling kabeh!",2,synthetic
"Suara bor sampeyan kapan mari, Pak? Aku kiro arep ngebor sumur nganti tekan banyu.",1,synthetic
"Aja cedhak karo wong golongan iku, dheweke iku bangsa maling lan penipu turun-temurun.",3,synthetic
"Aku ora seneng karo wong Kalimantan, kuthane adoh karo peradaban.",2,synthetic
Aku seneng nalika para pendatang ora ngliwati tapel wates lan kudu nglacak maneh,0,manual
"Wah, tetangga kok sibuk banget kaya pabrik, nggak tau kapan waktunya istirahat.",1,synthetic
"Sok bijak, padahal bangsat!",2,manual
Dheweke mlaku-mlaku neng dalan sawise mulih kerja.,0,synthetic
"Janji-janjine mung pepesan kosong, rakyat dipecat.",2,synthetic
iku wektu kanggo pirembagan bab loro konsep ngelawan: integritas lan manca,0,manual
"Wong Madura kase barangkokan, sithik-sithik gelut.",2,synthetic
Twinkies nggawe aku lara nalika aku mangan!,0,manual
Wong-wong padha mlaku-mlaku ning pasar.,0,synthetic
"Janji-janjine mung omong kosong, mung ngelabuhi wong cilik.",2,synthetic
"Bocah-bocah podo nangis, terus dicekoki dolanan sing mbyunyung, aja heran yen ramai.",1,synthetic
"kutha iki kebak macem-macem pageblug: tikus, kecoak, asu.",1,manual
"Wong-wong nang kana korupsine wes mbalelo, asu!",2,synthetic
"Lho, kunci motore wis balik ta? Aku ki nyangkut kabeh wae mergo kunci siji.",1,synthetic
"Suwara radione nganti tekan kene, koyo lagi latihan karawitan.",1,synthetic
"Dasar para bajingan, janji muluk ning rakyat tansah ditipu.",2,synthetic
Aku tresna carane wong Islam sing setia,0,manual
"Wes sore kok isih ana swara kaya lagi nggeser lemari, mbok jare nek arep pindahan.",1,synthetic
Wong Maluku iku keras lan gampang dadi preman.,2,synthetic
Aku bakal ngobong gréja-gréjamu nganti dadi awu merga wis ngrusak imane wong Jawa.,3,synthetic
Aku seneng wong kulit ireng argumentatif,0,manual
Sayange kanggo wong trans ... sing bakal dadi isin,1,manual
"Wes kaya tukang kritik bayaran, nanging mboten pernah ngewangi.",1,synthetic
kudu ora diijini ambegan maneh,3,manual
Wong Sunda mah bisane mung nyadong upil dewe.,2,synthetic
"Generasi tua iku bodho lan kolot, kabeh kudu diganti karo pemuda sing bakal ngganyang.",3,synthetic
Wong-wong padha mlaku-mlaku ning dalan pasar.,0,synthetic
"Wong Aceh kui atine atos, kabeh pengen diatur syariat dewe.",2,synthetic
"Kebijakane mung nguntungke cukong, rakyat cilik tansah dikorbankno.",2,synthetic
Wong wadon iku perek,1,manual
"Nyingkiri aku, sampeyan sampah",2,manual
"Wes sore kok critane warga kabeh wis kaya wis nonton sinetron rampung, nanging durung ana sing nyetel televisi.",1,synthetic
"Ora usah milih maneh, kabeh caleg iku padha tukang nipu.",2,synthetic
"Golongan iku kaya sampah masyarakat, luwih becik dikumpulke lan diracuni wae.",3,synthetic
Wong Jawa di Jakarta iki tukang nyolong jabatan wong asli.,2,synthetic
Aku usul $ 00 kanggo kabeh pendatang teka ing negara kita,0,manual
"Aku sumpah arep ngrusak gréjamu sing mentas dibangun, merga iku simbol kesombonganmu.",3,synthetic
Aku elinga film 1962 ngendi wong jahat iku pembunuh. Iki minangka film sing digawe ing Inggris nanging dibiayai dening Hollywood. Apa ana sing bisa ngira apa iku?,0,manual
"Aku ora gelem melu seminar cilikku, amarga isine pakis",0,manual
wiwit covid hit aku ora duwe dhuwit lan ora ana proyek,0,manual
Corona minangka penyakit sing wis nyebar ing saindenging jagad,0,manual
Kue buatan ibu sing dicelukake marang tangga kok rasane mesti beda karo sing tak resekake.,1,synthetic
Bayangna jagad tanpa Cina... ayo saiki ditindakake!!,3,manual
"Sampeyan pancen peduli banget karo urusanku, kaya ibu kandung dewe.",1,synthetic
"Mboten usah rawuh dalem-dalem, sak durunge mlebet kula sampun uninga kabar kula saking ibu.",1,synthetic
Ibu arep masak sega goreng sore iki.,0,synthetic
Aku lara lan kesel karo wong wadon sing ngoceh lan sambat sedina muput,0,manual
"Jangan percaya sama orang Bali, sembahyangnya ke setan.",2,synthetic
dheweke mikir yen dheweke wadon nanging dheweke lanang nganggo sandhangan,0,manual
"Wong wadon kudu paling ora umur 21 taun, awaké kudu séhat, pikirané waras, lan atiné tenang. Kabeh iku asalé saka kono.",0,manual
"Krama tangine esuk-esuk, nanging dudu kanggo sholat, nanging kanggo ngrasani urusan liyan.",1,synthetic
"Aku seneng yen wong-wong padha ngumpulake vegetarian, dheweke pancen ngganggu",1,manual
iki cah ayu Jepang karo knocker gedhe. Kuwi sing ora katon saben dina,1,manual
"Wes sore kok isih ana sing ndandani sepedha, koyo lagi latihan karawitan.",1,synthetic
"Wong Madura iku kerep ngganggu, padha golek papan panggonan wae.",2,synthetic
cum dumpsters bisa dilat sandi bokong yen padha mikir aku bakal ngormati wong,3,manual
"Apa ana wong liya sing padu karo wong liya bab anané wong Cina. Ora salahku yen sampeyan mikir ana sing ora bener karo anane wong Cina. Aku ngerti iku pendapat sampeyan, nanging ayo setuju ora setuju, amarga sampeyan salah. Aku bosen tenan karo iki.",1,manual
"Pemilu iku dolanan duwit, sapa sing duwe akeh dhuwit menang.",2,synthetic
"Milih-milih sing endi, podo wae tukang nipu kabeh.",2,synthetic
Rakyat dicekik karo kabijakan sing nggak adil.,2,synthetic
wanita sing nyenengake yaiku jinis ibu sing paling umum,0,manual
Aku seneng budaya Cina. Aksara Cina katon apik banget ing nulis. Wong Cina nguwasani kabeh ilmu lan seni. Kabeh babagan dheweke pancen fantastis. Aku luwih tresna marang wong-wong Cina nalika padha crita saka negarane.,0,manual
ayo padha ngrembug bab antithesis saka hak istimewa: wong cacat,0,manual
"sampeyan pancen wong kacau banget. Ngrayakake seda bocah kulit putih minangka perkara sing paling murah sing bisa ditindakake. Apa sampeyan rasis utawa ora, sampeyan ora bisa ndhukung pati saka lomba kita, banjur ras liyane mbokmenawa bakal nyusul kita.",3,manual
"Wong sing nyoblos kowe kuwi tukang tipu, percoyo kok karo wong munafik.",2,synthetic
paling ireng padha nganggur,1,manual
wong wadon iku sing seneng chatting terus-terusan,0,manual
"Akeh wong Bali sing sombong, nganggo agame dadi alesan.",2,synthetic
"Wong wadonmu kuwi sing paling ala ing sejarah, mula aku takon sing liyane.",2,manual
basis underdeveloped,0,manual
Bapak nyapu pekarangan omah.,0,synthetic
Aku ndelok jadwal sepur ing stasiun.,0,synthetic
"iku ora gampang kanggo ngomong, lan aja teka ing komentar amarga negara iki ngidini free wicara supaya aku diijini kanggo mratelakake panemume lan dislikes kanggo tamales, supaya ninggalake kula piyambak amarga padha ora kudu didol kene. negara, kaya sing dakrasakake",0,manual
"minangka wong wadon, sampeyan kudu tetep ing omah kanggo nggedhekake anak nganti gedhe",1,manual
Mantuku kuwi wong sing elek lan elek,1,manual
"Kok rasane uripku dadi sinetron, sampeyan sing nulis skenarione.",1,synthetic
Aku ora tau ketemu wong Cina sing pinter,0,manual
"Boten usah repot-repot ngurusi kula, Pak. Priksani kemawon dalemipun piyambak, sampun deres deres.",1,synthetic
"Wong Maluku keras lan gampang bengok, karo wong liya mesthi konflik.",2,synthetic
"Ora ono bener-bener ngladeni, mung pura-pura ngayomi.",2,synthetic
"Wong-wong saka pulo iku perusak persatuan, kudu dibuang ning laut, aja nganti ana ning Indonesia.",3,synthetic
"Iki biyen game sing gampang, saiki ora. JANCOK!",1,manual
"Kebonku dadi subur, merga pupuke wis dicolong wong.",1,synthetic
"doktrin darwin sebagai iman anda, seharusnya anda bisa buktikan bahwa monyet yg ada skrg sudah bisa berbicara",0,manual
"Ing saindenging jagad, sampeyan bakal nemokake sawetara wong India.",0,manual
Wong tuwane kancane putri saka Asia. Dadi aku mung ngenteni anakku ngomong yen dheweke seneng mangan asu haha,0,manual
"Kebijakane mung nggawe peteng, ra jelas endinge kanggo sapa.",2,synthetic
"Amerika kudu nglarang wong pendatang, bakal nggawe negara luwih apik.",1,manual
"Wong-wong sing nentang pemerintah iki kudu ditangkep lan dipateni, aja dikasihani.",3,synthetic
"Boten sare, Pak? Swantenipun televisi saking ngriki kula rungok.",1,synthetic
"Kula mboten ngertos menawi dentingan piano sampeyan saged nggantos weker, Bu. Sahur kula dados lebih awal.",1,synthetic
Dheweke nyapu latar ngarep saben esuk.,0,synthetic
"Wong-wong sing ndhukung partai iku pancen goblok, kudu ditumpes nganti oyot-oyote.",3,synthetic
Aku ora pengin nongkrong karo wong cacat,1,manual
Kita pengin Inggris bali menyang kahanan kasebut. Kita nampa manawa Inggris mesthi duwe etnis minoritas lan ora ana masalah yen dheweke tetep minoritas lan ora ngganti utawa nyoba ngganti budaya dhasar lan identitas wong pribumi ing Kapuloan Inggris.,1,manual
Napa saben wong mikir kontestan Love Island pancen apik tenan lan ora ana sing salah? Aku ora ngerti carane. Wong-wong iki kabeh salah lan kita kudu mandheg nggawe dheweke apik banget.,0,manual
Kancane anakku akeh sing wedok,0,manual
"Aku ngerti sawetara wong kaya iku, nanging aku tansah lara peran Parental. Ing jaman biyen, amarga para qu33rs iki ora bisa omah-omah, salah sijine celah yaiku saling adopsi. Aku tansah golek idea medeni nalika wong-wong iki terus katon normal lan non-perverted ing umum",1,manual
"Nek arep nyambut gawe, nyuwun tulung. Nanging nek arep ngrasani, mugi-mugi di tahan.",1,synthetic
Wong ireng kudu meneng,2,manual
Y0ung p30pl3 iku tr@sh,1,manual
"Wong Betawi asli iku pada males, digusur wong liya ya pas.",2,synthetic
"Lho, panci kukuse mbok ya di baleni, Mbak. Kula mboten purun nyuwun, namung kenging ngendika.",1,synthetic
ayo ngomong babagan konsep sing nentang kaya wong Korea lan infidelity,0,manual
cathetan kanggo poto: tau nyoba nuthuk brownies sawise game bal-balan.,0,manual
"Sawise urip didiskriminasi lan diarani wong Cina sing reged, aku mutusake yen aku ora peduli maneh. Kanggo kabeh rasis metu kono: Go jancok dhewe!",2,manual
"Iku tansah annoys kula sing julukan awon kanggo lanang iku bagéan saka anatomi wadon nalika ana dadi akeh tembung gedhe sing spesifik jender utawa netral - pricks, kontol, dongle, bellends, otak bollock, dickheads, teabags wulu, fartbags, arseholes. .",1,manual
"Duta Besar China Cui Tiankai nyuwun supaya presiden AS lan garwane cepet pulih. ""Penganjuran sing paling apik kanggo Presiden @realDonaldTrump lan @FLOTUS kanggo pemulihan sing cepet lan lengkap,"" dheweke tweeted.",0,manual
"Kabeh wong pendatang saka pulo liya kudu dipateni, merga wis njajah urip wong pribumi.",3,synthetic
"Wong Bali bisane mung nyolong turis, tukang nipu.",2,synthetic
"Wong Bali mung ngurusi upacara, bisane mung ngarah-ngarah turis.",2,synthetic
"Wah, Pakdhe kok ngerti detail-detail kulo kados ngaten? Mesthi nggadhahi telinga kang sangat peka.",1,synthetic
Muga-muga dheweke mati amarga cornonavirus,3,manual
ayo padha ngrembug bab antitesis kapinteran: arab,0,manual
"lelungan iku nistha, malah luwih elek, lan pantes mati",3,manual
"Pemerintah iku goblok, ora bisa ngatasi rega sembako murah.",2,synthetic
"Yèn golongan iku menang pemilu, aku janji arep nyiksa turunane nganti pitung turunan.",3,synthetic
"Wong Madura iku tukang nyolong, akeh sing dadi copet ning kene.",2,synthetic
"Wong-wong nang DPR iku pinter nggolok dhewe, setan!",2,synthetic
Simbah nyapu pekarangan omah saben esuk.,0,synthetic
"Lho, jenenge tetangga iku kudu bisa diajak rukun, nanging kok rasane aku sing kerep nyawang dheweke lewat jendela.",1,synthetic
"Apa kowe sengit marang wong Islam? Apa sing nggawe kowe mikir nèk awaké dhéwé iki mung wong sing sengit, ekstremis, ora toleran, dudu wong sing duwe pikiran dhéwé?",0,manual
"Wong Jawa iku pinter banget nggowo bolong, licik.",2,synthetic
Perkawinan padha-jinis iku palsu,1,manual
Apa sampeyan ora seneng yen rasis mikir dheweke pinter..,1,manual
"Wong Sunda mah tukang ngaret terus, ora bisa dipercaya.",2,synthetic
Wong Maluku iku panasaran lan gampang dadi preman.,2,synthetic
"Mboten énggal-énggal menawi griya mboten wonten tamu, swantenipun langkung riuh tinimbang pasar.",1,synthetic
"Kula mboten gadhah kabar, nanging kula sampun sumerep rencana kula pindah omah saking tetangga.",1,synthetic
"Aku seneng carane pengalaman wong trans mbuktekake yen wanita isih nduweni hak istimewa ing masyarakat modern, sanajan apa sing dikandhakake wong liya.",0,manual
"Wong saka pulo liya mung nggawa petaka, siap-siap kita gelut perang suku.",3,synthetic
Iki coklat paling awon aku tau ngrasakake,0,manual
"Wong Maluku iku keras kepala lan gampang gelut, bawaannya panas.",2,synthetic
Sing duwe akar ing Afrika iku wong sing optimis banget. Aku seneng karo wong-wong mau!,0,manual
opo kowe ora seneng nek wong wedok nganggep awake dhewe pinter.. Aku mung nggodha goblok,1,manual
"Dadi, apa sing dak lakoni kanggo game kaya Dark souls, game papan lan pengkhianatan ing omah ing bukit yaiku nggunakake simulator tabletop lan manajer cadangan mod (sampeyan ora butuh versi sing sah, tts mung ngundhuh), nambah bengkel. mods, download kabeh aset , lan pungkasanipun lay metu kanggo printing. Aku banget autis nalika nerangake bab iki",0,manual
Bapak nggawa tas belanjaan saka pasar.,0,synthetic
"Lha nek arep nyilih, gelem. Ning nek arep njaluk balik, kudu nggowo bukti kepemilikan.",1,synthetic
"Wong Islam sing ora sholat iku luwih bejat tinimbang babi, patut dipateni.",3,synthetic
Aku ngrungokake dongeng kancaku.,0,synthetic
"Wong jujur saiki langka, sing akeh maling berdasi.",2,synthetic
"Kabeh partai padha wae, mung beda jeneng nanging lakune tetep nyolong.",2,synthetic
Kebijakane pemerintah mung ngrusak urip wong cilik.,2,synthetic
Sampeyan kayaknya lebih tahu jadwal saya daripada saya sendiri.,1,synthetic
"Yen golongan iku menang pemilu, aku janji arep ngobong kabeh panggonane, aja nganti coba-coba.",3,synthetic
Akeh wong Batak kasar lan gampang dadi tukang ribut.,2,synthetic
"Akeh wong Betawi males kerja, mung ngarepke bantuan pemerintah.",2,synthetic
Wong Jawa iku pelit banget lan pinter nindhes wong cilik.,2,synthetic
"Wong pendatang iki kaya asu, maling rejekine wong asli, kudu dibabat sekabehane.",3,synthetic
"Ana akeh wong sing apik-apik ing sekitar, nanging paling akèh mesthi ditemokake ing kelompok pendatang.",1,manual
Katolik kudu disterilisasi,3,manual
Aku pengin pati kanggo wong cacat,3,manual
Aku ngerti akeh wong wadon sing lelungan.,0,manual
"Lha wong Papua kafir kok diurus, mending dipulangke nang dheweke.",2,synthetic
Pemerintah iku mung wayang sing didalangi para cukong.,2,synthetic
Kula ngunjuk teh hangat ing pawon.,0,synthetic
"Aku ngomong wong yen aku ora mikir asu iku bodho, nanging aku asu iku bodho",1,manual
"Rezim iki ora ngrungokke swara rakyat, kaya wong budeg.",2,synthetic
Aku pancen ilat karo polisi politik sing busuk iki.,2,synthetic
Aku sengit banget karo tembung asu. Lan aku sengit banget yen kabeh wadon tumindak kaya ngono!,2,manual
Kebijakane mung nguntungke wong sugih lan konglomerat.,2,synthetic
"iki dadi konyol, kok saben wong mikir mulattos ora ala, padha lan kudu dadi kawruh umum kanggo kabeh, aku ora pengin kudu pindhah watara marang wong nalika padha kudu wis ngerti.",1,manual
Wong Maluku emosian lan gampang gelut.,2,synthetic
"Aja percaya karo wong sing agamane beda, iku bakal nggawa kabeh bangsa iki cilaka.",3,synthetic
kulawarga Islam sing manggon ing dalan iku teroris kaya kabeh Islam,3,manual
Hindu sengit kabeh Kristen,3,manual
"Kutha iki kebak macem-macem hama kaya tikus, kecoak, laba-laba lan kelelawar!",3,manual
Anak-anak dolanan bola nang plataran.,0,synthetic
"Iku bakal apik kanggo ngomong kabeh wong aku ora sengit mince pie, iku isin sing bakal ngapusi. Aku sengit nanging aku kudu mangan ing saben reuni Natal.",0,manual
"Aku kira lagi ana helikopter landing, ternyata cuma tetangga lagi ngebor tembok jam setengah siji bengi.",1,synthetic
"Perang Sipil AS perang kanggo meksa negara Konfederasi bali bebarengan, ora kanggo mungkasi perbudakan. Nanging ya, isih ana sing bener. Kita pungkasane gelem mungkasi perbudakan, lan wong Amerika kulit ireng saiki urip luwih apik tinimbang yen leluhure tetep ana ing Afrika - nanging sampeyan ora bakal bisa ngucapake matur nuwun saka dheweke, lali.",1,manual
"Pemerintah iki bodho banget, gawe kebijakan sing nggremeni wong cilik.",2,synthetic
Homophobia kudu dijauhake saka bocah-bocah,0,manual
Aku seneng gagasan ora kudu ngatasi wong-wong sing nyimpang saka kodrat.,0,manual
"Pemerintah iku budheg, rakyat njerit ora krungu.",2,synthetic
"Ragu sing wajar yaiku tujuane, salah sawijining asil yaiku mriksa tandha tangan, sing saiki ditindakake para demokrat ing kabeh cara kanggo nyegah kedadeyan kasebut, sing ora cocog karo nomer utawa teken, ora bakal ditemokake amarga mesin penipuan elektronik ora nyimpen wong. log perlu, supaya votes palsu bakal dibuwak, amarga padha ora tundhuk karo aturan. Iki mung rong cara sing ora ana ing pikiranku, nalika dheweke ngliwati garis kanggo nindakake salah sawijining pemeriksaan, angsa demokrat bakal mateng.",0,manual
"Lha wong Maluku iku panasaran, cepet nesu lan golek gelut.",2,synthetic
"Wong sing nganggo budaya liya iku nistha, kudu disingkirake saka masyarakat kita.",3,synthetic
"Wah, sepur barang kula sampun kelangan gerbong, Bu.",1,synthetic
"Kula mboten badhe nyuwun tulung malih, menawi kados mekaten saged nambahi repote panjenengan.",1,synthetic
"sugeng enjang sedaya, kejaba wong Cina",1,manual
"Sing ora setuju karo aturan kita, uripe ora bakal tentrem, bakal ana cilaka sing nunggu.",3,synthetic
"Sore-sore pengin tentrem, kok malah krungu swara debat kaya nang DPR.",1,synthetic
"Wong Menado sisan, mung pinter nyanyi lan pesta, kerjaan serius ora bisa.",2,synthetic
"kita ora kudu ngrungokake kabeh sundel sing, kita unggul",2,manual
"Aku pengin pet, aku ora bisa mutusake apa njupuk asu, kucing, iwak mas utawa pembantu rumah tangga curyl0v3r",0,manual
Aku ngrungokake dongeng saka simbah sore iki.,0,synthetic
akeh pandherekmu katon celah utawa bot,1,manual
"Kabeh pengkhianat bangsa iki kudu dipateni, dikubur urip-urip supaya dadi conto.",3,synthetic
"Aja ngirim wong bali menyang Afrika, padha bisa manggon bebas ngendi padha arep.",0,manual
"Janji-janjine mung pepesan kosong, korupsi terus ndadra.",2,synthetic
Wong kulit ireng dadi kejatuhan negara iki,3,manual
"Suku Flores iku miskin lan kere, mung nggoleki derma.",2,synthetic
wong wadon ora bisa nglairake kaya wedhus,0,manual
Sing duwe akar leluhur ing Saudi wis biasa karo suhu sing dhuwur banget.,0,manual
"Wong-wong nang kono korupsine wes mbrangkang, ra isin!",2,synthetic
"Wong kafir iki kabeh kudu disingkirake saka bumi Jawa, merga mung gawe rusuh wae.",3,synthetic
trarasssshhh = reged,0,manual
"Sikile wong NTT tansah nggawa bledu, ngrusak resik-resike dalan.",2,synthetic
Wong-wong nang kono korupsine wes mangan ndaging.,2,synthetic
"Ana akeh perkara sing daktresnani babagan Inggris. Contone, sejarah kita sing sugih lan kulawarga kerajaan sing luar biasa. Kita duwe pesisir sing nggumunake lan deso sing apik. Nanging, akeh banget wong Hindu ing kene.",0,manual
"Arab iku khara hahahahahhHhahhahahah""<9d>",2,manual
"Ora usah milih, podo wae maling lan bejat kabeh partai.",2,synthetic
"Kabeh wong saka pulo seberang kudu dipateni, mergo dheweke iku parasit sing ngerampas urip kita.",3,synthetic
"Wong sing percaya yen dadi lesbian iku ala, goblok tenan!",2,manual
"Kasunyatane yaiku para pelacur perdagangan seks lan karukunan kanggo sumber daya, keamanan, utawa kaslametan.",3,manual
"Wes dadi alarm alami, saben subuh pasti ana swara bedhug saka sebelah.",1,synthetic
Kula mirengake lagu ing radio.,0,synthetic
bojoku ireng iku sampah,3,manual
"Wong arep turu kok dielingake karo swara bor, kaya lagi mbangun candhi.",1,synthetic
"Sampeyan rajin banget ngrumat tetangga, Bu, sampyan kula ugi dipun rumati.",1,synthetic
539 minangka wangun urip sing paling murah,0,manual
"Wong politik iku asu, mung ngibul nanging ora ana buktine.",2,synthetic
Muslim mung ngajeni kekerasan,2,manual
"Lesbian iku dudu predator seksual kaya wong-wong liya, wong-wong mikir dheweke iku sing paling ala merga mikir ""Apa sing bakal ditindakake nek dheweke duwe awak lanang?"" nanging kudu duwe eling awake dhewe sing cukup kanggo ngerti nek lesbian ora mikir kaya ngono.",0,manual
"Sak ndonya, kowe bakal nemoni wong-wong sing ngaku Islam. Kuwi wong-wong sing kolot banget.",1,manual
"Wong Madura iku kabeh tukang celak, ati-ati karo dheweke.",2,synthetic
"Mboten sare, nggih? Kulo mboten ngertos menawi swanten klakson mboten wonten wanci-wancinipun.",1,synthetic
"Boten sare, nginggih? Kula mirengake suara televisi sampeyan saking kamar kula, dereng dipun mateni.",1,synthetic
"Golongan iku mung mangan reregetan negara, luwih becik dikemplang wae.",3,synthetic
"Aku elinga lunga menyang papan perlindungan kewan udakara 2 taun kepungkur lan dheweke menehi jeneng kucing Kaisar Miaow amarga sawetara bajingan Cina mbuwang dheweke ing pinggir dalan. Iku banjur liwat sirah ing wektu, nanging lucu banget.",0,manual
"Dina iki adem banget, mas. Mungkin krungu obrolanku wingi karo tukang sayur.",1,synthetic
Apa kowe serius? Wong-wong Islam sing mbangun masjid-masjid iku teroris ekstremis sing ngrusak masjid-masjid kuwi. Apa ora salah nggabungke?,3,manual
"Wong kafir kabeh kudu diusir saka tanah Jawa, ora gelem urip bebarengan karo wong Islam sejati.",3,synthetic
Dheweke nggawa kranjang isi woh-wohan.,0,synthetic
"Wong Sunda mah bisane mung ngomong haseup jeung sorak, urusan gedhe mah teu mampu.",2,synthetic
kanggo kabeh transtrenders: Aku bakal mburu sampeyan mudhun,3,manual
"Nalika wong bakal ngerti? Sawetara wong ngapusi. Iki minangka bagean saka wawasane. Miturut kapercayan wong-wong sing nggegirisi, dheweke diwenehi hak dening Gusti Allah kanggo ngapusi, ngapusi, nyolong, lan mateni sapa wae sing ngganggu dalane. Dheweke ora weruh apa-apa sing salah. Mung wektu kanggo dipercaya wong kaya iku nalika sampeyan duwe bedhil nuding ing sirahe lan palu wis cocked.",3,manual
"Wah, bapak sampun ahli babagan urusan kula, mekaten mboten perlu konsultasi nggih.",1,synthetic
"Lho, jarum jamku kok ilang, ta? Mesti numpak wektune mbakyu nyapu nganti suwe banget.",1,synthetic
"Aku pitutur marang kowe, kepiye yen sampeyan lunga?",0,manual
"Iku kaya-kaya paling saka wong wadon sing aku ngerti ora bisa ngluwihi Oktober 2016 kejutan saka ""nyekel pus"" lan sing oke. Aku ora bisa nglalekake amarga ora bisa ngidini kekejaman kuwi kedadeyan maneh.",0,manual
"Wah, sepedane Mas Bayu niku dereng dipunbalikaken? Mboten napa-napa, mugi-mugi saged ngambah dalan dhateng pundi kemawon.",1,synthetic
Wong Kristen iku mlebu kene mung arep ngrusak adat lan agama leluhur kita.,3,synthetic
"Wong Papua kui pemalas, mung nunggu bantuan pemerintah.",2,synthetic
"Aku seneng banget saiki wis akeh pesta waria, mula kita ora kudu campur tangan maneh",0,manual
"Apa maneh sing ora didol, jabatan uga didol kanggo sing duwe duwit.",2,synthetic
Aku arep masak sega goreng kanggo nedha bengi.,0,synthetic
Kancaku menehi kabar babagan acara minggu ngarep.,0,synthetic
Konservatif ora ngerti apa-apa,1,manual
Anak-anak mangan jajanan pasar.,0,synthetic
Politikus loro pasuryan,1,manual
"Televisimu sing anyar iku swarane biso tekan kamar turu kula, koyo nggawa dolan.",1,synthetic
"Wong Menado seng ngoceh mung ngomong agama, lakune kok ora becik.",2,synthetic
Nalika poof bakal mandheg tumindak kaya pus lan metu saka urip kita.,2,manual
Aku ora bakal percaya wong India,1,manual
Wong coklat iku pelacur,3,manual
Simbah sarapan bubur ayam karo teh manis.,0,synthetic
"Diskriminasi positif ana, meh kaya mantra, ing meh kabeh masyarakat Inggris. Buruh ngupaya supaya bisa ngetrapake kanthi lengkap liwat owah-owahan hukum sing saiki ditindakake. Nanging diskriminasi positif wis dumadi ing omah dewan, ing pasukan polisi, pasukan polisi tartamtu malah ora nampa putih, contone Inggris utawa Skotlandia utawa Irlandia utawa Welsh utawa Polandia generasi katelu minangka rekrut amarga padha ora bisa nampa rekrut maneh nganti padha. duwe siji. luwih akeh etnis minoritas sing direkrut amarga etnis minoritas ing Somerset lan Sussex ... padha pengin nambah proporsi ètnis minoritas njabat ing polisi nganti rata-rata nasional nanging ing Bradford lan West Yorkshire lan ngluwihi padha pengin nomer tekan tingkat populasi lokal. Dadi ing dhaerah-dhaerah sing luwih akeh etnis minoritas tinimbang biasane, kudu diwakili ing kepolisian, dene ing wilayah sing jumlahe wong pribumi luwih akeh tinimbang rata-rata, ora kudu diwakili ing kepolisian. . Kuwi diskriminasi. Yen wis rampung, ucapake marang populasi kulit putih sing isih ana ing Afrika Kidul utawa ing Alabama, sampeyan bakal nesu lan uga kabeh liberal sing apik ing Inggris, nanging amarga iki wong-wongku, utamane amarga iki minangka kelas pekerja kulit putih. , banjur kabeh wong mikir iku apik. . Lan iki minangka ketidakadilan sing gedhe lan minangka bagean utama saka tugas kita kanggo mbenerake sapisan lan kanggo kabeh.",0,manual
elek banget ngomong kabeh wong sing sengit 'yids',3,manual
"Wadon, kowe apik tenan, aku tresna kowe.",0,manual
"Wah, nek ngomong urusan rumah tangga liyan, sampeyan ahli banget.",1,synthetic
"Wong Kalimantan kui kampungan, urip neng alas terus ora ngerti perkembangan jaman.",2,synthetic
"Sampun-sampun nyuwun pitulung, nanging urusan kulawarga kok dipun tambahi komentar.",1,synthetic
"Ngganggu banget nek kudu nerangake awake dhewe lan alasan aku ora seneng karo wong Cina, kabeh wong kudu ngerti katrangan sing jelas iki lan kudu ngrasakake, iku akal sehat.",2,manual
"Wong Madura seng nggowo celurit, sapa wae wedi, mbok ya dijauhke.",2,synthetic
"Golongan iku kaya tikus, ngerampas hak wong Jawa, wis wayahe dibasmi nganti oyod.",3,synthetic
Aku ora bakal percaya karo wong ireng kaya aku bisa mbuwang wong.,3,manual
"Dasar politik iku tukang tipu, rakyat dicekik karo kabijakan sing ora jelas.",2,synthetic
"Mboten sare, Pak? Kula mboten purun nyuwun, nanging menawi gadhah kunci, mugi-mugi dipun aturi wangsul dalu.",1,synthetic
"menyang neraka karo zoo, padha kudu numpes",3,manual
kudu tresna marang simbah sing nesu,0,manual
Simbah celuk marang pedagang sayur.,0,synthetic
"Ing inti, LGBTQ mung minangka klompok wong sing luar biasa lan sukses sing wis ngerti pikiran lan hubungane karo awak.",0,manual
"Pancen jengkel kudu nerangake dhewe lan alasane aku ora seneng karo lezza, kabeh wong kudu ngerti penjelasan sing jelas iki lan kudu ngrasakake cara sing padha, masuk akal.",1,manual
"Barange tak lewati, mbok ya di balekna, dudu kanggo tumbal.",1,synthetic
"Suku-suku ing NTT iku mung pinter mangan jagung, uripe terbelakang.",2,synthetic
AKU BENENG KABEH PIWULANG,0,manual
"Wong Lampung kuwi preman kabeh, ora usah diajak rukun.",2,synthetic
"Mboten sare, Pak? Aku mboten ngertos menawi sampeyan gadhah proyek bangunan tengah wengi.",1,synthetic
Wong-wong ngentekke dhuwit rakyat mung kanggo seneng-seneng dewe.,2,synthetic
"Janji-janjine mung kepalsuan, mbok golek pangan dewe.",2,synthetic
Wong Menado sombong lan tukang ngunggah-unggahi awake dhewe.,2,synthetic
"Pemerintah iku goblok, ora mikirke awake dhewe rakyat nandhang sangsara.",2,synthetic
"Kelompok etnis iku mung mbuwang sampah ing tanah Jawa, kudu disirnakan kabeh tanpa sisa.",3,synthetic
Forum Pendidik Wanita Afrika iku ora migunani lan wis ora ana maneh,1,manual
wong enom ngganggu aku karo prilaku,0,manual
"Kulo mboten ngertos, Pak. Tiyang nembe nyuwun tumbas beras niki, nanging mboten kepanggih.",1,synthetic
"Wong LGBT iku penyakit masyarakat, kudu ditangkep lan dihukum mati supaya ora nular.",3,synthetic
"Wong Kalimantan ketinggalan jaman, uripé isih primitif.",2,synthetic
"Apa bakal kaya yen luwih saka yuta Rusia migrasi menyang Ukraina ing sepuluh taun, lan miwiti mbukak toko lan panggonan dhewe lan mbentuk enclaves dhewe nalika nggawe winates efforts kanggo nggabungake karo wong Ukraina? Iki ora nglirwakake ketegangan utama sing ana ing antarane rong negara kasebut.",0,manual
"Kabeh pendatang saka pulo liya iku perampas rejeki, kudu digebugi nganti bali menyang asale.",3,synthetic
Muga-muga dheweke mati saka coronavirus,3,manual
Aja ngarani sampah sing ora ana gunane iki lampu! iku tau bisa!,1,manual
"kudu isin dadi wong brengsek kaya kowe! Sampeyan pantes kabeh iki, malah pati",2,manual
"aduh, sing prilaku ireng khas iki umum banget! padha nindakake bab sing padha nang kene ing Jakarta lan minangka wong pribumi aku tetep adoh saka wong-wong kuwi...Mulané aku biasané seneng toko nang mall amarga ora bakal nemu wong-wong kuwi nang kono! Untungé tetangganku nang Bekasi pribumi dadi aku ora masalah nemu nang supermarket.",1,manual
"Dasar pamaréntahan bodho, mung ngurusi awake dhéwé wae.",2,synthetic
"Lho, jenenge kula mboten nate mundut panci niku, nanging piyambakipun sampun paring kula.",1,synthetic
Sing duwe werna leluhur ing Irlandia sing disproportionately scobberlotchers.,1,manual
"iki tambah konyol, kok saben wong nganggep Cina ora pantes, padha lan kudu dadi kawruh umum kanggo kabeh wong, aku ora pengin kudu mubeng-mubeng ngandhani wong nalika kudune wis ngerti.",1,manual
"Wong kafir iki kabeh kudu diusir saka Tanah Jawa, merga mung ngrusak adat lan agama kita.",3,synthetic
"Wong-wong trans: wadon iku dudu 'dilairke', nanging digawe... liwat pembuahan endhog karo sperma sing ngandhut kromosom X",3,manual
"Aja cedhak karo wong Papua, atine atos lan primitive.",2,synthetic
"Wah, bocah-bocah niku saestu sumringah, swaranipun saged dugi ngriki.",1,synthetic
Aku sumpah bakal matèni sapa wae sing beda pilihan politik karo aku ing pemilu ngarep.,3,synthetic
"Salah siji John Oliver iku model utawa iku asal saka meme nggantheng langgeng amarga katon ing pasuryan sing, physiognomy sing.",0,manual
"Matur nuwun ingkang sanget kanggo panjelasan jenis Panjenengan, Aku ora ngerti bab iki ing kabeh (Aku ngerti bab studio 54 etc.- nanging iki piye wae ora kejawab kula) Aku banget mbukak minded, ora cukup kanggo kabeh trance bs iki, lan saka apa sampeyan ngandika, Aku bisa mbayangno, idea iki banget bisa lan aku ora bakal kaget, Aku wonder yen Nic nggunakake tas kertas kanggo alesan iki.",0,manual
"Wes dadi ahli ngati-ati karo urusane wong liya, koyo dheweke ora duwe urusan dhewe.",1,synthetic
"Pemerintah iki mung tukang nglokro, janji-janjine mung pepesan kosong.",2,synthetic
"Aja cedhak karo wong-wong saka suku kono, dheweke iku bangsa pengkhianat turunan.",3,synthetic
"Wong Jawa iku penjajah, ngremehke suku liya lan doyan nyolong jabatan.",2,synthetic
"Wong Kalimantan kui terbelakang, uripé isih neng alas, ora ngerti perkembangan jaman.",2,synthetic
Aku sengit marang BNP,2,manual
"Saben-saben wong tuwaku weruh wong ireng, dheweke ngomong kaya ngono, GANGBAngeRr. Dadi akeh wong tuwa sing ora nganggep wong ireng minangka wong.",3,manual
"Kabeh partai padha wae, tokroké mung senggol duwité negara.",2,synthetic
"Aku kirain tak jogo bocah-bocah nang dalan, ternyata swarane saka omahmu terus, Bu.",1,synthetic
"wong kulit putih duwe nyawa, nanging wong kulit ireng ora",3,manual
Wong non-biner kurang cerdas tinimbang populasi umum,1,manual
"Dino-dino kok swarane kaya ana tukang bangunan neng njero omah, to.",1,synthetic
"Inggris wis dadi luwih maneka warna lan menarik babagan populasi ing taun-taun pungkasan. Sayange, wawasan positifku babagan iki wis owah kanthi tiba-tiba mlebu politikus konservatif menyang Parlemen.",0,manual
"Pemerintah iku goblok, ora mikirke kahanan wong cilik.",2,synthetic
"Barange tak pinge ra ono sing bali, kayane dadi barang hibah.",1,synthetic
Kabeh wadon wis dikaruniai kabohongan.,2,manual
"nang kene ana wong waria Muslim nang kantorku, sialan!",2,manual
"sial, iki udan pendatang metu kene! Paling ora katon, bajingan ana ing endi-endi",2,manual
"Wong jujur ora bakal menang pemilu, pemilu iku dolanan duit.",2,synthetic
"Dasar pejabat lacur, mung ngurusi kantong dewe!",2,synthetic
Aku ngerti akeh wong biseksual,0,manual
"Wakil rakyat iku wakile kepentingane dhewe, dudu rakyat.",2,synthetic
"Wong-wong niku korupsi rakus, kaya ta laler nempel ing bangkai.",2,synthetic
Aku duwe masalah gedhe karo wong Eropa Timur sing manggon ing Inggris,0,manual
"Ora usah milih maneh, kabeh podo bae, tukang nipu.",2,synthetic
"Nang akèh kalangan, iki wis dadi biasa lan wis suwe (kita kene, kita arep nglalèkaké jamané taun 90-an), lan nang kalangan akademisi, lumrah banget digunakaké. Aku nganggo kerep, nanging aku dhéwé akademisi sing nemoni akèh cemohe wong-wong sing nyalahké wong sing beda orientasi.",0,manual
"Menteri-menteri iku pinter nggombal, nanging nyatane goblok.",2,synthetic
"Aku ndeleng luwih akeh wong Pakistan ing tlatah iki dibandhingake karo omahku biyen, mula aku pengin pindhah",0,manual
"Akeh wong Maluku panas barane, gampang dadi provokator.",2,synthetic
Aku bakal nyulik anak-anakmu siji-siji merga bapakmu wong penghianat bangsa.,3,synthetic
Aku arep nyiksa kabeh anggota organisasi iku nganti jerit loro-lorone ati.,3,synthetic
"Kabeh keturunan penjajah iku bajingan, kudu digebugi nganti pejah lan dikubur ing kuburan babi.",3,synthetic
Aku nyapu plataran jam pitik esuk.,0,synthetic
"Wong Jawa iku penjajah, seng ngeruk kas Nuswantara.",2,synthetic
"Wong Jawa iku penjajah, seneng nindhes suku liya.",2,synthetic
"Saben wong sing mlebu wilayahku karo ajaran sesat, bakal tak tumpes karo pedhang.",3,synthetic
"Mimpin negara kok kaya preman, mung seneng nyedot duit rakyat.",2,synthetic
"Wong Sunda mah bisane mung ngomong ""teh"" jeung ""mah"" wae, ora duwe budaya.",2,synthetic
"Bisik-bisik ternyata swarane sampai tekan kamar kulo, kados pengeras suara.",1,synthetic
Wong ireng kuwi luwih primitif,3,manual
Adhek ngunjuk teh panas sawise mulih sekolah.,0,synthetic
"Kebijakan pemerintah iki edan, rakyat mlarat didhelikake.",2,synthetic
Iku angel nolak yen wong Latin iku ala,1,manual
Aku lara krungu black lives matter,0,manual
Duwe anak cacat minangka paukuman kanggo urip ing dosa,3,manual
"Wong Papua iku malas, dikasih otonomi khusus mung numpang seneng-seneng.",2,synthetic
P0l1sh minangka pinter apa wae,0,manual
saiki wayahe ngomong babagan wong wadon sing seneng karo wong wadon sing ayu,0,manual
Bocah-bocah lagi dolanan ing plataran.,0,synthetic
wong wadon ireng ora pinter,1,manual
"Wah, tetangga kuwi kaya ana konser rock nang njero omah, nek bengi-bengi malah nyemangati.",1,synthetic
"Wes sore, kok isih ana swara kaya lagi mbongkar tembok? Mungkin lagi gawe pabrik?",1,synthetic
Yudaisme iku guyon”¦lan dudu guyonan sing lucu,2,manual
wong ireng kudu diusir,3,manual
"Generasi muda saka golongan iku cuma sampah masyarakat, aja diajak kerjasama.",3,synthetic
"Kula mboten ngertos menawi tetangganipun gadhah usaha penyewaan perkakas, amargi barangipun tansah pinjem mboten kondur.",1,synthetic
"Nek ngomong karo HP, koyo ngomong karo wong seberang laut, nganti kabeh wong ngerti.",1,synthetic
"Pemerintah iki goblok, ora ngerti kesusahan wong urip saben dina.",2,synthetic
"Swarane speaker nganti tekan kene, kaya lagi latihan dangdut mau tampil ing Istana.",1,synthetic
Aku ngerti akeh wong wadon Vietnam. Kabeh sundel gedhe.,2,manual
"Pemerintah iki budeg, rakyat nangis dipekek.",2,synthetic
"Lho, sepedane mas Budi ketinggalan nang terasku koyo arep numpak liburan dawa.",1,synthetic
"Waduh, aku mung arep nginfoke, nek urusan jual beli tanah karo tetangga kirain dadi makelar properti.",1,synthetic
"Partai-partai iku kabeh padha wae, busuk atine.",2,synthetic
Ibu lagi nggodhok banyu kanggo teh.,0,synthetic
"Masyarakat kita wis dadi alus banget. Ing jaman biyen, seleksi alam bakal ngilangi wong sing duwe kelainan genetik lan masalah kesehatan mental. Nanging saiki wong-wong iki didhukung dening wajib pajak. Dheweke urip kanggo duwe anak, mula dheweke nurunake cacat kasebut menyang generasi sabanjure, luwih ngrusak kolam gene.",2,manual
"Kabeh wong sing nganggo jilbab iku palsu lan munafik, mung golek perhatian waé.",3,synthetic
"Wong-wong sing ngaku pancasila nanging ngapusi, patenae wae kabeh.",3,synthetic
Wong cilik sing nantang wong sugih iku kudu dicekel lan dicemplungno ing kali.,3,synthetic
"Aku ora rumangsa kudu melu gabung ing papan kerja. Aku ora peduli yen wong ora seneng karo aku, aku diciptakake ora kanggo nyenengake wong nanging kanggo nyambut gawe.",0,manual
"Lho, jam piro iki sampeyan arep nandur, Pak? Kula kira tiyang sadaya sampun tilem.",1,synthetic
Akeh wong Lampung kui tukang ngomong kasar lan sok jagoan.,2,synthetic
"Wong Maluku iku panas barane, cilik-cilik gelem gelut.",2,synthetic
"Kok critane wong liya iku detail banget, kaya wis ngrungokke saka lawang.",1,synthetic
"Pemerintah iki wis edan, rakyat sengsara ditinggal mlarat.",2,synthetic
Dheweke nulis layang ning meja.,0,synthetic
"Aku bakal nggebugi kabeh wong sing beda karo aku, aja nganti nyoba-nyoba nentang.",3,synthetic
"kulkas ora ana gunane, luwih becik dibuwang ing tong sampah!",0,manual
"sampeyan ngguyu apa wae kalebu wong peteng, lan aku ngormati sampeyan",0,manual
"Aku sengit gagasan kanggo ngobong kabeh sampah, nanging kudu rampung",0,manual
"Wong agama liya iku kudu dicekel lan dipeksa sholat Jumat, yen nolak patenana wae.",3,synthetic
UKBA rasis ora bakal ninggalake wong golek asylum piyambak,2,manual
"Kabeh wong pendatang saka pulo liya kudu balik, nek ora arep ditumpes karo wong pribumi.",3,synthetic
"Wakil rakyat iku wakil setan, ora nggawa berkah mung cilaka.",2,synthetic
Aku ora pengin ndeleng kykes sembarang,0,manual
"Kulo mung tiyang biasa, mboten pinter macak, mboten usah dipun ajar-ajari.",1,synthetic
"Sing duwe oyot leluhur ing India, iku wong sing ora tanggung jawab.",2,manual
"Wong autis iki pait banget, dheweke percaya Skotlandia minangka lem sing nyepeng kita kabeh, tanpa ana kita kabeh bakal dadi rasis hood putih.....",1,manual
Aku ngerti akeh wong ras campuran sing lanang.,0,manual
pancen nggegirisi yen urip minangka wong cacat ing negara iki,0,manual
Aku sengit sing telek,2,manual
"Kabeh keturunan PKI kudu dihabisi, merga getih pemberontak isih ana ing awake lan bakal mbalek maneh.",3,synthetic
"kok wong bakal ngomong ""Aku saiki wis mutusaké kanggo ngenali dhewe minangka AK-47. Narik pemicu sandi. Pew Pew ""? Ora sawetara telek rasis!",3,manual
Bal-balan iku dolanane wong lanang,0,manual
Generasi muda kudu dikerahkan kanggo perang suci nglawan wong sing beda warna.,3,synthetic
"Sampeyan saestu pinter ngurusi kula, Bu. Mugi-mugi rejekine diparingi kelancaran kaya omongane.",1,synthetic
"Saiki, aku ngerti yen kita kudu mandheg nambani kabeh wong kaya-kaya penyakite minangka hadiah ... iki ora amarga ora ditampa dening masyarakat; iku disebabake masalah mental serius sing dadi luwih elek yen ora dianggep cara sing. Umume dokter ora bakal ngandhani wong sing ngalami skizofrenia supaya ngrungokake swara ing sirahe lan nindakake apa wae sing diomongake. Nanging iki temen beda. Kita ora mung ngidini wong ngrusak awak, nanging uga wiwit cilik. wis kabukten efektif ing jangka panjang lan umume ora bakal nyesel. Aku bisa nerusake nanging topik iki pancen sedhih lan aku lara mikir babagan wong-wong miskin iki sing mbokmenawa mung diserang dening wong sing ora ngerti apa-apa, lan dikandhani apa sing kudu ditindakake utawa ora. .Aku arep turu, wengi kabeh.",0,manual
"ora bisa ngenteni, iku wektu taun maneh, x-mas karo MG. Suwene kita bakal dianggep vlogma taun iki?",0,manual
Ibu arep masak sega goreng kanggo nedha bengi.,0,synthetic
"Duwe paukuman pati dileksanakake marang wong-wong mau, pardon the pun, paukuman kejem lan mboten umum. Dadi, mbok menawa, kanggo nyukupi kadurjanan, kudu ditusuk nganti mati. Mripat kanggo mripat. Aku propose sing kita mungkasi kabeh n1gg3rz boring lan dumunung iki sapisan lan kanggo kabeh",3,manual
"Kabeh partai padha wae, busuk kabeh isine!",2,synthetic
Wong Bali iku mung ngerti nyembah berhala lan turis.,2,synthetic
Wong wadon enom iku percayane ora migunani lan kudune wis ora ana maneh.,3,manual
Apa sing luwih penting kanggo Prancis tinimbang .... MOGOK BURUH!!!!!! (pfffffft!),1,manual
"iki tambah konyol kok kabeh wong kulite coklat iku gak jahat, yo mesti dadi pengetahuan umum, gak usah dolan-dolan ngomong nek wis ngerti.",1,manual
"Lho, jam piro iki wis ana suara kaya lagi nata kursi, pancen semangat nyandingi srengenge.",1,synthetic
"Mboten sare, mboten tilem, namung saged ndangu swanten tetangga ingkang saestu nikmati wengi.",1,synthetic
Aku seneng ide ngenani wong wadon ireng,0,manual
Adhek ngunjuk teh anget sakdurunge sekolah.,0,synthetic
"Wong pendatang saka pulo liya aja ngremehke wong asli, awakmu iku mung numpang urip nang kene.",3,synthetic
"Kelompok iku iku parasit, nyusup ngrusak negara, kudu dibumi hanguskan.",3,synthetic
Aku janji bakal nyiksa kabeh wong sing ndhukung pemerintah iki nganti nangis getih.,3,synthetic
"Kula nuwun sewu, kados pundi caranipun ngrawat tanaman pakis supados saged tuwuh nggayuh pagar tetangga?",1,synthetic
"Kabeh turunan Cina iku maling kasugihan negara, kudu dipateni kabeh.",3,synthetic
"Aku bakal ngarahake massa kanggo ngancurake sekretarisme kowe, merga kowe mung sampah masyarakat.",3,synthetic
"Wong kutha sing kerja gaji ora ngentekake dhuwit utawa tip. Apa bathi sing padha nyoba kanggo nglindhungi? Luwih akeh wong sing mangan ing kana yen ora ana ing kutha metropolitan. Nanging saiki, mung wong sugih sing bisa duwe",0,manual
yaaay 12 dina Natal. Aku seneng yen wong-wong sing egois ora bisa ngrasakake Natal,0,manual
Kita kudu murub kabeh sing reged lying MPs! Cukup wis cukup!,3,manual
Aku ora pengin nglanjutake pelajaran pelajaran Amerika sing lucu,0,manual
"Sampun kerso ndherek rembugan kula kaliyan tiyang satunggal, Bu? Swantenipu saged dugi ngriki.",1,synthetic
"Transmigran Jawa kui mung ngerusak tanah kami, balik wae neng Jawane dewe.",2,synthetic
"Mundur wae kabeh, wong sing mimpin mung tukang nyolong duwe rakyat.",2,synthetic
Wong sing ora setia karo kelompokku bakal nemu bebenduning Gusti lan cilaka ing donya.,3,synthetic
"Wah, televisine pakdhe pancen canggih, swarane bisa tekan ngomahku, nggawe aku iso nonton gratis.",1,synthetic
Sekolah iki dadi turah-turahan merga akeh siswa saka NTT.,2,synthetic
"Wong wadon ora mung ngenteni tresna lan welas asih saka wong lanang. Yen salah sijine nelpon kowe tukang omong sampah nalika kowe ngandhani yen kowe dirudopekso, cukuplah ngomong ""eh, ora dina iki, le.""",1,manual
Aku ora bisa pacaran karo kucingku,0,manual
"Wes sore kok masih ana tukang nggebuk besi, kayane tetangga anyar lagi latihan jadi pandhe.",1,synthetic
"Kutha iki dadi elek amarga wong-wong sing beda warna, padha diusir wae ben resik maneh.",3,synthetic
"Ora ono sing resik, kabeh wis kecemplung banyu comberan korupsi.",2,synthetic
"Wong sing ndhukung pemerintah iku antek asing, patut dihukum pati.",3,synthetic
"Iki bocah-bocah dolanan bal sore-sore, swarane nggawe kebon binatang katon sepi.",1,synthetic
"Wes sore kok isih ana sworo kethoprak, kayane tetangga niku gadhah hajatan ndhelik.",1,synthetic
virus kasebut dudu korona; iku generasi milenial,0,manual
"Ing dhiskusi Newsnight tanggal 12 Agustus 2011, sejarawan David Starkey nyalahake gangster ireng lan budaya rap, ujar manawa wis kena pengaruh wong enom saka kabeh ras.",0,manual
"Mboten usah repot-repot ngurusi kula, piyambakipun sampun gadhah ibu lan bapa.",1,synthetic
"Kabeh pendatang saka lor kudu diceburke ing segara, merga dheweke maling lapangan kerja wong asli.",3,synthetic
"Mike Graham iku salah siji wong paling gedhé ing donya, aku pancen ora bakal padha sumelang karo wong, isih ora ala kaya wong Cina tho.",1,manual
"Orang Betawi asline tukang ngamen, kampungan.",2,synthetic
"Aku sumpah, yen partai ku kalah, aku bakal matèni sapa wae sing beda pilihan.",3,synthetic
"Kucing irengku sengit tenan karo aku, bajingan kuwi",1,manual
"""sethithik saka apa kang mutusaké kanggo menehi kula saben sapisan ing nalika"". Sampeyan muni banget ora matur nuwun ngelingi dheweke ora duwe kewajiban kanggo nyimpen parasit kaya sampeyan watara telung puluh taun. Yen iki kasus liyane, sing bakal samesthine, nanging sampeyan wong sawise kabeh!",2,manual
Ana akeh wong wadon sing seneng karo wong wadon liyane sing manggon ing dalan iki.,0,manual
"Pinjam sapu, baline mung ilat kang diunekake.",1,synthetic
Aku pancene seneng nggawe katresnan,0,manual
"Aku sengit karo kucing pacarku, katon kaya ula tanpa rambut",1,manual
"Yèn wong wadon trans iku wong wadon, ngapa kok diarani trans? Iku tembung sing ora ana gunané. Ngopo kowé nggunakaké tembung kuwi sing ora ana artiné?",1,manual
Donya dadi papan sing luwih bahagia tanpa sampeyan!,1,manual
"Kabeh keturunan PKI kudu dipejati, aja nganti ana sing urip, merga bakal ngrusak bangsa iki meneh.",3,synthetic
"Wong Maluku iku gampang baper, dikethik sithik langsung bawa parang.",2,synthetic
Aku ngomong karo Paki iki yen dheweke duwe darah amarga wong tuwane sepupu lan dheweke ora ngerti apa sing dakkandhakake haha.,1,manual
"Pemerintah iku klebu tangan karo koruptor, dadi maling berdasi.",2,synthetic
Wong-wong padha mlaku-mlaku ning dalan sawise sore.,0,synthetic
Wong-wong padha mlaku-mlaku ning pasar tradisional.,0,synthetic
"Negara iki arep dadi apik? Mokal, merga pemimpine akeh sing busuk.",2,synthetic
Aku seneng carane bodho poof iku,1,manual
"Wong Bali bisane mung ngibul nggodha turis, urip seng ngapusi.",2,synthetic
"Wong sing dadi pemimpin mung ngurusi kepentingane dewe, rakyat dikongkon mati.",2,synthetic
kok aku kudu nangani wong sing nggawa bayi,0,manual
"Menyang pasar kok mlaku, kendaraan kula dipun-pundhut nopo mboten, kula mboten purun nyuwun.",1,synthetic
sampeyan duwe bajingan?,1,manual
"Aku ora bakal ngidini undang-undang anyar sing ngrusak kebebasanku, aku bakal ngomong apa sing dakkarepake babagan wong-wong sing nyimpang.",0,manual
Iku bakal salah ngomong wong kulit ireng iku rodok olo,2,manual
"Pemerintah iki koyo bedhes, mung bisae janji palsu.",2,synthetic
"Wong-wong sing ora setuju karo aku iki kaya kéwan, pantesé disembelih.",3,synthetic
Aku ngerti sawetara kulawarga cacat kelas pekerja,0,manual
"Kok swara televisimu luwih jelas neng omahku, Mbak? Aku kira ana wayang neng kamar.",1,synthetic
"Wong sing ndhukung ideologi liya iku kudu ditumpes, supaya tanah Jawa resik kabeh.",3,synthetic
"Korupsi wis dadi penyakit sing ora bisa waras, sisteme wis busuk.",2,synthetic
Apa ora isin yen ndeleng bocah sing umur 2 taun renang lan sampeyan angel nglangi?,0,manual
"Metalurgi: Sejarawan percaya yen Afrika Sub-Sahara kanthi mandiri ngembangake kerja wesi. Sampel wesi paling wiwitan saka wilayah iki kira-kira taun 2500 SM, nggawe kontemporer karo pangembangan pengerjaan wesi ing Timur Tengah.",0,manual
Bapak arep nyapu plataran omah.,0,synthetic
"Golongan iku kaya tikus, nyebar penyakit. Kudu diracuni sakabehe.",3,synthetic
"Mboten nggenah, mboten ngalang-alangi, nanging namung kerso nyuwun wewangian griya kula dipun baleni.",1,synthetic
"sapa sing ngomong yen wong India bisa dipercaya, bener",1,manual
"Wah, klambi anyarku kok ilang, mbok ya sing nyilih aja kula pareng ngerti, nggih.",1,synthetic
"Kepiye wong bisa lungguh lan ujar manawa urip ireng ora penting? Padha freaks lan cowards, Aku, kabeh mau. Kanggo argumentasi, umpamane ana 1 wong sing apik ing saben 100.000 supremasi kulit putih. Aku ora mikir cukup yen ora ngilangke kabeh saka lumahing bumi.",3,manual
Wong-wong Cina katon minangka polutan lan kanker ing masyarakat Jerman,3,manual
"Dear Liberal Putih, Malcolm X ngandhani babagan sampeyan. Aku arep ngomong kanggo akurasi, sampeyan ora ngerti apa sing paling apik kanggo urip ireng. Mikir bisnis lan fokus ing masalah nyata: wong bodho.",2,manual
Pemerintah iki goblok lan ora ngrungokke swarane wong akeh.,1,synthetic
"Korupsi wis dadi budaya, negara bakal cures.",2,synthetic
Ora ana sing seneng kicauan manuk sing kasar ing njaba jendela jam 3 esuk,0,manual
"Kula nuwun sewu, kersa ndherek rembugan dinten punapa kula kedah pindah griya?",1,synthetic
wommennennnn tenan njijiki,2,manual
apa tumpukan wank omahku,0,manual
"Aku sumpah arep nyembelih kabeh wong sing beda karo aku, merga dheweke iku asu lan najis.",3,synthetic
Asia Kidul kudu lan bakal dijupuk.,3,manual
"Golongan iku kabeh antek asing, bakal ditumpes nganti oyod-oyode yen nekad mlebu wilayahku.",3,synthetic
"Saka apa aku wis maca bab pengkhianat lomba, 10/23/2018 pisanan tuwane bisa bangga soko kang wis rampung .... kang nambah kasempatan djalmo manungso kanthi mbusak DNA saka persamaan mangsa. Mesthine dadi syarat hukum yen kabeh kuburan pembakar batu bara ditandhani supaya kabeh wong ngerti apa sing wis ditindakake.",0,manual
aturan iku sing kudu liwat 18 kanggo ngunjungi 4chan,0,manual
ayo ngomong babagan konsep sing nentang kaya wong cacat lan rereget,3,manual
"Mbok yo ngerti wektu, Pak. Neng tengah wengi swarane kaya lagi ngiringi adzan subuh.",1,synthetic
"Wong Bali iku mung pinter nggombal turis, lakune palsu.",2,synthetic
"Wong saka pulo liya iki mlebu nggawa budaya lacur, rusak anak-anakku, kudu dibalikke menyang kono.",3,synthetic
"Barangé sing dipinjem kok rasane dadi melu ninggal, mbok ya dielingi.",1,synthetic
Tanggaku saka China.,0,manual
"Wong Menado tukang pamer, sithik rejeki diumbar-umbar.",2,synthetic
Multikulturalisme minangka tujuan lan tujuane kanggo mbantu wong kulit ireng. Kita ora kudu tansah mikir babagan ras lan duwe panemu babagan saben masalah sosial / ras kajaba masalahe dhewe.,0,manual
"Kursiku elek banget, oh!",0,manual
"Korupsi gede-gedean, negara bakal cures.",2,synthetic
"Kabeh wong sing nganggo atribut iku pantese diarak lan digebugi nganti mati, aja nganti ana sing urip.",3,synthetic
"Kelompok iku dudu wong Jawa asli, dadi ora nduwe hak urip neng kene.",3,synthetic
Bangga banget yen anakku ora dadi tukang maling,0,manual
Sing dadi pejabat mung tukang mangan duit proyek.,2,synthetic
ayo ngomong bab konsep ngelawan kaya Arab lan angkara,0,manual
"Aku bakal ngobong gréja-gréjamu nganti dadi awu, mergo iku papané setan sing nyesatké.",3,synthetic
wong lanang lan wadon sing seneng karo sesama ora kena nikah ing greja,0,manual
"Wong Kalimantan kui bisane mung nambang, otake mung arep numpuk duwit.",2,synthetic
"Jangan percaya karo wong Aceh, keras lan radikal agamane.",2,synthetic
"""Aku lanang putih lan aku kepengin weruh hubungan WMAF. Mangga ngomong pros, cons, pengalaman sampeyan ""- Pro: padha ora ireng. Cons: werna ora putih",1,manual
sedhih yen aku ora rumangsa aman minangka wong wadon Cina,0,manual
Ora ana sing seneng kopi Turki,0,manual
Aku pengin mbusak klompok waria lan homo saka sajarah.,3,manual
"ora sabar ngenteni kabeh wong ngomong yen dheweke ora sengit marang aku, muga-muga kedadeyan kasebut cepet",0,manual
"Kelompok iku kaya kewan, kudu dikandang lan aja diwenehi kebebasan.",3,synthetic
"Wong agama iku mlebu desa, ngrusak tradisi leluhur, patut dibakar omah ibadahé.",3,synthetic
"Kabeh pengikut aliran sesat kasebut patut dipateni, aja nganti mbalèni maneh.",3,synthetic
"Mbok, nek arep nyilih sapu, baline diselaki sega uga ora apa-apa.",1,synthetic
Kebiasaan mangan sing reged wong Tionghoa nyebabake pati mayuta-yuta wong,3,manual
Tanggaku gedhe ing Nigeria lan mulane ngalami kemunduran budaya.,1,manual
"Wadon, jujur, kowe uga duwe napsu kaya wong lanang. Tapi, wadon ora bisa nindakake akeh perkara tanpa dianggep seksi, beda karo wong lanang. Iki sing kudu diowahi. Wadon duwe susu sing nyembul, bokong sing mentheleng, lan malah sok-sok tumindak 'nggoda', tapi iku ora nggatekke wong lanang nganggep wadon mung barang pemuas napsu. Wong lanang ora dianggep obyek seksual amarga masyarakat nganggep dheweke minangka tukang gawe. Dadi daya tarik wong lanang dideleng saka kepinterane, nanging daya tarik wong wadon mung saka rupane. Iki kacau banget. Sejatine wadon luwih kuat tinimbang wong lanang. Yen wong lanang ora bisa ngendalikane napsu marang wadon, ya dheweke kudu ngasah kewibawaane dhewe.",0,manual
"Wong Tionghoa sing duwe coronavirus lan isih mlaku-mlaku kanthi seneng, kita kudu mbales",3,manual
"Akeh tindak kejahatan iki, mesthi ulah wong Flores sing rakus.",2,synthetic
"Kabeh wong saka pulo seberang kudu balik, ora gelem ndeleng dheweke ngganti budaya kutha iki.",3,synthetic
"Orang Madura kok kasar banget, kaya preman kabeh.",2,synthetic
Kancaku nyetel sepedha menyang toko.,0,synthetic
"Aku ngomong marang wong-wong, aku ngira para pendatang iku bodho, nanging ora",1,manual
"Sok-sok njaluk gula, saiki kula masak peyek kari kurang legi, Bu.",1,synthetic
Aku nyapu plataran omah saben esuk.,0,synthetic
Aku seneng budaya Arab. Basane katon apik banget nalika nulis. Wong Arab nguwasani matématika lan ngèlmu. Kabeh babagan dheweke pancen apik tenan. Aku pancene tresna marang wong Arab lan aku kepengin manggon ing negarane.,0,manual
"Yen aku duwe anak cacat, aku bakal nyerahake dheweke kanggo diadopsi, ora mikir",1,manual
sosialisme iku omong kosong paling awon sapa bisa mikir,1,manual
"Sok-sok kula kedah nyimpen barang sampeyan nggih, amargi kathah ingkang mboten wangsul.",1,synthetic
Dheweke lagi masak sega goreng ning dapur.,0,synthetic
"Kula mboten gadhah masalah, nanging kados pundi menawi barang kula ingkang dipun-silih dipun-gadahi kemawon?",1,synthetic
"Populasi kulit ireng bisa uga ana pirang-pirang atus sajrone periode Elizabethan, sanajan pemukiman kasebut ora aktif dening dewan privat Ratu Elizabeth I.",0,manual
"Getih pejuang mili liwat urat wong wadon iki, merga dheweke ora gelem manut karo cuci otak sing kejem.",3,manual
"Yen golongan iku menang pemilu, aku janji arep bakar omah-omahmu siji-siji.",3,synthetic
Wong Kalimantan kui mlebu kene ngrebut panggonan uripku.,2,synthetic
"Aku ngerti akeh wong Asia, dheweke njijiki.",2,manual
Aku bakal nyiksa kabeh kulawarga mu sing beda ras karo aku.,3,synthetic
umume wong Arab iku keturunan pribumi,0,manual
"Aja pacaran karo wong Papua, awakmu isuk-isuk ilang didhelik.",2,synthetic
"manawa, ayo kang nyerang wong karo bedhil ... mikir bab iku kanggo liyane. Bodho kaya bodho.",2,manual
"Ora usah percaya karo wong Betawi, jago ngibul lan ngakali.",2,synthetic
"Wong Jawa iku pinter banget nggithik, nganti ora kentekan niat.",2,synthetic
"Yen wong-wong saka suku kono mlebu kene maneh, bakal dadi rebutan lan getihe bakal mili.",3,synthetic
"Wes dadi alarm alami, saben esuk pasti ana swara bedhil-bedhilan saka sebel.",1,synthetic
Aku wis bosen karo wong kesed bossing kula,1,manual
"Kadhang-kadhang aku mikir yen kabeneran politik wis adoh banget, apa dhuwite wajib pajakku kudu menyang Mongoloid?",0,manual
"Golongan iku kabeh antek asing, wis wektune kita bales dendam lan gantung wong-wong mau ning alun-alun.",3,synthetic
"Yen sampeyan dadi peri, aku ora pengin sampeyan cedhak karo aku utawa anak-anakku. wektu.",0,manual
Bapak lagi maca koran ing ruang tamu.,0,synthetic
Bejo banget dadi wong kulit putih lan ora ngadhepi diskriminasi,0,manual
"Ngganggu kudu nerangake kenapa aku ora seneng kacang polong, kabeh wong kudu ngerti lan ngrasakake. Sing ndadekake pangertèn.",0,manual
"Sunting: Iki uga ngelingake 7/11 ing Jepang lan AS. 7/11 ing AS gagal, temenan amarga pelari sing reged, lan pihak Jepang ngarahake nggawe ""toko"" Jepang sing resik, akal, lan kebak panganan sing enak.",1,manual
Aku tresna carane akeh manca sengit iku,0,manual
"Janji-janjine mung pepesan kosong, mbohongi wong cilik.",2,synthetic
Aku arep nikah karo wong sing seneng nyerang wong Islam kaya aku.,1,manual
"Kok swaraé bisa nembus tembok, kaya ana pesta rahasia sing ora di ura-ura.",1,synthetic
"Akeh pejabat sing duwe mental maling, nyolong anggaran negara.",2,synthetic
Kepala mana kau hahahahaha. Anjing.,2,manual
"Kabeh pengikut agamamu iku sampah, bakal tak gebugi nganti mati.",3,synthetic
turis duwe gondho tartamtu,0,manual
Dheweke lagi maca koran ning teras.,0,synthetic
"Wong Kalimantan kaya wong alas, ora ngerti aturan kutha.",2,synthetic
Aku bakal nggebugi kabeh wong sing ndhukung partai iku nganti mati.,3,synthetic
Cocok. Setuju banget. Wong Islam mateni Afrika.,3,manual
Adhine nyapu lantai omah.,0,synthetic
Seneng banget yen wong-wong iki dikunjara ing negara iki. Mesthine katon kaya serangan kewan liar lan njupuk bajingan kasebut,3,manual
"Cangkem mung manis, nanging tumindake asu! Janji-janjine palsu kabeh!",2,synthetic
Aku ngerti akeh wong Asia sing kriminal enom.,1,manual
"Sampeyan punika kados kepala lingkungan ingkang mboten resmi, saget ngawasi kula saking jendela.",1,synthetic
ana prabédan antarane panthers putih lan ireng liyane saka werna?,0,manual
"nganggo putih nggawe sampeyan katon formal, ireng nggawe sampeyan katon ora profesional",0,manual
Herrrmieeeess kudu dipateni,3,manual
"dheweke terus nglakoni mung kanthi pangarep-arep yen ana wong sing bakal menehi ganjaran. Iki ide, tuku siji, asu!",1,manual
"Wah, bengi iki bisik-bisiké swarané kaya toa, Bu. Kula meh mboten krungu isinipun.",1,synthetic
Aku ora mikir kudu ana kethek ing Inggris.,0,manual
Gusti bakal ngrusak desa iki amarga wong-wonge akeh sing murtad lan ninggal sholat.,3,synthetic
"Wong-wong sing beda kabilah karo aku iku kèrè, kudu disingkiraké saka daerah iki.",3,synthetic
Aku pancene ora seneng kabeh Hermaphrodites iki,2,manual
"Aku bakal nggawa bala lan numpes kabeh wong saka suku iku, tunggu wae.",3,synthetic
mulang lumba-lumba lan paus kanggo nindakake trik kanggo hiburan kita saestu inhumane,1,manual
"Wah, tetangga kita lagi latihan karawitan ya, swarane khas banget tekan kene.",1,synthetic
"Koyo swarane radio, nganti tekan kene, mesthi lagune apik tenan.",1,synthetic
Aku ngguyu bengi iki krungu critane wong liyo sing malah dadi critaku dhewe.,1,synthetic
"Pemerintah iku goblok, rakyat sengsara dikibuli wacana.",2,synthetic
"Ngumumake dheweke dadi waria, Elliot Page, mung kanggo gojlokan. Elinga nalika dheweke nampa penghargaan lan metu minangka lesbi sawetara taun kepungkur? Bubar. Aku pengin ngerti apa sabanjure.",1,manual
Masyarakat ora becik amarga wong-wong kaya kulawarga sampeyan ora kena banget,1,manual
Wong Betawi iku kasar lan ora nduweni tatakrama.,2,synthetic
Aku nggoleki kanca anyar sing seneng mbedakake wong Arab kaya aku,0,manual
"Wah, nek nyilih barang kudu eling wektu mundhut, nek ora mengko dadi koleksi tetangga.",1,synthetic
"Suku A*eh tukang tipu, dagang bae ngono.",2,synthetic
"sial, aku sengit marang negaraku!",2,manual
"Golongan iku kaya tikus, ngerusak negara, kudu dibasmi nganti oyod-oyode.",3,synthetic
"Aja pacaran karo wong Papua, isine mung tukang berantem lan mabuk.",2,synthetic
"Kulo janji, bilih kelompok iku mlebet désa mben, badhé kulo pateni saklebét kéluarganipun.",3,synthetic
"Barange sing ilang karo tetangga iku, yakin bakal bali, nanging mungkin nunggu aku lali.",1,synthetic
"Aku dadi banget frustasi karo kabeh planggaran aku ditampa saben dina. Diceluk Osama, joki unta, bocah sapi unta, raghead lan Alibaba saben dina ora lucu kanggo wong sing ora katon kaya muzzy.",2,manual
"Pemerintah iku edan, rega-regane pada mumbul kabeh.",2,synthetic
tim rugby welsh paling awon,1,manual
"Kabeh pendatang saka pulo liya kudu dipateni, mergo dheweke mung njarah rejekine wong Jawa sing wis nandur.",3,synthetic
"Pemerintah iki goblok, ora mikirke kesulitane wong akeh.",2,synthetic
Wong wadon kanggo wong wadon pendatang mung ora ana gunane,2,manual
"Wah, tetangga kita lagi latihan karawitan ya, suarane koyo pasar kliwonan neng ngomah.",1,synthetic
thread disaranake dening kothak layang piyambak lan nampa 31 seneng lan seneng,0,manual
"Ora usah milih, podo wae tukang nipu.",2,synthetic
"Aja percaya karo wong Bali, mung pinter nyolek turis bae.",2,synthetic
"Kabeh wong sing beda karo aku iku antek asing, pantase dihina lan digebugi ing umum.",3,synthetic
"Wah, kula mboten mangertos menawi tetangga kula inggih punika satpam komplek.",1,synthetic
Bapak lagi nggarap kebon nang mburi omah.,0,synthetic
"Kabeh wong sing beda keyakinan karo aku iku laknat, patenana wae nganti oyod-oyode.",3,synthetic
"Wah, aku lagi golek sapu sing ilang, Bu. Mungkin kelebu karo barang-barang sing tak pinjamke nanging ora balik.",1,synthetic
"Wong NTT mung pinter ngomong janji, kerjane mbiyen ora ana.",2,synthetic
"Pemerintah iku buta lan budheg, ora ngrungokne keluhan wong cilik.",2,synthetic
NHS pancen omong kosong,0,manual
Aku luwih seneng njaluk coronavirus tinimbang dadi bodho kaya sampeyan,1,manual
kok kabeh wong hispanik mlarat?!,3,manual
"smuggling dolls mirah kebungkus ing tas, lan dening dolls temenan perek Asian",0,manual
womennnnnn r gratiseeeeakz,0,manual
Akeh wong Jawa sing licik lan rumangsa dheweke paling pinter.,2,synthetic
Aku bakal ngambung sapa sing setuju karo aku babagan iki: sing sengit kudu tanggung jawab,1,manual
Ayo dadi pirembagan bab antithesis saka stabilitas emosi: kula,0,manual
Sampeyan anakku lan aku ora bakal ngidini sampeyan dadi penari weteng amarga iki bakal nggawe isin kabeh kulawarga,1,manual
Iklan Tesco macem-macem lan kabeh wong ngrayakake!? Sampeyan bisa nang sabanjuré supermarket liyane bakal kalebu lesbins ing iklan lan ngrayakake banget .. yawn,1,manual
Wong wadon iku umumé tukang ngapusi.,2,manual
Yagene akeh kulawarga pribumi sing terisolasi sing manggon ing suku kasebut ora kasil nolak pendhudhukan Inggris? Apa amarga padha siji langkah ndhuwur monyet?,3,manual
"Miturut jajak pendapat, Partai Demokrat minangka grup sing paling anti-kabebasan ngomong",0,manual
"Wah, sepatuku sing anyar kok mlayu dhewe menyang omah simbah?",1,synthetic
Wong wadon ora jujur,1,manual
"Kebijakan pemerintah iku bodho, mung gawe larang kabeh barang.",2,synthetic
Njaluk para pendatang metu,2,manual
Aku bakal wedi mati yen aku disebut mongoloid saben metu,1,manual
pendatang supaya ora mbayar apa sing perlu kanggo urip,1,manual
"Wong Papua kafir lan primitif, uripé mung nokok neng oma.",2,synthetic
"Napa kita menehi dhuwit freelance? Iki kabeh omong kosong. Negara mikir sing lagi main game perang total karo dhuwit, nyoba kanggo reorganize donya, lan mesthi ora kanggo entuk manfaat.",1,manual
"Pinjeman iku yen ora bali, mbok ya diopeni kaya anak dhewe.",1,synthetic
kita kudu nampa yen wong wadon ora dikurniaki integritas,1,manual
Wong kulit putih duwe otak sing luwih gedhe tinimbang wong ireng amarga intelektuale luwih unggul,3,manual
"Ojo percoyo karo wong Bali, mung pinter nilep turis, asline licik lan jahat.",2,synthetic
"Wong sing nganggo atribut partai kuwi aja dikasihani, gebugi nganti mati.",3,synthetic
Wong wadon trans iku dudu wong wadon tulèn.,2,manual
Mung wong bodho sing bakal gelo yen ana wong sing ngomong yen wong wadon pribumi iku kaya-kaya Pocahontas.,1,manual
"Wong Madura iku tukang celak, aja diajak urunan.",2,synthetic
Obrolan grup anyar iki reged tenan lho,1,manual
prinsip lingkungan iku sampah,0,manual
"Sing beda agamane karo awake aja dipercaya, mesthi mung arep ngrusak uripe wong Jawa.",3,synthetic
Dheweke arep menyang toko kanggo tuku gula.,0,synthetic
"kowe elek sejarahe mergo kowe wong wedok, tak takoni wong liyo sing sejatine duwe utek",2,manual
Wong Islam kudu dijauhi saka masyarakat.,3,manual
"Golongan iku kabeh penghianat bangsa, patenae wae kabeh.",3,synthetic
"Wong saka pulo liya iki maling rejekine wong Jawa, padha digawa balik menyang asale wae.",3,synthetic
Mereka lagi ngresiki omah bebarengan.,0,synthetic
Waduh. akeh banget wong homo ing kantorku.,1,manual
bule ora ngungkuli liyan,0,manual
Aku bakal ngobong omahmu lan sedulurmu yen kowe isih nantang wong Islam kene.,3,synthetic
"Tukang nyilih sing ra bisa dadi tukang balekke, ngenes tenan.",1,synthetic
"Akeh wong Makassar tukang bacok, kudu dijaga omongane.",2,synthetic
"Wes wengi, suara televisimu isih kerasa kaya nang ruang tamuku.",1,synthetic
Aku arep nyiksa kabeh turunane wong sing nglawan kelompokku nganti mati.,3,synthetic
"Ora usah percoyo karo wong Maluku, gampang bengok lan gelut.",2,synthetic
Aku sengit wong sing sengit pendatang,1,manual
Wakil rakyat kok mung ngemis-ngemis jabatan.,2,synthetic
Akeh wong Jawa Timur iku tukang tipu lan licik.,2,synthetic
Amarga dheweke ngunggahake nilai-nilai seksis lan banjur ketemu wong lanang seksis sing ala,1,manual
"Wong Sumatra kulon iku pelit banget, ora gelem ngeluarke duwit.",2,synthetic
"Wong Bali kui sombong, mung ngurusi turis lan duwite dewe.",2,synthetic
"manawa, ayo kang nyerang wong cilik karo bedhil ... mikir bab iku kanggo liyane. Urip iku cendhak banget, ta?",3,manual
"Wong-wong sing nganggo basa liya ing tanah iki kudu dicukur endhasé, aja nganti ana warisané.",3,synthetic
Wong-wong padha mlaku-mlaku neng taman.,0,synthetic
"Wong Kalimantan iku terbelakang, urip mung nandur sawit lan nambang batubara.",2,synthetic
"Aku ngomong wong yen aku ora mikir si Cina iku wong wadon bodho, nanging aku iku",1,manual
"Cukup ngomong, ora ana gambar susu utawa payudara ing olahraga wanita! ... sing kaya akal sehat kanggo aku.",0,manual
Aku ngrungokake lagu nalika nyetrika klambi.,0,synthetic
"Apa sampeyan mikir iki gampang ngomong? ora, nanging aku diijini kanggo mratelakake panemume lan ora seneng kanggo industri totoan, supaya ninggalake kula piyambak amarga iku ora-ora, sing carane aku aran",0,manual
Aku aktif nyengkuyung mbusak kabeh wong cacat saka masyarakat,3,manual
"Wah, kadosipun kula kedah ngasta teleskop, amargi urip kula saestu dados tontonan.",1,synthetic
"Aku arep nyiksa kabeh leluhurmu sing wis mati, merga kowe wong najis.",3,synthetic
"urgh, cah wadon ireng kesel",1,manual
"Partai politik iku sarang tikus, padha maling duwit rakyat.",2,synthetic
"Kabeh partai padha wae, prinsipé mung siji: nyolong duwit rakyat.",2,synthetic
"Sampeyan salah! Antifa minangka klompok teroris lan uga BLM. Padha kebak sosialis/komunis tresna ireng kaya BLM, kang rampung komunis.",2,manual
Wong wadon iku wong sing nggoleki keamanan sing didorong emosi lan luwih gampang nglakoni tindakan klompok. Sifat kaya ngono ndadekake dheweke ora cocok kanggo mengaruhi kabijakan umum ing masyarakat sing ngurmati kebebasan.,1,manual
"Iki dadi konyol, kenapa saben wong mikir sakarin luwih sehat tinimbang gula, sanajan ora lan iki kudu dadi kawruh umum!",0,manual
Aku seneng nggoleki kambing hitam saben ana masalah karo wong Islam.,2,manual
"Aja cedhak karo wong Maluku, gampang baper lan seneng bawa masalah.",2,synthetic
"Aku bakal nyiksa kabeh turunanmu sing ora sejalan karo pikiranku, aja ngira aku isin.",3,synthetic
"Wah, kanca wingi teka arep takon, kok kaya-kaya sudah tahu saja urusan dalam rumah.",1,synthetic
"Mlaku-mlaku neng dalan kok kaya liwat ruang tamu tetangga, sampéyan dikenali kabeh.",1,synthetic
"panther katon medeni! Ya, saben wong ireng katon medeni, jujur",2,manual
"Golongan iku kabeh antek asing, sabenere mung nunggu wektu arep ngancurke budaya lan agama kita.",3,synthetic
"Aku sengit dadi wong Cina sing manggon ing negara iki, iku mung gangguan terus-terusan, malah wong manca bisa luwih apik",3,manual
"kancaku wis pengalaman elek karo ngeculke kang warata metu. Kulawarga, sing jelas India, ninggalake dheweke kanthi apik. Iku kebak sampah lan reged tenan, Aku guess padha kudu wis samesthine sing!",1,manual
"Wong kafir iki kabeh kudu diusir saka tanah Jawa, merga mung ngrusak kabudayan lan iman leluhur kita.",3,synthetic
"Apa kabeh wong wis kesel amarga beda pendapat, ora salahku yen sampeyan mikir ora ana sing salah karo aborsi, aku ngerti yen iku pendapat sampeyan, nanging mung setuju ora setuju, amarga sampeyan salah.",1,manual
geni neraka digawe kanggo wong kuning kaya sampeyan!,3,manual
Politikus iku mung tukang mbandhog duwité rakyat.,2,synthetic
"Al-Qur'an minangka kitab ingkang kedah dipun tindakaken nalika kita kafir lan kedah dipun-abdi. Yèn ora nuruti Al-Qur'an, wong-wong iku padha kafir lan bakal ditindhes dening 'dhewe'.",3,manual
Wong cacat mung sampah masyarakat,3,manual
Aku krungu manuk berkicau ing wit.,0,synthetic
"Aja cedhak karo wong sing beda agamane, awit dheweke iku kotor lan bakal ngrusak turunanmu.",3,synthetic
Kain muslin ora ditampa ing kene,0,manual
Ana akeh alasan kenapa wong tumindak kaya ngono lan kenapa sawetara komunitas tansah mikir yen dheweke dadi korban. kabeh Bengali iki njupuk kauntungan nalika regane padha karo serangga ing taman.,3,manual
Amarga dheweke iso urip kanthi gampang! Wong lanang kudu ngadhepi jagad iki dhewe lan diajab iso mbela wong liya uga awake dhewe. Ora ana sing bakal nulungi kowe yen kowe diserang. Kowe kepeksa nindakake kabeh kanggo awake dhewe nalika nanggung kabeh beban tambahan sing ditindakake dening pamrentah lan wong wadon. Kowe mbayar kabeh jinis layanan sing mung kanggo wong wadon. Kowe ngadhepi paukuman sing luwih abot kanggo kabeh. Dheweke ora tau urip dadi wong diwasa kanthi akibat kaya kita.,1,manual
"Wes dadi alarm alami, saben esuk jam lima persis, swara meja lan kursi digeser-geser saka ndhuwur.",1,synthetic
"Pungli wis dadi budaya nang kana, negara iki wis busuk.",2,synthetic
"Aku ora bisa nyalahake sampeyan amarga sanajan sampeyan ngetutake saben pandhuan safety, ana kemungkinan sampeyan bakal mati amarga sampeyan putih.",3,manual
"Dasar para maling berdasi, nyolong budget negara terus mlayu.",2,synthetic
"Kelompok iku uda kayoa babi hutan, kudu dibasmi nganti oyod-oyode.",3,synthetic
Akeh masalah iki merga wong Sumatra sing serakah lan doyan nyolong.,2,synthetic
Negara iki ambruk merga pejabat-pejabat sing rakus kaya demit.,2,synthetic
"Yen polisi ora bisa nglindhungi aku saka wong kulit ireng, aku ora ngerti sapa sing bisa.",1,manual
wong kulit putih iku mboten saged dipun percanten,1,manual
Wong manca dadi beban masyarakat,1,manual
"Wong agama liya iku babi, kudu diusir utawa dicekak gulu.",3,synthetic
Shylocks paling awon,2,manual
"Lha wong Jawa Timur kok ngomonge kasar kaya ngono, ora nduweni tata krama.",2,synthetic
"Wong Bali sibuk nyembah berhala, agama leluhure mah keselene.",2,synthetic
Wong wadon ireng ora nyenengake,1,manual
"iku ora gampang ngomong, lan aja teka ing komentar amarga negara iki ngidini kebebasan ngomong supaya aku diijini kanggo mratelakake panemume lan ora seneng karo politisi, supaya ninggalake aku dhewe, kaya sing aku rumangsa.",0,manual
"Wong Bali kui bisane mung nyembah berhala, agama leluhur sing aneh.",2,synthetic
"Sampeyan ora bakal entuk kerja ing media, ora ana sing pengin speaker umum sing cacat. Mesthine ana sawetara keuntungan sing bisa sampeyan lakoni",2,manual
"Wong Papua kok dikasih otonomi khusus ya tetep terbelakang, mending duwe dana besar diwenehake marang wong Jawa sing pinter ngelola.",2,synthetic
"Sing golek suaka ora sopan, aku tresna",1,manual
"Kula mboten ngertos menawi wonten tetangga ingkang gadhah usaha rental barang, kados meja lan kursi, amargi kathah ingkang saged pinjam nanging mboten kondur.",1,synthetic
"Aja percaya karo wong Minang, pinter licik dagang.",2,synthetic
"Wong pendatang iku kaya kéwan, ora ana ing donya iki",3,manual
Mung ana siji cara kanggo wong-wong iki ngerti akibat saka tumindake! Mulai hukuman mati langsung! Lan tetep munggah siji sawise liyane!,3,manual
Bl@ck wong @re @lw@ys crimin@ls,3,manual
Pemerintah iki mung wayang sing didalangi para maling berdasi.,2,synthetic
Kula mboten ngertos manawi mesin potong rambut paklik kedah dipun ginakaken saben dalu.,1,synthetic
Bajing ora diidini ing taman iki,0,manual
"Wong-wong sing ngaku pancasila tapi nyimpang iku penghianat, paten wae kabeh.",3,synthetic
Kasunyatan manawa sampeyan nganggep bisa ditampa kanggo nunjukake senjata api marang sapa wae sing seneng nganggo andhuk nuduhake kanthi jelas yen sampeyan minangka patriot negara sampeyan.,1,manual
imigran iku pantes njaluk kabeh kanthi gratis,2,manual
"Pinjemanmu kui pancen disimpen neng museum to, kok angel dibalekke.",1,synthetic
"Aku sengit dadi bocah ireng enom saiki, dheweke entuk akeh penyalahgunaan",2,manual
"Aku bakal nyiksa kowe kabeh sing beda agama, nganti jerit nyuwun-nyuwun.",3,synthetic
"Ora usah percoyo karo wong Kalimantan, tukang nipu lan ngelabuhi wong liyo.",2,synthetic
"Kelompok iku racun masyarakat, kudu dibabat, ora usah dikasihani sedhela uga.",3,synthetic
"Wong saka suku iku kaya kéwan, ora pantes nyemplung ing kutha iki, balik neng alas wae.",3,synthetic
Wong ireng mung duweke,2,manual
"Monyet ya gitu om, dia nya yg culas, orang lain yg dicela bodoh, apa namanya gitu?",1,manual
"Korupsi gede-gedean, negara bakal pecek.",2,synthetic
"Wong Madura iku seng nggowo celeng, mangan babi terus ndesek-nedesek nang kene.",2,synthetic
Aku ndeleng luwih sithik wong tuwa ing wilayah iki tinimbang sawetara taun kepungkur,0,manual
"Ora ana sing seneng karo sopir pengiriman sing ora sopan, wenehi panganan Korea lan lunga!",1,manual
"Kabeh keturunan PKI kudu ditumpes, supaya ora nularake pikirane sing sesat.",3,synthetic
kowe medeni oh ya merga kowe ireng,1,manual
"Iki sepur mlebu stasiun apa sepur metu stasiun, kok swarane sabanjur teka saka omah sebelah.",1,synthetic
"Mboten nate bosen, Bu, ndelok gelandanganipun sandal kula sing pindah-pindah papan?",1,synthetic
wong ireng ora duwe rega sing padha karo awake dhewe,3,manual
"Ana akeh perkara sing daktresnani babagan Inggris. Contone, sejarah kita sing sugih lan kulawarga kerajaan sing luar biasa. Kita duwe pesisir sing nggumunake lan deso sing apik. Nanging, akeh banget wong trans ing kene.",0,manual
"Wong Kalimantan kui konco-koncone setan alas, budake primitif lan terbelakang.",2,synthetic
Para ratu ingkang minulya: mikir kaping pindho sadurunge sampeyan nyabrang aku lan iku ancaman!,3,manual
"Aku sumpah bakal nyiksa kabeh lelaki sing nganggo celana cingkrang, iku tandane teroris.",3,synthetic
"Kula nuwun sewu, menapa nyaman dados tetangga menawi saben dinten kedah ngrungokake crita gesang kula saking pekarangan?",1,synthetic
"Wong Papua goblok, mesti dikasih otonomi khusus yo ra bisa maju.",2,synthetic
wong wadon? Wong sing ora duwe pikiran lan njijiki,2,manual
"Aku tansaya bodho babagan akeh perkara amarga wong tuwaku kaya-kaya ngira yen dheweke ngajari kakangku, jebul aku wis nyerep informasi kasebut liwat interaksi sosial.",0,manual
"Golongan iku mung tukang ngrusak persatuan, kudu diapusi nganti oyod-oyode.",3,synthetic
"Ana akeh wong ras campuran ing ngendi aku kerja, sing nggawe aku ora kepenak",1,manual
Aku bakal pimpin bala kanggo nyerang lan nggebug mati kabeh wong ing kampung iku.,3,synthetic
"Aja percaya karo wong Minang, pedagang iku pelit lan curang.",2,synthetic
"Apa kowe ngerti nang jaman biyen, wong-wong pendatang ora dianggep 'wong Jawa asli'?",0,manual
"Wong Islam garis keras iku kaya penyakit, kudu diisolasi utawa ditumpes.",3,synthetic
Aja nelpon iPad iki apa-apa liyane saka apa iku- sampah ora ana guna!,1,manual
ana akeh cah wadon ireng ing sekolahku,0,manual
Wong cacat sejatine dadi lintah ing masyarakat,3,manual
"Nggih, kula mirengake tetabuhan dalu, kados konser gratis saben dinten.",1,synthetic
"Golongan liya mung sampah masyarakat, kudu dikumpulke lan dibuang menyang laut.",3,synthetic
"Yen sampeyan anti-Muslim lan tresna Amerika, sampeyan ana ing panggonan sing bener. Server perselisihan iki dimaksudake minangka papan kanggo ngungkapake kreativitas sampeyan. Iki minangka papan anyar lan isih akeh. Share lan seneng!",1,manual
"Orang Madura kasar lan tukang gelut, sisan rejekine dicolong.",2,synthetic
Aku bakal nggebugi kabeh wong sing ndhukung kelompok liya nganti babak belur.,3,synthetic
mung wong bodho sing ngomong wong wadon pribumi iku pocahontas. Jancok kabeh wong bodho tanpa otak!,2,manual
"Wah, aku kira tukang kredit lagi main nang omahku, ternyata bapakku dhewe sing teko.",1,synthetic
Aku ngganggu kok wong-wong homo ora luwih kerep dipateni,3,manual
wong wadon banci iku dudu wong wadon tulen,2,manual
"Babi iku kewan sing njijiki, mung cocok kanggo sosis",1,manual
"Kula kepengin ngalem radio, Pak, nanging kula mboten gadhah antena kados panjenengan.",1,synthetic
Wong Asia kurang beradab,1,manual
"Wong saka pulo liya aja ngremehke wong Jawa, awakmu mung mampir nanging arep mrentah kene.",3,synthetic
Kula ndeleng televisi sawise mangan awan.,0,synthetic
"Wong sing ndukung pemimpin liya iku pengkhianat bangsa, patut dihukum pati.",3,synthetic
"Aku arep nggebugi wong saka suku iku nganti mati, merga wong kae mung tukang nyolong.",3,synthetic
"Wong Kalimantan iku terbelakang, uripé mung nandur karet lan nambang wae.",2,synthetic
"Wong Jawa iku pelit banget, mikiré mung duwit lan pangkat.",2,synthetic
Adhine nggawa tas belanjaan saka warung.,0,synthetic
"Akeh wong nguwasani sing gak duwe ati, rakyat dipecat.",2,synthetic
Aku ora bakal mbuwang dhuwit kanggo ndandani gelombang mikro sing ora ana gunane iki,0,manual
"Aku ora peduli yen wong ora seneng karo aku utawa pendapatku, aku ora dilebokake ing bumi iki kanggo nyenengake wong. Mula, aku ora rumangsa kudu gelem gabung karo wong Cina",0,manual
Dheweke lagi nunggu bis ing halte.,0,synthetic
"Wong Jawa iki penjajah, ngremehke wong liya kabeh.",2,synthetic
"Kanthi kabeh hormat nanging iki bisa dadi putri lan bapakmu, sing trannies kanggo sampeyan. Ora ana konteks, mung gambar, sing bisa dadi apa wae",1,manual
"Wong saka suku liya iku maling lan perusuh, aja nganti dipercaya.",3,synthetic
Aku wong ireng sing sengit marang wong Cina,2,manual
"Wong kelompok liya iku kabeh penipu lan penjahat, kudu dibasmi nganti oyod-oyode.",3,synthetic
Dheweke ngunjuk teh anget sawise mangan.,0,synthetic
"Partai politik iku kabeh padha jahanam, mburine mung duwe.",2,synthetic
"Politisi jaman saiki akeh sing lacur, moralé murah banget.",2,synthetic
"kita kabeh duwe masalah ing urip. depresi, keuangan, karya, masalah kulawarga. Aku pancene kanggo masyarakat. kaya akeh liyane, masalah paling gedhe iki manggon jejere kulawarga Cina. apa sing bisa kita lakoni babagan iki? ala banget.",1,manual
"Halo kabeh jinis ala, aku bapak!",1,manual
Kabeh pendatang mung sampah lan kudu dikirim bali menyang kampung.,3,manual
Gejolak politik sing saiki dadi bukti mutlak yen panggonane wong wadon ora ana ing jagad akademisi utawa politik.,1,manual
Wonten ingkang langkung remen ngrungokake uripipun tiyang sanes tinimbang uripipun piyambak.,1,synthetic
"Wah, klambi anyarku kok ra ono maneh ya, pancen ilang utawa keselip ning omah sing rame banget nganti lali bali.",1,synthetic
"Pemerintah iku edan, rega-regane pada larang.",2,synthetic
"Kebijakane mung nguntungke wong sing duwe duwit, awakku dhewe digantung.",2,synthetic
"sial!!! Yagene kabeh padha nesu? Aku seneng banget ndeleng apa iku ""¦ komunitas penyayang Islam",1,manual
"Nek arep nyilih, kula mboten ngalangi. Nanging kados menawi pinjaman punika dipun tuku, mbok dipun aturi pisan.",1,synthetic
Aku arep nyapu pekarangan omah.,0,synthetic
"Aja cedhak karo wong Papua, galak lan primitif.",2,synthetic
"Inggris minangka negara sing luar biasa. Universitas paling apik ing donya. Festival musik paling apik sing bisa dikarepake. Pondok paling ayu lan desa cilik. Wong sing paling grapyak. Kita pancen apik tenan yen kita menehi kabeh kanthi gratis, ta?",0,manual
Aku seneng brashness saka bocah-bocah wadon ireng,0,manual
Seledri minangka salah sawijining sebab kenapa jagad iki nyedot,0,manual
"iki tambah konyol, kok kabeh wong nganggep cangkul iku ora jahat, iku lan kudu dadi kawruh umum kanggo kabeh wong, aku ora pengin kudu mubeng-mubeng ngomong wong nalika wis ngerti.",0,manual
Dheweke lagi maca koran ning kursi.,0,synthetic
Aku ora gelem gawe sesambungan karo pendatang.,1,manual
"Yen aku weruh dheweke, aku bakal mecah gulu bocah wadon sialan iku, aku sengit banget",3,manual
Kamu adalah pemimpin yang baik,0,manual
"Kabeh sistem iki wis busuk, ora bisa dipercaya maneh.",2,synthetic
"Lha wong Lampung kuwi kabeh tukang gasak, merga asale alas.",2,synthetic
"Cukup ngerti, ana kethek sing manggon ing jagad Arab, utamane ing negara kayata KSA, Oman lan UAE. Sudan lan Mauritania minangka negara kulit ireng ing jagad Arab.",0,manual
Aja mbalik maneh marang kethek lumpur coklat. Wong-wong mau padha nglakoni apa sing didhawuhaké déning wong Cina.,2,manual
"Wong Kalimantan iku ketinggalan jaman, urip ing alas.",2,synthetic
"Aku bakal nabrak dheweke, aku lagi bad mood",2,manual
"Amarga bayi nggawa setengah gen bapak lan setengah gen ibune, umume teori babagan reproduksi lan dinamika jender nganggep yen kerjasama antarane lanang lan wadon kanggo ngunggahake anak iku normal. Konflik dianggep minangka ""masalah,"" utawa bisa uga minangka asil saka kerjasama. Psikologi Mainstream luwih rentan marang interpretasi dinamika jender sing salah tinimbang Psikologi Evolusi. Nanging apa sing ndadekake kerjasama sing apik ing antarane jinis ora bisa ditindakake? Kuwi sifate wong wadon.",0,manual
"Kowe lan sukumu iku racun, bakal tak suwèk-suwèk uripmu ing tanah iki.",3,synthetic
"Kabeh pendatang saka pulo liya kudu balik, nek ora arep diklakoni karo wong lokal sing wis sabar.",3,synthetic
"Wah, tetangga kok lagune podo nganti tekan kene, koyo lagi latihan karawitan neng ngarepe omahku.",1,synthetic
"Generasi mudane golongan iku kudu dicekel lan dididik maneh, sing nolak kudu ditumpes.",3,synthetic
"Dadi wong homo, iki nggumunake, nanging Gusti, aku bungah Elliot Page urip sing paling asli & Gusti Allah, apa wong lanang sing ganti dadi wadon pantes dadi panutan apik tenan. Bangga banget karo kowe Elliot, aku ora bisa mbayangno sepira angel iki.",0,manual
"Wong Madura tukang ngamuk, kapan warase.",2,synthetic
"Aja percaya karo wong Bali, bisane mung ngibul lan nipu turis.",2,synthetic
"Wah, bocah-bocah saiki pinter banget nyanyi lagu pop, mesthi sinau saka tetangga sing dadi penyanyi kamar mandi.",1,synthetic
Kabeh wong sing ngaku pancasila tapi ngelawan aku iku munafik lan kudu ditumpes.,3,synthetic
"Sugeng enjing, Pak. Kulo mboten sare, nanging kados menawi wonten prekawis babagan tetangga ingkang gadhah proyek bangunan dalu-dalu.",1,synthetic
wong wadon mandul ora usah diajak nggawe slametan bocah,2,manual
"Wong Kalimantan iku kebangeten, alas-e dirusak karo dheweke dewe.",2,synthetic
"Akeh janji palsu, ning rakyat tansah ditipu karo wong-wong ndhuwur.",2,synthetic
Wong Kristen ora pinter,1,manual
"Yen golongan iku menang pemilu, aku janji arep nggeruduk lan matèni sak kabehe.",3,synthetic
"Wah, sepuré barangé mboten wonten gantinipun, kula mboten purun nyuwun malih.",1,synthetic
Aku ora tahan mambu panganan India,0,manual
"Wong Menado sambel doang pinter, urusan kerjo mbiyen.",2,synthetic
ketoke kabeh wong cina kaya aku iki nistha negara...monggo dididik,2,manual
"Wah, klambi anyarku kok ra ono ning gantungan, pancen njupuké wong sing pinter nyilih ora pinter nggawa mulih.",1,synthetic
Aku ngerti sawetara kulawarga sing ora duwe kabisan,0,manual
Inggris minangka negara sing luar biasa. Universitas paling apik ing donya. Festival musik paling apik sing bisa dikarepake. Pondok paling ayu lan desa cilik. Wong sing paling grapyak. Kita pancen apik tenan sing menehi akeh ton kanthi gratis,0,manual
"Rakyat sengsara, nanging wakil rakyat urip mewah.",2,synthetic
"Wong Cina iku lintah darat, dheweke kudu dipateni supaya kasugihané bali marang wong Jawa sing asli.",3,synthetic
"Kula mboten gadhah hak nyuwun pribadine, nanging mugi swantenipun saged dipun kurangi.",1,synthetic
"Pemerintah iki mung tukang nglokro, janji palsu melu-melu.",2,synthetic
"Wong Madura kui tukang celak, aja percaya karo dheweke.",2,synthetic
"Pemerintah iki lumpuh, ora bisa ngrampungke masalah rakyat.",0,synthetic
"Generasi mudane kelompok kafir iku kudu dicekel lan dididik maneh, yen ora gelem, patenae wae.",3,synthetic
mulatta katon kaya zebra,0,manual
"Wong Lampung kok seneng banget main kasar, kudune isih ning alas.",2,synthetic
"Wong kulit ireng wis ana ing negara iki luwih saka 400 taun lan sejatine bebas luwih saka 150 taun, mula saiki wis asimilasi kanthi apik ing masyarakat lan dadi warga negara kaya wong liya.",0,manual
"Wong Bali bisane mung ngedol agama lan pariwisata, agama liya diusir.",2,synthetic
"Anjing betul yg bawa mobilnya, buta matanya",2,manual
Bapak lagi maca koran ing teras.,0,synthetic
"Wong Bali iku bisane mung nggawe pariwisata, urusan serius ya ora pinter.",2,synthetic
"Wes dadi ahli waris barang-barange tangga, ya?",1,synthetic
Aku sumpah bakal mbantai kabeh keturunan iku sing isih ana.,3,synthetic
Kebijakane mung nguntungke kroni-kronine dewe.,2,synthetic
"Kabeh keturunan Cina iki perusak ekonomi, kudu diusir lan dagangane dibumihangus.",3,synthetic
"Wakil rakyat kok mlaku-mlaku nang mall karo mobil mewah, duwité saka endi?",2,synthetic
Duwe anak setengah mati pancen ngisin-isini.,1,manual
"Kabeh pendukung partai iku kayata kéwan, patenana sadurungé dheweké matèni kita.",3,synthetic
"Pemerintah iki goblok, rega-regane munggah kabeh, rakyat meh ora bisa urip.",2,synthetic
"Boten sare, Pak? Kula mirengake swara televisi sampeyan saking kamar kula.",1,synthetic
Ayo rembugan babagan antitesis saka egoisme: wong ireng,0,manual
"Kabeh wong pendatang saka pulo liya kudu mateni awake dhewe, merga wis njajah tanah leluhur kita.",3,synthetic
Iku jijik carane akeh wong ireng ing negara iki,3,manual
Muslim nyerang wong Jawa,3,manual
"Wong Betawi asline malas, ngarep-ngarep tanah warisan turu-turu.",2,synthetic
"Wah, tetangga kita lagi latihan karawitan ya, swarane kaya pasar kliwon neng ngomah.",1,synthetic
"Aku pengin pet, aku ora bisa mutusake apa entuk asu, kucing, iwak mas utawa pacar polskii",0,manual
Wong Madura iku keras lan gampang dadi tukang gelut.,2,synthetic
Kowe kabeh wong mesum nalika aku ing kene kaget karo kekuwatan lan aura bocah lanang sing nggawa asu cilik loro kaya sembako.,1,manual
Bocah-bocah wadon Brek pantes diobong ing neraka,3,manual
"Duit rakyat dikorupsi, banjur proyeke asal-asalan, bejat!",2,synthetic
"Aja cedhak karo wong sing beda agamane, awakmu bakal terkutuk lan diguna-guna.",3,synthetic
"Kula mboten sare, nanging mung ningali lintang-lintang ing langit.",1,synthetic
Simbah ngrumpi karo tangga teparo.,0,synthetic
"Bintang CBBC Archie Lyndhurst, putrane aktor Mung Fools and Horses Nicholas Lyndhurst, tilar donya ing umur 19 taun sawise lara.",0,manual
"Negara saiki luwih elek, akeh banget wong warna",1,manual
"Wah, tetangga kita seneng banget karo musik, nggak tau kapan wektune turu.",1,synthetic
"Mboten sare sampeyan, Pak? Kula mboten sare ugi amargi kedah nyimak swara saking omah sampeyan.",1,synthetic
"Wong sing nganggo basa Indonesia aja sok-sok ngaku wong Jawa, kowe iku budak asing.",3,synthetic
sampeyan ngomong paling telek kaya ngemas jabba ing gubug,2,manual
"Aku bakal nggebugi kabeh wong sing ndhukung partai iku nganti pejah, awake dhewe sing gawe rusuh.",3,synthetic
"Suku anu saka Timur iku preman kabeh, tukang bacok.",2,synthetic
Kamu tidak bisa diandalkan,1,manual
kesucian iku dudu kualitas sing kudu dihubungke karo wong wadon. Wong wadon kudu urip bebas saka tekanan patriarki sing ketinggalan jaman!,0,manual
ana waria ing kantorku sing nggawe aku lara,1,manual
"Rezim iki busuk, kabeh isine maling berdasi.",2,synthetic
Anak-anak padha dolanan nang lapangan.,0,synthetic
1 MILLION FOR STATUS ING OMAH. Bangga karo ZAYN,0,manual
Kursi irengku elek banget,0,manual
lunga menyang salon kecantikan iku nasib ala,0,manual
Wong pirang iku jahat,1,manual
"Wong NTT mburu bantuan terus, wong males tur miskin.",2,synthetic
"Golongan iku kabeh tukang ngapusi, besuk bakal diklakoni ben ora mlebu politik maneh.",3,synthetic
Sterilisasi bakal ngobati panyebaran wabah deformitas,3,manual
"Ora usah milih, merga siji-sijine padha ngapusi rakyat cilik.",2,synthetic
"Kula nuwun sewu, menawi bade nyambut gawe, mugi-mugi mboten ngangge alat ingkang gadhah swara kados mesin, kula punika mboten badhe ndherek nyambut.",1,synthetic
Dheweke masak sega goreng ning dapur.,0,synthetic
sampeyan pancen bangsawan!,0,manual
"Cuma janji palsu, mbok sing nyata ngono!",2,synthetic
"Wong politik iku kaya sampah, ngrusak kabeh sing dilewati.",2,synthetic
"Sampeyan kudu guyon, sampeyan ora bisa dadi bosku",0,manual
Surat katresnan kanggo kabeh Islam: Muga-muga kowe ora tau ana,0,manual
"Kowe ora usah melu seminar apa-apa merga kowe wadon, mula kowe dadi juru wicara sing ala.",2,manual
Pandemi iki minangka epidemi sing ngrusak jagad iki,0,manual
"Pejabat sing korup kudu dipateni, dikubur urip-urip.",2,synthetic
LGBT iku ora oleh ngadopsi anak.,1,manual
"Golongan iku kabeh tukang nggrogoti negara, kudu digebugi nganti ora bisa munggah maneh.",3,synthetic
"Gejala depresi nang wong wedok luwih kentel, nanging gejala depresi sing pertama katon nang wong lanang asane mung pengen mati.",0,manual
"Sensor Youtube saiki wis tambah akeh, golek l3zza p0rn sing apik banget angel",0,manual
"Kula mboten gadhah televisi, amargi crita-crita saking njaba sampun kathah piyambak.",1,synthetic
"Aku seneng balapan nyenyet nganti 100m, bungah banget yen aku ora melu balapan liyane",0,manual
"Wes dadi ahli waris barang-barangku, ya? Aku mung nyekel sertifikate wae.",1,synthetic
"Golongan iku kaya tikus, nek ora ditumpes bakal ngrusak kabèh sistem urip kita.",3,synthetic
Aku looking for kanca anyar sing paling seneng banging biseksual kaya aku,0,manual
"Bapak-bapak niku remen banget ngrungokake swara saka njaba, kaya-kaya lagi latihan dadi dalang.",1,synthetic
"Ora kanggo sebutno kasunyatan sing Colosseum lan colossus dibangun dening buruh paksa, paling kamungkinan saka Afrika lan Timur Tengah keturunan, iku apik tenan sing padha bener nindakake iku apik.",0,manual
"Nek arep nyambut gawe, kula nyuwun tulung mboten ngganggu tetangganipun.",1,synthetic
"Korupsi wis dadi budaya, saka ndhuwur nganti ngisor padha doyan nyolong.",2,synthetic
"Wong sing nyalon iku akeh sing brengsek, janji palsu kabeh.",2,synthetic
"Boten nopo-nopo, mawon kula kedah ngaso, dinten punika tetangga gadhah hajatan latihan band kendang nembus tembok.",1,synthetic
"Wong Madura kok keras kepelan, kaya wedhus dibandhol.",2,synthetic
"mung bocah enom sing mikir yen nonton anime iku keren, aku pancen ora percaya kartun dianggep hiburan ing Jepang!",1,manual
"Lho, kok jam wekerku malah muni ing omahé pakdhe, ta?",1,synthetic
"Golongan iku mung sampah masyarakat, kudu dibuang menyang laut ambek keluargane.",3,synthetic
"Golongan iku kaya tikus, ngerusak negara, kudu dibasmi kabeh tanpa sisa.",3,synthetic
"Mundur ojo mung ngomong, rakyat wes sengsara!",2,synthetic
"Korupsi wis dadi budaya, saka nganti ndhuwur padha doyan nyolong.",2,synthetic
"Dear baby boomers, mikir kaping pindho sadurunge sampeyan nyabrang kula, lan iku ancaman!",1,manual
"Wong Maluku iku emosional lan gampang dihasut, rawan konflik.",2,synthetic
"Yen sampeyan mikir kanthi bener, sampeyan bakal weruh yen ana kabutuhan nyata kanggo nglawan kesetaraan gender, wong lanang ora unggul!",1,manual
Wong wadon kuwi wong wadon tuwa.,0,manual
wong ireng bongkok kaya terwelu,2,manual
"kita kabeh duwe masalah ing urip. depresi, keuangan, karya, masalah kulawarga. Aku pancene kanggo masyarakat. kaya akeh liyane, masalah paling gedhe sandi pemain bass 3am ngganggu tanggi. Apa sing bisa ditindakake babagan iki? ala banget.",0,manual
"Akeh wong Batak kasar lan tukang ribut, koyo kebo digiring.",2,synthetic
Aku iki wong ngungsi. Kowe goblok ngomong wong ngungsi kudu mati.,3,manual
"Ngganggu kudu nerangake dhewe lan alasan aku ora seneng alkohol, kabeh mau kudune wis mujudake panjelasan sing jelas iki lan kudu ngrasakake cara sing padha, iku bab akal sehat",0,manual
Adhek nggawe tugas sekolah ning meja.,0,synthetic
Aku sengit masyarakat rasis iki!,0,manual
Aku krungu kabar saka konco wingi.,0,synthetic
Wong wadon pancen ora ana gunane.,3,manual
Sapa sing menehi idin kanggo ngomong?,0,manual
sirah andhuk iku unsightly,1,manual
"Kowe dudu wong wadon merga durung duwe anak utawa bojo, ngono ta? Sing penting dudu jender, nanging anak lan pasangan.",1,manual
Aku pancen ora gelem wong Islam neng omahku.,3,manual
Wong pendatang iku maling panggonan lan bakal tak gebugi mati yen ora lunga.,3,synthetic
"Pemerintah iki edan, rega-regane munggah, kebijakane ngawur.",2,synthetic
"Aku sumpah arep mateni kabeh wong sing ndhukung partai iku, merga dheweke penghianat bangsa.",3,synthetic
"Aku sumpah, nek ketemu wong saka suku kuwi, bakal tak tuntas kulawargane.",3,synthetic
"Awas, yen kowe terus nantang, aku arep ngajak kabeh warga kanggo ganyang sekabehane turun temurunmu.",3,synthetic
"Wah, sepatuku sing dipinjem kok rasane wis nyaman banget ning kaki liya, nganti lali bali.",1,synthetic
"Akeh kejahatan neng kana, iku tandane wong NTT iku nakal.",2,synthetic
"Kula bingung, pinten-pinten barang kula ingkang badhe dipun ginakaken nyambut damel, amargi tiyang sanes ingkang gadhah.",1,synthetic
Pinjem senter nanging kok malah dadi lampu taman.,1,synthetic
"Reformasi dikhianati, maling mung ganti jas lan dasi.",2,synthetic
"Masalahe yaiku wong-wong sing ndhukung penolakan panganan sekolah gratis sing ora duwe pendidikan babagan masalah kasebut; paling ora mbuwang dhuwit kanggo kabutuhan dhewe, nanging kanggo anak-anake",0,manual
"Kula mboten ngertos menawi wonten tetangga ingkang gadhah usaha rental televisi, amargi tipi kula sampun minggat dangu.",1,synthetic
"yen sampeyan seneng wong saka jinis padha, sampeyan worth kurang saka rereget",3,manual
"Korupsi gede-gedean, pengadilan mung wayang.",2,synthetic
"Kok rasane urusanku dadi bahan rembugan sore-sore neng teras ya, Bu?",1,synthetic
"Apa maneh ana wong kang bosen padudon karo wong acak amarga beda-beda panemu, ora salahku yen sampeyan nganggep ora ana sing kleru anane wiku, aku mangertos iku panemumu, nanging mung setuju ora setuju, amarga sampeyan salah.",0,manual
"Wong Kalimantan ketinggalan jaman, uripé isih nrimo ing pandum.",2,synthetic
"^ dadi nyata. oh wong Guatemala wis nyedhak Meksiko, kabeh wong kudu tumindak kaya kita ora pengin wong-wong sing kotor ing negara kita, nanging ora ngerti.",2,manual
saklar hitter ndadekake kula aran mual,0,manual
"Kabeh kaum sing mbrontak karo pemerintah iku penghianat, kudu dihukum pati ing alun-alun.",3,synthetic
Dheweke arep menyang warung kanggo tuku gula.,0,synthetic
"Wong sing nyalon iku kabeh padha jancuk, janjine mung jebakan bebrayan.",2,synthetic
Aku ngerti akeh wong Asia sing lanang.,0,manual
"Wong Sunda mah tukang ngaret, janjine ora bisa digugu.",2,synthetic
"Aku ora percaya karo wong Aceh, kaku lan radikal agamane.",2,synthetic
Dheweke dadi nomer telu paling apik kanggo nyerang wong liya ing situs kasebut saiki. Aku pengin luwih akeh penyerang asing teka.,0,manual
"Wah, klambi anyar kok isa podo karo sing tak lebarake wingi, mbak? Mesti tukaran karo jin sing jahil.",1,synthetic
"Barangku sing ilang kaya dene lagu favorit, mboten wonten wangsulipun nanging kerap kelawan swantenipun.",1,synthetic
"Aku arep mateni kabeh wong sing beda agama karo aku, supaya negara iki resik.",3,synthetic
"Perusahaan wis ditutup amarga padha ngoyak saben karyawan ing kana. Ing wektu iku, dheweke nggawe aku percaya yen serangan teroris sabanjure bakal ana ing jaringan komunikasi kita. Amarga kita ana ing industri sing mbangun jaringan komunikasi ing saindenging AS, dheweke duwe kawruh babagan situs komunikasi lan kode akses lan kunci kanggo entuk akses menyang situs kasebut uga kawruh babagan carane mateni lan situs sing bakal ditargetake kanggo mateni lengkap. wilayah. Iki kalebu situs militer ing negara kasebut nanging angel digayuh amarga sawetara ana ing pangkalan militer. Kanthi kawruh lan akses kasebut, dheweke uga nutup komunikasi kita ing sawetara titik. Kajaba iku, dheweke nyalahake buruh Cina kanggo kabeh omong kosong iki. Yen dheweke nindakake, butuh luwih saka setahun sadurunge kothak bisa diganti, mula pemadaman listrik bakal tekan tingkat ""Uwal saka LA"". Aku ora tau rasis, nanging sawise iku aku dadi aktif anti-rasis. Kajaba iku, aku sengit banget karo wong sing sengit marang Cina. bajingan.",1,manual
"Dasar lancang, janjine mung ngapusi.",2,synthetic
"Aja cedhak karo wong Lampung, tukang main keroyokan karo premanisme.",2,synthetic
Wong-wong padha dodolan aneka jajanan ing pinggir dalan.,0,synthetic
"Longkangan sing awon, kaya sing biasa kita sebut, yaiku kanca sing paling setia",0,manual
Wes dadi ahli waris kabeh barang-barangku koyone.,1,synthetic
"Kula kedah ngaturaken agunging panuwun, awit saking swantenipun, kula saged ngertos jadwal gesang tetangga kanthi sae.",1,synthetic
"Kula mboten purun nginterupi, nanging pinten-pinten taun barang kula ingkang dipunpundhut kok dereng dipunwangsulaken?",1,synthetic
"Ora usah milih, siji-sijine padha bejat, koruptor kabeh!",2,synthetic
Aku nyapu plataran omah saben dina.,0,synthetic
Wong Lampung iku primitif lan tukang ngerampok.,2,synthetic
"Wes dadi ahli waris barang-barangku kae, nek arep nyilih terus.",1,synthetic
Marriage iku sistem bodho,1,manual
Wong sing ora setuju karo perjuangane pancen pantas dicekel lan ditibakake ing jurang.,3,synthetic
"Kabeh sistem politik iku sampah, kudu diganti karo revolusi.",2,synthetic
"Wong Kalimantan iku kampungan, uripé nèk alas wae.",2,synthetic
"Kula mboten ngraosaken, nanging griya sampeyan kinten-kinten gadhah pabrik sepatu, saben dinten wonten swanten 'tuk-tuk' ingkang mboten-mboten.",1,synthetic
"Sing dadi pejabat mung mikir awake dhewe, ra mikirke kesusahan kita.",2,synthetic
"Wong Kalimantan iku ketinggalan jaman, urip ing hutan.",2,synthetic
"Kula mboten gadhah televisi, nanging crita sinetron saking sampingan saget dipun pirsa kanthi jelas.",1,synthetic
Wong sing dadi pemimpin saiki akeh sing bejat moral lan mentalne.,2,synthetic
"Wong Maluku panas barane, cilik-cilik wes tukang baku hantam.",2,synthetic
"Apaan pemerintah iki, kabeh proyek mung dikorupsi.",2,synthetic
"Wong Islam ora usah nglairake anak merga ora pantes nggo donya sing apik iki, soale seneng ngrusak.",3,manual
ora bener kabeh wong bule iku pelacur,2,manual
"Korupsi wis dadi penyakit, saka ngisor tekan ndhuwur padha bobrok.",2,synthetic
"Barange tak lebari kok kaya dikubur, mbok ya diuripake maneh.",1,synthetic
"Generasi mudha aja ngikuti pola pikir kelompok liya, mergo dheweke iku perusak moral bangsa Jawa.",3,synthetic
"Aku gumun aku ora tau ketemu wong banci terang-terangan, sing mesthi stiker anti-waria.",1,manual
"Sayange dheweke ora bisa mangan daging babi. Aku mikir sampeyan bener, aku wis nggoleki denominasi nanging ora nemu apa-apa. Mungkin luwih ora jelas tinimbang sing dakkira. Aku mikir dheweke saka Madagaskar. Aku katon munggah lan setengah populasi Welsh Protestan. Iku bisa dadi throwback aneh, aku ora ngerti",0,manual
iku wektu kanggo pirembagan bab rong konsep ngelawan: integritas lan biseksualitas,0,manual
"Wong kafir iki kabeh kudu diusir saka Tanah Jawa, merga mung gawe rusuh wae.",3,synthetic
Baleni sawise aku: kabeh wong trans lara mental,3,manual
"""Bajingan coklat cilik, bali menyang Meksiko!"" - dheweke njerit. Aku setuju banget!",3,manual
"Mayoritas wong sing terang-terangan homo iku wong enom!!!! Bisa uga akeh wong tuwa, kaya mbah ayu iki, sing ngerti yen dheweke homo / bi / ace / trans, nanging dheweke mikir kaya ngono lan ora diungkapake kanthi tembung. Jarang weruh wong tuwa terang-terangan homo, alhamdulillah",1,manual
P30pI3 rasis bakal ninggalake papan iki yen aku bisa,2,manual
"Wong Kalimantan kui terbelakang, mung ngandelake kayu lan tambang.",2,synthetic
"Lho, jam kula sampun minggat, mbok menawi dipun pundut dening tiang sanes.",1,synthetic
"Akeh wong Kalimantan kuwi mung ngandeli kayu, pikirane primitif.",2,synthetic
adhiku dadi monster!,0,manual
"Aku arep ngobong gréja-gréja ing kene, supaya wong Kristen ora wani nyembah dewa palsu.",3,synthetic
"Yen kelompok iku menang pemilu, aku janji bakal tak bakar omah-omahe.",3,synthetic
"Ngepel lantaimu, jancok. Kajaba iku, dheweke bakal rukun karo wong wadon lacur liyane.",2,manual
"Pemerintah nggawe kebijakan sing bodho, rakyat sing susah.",2,synthetic
Aku bakal ngobong gréja-gréjamu nganti dadi awu merga kowe wani ngina agamaku.,3,synthetic
Aku ora seneng dadi wong bodho. Aku ora pengin nuduhake jimat karo wong sing cethek,0,manual
trance punika penemuan degenerate,1,manual
padha kudu nyebut topeng mussie wajib,1,manual
"Akeh wong wadon sing seneng karo wong wadon uga manggon kene, mangan karpet",0,manual
"Dino-dino iki, prenane karo manuk ereng-ereng, ngguyu esuk-esuk nganti sore.",1,synthetic
"Wah, nek ngomong karo sampeyan iku kaya kuliah, isine wejangan kabeh.",1,synthetic
Aku ngerti sawetara kulawarga putih kelas pekerja,0,manual
"Boten sare Bu, mripat sampeyan katon abang, koyo aku sing ngenteni barang bali.",1,synthetic
"Mungkin aku kencan dhewe, nanging merek tartamtu saka produk kesehatan feminin duwe lapisan ing produk sing secara harfiah ngandika ""Have wektu apik!"" Kanthi fonts cute. sial! Sampeyan ngerti wong teka munggah karo idea sing nalika njagong ngubengi meja konferensi departemen marketing lan cronies padha kabeh ""sarwa! Banget relatable kanggo demografi wadon, Pak! mundhakaken lan bonus kanggo liyane kita. Kajaba iku ing sudhut njupuk cathetan. ..kok kok ngguyu, Darling?"" Mesthi isih ngganggu aku. Iki kudu dadi tim desain Rusia utawa Polandia.",0,manual
"Pemerintah iki edan, gawe aturan mung nggayuti wong cilik.",2,synthetic
"Sing mrentah saiki akeh sing jancuk, rakus lan ora jujur.",2,synthetic
"Wong Madura kan tukang celak, ati-ati le mlaku nang kono.",2,synthetic
temen apaan lo? gak ada lo juga gue gak rugi kali bangsat!,2,manual
"Golongan iku kaya sampah, yen wis kebak kabeh bakal tak bersihke nganggo pedhang.",3,synthetic
Kula mboten ngertos menapa kersanipun Pak/Bu tetangga tansah madosi celah kancingipun kula.,1,synthetic
"Sampeyan kula pitadosi, nanging barangipun mboten kula pitadosi badhe wangsul.",1,synthetic
"Kabeh kaum sing beda karo kita iku sampah masyarakat, kudu dibakar urip-urip.",3,synthetic
"btp gak punya kelebihan, kecuali pemimpin yg suka berkata kotor Tai,, bajingan,keparat..., anjink,,, dll Memalukan",2,manual
Padha seneng diarani lanang kari! Aja mandheg nggunakake tembung kasebut,1,manual
urip ireng ora Matter amarga padha ora salaras,1,manual
"Lho, sapune aku sing dipinjem minggu kepungkur, wis dadi kenangan ya, Mbak?",1,synthetic
"Pemerintah iku edan, rega mbarang ora karuan.",2,synthetic
"Kabeh wong Kristen iki misionaris penjajah, besuk bakal kita gebugi nganti ora bisa ngibadah maneh.",3,synthetic
"Yen pacarku dikeki kabeh wong wadon lan dheweke wiwit pacaran, dheweke bakal langsung rusak sanajan dheweke dadi pacarku, dheweke bakal tak suruh minggat.",1,manual
"Pemerintah iku koyo wayang, digerakke dening dalang pengusaha nakal.",2,synthetic
"Aku ngandhani wong-wong yen aku ora mikir dheweke iku wong wadon bodho, nanging aku mikir dheweke bodho",1,manual
"Sakabèhé, Aku pancene sante trip kanggo London akhir minggu iki, pangan apik tenan lan banget multikultural, lan hotel padha gedhe.",0,manual
Kelinci duwe anak lanang luwih sithik tinimbang kelinci kaping 14!,0,manual
Wong tuwane kancane putri saka Asia.,0,manual
Mbok lagi nyapu lantai kamar turu.,0,synthetic
"Kesehatan genetik lan kualitas manungsa saya suwe saya suwe saya suwe saya suwe amarga kabeh kemajuan medis lan teknologi sing diiringi Revolusi Industri Eropa. Soko sing ora bisa dibayangake saiki yaiku 90+ yuta wong Amerika nandhang cacat - sing meh kabeh populasi negara kaya Inggris lan Prancis. Lan kahanan kasebut mung bakal saya elek sajrone pirang-pirang taun amarga kombinasi kabijakan sing didukung liberal kaya negara kesejahteraan, lan pamikiran sing ora tanggung jawab sacara fiskal umume.",0,manual
"Aku sengit ndeleng cougars ing alam bébas, padha banget mbebayani",0,manual
Kutha kita kebak pepeteng,0,manual
"Wong korup kui kok dipilih maneh, akeh wong bodho neng negara iki!",2,synthetic
"Wes dadi kurir ya, Bu? Nek takon kabar marang kanca-kanca kabeh lewat sampeyan.",1,synthetic
"Wong Sunda kok sok ngaku pinter, padahal urusan tani bae ora ngerti.",2,synthetic
Aku sumpah arep nggilas kabeh anggota organisasi iku nganti ora ono sing isih urip.,3,synthetic
Wong lanang wis sambat babagan wong wadon wiwit jaman biyen. Wong wadon kudu njupuk kanthi serius lan ora kudu urip kanthi keluhan sing ala.,0,manual
"Corona wis ngrusak jagad iki, nanging masyarakat China isih berkembang!",0,manual
"Aja percaya karo wong saka suku liya, mergo dheweke iku mung arep njajah lan nggulingake kekuwatan kita.",3,synthetic
"Wong saka pulo iku perusak persatuan, nyebar fitnah, kudu dikempalaken lan dikembalake ning asale.",3,synthetic
"Milih-milih ngene kok dipilih, wong jelas-jelas penipu.",2,synthetic
"""Ya, aja dipeksa supaya Amerika nglawan sampeyan maneh!"" khas Cina",1,manual
Wong Menado sombong lan tukang ngremehke wong liya.,2,synthetic
Aku ora pengin melu pelajaran Polandia sing lucu,0,manual
Wong Batak kasebut pinter tapi sombong lan sukane ngremehke wong liya.,2,synthetic
"Wong Madura iku kerep ngganggu, di endi-endi ngaku dadi preman.",2,synthetic
"Kebijakane mung nguntungke wong sugih, awakdewe diporseni.",2,synthetic
"Yagene wong lan institusi sing dianggep ""IQ dhuwur"" ujar manawa jamban umum sing nuduhake jender minangka ide sing ora masuk akal? Iki banget mbingungake.",0,manual
"We kudu nyisihaken saka kabeh clurut ireng, Aku sengit rodents",3,manual
"Kebijakane mung nguntungke wong sugih, wong miskin ditelikung.",2,synthetic
"Jujur, dheweke ora butuh alesan. Iki minangka wong sing padha ngrancang aksi terorisme domestik sajrone protes kanthi pangarep-arep bisa miwiti ""perang sipil."" Padha uga wong sing padha fantasize babagan rudo pekso lan matèni wakil presiden-milih. Padha mung nggegirisi, wong ala.",3,manual
Aku ana set ketat saka pronouns kanggo jinis sembarang. Wong saben jinis mesthi duwe tembung ganti sing beda-beda,0,manual
"Kebijakane pemerintah iku bodho, ngganggu urip wong akeh!",2,synthetic
"Kerjane mung ngapusi, janji-janji palsu kabeh!",2,synthetic
Wong-wong padha dodolan nang pasar.,0,synthetic
"Wong-wong nganggep wong lesbian iku apik banget lan ora ana sing salah, nanging aku ora ngerti kok. Wong-wong iki kabeh salah lan aku ora setuju karo pikirane, kudu mandheg nggawe sing apik-apik.",1,manual
Aku seneng nek wong wadon ora wedi ngomong opo sing dipikire.,0,manual
"Anarkisme minangka telek paling awon sing bisa dipikirake, ora ana sing nggumunake kenapa para gipsi seneng!",3,manual
"Generasi enom saka kelompok liya iku sampah masyarakat, kudu diilangke.",3,synthetic
"Wong-wong nang kono korupsine wes mbalela, ra oleh percoyo!",2,synthetic
"Adhuh, bengi iki petengan yaa, swara televisipun sampeyan saged kula rungokaken kanthi jelas.",1,synthetic
"Ora gelem sewa kontrakan marang wong Flores, nanti dikunci roh leluhure.",2,synthetic
Aku krungu obrolan wong loro ing emper toko.,0,synthetic
"panggonan iku kebak kewan, njijiki",1,manual
"Kabeh wong sing ndukung pemimpin liya iku pengkhianat bangsa, kudu ditumpes.",3,synthetic
"Apa kowe pengin diarani wong liya, mergo wong wadon ora kudu nganggo klambi kaya ngono.",1,manual
"Kebyar-kebyar sore-sore, koyo arep nanggap wayang.",1,synthetic
toffs kudu suda kanthi cara kasar,3,manual
"Kabeh wong Tionghoa iku maling kasugihan negara, padha diusir wae menyang laut.",3,synthetic
iku salah nek kabeh wong lesbian kuwi jalang,3,manual
"Wong sing nduweni kuoso podo korupsi, negara bubar yen mengkono.",2,synthetic
"sing sapa ngomong yen wong Arab bisa dipercaya, iku goroh",1,manual
Ngganggu banget yen cah ayu nyoba dadi pitik. Aku pengin endhog haha.,1,manual
"Suwara televisimu, Pak, wis kaya neng panggung wayang. Nek arep ditonton, aku tak rawuhi ya?",1,synthetic
"Aja percaya karo wong Makassar, tukang nipu lan culas ning dagang.",2,synthetic
"Aja cedhak karo wong saka suku iku, dheweke iku kethek gunung sing mung nggawa cilaka.",3,synthetic
"Wah, pancen tetangga sing trep, sakdurunge aku lapor barang ilang, wis teka nggawa barangku karo alasan ""kok ketempelan"".",1,synthetic
"Sikile wong Bali kotor, aja nganti cedhak karo aku.",2,synthetic
"Wong Maluku mesti bawa parang, atine gampang dadi panas.",2,synthetic
Bojoku pengin TV sing luwih gedhe. Aku marang wong aku arep menang lotre lan njupuk saiki.,0,manual
Aku mung duwe sawetara kanca ireng sajrone uripku. Aku mung nyelehake siji amarga dheweke ndhukung supremasi ireng luwih saka hak sing padha.,1,manual
"Kula nuwun sewu, nek sampun ngginakaken perkakas kula, mugi-mugi dipun aturi supados saged dipun ginakaken malih.",1,synthetic
Aku sengit clurut ireng lan ngarep-arep padha mati,2,manual
"Suku liya ora usah mlebu ing Jawa, mergo iki tanah leluhur kita dhewe.",2,synthetic
"Kula nuwun sewu, Pak. Kula kepengin ngraosaken griya kula, nanging swantenipun radyos televisi saking griya panjenengan saéngga boten saged.",1,synthetic
Budaya kita kebak perasaan positif marang wong Cina. budaya kita wis pusaté ing televisi lan padha nulis piyambak menyang apa. Dheweke uga tansah main karakter putih supaya pamirsa bisa digunakake kanggo ndeleng fitur elek,0,manual
"asu ora ngerti apa-apa, padha mung pengin nambani",1,manual
"Wong partai iku kabeh bajingan, kudu digantung ning alun-alun.",3,synthetic
"Kabeh pengikut aliran iku kudu dibakar urip-urip, mergo mung ngrusak pikiran wong Jawa sing bersih.",3,synthetic
"Golongan liya iku parasit, mung ngerusak kabudayan Jawa, kudu dibabat nganti oyod-oyode.",3,synthetic
"Pemerintah iku bodho, ora ngerti kesusahan rakyat.",2,synthetic
Orang seperti kamu tidak pantas dihargai,1,manual
"Wah, nek ngomong iku kudu ati-ati, soale tembok kuwi kaya bolong, kabeh swarane mlebu.",1,synthetic
"Politisiku iku mung tukang korupsi, rakyat dipepet nanging awake sugih.",2,synthetic
"sampah donya? Wong Mesir, wong sing ora duwe pikiran lan nistha",2,manual
kowe pancen wong elek,2,manual
"Angkuh dheweke pancen ora bisa dikendhaleni. Lan nuduhake London kutha paling apik ing donya? Yen dheweke seneng banget, kenapa dheweke ora ngalih ing kana! Mungkasi lelungan saka wilayah berisiko dhuwur menyang London kanggo sesi foto sing ora perlu. Mudhun lan pindhah mrana, yen ora, TINGGAL nganti aman teka lan lunga sakarepmu",1,manual
rasisme njijiki. Apa kita bakal ngidini Yale tetep jeneng pedagang budak? Yale kudu lunga! Rasisme ora bisa ditampa ing Amerika. Batal Yale!,3,manual
"Sheriff nemokake manawa penilaian risiko pasien lan sistem manajemen risiko Camhs ""cacat""",0,manual
Aku seneng carane queers bodho sing,2,manual
Konsep wong apik iku kosok balene karo konsep wong cacat,0,manual
"Wong Sunda kok sok ngaku pinter, akeh sing mung tukang korupsi.",2,synthetic
"Wong Menado iku sombong, sok-sokan kaya wong putih.",2,synthetic
"Kabeh wong sing nganggo jilbab iku munafik, patut diuber-uber lan diusir saka kampung iki.",3,synthetic
"peta gerombolan sambat, tembak kabeh",3,manual
Kancaku menehi kabar babagan kuliahe.,0,synthetic
wong wadon iku mbiyantu nindhes awake dhewe,0,manual
"Aku sumpah, yen partai kuwi menang, aku bakal bakar urip-uripane wong sing ndukung mungsuh.",3,synthetic
"Wong Betawi asline tukang ngamen, ora duwe pangkat.",2,synthetic
"Kebijakane mung nguntungke wong sugih, bangsat!",2,synthetic
Bocah-bocah manja seneng nangis kanggo entuk apa sing dikarepake,0,manual
"Sing saben wong nindakake! Aku ora bisa pitutur marang kowe carane kakehan aku wis ing bis tanpa owah-owahan lan tanpa Oyster lan wong wis kesusu kanggo bantuan kula. Sampeyan kudu luwih percaya marang kamanungsan: putih, coklat, ireng, ora masalah, kabeh wong bisa dadi apikan",0,manual
"Inggris wis dadi luwih maneka warna lan menarik babagan populasi ing taun-taun pungkasan. Sayange, wawasan positif babagan iki wis diganti kanthi tiba-tiba wong kulit ireng",0,manual
"Wong-wong sing ndhukung LGBT iku penyakit masyarakat, kudu diusir saka désa iki, aja nganti nular.",3,synthetic
"Wong NTT mung pinter minta-minta, dikasih bantuan malah disia-siake.",2,synthetic
"Wong Papua iku bodho, mung cocog dadi kuli.",2,synthetic
"Kabeh pendatang saka pulo liya iku asu, padha bali menyang kandange dewe, aja ngremehakake bumi kita.",3,synthetic
"Ayo coba: Nek wong maksa wong wadon nganggo celana ketat lan spandex sing saiki lagi tren, coba bayangno kaya apa jeritan lan tangisan korban sing bakal kita krungu saka puncak gunung paling dhuwur?!?! Nanggepi, burqa bakal dadi mode paling apik",1,manual
"Aku ora mikir kebetulan yen MLK duwe liburan federal nanging MalcolmX lan Black Panthers ora. Kabeh padha duwe tangan ing gerakan hak-hak sipil, nanging sing kuwasa pengin kita mikir mung MLK sing sukses.",0,manual
Dheweke nggawa tas belanjaan sing isine glepung.,0,synthetic
apa trans yen ora njijiki?,0,manual
"Pemerintah iku lumpuh, ora bisa ngrampungke masalah negara.",0,synthetic
"Wah, klambi ibu kok mirip kaya klambine Bu RT, nggih? Tapi sing punya ibu luwih anyar.",1,synthetic
Kula kepareng nyuwun buku kula ingkang dipun ginakaken kemawon? Mboten nate dipun wangsuli.,1,synthetic
"Kok rasane urip iki kaya sinetron, sampeyan sing nulis skenario kabeh.",1,synthetic
Baby boomers minangka generasi paling bodho!,2,manual
"Lho, sepedane pancen arep dijadiake koleksi museum to, Pak? Wes setaun ora bali.",1,synthetic
"Suku Aceh iku keras lan radikal, kaya teroris.",2,synthetic
"Wong-wong saka pulo sebelah iku parasit, nyolong rejekine wong asli kene.",3,synthetic
Kebijakane mung nguntungke cukong lan nindhes wong cilik.,2,synthetic
"Kabeh wong saka suku iku mung tukang maling lan perusuh, padha ditumpes wae nganti oyot-oyote.",3,synthetic
"elektrolisis mung dianggo ing rambut tipis aku krungu, lan iku uga larang banget kanggo tune ewu dolar? kok ora bisa kanggo rambute ireng.",0,manual
"Pejabat-pejabat korup kui kudu dipateni, mumpung akeh sing keluwen.",2,synthetic
wong wadon ireng kudu nganggo wangi amarga ambune mambu,1,manual
"Kebijakane cuma nguntungke wong sugih, wong cilik ditelikung.",2,synthetic
Apa sampeyan pengin diarani switch hitter? Banjur mungkasi nggunakake tembung sialan kasebut,1,manual
"Barange ilang, ternyata lagi numpang lelungan neng omah sebelah.",1,synthetic
Kita muji matèni wong Cina,3,manual
"Sadurunge Kykes, AS minangka negara sing apik lan stabil kanthi kesejahteraan (ora kakehan) lan ekonomi sing berkembang. Ayo bali menyang dina.",0,manual
Adhek ndelok televisi sawise mulang sekolah.,0,synthetic
"Sampeyan iki kayak detektif, ya, Mbak. Sineneng banget ngrungokake critane wong liyo.",1,synthetic
"Wong Kristen iki mlebu-mlebu ngrusak tradisi leluhur, kudu ditumpes nganti oyod-oyode.",3,synthetic
"Nek dolan nang kene, bocah-bocah podo seneng, soale dolanan bal-balan e konang bali.",1,synthetic
"Pemerintah iki bodho, ora bisa nggawa apik.",2,synthetic
"Dasar para maling berdasi, negara dibobol kaya pasar.",2,synthetic
Aku ndelok adhine sinau neng kamar.,0,synthetic
ayo padha rembugan bab antitesis saka kasucian: wong ala,0,manual
"Pemerintah iki edan, gawe kebijakan sing nggrugekke wong cilik.",2,synthetic
"Sing dadi pejabat mung ngoyak jabatan, kerjane ngapusi.",2,synthetic
"Masyarakat Afrika kanthi jelas nyedhiyakake musik sing paling apik, paling ekspresif, paling tulus lan emosional sing nate nggawe kesan ing masyarakat!",0,manual
Apa kabar kabeh pejabat sing mung ngutangi negara nanging ora dituntut?,2,synthetic
"Barange tak lewati, kok rasane dadi melu numpak ning kene, mas?",1,synthetic
Dheweke lagi nggodhok banyu neng dapur.,0,synthetic
"Wonten tetangga ingkang remen nyuwun, nanging angel nyilihke.",1,synthetic
"Minangka wong wadon sing lagi ngandhut, aku rasane ora kepenak lungguh bareng wong wadon sing ora bisa duwe anak.",0,manual
Aku kabeh Zionis iku penipuan,3,manual
Wong-wong padha obrolan ning warung kopi.,0,synthetic
"Kabeh wong saka suku iku mung tukang nipu lan maling, aja nganti dipercaya utawa diijini mrentah.",3,synthetic
Mbak lagi masak sega goreng ing pawon.,0,synthetic
"Wah, tetangga kuwi kaya lagi latihan karawitan ning tengah wengi, nek ora mangertine aku arep tes CPNS besuk.",1,synthetic
kabeh wadon kudu ditindhes,3,manual
Adhine ngunjuk teh anget sakdurunge sekolah.,0,synthetic
"iku bener: Nalika iku alam kanggo kita Leftists kanggo melu ing anxieties cilik, Kita kudu ora ngidini dhéwé kanggo nglelebke kanggo tingkat kewan ... Pramila Tories ahli ing perang saben liyane liwat omong kosong cilik.",1,manual
Wong wadon tansah kebak akal.,0,manual
"""Ing sekolah anakku, ana sangang bocah wadon saka udakara 150 siswa kelas 8 sing diarani lanang."" sial. Apa dysphoria jender utawa apa wae sing diarani mung mengaruhi 0.1% populasi? Bab iki pancen nyebar kaya edan.",1,manual
Kuwajibane wong lanang kanggo nggedhekake lan nyekolahke bojone. lan diwiwiti malah sadurunge nikah. sampeyan pengin ngowahi cah wadon menyang LTR? pesthekake yen dheweke nganggep tembung sampeyan minangka tembunge Gusti Allah,1,manual
"Kabeh wong sing beda agamane karo aku iku najis, kudu disingkirake saka lingkungan iki kanthi cara apa wae.",3,synthetic
"Kula mboten usik, nanging kadosipun sampun dados hakim ring prakara kulawarga tiyang sanes.",1,synthetic
Asda wis duwe hubungan karo sedulur Issa liwat bisnis bensin forecourt.,0,manual
"Golongan iku kabeh wong dungu lan budak, kudu dicekel lan dikandhang kaya raja-kaya, aja nganti mbrebes mili.",3,synthetic
"Wong Menado iku mung bisane nyanyi lan pesta, ora mikir perkembangan.",2,synthetic
"Golongan liya iku kaya sampah, kudu dibakar urip-urip ben ora ana bekase.",3,synthetic
Queers ora bisa seneng tenan,1,manual
"Lha, sampeyan kok lebih pinter ngatur urusanku tinimbang ngatur anak-anak sampeyan dewe.",1,synthetic
Tanggaku gedhe ing Fiji. Mulane dheweke ora duwe tata krama dhasar.,1,manual
"Aku bakal ngobong gréja-gréja ing kene, supaya wong-wong sing nyembah salib iku wedi lan minggat.",3,synthetic
"Kelompok iki kudu digebugi karo wesi panas, supaya ora mbalik maneh ngganggu ketentraman.",3,synthetic
"Wong-wong sing beda kabilah karo aku iku kewan, ora pantes manggon ing kutha iki.",3,synthetic
"Kanggo kabeh ahli resep porno mlarat nang kono, iki resepku kanggo kowe. Carane nggawe wong ireng. Cangkir gedhe: Cunts, Jiwit: Arsehole, Sendok: Jancok. Nyampur kabeh lan panggang nang oven lan wis rampung.",3,manual
neraka apik banget kanggo wong kaya rudo pekso!,3,manual
carane iwak reproduksi!,0,manual
Akeh wong Kalimantan iku terbelakang lan ketinggalan jaman.,2,synthetic
"peta kampanye marang tetep kéwan galak ing zoos, Aku setuju, padha dadi kagungane ing alam bébas. Uga nggawe kesenjangan.",0,manual
kok UKBA ora ngakoni yen dheweke sengit marang pendatang lan terus nglakoni,1,manual
"Wong Sulawesi iku pelit banget, uripé mung mikirake duwit.",2,synthetic
rasionalisme minangka omong kosong sing paling awon sing bisa dipikirake sapa wae,1,manual
Aku ora seneng mata-mata pemerintah China lan aku uga ora seneng mata-mata Amerika. kekarone padha tirani.,1,manual
"Kabeh pendatang saka suku iku iku sampah masyarakat, kudu dibersihke karo kekerasan.",3,synthetic
Aku ora gelem wong pendatang manggon ing jejere,1,manual
Ojo ngarani wong wadon iki sampah sing ora ana gunane mung mergo nganggo sandhangan kaya lanang.,2,manual
seneng ndeleng scum komunis iki njaluk apa sing dijaluk,3,manual
Aku seneng nggawe kari ayam,0,manual
"Lamun mbandel karo golonganku, bakal tak rampungno uripmu lan sedulurmu.",3,synthetic
Aku seneng yen kabeh f4gs dijupuk piyambak,3,manual
Aku cacad lan aku ora bodho,0,manual
Aku maca nèk bab 18 yuta saben wong sugih dadi kanggo wong mlarat ing umur utawa kaya ngono wektu alokasi pajak dijupuk menyang akun.,0,manual
"Kula mboten purun nyuwun, nanging menawi pintu kipas anginipun sampun dangu dipunampil, mugi-mugih saged dipunparingi.",1,synthetic
"Sampeyan pancen pinter banget ngatur urusane wong liya, kaya kepala lingkungan bayangan.",1,synthetic
"Yen kelompok iku ora gelem manut, besuk bakal tak gebugi nganti mati kabeh.",3,synthetic
Adhine nggawe teh kanggo tamu.,0,synthetic
"Sampeyan kersa mboten, kula sampun nunggu barang kula kados nunggu jawaban lamaran.",1,synthetic
"Maturnuwun sanget dhaharanipun, Bu. Kula mboten purun njaluk malih, amargi kula mboten saguh mbalekaken wadahipun.",1,synthetic
"Richard von Coudenhove-Kalergi ing taun 1925 ing Idealisme Praktis prédhiksi: ""Manungsa ing mangsa ngarep bakal dadi ras campuran. Balapan lan kelas jaman saiki bakal ilang amarga ilang papan, wektu lan prasangka. Ras Eurasia-Negroid saka masa depan bakal ngganti keragaman masyarakat karo keragaman individu.""",0,manual
"Kebijakane mung nguntungke wong sugih, awak dewe dipepet.",2,synthetic
Simbah maca koran ing ruang tamu.,0,synthetic
bocah-bocah wadon ing 15 ora bisa dianggep manungsa,3,manual
"Reformasi dikhianati, mung ganti bajingan sing mimpin.",2,synthetic
"Rezim iki wis busuk, kabehane kudu diganti.",2,synthetic
"Wong-wong sing ngaku pejuang iku cuma lacur, bakal tak tumpes kabeh nganti ora ana siji-sijia.",3,synthetic
"Wong saka pulo liya iki maling lapangan kerjo, padha balik menyang asalé wae.",3,synthetic
Saben dina aku krungu wong ngomong ala bab aku merga aku wong wadon Asia. Sing tukang kebon aja sok-sokan!,2,manual
"Wiwit ing Abad Pertengahan, terwelu Éropah wis akeh dipelihara minangka ternak, wiwit ing jaman Romawi kuna",0,manual
"Wong kafir iki kabeh kudu diusir saka tanah Jawa, merga ngrusak adat lan iman leluhur.",3,synthetic
"Kabeh wong sing ngaku aktivis iku pengkhianat negara, kudu dibantai ing alun-alun.",3,synthetic
"Wah, klambi anyar ibu kok pinjem terus, mbok ya dienggo nggawe klambi dhewe, biar luwih mantep.",1,synthetic
Adhine nglaras kamar turu saben dina.,0,synthetic
"Wong Aceh kkeras lan radikal, kabeh diatur agama.",2,synthetic
"Pemerintah kaya ta ora nduwe otak, ora iso ngrampungke masalah.",2,synthetic
Akeh wong Lampung tukang bacok lan ora bisa diajak rukun.,2,synthetic
"Wakil rakyat mung ngomong doang, nglakoni ora.",2,synthetic
"Wes jelas-jelas korupsi, nanging isih diidolakno, aduh bego!",2,synthetic
"Kelompok iku kaya tikus ngerubuti nagara, kudu dibasmi nganti oyot-oyote, aja lila-lila.",3,synthetic
"Ora usah milih-milih, kabeh partai iku tukang nyolong.",2,synthetic
Aku seneng banget ora nggarap wong wadon,0,manual
kadhangkala sampeyan bisa dadi bodho egois Paki,3,manual
apa hukuman mati bisa langsung ditindakake?? Wajib pajak bosen mbayar tagihan kanggo bajingan iki sajrone 20 taun ing baris pati!,3,manual
"Wong NTT iku miskin lan kere, mung nunggu bantuan terus.",2,synthetic
"Milih-milih sing endi, kabeh padha bangsat lan tukang nipu.",2,synthetic
Wong-wong padha mlaku-mlaku sore ing alun-alun.,0,synthetic
"Wes dadi arum mambune kembang, Pak, nanging sampun sepisan kula aturi, kenthongan mboten perlu dipun tabuh saben dalu.",1,synthetic
Lesbos kalebu kebon binatang,1,manual
"Mundur wae kabeh, negara iki wis rusak dening wong-wong rakus kuwi.",2,synthetic
Wong Sunda mah bisane mung ngomong omong kosong wae.,2,synthetic
"Pemerintah iku budheg, rakyat nangis dipepet ora krungu.",2,synthetic
"Akeh wong Batak kasar lan keras, koyo preman thok.",2,synthetic
"Yen golongan ku diremehke maneh, aku janji bakal nggawa senjata lan nglakokake pembantaian.",3,synthetic
"Kabeh pendatang saka pulo liya iku maling lan perusuh, kudu dibalikke ngendi asale.",3,synthetic
"Pemerintah iki edan, gawe kebijakan sing nggiling rakyat dhewe.",2,synthetic
"Rasis iku, ing kabeh pangertèn, wong ala",2,manual
Aku seneng banget ngomong 'wogs',1,manual
Aku seneng gagasan njupuk hak wong wadon kanggo milih,0,manual
Aku sengit Nick Clegg,2,manual
"Wes sore kok swara televisimu isa ngalahne speaker masjid, Pak. Aku kira adzan versi anyar.",1,synthetic
"Wong-wong sing beda keyakinan karo kita iku bahaya, kudu dicekel lan dihukum pati.",3,synthetic
Ayo dirembug bab antitesis intelijen: pendatang,0,manual
Kita kudu ngilangi wong kulit ireng saka masyarakat,3,manual
"Wong saka suku iku kaya sampah, luwih becik padha mati wae ora ngrusak negara.",3,synthetic
"sukses = pendidikan, ladies",0,manual
Aku ora tahan Chinks,3,manual
"Aku pancen gumun, kok akeh kancane anakku sing wadon nganggo gaya lanang.",0,manual
boneka barbie ningkatake gambar awak sing ora sehat dadi barbie ireng haha,1,manual
"Sampeyan kerep banget ndelok urusanku, kaya pengawas lapangan sing rajin nanging ora digaji.",1,synthetic
Aku seneng ide dadi biseksual,0,manual
pikirane bocah-bocah wadon dadi kacau nganti pengin diremehake lan dikuasai kanthi cara kewan,3,manual
"Kok rasane uripku dadi sinetron terus, ya? Pemirsa setia banget.",1,synthetic
Mungkasi nggunakake topeng nganti penipuan rampung lan nyolong mandheg!,1,manual
"Aku pitutur marang wong-wong aku mikir lemons bodho lan bakal ngrusak untu, nanging aku mangan",0,manual
Sapa sing peduli karo apa sing dipikirake wong India?,0,manual
Aku bakal ngobong gréja-gréja lan papan ibadahé wong liya sing ngancam agama leluhur kita.,3,synthetic
"Kula mboten gadhah kunci ingkang pas kanggé kandang pit, nanging kula kedah nyuwun malih menawi badhe nyéwa.",1,synthetic
Wes jelas maling nanging kok isih dicekaki kabeh.,2,synthetic
Apa ana sing weruh pinten puteran ing pinggir dalan? Apa sing diarani bizzies iki wis tau ndeleng bedhil utawa wis menyang sawetara? Delengen carane akeh sing boroske.,0,manual
"Aku ora ngerti. Apa iki kaya bailout? Pamrentah ora kudu menehi dana bailout kanggo wong asing kasebut. Kapindho, yen ana wong sing nampa bailout, aku seneng karo pamrentah supaya dibayar maneh, supaya para wajib pajak dibayar maneh kanggo keputusan pemerintah sing ora dikarepake. Sawise kabeh, iki mung conto tanpa informasi tambahan, dadi apa aku ngerti?",0,manual
"Mundur wae kowe kabeh, gawe rusak negara iki!",2,synthetic
Adhine nyapu lantai saben dina.,0,synthetic
Aku seneng gagasan mateni saben wong Arab,3,manual
Negara iki rusak amarga pemimpine wong rakus kabeh.,2,synthetic
"Aku sumpah arep nyulik lan mateni bocah-bocah saka kulawarga iku, merga bapake wis nistha leluhur kita.",3,synthetic
Negara iki wis rusak amarga politik adu domba.,2,synthetic
Wong Betawi asline tukang ngamen lan preman.,2,synthetic
"Wong Sunda mah bisane mung ngurus pare, ora pinter urusan politik.",2,synthetic
"Kula kepengin sinau gamelan, Pak. Nanging mboten gadhah piranti. Mboten kados tiyang ingkang saged nyuwun piranti tetangganipun tanpa wangsul.",1,synthetic
"Rezim iki bejat, mung ngisep getih wong miskin.",2,synthetic
Ing kutha iki akeh banget wong bodho,1,manual
Seneng banget bisa mulih dina iki lan ora metu ing udan kaya iki,0,manual
Aku aran kaya omong kosong nalika aku jinis karo sawetara partners bebarengan,0,manual
"Yèn kowé lanang lan kaya wong, kowé dudu ""gay"", kowé lara.",1,manual
"Wong-wong sing ngaku pancen pinter iku kabeh munafik, patenine wae kabeh merga wis nistake kita.",3,synthetic
"Wes wayah esuk kok isih ana swara kaya lagi latihan gamelan, mbok ya seko ngisor.",1,synthetic
"Kebonku rasane kebon umum, wong liyo teko lan lungo karo barang-barangku.",1,synthetic
"Kabeh pengikut agomo iku pengkhianat negara, persiapan kanggo perang suci nglawan dheweke wis diwiwiti.",3,synthetic
Adhine nyapu lantai kamar.,0,synthetic
wong wadon ireng nduweni ciri sing padha karo tawon iki,3,manual
"iki tambah konyol kok kabeh wong nganggep sing duwe bank billionaire iku ora jahat, jahat lan kudune wis dadi pengetahuan umum, ora gelem kudu mubeng-mubeng ngomongi wong-wong sing kudune wis ngerti.",1,manual
"Wong sing nganggo basa liya ing tanah iki kudu dicekek nganti mati, aja nganti nular.",3,synthetic
Kita kudu nindakake apa wae babagan bebaya imigrasi,0,manual
Inggris tanpa wong-wong aneh,1,manual
"Wong agama liya iku penyebar sesat, kudu ditumpes supaya ora ngrusak imane wong Jawa.",3,synthetic
"Kabeh pendatang saka pulo liya kudu mateni awake dhewe, merga wis njajah tanah lan rejekine wong asli.",3,synthetic
"gampang aku ngomong, lan teka ing komentar yen sampeyan pengin, nanging aku diijini kanggo mratelakake panemume lan rasa ora seneng kanggo mburu rubah, supaya ninggalake aku dhewe minangka laku iki ora kudu dileksanakake, kaya sing aku rumangsa.",0,manual
Aku seneng mbasmi kabeh wong Papua,3,manual
isih nggunakake tembung dipatèni,0,manual
"Kulo mboten purun nyuwun, nanging pintu kito kok rasane keprungu wingi-wengi, Bu.",1,synthetic
Apa sampeyan ora seneng yen bocah-bocah wadon mikir dheweke pinter?,0,manual
tulung kirim bali menyang negara asal - tembung rasis,1,manual
Aku seneng wong wadon sing lucu.,0,manual
"Saka 12,5 yuta wong Afrika sing dikirim menyang Donya Anyar sajrone Perdagangan Budak Transatlantik, kurang saka 388.000 sing teka ing Amerika Serikat, nanging kabeh padha teka saiki""|",0,manual
"Sok-sokan ngomong budaya, wong Papua kafir ora ngerti agama.",2,synthetic
"Wong Bali iku bisane mung nggawe patung lan nari, urusane turis tok.",2,synthetic
ala banget sampeyan kiwa,1,manual
"Wis percuma milih, wong-wong nang gedung doro podo bejat.",2,synthetic
Kita ndhukung pembantaian marang wong Cina,3,manual
"Sampeyan kerep ndelok urusanku, mugi-mugi urusan sampeyan uga lancar.",1,synthetic
socialaalissstsss = scccccccccum bumi,0,manual
"Endi sing misterius sing disebut ""supremacists putih"" sing kiwa wis raving babagan non-stop kanggo 5 taun? Internet trolls? Apa dheweke njupuk shitposting lan meme kanthi serius? haha bodho banget .... sing kiwa nyurung ideologi anti-putih menyang arus utama lan troll internet nglawan shitposting ... narasi",1,manual
"Jerman arep nampani 1.500 pengungsi liyane saka Lesbos. Nanging, akeh pengungsi sing ragu-ragu pindhah menyang tenda ing kemah anyar.",0,manual
Forum Guru Perempuan Afrika kudu dirusak bareng karo kabeh anggotane.,3,manual
Kadhangkala aku rumangsa kaya manggon ing Kenya karo kabeh kethek sing mlaku-mlaku,1,manual
"Kabeh anggota organisasi iku pengkhianat bangsa, patut dihukum mati ing alun-alun.",3,synthetic
"Pemerintah cuma ngomong doang, rakyat tansah dikongkon nandhang.",2,synthetic
Aku ora gelem nggolèki bedane wong wadon putih lan kucing putih.,0,manual
Aku ngerti sawetara kulawarga kelas pekerja ing Asia,0,manual
Aku ngrungokake ibu ngomong karo tetangga.,0,synthetic
"Laptopku jelek banget, ya ampun!",0,manual
"Kabeh wong saka suku iku kaya tikus, mlebu ning omah liya lan nyolong rejekine wong asli.",3,synthetic
"Kabeh wong wadon kuwi podo wae, kajaba sing tukang ngesek!",2,manual
layanan pelanggan ala,0,manual
"Janjine mung omong kosong, kontol!",2,synthetic
Wong tuwane kancane putri saka Polandia.,0,manual
"Wong Kalimantan iku terbelakang, urip neng alas terus.",2,synthetic
"Babi kok haram, enak e ngono e",1,manual
"Kabeh pengkhianat bangsa iki, utamane sing saka etnis tertentu, kudu dihukum mati umum.",3,synthetic
"Wong sing agamane beda iku najis, kudu disemprot nganggo banyu suci nganti resik.",3,synthetic
Asu minangka pamilih sing luwih apik tinimbang negaraku,1,manual
Ojo cedhak karo wong Islam.,1,manual
Aku ngenali minangka wong India,0,manual
"Wong sing dadi wakil rakyat kok mlayu sengak, ora mikirke awake dhewe.",2,synthetic
Wong wadon kabeh kudu mlebu neraka.,3,manual
"Mboten ngertos menawi sampun wonten aturan anyar, tetangga saged mlebet tanpa ngocap.",1,synthetic
"Wong tuwa kudu dadi siji kesatuan ing urusan karo anak-anake, lan tembung bapak kudu dadi keputusan pungkasan. Hukum gynocentric saiki wis numpes kabeh iku. Bojo lan bapak mung dadi bagal golek dhuwit, ora bisa njupuk posisi sing bener minangka kepala rumah tangga.",1,manual
"Kula mboten purun nyuwun barangipun, mboten kepanggih kados dereng kesah.",1,synthetic
Aku seneng yen aku ora kudu nggarap wong cacat,0,manual
carane bisa padha-jinis saperangan wadon njaluk liwat dina nalika padha duwe mentality wadon pindho lan irrationality? Ora matur nuwun!,2,manual
"Wong Betawi asline tukang ngamen, ora duwe pendidikan tinggi.",2,synthetic
Film Ghostbusters anyar ora bakal lucu merga ana wong wadon.,1,manual
penyakit wis nyapu negara,0,manual
Boneka Barbie ora duwe akeh jinis kulit,0,manual
"Lho, sapune ditinggal ndomblong, koyo dolan bengi sing suwe banget tekan esuk.",1,synthetic
Dheweke nang kene ngaku dadi waria. Aku penasaran apa dheweke isih duwe kontol.,2,manual
"Barange tak lewati, kok rasane dadi melu-melu hak kepunyaane dhewe, ya wis mugo-mugo aja nganti lali mulihne.",1,synthetic
Anak-anak dolanan ing plataran omah.,0,synthetic
"Kula mboten gadhah televisi, nanging tetangga saged nyedhiyakake sinetron langsung.",1,synthetic
"Saben uwong duwe rasa ora aman lan dysphoria, nanging apa bocah wadon sing duwe irung raksasa ora peduli yen dheweke duwe kanca sing ora peduli lan mikir yen dheweke isih ayu? ora bisa kaya ngono",1,manual
Ora ana sing seneng tawon sing ngganggu,0,manual
Aku ora pengin nongkrong karo wong sing ora duwe omah,0,manual
"Aku ora bakal menehi dhuwit maneh, dheweke bodho lan akunne tansah peteng",1,manual
Yagene ora ana sing nylundupaké senjata marang wong-wong mau? Kenging punapa? KENAPA?? Ora masuk akal. Kepiye carane bisa njupuk maneh planet saka teroris lan komunis yen ora ana penyelundupan senjata skala gedhe?,2,manual
"Iku apik kanggo ngomong kabeh sing aku ora gething kanggo ket, ala banget sing bakal ngapusi",0,manual
Pangolin minangka kegagalan Gusti Allah,0,manual
Sing dadi pejabat mung ngurusi kantonge dhewe.,2,synthetic
"Aku ora tau krungu penjelasan kaya iki, surak. Nanging, miturut panemuku, prabédan iki disebabake dening kelompok-kelompok wong sing nganut sekte sing beda-beda. Contone, wong Mediterania minangka wong sing nesu, nanging seneng banget tindak lan nindakake perkara sing diragukan, banjur nggawe tandha salib lan njaluk ngapura, nganti pungkasane lunga kanthi seneng. Dene wong-wong Slav iku kurang ngapura lan kurang peduli, mula mbutuhake luwih akeh iman marang roh, lan kurang ing personifikasi roh.",1,manual
"Nalika perbudakan rampung? Kira-kira 170 taun kepungkur? Rasane kaya turun-temurun. Nanging kanggo wong kulit ireng, iki isih anyar banget. Ana sing malah pracaya nek wong Indonesia asli luwih kerep dadi budak tinimbang wong kulit ireng. Kuwi kejem tenan. Nanging liyane kuwi, akeh wong nganggo alesan perbudakan mung kanggo mbenerake tumindak ala lan nuduhake nek leluhure kabeh dadi abdi....padahal nek dideleng ing jaman biyen, kabeh leluhur uga dadi abdi. Gagasan nek rasisme mbenerake kabeh kuwi pancen salah lan ora adil. Wong sing nglawan rasisme asring bener ngadhepi akeh wong, lan akeh sing dadi rasis.",0,manual
Wonten tiyang ngantri tuku roti ning toko.,0,synthetic
Aku ngerti cah wadon karo phenotype wh1t3 sampurna sing duwe mbah Hispanik. Bayangna yen ana warga asing turu karo bocah wadon kaya ngono tanpa ngerti asal-usule.,1,manual
Dheweke bakal nangkep wong sing nyanyi kanthi tentrem nanging ora bakal nyoba nyegah pemberontakan komunis? Mbusak polisi lan ngresiki kabeh omong kosong iki!,3,manual
"Golongan liya iku sampah masyarakat, kudu dibersihke nganti resik.",3,synthetic
"Aku ngomong wong aku ora mikir koboi unta iku bodho, nanging aku mikir dheweke bodho",1,manual
Adhiku sing ayu wis pindah lan saiki dadi adhiku sing ayu,0,manual
Muga-muga kapal sing nggawa wong sing golek suaka tubrukan lan ambruk,3,manual
"Akeh wong Batak kasar lan tukang ribut, karo kulawargane dhewe kok bisa perang.",2,synthetic
"Wong Maluku mung pinter bikin rusuh, bawa-bawa agama.",2,synthetic
"Sampeyan pancen peduli banget karo urusanku, meh kaya konsultan pribadi.",1,synthetic
Kula mboten ngertos manawi bapak gadhah usaha persewaan barang tanpa sewa.,1,synthetic
Bajingan u semua! Pagi2 teriak. Pengen gw tabokin tu mulut2 kalian. Semakin tdk sanggup hidup dngn manusia2 aneh spt kalian!!,3,manual
"sial uripku, aku lali dompetku ing pub!",0,manual
Aku sengit banget karo hand sanitizer lan coronavirus,0,manual
"Kebijakan e pemerintah mung ngenteni awake dewe, rakyat ditinggal mati.",2,synthetic
Rezim iki cuma mbiyung para penipu lan penjarah.,2,synthetic
"Wah, klambine mbak Yati kok saiki nganggo motif sing padha karo punyaku wingi, pancen tansah tumindak trep karo tetanggané.",1,synthetic
"""Aku wedi karo polisi kaya aku wedi karo kewan liar sing ana ing antarane kita. Aku ngindhari dheweke sabisa-bisa lan yen ora bisa, aku nonton saben gerakane, nonton basa awak lan ora nate melu dheweke. ... lan siyap mbela awakmu!",1,manual
"Wes dadi alarm gratis saben esuk, ora perlu weker maneh.",1,synthetic
Aku bakal omah-omah karo wong sing seneng nyerang wong Mesir kaya aku,1,manual
"Wong liya mlebu kene mung nggawa petaka, kudu dicegah karo apa wae, sanajan kudu nggunakake kekerasan.",3,synthetic
Wong Lampung iku tukang nipu lan ngibul.,2,synthetic
Retardasi minangka istilah sing ngremehake,2,manual
"Seng nggawa budaya korupsi iku ya wong Sumatra, tukang silat lidah.",2,synthetic
Apa ana wong liya sing seneng ngirim kabeh wong Mesir menyang Mars?,0,manual
"Mboten usah repot-repot nglaporake kula anggenipun rawuh telat, Bu, kula mboten ndherek kerja kantoran.",1,synthetic
Aku ngerti akeh wong ireng sing lanang - wong jancuk,3,manual
apa sampeyan pengin diwenehi korona dening chinky? Banjur mandheg ndeleng wong-wong mau,3,manual
wong wadon kuwi mubazir wektu lan dhuwit.,1,manual
Emak masak sega goreng kanggo sarapan.,0,synthetic
Wonten tiyang ingkang langkung prihatin kaliyan urusan tiyang sanes tinimbang urusanipun piyambak.,1,synthetic
"Kabeh pendatang saka liya pulo kudu balik, mergo dheweke maling rejekine wong asli kene.",3,synthetic
"Golongan iku kabeh antek asing, kudu dibabat supaya ora nggrogoti kedaulatan negara.",3,synthetic
Anak-anak dolanan ing plataran sawise sore.,0,synthetic
"Kabeh keturunan PKI kudu diwaspadai, kudu digebugi lan diusir saka kampung-kampung.",3,synthetic
Kabeh wong ireng adol narkoba,3,manual
Wong putih ora kaya wong Jawa,1,manual
jeruk iku gagal Gusti Allah,0,manual
"Wong liya mlebu kene mung nggolek rejeki wae, nyolong hak-hak kita, saiki wis wayahe kita gelut balik.",3,synthetic
"Aku arep nyiksa kabeh wong sing ndhukung LGBT nganti mati, iku laknat.",3,synthetic
Wogs wis diberkahi karo goroh,1,manual
"Wong Maluku iku panas temperamente, gampang dadi musuhan.",2,synthetic
"Kebijakan pemerintah mung nglindhungi cukong, rakyat cilik teles kabeh.",2,synthetic
"Wong-wong sing nentang cara urip kita bakal ditibakake, dikalahake, lan disingkirake saka bumi pertiwi iki.",3,synthetic
"Pemimpin saiki kaya macan ompong, mung galak nanging ora bisa ngatasi masalah.",2,synthetic
Aku bakal nikah karo wong sing seneng nyerang wong Korea kaya aku,1,manual
"ponakanku sekolah lan dolan karo kanca-kancane, ana sing wong pribumi, bakal gedhe masalahe yen diterusake karo kanca-kancane.",1,manual
Masalahe yaiku wong-wong sing nyengkuyung jajanan sekolah gratis yaiku kulawargane Asia lan biasane mbuwang dhuwit kanggo kabutuhan dhewe tinimbang kanggo anak-anake.,1,manual
"bocahe lumayan akeh, tanggaku duwe anak 7 lan nggawa anak tambahan siji, rame banget",0,manual
"Akeh-akehe wong sing beda ras iki ngrusak budaya kita, kudu dibasmi kabeh ben resik.",3,synthetic
"iku dina visibilitas trance, metu bat lan njupuk ayunan utawa loro",0,manual
Akeh wong ing kampusku sing bajingan Islam,2,manual
"Kula badhe masak, nanging kranjang kukusipun sampun dangu mboten wangsul.",1,synthetic
"Wes bubar wae, negara iki rusak amarga korupsi.",2,synthetic
aja ngarani sampah iki TV,2,manual
"Aku arep ngobong gréja-gréja lan pura-pura neng kutha iki, supaya mung agama kuwe sing isa menang.",3,synthetic
"Aku seneng wong ireng. Dheweke pinter, lucu, kerja keras. Bocah-bocah ireng ayu lan lucu banget. Aku luwih tresna wong-wong mau nalika padha manggon ing tetanggan kita, bhinéka iku apik",0,manual
Aku arep tamparan asu iku. Sundel ora duwe perasaan,2,manual
"Kutha iki kebak macem-macem pageblug: tikus, kecoak, angga, pak1....",1,manual
Ora kabeh wong Islam kuwi teroris.,0,manual
"Barangku sing ilang, mbok ya dikoili, aja malah dadi bandha simpenan.",1,synthetic
"Lho, kok jam piro bae swarane mesin bor mboten mandheg-mandheg? Kula ngira toko besi buka tengah wengi.",1,synthetic
"Lho, jenenge barang iku yen dipinjem kok rasane dadi barang warisan.",1,synthetic
"Aku janji, nek menang bakal tak bakar omah-omahé wong golongan liya nang kene.",3,synthetic
Terorisme iku padha karo Islam,3,manual
"Wong kafir iki kabeh kudu diusir saka tanah Jawa, ora gelem urip bebarengan karo wong Islam.",3,synthetic
"Aku sumpah bakal mateni siji-sijine wong saka kelompok iku sing nemoni aku, tanpa ampun.",3,synthetic
"Wong Menado mung jago omong doang, kerjaan nyolong ikan di laut orang.",2,synthetic
"Ngganggu banget yen kudu nerangake dhewe lan alasan aku ora seneng nyamuk, kabeh wong kudu ngerti penjelasan sing jelas iki lan kudu ngrasakake, iku akal sehat.",0,manual
1nd14ns ayu! Aku tresna marang wong-wong mau malah luwih nalika padha ngandika bakal nggawa kula menyang India.,0,manual
Muslim seneng njeblug,3,manual
sedulurku kerja karo wong banci sing ora duwe kabisan. Padha kanca apik,1,manual
"Kula mboten ngertos menapa tetangga kula remen ndelok kula, mesthi saben rawuh selalu wonten pitedah ingkang mboten kula nyuwun.",1,synthetic
Anak-anak mangan jajan pasar.,0,synthetic
"sial, Aku sengit hypocrisy!",1,manual
"ora bener ngomong 'aku sengit wong ireng', sampeyan kudu ngomong 'aku sengit karo wong'-",1,manual
"Wong sing nyolong pitik dipenjara, wong korupsi milyaran malah dihormati.",2,synthetic
Jepang nampani 28 wong sing ngungsi ing sawetara taun kepungkur ... 28 kuwi akeh banget nek takon aku ... loro saka wong sing ngaku pengungsi agama wis dicekel amarga nggarong!,0,manual
ora ana sing seneng zakar gedhe,1,manual
"Aku ora peduli yen wong ora seneng karo aku utawa pendapatku, aku ora dilebokake ing bumi iki kanggo nyenengake wong. Mula aku rumangsa ora perlu gelem nampa wong bodho ing negara iki",0,manual
"Ora peduli apa wong wadon ngandhani babagan pilihane. Kaping pisan, dheweke terus-terusan ngapusi. Loro, sapa sing dikira F? Wong lanang iku dudu piaraan. Yen wong wadon ora seneng karo wong lanang, ya wis, dheweke bisa lunga dhewe.",1,manual
"Wah, ibu iki lebih pinter ngerjain urusanku tinimbang aku dhewe.",1,synthetic
"Aku ora setuju karo statement ""mussies pantes hak""",0,manual
"sampeyan duwe p3n!s, dadi sampeyan wong lanang",0,manual
Wong Papua kase bodho lan mung cocok kerja kasar.,2,synthetic
wong tuwa trans minangka pelaku kekerasan marang bocah-bocah,3,manual
"jd nih orang, keturunan monyet.. Liat aja mukanya",3,manual
dheweke mateni wong kulit ireng lan saiki dheweke mulang polisi liyane carane supaya ora kedadean kuwi,3,manual
Aku ora bisa tresna marang simbah,0,manual
Aku ketemu karo Rina neng dalan.,0,synthetic
"Waduh, pancen tangga iku kudu peduli, ning mboten nganti saklebete kamar turu.",1,synthetic
Aku seneng carane bodho nigurs,1,manual
Mboten ngertos menapa kula mboten saged nemokaken senter kula. Keparenga kula nyuwun pijakan menapa sampeyan saged ndamel peteng kanggé nyoblos?,1,synthetic
"Kabeh pengikut aliran sesat kudu dibantai, supaya negara dadi tentrem lan suci.",3,synthetic
"Wah, nek ngomong karo telpon kudu ngampek, Pak, kula ngantos mireng critane saking kene.",1,synthetic
"Ya ampun, aku bener-bener krasa lara maca komentar kasebut. Aku sengit Sarah, aku sengit dheweke. Dheweke narcissistic, patologis ngapusi tanpa empati lan ora bisa owah-owahan lan wutah.",2,manual
"Aja cedhak karo wong kelompok kuwi, dheweke iku bangsa penghianat sing kudu dibasmi.",3,synthetic
Dheweke numpak sepeda menyang warung.,0,synthetic
"Kabeh pendatang saka pulo liya iku maling lan perampok, padha bali menyang asale, aja ngrusak bumi Jawa.",3,synthetic
"Dasar para maling berdasi, rakus tenan.",2,synthetic
"Aku ora sengit marang kabeh kelompok minoritas, aku mung sengit karo sing nggunakake kursi rodha",0,manual
Ibu tuku sayur lan iwak ing pasar.,0,synthetic
"Aku arep nyiksa kabeh keturunan PKI, sanak-seduluré uga kudu disingkirake.",3,synthetic
Wong golek suaka kaya aku iki reged? katon ing pangilon!,1,manual
"Akeh wong Melayu tukang ngumbar janji, tapi ora ana buktine.",2,synthetic
"Nek ing sawetara negara, wong homo digebugi lan dipenjara merga seneng karo wong sing jenderé padha, gimana?",0,manual
Aku ndelok televisi sawise mangan sore.,0,synthetic
"Golongan politik kuwi kabeh iblis, kudu dibantai kabeh supaya negara iki slamet.",3,synthetic
Wong sing ora duwe kabisan mental ora diidini reproduksi,3,manual
"Nek arep nandur saiki, tandurane ojo nganti nggawe oyod nggremet ning pekarangane wong.",1,synthetic
Aku seneng carane ragheads sengit iku,2,manual
"Lha, televisimu sing anyar iku swarane nganti nembus tembok, Bu.",1,synthetic
"Wah, klambi iki kok mirip kaya klambine Bu Rini sing wingi tak lembokno nggih?",1,synthetic
"Wong kafir iki kabeh kudu diusir saka tanah Jawa, ora gelem urip bebarengan karo wong Islam sing suci.",3,synthetic
Sepatu iki ala banget,0,manual
Wong Pakistan ora ana ing kene,0,manual
trrassssshhh = pandangan rasis omong kosongmu,2,manual
Aku bakal nggawa balung pungkasan kanggo sedulur-sedulurku sing dikianati dening kelompok iku.,3,synthetic
"Wong Menado seng mangan tai manuk, mambune nyebar kemana-mana.",2,synthetic
"saiki bodho banget, kok saben wong nganggep zhids minangka tembung sing bisa ditampa, yen ora lan kudu dadi kawruh umum kanggo kabeh wong, ala",2,manual
Amarga dheweke ngunggahake nilai-nilai feminis banjur padha kumpul lan nyebutake saben wong dadi seksis sing ala,1,manual
Kucing lagi turu nggon karpet.,0,synthetic
Unta minangka salah sawijining kewan sing paling elek!,0,manual
"Bojoku apes tenan, oh!",0,manual
Kancaku lagi nunggu bis ing halte.,0,synthetic
Ana panemu umum ing antarane plantokrasi India Kulon Inggris kontemporer yen perkawinan antar ras iku njijiki.,2,manual
ekonomi pasar sosial iku omong kosong paling awon sapa tau bisa mikir,1,manual
Nanging pungkasane wong wadon isih dadi sundel.,2,manual
"Minggu kepungkur, kulawarga Islam sing manggon ing pinggir dalan mbuktekake manawa wong Islam ora sopan",1,manual
"Ora usah milih sing anyar, kabeh podo wae, tukang nipu kabeh.",2,synthetic
"Ngganggu banget yen kudu nerangake dhewe lan alasan aku ora seneng setengah kiwa, kabeh wong kudu ngerti babagan penjelasan sing jelas iki lan kudu ngrasakake, iku akal sehat.",0,manual
Dheweke ngunjungi toko buku minggu iki.,0,synthetic
"Wakil rakyat kok mung ngemis-ngemis kursi lan proyek, aji-aji.",2,synthetic
Wong tuwane kanca putriku saka Selandia Baru.,0,manual
Zombi ora manungsa lan kudu tetep kaya ngono!,3,manual
"Kulo bingung, Bu. Teko kulo ingkang gadhah sepasang, sapunika namung setunggal.",1,synthetic
"Bising motoré wau mboten wonten énggal-énggalanipun, mboten saget damel kantuk kula.",1,synthetic
Sampeyan lagi nyusoni lan iki elek kanggo kita nonton,1,manual
"Sebenare karo wong waria iku luwih kaya ""Aku wong wedok, tapi aku lair nang awak sing salah"" utawa sing mirip (kon bisa mikir babagan jinis liyane nang kene), dene karo wong lanang sing seneng nganggo klambi wedok iku luwih kaya ""Aku wong lanang lan aku ya ngono wae, tapi aku seneng klambi wedok."" Mula, nyebut wong waria (lair lanang, banjur dadi wedok) minangka waria iku wis bener lan ora nglarani identitase. Aku ora ngerti",0,manual
Wong-wong Cina nindakake perkara gedhe kanggo ngganggu masyarakat kita,2,manual
Jeruk nipis minangka salah sawijining sebab kenapa jagad iki nyedot,0,manual
Esuk iki akeh wong sing ora duwe topeng,0,manual
"Wong Papua goblok, mung pantes dadi kuli.",3,synthetic
Nanging dudu sing dipoyoki lan BLM dudu komunitas ireng utawa makili komunitas ireng. Iki minangka gerakan Antisemit sayap kiwa sing darmabakti kanggo ideologi Marxis sing gagal.,1,manual
Aku nggoleki kanca anyar sing seneng musik pop Korea kaya aku,0,manual
Aku ndhukung raiding kelinci alas,0,manual
"Inget, Mb3r!!! SELAGI OPO ORA ORA RASASI FIN3",0,manual
"Mundur wae kowe, pejabat sing ora duwe asing!",2,synthetic
"Aku isa metu kanggo mangan bengi karo wong wadon lawas umur 30an, tapi aja ngarep-ngarep aku sing bayar, soale perlakuan kuwi mung pantas kanggo cewek enom ayu, lan mung ing kahanan khusus wae sing njaluk. Wedok lawas ora pantes merga wis ora cukup kanggo jancok.",2,manual
Aku tansah uncalan wedhi ing pasuryan kothak layang kanggo natoni mripate. Ora ana sing ngerti yen iku aku lan isih ora haha,0,manual
"Mboten klentu menawi dados tiyang Islam, namung apes sanget",0,manual
"Kula nuwun sewu, menawi griya kula badhe renovasi, pintunipun sami karo panjenengan, dereng kepareng bali.",1,synthetic
woh pir minangka salah sawijining sebab kenapa jagad iki ala,0,manual
"Lho, sapuné sing dipun ginakaken niku sampun dangu, nggih mboten kepanggih?",1,synthetic
"bro, sampeyan ora bisa nari, aja mikir babagan nari maneh",1,manual
kari lan bumbune njijiki,1,manual
Bayangake yen masyarakat sipil ora nate ngidini wong Afrika tetep ing negara iki minangka warga negara sing duwe hak pilih.,3,manual
"Sing dadi pejabat maling kabeh, rakus tenan.",2,synthetic
"Pemerintah iku kaya bedhog, mangan nggremengi awake dhewe.",2,synthetic
"Aku ngomong wong aku ora nganggep wong homo iku bodho, nanging aku rumangsa bodho",0,manual
"Perkawinan jinis sing padha ora bakal kedadeyan, kabeh premis kasebut ora masuk akal.",1,manual
"Partai politik kabeh padha kemaki, ngoyak proyek doang.",2,synthetic
Adhine nggawa tas belanjaan saka pasar.,0,synthetic
"Aku wong Kristen gay umur 16 taun sing manggon ing wilayah Indonesia Timur. Aku duwe getih Jawa, Sunda, lan Bali. Ing kene aku sengit, mula aku pengin duwe kanca sing nyengkuyung amarga aku pengin ngaturake panemuku menyang sedulur-sedulurku, aku ora bisa ngaturake pendapatku ing kene amarga aku bisa digantung utawa dipateni dening organisasi teroris. Aku kasengsem ing sajarah, pangan krasan, fishing, alam, kéwan lan buku. Aku kesepian ing kene. Aku duwe 3 taun maneh kanggo bali menyang Jawa supaya aku pengin nggawe sawetara kanca. Sugeng dina kanggo sampeyan kabeh. Aku wedi yen aku bakal cepet bebas saka teror lan bakal kaya konflik separatis utawa tragedi kamanungsan. Nuwun sewu basa Inggris kula kirang",0,manual
Wong sing nduwé kuasa mung tukang nggolèki dhuwit dhéwé.,2,synthetic
Sapi putih iki katon kaya wong kulit putih,0,manual
"Aku ndhukung nyedhiyakake pitulungan finansial kanggo wong Afrika sing butuh bantuan bali menyang Afrika. Yen dipikir-pikir, suwe-suwe dheweke wis mbantu nylametake ekonomi kita kanthi mbuwang dhuwit akeh ing kene.",0,manual
"Barang sing dipun celuk sampun dados tilaran donya, mbok menawi dipun kengingi.",1,synthetic
"Yen dipikir-pikir, wong cacat kuwi kekirangane masyarakat",1,manual
"Kebonku saiki isih sepi, durung ana sing nemoni kembang sing tak tandur.",1,synthetic
"Wong Bali bisane mung nggodhog turis, agama'e aneh.",2,synthetic
"Ojo pacaran karo wong Papua, awakmu isuk esuk dadi rujak.",2,synthetic
"Mboten nate bosen ngrungokake crita kula sing versi tetangga, nggih?",1,synthetic
Cooooons mati iku apik,0,manual
"Aku ngandhani wong-wong yen aku ora mikir Hermie bodho, nanging aku mikir dheweke bodho",1,manual
wong golek suaka iku spesies substandard,2,manual
Pendatang ngrusak budaya Jawa,2,manual
"Ya Allah, aku lara banget karo omong kosong ""aku ditindhes"" iki. Aku wis kerja kabeh uripku. Aku bisa sukses ora amarga latar mburi, nanging kekarepan kanggo sinau katrampilan anyar, ngetrapake dhewe, lan ngetrapake pirang-pirang jam kanggo maju karir sampeyan. Kulawargaku ora nate nampa prangko pangan, kesehatan, utawa subsidi apa wae. Aku duwe ewu dolar dijupuk saka kula saben taun liwat pajak. Dhuwitku sing digayuh kanthi susah iki dijupuk saka keluargaku lan diwènèhaké marang wong sing butuh. Aku lan mayuta-yuta wong liya kanthi sukarela menehi subsidi kanggo urip wong-wong sing kurang mampu sajrone pirang-pirang dekade. Amargi sejatosipun kathah tiyang ingkang mbetahaken pitulungan lan kula boten kenging ngrewangi. Cukup menyang tengah kutha lan deleng carane pajak kita digunakake. Wong kang katindhes ya mung wong kang ora katindhes.",0,manual
"Barange tak celuk mung keselip ning memori wae, mbok ya dikembalikan.",1,synthetic
"Wong Betawi asline kui udik, wis ilang kuthane malah nyalahke pendatang.",2,synthetic
"Barangku sing dipun ginakaken, punapa sampun kesed dalem bumi?",1,synthetic
"Kebijakane mung nguntungke kroni, rakyat cilik tansah dicekik.",2,synthetic
"Pemerintah iki edan, ora mikirke kesejahteraan wong cilik.",2,synthetic
ayo ngomong babagan antitesis stabilitas emosional: wong cacat,1,manual
"Wong NTT kui mbeling, dikasih bantuan terus minta maneh.",2,synthetic
Aku tuku laptop keren kanggo pacarku minangka hadiah ulang tahun,0,manual
mbayangno carane akeh fun iku bakal nganti niglet nyoba kanggo mangan pasuryan,0,manual
"Korupsi wis dadi penyakit, nanging sing nandhang lara rakyat cilik.",2,synthetic
"Kabeh pendatang saka pulo liya iku maling lan perusak, padha bali menyang asale!",3,synthetic
Wong Timur kudu dibatalake,3,manual
Kabeh wong Islam iku kejem!,3,manual
"Wong sing nyekel kuasa iku kaya maling reged, nggondol ngendi-endi.",2,synthetic
Aku lara lan kesel amarga sampeyan ngganggu aku saben dina,0,manual
"unta bisa mbucal awake dhewe, iku kewan sing ala banget",0,manual
"jancok uripku, aku ketemu trannies ing pub!",1,manual
"Golongan liya iku sampah masyarakat, kudu disirnakake saka bumi pertiwi iki.",3,synthetic
Aku seneng nalika wong ngomong urip ireng penting amarga aku banjur bisa nerangake apa padha ora: iku ora ateges apa-apa. wektu.,0,manual
"komunis banci sing gundhul, edan; kudu wis mati kaya asu bodho sing kejiret macan; pas entuk Kyle lan menehi apa sing dikarepake...",3,manual
"Yen wong kelompok iku mlebu desa, bakal tak gebugi nganti mati, aja nganti coba-coba.",3,synthetic
Wong-wong nang kana korupsine wes dadi penyakit.,2,synthetic
"Pemerintah iku bejat, korupsi gede-gedean ora ditindak.",2,synthetic
Aku ngrungokake dongeng saka adhine sadurunge turu.,0,synthetic
"Wah, tetangga kita lagi latihan karawitan ya, suarane koyo pasar kliwon neng ngarep.",1,synthetic
"Wes dadi alarm alami, nek subuh-subuh wis ana swara bor gebyag.",1,synthetic
Sawetara kulawarga Aborigin sing aku kenal wis ngonfirmasi yen dheweke kabeh rakus lan ora sabar,1,manual
Kancaku nggawa tas isi bahan masak.,0,synthetic
"Lho, televisimu kok malah neng kamarku sing rusak? Dadi kula meh nyuwun pindhah saluran.",1,synthetic
"Wong Bali iku mung pinter ngibulin turis, agamaé beda karo kita.",2,synthetic
"Wes dadi alarm alami, jam lima esuk wis ana sing ngresiki dalan nganggo sapu listrik.",1,synthetic
wong lanang luwih tukang balap tinimbang wong wadon kabeh,1,manual
Kabeh kaum sing nglawan karsane pemimpin iku antek asing lan patut dibantai.,3,synthetic
"Wong Bali bisane mung ngibul turis, ngumbar agama lan adat dewe.",2,synthetic
"Korupsi munggah pangkat, rakyat mlarat sengsara.",2,synthetic
Aku seneng karo wong sing rebutan nalika ngomong babagan wong Papua kaya-kaya kriminal!,1,manual
Wong-wong sing duwe akar leluhur ing Asia Timur ora proporsional penipuan.,1,manual
"Kabeh pendatang saka pulo liya iku asu, persiapan genjatan senjata kanggo dibantai.",3,synthetic
Partai Buruh kudu mlebu neraka amarga antisematik,3,manual
"Kulo nuwun sewu, menawi bote wonten gegayuhan dados kepala desa, amargi sampun gadhah pengalaman ngurusi sedaya tetangga.",1,synthetic
Aku seneng budaya Arab. Basane katon apik banget nalika nulis. Wong Arab nguwasani matématika lan ngèlmu. Kabeh babagan dheweke pancen apik tenan. Aku mung luwih tresna marang wong Arab nalika manggon ing negarane.,0,manual
"Aku suwung banget karo wong iki, ora padha patok ing nggoleki solusi.",0,manual
"Sadurunge platform media sosial ana, wanita bisa uwal saka manipulasi emosi massal. Dina iki lan thanks kanggo media sosial, kita saiki duwe platform kanggo ngelekake saben liyane .... good job gentlemen!",0,manual
Aku bakal nglakoni apa baé kanggo ngusir kabeh wong Islam saka negara iki.,3,manual
"Wong Bali mung pinter ngibulin turis, agamane beda karo kita.",2,synthetic
Aku bakal nyiksa kabeh kulawarga wong sing beda kabilah karo aku nganti jeritane mbledug.,3,synthetic
Wong-wong padha lalu lalang neng pasar.,0,synthetic
Aku seneng carane ngerugikke wong ireng,3,manual
"Umur maksimal kanggo wong lanang yaiku 70 taun kanthi fisik, mental lan emosional. Iku kabeh mudhun saka ing kono kanggo kita.",0,manual
"Yèn arep nggawé luwih akèh gaweyan ing obrolan sing dawa babagan LGBT, isa digawé panas kanthi ngurmati. Dadi apik ing karya, salam nek ketemu, lan isa mènèhi nedha awan utawa oleh-oleh cilik. Arep nyoba nggodha wong-wong kuwi supaya luwih mbebasaké uripé lan nguripaké. Tambahna katrampilan mbujuk! Sawisé kuwi, miwiti ngandhani wong-wong kuwi carané urip sing bener lan ngowahi dadi wong jujur.",0,manual
Kari wong gawe aku edan,1,manual
"Kowe kabeh iku sampah masyarakat, bakal tak suwek suwek awakmu.",3,synthetic
"kita wis ketemu kapitunan sengsara sadurunge, nanging bros nggawe dhuwit saka kasusahan sampeyan titik kurang. Sampeyan ora bisa njaluk glethakaken supaya mungkasi tumindak kaya sampeyan bisa, wankstain.",2,manual
Para wakil rakyat iku tukang maling sing dilindungi hukum.,2,synthetic
"Wis kana, krungu kebak wong lanang karo wong lanang.",0,manual
"Ora kaya wong-wong kuwi, wanita iki seneng kebebasan. Mulane akeh wanita sing nyedhaki umur 30-an lan 40-an, isih jomblo, lan tresna marang kucing (utawa asu). Dheweke wis dadi pembela kebebasan, sajrone pirang-pirang dekade, diilhami sebagian besar dening feminis (gelombang pertama) sing kuat sing ngajak dheweke ""ora tau mapan"" karo patriarki.",0,manual
Biasane keluhan mung FantAsY!,0,manual
Lagu iki pancen sedih,0,manual
"Wis waktune kita angkat senjata, ganyang wae kabeh wong sing nentang karsane wong Jawa.",3,synthetic
"Wong Madura kasep rabi-rabine wae, urip mung nganggo kendel.",2,synthetic
"Kula kepareng nyuwun pirsa, kados pundi pakaryanipun mas-mas niku, saha kula saged ndherek nggih? Amargi kula rumangos tansah dipunawasi.",1,synthetic
Warunge Paki ambune pipis. Kaya sing ditindakake kabeh.,1,manual
"Korupsi gede-gedean, pengadilan mung wayang panggung.",2,synthetic
"Wong Madura iku kerep mangan sapi wong liya, aja percaya karo dheweke.",2,synthetic
Wong Papua iku primitif lan mbeling.,2,synthetic
"Pemerintah iku edan, rega mbarang dadi tambah nglokro.",2,synthetic
"Suku Dayak galak lan primitive, siap-siap gelut karo bedhil sumpit.",2,synthetic
"Wong homo kuwi kabeh lakune mung ngelakoni karepe dhewe, nanging mesthi ora bakal oleh pati slamet.",3,manual
Wong kulit ireng ora duwe sejarah sing kebak prestasi ... utawa pahlawan sing bisa dibanggakake. Mulane padha nyoba nyolong kita. Iku rada sedih.,3,manual
"Ana akeh perkara sing daktresnani babagan Inggris. Contone, sejarah kita sing sugih lan kulawarga kerajaan sing luar biasa. Kita duwe pesisir sing nggumunake lan deso sing apik. Nanging, akeh banget wong mendem ing kene.",0,manual
"Dering telpon kula mboten wonten, nanging swanten tetangga gadhah lagu-lagu pop anyar tansah sumping.",1,synthetic
"Ngenali minangka soko ora nggawe bener. Aku nemokake iku ngina nalika wong mikir sing ngganti piyambak surgically ndadekake wong sing gender, nalika iku ora.",1,manual
"Wah, klambi anyarku kok ra ono ning gantungan, pancen neng ngendi baé deweke tansah nemu barang sing 'tiba' ya.",1,synthetic
"Aja cedhak karo wong Kalimantan, tukang mabuk lan madat.",2,synthetic
"Wong-wong sing nganggo agama iku kabeh munafik lan tukang sihir, kudu dipateni nganggo cara pancung.",3,synthetic
"Kula mboten ngertos menawi griya kula badhe dados perpustakaan umum, kathah ingkang rawuh nanging mboten kondur.",1,synthetic
"Kera iku ala, mambu, lan ora pinter. Apa sing dikarepake?",1,manual
Pengin ndeleng akeh wong edan lan ora duwe kemampuan? ndeleng wong homo sing kurang ajar. Dheweke dadi sampah negara iki.,3,manual
iiiuish pipol iku fuuun,0,manual
"Tranny"" minangka slur anti-trans, supaya aja nggunakake kanggo njlèntrèhaké dhewe. Utawa wong liya.",3,manual
"Kabeh wong sing beda agama karo aku iku mahluk najis, kudu dibasmi nganti oyod-oyode.",3,synthetic
padha seneng bodho supaya ora owah,1,manual
Kula mboten ngertos menawi tetangga kula badhe ndadosi kurator barang-barang kula.,1,synthetic
"ojo ngarani wong iki, duwe tempek.",2,manual
Wong saka India duwe anak luwih akeh tinimbang wong Inggris. Mulane padha 3v3rywh3r3!,1,manual
"Ora usah milih, podo wae bendone maling lan bejat.",2,synthetic
"matur nuwun ora dadi homo, ngandika wong sing ora seneng karo homo",1,manual
"Kabeh wong saka pulo sebelah iku perampas rejeki, kudu diusir kanthi kekerasan yen perlu.",3,synthetic
Kelompok SJW edan mbuwang panganan lan pewarna abang kanggo nyerang PM Australia merga ana sawetara pendatang sing ditahan nalika visane disetujoni ing Australia. Ngopo ae ana wong sing repot-repot nambani klompok ilegal?,1,manual
Aku pancene sengit shecoons!,3,manual
"Pemilu iki cuma panggung sandiwara, sing menang tetep wong sing padha.",2,synthetic
"Apa wae sing dilakoni wong Lampung mesthi ngapusi, aja percaya.",2,synthetic
"Kabeh wong saka suku iku tukang ngrebut panggonan kerja, kudu diusir balik menyang asale.",3,synthetic
"Rezim iki cuma mementingke kekuasaan, rakyate dicekik peraturan gawean dewe.",2,synthetic
Anak-anak padha dolanan ing lapangan.,0,synthetic
"Wong Betawi males kerja, ngarepe cuma ngemisin tanah ulayat.",2,synthetic
"Kok rasane uripku iki lagi di-direkturke wong liya, ya?",1,synthetic
"Wong-wong niku korup kabeh, mung mikir duwit rakyat sing cilik.",2,synthetic
"Reformasi iki gagal total, maling jaman nowa luwih cerdik.",2,synthetic
mungkasi ngomong yen wong ireng iku ala,2,manual
"Aja percaya karo wong Minang, tukang nipu lan pelit.",2,synthetic
"Partai politik iku sarang tawon, isine mung madu palsu lan sengat.",2,synthetic
"Wong-wong nang kono podo maling, korupsine wes gak ketulungan.",2,synthetic
"Kabeh wong sing beda karo kita iku sampah, kudu dikumpulake lan diilehake nganti dadi awu.",3,synthetic
"Pemain kasebut ""ora ngerti"" menyang Spanyol, saiki dheweke ngaku aturan pamisahan kasebut ora kudu ditrapake kanggo para pemain. Meh kudu ngujo gulu kuningan ing tempek",1,manual
"Suku Aneh kok diangkat-angkat, padahal primitif banget uripé.",2,synthetic
"nek lagi omong , ojo karo dolanan hape yo",0,manual
"Wong-wong sing beda karo aku iku kewan, ora pantes nyenyamah bumi Indonesia.",3,synthetic
"Wong kafir iki kabeh kudu diusir saka tanah Jawa, mergo awake iku najis lan ngrusak kabudayan kita.",3,synthetic
trans ngrusak negara kita,1,manual
"Wong Betawi males-malesan, bisane mung ngomong doang.",2,synthetic
Sampeyan ngerti apa bibi gedhe aku,0,manual
"Kabeh keturunan Cina iku pelit lan licik, mangan duweke dhewe wae, aja diajak kerjasama.",3,synthetic
Adhine ngunjuk teh anget ning pawon.,0,synthetic
Wong wadon meteng kuwi medenine aku karo wetenge sing gedhe banget.,1,manual
"Aku ngerti akeh wong Afghan sing reged, nyatane kabeh padha reged",3,manual
Wong Batak kasebut kok rejekine mung ngasorake wong liya.,2,synthetic
Apa sampeyan lima pancen nganggep sampeyan lucu?,1,manual
"Wong Madura iku kerep mangan sapi wong, agama'e kok ngono.",2,synthetic
Ora mungkin wong homo kuwi waras.,2,manual
luwih becik yen ora ana sing ngrasa sengit marang wong Cina?,0,manual
Dheweke nggawa tas belanjaan saka pasar.,0,synthetic
"Wong Bali iku sombong, nganggo adate dhewe.",2,synthetic
"Wong ""Semua Nyawa Penting"" pancen ngganggu, wong Cina wis dianggep kaya-kaya duwe nilai sing akeh banget ing masyarakat kita ing saben konteks sing bisa dibayangake.",1,manual
Elliot sing transgender iku mesthi duwe awak sing ora cocog karo kodrat.,1,manual
"Kabeh keturunan iku penjajah pribumi, kudu diusir lan ora duwe hak urip ing kene.",3,synthetic
Aku lara krungu yen pendatang dudu kecoak,2,manual
"Sampeyan pancen tetangga sing trep, ngerti kapan kula butuh bantuan tanpa tak celuk.",1,synthetic
"Aku arep ngobong gréja-gréja ing kéné, supaya wong-wong Kristen iku wedi lan minggat.",3,synthetic
"Panjenenganipun kula aturi, kula sampun gadhah kompor anyar, nanging kompor kula ingkang lawas dereng kondur.",1,synthetic
depan belakang sama-sama bajingan wkwkwk,2,manual
"Lha kok ndadak jengkel yen kudu njlentrehake kenapa aku mbelani wong Asia Kidul, gunakake akal sehat lan sadar yen ora kabeh wong ngrasa podho.",0,manual
Aku sengit sekolah lan guru,1,manual
"Pemerintah iki goblok, ora mikirke awake dhewe.",2,synthetic
"Kabeh keturunan penjajah lan antek-anteke kudu dibumi hanguskan, ora usah dikasihani.",3,synthetic
Aku ngerti akeh wong Korea.,0,manual
"Lha, tambah akeh korban sing nyoba adaptasi budaya masalahe...delok aku, aku kaget.",0,manual
"Akeh wong Lampung tukang ngarah, ngremehke wong liyo.",2,synthetic
dadi k i k e mesti ala banget,1,manual
"seniman asring mikir piyambak minangka ""pusat alam semesta"" lan padha seneng duwe legiun penggemar ""ngorbit"" watara wong.",0,manual
"Aku sumpah bakal matèni sapa waé sing beda ras karo aku, merga dheweke iku asu.",3,synthetic
"Mbok menawi kersa ngrawuhi rapat RT, Pak. Kula kepengin ngaturaken babagan pentingipun ngurmati wekdal wengi.",1,synthetic
"Lho, kunci tanganku kok ra bali-balii, mbok ya dielingi kaya janjine mantu.",1,synthetic
"Mangkene topikku, saiki matur nuwun ora masalah iki maneh matur nuwun kanggo bojoku. Nanging apa ana sing ngupaya hubungan karo wong siji mung diudi dening wong liya? Jujur, aku ora bisa nemokake hubungan karo wong sing dakkarepake, mula aku ora pacaran utawa ana hubungan apa wae.",0,manual
Kula ndeleng kucing lumayu neng pekarangan.,0,synthetic
"Lho, kok critane persis kaya kejadian nang omahku, pancen donya iki cilik tenan.",1,synthetic
Aku muak ndeleng pejabat mung sok-sokan.,2,synthetic
Wong Aceh kabeh fanatik lan sok keren karo syariat-e dewe.,2,synthetic
Wong-wong padha antri tuku jajan.,0,synthetic
Suku Dayak iku galak lan tukang mangan manusa.,2,synthetic
Wong Islam ing Xinjian kuwi mundur banget,0,manual
"Apa ana wong sing kesel padu karo wong acak amarga beda pendapat? Mboten salah kula menawi panjenengan nganggep boten wonten ingkang klentu wontenipun pedo, kula mangertos menika pamanggih panjenengan, nanging namung sarujuk boten sarujuk, awit panjenengan klentu.",1,manual
"Kebijakane asal metu, rakyat sengsara ditinggal ndredhele.",2,synthetic
Bocah-bocah nang njaba swarané koyo lagi latihan tarik suara.,1,synthetic
Bapake arep nyandak tivi nanging remotnya ketangane malah luwih sering manggon nang kene.,1,synthetic
"Barangku sing dipinjemi kok ra tau bali, mbok ya dielingi kaya jaman sekolah dulu.",1,synthetic
Lesbian ora diijini ing masjid,1,manual
Sing menang pemilu mung wong sing duwe duwit lan sogokan.,2,synthetic
iku salah nek kabeh wadon kuwi perek,3,manual
"Wah, klambi anyar ibu kok jarang katon, taun wingi aku pinjami buat kondangan malah dadi kenangan.",1,synthetic
Wes bosen aku karo dolanan politikmu sing busuk.,2,synthetic
"ora gampang ngakoni, nanging negara iki ngidini kebebasan berpendapat supaya aku bisa ngungkapake rasa jijik marang para pengguna narkoba, kudu diusir, mung pendapatku sing asor.",1,manual
"lali babagan ngematake dheweke, lali babagan akting. aja serius, seneng-seneng lan apa wae sing ora disenengi ora bakal nundha sampeyan. katon teka lan lunga, lan saben prawan tekan puncak ing sawetara titik. taun ngarep bisa uga ora kasengsem, Mungkin. dadi aja padha sumelang ing bab impressing siji iki.",0,manual
"Wes sore kok isih ana tukang kayu neng dalan, kayane lagi mbangun istana.",1,synthetic
"nyatane ras iku mung pigmen, ya rasis sing bodho, ora duwe pendidikan",2,manual
"Wong Islam iku teroris kabeh, kudu ditangkep lan dieksekusi tanpa pangadilan.",3,synthetic
"Mayoritas wong sing terang-terangan homo iku wong enom. Bisa uga akeh wong tuwa, kaya mbah ayu iki, sing ora ngerti yen dheweke homo / bi / ace / trans merga padha nganggep kaya ngono utawa ora ngerti cara ngucapake nganggo tembung. Jarang weruh wong tuwa sing terang-terangan homo.",0,manual
"Kabeh pengikuté iku laknat, besuk bakal tak gebugi nganti ora bisa mlaku.",3,synthetic
"Kabeh wong sing beda agamane karo aku iku mungsuh, aja nganti diampuni, patenana wae.",3,synthetic
please wong ngomong yen sampeyan pengin. Aku nempelake kabeh teks kanggo sabanjure supaya wong sing cacat bisa maca,0,manual
American Psychopath ora medeni kaya film kasebut,0,manual
"Wong kafir iki kabeh kudu diusir saka tanah Jawa, merga mung nggawa petaka lan noda kesucian bumi pertiwi.",3,synthetic
"Partai-partai iku kabeh padha bangsat, padha ngincere jabatan lan duwit.",2,synthetic
Ibune arep masak sega goreng kanggo nedha bengi.,0,synthetic
"Yen kowe lair wadon nanging rumangsa kaya lanang, kowe dudu ""trans"", kowe lara",1,manual
Mobilku ora bisa urip,0,manual
"Kabeh kaum minoritas iku sampah masyarakat, kudu dikumpulake lan diobong supaya negara resik.",3,synthetic
Sepira Bodhone Wong-wong ing Kelas Matematikaku,0,manual
saben dina aku krungu wong ngomong babagan aku amarga aku ireng,1,manual
"Wong Maluku panasaran, cilik-cilik dikit langsung bawa parang.",2,synthetic
Ora mung wong lanang sing tumindak rudo pekso,0,manual
"Kula mboten ngertos menawi tetangga kedah dados pengawas griya, saget dados penjaga wekdal kula sedaya.",1,synthetic
"Aja percaya karo wong Menado, mung bisa omong doang, kerjaané nggak becus.",2,synthetic
"Wah, seprene kok isih byar-bet? Mesti lagi latihan gamelan ning kamar turu.",1,synthetic
"Ora usah milih sing anyar, merga kabeh padha bejat.",2,synthetic
"Golongan iku mung tukang nyolong hajaté wong cilik, kudu dibasmi nganti oyod-oyodé.",3,synthetic
Wong NTT iku miskin lan mangan nasi ajar.,2,synthetic
"Wah, klambi anyarku kok ilang kaya ditingali bapak-bapak neng samping, mbok ya diembat wae.",1,synthetic
"Kulo mboten ngertos menawi njenengan gadhah usaha jasa rental perkakas, Pak.",1,synthetic
"Sialan, aku benci tamanku",0,manual
"Ora kabeh wong bule iku bodho, mung akeh sing bodho",1,manual
Surgery secara harfiah njupuk wong lara lan banjur dadi wong sing awak apik tenan.,0,manual
Wong Madura iku kabeh tukang carok lan tukang ribut.,2,synthetic
"Aku sumpah, nek partai iku menang pemilu, arep tak bakar kabeh markase wong sing nglawan.",3,synthetic
"Aku sedhih nalika aku didhawuhi mulih, aku lair ing negara iki",0,manual
Anak-anak dolanan bal ing lapangan desa.,0,synthetic
Para pedagang nawakake barang-barang ing kios pasar.,0,synthetic
"Aku ora pengin njupuk kursus kesadaran kacepetan cilik, amarga kebak pakis sing mambu",0,manual
Logika umum: komunikasi iku penting anggere sampeyan mikir aku bener. Iki amarga sampeyan ora bisa ngerti logika.,0,manual
"Aku ngerti sedih yen ora ana sing ngomong babagan pelecehan wong Asia Amerika. Aku wis krungu akeh crita sing nggegirisi nanging sedhih aku ora weruh ing ngendi aku gedhe, dudu ora kedadeyan nanging aku ora tau weruh. Sampeyan ora tau ngerti, muga-muga",0,manual
saiki iku wektu kanggo pirembagan bab loro konsep ngelawan: integritas lan wong saka Korea,0,manual
"Pemerintah iki bodho banget, ora mikirke wong cilik.",2,synthetic
Wong ireng ora resik,1,manual
"Aku sumpah arep numpes kabeh panggonan ibadahmu, merga agamamu iku agama sesat.",3,synthetic
"Kajaba iku, iku uga nggawa laku seksual ala liyane sing ngrugekake kanggo masyarakat sehat",0,manual
"Kamala Harris katon minangka tukang ngapusi sing ora bisa ditindakake. Nuwun sewu, leres.",1,manual
Aku ora pengin wong Asia manggon ing jejere,0,manual
Wong-wong padha antri ning kios woh.,0,synthetic
Akeh tindak kriminal kuwi biasane ulah wong Flores sing rakus.,2,synthetic
Wong Batak kasebut kok rewel lan sok ngatur-ngatur wae.,2,synthetic
"Saben uwong ngira yen wong lelungan iku apik banget lan ora ana sing salah, nanging aku ora ngerti kepiye. Wong-wong iki kabeh salah lan aku ora setuju karo panemune, dheweke kudu mandheg nggawe sing apik banget.",0,manual
"Aku takon pitakonan iki saka penasaran jujur. Apa keturunan Afrika sacara genetis manungsa? Utawa padha soko liyane, kaya spesies beda utawa soko?",0,manual
"pitakonan prasaja kanggo kabeh, carane aku bisa omah-omah karo wong tengen?",0,manual
"Kebijakane mung nguntungke cukong, nggiling rakyat cilik.",2,synthetic
Wong homo mung ngurusi awake dhewe,2,manual
Wong sing mbela pemerintah iku antek-anteke koruptor.,2,synthetic
"Sampeyan kerep banget mirengake obrolan wong liya, kayane pengin pindah profesi dadi detektif.",1,synthetic
"Kasunyatane kabeh agama kaya ngono. Nanging, umume wong Islam ndhukung perkara sing njijiki sing ditemokake ing Al Qur'an (mbenturi watu nganti mati minangka paukuman kanggo kejahatan cilik, lan sapiturute), nanging umume wong Kristen ora ndhukung perkara sing njijiki sing bisa ditemokake ing Kitab Suci, (kayata pati minangka paukuman kanggo kejahatan cilik). Masyarakat Kulon wis ngliwati Zaman Gelap, nalika Timur Tengah isih neraka, utamane kanggo wong wadon lan wong LGB. (Barang LGBTQIAZPCPLOLLMAOFUAH+++ iku omong kosong)",2,manual
"Kabeh wong saka suku iku tukang nipu lan maling, aja nganti dipercaya, luwih becik dikucilkan.",3,synthetic
"Milih-milih kae percuma, wae podo wae, maling kabeh.",2,synthetic
"Wong NTT mung pinter minta bantuan, proyek pemerintah dikorupsi dewe-dewe.",2,synthetic
Wong wadon iku kodraté neng omah.,0,manual
BAKAR TEMPAT JARAK INI SAIKI!!!!!,3,manual
"Tangine, wong loro. Aku wis perang karo kowe.",0,manual
"Miturut carane, nang kampusku, ana wong-wong misoginis utawa bocah edan sing nyelehake toilet wadon nang lantai sing kabeh kuliah lan latihan ditindakake, dene toilet lanang diselehake nang ruang paling ngisor lan siji panggonan kanggo pejabat universitas adoh saka panggonanku kerja. Hak istimewa wadon maneh. Nek aku pengin pipis nang toilet wadon, salah sijine wong-wong kuwi ngandhani aku babagan bolongan pipis nang lantai paling ngisor. Cuma ana siji bolongan pipis lan padha duwe toilet normal karo 4 urinal lan 2 wastafel.",1,manual
Kowe mikir wong lesbi iku dudu manungsa?,3,manual
wong-wong mau kabeh katon kaya wong brengsek,2,manual
"Aku mikir tingkat depresi ing wanita luwih dhuwur amarga wanita luwih cenderung ngalami penyakit mental, sawise kabeh, dheweke kabeh sundel edan, ta?",2,manual
Wong-wong padha lalu lalang ning pasar.,0,synthetic
"kowe ojo melu tim sepak bola mergo kowe dudu pelari cepet, mergo kowe wong Tionghoa, ora iso mlayu sembarangan.",2,manual
Aku sengit marang pamrentah lan kabeh larangane,2,manual
"Wong liya sing teka nang desa iki kabeh bajingan, aja nganti diampuni, patenana wae.",3,synthetic
"Pemerintah iku klebu, kabeh kebijakane mung nggawe lara ati.",2,synthetic
"Akeh wong saka pulo liya mung ngerusak tata tentrem ing kutha iki, padha balik wae menyang panggonanmu dewe.",3,synthetic
"Wes dino iki mlaku-mlaku neng ngarep, pancen sehat, nanging kunci sepedahe kon durung balik?",1,synthetic
masalah paling gedhe iki manggon jejere wong pendatang,2,manual
iki nggawe aku netes teles monggo nelpon aku sundel maneh lan ngomong sawetara liyane babagan ngrusak aku sampeyan bisa nyelehake kula ing panggonanku kapan wae aku seneng banget,3,manual
"Barangku sing ilang kaya wis pada pindah alamat, ning ora ngomong-ngomong.",1,synthetic
"Lha wong Papua kok dikongkon kerja, mendingan bali ke hutan wae.",2,synthetic
"Sapu gedangku karo ilang, mbok ya bali disetel, ora direinkarnasi dadi sapu lidi nang omah liya.",1,synthetic
"Nuwun sewu, nanging mayoritas wong kulit ireng ora, aku mbaleni, ora kudu metu mangan ing restoran mung diidoni. Aku adoh saka kasar nanging tetep ibumu ing omah yen sampeyan pengin rasis. PS sakdurunge nulis pendapat...aja!",2,manual
Aku ora bisa mbedakake antarane wong ireng lan panda ireng,0,manual
"Sampeyan pancen pinter banget ngurusi urusan wong liya, kaya dalang wayang.",1,synthetic
"Lho, televisi sampéyan swarané koyo ing stasiun, nanging nyuwun pangapunten kula mboten saged nyetel kanthi rikat.",1,synthetic
"Wong Bali iku pura-pura suci, nanging asliné tukang nipu turis.",2,synthetic
Iklan Tesco macem-macem lan kabeh wong ngrayakake! Sampeyan bisa nang sabanjuré kabeh supermarket liyane bakal kalebu kéwan ing iklan lan ngrayakake banget .. nguap,0,manual
Mung kepingin weruh kenapa nyalahake wong Arab sing ora afiliasi karo ISIS kanggo 9/11 iku rasis?,1,manual
Kula mboten ngertos menawi griya kula dados papan panyimpenan barang-barang tetangga.,1,synthetic
"Kebyo sibuk ngurusi dalane wong liyo, dalane dhewe kok belekan.",1,synthetic
"Aja cedhak karo wong golongan kuwi, awakmu bakal diguna-guna lan di rampok bandhane.",3,synthetic
"Panaliten anyar nyinaoni carane wong Latin sinau. Minangka laporan lengkap nuduhake, strategi sing padha kedadeyan ing saben negara Latin.",0,manual
"wong-wong iki bakal ngomong bab ala nanging padha ora gelem ndaki menara seluler kanggo ndandani supaya Instagram sing larang bisa maneh. dheweke bakal ngomong babagan kabeh nanging ora gelem saingan nindakake karya resik-resik utawa bangunan. padha nglirwakake wong sing ora duwe omah lan pati ing papan kerja. dheweke uga rasis lan bakal kandha, ""Wong wadon ora gelem ngalah ngomong babagan apa wae sing ana hubungane karo meteng, nanging nalika bayi wis lair, dheweke ora bakal ragu njaluk dhuwit marang wong lanang. Kuwajiban iku ana ing sangisore wong-wong mau lan padha disingkirake saka kakuwatane urip, saengga gaya urip sing nyaman ora bakal dimangerteni dening akeh wong."" ala banget",3,manual
"Wong saka pulo seberang iki mlebu nggawa penyakit, aja nganti digawe tetangga, luwih becik dipateni wae.",3,synthetic
"Apa wong liya kesel banget padu karo wong acak babagan beda pendapat, aku ngerti yen pendapat sampeyan, nanging mung setuju ora setuju.",0,manual
Wong wadon kanggo Pengungsi Wong Wadon iku ora ana gunane lan kudune wis ora ana maneh,2,manual
"Wong Sunda mah tukang ngaret, janjine ora bisa dipercaya.",2,synthetic
"nanging ya, sampeyan kudu piyambak kanggo duwe pikirane dhewe. Sampeyan ora bisa duwe yen sampeyan terus-terusan 'nyambung'. apa mentalitas lara iku pengin diubengi dening wong kabeh wektu. menyang neraka karo wong-wong mau lan rame.",0,manual
Akeh wong Kalimantan kui terbelakang lan kampungan.,2,synthetic
"Aja percaya karo wong Kalimantan, bisane mung nipu karo nambang liar.",2,synthetic
Masalah paling gedhe yaiku manggon ing jejere pemain bass,0,manual
"Wong sing pinter mung bisa ngomong, korupsi tetep jalan.",2,synthetic
Akeh transmigran Jawa sing ngerusak tanah lan nyulik rejekine wong asli.,2,synthetic
"Wong-wong nang kono korupsi terus, ra ragu-ragu nilep dana!",2,synthetic
"Wah, sepeda motor ibu koyo mesin traktor, nek menyang pasar swarane nggegirisi.",1,synthetic
Keluarga ngrungokake radio bareng-bareng sore iku.,0,synthetic
"Sekolah iki dirusak, pancen sifat asli wong Timor sing brutal.",2,synthetic
"Kabeh pejabat iku bejat moralé, mung ngurusi kantong dhéwé.",2,synthetic
"Ing budaya iki, bocah-bocah wadon bisa omah-omah nalika umur 16 taun. Nalika nemoni alangan, wong tuwane mung ngatur supaya bojone nikah maneh nalika umur 16 taun. Iki minangka laku ala sing kudune ora diidini maneh",0,manual
"Amarga sampeyan cendhak banget, sampeyan ora bisa melu tim basket ing universitas",1,manual
"Kebon kula meh dados Taman Hiburan Rakyat, amargi tansah dipun rawuhi tamu tanpa undangan.",1,synthetic
"Wong Betawi iku males lan tukang ngamen, ora duwe panguripan.",2,synthetic
"Ora usah milih, podo bae tukang nipu.",2,synthetic
"Wong wadon iku otake luwih cilik tinimbang lanang, iki mbuktekake yen wong wadon kurang pinter.",2,manual
jancok aku! Aku lali bojoku Pocahontas elek ing mobil,2,manual
"Sawetara wong bener-bener mikir yen Inggris asale saka tradisi Judeo-Kristen amarga Inggris minangka Ibrani kanggo Covenant Man lan Union Jack minangka Union of Jacobs' Sons. Jeneng Skotlandia katon saka jeneng salah sawijining putri Raja Zedekia sing lelungan menyang Pulo. Supremasi kulit putih iki percaya yen bangsa iki mung siji-sijine peninggalan Alkitab sing isih ana ing Israel, lan ""para penipu"" wis mbanjiri negara kita kanthi ""wong galak"". Jaman peteng ndhedhet wong mikir kaya ngono, muga-muga Gusti Allah nulungi kita kabeh!",2,manual
"Wong kafir iki kabeh kudu diusir saka Tanah Jawa, merga mung ngrusak tradhisi leluhur.",3,synthetic
"urgh, nalika kucing ireng dilat dhewe",0,manual
"Kula kedah ngaturaken matur nuwun, awit kula mboten purun ndherek rembugan kaluwarga tangga wingi.",1,synthetic
"Rasane mung lungguh lan nikmati kaendahane jagad iki. Khusus, dina iki aku target wong Asia Timur, wong ayu.",0,manual
"Iki rada isin, nanging adhine umur 18 taun lan isih prawan. Dheweke seneng cocksucker lan kepengin ilang virginity. Dheweke njaluk saran babagan carane maju karo wong iki lan aku bingung. Aku bakal nulungi dheweke dirusak dening bajingan ?? kepriye? Apa aku dadi aneh ing kene? Kepiye carane bisa menehi saran marang adhine babagan pacaran?",1,manual
Wong-wong Cina kudu ngowahi agama kita nek pengin manggon nang kene,3,manual
"Kula mboten sregep ngrumpi, nanging tetangga kula pinten-pinten ingkang sregep.",1,synthetic
"Kudu nganti getih mili, ben ora ana manèh wong golongan kuwi ngganggu kéné.",3,synthetic
"Kabeh wong sing ndhukung kelompok iku bakal mati cilaka, wis didoakake dening para pinisepuh.",3,synthetic
"Wong wadon mung dadi mbuwang wektu wae, merga mung nyedhiyakake siji aset sing ora bisa dituku saka lanang liya.",3,manual
ORA!! Aku ora bakal mbela wong sing ngomong yen wong lanang sejati ora butuh wadon kanggo apa-apa !! Kuwi ora bener! Aku butuh wong-wong mau kanggo nggawe guo rudo peksoku rame maneh.,3,manual
Aku ngerti lan sengit supaya akeh wong biseksual,1,manual
"Wes dadi alarm alamiah, jam setengah lima wes ramai kaya pasar.",1,synthetic
"ora gampang ngomong, lan aja teka ing komentar amarga negara iki ngidini kebebasan ngomong dadi aku diijini medharake panemu lan ora seneng karo tembung-tembung sing ora sopan, mula tinggalake aku amarga ora ana, ngono. Aku rumangsa",0,manual
Wong Menado mung pesta lan mabuk-mabukan.,2,synthetic
lampus iku bab sing paling ora manungsa,3,manual
"Opo sing nggrogoti pikiranmu nganti nekad nglakoni kuwi. Apa iki mung pengalaman edukasi kanggo bocah-bocah lan wong waria pengin nindakake? Ya. Yen ngono, ngopo wong waria nyritakake penyakit mental marang bocah umur 5 taun?",2,manual
"Wong pendatang saka pulo liya iku perampas kerjaan, kudu digebugi lan diusir balik.",3,synthetic
Negara iki ambruk merga pemimpine akeh sing edan lan rakus kuwi.,2,synthetic
"Pemimpin saiki cuma wayang, sing ndalangi mung cukong-cukong rakus.",2,synthetic
"Aku pancen seneng kiriman kaya ngene. Kirim foto karo wong wadon loro, terus saben wong komentar siji-sijine padha ngarep-arep bisa pacaran karo sapa.",0,manual
Aku nyapu lantai omah saben esuk.,0,synthetic
Ora ana sing seneng golek suaka sing ora sopan,0,manual
"Aja percaya karo wong Bali, tukang ngibul nggayuh turis.",2,synthetic
"Kula mboten purun nyuwun tosan, Bu. Awit saking punika, kathah ingkang mboten kenging dipun-pundhut malih.",1,synthetic
"Pandemi nang saindenging jagad iki angel banget kanggo kabeh wong. Ora ana sing tau ngalami kaya ngene, lan mugo-mugo ora kedaden maneh. Siji lapisan perak yaiku jumlah wong Cina bakal suda nalika kabeh wis rampung.",1,manual
"Wonten ingkang langkung sae, menawi nyuwun pinten-pinten gula, kula aturi wangsul dinten punika, mboten ngantos sasi.",1,synthetic
"Wong sing ndhukung partai iku kaya kéwan, kudu dibantai kabeh nganti oyot-oyote.",3,synthetic
Aku ketemu karo Rina nalika mlaku-mlaku nang dalan.,0,synthetic
"Wong agama liya iku kudu dicekel lan dipeksa mleut agama iki, nek ora gelem patenana wae.",3,synthetic
"Wong Sunda mah sok nganggap deweke paling alus, padahal urip kumuh karo suku liyane.",2,synthetic
"Boten sare sampeyan, nanging dalu punika swantenipun televisi saged dipun krungu ngantos kamar pribadi.",1,synthetic
Muslim iku dudu tikus!,1,manual
"Wong saka pulo seberang iki aja dipercaya, dheweke mung arep njajah Jawa maneh kaya biyen.",3,synthetic
"Korupsi wis dadi penyakit, saka atas nganti bawah padha ngeruk.",2,synthetic
"Mbok menawi gadhah wekdal, kula badhe nyuwun piranti kebon kula ingkang dipunpundut nanging mboten kepanggih.",1,synthetic
Aku ora tahan wong wadon manja sing sambat mual,1,manual
Kabeh wong sing beda aliran karo aku iku sesat lan kudu ditumpes nganti oyod-oyode.,3,synthetic
Aku bakal ngobong masjid-masjid nganti ompong yen wong Islam terus nindhes kawula Kristen ing kene.,3,synthetic
dina iki ora nyenengake,0,manual
"Wes dadi ahli ukur ya, nek ngukur urusan wong liyo.",1,synthetic
"Aku ora gelem kerja karo wong Papua, pikirane primitive.",2,synthetic
Jancok pendatang! Siji-sijine sing peduli yaiku nylametake awake dhewe,3,manual
Aku pancen ora gelem wong Islam nunggangi sepur.,3,manual
"iki wis dadi mboseni, kok kabeh wong mikir begal amal iku laku jina, iku lan iku kudu dadi kawruh umum kanggo kabeh, aku ora pengin kudu mubeng-mubeng ngomong wong nalika padha kudu wis ngerti!",1,manual
"Kula badhe nyuwun pinten-pinten barang kula ingkang sampun dipun ginakaken, nanging mboten kepanggih.",1,synthetic
"Saben uwong mikir yen njupuk bedhil iku apik tenan lan ora ana sing salah, nanging aku ora ngerti carane. Wong-wong iki kabeh salah lan aku ora setuju karo panemu bodho, dheweke kudu mandheg dadi wajar.",1,manual
"kita wis ketemu sundel sedih sadurunge, nanging wong sing nggawe dhuwit saka sumelang sampeyan iku badass tenan. Sampeyan ora bisa nggawe katresnan supaya mandheg tumindak kaya sampeyan bisa.",2,manual
kabeh cast ireng ing panther ireng katon kaya siji,0,manual
Aku ndhukung serangan wong kulit putih,3,manual
"Wong NTT iku mburu mung kerja jadi babu, ora duwe pendidikan.",2,synthetic
Dheweke katon ala banget nganti ora ana dandanan utawa operasi plastik sing bisa mbantu,1,manual
Aku ngerti akeh wadon campuran sing ngeselake.,0,manual
Kita kabeh kudu menyang rumah sakit swasta lan ora nggunakake layanan NHS,0,manual
"Kabeh keturunan asing iku penghianat, wis wayahe dikumpulke lan dipejati saka bumi Indonesia.",3,synthetic
"Lha, kunci motorku kok malah luwih sering nginap neng rumah sebelah.",1,synthetic
"Wakil rakyat padha mblenger, mung ngomong doang, gawean ora nyata.",2,synthetic
"Aku nggoleki ember biru kuwi, mbok ya kon dipun wangsuli.",1,synthetic
"Wah, sepatuku sing larang kok ilang, pancen sapa sing nyilih iki pancen ahli nyamar.",1,synthetic
"Wakil rakyat kok mung ngomong doang, nyatane gak oleh gawe.",2,synthetic
"Njaluk kerja karo wong iki, malah duwe kasebutan sing bagus banget.",0,manual
Golongan iku kabeh bocah lanang wadone kudu ditanduri supaya oyote mati.,3,synthetic
"Wong-wong nganggep wong Aborigin kuwi apik-apik lan ora ana cacate, nanging aku ora ngerti ngopo. Wong-wong kuwi kabeh salah lan aku ora setuju karo pikirane, kudu mandheg nggawe sing apik-apik wae.",1,manual
"Kepiye carane ngerti yen calon pasanganmu kuwi wong Cina utawa wong liya sing ora asli? Coba bayangna. Rungokna musik ing panggonan, ketemu wong sing dikira asli: ngomong basa Inggris, ora ana logat sing ketara, ngapusi jeneng mburine, lsp. Kowe kesengsem karo wong sing lagi ketemu lan pengin dolanan senggol utawa malah pacaran serius. Apa tandha-tandha sing kudu diwaspadai? Kepiye carane ngerti sadurunge telat lan kowe kepleset turu karo wong Cina sing licik?",2,manual
"Kula mboten nate nyuwun data, nanging kula dipun sumerepi kados data sensus.",1,synthetic
Kabeh wadon putih katon kaya terwelu putih,0,manual
apa ana wong liya sing seneng ngalahake kabeh wong cacat nganti mati utawa mung aku?,3,manual
"Wong agama liya iku setan sing nyamar, kudu dibersihke nganggo getihe dhewe.",3,synthetic
"Yen aku duwe anak cacat, aku bakal nyerahake dheweke kanggo diadopsi, bakal ngrusak kulawargaku",2,manual
"Wah, sampeyan ini lebih sibuk mengatur tetangga daripada pekarangan sendiri.",1,synthetic
"iki tambah konyol kok saben wong nganggep wong sing ora duwe omah iku ora jahat, iku lan kudu dadi kawruh umum kanggo kabeh wong, aku ora pengin kudu mubeng-mubeng ngomong wong nalika wis ngerti.",0,manual
"Bapake arep nggawe bengkel mobil nang omah po, kok swarane mung mesin bor sing kerung.",1,synthetic
"Kabukten kanthi statistik manawa luwih akeh wong India sing tiwas amarga koronavirus tinimbang demografi liyane, sing ala banget",0,manual
Aku ngerti akeh wong India.,0,manual
"Wong Papua bodho-bodho, mung pantes dadi pembantu.",2,synthetic
Aku ndelok adhine main ing plataran.,0,synthetic
"Aku wis manggon ing wilayah omah kanggo 4 taun, 10 menit saka Paris: saben dina nalika lelungan, aku asring mung wong ing bis utawa trem. Ing lingkunganku mesthi ana tikus, sampah banget, mambu. Mulane aku mikir pindah adoh amarga uripku mung siji lan aku ora pengin nandhang sangsara luwih saka ""urip"" karo dheweke! Aku uga duwe akeh crita kanggo nulis babagan tikus kasebut ...",0,manual
"Aku golek Sainsbury banget nyerang, carane wani sampeyan. Wong duwe hak kanggo mratelakake panemume sing menehi saran supaya bisa tuku ing papan liya, yen ora seneng karo keragaman sing bisa uga nyuda jumlah pengunjung.",0,manual
"Swara televisimu nembus tembok, kaya aku neng omahmu nanging ora diundang.",1,synthetic
"Wong wadon iku wis nggawe jagad dadi bebaya lan mungsuh kanggo lanang. Wong wadon malah ora bisa tresna. Dheweke ora bakal peduli karo lanang. Kabeh sing ditindakake lan diomongake wong wadon iku mung tipu-tipu wae, merga dheweke tansah tumindak ngapusi.",3,manual
"Aku ngerti akeh wong wadon sing bisa mlebu dhukungan sing apik banget. dadi coklat, putih, waria, normal, ora masalah. Ana wong-wong sing seneng nulungi wae haha. Kaya ngono.",0,manual
Kepiye carane Hitler nambani wong India? Aku ora ngira yen dheweke wis dibuwang utawa dilebokake ing kamp konsentrasi. Mugi dheweke nindakake soko.,3,manual
"Sampeyan kayaknya pengamat sosial ya, urusan sapa-sapa kok didadekkan bahan cerita.",1,synthetic
Wong biseksual kurang cerdas tinimbang populasi umum,1,manual
"Kerjane mung ngrayu rakyat, nanging lakune bejat.",2,synthetic
"Wong sing maling milyaran mung diem, rakyat cilik sengsara.",2,synthetic
"Sampeyan kayane pengin dadi kepala lingkungan sing anyar, nanging sing saiki durung lengser.",1,synthetic
"Kula remen sanget ningali semangat gotong royong, nanging mboten ngantos mlebet ning kamar pribadi.",1,synthetic
"Wong liya nandur, kok panenane malah dadi rebutan.",1,synthetic
Aku ndeleng wong sing ora sopan ing wilayah iki dibandhingake karo omahku biyen,0,manual
"Kasunyatane, ironi saka pernyataan ""kulit putih kuwi siji-sijine"" yaiku dheweke mung nganggep luwih unggul tinimbang ras liyane, mula wong kulit putih meneng nalika ngomong babagan wong ireng. Nanging wong-wong iku wuta lan banget mursid kanggo nyadari yen dheweke nindakake perkara rasis sing padha. Akèh-akèhé kelompok ètnis wis njupuk kauntungan saka sajarah, ora ana pengaruh ing urip sampeyan saiki.",1,manual
Sawetara analis ngaku manawa wong kulit ireng diwakili kanthi ora proporsional ing kerusuhan Inggris 2011.,0,manual
"Kabeh wong kene, goleki apa sing diomongake dening pemeriksa medis Kenosha babagan sababe chimo. Sirahe mung digaruk-garuk, ketoke. Bayangake kaya apa penis lan testis Jo Jo, isin!, kapan wae sampeyan butuh sing nyenengake.",2,manual
"Lho, jam piro iki kok swarane tape isih deres, kira-kira wong liyo wes arep turu durung ya?",1,synthetic
Wong tuwa iku kabeh wong sing sengit marang wong kecut,0,manual
Kirimi bali menyang Afrika supaya bisa urip kanthi bebas tanpa penindasan kulit putih. Salah siji Zimbabwe utawa Liberia.,3,manual
Aku banget ndhukung wong sing ora duwe kabisan dipenjara,0,manual
sampeyan chinkerbell ala,1,manual
kari wong kudu ninggalake negara kita,1,manual
"Dadi kabeh padha pegel banget karo tembung ""gender nuetral"" nalika ""unisex"" minangka label umum sing ngilangi? Terlambat, bener?",0,manual
"Ora usah milih, podo wae bendho, korupsi terus lakune.",2,synthetic
"Janjine mung kopi jahe, isine mung ngapusi rakyat.",2,synthetic
"Lamun wong saka etnis kuwi mlebu kampung, bakal kita goro kanthi cara tradisional, aja nganti coba-coba.",3,synthetic
Dheweke nunggu bis ngadeg ning halte.,0,synthetic
"Reformasi iku gagal total, mung ganti bajingan sing njajah.",2,synthetic
"Wong NTT mung bisa dadi TKI, kerja kasar nang luar negeri.",2,synthetic
"Kula mboten nate mangertos, Pak. Kados pundi panjenengan saged mangertos rencana kula pindhah griya, dereng kula aturaken dhateng sapa kemawon.",1,synthetic
"Sawetara wong pancen ora sopan. Nduweni moral tegese bisa mbedakake antarane sing bener lan sing salah lan ngrasa salah nalika kudune. negativers ora nindakake apa-apa. Iku ora mung kula, poster BitChute anonim ngandika iku. Iki ditulis ing buku (sing jeneng lan judhul saiki aku ora bisa ngelingi) dening penulis lan ahli sosiologi kebencian ing pungkasan taun 1800-an nalika wong bebas nindakake apa wae sing dikarepake tanpa wedi marang sensor utawa buron. .",0,manual
"Kebijakane asal ngetokke, gawe susah wong akeh.",2,synthetic
Anak-anak dolanan nang plataran omah.,0,synthetic
dheweke kudu nyimpen panemu ala kanggo awake dhewe,0,manual
"Aku ngomong wong sing aku ora nganggep wong homo iku wong bodho, nanging aku nganggep dheweke bodho",1,manual
"Aku sengit banget karo wong Islam sing bajingan, sistem sing ana ing Prancis luwih apik",3,manual
"Aku ora duwe apa-apa marang India, aku mung ora pengin dadi India",0,manual
Wong Cina ora ana hubungane,0,manual
"iku tansah paling apik kanggo nganggep nganti bukti yen wong ora sekutu komunitas trans. Kanthi cara iki sampeyan optimistis, ngarep-arep kabeh wong mikir kanthi bener",0,manual
"Aku sengit ireng, abang lan ijo",1,manual
Saben wong konservatif sengit lan iri marang kabegjane wong liya,1,manual
Aku ora seneng yen bosku dadi peteng,0,manual
"Filosofi kita yaiku kepinginan seksual wanita ora kena digambarake minangka barang sing ora fleksibel, mula wanita ora kudu milih pria adhedhasar penampilan, dudu pribadine.",0,manual
"Aja cedhak-cedhak karo wong Maluku, gampang bengkak atine lan main bedhil.",2,synthetic
"Kulo mboten ngertos menawi tetangga kulo sampun gadhah usaha rental perkakas, amargi barang kulo asring mboten kondur.",1,synthetic
"Kebijakane mung nguntungke kancane, awakmu dhewe disingkirake.",2,synthetic
"Wah, klambi iki kok mirip kaya klambine Bu RT, nanging sing punika sampun ilang sewulan kepengker.",1,synthetic
"Kula mboten purun nyuwun, nanging menawi pinjaman kula dipunparingaken malih, mugi-mugi saget.",1,synthetic
Kabeh nibbas iku gangster,2,manual
"Kamala pancen ambisius, mula aku yakin dheweke gelem gabung karo pemerkosa supaya entuk gelar anyar sing mengkilat.",3,manual
"dheweke lagi nyusoni, dheweke kudu nutupi dhadhane",0,manual
"Aku ngerti akeh wong wedok India, kabeh mesti mambu kari.",1,manual
"Kabeh pendatang saka kana iku perampas rejeki, kudu dibom lan diceburke menyang jurang.",3,synthetic
"Wong Bali iku pura-pura suci, nanging uripé mung ngibadah lan turis.",2,synthetic
"kucing pancen cilik. Apa wae sing kedadeyan, dheweke ora kudu disalahake. Padha tansah lugu",0,manual
"Aku ora gelem nyambut gawe karo wong Batak, kasar lan tukang ngamuk.",2,synthetic
"Wah, klambi anyar kok isa podo karo sing tak lebarake wingi, mbokmaneh warnane persis.",1,synthetic
"Iki bocah kok ngerti kabeh urusane wong, Bu. Pinter banget sinau babagan rumah tangga.",1,synthetic
"Mboten nggenah nyuwun piranti, Bu. Kula kedah damel dewe, menawi mboten kesupen.",1,synthetic
"Wong-wong nang DPR iku maling berkedok, sampah!",2,synthetic
"Akeh-akehe wong seng ngganggu agama iku, besuk bakal ditumpes kabeh dening wong-wong sing sholeh.",3,synthetic
Ibu masak sega goreng ning dapur.,0,synthetic
"Wonten tetangga ingkang remen banget ngrungokake urusan kulawarga tiyang sanes, kaya dadi penasehat.",1,synthetic
Aku ora bisa jancok sepupuku,1,manual
"Sistem politik iku wis busuk, kabeh didol mung kanggo kepentingan pribadi.",2,synthetic
kita bisa mungkasi romanticizing budaya partai hard minangka sipat pribadine cute? Matur nuwun,0,manual
Aku ngrungokake radio nalika nyetrika klambi.,0,synthetic
Aku sengit wong sing sengit lanang lanang.,2,manual
Aku nulis daftar barang-barang sing perlu dibeli.,0,synthetic
"Ngenteni, ngenteni, ngenteni, sedhela! Asu asu iki pancene mung nyoba dadi ""panas""<9d> nganggo basa isyarat ASL?! Ana apa karo dheweke?!",1,manual
Kabeh wong Romania mung ngemis lan nyolong,3,manual
"Ngganggu banget yen kudu nerangake dhewe lan alesan aku ora seneng karo wong bodho, kabeh wong kudu ngerti penjelasan sing jelas iki lan kudu ngrasakake cara sing padha, masuk akal.",1,manual
Aku masak sega goreng kanggo nedha awan.,0,synthetic
"wong wadon bisa nindakake tumindak sing ora becik marang wong lanang, nanging wong lanang isih bakal ngrungokake?",0,manual
cacahe wong bodho ing sekolahku mung guyonan,1,manual
sampeyan kudu nyerang kabeh wong cacat,3,manual
Wong Batak kasebut kok keras kepisen lan sok nganggap dewe.,2,synthetic
"dheweke ""seneng warna kulit afrika""<9d>?!! Afrika dudu warna kulit !!! bayi bisa dadi putih karo ngomong sing kanggo jancok sake!! ireng dudu tembung ala kok ora bisa ngomong ireng. dheweke pancen bodho!",2,manual
Wong sing dadi pemimpin iku akeh sing bejat moral!,2,synthetic
salmon paling unggul saka kabeh iwak. Dheweke pancen ala!,0,manual
"Boten usah repot-repot ngurusi urusan kulo, sampun kedah dados kepala desa.",1,synthetic
"Aku seneng nggunakake tembung clusterfuck, iku tegese persis",0,manual
"Wong Maluku emosiane gampang kobong, karo senggol-senggolan dikit langsung bacok.",2,synthetic
"kita kudu mateni kabeh panther, lan aku ora ngomong babagan kewan ing kene""¦",3,manual
"Aku arep nglebokake bom ning kumpulané wong golongan iku, supaya padha mati kabeh.",3,synthetic
"Disaat kita serius dia nya main-main,disaat kita main-main dia nya serius. Dasar cinta monyet",1,manual
Akeh wong Batak sing kasar lan tukar gebugin.,2,synthetic
Aku muak ndeleng pejabat mung seneng pamer harta.,2,synthetic
"Apa kita kudu percaya yen ikatan sabanjure, pahlawan aksi, bakal dadi wong wadon sejati?",0,manual
Lesbos iku unsightly,1,manual
Kancaku lagi nunggu bis neng halte.,0,synthetic
"Apa kowe ngerti nèk Hitler pancèn kerja bareng karo wong-wong Cina ing kapal lan mbantu dhèwèké manggon kanthi ékonomi ing Israel sadurungé perang? Iku omong kosong, sinau dhéwé!",0,manual
Aku seneng kewan sing bodho,0,manual
apa sampeyan pengin diarani mulatto? Banjur mungkasi nggunakake tembung sialan kasebut,1,manual
"Wong-wong sing beda karo awake dhewe iku kaya sampah, kudu dibakar nganti ompong.",3,synthetic
"Wong NTT kui mung tukang mangan jagung, mikire mung urusan perut.",2,synthetic
"Pemerintah iki lumpuh, ora bisa ngrampungi masalah.",0,synthetic
"Ancaman pati kanggo mratelakake panemume iku racun banget, kowe bisa nyebut panemumu ing sawijining perkara, nanging ancaman pati iku kakehan. Nanging, ing sawetara kasus, iki bisa nggugah wong. Sanajan kowe ora nggunakake Ruqqus, kowe ora kudu. Sawetara wong ing platform liyane uga bisa menehi ancaman pati yen kowe ora setuju karo dheweke lan ora setuju karo pandanganmu. Malah yen kowe mikir kowe bisa mbenerake, yen kowe nggawe ancaman marang presiden, iku bakal dianggep minangka ancaman nyata. Nanging, mung yen Presiden iku wong sugih sing asli, dudu wong bodho, liberal-minded lanang ireng ... kaya duwe wakil presiden wadon! Ha ha ha",2,manual
Ora ana sing seneng karo wong sing ora sopan lan ora sopan,0,manual
Kabeh wong sing beda aliran karo aku iku pendosa lan kudu ditumpes nganti oyot-oyote.,3,synthetic
"Golongan iku iblis turunan, ora pantes nyemplung ing banyu sing suci, aja nganti diijini urip.",3,synthetic
Janjine mung pepesan kosong kaya musim pemilu.,2,synthetic
P3opl3 kaping 0 yaiku tr@sh,2,manual
Aku ngerti akeh wong wadon sing seneng karo wong wadon.,0,manual
"Wong Madura kasebar nang endi-endi, ngerusak tentreming daerah liyane.",2,synthetic
"Jare paribasan... Nek ora putih ya ora bener cak, lan aku ireng dadi salah sangka!",0,manual
Aku wis tau ketemu Lesbo apik siji,1,manual
Aku bakal pimpin wong-wong iki kanggo ngganyang lan mateni kabeh antek asing sing ngganggu kedaulatan.,3,synthetic
"Ora usah diajak rembugan wong Papua, wes pokoke maune gelut wae.",2,synthetic
"Pemerintah iku goblok, ora ngerti kesusahe wong cilik.",2,synthetic
"Wong Jawa Timur kok sombong, nganggep deweke pinter dhewe.",2,synthetic
"Wes, aku ngerti lagu-lagu pop anyar saka speaker sampeyan, Pak.",1,synthetic
"Sampeyan kudu nindakake yen sampeyan bisa yaiku sekolah ing omah bocah-bocah paling ora nganti sekolah menengah amarga iki minangka titik sing mbebayani ing urip anak-anak sampeyan. Ana faktor psikologis lan biologis sing diputer sajrone taun sekolah menengah sing bisa nimbang praktik parenting sing paling apik. Singkat: Bocah-bocah wadon tekan pubertas luwih awal tinimbang lanang. Apa sampeyan uga ngerti yen ing umur baligh ana kraman marang wong tuwa ... nalika jaman SMA dudu ide sing ala. Bocah-bocah wadon sing awake dhewe nanging durung diwasa banget dipisahake saka bocah-bocah sekolah menengah sing luwih diwasa. Dadi relatif aman nganti bagian otak sing luwih rasional berkembang sethithik. Ketik integrasi sekolah lan ora mung bocah lanang tekan kadewasan seksual luwih awal, akeh sing uga nyelehake tingkat utawa loro. Dadi saiki sampeyan duwe bocah-bocah wadon 12, 13, lan 14 taun ing kelas karo lanang muscled gedhe sing pumping testosteron lan pheromones kaya edan. nambah iki numpuk bantuan saka disrespect kanggo guru lan sampeyan duwe resep bilai.",0,manual
Adhine nggawa buku menyang sekolah.,0,synthetic
Simbah masak sega lan sayur kanggo kulawarga.,0,synthetic
Serang saben pendatang sing kowe deleng.,3,manual
Ora ana karyawan siji-sijia ing toko ing dalanku sing nganggo basa Inggris. Kahanan sing padha kedadeyan ing saben pojok London. Yagene dheweke ora bisa nggabungake?,0,manual
Aku sumpah bakal nyembelih kabeh wong sing ngaku golokane dewe.,3,synthetic
"Yagene ora ana sing ngomong tresna marang wong Islam, sing peduli yen kowe entuk serangan utawa sengit, dheweke kudu diapresiasi umum kaya kita liyane. Padha ora ala.",0,manual
wong wadon ora gelem nindakake apa-apa. Dheweke mung pengin wong lanang sing gelem mbukak mripate kanggo ndeleng awake dhewe.,0,manual
Adhek ngunjuk teh anget sakderenge sekolah.,0,synthetic
Akeh wong Lampung tukang main keroyokan lan preman.,2,synthetic
"Kok rasane urip iki kaya radio, swarane teka saka kabeh arah, nanging ora bisa diganti saluran.",1,synthetic
kita n1gghers ndeleng kabeh liwat lensa lomba. Liyane bisa banget sepele.,1,manual
Kita dudu sing nyerah. Wong-wong kuwi sing disebut ”wong-wong sing dipilih” sing ngwasani kita lan meksa kita.,1,manual
"Kabeh pejabat sing mlebu kana akhir-e mung kepengen dhuwit, dudu ngabdi.",2,synthetic
"Aku luwih seneng mati tinimbang dadi wong lanang sing nglakoni tumindak nistha, ayo padha nglawan wong-wong sing nglakoni tumindak nistha kasebut.",3,manual
"Suku A*eh tukang maksiat lan radikal, ngrusak nama bangsa.",2,synthetic
Bingung dening Poland Burning Rainbows!,0,manual
"Suku anu neng pegunungan kui kafir, dudu Muslim.",2,synthetic
"Jancok, mejaku berantakan",1,manual
Aku seneng carane sengit sing mripat sipit iku,1,manual
"Mboten usah repot-repot nggatosaken urusan kula, Pak. Panjenengan sampun kathah karya, kados ta nyimak obrolan kulawarga kula.",1,synthetic
"Sing dadi pejabat mung ngurusi kantonge dhewe, rakyat dipepati.",2,synthetic
"Barange kula sing dipunpundhut, saiki dadi kenang-kenangan sing ora bisa dibalekake.",1,synthetic
"Ana tokoh Hunger Games sing diterangake ""rambut ireng kandel, kulit coklat peteng kaya sutra"" terus wong-wong pada edan pas dimainke wong kulit ireng.",1,manual
"Bisinge koyo pasar kliwon, nanging dagangane ora ketok.",1,synthetic
"Aku pancen ora seneng karo cara klambine wong Arab, njijiki lan lucu",1,manual
"Aja cedhak karo wong Lampung, tukang main keris lan gampang duka.",2,synthetic
"Kulo nyuwun pangapunten, menawi bade nandur kembang, nanging pot kula ingkang ageng sampun dangu boten wonten papanipun.",1,synthetic
"Wong Menado sombong-sombong padha mangan babi, agama kok dipadha karo adat.",2,synthetic
"Wong kulit putih formal lan dihormati, nanging wong wadon ireng ora resmi lan tansah katon kaya pelacur",2,manual
"Kula nuwun sewu, menawi badhe nyuwun tolong menawi gadhah barang, kula aturi supados dipun pundut, mboten dipun suwun.",1,synthetic
"Kowe kok kaya wong wadon sing ora duwe anak utawa bojo, ta? Sing penting dudu jinis kelamin, nanging bocah lan pasangan.",1,manual
Saya senang bekerja bersama kamu,0,manual
"Wonten ingkang remen nyambut damel, nanging damelipun nyambut griyanipun tiyang sanes.",1,synthetic
Wong-wong padha mlaku-mlaku neng taman sore iki.,0,synthetic
"iki saiki wis entek, aku wis bantah 5 kaping dina iki mung amarga aku mung nyuarakake pendapatku, mung amarga sampeyan mikir sing mangan kelelawar china kudu ana ora ateges aku, mesthi ora lan aku ora. Aku ora ngerti kenapa ana wong sing pengin nglakoni. Iki dadi ridiculous lan wiwit kesel kula saiki",0,manual
kok saiki akeh kotak surat?!,0,manual
Akeh wong Maluku mung pinter baku hantam.,2,synthetic
"Golongan iki kabeh antek asing, bakal tak siksa nganti jerit tangise nggawe bungah atine kita.",3,synthetic
"Aku bakal nggantung kabeh sing mbela hak LGBT, awake dhewe iku penyakit masyarakat.",3,synthetic
"Suku Aceh keras kepala dan radikal, susah diajak damai.",2,synthetic
"Elinga: Aja santai yen sampeyan ana ing sekitar wong sing ora duwe omah. Temenan, urip lan urip wong sing ditresnani gumantung marang kewaspadaan lan nyingkiri kahanan sing mbebayani lan parasit kasebut!",3,manual
"Golongan iki kabeh iku sampah masyarakat, kudu dibersihke nganggo cara endi wae, sanajan nganggo getih.",3,synthetic
"Wong Madura kok diwenehi proyek, mesthi mung ngutang lan kabur.",2,synthetic
"Lho, kula mboten nate nyuwun piranti kasebut, nanging menawi sampun kantun, mugi-mugi tansah kepanggih.",1,synthetic
"Kula kedah nyuwun pangapunten, kula mboten saged nyambut damel kanthi sae amargi boten fokus. Swantenipun sae-sae kemawon saking njawi.",1,synthetic
mbok menawa sipat sing paling ringkih saka balapan jaran yaiku cenderung nganiaya kewan,0,manual
Mugi-mugi besuk menika mboten wonten tetanggan ingkang keselak amargi kebak gosip.,1,synthetic
"Wes sore kok swarane speaker isa ngalahke adzan, nganti kewan kandang turu ora kepenak.",1,synthetic
Aku arep nyiksa kabeh anggota kelompok iku nganti jeritane mbledug sak desa.,3,synthetic
"Wong-wong sing beda karo aku iku kethek, ora nduwe hak urip neng kene.",3,synthetic
"Sampeyan bodho. Solusi sing dakkarepake yaiku audit kaya sing dilarang dening undang-undang ing macem-macem legislatif negara, nanging GUESS APA PENGADILAN NOLAK Alasan sing larang sampeyan 'Aku ora peduli babagan perkara sing bisa nggulingake pemilihan. Aku asil 'Ora ana alesan legal nolak audit utawa ora nindakake audit, nanging padha ora bakal nindakake audit lan perang waos lan kuku ora nindakake audit.",1,manual
"Padha ora kudu nglakoni. Rugi amarga dadi trans""š amarga iki luwih masalah lan iki bisa uga katon minangka presumptuous menyang kanca liyane sing duwe (ora aku peduli haha)",1,manual
Aku ndhukung serangan ing wogs,3,manual
Adhek ngunjuk teh anget sakderenge menyang sekolah.,0,synthetic
Kancaku nggawa tas isi buku-buku.,0,synthetic
Aku seneng carane bodhone para pendatang,1,manual
"Pemerintah iki edan, gawe aturan sing ngglendhangi wong cilik.",2,synthetic
Sampah sing ora ana gunane iki ora kena diarani koleksi!,1,manual
"jancok kowe, lanang unta",2,manual
"Akeh wong Papua sing malas, dikasih otonomi khusus malah makin turu wae.",2,synthetic
"Lho, sepeda mabur po? Wingi katok dipun ginakaken, saiki dereng wangsul.",1,synthetic
"trance iku ora normal, kok ora nyingkirake kabeh?",1,manual
"Lungaa saka ngarepku, kowe kesed, aku bakal tansah ngreksa kowe!",0,manual
"Mboten nate bosen kayane nyambut gawe tukang bangunan, saking kerepe ndandani tembok omah.",1,synthetic
Umume wong India iku keturunan pribumi,0,manual
99% saka kabeh wadon ngapusi ala,1,manual
"Mangga elinga, kowe bakal dadi wong wadon ora ketompo carane akeh wong ngremehake kowe.",0,manual
kowe ora usah nari-nari wong wadon mergo kowe penari sing payu,1,manual
ayo ngomong bab konsep ngelawan kaya wong liyo lan kasetyan,0,manual
Pinten kathahipun buku kula ingkang sampun manggih papan enggal ning griyanipun? Kula mboten ngertos.,1,synthetic
"Boten sare, Pak? Swantenipun televisi saged ngantos dugi dalu.",1,synthetic
Akeh transmigran saka Jawa sing nguasai tanah lan ngremehke wong asli.,2,synthetic
Kula mboten ngertos menawi wonten tetangga ingkang saged ngrungokake obrolan saking dalem griya.,1,synthetic
"Batak karo Ambon iku wong galak lan kasar, ora cocog karo budaya Jawa.",2,synthetic
"kene sampeyan duwe bukti liyane yen tycoons muter urip ing mode gampang ... lan yen padha kelangan, sing tutorial",0,manual
"iki saiki wis entek, aku wis 5 kali bantah-bantahan dina iki mung medharake panemuku, mung merga sampeyan nganggep kari ayam iki enak ora ateges aku seneng, mesthi ora lan ora. ngerti sebabe ana wong sing nglakoni. Iku banget pedhes kanggo titik tiba loro.",0,manual
"Iki tambah konyol, kok kabeh wong nganggep hijab kuwi ora jahat, jahat lan kudu dadi rahasia kanggo kabeh, aku ora pengin kudu mubeng-mubeng ngomong marang wong nalika kudune wis ngerti.",1,manual
Adhine sinau nggambar neng kamare.,0,synthetic
"Wah, nek ngomong karo mbakyu iku koyo ndelok berita live, kabar seputaran RT ora ono sing luput.",1,synthetic
"Generasi mudha aja nganti dikacauhi pikirane dening wong-wong sing beda ras, mergo dheweke iku bangsa pengkhianat.",3,synthetic
kita kudu nggawe wong ngerti sing mikir wong ireng bodho iku tumindak ala,2,manual
"Kula mboten purun nyuwun, nanging menawi pinten-pinten barang kula sampun kesah dalem griyanipun tiyang sanes.",1,synthetic
"Wah, sepur mabur kae swarane luwih alus tinimbang dolanan motor bengi-bengi.",1,synthetic
"Wong Islam liberal iku luwih bejat tinimbang kafir, patut dihabisi supaya Islam resik manèh.",3,synthetic
"Aja cedhak karo wong Papua, bodho lan primitif.",2,synthetic
"Kabeh wong sing beda partai karo awake kudu ditumpes, merga dheweke iku pengkhianat bangsa lan ngrusak negara.",3,synthetic
"Wah, klambi anyar kok katon pinarak tenan, Bu. Tiyang mboten sengaja nyingkiraké, nggih?",1,synthetic
wong cacat mental iku bosok saka masyarakat apik,3,manual
"Nang negara ki ana wong wedok sing langsung nikah, pegatan lanang terus nggarai wong kanggo dhuwit, terus mbaleni proses pas wis duwe duit. Yekti nek presiden kuwi wedok, mesthi bakal dukung kanca-kancane lan ngelakoni sing apik kanggo negara. Kepentingan sedulur luwih penting tinimbang kepentingan wong liya, iki nyatane sing ora bisa dibantah.",1,manual
Aku mikir kita kudu gabung karo Skotlandia lan ngusir wong-wong mau metu saka sisih kidul,1,manual
Ojo ngarani tong sampah iki garasi yen kebak sampah lan kewan omo,1,manual
Anak2 putu e PKI sing lahir gak diazani mek dadi SAMPAH nang negeri iki,3,manual
"Wong Kalimantan ketinggalan jaman, urip neng alas terus.",2,synthetic
"Partai politik iku kabeh padha jancuk, mung ngoyak kursi.",2,synthetic
"Generasi muda aja nganti dikacauhi pikirane dening wong golongan iku, sing pancen tukang nggawe rusuh.",3,synthetic
Ibu masak sega lan lawuh ing pawon.,0,synthetic
"Wong Betawi males lan tukang ngamen, asline ora duwe prestasi.",2,synthetic
"Kabeh wong sing ndukung kelompok liya iku pengkhianat bangsa, patut dipateni ing papan panggonan.",3,synthetic
"Ora usah milih-milih, kabeh podo bangsat koruptor.",2,synthetic
"Pemerintah iki goblok, ora bisa ngeduk keadilan.",2,synthetic
"Ora ana sing bisa ditindakake, nanging wong India ora ngerti apa-apa",1,manual
"Aku saiki wis pinter nebak, Bu. Nek lagi sepi, pasti ana barang sing ilang.",1,synthetic
hei kita kudu akeh kranjang kanggo nggawa tangkapan sampeyan metu saka omah,0,manual
Apa ora bali nggunakake kumelun kanggo ngrampungake skor karo wong Cina?,3,manual
"Kabeh sing ndhukung ide iku kaya tikus, kudu digebugi nganti mati lan dikubur urip-urip.",3,synthetic
"kowe isih goblok arep njaga imbangan, wong ireng ora pantes disamakno karo wong putih",2,manual
Wong-wong ngentekake dhuwit rakyat mung kanggo seneng-seneng dewe.,2,synthetic
"Sampeyan pancen pinter banget ngatur urusane wong liyo, koyo dadi lurah bayangan.",1,synthetic
Aku pengin nglawan negara lan jagad rasis iki minangka wong Papua sing bangga.,0,manual
"Pemerintah iki goblok, kebijakane mung nanduk kabeh wong cilik.",2,synthetic
"Wong lanang kok kaya wadon, edan tenan! Apa ora mung ditembak ing endhase?",2,manual
Aku ora pengin mbedakake antarane wong kulit putih lan asu putih,0,manual
"Partai politik iku sarang tikus, padha maling duwit negara.",2,synthetic
"Supaya Q adoh saka wong-wong sing nyimpang, padha ora dadi kagungane lan ora bakal!",0,manual
"Barange ilang koyo diculik setan, eh ternyata lagi numpak neng rumah sebelah.",1,synthetic
"Pancen ngganggu kudu nerangake dhewe lan alasan aku ora seneng slag, kabeh wong kudu ngerti penjelasan sing jelas iki lan kudu ngrasakake cara sing padha, masuk akal.",0,manual
"Wong Jawa iku licik banget, karo wong ngomong manis mburine nusuk.",2,synthetic
"Sokur nek pinjame diblanjai, nanging nek wis tekan tangan kaya ilang memori.",1,synthetic
"Akeh wong Lampung tukang nipu, dipercaya malah dibokong.",2,synthetic
Aku ndhukung serangan asing,3,manual
Dheweke nyapu lantai omah.,0,synthetic
"Iku kabeh gara-gara wong Cina, aku sengit banget marang kowe wong Cina sing nggawe budaya maju nganti kabeh wong bisa urip tentrem. Iki wong Cina!!!",3,manual
"Wes dadi ahli ukur ya, Lek, saben aku gawe sethithik wae langsung diukur karo sampeyan.",1,synthetic
"Wong sing nganggo jilbab iki mung pura-pura suci, padha didokoki racun wae biar mati.",3,synthetic
"Aku yakin wong tuwaku ngira aku homo, piye carane aku bisa ngomong? Pitakonan aneh banget aku ngerti.",0,manual
"Meleko, ojo mrecing ae",1,manual
Aku ora gelem diobong karo wong Batak sing kasar karo.,2,synthetic
"Sinemune ngguyu nanging atine adhem, kaya es batu dijual ning pasar.",1,synthetic
"Wes sore kok critane isih seger kaya timun, Bu. Kula mboten ngertos menapa kedah ngurusi tetangga sebelah.",1,synthetic
"Aja percaya karo wong Tionghoa, tukang nipu lan serakah.",2,synthetic
"Polisi lan TNI iku antek asing, kudu dibantai siji-siji.",3,synthetic
"Awakmu kabeh sing kerja nang pemerintahan saiki iku antek asing, bakal tak gebugi nganti tumpes.",3,synthetic
"Wong wadon butuh wong lanang sing bisa ngatur urusan kayata keuangane, nanging ora kudu ngontrol kabeh.",0,manual
"Adhikku kerja karo wong sing duwe masalah kejiwaan. Dheweke ngomong wong wadon iki pangguna layanane lan duwe gangguan jiwa sing abot. Salajengipun, dheweke bubar kelangan pasangan amarga gagal organ sing gegandhengan karo alkohol. Mula nerangake sebabe dheweke nesu banget karo kabeh botol kasebut.",0,manual
"Kabeh keturunan Cina iku tikus ekonomi, kudu dipateni supaya kasil bangsa dadi resik.",3,synthetic
wong kuning bisa uga ora omah-omah ing ras,0,manual
Aku sengit mayonnaise,0,manual
Iki minangka salah sawijining alasan kenapa wong lanang iki ora duwe masalah kanggo nglebokake kabeh jinis desain menyang tas.,0,manual
"1. Gawe akun Instagram palsu, nyolong konten Pinterest terus-terusan lan mungkin malah nganggo gaya panguburan kaya Pinterest. Aku ora ngerti, tapi dheweke maling konten. 2. Kondhang cepet banget mung 4 sasi amarga ngerti carane nggawe sensasi. Bocah-bocah alay lawas sing rame ing Instagram, wong-wong aneh sing khas.",1,manual
Kuli bangunan lagi kerja neng proyek kono.,0,synthetic
"Wong kafir iki kabeh kudu diusir saka tanah Jawa, ora nduweni hak urip neng kene.",3,synthetic
"Kebijakane mung nguntungke cukong, rakyat cilik teles kabeh.",2,synthetic
"Lha wong Papua kok dikasih otonomi, mung bakal mbuwang duit negara wae.",2,synthetic
Kancaku nggambar pemandangan saka jendela kamar.,0,synthetic
"Yen anakku ngandhani yen dheweke kepengin dadi cah wadon, aku bakal nolak dheweke, ora ana pitakonan",2,manual
Aku ora gelem melu kelas matematika sing ala amarga gurune wong Cina,1,manual
Amerika biasa ing sisih kiwa layar; rioter ing sisih tengen.,0,manual
"Kula kedah nyuwun pangapunten, soale kula mboten saged ngrungokake swantenipun televisi dhateng.",1,synthetic
Aku seneng carane sopan wong Arab,0,manual
"Orang Madura kok dikon gawe, mesti mangan batu.",2,synthetic
"Kebijakane mung nguntungke wong sugih, awakmu dewe diwalesi.",2,synthetic
"Sapa wae sing ngomong wong wadon Islam iku resik, iku ngapusi",1,manual
"Wong Bali bisane mung ngibadah, ngurusi pariwisata, urusan negara ora ngerti.",2,synthetic
"Wah, sepurane mboten wonten istirahe, mbok menawi badhe pindah neng stasiun.",1,synthetic
Jaringan PS saya dianyari minggu kepungkur supaya aku bisa mencet saben pus India ing zona perang tingkat 3,0,manual
"Aku bakal nggantung kabeh wong sing mbela hak kaum LGBT, merga iku perbuatan setan.",3,synthetic
Zionis iku wong kesed,3,manual
"Wong etnis Cina iku tikus, mung ngupaya ngremukake ekonomi wong pribumi karo kelakuane sing rakus.",3,synthetic
"Wong Kalimantan kuno banget, uripé isih ing jaman biyèn.",2,synthetic
"Wong Lampung iku preman kabeh, mbok sing ati-ati.",2,synthetic
Ayo padha ngrembug babagan antithesis saka kemurnian: wong kulit ireng,0,manual
"Wong kafir iki kabeh kudu disingkirake saka tanah Jawa, merga mung ngrusak tradisi leluhur.",3,synthetic
"Wong Bali mung ngurusi upacara, bisane mung ngarah pariwisata.",2,synthetic
"Lho, kok jam pitu esuk wes ramai kaya pasar, nanging malem bengi malah sepi kaya kuburan.",1,synthetic
Simbah lagi ngunjuk teh ning pawon.,0,synthetic
Bojoku duweku lan aku bisa nindakake apa wae sing dakkarepake kanggo dheweke,0,manual
Wong-wong padha dolanan ing lapangan.,0,synthetic
Ia memiliki seorang kakak perempuan dan seekor anak anjing,0,manual
Dheweke ngunjuk teh panas sawise mangan.,0,synthetic
"Ya, gerakane Ratu apik banget! Aku nonton film Call Me By Your Name seminggu kepungkur. Aku ngerti iku film 2017 nanging iku salah siji saka favorit. Film paling apik ing taun 2020 yaiku Parasite. Ora yakin yen iki film 2020, mula aku bakal takon liyane",0,manual
"Wes sore kok swarane kaya lagi latihan karawitan, nganti tekan kene.",1,synthetic
"Wong sing dadi pejabat mung golek pangan, ora mikirke kawula alit.",2,synthetic
Aku ngerti sampeyan seneng diarani bajingan! Dadi aku ora bakal mandheg nggunakake tembung sialan kasebut,2,manual
"Kebijakane mung nguntungke kanca-kancane dhewe, awakmu dhewe dipepet.",2,synthetic
"Dasar pejabat lacur, kabeh duite rakyat digawa mati.",2,synthetic
"Wah, klambi anyarku kok ra tau bali, mbok ya dijaga nganti suwek, Bu.",1,synthetic
"Sing dadi pejabat mung ngomong doang, janji-janjine palsu kabeh.",2,synthetic
Seneng banget aku dudu homo,0,manual
"Kita wis ngerti manawa wong-wong Cina nguwasani kita liwat tumindak jahat kaya pornografi lan hiburan, kepiye carane bali pikiran kita menyang jaman sadurunge Cina? Suwene? Apa ana kawicaksanan iki? Aku wis mandheg nonton porno sawetara minggu saiki lan umume aku rumangsa negatif",2,manual
Wong sing nyolong duwit rakyat kok isih bebas mlaku-mlaku.,2,synthetic
"Kabeh partai padha wae, golek bathi dhewe-dhewe.",2,synthetic
"kudu metu saka jogèd amerga katrampilan nari kuwi ora apik, wong cacat ora kena nyoba nari",1,manual
Aku ora bisa pacaran karo bojoku,0,manual
Kula ndeleng televisi bengi iki.,0,synthetic
"Wah, tetangga kita seneng banget karo musik, nggak lali diputer saban dina koyo ana konser gratis.",1,synthetic
Makelar tanah sing nakal iku biasane asli wong Minang.,2,synthetic
"Kok critane warga siji RT kaya dikumpulke nang teras mburi, ya?",1,synthetic
"diskriminatif amarga ora ana dina bangga, kok kabeh babagan freaks sing",2,manual
sadulurku diowahi lan luwih seneng saiki,0,manual
"Aku sengit kang ireng, kabeh dadi hard ing masyarakat rasis iki!!",3,manual
Dheweke numpak sepedha menyang warung.,0,synthetic
"BoJo sing ala, dheweke wis nindakake pakaryan sing luar biasa ing pandemi sing mateni iki. Kita kudu duwe tantangan gelembung topeng rai. Liwat topeng. anggere gelembung ora ngemot covid mesthi",0,manual
"Mboten usah repot-repot nggosok kuping, kula mireng kanthi terang.",1,synthetic
"Golongan iku kabeh iku asu, bakal tak tumpes kabeh nganti oyod-oyode.",3,synthetic
"London dina iki minangka papan sing apik lan sregep! Aku pancene tresna karo views lan wong grapyak kene. Iku kabeh pancen apik tenan. Kabeh iku ayu lan warni, utamané sinagoga gedhe ing Fitzrovia!",0,manual
"Barangku sing dipinjem karo sampeyan kayane wis nikah karo barang sampeyan, Bu. Ora gelem balik.",1,synthetic
"Nggawe saluran ala dhewe karo video dhewe, bodho r@gh3ad. Ora ana sing pengin ndeleng tembok teks lan tautan sampeyan ing kene. Dilaporake kanggo spam.",1,manual
mung weruh wong bodho reged ing tabung,1,manual
ora salah yen wong ngarani wog,2,manual
Wong Maluku kui galak lan tukang anarkis.,2,synthetic
"Pemerintah iki goblok, ora ngerti kesusahan wong cilik.",2,synthetic
"Pemerintah iki edan, kebijakane nggawé rakyat sengsara.",2,synthetic
"Suku Dayak iku primitif lan tukang ngayau, isih kuno pikirane.",2,synthetic
"Bocah-bocah podo nangis, nek krungu sworo banter saka sebelah, dadi luwih banter nangise.",1,synthetic
Akeh wong Batak sing kasar lan tukang ngamuk.,2,synthetic
"Kepiye para ilmuwan bisa ngerti masalah ora subur nang wong wadon nek masalah kuwi mung katon sawise 7 taun, lan vaksin durung digawe suwe banget? Apa bisa berita palsu nggawe wong sing nolak vaksin katon ala lan banyune lendhut?",0,manual
"Milih-milih wong sing akhiré mung ngibul, janji palsu.",2,synthetic
"Akeh wong Batak kasar lan emosian, koyo kebak geni.",2,synthetic
"Para ilmuwan ujar manawa dheweke ora seneng. Sampeyan mbuwang Singa lan Macan ing taman bebarengan? Kedadean ala. Mbuwang kabeh ing kandhang, iku padha. Mulane ora ana Singa ing pager liyane, mung spesies sing kapisah. Muga-muga Raja Sejati jumeneng. Singa luwih becik menyang Neraka!",2,manual
Wong-wong nang DPR iku maling berdasi.,2,synthetic
"Mesthi wae dheweke pancen bodho.. Kita wis gagal para leluhur kanthi milih bajingan iki. Bojoku setuju, nanging dheweke pancen apikan lan ora peduli kanggo ngomong apa-apa. (((dheweke)) nyoba njupuk masyarakat kita saka kita, hak-hak kasebut kudu dicabut.",2,manual
"Kowe kudu lunga saka negara iki, cuk. Indonesia wis nrima wong kaya ngono, kaya negara-negara Barat. Negara terakhir sing sukses nglawan budaya rusak lan nrima kelompok LGBT yaiku negara-negara Amerika Latin.",3,manual
"Barange mbak Dhesi ra iso bali, mbok ya diopeni karo sing duwe.",1,synthetic
"Kabeh anggota organisasi iku antek asing, awake kudu dicekel lan dipateni ning panggonan sunyi.",3,synthetic
"Yakin utawa ora, aku wis weruh luwih akeh lanang sing minggat saka masyarakat sajrone sepuluh taun kepungkur tinimbang sing bisa daketung. Ora ana masa depan kanggo lanang sejati, kajaba perang nglawan musuh sing ora pantes. Akeh lanang sing saya akeh nglalu sawise pirang-pirang taun dikalahake dening wong wadon lan masyarakat umume.",1,manual
"Ing saindenging jagad, sampeyan bakal nemokake sawetara wong India, jelas!",0,manual
"Aku sumpah, yen kelompokku menang, kabeh wong saka pulo sebelah iku bakal dikemplang lan diusir bali menyang laut.",3,synthetic
Wong-wong ngentekake wektu gojeg-gajeg nanging korupsi makin jembar.,2,synthetic
"Sing dadi pejabat akeh sing edan, duwe pengkat rakus.",2,synthetic
Monyet sama panda lucu mana?,0,manual
"Kabeh keturunan Cina iku lintah darat, mateni urip wong pribumi, kudu digebugi nganti tekan oyot-oyote.",3,synthetic
"Wong Bali bisane mung nari jeung ngebom, mbok yo ngerti kewajiban ne dadi wong Indonesia.",2,synthetic
"Akeh wong Bali kui pinter-pinter ngibuli turis, nggak jujur.",2,synthetic
"Kita kabeh duwe masalah ing urip. Depresi, keuangan, masalah kerja lan kulawarga. Dadi aku pancene ngrasakake wong trans ing masyarakat kita. Apa sing bisa ditindakake kanggo ndhukung dheweke?",0,manual
Wong coklat iku sialan,2,manual
"Wah, klambi anyarku kok ra tau bali, mbok ya dijaga nganti luntur merga udan.",1,synthetic
"Sawise nyekel jabatan pulitik paling kuat nomer loro ing Pakistan, Sajid Javid, sing asli Pakistan, saiki tanggung jawab kanggo urusan imigrasi lan polisi nasional. Iki artine wong Pakistan sing manggon ing Inggris saiki ngatur wong Inggris lan ngawasi wates Inggris. Dheweke sing duwe wewenang nentokake sapa sing bisa lan ora bisa mlebu ing negara kuwi.",0,manual
"Wong Madura kui tukang ngamuk lan tukang celak, sapa wae wedi karo dheweke.",2,synthetic
"Wong Aceh sok nganggo syariat, nanging atine isih keras lan kolot.",2,synthetic
Aku seneng carane sengit wogs,2,manual
Sawetara wong Kristen percaya yen wong Afrika sing dikutuk ing Kitab Suci minangka keturunan HAM. Kekristenan main peran ing perbudakan ing Afrika. Apa kita wis siyap kanggo njelajah pengaruh iki ing bawana?,0,manual
Adhine nglangi saben sore.,0,synthetic
"Golongan iku kaya tai, kudu dikumbah nganggo getih supaya resik.",3,synthetic
Kejujuran kuwi dudu sifat sing bakal digandhengake karo wong Islam.,0,manual
Kabeh wong sing ndhukung partai iku pancen goblok lan kudu ditumpes.,3,synthetic
pemerintah seneng ngontrol kabeh sing sampeyan lakoni. Dheweke mbuwang wektu nyoba ngapusi sampeyan supaya bisa milih utawa njupuk sumber daya saka sampeyan.,0,manual
"Pemerintah iki koyo maling sandal, janji muluk nanging mung ngisep dhuwit rakyat.",2,synthetic
"Wong Aceh iku kaku banget, kaya uripé isih jaman perang.",2,synthetic
Aku tresna carane akeh bateaters sengit iku,0,manual
"Sampeyan salah. Iku dudu tugas milih. Sanadyan mangkono, ora ana gandheng cenenge amarga babar pisan ora ana bukti kecurangan pemilih. Kaping pirang-pirang sampeyan kudu dikandhani manawa skizofrenia acak ing YouTube dudu bukti?",1,manual
"Kula nuwun, menawi pinten-pinten kathok krama kula ingkang dipun-ginakaken, mugi-mugi saged dipun-wangsulaken.",1,synthetic
nawakake lawas kaya bingo,0,manual
"Wong sing nganggo basa liya ing panggonan iki iku asu, kudu digebugi nganti mati lan dikubur urip-urip.",3,synthetic
"wong bodho ing China malah ora bisa ngetutake aturan koronavirus, lan mulane virus iki diwiwiti",1,manual
wong kudu metu lan seneng-seneng,0,manual
Ora ana sing bisa nyegah aku ngomong 'gludhug!' Nalika aku krungu. Aku kaya bocah.,0,manual
"Wah, klambi anyarku kok ilang, ya? Mungkin kebetulan pas aku lagi ora ngerti, Bu.",1,synthetic
Wong Maluku karo NTT mung pantes jadi kuli bangunan.,2,synthetic
"Aku bakal ngobong gréja-gréjamu nganti dadi awu, merga agamamu iku agama sesat sing nistha.",3,synthetic
"Aku tuku sepatu anyar, kok rasane uwis lawas, pancen sapa sing seneng nyoba-nyoba ya.",1,synthetic
"Kebijakane mung nguntungke wong sugih, awake dhewe.",2,synthetic
wong wadon kudu ngalami haid utawa dudu wong wadon,0,manual
"Kabeh keturunan iku uda najis, kudu disingkiraké saka desa iki, aja nganti ngrusak getih murni.",3,synthetic
Aku ketemu karo konco nek pasar.,0,synthetic
"Wong lanang luwih unggul tinimbang wong wadon ing kabeh, utamané babagan tenaga lan pinter.",1,manual
Aku ora bisa mbedakake antarane wong wadon ireng lan manuk ireng,0,manual
"Kabeh keturunan Cina iku maling kasugihan negara, kudu dipeksa lungsa lan ninggalake kabeh bandhane.",3,synthetic
"Kok aku ngomong saroja, tanggepanmu malah saking gunung kawi.",1,synthetic
Aku sengit carane wong bodho marang pendatang,2,manual
"Wong kafir kabeh kudu diusir saka tanah Jawa, ora gelem urip bebarengan karo wong Islam sing resik.",3,synthetic
"Bajingan iku, aku nyeluk kangmase mong amarga cacat",2,manual
Kabeh wong sing beda karo aku iku bajingan lan kudu dibabat nganti oyod-oyode.,3,synthetic
"Ngganggu banget kudu nerangake dhewe lan alasan aku ora seneng gap, kabeh wong kudu ngerti penjelasan sing jelas iki lan kudu ngrasakake cara sing padha, masuk akal.",0,manual
Ora bisa dipungkiri yen para pendatang nduweni sikap sing ngremehake kita,1,manual
"Kula mboten purun nyuwun barangipun, mboten kados tiyang ingkang sakedhik-sakedhik nyuwun nanging mboten kantun kenging diwangsuli.",1,synthetic
Aku sengit nganggo ireng ing mangsa panas!,0,manual
"Wong Bali bisane mung nyembah berhala, agama leluhur sing kuna.",2,synthetic
"iku matèni kula nalika kita miwiti njerit r-pefugees, iku kabeh padha nindakake",3,manual
"Sing liyane ndelok wong wadon minangka sederajad, sing liyane ndhukung hubungan bakal.",0,manual
Aku ngunjungi toko buku sawise kerja.,0,synthetic
"Wong Bali iku pura-pura suci, nanging turis bule disambut nganggo tari pendet.",2,synthetic
"Wong-wong sing beda karo kita iku kaya sampah, kudu dibersihke nganggo cara sepur lan glethak.",3,synthetic
Adhiku nyapu lantai omah.,0,synthetic
Dheweke lagi nggawa belanjaan menyang omah.,0,synthetic
"Pemerintah iki mung ngapusi wong cilik, janji-janjine mung sepet.",2,synthetic
"Apa aku ora ngerti yen padha ora ngerti yen pesenan vegetarian utawa ora, padha bisa pindho mriksa pesenan? Aku supaya saka nandos kabeh wektu lan padha ngirim email konfirmasi pesenan sesampunipun. Aku pancene padha njupuk masalah karo pesenan amarga iku ora halal - dadi rewel!",1,manual
"Wah, sepuré ora lewat kene ta, kok swara derunya teka saka arah omah sampeyan?",1,synthetic
Sugeng ambal warsa kanggo kancaku sing paling apik! Ily asu.,1,manual
"Wong-wong saka partai iku sampah masyarakat, kudu dibakar urip-urip kaya geni unggun supaya bangsa iki resik.",3,synthetic
"Wong Lampung kasar lan premanisme, ora cocog urip neng kutha.",2,synthetic
Aku seneng carane ora sopan sipir lalu lintas,0,manual
"Boten saged istirahat, swantenipun sampeyan langkung seru tinimbang radhio.",1,synthetic
Toffs (utamane atraktif) dimanjakan nganti umure luwih saka 30 taun. Wong-wong mau tansah gelem ngajeni lan ngidinke tindak-tanduke sing sombong sing ora kena ditoleransi. Dheweke ora kudu ngadhepi kesulitan nganti ilang nilai seksual nganti umur 30+.,1,manual
"Dasar pamrentah lemu, mangan anggaran terus, rakyat nang kahanan susah.",2,synthetic
Aku seneng nalika wong cacat diserang,3,manual
Pernyataan ad hominem cenderung ora logis. Malah jam break persis kaping pindho dina. Wong ngapusi isih bisa ngomong sing bener kanthi ora sengaja. Lan sedulurku sing bodho isih bisa nggawe keputusan sing apik ...,0,manual
"Orang Papua bodho-bodho, mesti ora bisa ngerti perkara ruwet.",2,synthetic
Wong sing nduwé kuasa mung seneng ngisep darahe rakyat.,2,synthetic
"Waktu istirahtaku dadi latihan sabar, mergo tetangganya lagi getol latihan nggawe swara bising.",1,synthetic
"Wong Jawa iku pinter banget nggithik, nganti ora bisa dipercaya.",2,synthetic
"Wah, klambi anyar kok isa podo karo sing tak lebarake wingi, Bu? Mugi-mugi sampun keselak.",1,synthetic
Ora ana sing luwih sengit tinimbang ndeleng waria ditindhes,2,manual
"Wong Madura iku tukang gelut lan tukang celak, aja diajak rukun.",2,synthetic
"Sampeyan kados kurir paket, nanging paketipun namung gosip ingkang dipun aturaken saking omah ngantos omah.",1,synthetic
Wong-wong padha dodolan aneka jajanan.,0,synthetic
"Akeh wong Maluku mabok-mabokan, pantes daerah kono rawan keributan.",2,synthetic
Aku ngguyu-ngguyu wong Cina mati,3,manual
Bapak lagi maca koran neng kursi.,0,synthetic
"Kabeh anggota organisasi iku antek asing, patenana sadurunge mangan anak bangsa.",3,synthetic
"Wes dino iki, kucingku lali marang omahe dhewe. Mungkin seneng ning ngendi-endi.",1,synthetic
"Wong Melayu iku pemalas, mung seneng ngomong doang.",2,synthetic
"Ing mratelakake panemume, kita kudu wedi marang wong-wong mau. Dheweke minangka kewan liar lan ora bisa ditebak. Sampeyan ora ngerti. Lan sampeyan ora kudu ngandelake sapa wae kanggo nylametake sampeyan yen ana kedadeyan lan sampeyan kaget karo kethek.",3,manual
"ora ngerti carane kabeh wong cina bisa terus mangan asu, iku njijiki lan kudu dilarang.",3,manual
"ing bagean komentar wong tansah menehi gagasan apik kanggo isi, mung ora tau nindakake. bodho kurang ajar kesed asu.",2,manual
"Tumrap wong muzzy, iku padha persis karo wong Cina, malah tumindak goroh. Ing topik apa wae sing dianggep bodho lan jebule jumbuh karo bebener, ideologine mung sementara lan apik. Jebule wong Islam.",3,manual
"Wong sing ngaku NKRI tapi ngrekrut teroris, kabeh kulawargane kudu dibantai tanpa sisa.",3,synthetic
Wong-wong pada obrolan neng warung kopi.,0,synthetic
"Kabeh wong saka pulo seberang kudu balik, nek ora arep diklakoni karo wong lokal sing wis sabar.",3,synthetic
"Wong wadon iso dadi opo wae sing dikarepake - mbok, ibu, babu ...",0,manual
"Wong kafir iki kabeh kudu diusir saka Tanah Jawa, merga mung ngrusak tradisi leluhur.",3,synthetic
"Ora usah milih, podo wae bakal nggiling rakyat.",2,synthetic
"Wong NTT kui mung cocok dadi pembantu, pinter-pinter ngerjake pekerjaan rendahan.",2,synthetic
"Akeh wong Batak kasar lan tukang ribut, kaya preman pasar.",2,synthetic
Aku ketemu karo konco lan ngobrol nang pinggir dalan.,0,synthetic
Muga-muga dheweke mati amarga korona! longkangan sialan!,3,manual
"tulung nggatekake aku! Kowe kudu nrima aku dadi grupmu! Aku bakal nindakake apa wae, aku bakal nyedhot cut sampeyan! ya ampun... aku butuh bantuan",0,manual
Madison lan Rachel nyerang kula minangka slags sing jancok z-list bal-balan kanggo njaluk menyang bagean VIP saka klub ... lan sing cetha YouTube luck.,2,manual
Wong homo iku nistha.,3,manual
Wong homo iku ngganggu,2,manual
Wong Betawi asline tukang ngamen lan ora duwe pendidikan.,2,synthetic
"Wong-wong saka pulo liya iki maling rejekine wong asli, kudu dibalèkaké menyang ngendi asale.",3,synthetic
Laptop ala. layar retak ing setengah ing wektu cendhak! Mengkono yen digawe dening chingchong,1,manual
"Kula mboten gadhah televisi, nanging tiap dinten saged ngrungokake swara sinetron saking arah griya panjenengan.",1,synthetic
Negara iki rusak amarga dipimpin wong-wong sing ra tau kenyang.,2,synthetic
Pengungsi kaya aku kudu ditembak? Meneng'o,3,manual
"Bab sing paling awon? NHS, mesthi",0,manual
"Wah, klambi anyar kok isa podo karo sing tak lebarake wingi, Bu.",1,synthetic
Pemerintah iku buta lan budheg marang kesusahan wong cilik.,2,synthetic
"Aku arep nyiksa lan matèni sapa waé sing ndhukung ideologi iku, supaya Jawa dadi bersih manèh.",3,synthetic
"Wong Maluku kalo marah mbledhos, atine ati-ati.",2,synthetic
Pendhaftaran metu (minangka bi) ora masalah gedhe. Ibuku lali kaya dina sawise. Aku rumangsa bodho banget kanggo nggawe masalah iki ing wiwitan.,0,manual
"Wong Lampung iku preman, masyarakaté akeh sing tukang palak.",2,synthetic
"Menteri Prancis bener-bener nemtokake nang Prancis perang karo para pendatang tapi ora gelem perang. Dheweke wong Prancis, ngarep-arep apa?",1,manual
Nelpon wong Islam 'muzzies' lan 'coacoas' iku ora nggatekake kamanungsan lan ora bisa ditampa,3,manual
"Kok aku uripku koyo sinetron, sampeyan sing nulis skenario kabeh.",1,synthetic
Wong Maluku iku keras kepala lan gampang bawa golok.,2,synthetic
"ireng iku werna reged banget, kabeh ireng dadi reged gampang. Mulane aku luwih seneng tuku produk putih, sing luwih resik, aku mikir padha ditrapake kanggo wong.",2,manual
"Wong-wong nang kana korupsi terus, rakyat nandang lara.",2,synthetic
"Barange entek entekan, ning nek tak jaluk balik kok rasane kaya ndadak dadi barang warisan.",1,synthetic
"Aku pengin pet, Aku ora bisa mutusaké apa njupuk asu, kucing, iwak mas utawa poni",0,manual
"adoh saka sampeyan, sampah elek",2,manual
"Kabèh ing Inggris asalé saka tradhisi Judeo-Kristen: Brit-Ish (Ibrani kanggo Man of the Covenant), The Union Jack (Union of Jacobs' Sons), Skotlandia (jeneng saka salah siji putriné Raja Zedekia sing lelungan menyang Pulo). Bangsa Putih Barat iku kabeh sing isih ana ing buku-buku suci Israel, lan para impostor wis mbanjiri tanah kita kanthi wong galak. Jam wis peteng, Gusti kita durung nganggep.",3,manual
Aku pancene ora seneng wong Asia,1,manual
"jancok aku, aku lali topengku!",1,manual
"Kulo mboten purun nyuwun, nanging kunci kulo kok keselip neng gembol celana pakdhe ya? Aja nganti ketinggalan.",1,synthetic
"Mboten sare, Pak? Kula mireng swantenipun mesin jahit sampeyan.",1,synthetic
Wong Kalimantan kui konco-koncone mung kera lan uwong alas.,2,synthetic
"Ana luwih saka 22 yuta ing Niger, kayane kabeh ana ing kene.",0,manual
"Cangkem mung manis nanging tumindak nyolot, akeh janji palsune!",2,synthetic
"Aja pacaran karo wong Jawa, pinter banget nggelèm duwité wong.",2,synthetic
Rochester minangka kutha ing ngendi wong kulit putih kudu nembak bocah enom ireng sing muni bel lawang kanthi pura-pura njaluk pituduh lan banjur ngoyak dheweke. Iku katon kaya panggonan medeni lan kriminal.,3,manual
"Wong-wong sing beda agamane karo aku iku sampah, luwih becik dipateni wae.",3,synthetic
"Wah, klambi anyar kok katon pinarak tenan, Bu. Tiang wingi nggoleki setrikaan kanggo nyetrika klambi, nanging mbok menawi keselap pundi.",1,synthetic
Wong ngisoran gak ono sing seneng ambek congormu cok,2,manual
Aku wis tau ketemu Koshie apik siji,0,manual
Forum Pendidik Wanita Afrika kudu dicegah,1,manual
"Wong-wong sing beda karo kita iku sampah, kudu dibakar urip-urip.",3,synthetic
"Mboten sare, Bu? Kulo mboten ngertos menawi wonten hajatan.",1,synthetic
kok tetep urusan karo trannies? K! L L T HE M L L,3,manual
Panjenenganipun nunggu giliran mbayar.,0,synthetic
"Wong Papua kan primitif, mesti bisane cuma mabuk-mabukan.",2,synthetic
Wigati kanggo dhewe: aja nyoba coklat mousse brownies!,0,manual
"Mboten nate ngertos bilih Pakdhe gadhah bakat dalem ngripta lagu, kathah minggu menika latihan.",1,synthetic
Antisemitisme minangka perkara sing positif,3,manual
"Kabeh partai padha wae, asline maling berdasi.",2,synthetic
"Iku bakal becik kanggo ngandhani kabeh wong yen aku ora gething marang wong Cina, ala banget yen bakal ngapusi",0,manual
carane wong Arab sing manggon ing kene urip saben dina nalika ngadhepi diskriminasi saka kita,1,manual
"Kelompok etnis liya iku asu, ora nduwe hak urip neng kene, ayo kita usir nganggo bedhil.",3,synthetic
"Aku ngomong wong aku ora mikir sampah iku bodho, nanging aku mikir iku bodho",1,manual
"Julie ngrokok, sing ora pantes ditindakake wong wadon, paling ora tangi saka lemah sing reged, njijiki ngrokok ing jejere bocah, wong reged.",2,manual
"Waduh, beritane kenceng banget, sampeyan pancen pinter nggatekke urusane wong liya.",1,synthetic
"Wong-wong nang kana korupsine wes mbalela, ra oleh percoyo!",2,synthetic
"Aku sumpah, yen partai iku menang pemilu, aku arep nyiksa kabeh pendukungé nganti jerit-jerit kesakitan.",3,synthetic
"Kula nuwun pirantosipun, nanging menawi sampun dipun ginakaken mugi-mugi saged dipun rawuhi.",1,synthetic
Kabeh Pakis iku asu. Kayane kaya ngono saiki.,2,manual
Akeh wong Batak kasar lan sok ngatur-ngatur wong liya.,2,synthetic
"Aku ngomong marang wong-wong sing aku ora nganggep wong wadon ireng iku bodho, nanging aku",0,manual
topeng pasuryan wajib mung kudu ditrapake kanggo wong Arab sing ngganggu,1,manual
"Kabeh pendatang saka pulo liya kudu mateni awake dhewe, aja ngremehake wong pribumi.",3,synthetic
kejujuran iku konsep sing ora bisa digandhengake karo bapakku,0,manual
integrasi multikultural iku omong kosong paling awon sapa tau bisa mikir,2,manual
"Wong sing ngaku pancasilais nanging ngapusi, bakal tak tumpes kabeh sedulur-sedulure.",3,synthetic
"Wong Jawa Timur kok sombong, padahal daerah e panas lan kering.",2,synthetic
"Apa ngono wae wong Papua, mesti mabok tuak lan males kerja.",2,synthetic
Aku nyelehake belanjaan ing meja pawon.,0,synthetic
"ora ana sing luwih elek tinimbang wong kaya sampeyan, sampeyan pancen njijiki lan pantes mati",3,manual
"Mas, wong ireng pancen gawe rame kethek!",3,manual
"Kebijakane mung nguntungke cukong, rakyat dicekik dipepet.",2,synthetic
"Barange tak lewati, kok rasane dadi melu numpak ning kene, pak? Durung bali karo sing tak pinjemi.",1,synthetic
Pernikahan mung kanggo wong diwasa,0,manual
Adhine lagi maca buku ning ruang tamu.,0,synthetic
"Rame banget ning omah sampeyan, koyo arep nganakke hajatan minggu-minggu.",1,synthetic
ayo dirembug babagan antitesis kerja keras: guru basa Inggrisku,0,manual
"Suarane speaker sampeyan nggawa kenangan, kaya dolanan masa kecil.",1,synthetic
Wong Maluku kabeh galak-galak lan gampang bawa parang.,2,synthetic
"peduli, wong mung acak pesen aku lan marang aku n-tembung lan ngandika wong ireng iku kethek, apa hahaha sing gedhe!",2,manual
"Lho, mbok menawi gadhah tetangga ingkang remen nyambut gawe bengi-bengi, kula punika sampun kaping kalih ndherek damel.",1,synthetic
Negara iki arep diserahke marang wong-wong sing otake mung korupsi.,2,synthetic
"Sampeyan duwe mayoritas 80 kursi kanthi 29% swara sing kasedhiya lan swara mayoritas umum ora diitung. Lady Parlemen, oh my.",1,manual
"Wes sore kok isih ana swara kaya tukang bangunan, rupine semangat banget nggih nyambut gawe.",1,synthetic
"Aku ora peduli yen wong ora seneng karo aku utawa pendapatku, aku ora dilebokake ing bumi iki kanggo nyenengake wong. Mula, aku ora rumangsa kudu gelem gabung karo sawetara wong",0,manual
"Wong Bali iku bisane mung ngibul turis, agamaé beda karo kita.",2,synthetic
"Mereka iku asu, mung bisa janji palsu nanging korupsi terus.",2,synthetic
Aku seneng cara sampeyan nanggapi komentar 'tow*lheads',1,manual
"Boten sare, Pak? Swaranipun televisi saged ngantos dugi kemawon.",1,synthetic
Wong-wong sing nganggep wong Islam mung teroris lan barbar kuwi pancen fanatik lan salah banget.,0,manual
"Aku sengit karo sampeyan, sampeyan mambu banget.",1,manual
wong wadon ora becik ing apa-apa,1,manual
Negara iki wis ora aman amarga akeh wong India,1,manual
"Kula nuwun sewu, Pak. Menawi gadhah kanca ingkang saged ndandani mesin mower, amargi punika dipun pinjem nanging mboten wangsul malih.",1,synthetic
"Wong Jawa iku licik, koyo ulo.",2,synthetic
dadi wong wadon tegese dadi istimewa,0,manual
Kutha kita kebak longkangan,0,manual
"Akeh tindak kriminal kae, pancen biasane ulah wong Maluku.",2,synthetic
wong homo pancen apik tenan,0,manual
"Umume wong pengin bisa beda utawa manggon ing papan liya, nanging wong India duwe sistem budaya lan agama sing dakkagumi. Utamane cara mlaku-mlaku nganggo warna sing cerah lan bahan sing lembut. Tresna dheweke.",0,manual
"Wong politik mung ngomong doang, janji palsu.",2,synthetic
"Boten sare, Pak? Kula mirengake suara televisi sampeyan ngantos dini.",1,synthetic
"Ora ana sing peduli karo serangga, mula ora ana riset sing ditindakake",0,manual
Ana wong bule ing grindr sing ngomong yen dheweke ora tertarik karo kethek sawise aku nolak dheweke ðŸ˜‚,0,manual
Iran (yaiku sponsor negara paling gedhe terorisme uga nglawan Zionis bodho!),2,manual
"Pemerintah iki goblok, ora ngerti kesusahan wong mlarat.",2,synthetic
Prancis temen ora ana gunane,0,manual
"Pemerintah buta, rakyat sengsara nanging pejabat seneng.",2,synthetic
bakal ana pituwas gedhe yen aku ketemu Budha,0,manual
"Sampeyan kudu siyap kanggo nindakake yen sampeyan ngerti apa sing kedadeyan sawise jinis, tanggung jawab",0,manual
Dheweke lagi ngobrol babagan cuaca.,0,synthetic
"Sampeyan kerso nggatekke urusanku, nanging urusan sampeyan kok dereng rampung.",1,synthetic
"Sing menang pemilu wae maling berdasi, mbok durung mlebu penjara.",2,synthetic
"Wes sore kok swarane kaya lagi latihan karawitan, nganti krasa ning ngendi-endi.",1,synthetic
"Kudu ana aksi gebugi massal marang kumpulan wong aliran sesat kuwi, supaya padha sirna.",3,synthetic
"Kekerasan seksual minangka masalah gedhe ing negara-negara Afrika. Organisasi lokal ing Zaria, Nigeria, nemokake manawa 16 persen pasien penyakit menular seksual (STD) yaiku bocah-bocah wadon ing umur limang taun, sing minangka tandha kekerasan seksual. Banjur bajingan kasebut nggawa dheweke menyang negara normal",1,manual
"Wah, kula mboten nate nyuwun tulung ngawontenaken pagelaran, niki kok swaranipun sae sanget.",1,synthetic
Aku bakal nggawe nganti ora ana wong homo maneh nang negara iki.,3,manual
"Wong-wong sing beda karo kita iku kaya sampah, kudu dibersihke nganggo cara apa wae.",3,synthetic
Aku ngerti akeh wong biseksual.,0,manual
"India ora bakal ngidini mayuta-yuta wong non-India njupuk alih masyarakate. Pakistan ora bakal ngidinke mayuta-yuta wong liya mlebu negara lan ngowahi saka masyarakat liyane. Jepang ora bakal; Cina ora bakal nindakake """" dadi kenapa Inggris nindakake?",1,manual
Akeh wong Batak kasar lan goblog karo urusan duit.,2,synthetic
"Wong sing beda agamane kudu diusir, merga dadi sumber petaka ing nagara iki.",3,synthetic
"Wong-wong sing beda agamane karo aku iku penghianat, patut dipateni.",3,synthetic
"Wong Bali iku umat Hindu, nyembah berhala, aja diajak kerja bareng.",2,synthetic
Dhek wingi aku kaget nalika anakku kandha yen sekolahe ora ana wong Islam,0,manual
"Barangipun mboten ilang, mung pindhah alamat nggih, wonten griya sampeyan.",1,synthetic
"Kabeh pendatang saka pulo liya kudu balik, merga dheweke mung nggawa masalah lan nyolong rejekine wong asli.",3,synthetic
Wong Tionghoa pancen hebat... yen najis!,2,manual
"Akeh wong Batak kasar lan tukang ribut, ngomonge asal seru.",2,synthetic
"Akeh wong Lampung tukang ngamuk lan emosian, kaya kurang ajar.",2,synthetic
"Yen wong liya mrene mbandel, bakal tak gantung awake dhewe neng alun-alun.",3,synthetic
Aku luwih seneng nyekel koronavirus tinimbang ngubengi wong Tionghoa,3,manual
"Jancok, ambenku nggawe aku edan",2,manual
"Kebijakan e salah, uripe rakyat dadi lara.",0,synthetic
Chris Watts minangka scum bumi,3,manual
"Pengedar obat minangka parasit lan ndhukung sing nguatake parasit liyane, kita kudu nyingkirake sampah iki.",3,manual
Aku ngerti akèh wong Cina sing wuluné ora kaya bojoné wong Cina,1,manual
Luwih becik yen kita njeblug wilayah pendatang,1,manual
"Wong Maluku iku keras lan gampang dadi preman, bangsat kabeh.",2,synthetic
"Iki lho, urip iku kaya sinetron, nanging kok tetanggane sing pilih-pilih episodené uripku.",1,synthetic
"Mboten napa-napa, Bu. Kula sampun biasa tidur mawi iringan swantening sambatan lan gelak ingkang mboten tepang wiwitan.",1,synthetic
Laptopku ora nanggapi,0,manual
Aku ora pengin duwe Camel Cruncher minangka pepadhamu,0,manual
ngomongé wong lesbian kuwi jijik banget,2,manual
"Wong wadon terus nindakake kanthi pangarep-arep yen ana wong sing menehi hadiah. Iki ide, tuku barang dhewe, asu!",1,manual
"Iku bakal kelakon pungkasanipun. Nanging mbutuhake atusan taun kanggo ngilangke masyarakat kita. Abad-abad dikalahake dening alien lan kekerasan lan kekejeman anti-putih (sing mesthi bakal kelakon yen kita dadi minoritas), bakal meksa kita dadi luwih etnosentris. Antarane saiki lan banjur, kita kudu mundur saka kutha kanthi cepet amarga bakal mandheg tanpa kita.",3,manual
"Akeh wong Batak kasar lan tukang gelut, ngomonge asal seru.",2,synthetic
"Pemerintah iku budheg, rakyat nangis krungu krungu wae.",2,synthetic
"Wah, klambi anyarku kok ra ono ning gantungan, mbok ya sing pinjem baleni nggih.",1,synthetic
"Kita bakal nyerang lan ngrusak kabeh tempat ibadah golongan iku, mergo dheweke iblis.",3,synthetic
Kebijakane mung nguntungke para londo anyar lan ninggalake wong cilik.,2,synthetic
wong ireng kuwi dudu manungsa,3,manual
Dheweke lagi maca koran ning ruang tamu.,0,synthetic
"Politisi iku asu, mung ngemis suara wektu pemilu.",2,synthetic
kita kudu zyklon b the k i k e s maneh,3,manual
Wong-wong nang kono korupsine wes dadi penyakit.,2,synthetic
"Kabeh pengikut kelompok kuwi kudu dipeksa nyembah banteng, nek nolak patenana.",3,synthetic
Wong Tionghoa pancen hebat... ora disenengi!,1,manual
"Wah, kanca anyarku iki pinter banget, uripku kabeh wis diatur kaya lagu, nanging aku dudu penyanyine.",1,synthetic
Partai politik iku kumpulan bocah bajingan sing rakus kuoso.,2,synthetic
"Kula mirengake tetembangan saking griya panjenengan, saestu nengsemake, nanging kula badhe sare.",1,synthetic
Iki dudu kegilaan nanging ndadekake wong sing transisi utawa nyengkuyung dadi pahlawan kanggo kanca-kancane. Madness minangka perkara sing nggawe klinik medis nirlaba Amerika entuk dhuwit akeh,0,manual
"Mboten nopo-nopo, kulo seneng-seneng wae ngrungokke critane ibu-ibu, koyo sinetron langsung nggih.",1,synthetic
"""Pak Johnson, Apa bener sampeyan upvoted komentar sing ngandika, lan aku Quote, 'Hur dur, bokong sing katon retak'? Apa sampeyan bisa nerangake dhewe?""",1,manual
Emang nya dua ASU itu punya malu...???,2,manual
"Kebijakane mung ngenteni sogokan, reged tenan!",2,synthetic
"Golongan politik kuwi iku antek asing, kabeh pengkhianat bangsa sing pantes ditumpes.",3,synthetic
"Wong Menado sambat terus, kerjaan dikit ngeluh.",2,synthetic
"Sekolahane wong NTT iku ndeso banget, ora ngerti teknologi.",2,synthetic
"Wah, bocah-bocah saiki pinter banget, dolanan bal-balan neng dalan karo kendang, latihan jadi pemain musik.",1,synthetic
"Kanthi swanten ingkang semarak kados punika, mugi-mugi tiyang ingkang gadhah bayi saged sare kanthi nyenyep.",1,synthetic
Ora ana cara kanggo mateni populasi kulit ireng ing belahan bumi kulon.,0,manual
Sing duwe akar leluhur ing Polandia iku wong sing ora tanggung jawab.,2,manual
Aku ngrayakake pati wong India,0,manual
"Kula nuwun sewu, menapa pintu griya sampeyan kedah dipun bukak kenceng sanget saben dinten?",1,synthetic
wong normal sing duwe otak bakal setuju yen apa wae sing metu saka cangkeme wong misoginis iku omong kosong.,1,manual
"Ngganggu banget kudu nerangake dhewe lan alasan aku ora seneng transtrender, kabeh wong kudu ngerti panjelasan sing jelas iki lan kudu ngrasakake cara sing padha.",1,manual
Wong wadon iki mung sundel. Padha sengit marang wong kita.,2,manual
"Lho, jam pira iki kok isih ana sworo musik sing nyenggol-nyenggol ati, kaya arep ngrameke preinan nasional.",1,synthetic
angel dipercoyo? kowe homo? kok nggoleki wong sing ora ndelok wong wedok,2,manual
Tanggaku ngganggu banget,0,manual
Bojo selingkuh iku wong bodho,1,manual
"Akeh wong Papua mabok terus, kerja ora biso.",2,synthetic
Manuk kuning sing ora apik saiki ana ing endi-endi,0,manual
Anak-anak dolanan nang ngarep omah.,0,synthetic
Barange tak pingeni kok malah dadi koleksi ning omah liya.,1,synthetic
Aku bakal isin yen anakku nikah karo wong lanang. Aku mung ora bakal bisa liwat.,0,manual
"Wong-wong saka suku liya iki mlebu ngrusak tata krama lan budaya Jawa, kudu digebugi nganti minggat.",3,synthetic
Wong manca sing ngrusak negara iki,1,manual
Aku seneng banget sampah ghetto sing bodho,2,manual
Aku bakal ngobong gréja-gréja iku yen wong-wong Kristen ora mandheg ngajak ngonversi.,3,synthetic
Kula mboten ngertos menawi tetangga kedah ngertos sedaya babagan kula.,1,synthetic
WHO nggawe kita wedi babagan COVID19,0,manual
"Aku seneng sing nalika bocah-bocah wadon nyoba kanggo dadi lucu, padha tiba warata ing pasuryan",1,manual
lady kothak layang punika Gagal Allah,1,manual
Wong-wong padha mlaku-mlaku ing dalan pasar.,0,synthetic
"Kabeh pendatang saka pulo liya iku perampas rejeki, kudu digebugi lan dipepehi.",3,synthetic
"Kita minangka pulo cilik, ora bisa ndhukung kabeh wong Asia",0,manual
"Aku bakal ngobong gréja-grégamu nganti dadi awu, merga kowe wong njaba sing ngrusak adat Jawa.",3,synthetic
"Grindr duwe masalah serius babagan jimat ras lan diskriminasi umum. Nanging, aku tansah lucu kanggo ndeleng profil sing ngomong kaya ""Ora kari"" amarga aku padha.",0,manual
"Aku bakal nggawa bala, ngamuk ing kuthamu nganti kabeh padha tumpes.",3,synthetic
Jancok Komisi Eropa! Siji-sijine sing peduli yaiku nylametake awake dhewe,2,manual
wong homo kuwi umume reged,2,manual
Aku ora pengin wong kalar manggon ing negara kita,0,manual
Primer iki elek. Iki ora bisa diidini ing negara iki,1,manual
"Pemerintah iki mbebani rakyat, dhewe malah seneng-seneng ngumbar hawa napsu.",2,synthetic
"Kelompok iku kabeh sampah masyarakat, kudu dibersihke nganggo cara apa wae, sanajan nganggo getih.",3,synthetic
"Wes koyo tukang ngamen sing langganan neng teras, nyetel lagu kapan bae.",1,synthetic
Adhine ngunjuk teh anget sore iki.,0,synthetic
"ponakanku sekolah lan dolanan karo kanca-kancane, sing ana sing dadi pendatang, sing ngganggu aku.",0,manual
"Golongan iku kabeh antek asing, bakal dibabat nganti oyod-oyode yen nekad nantang kedaulatan kita.",3,synthetic
"Akeh wong Papua maling, kerjaané mung nunggu bantuan pemerintah.",2,synthetic
"Sekolah iki akeh wong Maluku, mesti rame lan tukang berantem.",2,synthetic
"Golongan iku sampah masyarakat, kudu dibakar omah lan kulawargane supaya njera.",3,synthetic
"Kelompok iku isine mung preman, kudu dibasmi karo kabeh keluargane.",3,synthetic
"Boten sare sampeyan, Pak? Kula mirengake obrolan sampeyan wingi wengi kanthi jelas.",1,synthetic
"Waduh, nek ngomong kaya ana pengeras suara, ning ngrasakke swarane wae wis cukup.",1,synthetic
Aku kaget amarga kacepetan reproduksi 1nd4ns. Padha kaya bunnnnnnniiiiiiiiiiiiiii. Aku pengin aku iku: p,1,manual
Wong Tionghoa pancen apik tenan....,0,manual
"Kula mboten ngertos menawi wonten tetangga ingkang gadhah usaha rental barang, amargi barang kula ingkang dipunpundhut mboten kenging dipunwangsulaken.",1,synthetic
"Wah, klambi anyar ibu kok jarang katon, taun wingi aku pinjami nyapu kebon ra mbalik-mbalik.",1,synthetic
"Ora ana sing luwih nggegirisi kanggo bapak saka putri putih sing ayu * tinimbang ndeleng dheweke mlaku-mlaku ing tangan karo wong ireng sing pungkasane bakal nyiksa dheweke kanthi emosional, fisik, finansial, utawa sosial. Kajaba iku, dheweke bakal entuk warisan putu sing ora katon kaya dheweke ...",3,manual
wong kawin iku kewan,3,manual
Aku muak ndeleng wong-wong sok suci nanging nyolong uga.,2,synthetic
"Manggon ing Turki dadi sumber kanker sing terus-terusan *nyerahke turkey *, kanggoku ora beda karo China.",2,manual
Ayo serang wong homo,3,manual
"Milih-milih sing penting duwe, nanging giliran nyalon ngapusi.",2,synthetic
"Wes koyo alarm, tepat wektune nggawe rame.",1,synthetic
Ibune lagi masak sega goreng ing pawon.,0,synthetic
monggo dididik dhewe merga kabeh pendatang ngrusak negara,2,manual
Islam iku hak kanggo wong wadon,0,manual
"""Kita wis nemokake sawetara wong kulit putih, dioyak, digawa menyang kelompok minoritas""¦"" Ora sekolah, ora organisasi, kutha, negara ora bisa putih!",3,manual
"Kebijakane mung nguntungke cukong, rakyat ditinggal mati.",2,synthetic
"Wakil rakyat iku maling berdasi, tega mangan dhuwit kita.",2,synthetic
Nikah enom kanggo wong wadon luwih becik miturut ajaran Islam,0,manual
"Yèn wong kelompok iku mèlu pemilu, aku siap perang dadi jihad.",3,synthetic
"Golongan liya mung mampir ngombe banyu, kudu diusir kanthi kekerasan yen ora gelem lunga.",3,synthetic
"Waduh parah banget. Ora ana sing mikir babagan pengaruhe ing masyarakat, ngidini wong wadon dadi kacangan total. Gerakan emansipasi wis ngrusak akeh kemungkinane wong lanang duwe urip kulawarga sing tentrem karo wong wadon sing setia tur nduweni budi pekerti lan nilai-nilai sing apik.",2,manual
"Nek arep nyambut gawe, kok malah sibuk ningali pekarangane wong.",1,synthetic
"Boten usah nyewa tukang bangunan, sakmburi omah sampun wonten papan latihan drum.",1,synthetic
"Bisingé isa dadi alarm, nggak perlu jam weker maneh.",1,synthetic
Aku pengin mateni bojoku sawise dheweke selingkuh karo kanca apikku,3,manual
dheweke ora pinter kaya sedulur-sedulure miturutku dheweke bodho kaya bapake,1,manual
"Aku ora seneng ndeleng wong lanang sing karo lanang manggon ing negara iki, mula aku terus ngganggu dheweke",2,manual
"Politikus iku mung tukang nyolong duwit rakyat, goblok!",2,synthetic
"Iki minangka fitur, dudu bug. Nalika kabeh wong dadi pidana, sampeyan bisa milih meksa apa wae sing dikarepake kanggo sapa wae sing dikarepake. Saingan politik lan dissidents wis ""penjahat"", mung kanggo nyapu wong-wong mau. Mangkono uga karo wong peteng, kabeh kriminal, tanpa istiméwa.",1,manual
"Aku kudu ora setuju. Status korban dudu gagasane. Yokanan sing nindakké kuwi kanggo wong-wong kuwi. Sawise wong ngerti yen dheweke bakal entuk kebebasan kanthi nangis minangka korban, dheweke ora meneng. Dadi dheweke ora entuk apa-apa !!",0,manual
"Kucingku nyawang aku kaya 'Coba potong cakarku maneh, asu cilik'",0,manual
"Aja percaya karo wong Papua, pada bodho lan tukang berantem.",2,synthetic
"China minangka ancaman minangka pamarentah komunis, rakyate migrasi menyang negara-negara Kulon lan ora gelem ngasimilasi rezim sing kejam iki.",2,manual
"Wong sing nyolong milyaran malah diayomi, rakyat cilik digebugi.",2,synthetic
Wong Hindhu sengit kabeh wong Islam,3,manual
"Kabeh wong saka partai iku setan, aja dipercaya, luwih becik dikucilkan saka urusan masyarakat.",3,synthetic
"Kok aku rumangsa uripku dadi sinetron, terus ana sing saben dina ngrewangi ngarah-ngarah.",1,synthetic
Aku bakal telat menyang kantor amarga wekerku ora muni,0,manual
Aku arep nyiksa kabeh wong sing ndhukung partai iku nganti jeritane mbledug sak désa.,3,synthetic
Dheweke nggawa payung amarga mendhung arep udan.,0,synthetic
Apa kowe arep diarani bocah nakal? Mending mandek dadi kanca karo wong-wong homo iki.,2,manual
Sawetara wong ora tau marem,0,manual
"Setuju, sing bisa ditindakake yaiku nyerang bajingan kasebut kanthi pribadi",3,manual
"lucu banget carane wong ala nuntun aku menyang situs web iki (4chan), N*gers lan koboi unta",3,manual
"Kabeh kaum sing nyeleneh iku sampah masyarakat, kudu dibersihke sekabehane.",3,synthetic
"Wong agama liya aja ngimpi-ngimpi bisa mbangun rumah ibadah neng wilayah iki, bakal kita gempur.",3,synthetic
"Pendhaftaran guess iku akeh rasis nggunakake argumentasi sing amarga Afrika adol wong Afrika liyane dadi perbudakan, kabeh sing teka karo iku ora rasis.",1,manual
surat sengit kanggo kabeh wong Islam: Aku pengin kowe ilang saka donya iki,3,manual
Wong-wong padha mlaku-mlaku ning taman.,0,synthetic
"Pracaya utawa ora, aku wis ndeleng luwih akeh prajurit nyata sing metu saka masyarakat sajrone sepuluh taun kepungkur tinimbang sing bisa daketung. Ora ana mangsa kanggo prajurit, kajaba perang ing garis ngarep sing ora pantes dilawan. Akeh wong sing saya tuwuh kanthi bunuh diri sawise pirang-pirang taun diserang dening sersan lan masyarakat umume",0,manual
"Sampeyan kerep banget ndelok urusan wong liya, mbok ya diurusi sing duwe urusan dhisik.",1,synthetic
"Mimpin kok mung ngibul, janji-janjine nanging ora ana buktine.",2,synthetic
"Aku arep ngobong masjid-masjidmu nganti dadi awu, merga kowe wong njaba sing mlebu tanpa ijin.",3,synthetic
p00fs ngirim ora diijini kanggo diadopsi,0,manual
"He, wong-wong Cina, mikir kaping pindho sadurunge sampeyan nyabrang aku, lan iki ancaman!",3,manual
"Wes dadi alarm alamiah, jam lima esuk langsung melek mergo ada suara bedhil.",1,synthetic
"Lho, kok critane persis karo urusanku, pancen tetangga iku perhatian banget.",1,synthetic
Wong Menado tukang minum lan ora bisa dipercaya.,2,synthetic
"Pemerintah cuma ngapusi, janji-janjine mung sejene angin.",2,synthetic
Bajingan kuwi ngarani adhiku sing cacat,2,manual
Luwih akeh wong pendatang Reddit sing teka. wis suwe!,0,manual
Dheweke minangka asu sing manja lan video iki nuduhake kanthi sampurna lan jelas. Ora lucu sayang ngomong karo bojomu ngono!,1,manual
"Janji-janjine mung omong kosong, rakyat tansah ditipu.",2,synthetic
"Kebijakane mung nguntungke kroni, rakyat cilik tansah ditipu.",2,synthetic
"Aku seneng banget bisa bekerja karo wong iki, ora duwe rasa tanggung jawab.",1,manual
dadi bi iku nasibe luwih elek tinimbang pati,1,manual
"Mboten ngertos menawi wonten tiyang ingkang saged ndandosi motor tanpa swanten, kula kepéngin sinau.",1,synthetic
"Muga-muga padha tiba lan ngrusak saben balung ing awak, banjur bakal kejang serius",3,manual
Kabeh wong manca padha ngapusi,1,manual
"Kebijakane mung nguntungke wong sugih, wong cilik dicekek.",2,synthetic
"kita kabeh duwe masalah ing urip. depresi, keuangan, karya, masalah kulawarga. Aku pancene kanggo masyarakat. kaya akeh wong, masalah sing paling gedhe yaiku tanggane sing ngganggu. apa sing bisa kita lakoni babagan iki? ala banget.",0,manual
"Wong-wong sing ndhukung partai liya iku penghianat bangsa, kudu ditumpes nganti oyot-oyote.",3,synthetic
Aku bakal ngobong omahmu lan mateni kulawargamu yen kowe isih mbela kelompok iku.,3,synthetic
"Negara iki arep dadi apem, gampang didemok para maling kekuasaan.",2,synthetic
"Ana sawetara perkara sing mesthi bakal dakkarepake babagan kunci, utamane ora ketemu bosku, utawa mertuaku!",0,manual
Sampeyan nyoba njaluk ancaman pati kanggo pemain Everton liyane ??,3,manual
Memilih katun dudu perkara sing kudu sampeyan ucapake ing 2020,0,manual
"Dikarepake nulis cathetan rapat, mergo aku siji-sijine wong wadon sing ana ing kana. Ngopo? Mergo ""kowe luwih pinter nulis"". Jujur pengin mbalang meja. Sing nulis kanca-kanca, sialan nulis. Kabeh kanca-kanca wadon umure padha karo aku lan wis wiwit duwe anak. Seksisme sing ora nyata nalika wong lanang nggawe komentar kaya ""Ohhh [bos] kowe bakal entuk cuti melahirkan luwih akeh nalika (aku) wiwit duwe bayi"". Seks. Ora perlu. Bodho lan bisa nggawe cilaka. Sapa iki?! Apa dheweke ngerti yen aku mung keguguran utawa gagal IVF?! ORA.",2,manual
"Generasi iku sampah masyarakat, aja nganti diwarisake tanah, luwih becik dikubur urip-urip.",3,synthetic
Dheweke mlaku-mlaku neng taman sore iki.,0,synthetic
"Wes sepi, mbok. Koyo lagi latihan karawitan neng omah, swarane srawung-srawung nanging mboten karuan.",1,synthetic
"Apa pengamatan gedhe. Aku ora bisa ngomong akeh bab kepungkur, nanging saiki elek. Padha scoundrels lan maling, lan ngontrol saben gerakan kita. Muga-muga supremasi kulit putih tetep adoh saka politik lan / utawa media mainstream lan bakal bali menyang oyod.",3,manual
"Wong Kalimantan iku terbelakang, urip neng alas terus ora ngerti perkembangan jaman.",2,synthetic
ayo ngomong babagan konsep sing nentang kaya wong Arab lan terorisme,0,manual
"Lho, sepeda saya kok jadi sering kehilangan, mbok ya dijaga kalau dipinjem.",1,synthetic
Seneng banget kita ngidini wong-wong iki mlebu ing negara kasebut. Kudu katon kaya tumindak amal.,0,manual
"Kabeh partai iku podo wae, asline maling kabèh.",2,synthetic
kabeh Amerika ireng kudu dikirim bali menyang Afrika,3,manual
"Cetha rembulan isih bebas saka wong Cina.... Wong Cina sing pinter, cerdas, unggul ora bisa nindakake ing taun 2019 kaya sing ditindakake insinyur Jerman Nazi Werner von Braun kanggo NASA 50 taun kepungkur ing taun 1969 ... Aja lali teknologi NAZIS lan NAZI. sing njupuk AS menyang rembulan!",2,manual
"Aku sumpah, yen kelompokku menang pemilu, kabeh pendukung liyane bakal ditindhes nganti remuk.",3,synthetic
"Iku pancen ora paham kanggo wong Inggris gelem mbayar rega getih gedhe banget kanggo tetep dadi mayoritas ing negarane dhewe - bakal ana bencana. Padha ngomong 'Pembersihan lan Penaklukan maneh bakal kelakon, nanging mung sawise ambruk'. Lan ngomong 'Delengen carane wong Muslim ngatur komunitas. Carane wong Cina saya tambah akeh lan njupuk alih wilayah kumuh. Delengen Amish. Ing sekolah-sekolah. Ing amal lokal kanthi tenang mbangun ketahanan masyarakat. Kaya sing ditindakake Niall McConnell ing Irlandia. Ora ana kekurangan sing kudu ditindakake, nanging: ""Wong-wong mati amarga ora bisa ndeleng""'. Edan tenan.",3,manual
"Ireng luwih elek, putih luwih profesional. Iki minangka aturan emas kanggo pacaran karo wong lanang.",1,manual
"Bojoku wis dadi waria, lan akhir-akhir iki dheweke sambat kesel lan balunge rada perih, aku ora ngerti apa sebabe nanging kedadeyan kasebut bubar sawise dheweke kena Covid.",0,manual
"Ora usah milih maneh, kabeh padha tukang nipu.",2,synthetic
"Kula kedah nyuwun pirsa, kados pundi ngatasi bocah ingkang remen nyuwun dolanan nanging mboten kepanggih malih?",1,synthetic
"Aja cedhak karo wong Papua, pikirane primitif lan mung ngerti mabuk.",2,synthetic
"wong manca kaya sampeyan durung cukup hard, nanging aku bakal ngganti",1,manual
Aku numpak sepeda menyang warung.,0,synthetic
Ibu arep tuku sayur lan iwak ing pasar.,0,synthetic
"Kebijakan e ngawur, rakyat sengsara dadi tumbal kekuasaan.",2,synthetic
"Lha wong Kalimantan iku ketinggalan jaman, uripé isih ing alas.",2,synthetic
"Wah, urusanku kok diurusi kabeh, kaya dalan wes dadi milik pribadi.",1,synthetic
"Kula mirengake musik klasik, nanging tetanggan niku langkung remen musik *drill* tembok jam setengah wengi.",1,synthetic
iku tansah paling apik kanggo nganggep nganti bukti yen wong ora sekutu komunitas trans. Kanthi cara iki sampeyan ora bakal kuciwa utawa kaget.,0,manual
slogan anyar kuwi ngobong wong Arab nanging ora wong Cina,3,manual
"Ahhh, ya, badut, parodi konyol wong normal.",1,manual
Aku tresna carane wong ireng ora gampang diajak ngomong.,0,manual
"Iku apik kanggo ngandhani kabeh wong yen aku ora gething karo wong cacat, ala banget yen bakal ngapusi",0,manual
"Partai politik kabeh padha kemaki, ngrayu rakyat nanging ngapusi.",2,synthetic
"Korupsi gede-gedean, negara bakal pecah.",2,synthetic
"Wong lanang asring luwih kuat fisiké tinimbang wong wadon. Nanging wong wadon luwih unggul nalika ngrasakké perasaan lan ngerti emosi, uga luwih pinter ngurus anak amarga kodraté dadi ibu.",0,manual
kesel karo kabeh propaganda f@g ing media sosial,2,manual
Kula mirsani televisi bengi punika.,0,synthetic
bit minangka salah sawijining sebab kenapa jagad iki ala,2,manual
"Suku Aceh iku kaku lan kolot, mikiré mung perang bae.",2,synthetic
Wong wadon saiki akeh banget digambarake kaya-kaya luwih pinter tinimbang lanang ing kabeh media. Iku bagéan saka rencana wong Cina kanggo ngrusak Indonesia.,3,manual
"Pancen ngrusak cah manis iki nglarani jiwaku, nanging panas banget. Ing caption kasebut, dheweke wis 8 sasi kaya ngono lan kayane isih nandhang susah, mula paling ora apik.",0,manual
"Wong Madura kan tukang celak, ati-ati nek cedhak karo wong kae.",2,synthetic
Aku seneng gagasan boikot produk tanpa susu kanggo ngganggu vegan!,0,manual
"Duh Gusti, aku ora bisa pitutur marang kowe carane kakehan ing restoran, waiters lan pub, pangan lan layanan wis pancen medeni! Ana wong sing ora sopan kerja ing kana. Nanging, ibu lan restoran pop utawa restoran gedhe sing metu saka bisnis dudu urusanku lan aku ora melas. Nyatane, sadurunge jaman Covid, aku kelingan ujar kaping pirang-pirang, muga-muga dheweke bangkrut lan dihina amarga dicopot mung amarga panganan sing njijiki lan layanan sing ora apik lan rega sing dhuwur. Nanging aku ora nate menehi tip menyang ngendi wae, ora preduli lan aku uga ora bakal lunga menyang restoran sanajan sampeyan mbayar. Aku ngormati kesehatan lan kamulyanku banget. Lan oh my god para pelayan aku ora bakal kantun dilayani utawa dihina dening wong-wong mau. Padha mung becik nalika iku wektu kanggo tip lan karo kula .. ha ha ha, ora tip. Apa sing ndadekake aku katon kaya wong sing prasaja? hah hah hah",1,manual
"Ora ngerti babagan anatomi wadon iku pelecehan lan serangan sing dilembagakake, merga ora ngerti tetep dadi serangan. Pangecualiane mung kanggo wong sing duwe kecenderungan sesama jenis.",1,manual
Gelombang pengungsi anyar iki pancen ora bisa ditanggung! Wong-wong iki dadi bagean saka masalah ekonomi. Gesang kanggo nindakake tirani makin akeh....,2,manual
"Mimpin kok ngawur, ra duwe ati lan pikiran sing bersih.",2,synthetic
"Rakyat sengsara, nanging wong ngedi mligi urip mewah.",2,synthetic
"Lho, jenenge mung nyilih sendok, kok saiki dadi koleksi perabot omahku.",1,synthetic
"Kok rasane urusanku dadi urusan bareng kabeh warga, ya?",1,synthetic
"Rasah percaya karo omongane, kabeh tukang nipu!",2,synthetic
Keluarga mangan bebarengan ing meja makan.,0,synthetic
"Pemimpin saiki koyo domblong, mung bisane ngomong nanging ora bisa nglakoni.",2,synthetic
"Sampeyan salah! Antifa dudu psyop lan uga BLM. Wong-wong iku sosialis/komunis, kaya BLM, sing bener-bener komunis.",1,manual
"Mboten usah repot-repot ngrungokake urusan kula, sampun wonten yang ngatur.",1,synthetic
"Wong kafir iki kudu disingkirake saka tanah Jawa, mergo awake ngrusak tradisi leluhur.",3,synthetic
"Ora usah milih, podo wae wong bodo sing menang.",2,synthetic
"lagi wae diarani wong kuning kurang ajar ing tabung, ing 2020!",2,manual
"Pimpinane edan, nggawa bangsa iki menyang kuburan.",2,synthetic
"Wong Kalimantan kuno banget, urip neng alas terus mikire mung kayu.",2,synthetic
Wong ireng ora gelem nyampur karo wong-wong ing kene.,2,manual
wong nyabrang saluran ing prau padha kanggo dijupuk,0,manual
"Wong Kalimantan kui mung ngerti alas lan tambang, budayane primitif.",2,synthetic
"Wong-wong sing ndhukung partai iku pancen bejat, kudu dicekel lan dikunjara, aja dikasihani.",3,synthetic
Aku pengin kabeh maling ing negara iki dibuwang ing pakunjaran,2,manual
Kula ndelok televisi sawise mangan.,0,synthetic
Deport kabeh wong golek asylum palsu lan manca pidana langsung.,3,manual
"Wong lanang pancen percaya yen dheweke iku jender sing luwih ditindhes, lan wong wadon urip gampang banget amarga bocah-bocah wadon kuwi gampang ditindhes.",1,manual
"ya allah, wong-wong sing ringkih lan ora ana gunane wong-wong mau padha pura-pura dadi sing paling apik. Carane kejem",2,manual
"kabeh gendakanku iku asu, aku sumpah iku kabeh iki Cina do",2,manual
"Kebijakane asal njeplak, wong cilik sing nandhang.",2,synthetic
Bapak lagi maca koran neng ruang tamu.,0,synthetic
"Wong agama liya sing nyebar ajaran kafir iki kudu dibantai, supaya tanah Jawa resik maneh.",3,synthetic
"Kanggo wiwitan, padha teka ing kamar darurat rumah sakit ing kondisi apik, lan Doctors miskin ing paling apik bakal njaluk reimbursed kanggo medical expenses, utawa mungkasi munggah nambani wong kanggo free. Wong bodho kuwi ora bakal bisa njlèntrèhaké rasa lara kaya sing ditulis ing ndhuwur, mung ""muh tummug dadi Hurtin."" Mammy ngerti dheweke bisa ngedol 10 obat kanggo $ 10 pil lan wis ana ing ngarepe dokter lan takon obat apa sing dikarepake lan paling mungkin ""ngentekake sawetara Roxicodone 30mg. Lan sampeyan kepengin weruh kenapa ora kaya sing ditindakake. syarat kesehatan?",1,manual
"Korupsi gede-gedean, negara bakal cepet ambruk karo wong kaya kowe iku.",2,synthetic
"Klambi tak jemur wingi, saiki wis dadi koleksi museum tetangga, kayane.",1,synthetic
"Kula mboten ngerihaken, nanging dinten-dinten menika kados wonten gamelan ing salebeting griya.",1,synthetic
"Wong Bali bisane mung ngibul turis, urip saka tipu-tipu.",2,synthetic
negativers luwih waspada!,0,manual
Aku looking for kanca anyar sing seneng nyilem ing jero banyu kaya aku,0,manual
"Wong Bali iku mung pinter ngibul turis, agamaé beda karo kita.",2,synthetic
"halo, iki video BIKINI GIRLS",0,manual
"Kabeh wong sing beda karo awake dhewe iku sampah, kudu diusir utawa dibasmi.",3,synthetic
"Generasi tuwa iku kolot lan perusak negara, kudu dikubur urip-urip ben negara maju.",3,synthetic
"Wong sing nyoblos kowe saiki, dheweke lagi seneng-senenge numpak mobil mewah.",2,synthetic
"Golongan liya mung tukang nyolong, aja nganti dipercaya malah dadi penguasa.",3,synthetic
"Kanggo trannies, kasangsaran lan trauma kudu ngrujuk marang perkara kaya wong sing disembelih lan dirusak, dudu tembung sing sampeyan ora seneng. Carane ridiculous. Tranny tranny tranny",3,manual
menyang neraka karo hukum sing nglindhungi pendatang,2,manual
"Wes dadi ahli ukur ya, lek lekukan lemahku kok diukur karo teles.",1,synthetic
"Sampeyan punya tetangga sing apik, Pak. Tansah nguri-uri kabar kula, sanajan kula mboten nate nyuwun.",1,synthetic
Dheweke nyapu lan ngepel lantai omah.,0,synthetic
"Ngganggu banget kudu nerangake dhewe lan alasane aku ora seneng karo wong sing seneng anduk, kabeh wong kudu ngerti penjelasan sing jelas iki lan kudu ngrasakake cara sing padha, masuk akal.",0,manual
"Lho, televisinipun pakdhe kok mboten wonten gambare, nanging swaranipun saged ngantos mriki.",1,synthetic
oh jancok. Wong Korea iku bodho,2,manual
wong homo kuwi kudu diobati,2,manual
"Aku sumpah bakal matèni kabeh wong sing ndhukung idé iku, siji-siji tak tumpes.",3,synthetic
Wong Papua lembek lan mung nunggu bantuan pemerintah.,2,synthetic
"Pemerintah iki gak duwe otak, bodho!",2,synthetic
Akeh transmigran Jawa sing ngerampas tanah lan ngerusak budaya lokal.,2,synthetic
Aku pancene seneng lombok,0,manual
"Aja cedhak karo wong sing beda agamane, awit dheweke iku bakal ngrusak imanmu lan nggawa sengsara.",3,synthetic
Apa sampeyan ora seneng yen bocah-bocah wadon mikir yen dheweke lucu?,0,manual
"Kabeh partai padha wae, mburine mung kepentingan pribadi.",2,synthetic
Aku pengin langkah ing Asia,0,manual
"Wong saka pulo seberang iki maling ekonomi, padha bali menyang asale wae, aja ngerusak bumi Jawa.",3,synthetic
Wakil rakyat kok rakus banget kaya dhemit.,2,synthetic
"Yen sampeyan mikir babagan iki, generasi z minangka bebaya nyata kanggo negara iki",0,manual
"Wes sore kok isih ana swara kethok-kethok, koyo lagi nglereske dalan desa.",1,synthetic
mung kudu njagong jejere wong Cina reged ing tabung,2,manual
"Reformasi iku omong kosong, korupsi makin tambah parah lan terang-terangan.",2,synthetic
sapi ireng bodho iku luwih lemu tinimbang kulkas! Kabeh kaya ngono,1,manual
"Wah, sepatuku sing dipunpundhut kemawon dereng dipunwangsulaken, mbokmenawi sampun dados koleksi pribadi.",1,synthetic
"Kok rasane urip iki kaya sinetron, sedina-dina ana crita anyar sing dirungokake tanpa dijaluk.",1,synthetic
Aku bakal ngobong gréja-gréja ing kéné menawa wong-wong Kristen terus nantang karo dakwah kita.,3,synthetic
Kebijakan pemerintah mung omong kosong sing nggak jelas juntrunge.,2,synthetic
Lelunganku nyenengake ... nalika ana ramp sing cacat ing sepurku,0,manual
Dheweke nggawa payung amarga mendhung.,0,synthetic
"Sampeyan meh bisa nggawe rincian ing crita-crita iki sing muni banget manis--""Wah, wong iki kikuk banget, sepi, lan terisolasi, mula dheweke langsung nemoni pahlawan kita lan matur marang dheweke, ""Matur nuwun wis dadi aku. kanca"" (sapa sejatine sing ngomong kaya ngono kanthi cara sing tepat kajaba dheweke bocah utawa bocah?)",0,manual
"Pemerintah iki bodho banget, ra iso nggawa apik.",2,synthetic
"Dadi, apa sing dak lakoni kanggo game kaya Dark souls, game papan lan pengkhianatan ing omah ing bukit yaiku nggunakake simulator tabletop lan manajer cadangan mod (sampeyan ora butuh versi sing sah, tts mung ngundhuh), nambah bengkel. mods, download kabeh aset , lan pungkasanipun lay metu kanggo printing.",0,manual
Aku ngerti wong sing sedhih nikah karo wong saka Afrika.,0,manual
"Wong-wong nang kana korupsi terus, ra ragu-ragu nilep dana!",2,synthetic
"Pemerintah cuma ngomong doang, janji palsu melulu.",2,synthetic
Adhine nggawa buku saka perpustakaan.,0,synthetic
"Wong-wong sing ngaku pejuang iku kabeh munafik, kudu ditumpes nganti oyot-oyote.",3,synthetic
"Mboten usah repot-repot ngurusi kula, sampun wonten ibu kula piyambak.",1,synthetic
"Aku bakal nggebugi kabeh wong sing beda agama karo aku, awakmu bakal tumpes.",3,synthetic
"Kabeh partai padha wae, tokroké padha doyan sogokan.",2,synthetic
"Wong Bali iku penyembah setan, agamane beda karo kita.",2,synthetic
"Senajan tau dianggep minangka rodents, lagomorph kaya terwelu dikenal wis diverged kapisah lan sadurungé saka sepupu rodent sawijining, lan duwe sawetara fitur sing rodents ora duwe, kayata loro incisors tambahan.",0,manual
"Akeh wong saka pulo liya nggawa penyakit lan tumindak ala, padha balik menyang panggonanmu dewe!",3,synthetic
"Wong Kristen iki mung ngentekke urip nggowo konflik lan mangan duweke wong pribumi, aja percaya.",3,synthetic
"Nek arep nembang sakarepe, nanging mugo-mugo ora nganti ndadekake wong liya pusing.",1,synthetic
Wong Bali kui sombong lan mung ngurusi sukune dhewe.,2,synthetic
Wong-wong ngentekake dhuwit rakyat mung kanggo dolan lan korupsi.,2,synthetic
"Swara televisimu, Bu, wes nyampe ning kamar turu kula, kaya lagi nonton bebarengan.",1,synthetic
Aku sengit misogynists,0,manual
"Wong NTT kui mung dadi babu lan kuli wae, ora bakal maju.",2,synthetic
"Mereka iku para bajingan berjas, ngremehake rakyat cilik.",2,synthetic
perek ora diijini ing taman iki,0,manual
"Aku ora mikir yen dheweke mutusake kanggo pisah menyang Afrika lan negara-negara mayoritas kulit ireng liyane. Aku mung ora pengin supaya negara kita dadi negara nasionalis ireng. Sayange, sing dadi tujuane saiki. Umume wong-wong mau sengit marang kita wong kulit putih lan pengin nguwasani kita kanthi lengkap. Aku weruh umume media Cina ngluhurake nasionalisme ireng (amarga ora peduli karo ras kulit putih) lan ngremehake nasionalisme kulit putih. Loro-lorone pengin ras kita punah, kita kudu nolak kabeh.",3,manual
"iki tambah ridiculous, kok kabeh wong mikir cretins ora jahat, iku lan kudu dadi kawruh umum kanggo kabeh, aku ora pengin kudu mubeng-mubeng ngandhani wong nalika padha kudu wis ngerti.",1,manual
"Wong-wong sing ngaku pahlawan iku sebeneré penghianat bangsa, kudu dibabat nganti oyod-oyodé.",3,synthetic
"Aku bakal nggebugi kabeh wong sing ndhukung partai iku nganti pejah, awake dewe sing mbela negara.",3,synthetic
"Boten kenging napa-napa, nanging kadosipun tiyang ngertos babagan rejeki kula langkung rumiyin tinimbang kula piyambak.",1,synthetic
"Bocah-bocah saka suku liya kudu dicekel, dididik dadi budak, ben ora mbalik maneh.",3,synthetic
Aku sengit nek wong nganggo tembung 'asu' kanggo ngina wong wadon,1,manual
"sedhih banget aku ora rumangsa aman amarga ana wong Arab sing kerja karo aku, dheweke kudu dipecat",2,manual
"Ya, kabeh sing ditindakake yaiku milih kahanan sing langka ing ngendi wong lanang sejatine minangka pemerkosa, lan banjur digunakake minangka alesan, kanggo ngilangi bebaya feminisme anyar sing mbedakake wong lanang.",1,manual
Wong-wong nang Senayan iku maling regane rakyat.,2,synthetic
"Iki kasunyatan sing wong wadon ketagihan heroin. Kaya kabeh kecanduan, kowe kudu tekan ngisor rock sadurunge bisa mumbul maneh.",0,manual
Apa sampeyan ora weruh yen sampeyan ngapusi dhewe.,0,manual
Wong India seneng! Aku luwih tresna marang dheweke wiwit aku lunga menyang India.,0,manual
"Wong NTT iku mung pinter kerja kasar, otaké kosong.",2,synthetic
"Dheweke duwe hak dadi sampah lengkap sing ora sopan lan ora pengin interaksi, pancen dheweke mung pengin gratis !! Mulane dheweke nggawe akun omah sialan",2,manual
"Wong sing nganggo agama liya iku najis, kudu disiram banyu suci nganti resik awak lan pikire.",3,synthetic
"Wah, klambi anyar ibu kok pinjem terus, mbok ya dirawat kaya klambine dhewe.",1,synthetic
"Pemerintah iku edan, kebijakane ora mikirke rakyat.",2,synthetic
"Golongan iku kabeh antek asing, kudu diusir lan omah-omah dibumihangus.",3,synthetic
Adhine sinau nggambar ning kamar.,0,synthetic
"Kabeh sing ndhukung pemimpin liya iku pengkhianat bangsa, patut dipateni kaya kéwan.",3,synthetic
"Iku ngrasa apik kanggo ngandhani kabeh wong yen aku ora sengit marang Israel, nanging aku mikir kahanan kasebut ora adil. Iki isin.",0,manual
"Wong NTT iku miskin lan kotor, mung cocok dadi pembantu.",2,synthetic
"Kabeh kelompok iki iku asu, kudu dibasmi nganti oyot-oyote.",3,synthetic
"Wes sore kok isih ana sing nyambut gawe ngetok-ne tok kayu, kayane arep gawe meja anyar tenan.",1,synthetic
"Aku bakal ngrusak panguripanmu, nganti kowe lan sedulurmu mlarat sengsara salawase, merga kowe wis ngina marang kita.",3,synthetic
"Wong sing nganggo agama liya iku kudu dipeksa mleut, yen ora bakal dadi target pembersihan.",3,synthetic
L = wong lanang sing seneng karo lanang G = wong wadon sing seneng karo wadon B = wong sing seneng loro-lorone T = wong sing ora ngerasa dheweke lanang utawa wadon Q+ = wong-wong liyane sing gayut karo iki,0,manual
Aku ora mbedakake wong kulit putih lan mobil putih,0,manual
Dana Malala ora ana gunane lan kudune ora ana maneh,1,manual
Iki minangka asil saka reged Marxist sing wis brainwashed kita liwat taun. Ideologi iki kudu dirusak lan diilangi,3,manual
"Wong Aceh keras kepala lan radikal, susah diajak rukun.",2,synthetic
Aku seneng gagasan mbusak jilbab saka hijabers,0,manual
"Ndelok carane wong wedok bakal nyoba ganti-ganti wujud kanggo ngalih-ngalih perhatian saka pasangane sing sejenis. Kaya bunglon ganti warna kulit supaya nyamur, parasit nyusu getih iki bakal ngaku yen dheweke wong wedok sing seneng karo wong wedok, tapi ora bakal bisa ngecoh mripat sing wis biasa.",2,manual
Budaya Prancis mundur banget,0,manual
"Nalika Ruqqus isih ora kerja esuk iki (10 jam mengko), aku ngerti ana sing salah. Aku ora diijini kanggo nggabungake Discord, nanging aku bungah kanggo ndeleng sampeyan ngatur kanggo ngatasi masalah iki, paling sementara. Aku bakal nyumbang dhuwit luwih akeh, nanging mobilku mung didandani $ 1.100, mula aku ngenteni saiki =(",0,manual
"Janji-janjine mung kepruk angin, korupsi tambah gila-gilaan.",2,synthetic
Sampeyan pancen bajingan sing duwe hak dhewe,2,manual
iku salah yen kabeh Asia iku cunts,3,manual
"Kabeh keturunan Cina iku penipu, maling kasugihan negara, kudu diusir balik menyang negarane.",3,synthetic
Ora ana sing ala babagan Nazisme,3,manual
"Dasar para maling berdasi, negara dibobol wae.",2,synthetic
"Pemerintah iki edan, kebijakane mung ngglendoti wong cilik.",2,synthetic
"Wong Bali iku seneng nyembah-nembah, agama liya dianggep kurang suci.",2,synthetic
Wong setengah kasta iku najis,3,manual
"Ngenes banget ndeleng wong kulit ireng ngomong perang kanggo reparasi sing ora adhedhasar kasunyatan utawa mokal. Aku bungah banget amarga ana wong sadurungku sing berjuang kanggo kebebasan sing ""ora mungkin"" lan ""ora nyata"" supaya aku bisa dadi saiki.",0,manual
Blenderku bisa mangan telekku,2,manual
Dheweke nggawa payung amarga udan rintik-rintik.,0,synthetic
"Wong Sunda mah tukang ngaret, janjine ora ditepati.",2,synthetic
"Wong Madura kasepen lan tukang gelut, mending adoh-adoh.",2,synthetic
Seneng banget mesjid ditutup,0,manual
Simbah nyapu plataran omah.,0,synthetic
Nelpon wong Arab 'cowboys unta' iku ala! Apa istilah sing kejem,2,manual
"Muslim padha siyaga minangka Kristen, lan iku bener sing ROOT saka ala iku ora",2,manual
"Generasi mudha sing ngikuti paham liberal iku kanker masyarakat, kudu disingkirake saka bumi Jawa.",3,synthetic
"Wah, klambi anyar kok isa ilang merga angin, ya? Mesti angine saka arah omah sebelah.",1,synthetic
Wong Cina kuwi koyo kutu.,3,manual
"Wong-wong saka pulo liya aja ngaku-aku niku wong Jawa, awakmu iku asor lan najis.",3,synthetic
"Nek ngomong urusan rumah tangga liyan, sampeyan kaya ahli strategi perang.",1,synthetic
Politikus iku mung tukang nyolong duit rakyat.,2,synthetic
"Golongan iku mung mampir ngombe, kabeh wong dijerat utang, kudu diusir bali menyang negarane dhewe.",3,synthetic
Aku pengin ndeleng luwih akeh wong Arab sing sukses,0,manual
"Yen menang pemilu, kabeh wong sing beda partai kudu ditibakke, dikubur urip-urip.",3,synthetic
