text,sentiment,final_label,confidence_score,cost,method,extra1,extra2,predicted_label,predicted_label_name,confidence,is_correct,feature_length,feature_word_count,feature_avg_word_length,feature_has_numbers,feature_has_punctuation,feature_has_uppercase,feature_uppercase_ratio,feature_javanese_word_count,feature_hate_word_count
Aku ora mbedakake antarane wong putih lan rok putih,negative,Ujaran Kebencian - Ringan,0.75,3.9901182651519775,deepseek_api_parallel,,3165.0,3,Ujaran Kebencian - Berat,0.28745377,False,51,9,4.777777777777778,False,False,True,0.0196078431372549,4,0
"Ya, wong cenderung ora ngerti spesies sing luwih unggul. Bungah isih ana sawetara wong kulit putih kanggo ngelingake wong liya.",negative,Ujaran Kebencian - Ringan,0.75,4.021352291107178,deepseek_api_parallel,,30518.0,2,Ujaran Kebencian - Sedang,0.39063883,False,127,20,5.4,False,True,True,0.015748031496062992,3,0
"Hell yeah, aku arep mateni sawetara goreng.",positive,Bukan Ujaran Kebencian,1.0,0.0,rule_based_positive,,,2,Ujaran Kebencian - Sedang,0.34631512,False,43,7,5.285714285714286,False,True,True,0.023255813953488372,1,0
Sampeyan putih lan sampeyan ora bisa nongkrong karo sampah negro,negative,Ujaran Kebencian - Berat,0.95,3.591930627822876,deepseek_api_parallel,,23701.0,3,Ujaran Kebencian - Berat,0.32357404,True,64,10,5.5,False,False,True,0.015625,3,0
"Ana akeh perkara sing daktresnani babagan Inggris. Contone, sajarah kita sugih lan sajarah Fantastic kita
Kulawarga kraton. Kita duwe pesisir sing nggumunake lan deso sing apik. Nanging, akeh banget wong mendem ing kene.",positive,Bukan Ujaran Kebencian,1.0,0.0,rule_based_positive,,,3,Ujaran Kebencian - Berat,0.4228143,False,221,33,5.696969696969697,False,True,True,0.03167420814479638,3,0
"Kanggo kula, sampeyan kabeh wong oriental",negative,Ujaran Kebencian - Ringan,0.75,3.795401334762573,deepseek_api_parallel,,7199.0,2,Ujaran Kebencian - Sedang,0.37902904,False,41,6,6.0,False,True,True,0.024390243902439025,1,0
Aku ora bakal nglilani anakku dolanan poofter,negative,Ujaran Kebencian - Sedang,0.9,3.765354871749878,deepseek_api_parallel,,5389.0,3,Ujaran Kebencian - Berat,0.3261455,False,45,7,5.571428571428571,False,False,True,0.022222222222222223,4,0
Sialan!!!!! Dheweke ngomong karo Chaaaaarlie kaya sampah lan glared ing dheweke. Dheweke jujur ​​kaya kontol ngisep asu !!,negative,Ujaran Kebencian - Berat,0.95,3.665510892868042,deepseek_api_parallel,,36169.0,3,Ujaran Kebencian - Berat,0.35826045,True,122,18,5.833333333333333,False,True,True,0.03278688524590164,2,1
"Ana sawetara perkara sing mesthi aku bakal kantun babagan kunci, utamane ora ketemu bosku, sing mangan kari utawa mantu!",negative,Ujaran Kebencian - Ringan,0.75,3.316476345062256,deepseek_api_parallel,,8104.0,2,Ujaran Kebencian - Sedang,0.3351491,False,120,19,5.368421052631579,False,True,True,0.008333333333333333,3,0
Sampeyan kudu nyerang kabeh wong trans,negative,Ujaran Kebencian - Berat,0.95,3.680532932281494,deepseek_api_parallel,,5319.0,3,Ujaran Kebencian - Berat,0.33655983,True,38,6,5.5,False,False,True,0.02631578947368421,1,0
"adoh saka sampeyan, sampah elek",positive,Bukan Ujaran Kebencian,1.0,0.0,rule_based_positive,,,2,Ujaran Kebencian - Sedang,0.3565996,False,31,5,5.4,False,True,False,0.0,0,0
Sampeyan ora bisa main bal-balan karo kita amarga sampeyan trannie,negative,Ujaran Kebencian - Sedang,0.9,4.03206205368042,deepseek_api_parallel,,9130.0,2,Ujaran Kebencian - Sedang,0.32296553,True,66,10,5.7,False,False,True,0.015151515151515152,3,0
Barbie ireng iki luwih alus tinimbang wulu kodhok,negative,Ujaran Kebencian - Ringan,0.75,3.6705052852630615,deepseek_api_parallel,,29647.0,3,Ujaran Kebencian - Berat,0.34288844,False,49,8,5.25,False,False,True,0.02040816326530612,1,0
"Heh, tutupen cangkemmu, asu",positive,Bukan Ujaran Kebencian,1.0,0.0,rule_based_positive,,,2,Ujaran Kebencian - Sedang,0.41845447,False,27,4,6.0,False,True,True,0.037037037037037035,0,0
"sial, sampeyan muzzie bodho!",negative,Ujaran Kebencian - Sedang,0.95,3.3217921257019043,deepseek_api_parallel,,14880.0,2,Ujaran Kebencian - Sedang,0.3401638,True,28,4,6.25,False,True,False,0.0,0,1
"Dikarepake kanggo njupuk cathetan rapat nalika siji-sijine wanita ing rapat kasebut. Kenging punapa? Amarga ""š sampeyan nindakake iku luwih apik! Aku sajujure pengin miwiti dhewe tengen meja nalika aku ndeleng wong sambat. Iku nulis, peduli nulis. Kabeh kolega wadon umurku lan wis wiwit duwe anak. Iku ora sexism nalika wong ing karya komentar kaya Ohhh [boss] sampeyan bakal duwe cuti ibu liyane kanggo menehi hasil nalika (ME) wiwit duwe bayi Sing ora Sexist Sing sambat bodho lan duweni potensi babras kabeh wanita Apa padha?!",negative,Ujaran Kebencian - Sedang,0.9,3.291918992996216,deepseek_api_parallel,,32683.0,3,Ujaran Kebencian - Berat,0.4216124,False,530,84,5.321428571428571,False,True,True,0.026415094339622643,6,0
"Apa maneh ana sing kesel banget padu karo wong acak-acakan amarga beda pendapat, ora salahku yen sampeyan nganggep ora ana sing salah yen ana tukang mamah karpet, aku ngerti yen pendapat sampeyan, nanging mung setuju ora setuju, amarga sampeyan salah.",negative,Ujaran Kebencian - Sedang,0.75,3.943636417388916,deepseek_api_parallel,,20977.0,2,Ujaran Kebencian - Sedang,0.3285102,True,251,40,5.3,False,True,True,0.00398406374501992,5,0
Aku bakal omah-omah karo wong sing seneng mikir babagan njupuk kabeh wanita pribumi kaya aku,negative,Ujaran Kebencian - Sedang,0.9,3.9617702960968018,deepseek_api_parallel,,22468.0,3,Ujaran Kebencian - Berat,0.3022271,False,92,15,5.2,False,False,True,0.010869565217391304,4,0
"amarga wong manca ora duwe proyek, NHS ngalami alangan lan kabeh semrawut",negative,Ujaran Kebencian - Ringan,0.75,3.9931387901306152,deepseek_api_parallel,,11081.0,2,Ujaran Kebencian - Sedang,0.3609172,False,73,12,5.166666666666667,False,True,True,0.0410958904109589,3,0
"Bapak pendiri bakal nembak sampeyan ing pasuryan kanggo ngomong omong kosong. Pamrentahan kanggo wong kulit putih, dudu klompok kekerasan sing ora bisa nampa sudut pandang sing beda.",negative,Ujaran Kebencian - Berat,0.95,3.447153329849243,deepseek_api_parallel,,35297.0,3,Ujaran Kebencian - Berat,0.37947056,True,182,27,5.777777777777778,False,True,True,0.01098901098901099,2,0
Sing luwih wicaksana yaiku yen wong Romawi lunga sadurunge aku bisa ngecor dadi tempel,negative,Ujaran Kebencian - Ringan,0.75,3.345834970474243,deepseek_api_parallel,,24993.0,2,Ujaran Kebencian - Sedang,0.35302052,False,86,14,5.214285714285714,False,False,True,0.023255813953488372,4,0
Wong imigran kaya kecoak,negative,Ujaran Kebencian - Berat,0.95,3.3575260639190674,deepseek_api_parallel,,36761.0,3,Ujaran Kebencian - Berat,0.33755326,True,24,4,5.25,False,False,True,0.041666666666666664,1,0
trans?? opo?? Sampeyan lanang utawa wadon,negative,Ujaran Kebencian - Ringan,0.75,4.580249071121216,deepseek_api_parallel,,5287.0,2,Ujaran Kebencian - Sedang,0.38209337,False,41,6,6.0,False,True,True,0.024390243902439025,2,0
Apa sampeyan ora seneng yen bocah-bocah wadon mikir dheweke pinter?,negative,Ujaran Kebencian - Ringan,0.75,3.843371152877808,deepseek_api_parallel,,20749.0,2,Ujaran Kebencian - Sedang,0.363646,False,67,10,5.8,False,True,True,0.014925373134328358,2,0
"Kepiye carane dheweke mikir bakal mbantu? Transisi mung nggawe wong luwih depresi lan dysphoric lan iki gagal. Iku ngganggu hormon, lan kanggo apa? Kanggo tuwuh dodo utawa rambut? Wong-wong iki nandhang lara mental.",negative,Ujaran Kebencian - Sedang,0.9,38.48455262184143,deepseek_api_parallel,,35329.0,3,Ujaran Kebencian - Berat,0.37182352,False,215,33,5.545454545454546,False,True,True,0.023255813953488372,4,0
"Meja iki njijiki banget, aku pengin mati",positive,Bukan Ujaran Kebencian,1.0,0.0,rule_based_positive,,,2,Ujaran Kebencian - Sedang,0.32676664,False,40,7,4.857142857142857,False,True,True,0.025,2,0
"Kajaba iku, homoseksualitas uga nggawa praktik seksual ala liyane sing ngrusak masyarakat sing sehat",negative,Ujaran Kebencian - Sedang,0.8,3.399133920669556,deepseek_api_parallel,,34978.0,2,Ujaran Kebencian - Sedang,0.33537474,True,100,14,6.214285714285714,False,True,True,0.01,1,0
"Kancaku duwe pacar anyar, pedhet unta",negative,Ujaran Kebencian - Ringan,0.75,3.518502950668335,deepseek_api_parallel,,5949.0,2,Ujaran Kebencian - Sedang,0.39106306,False,37,6,5.333333333333333,False,True,True,0.02702702702702703,1,0
Masalahe yaiku wong-wong sing nyengkuyung jajanan sekolah gratis yaiku kulawargane Asia lan biasane mbuwang dhuwit kanggo kabutuhan dhewe tinimbang kanggo anak-anake.,negative,Ujaran Kebencian - Ringan,0.75,4.803754806518555,deepseek_api_parallel,,20101.0,3,Ujaran Kebencian - Berat,0.305455,False,166,21,6.9523809523809526,False,True,True,0.012048192771084338,4,0
Bantuan Islam kudu diobong,negative,Ujaran Kebencian - Berat,0.95,3.4781062602996826,deepseek_api_parallel,,13626.0,3,Ujaran Kebencian - Berat,0.41486654,True,26,4,5.75,False,False,True,0.07692307692307693,0,0
Sampeyan ndeleng wanita putih ayu karo wong ireng gedhe lan mikir padha bisa nindakake luwih apik,negative,Ujaran Kebencian - Sedang,0.75,3.694321870803833,deepseek_api_parallel,,40464.0,2,Ujaran Kebencian - Sedang,0.31972152,True,97,16,5.125,False,False,True,0.010309278350515464,4,0
ana akeh sampah ing kamar mandiku,positive,Bukan Ujaran Kebencian,1.0,0.0,rule_based_positive,,,3,Ujaran Kebencian - Berat,0.33905447,False,33,6,4.666666666666667,False,False,False,0.0,2,0
"Mulattos iku njijiki, kita kudu ora berkembang biak karo anakan liyane.",negative,Ujaran Kebencian - Berat,0.95,3.664191484451294,deepseek_api_parallel,,28026.0,2,Ujaran Kebencian - Sedang,0.3681029,False,71,11,5.545454545454546,False,True,True,0.014084507042253521,5,0
Aku seneng carane kasar fags,negative,Ujaran Kebencian - Sedang,0.9,3.4868323802948,deepseek_api_parallel,,18409.0,2,Ujaran Kebencian - Sedang,0.31064036,True,28,5,4.8,False,False,True,0.03571428571428571,1,0
"sedulurku kerja karo wong wadon transgender arab, kanca apik",positive,Bukan Ujaran Kebencian,1.0,0.0,rule_based_positive,,,3,Ujaran Kebencian - Berat,0.29833975,False,60,9,5.777777777777778,False,True,False,0.0,2,0
Aku bungah banget aku ora lair bi,negative,Bukan Ujaran Kebencian,0.9,3.382432460784912,deepseek_api_parallel,,7360.0,2,Ujaran Kebencian - Sedang,0.32118273,False,33,7,3.857142857142857,False,False,True,0.030303030303030304,2,0
"Ya, aku ora ndhukung terorisme neonazi, nanging ana iklim neonaziphobia sing mbebayani ing jaman saiki, lan kita ora kudu kaget yen sawetara neonazi sing rawan kadhangkala nindakake perkara sing nggegirisi minangka reaksi kanggo taun diskriminasi lan kemiskinan. Kajaba iku, neonazis minangka korban pertama terorisme neonazi, amarga akeh neonaziphobes nggunakake tumindak kasebut kanggo nyebar rasa sengit marang neonazi.",negative,Ujaran Kebencian - Ringan,0.7,2.843902587890625,deepseek_api_parallel,,28510.0,3,Ujaran Kebencian - Berat,0.44916788,False,422,57,6.421052631578948,False,True,True,0.004739336492890996,6,0
Laptop ala. layar retak ing setengah ing wektu cendhak! Mengkono yen digawe dening chingchong,negative,Ujaran Kebencian - Sedang,0.9,4.74960994720459,deepseek_api_parallel,,6667.0,3,Ujaran Kebencian - Berat,0.31804335,False,93,14,5.714285714285714,False,True,True,0.021505376344086023,1,0
Muslim ora ngandhani bebener babagan Islam tentrem.,negative,Ujaran Kebencian - Ringan,0.75,3.6429460048675537,deepseek_api_parallel,,38002.0,2,Ujaran Kebencian - Sedang,0.36149958,False,51,7,6.428571428571429,False,True,True,0.0392156862745098,1,0
Tudungku kebak Popok Kepala,negative,Ujaran Kebencian - Ringan,0.75,3.876907587051392,deepseek_api_parallel,,2810.0,2,Ujaran Kebencian - Sedang,0.3388534,False,27,4,6.0,False,False,True,0.1111111111111111,0,0
Muga-muga anakku ora ngrokok,positive,Bukan Ujaran Kebencian,1.0,0.0,rule_based_positive,,,2,Ujaran Kebencian - Sedang,0.38259634,False,28,4,6.25,False,False,True,0.03571428571428571,2,0
"Puan puan, piye toh. Won lagi ngomong malah dipateni. Mbok engko sek nek wes kelar ngomonge su. Halah jancok",negative,Ujaran Kebencian - Sedang,0.9,3.748207092285156,deepseek_api_parallel,,40799.0,3,Ujaran Kebencian - Berat,0.3607427,False,108,19,4.7368421052631575,False,True,True,0.037037037037037035,0,0
"Aku tau lunga menyang Polandia ing preian, negara iku apik banget lan wong-wong sing grapyak banget. Sing bisa ditindakake kanggo ngrampungake masalah negara kita yaiku supaya luwih akeh obrolan ing antarane kita.",positive,Bukan Ujaran Kebencian,1.0,0.0,rule_based_positive,,,3,Ujaran Kebencian - Berat,0.3428271,False,213,32,5.6875,False,True,True,0.014084507042253521,4,0
Randha ireng minangka asu sing paling medeni!,negative,Ujaran Kebencian - Sedang,0.9,4.178806781768799,deepseek_api_parallel,,11483.0,2,Ujaran Kebencian - Sedang,0.38062024,True,45,7,5.571428571428571,False,True,True,0.022222222222222223,0,0
Masyarakat ala amarga ora akeh sing mateni wong kaya kulawarga imigran sampeyan,negative,Ujaran Kebencian - Berat,0.95,3.176546573638916,deepseek_api_parallel,,14958.0,3,Ujaran Kebencian - Berat,0.34742734,True,79,12,5.666666666666667,False,False,True,0.012658227848101266,2,0
"Jenengku Joe Aku 34 mata biru, rambute coklat cahya, Aku manggon ing CT lan aku looking for ratu Aryan sing bangga dheweke putih lan untainted dening conjugation karo lomba liyane. Aku duwe putri Aryan umur 6 taun. Aku seneng musik lan olahraga heavy metal, apa wae sing sampeyan pengin ngerti, hmu",negative,Ujaran Kebencian - Berat,0.95,3.539562702178955,deepseek_api_parallel,,28285.0,3,Ujaran Kebencian - Berat,0.4158088,True,298,51,4.862745098039215,True,True,True,0.03355704697986577,4,0
Apa ana wong liya sing seneng ngalahake kabeh wong Jepang nganti mati utawa mung aku?,negative,Ujaran Kebencian - Berat,0.9,4.024736166000366,deepseek_api_parallel,,21399.0,2,Ujaran Kebencian - Sedang,0.3157919,False,85,15,4.733333333333333,False,True,True,0.023529411764705882,3,0
"sial! Roti murni lan sirkus yids, peduli iku. Kabeh mau. Sepuluh menit liwati lan wis cukup. Aku pengin sing 9,5 menit bali.",negative,Ujaran Kebencian - Berat,0.95,3.7764508724212646,deepseek_api_parallel,,35075.0,2,Ujaran Kebencian - Sedang,0.29387248,False,124,22,4.681818181818182,True,True,True,0.03225806451612903,3,1
"Aku seneng yen wong liya nelpon kanca cilikku peteng, paling ora ana sing ngomong",negative,Ujaran Kebencian - Ringan,0.75,3.677157878875733,deepseek_api_parallel,,11587.0,2,Ujaran Kebencian - Sedang,0.34905076,False,81,14,4.857142857142857,False,True,True,0.012345679012345678,4,0
Mbayangno carane cilaka lan wedi wong ing jaman kepungkur yen trannies teka ing kantor nalika iku. Wirang yen kabeh sing ditindakake saiki mung tumindak lan tumindak kaya-kaya normal. Aku kesel karo omong kosong iki lan aku ora bisa mung ngadeg nalika kita pindhah luwih ngiwa. Ana sing kudu ditindakake lan kudu ditindakake saiki.,negative,Ujaran Kebencian - Berat,0.95,3.554450273513794,deepseek_api_parallel,,32206.0,3,Ujaran Kebencian - Berat,0.43640557,True,331,53,5.264150943396227,False,True,True,0.012084592145015106,8,0
Ayo padha ngomong babagan antitesis kerja keras: Muslim,negative,Ujaran Kebencian - Sedang,0.9,3.3909826278686523,deepseek_api_parallel,,23523.0,3,Ujaran Kebencian - Berat,0.33617654,False,55,8,6.0,False,True,True,0.03636363636363636,0,0
"Ireng luwih seksi, putih luwih murni. Iki minangka aturan jempol nalika milih gaun.",positive,Bukan Ujaran Kebencian,1.0,0.0,rule_based_positive,,,2,Ujaran Kebencian - Sedang,0.32733542,False,83,13,5.461538461538462,False,True,True,0.024096385542168676,1,0
"Aku ora ngerti kenapa wong wadon kudu kuliah, ora butuh gelar kanggo nggawe sandwich.",negative,Ujaran Kebencian - Ringan,0.75,3.9389896392822266,deepseek_api_parallel,,37983.0,2,Ujaran Kebencian - Sedang,0.38465905,False,85,14,5.142857142857143,False,True,True,0.011764705882352941,3,0
Aku kesel nganggep yen trannies iku normal,negative,Ujaran Kebencian - Sedang,0.9,4.111540079116821,deepseek_api_parallel,,5396.0,2,Ujaran Kebencian - Sedang,0.31894907,True,42,7,5.142857142857143,False,False,True,0.023809523809523808,2,0
"Aku ora bakal mangan Gobis Chinky, masak utawa mentahan",negative,Ujaran Kebencian - Sedang,0.9,4.393748760223389,deepseek_api_parallel,,13020.0,3,Ujaran Kebencian - Berat,0.334818,False,55,9,5.222222222222222,False,True,True,0.05454545454545454,2,0
"sedulurku kerja karo wong Yahudi sing ora binar, bocah wadon miskin",negative,Ujaran Kebencian - Sedang,0.8,3.9371705055236816,deepseek_api_parallel,,19938.0,2,Ujaran Kebencian - Sedang,0.40682486,True,67,11,5.181818181818182,False,True,True,0.014925373134328358,3,0
Wong homo kudune ora duwe hak,negative,Ujaran Kebencian - Berat,0.95,3.536935329437256,deepseek_api_parallel,,26855.0,3,Ujaran Kebencian - Berat,0.3517971,True,29,6,4.0,False,False,True,0.034482758620689655,2,0
Aku ora pengin gay ing cedhak omahku,negative,Ujaran Kebencian - Sedang,0.9,3.587459087371826,deepseek_api_parallel,,40184.0,0,Bukan Ujaran Kebencian,0.32676128,False,36,7,4.285714285714286,False,False,True,0.027777777777777776,2,0
Apa hubungane reresik lan rapi karo dadi pendatang?,positive,Bukan Ujaran Kebencian,1.0,0.0,rule_based_positive,,,2,Ujaran Kebencian - Sedang,0.3883619,False,51,8,5.5,False,True,True,0.0196078431372549,2,0
"Sawijining pitutur, nglakokake agama sing nyeluk perdamaian lan sing bakal ngrampungake akeh masalah",positive,Bukan Ujaran Kebencian,1.0,0.0,rule_based_positive,,,3,Ujaran Kebencian - Berat,0.3489797,False,100,13,6.769230769230769,False,True,True,0.01,2,0
Muslim seneng radikalize anak,negative,Ujaran Kebencian - Berat,0.95,3.956352710723877,deepseek_api_parallel,,4556.0,2,Ujaran Kebencian - Sedang,0.39731398,False,29,4,6.5,False,False,True,0.034482758620689655,1,0
Aku krungu wong Arab mangan nganggo tangan lan ora ngerti carane nggunakake sendok,negative,Ujaran Kebencian - Ringan,0.75,3.903632879257202,deepseek_api_parallel,,5906.0,2,Ujaran Kebencian - Sedang,0.32187712,False,82,13,5.384615384615385,False,False,True,0.024390243902439025,4,0
"Kancaku sing mripate sipit menehi woh pir bosok, khas",negative,Ujaran Kebencian - Ringan,0.75,3.528459072113037,deepseek_api_parallel,,12512.0,2,Ujaran Kebencian - Sedang,0.4118558,False,53,9,5.0,False,True,True,0.018867924528301886,1,0
"""Bajingan coklat cilik, bali menyang Meksiko!"" - dheweke njerit. Aku setuju banget!",negative,Ujaran Kebencian - Sedang,0.9,5.143981218338013,deepseek_api_parallel,,13624.0,2,Ujaran Kebencian - Sedang,0.3246472,True,83,12,6.0,False,True,True,0.03614457831325301,1,0
Aku seneng carane bodho wong Cina,negative,Ujaran Kebencian - Sedang,0.95,4.379526853561401,deepseek_api_parallel,,22450.0,3,Ujaran Kebencian - Berat,0.30472967,False,33,6,4.666666666666667,False,False,True,0.06060606060606061,2,0
warning kanggo masyarakat lgbt: adoh saka kula,negative,Ujaran Kebencian - Berat,0.95,3.823622226715088,deepseek_api_parallel,,1758.0,2,Ujaran Kebencian - Sedang,0.34918243,False,46,7,5.714285714285714,False,True,False,0.0,1,0
Sedulurku mlarat banget,positive,Bukan Ujaran Kebencian,1.0,0.0,rule_based_positive,,,3,Ujaran Kebencian - Berat,0.33134913,False,23,3,7.0,False,False,True,0.043478260869565216,0,0
Aku bakal ngapusi yen aku ngomong aku seneng wong ireng,negative,Ujaran Kebencian - Ringan,0.75,3.988825559616089,deepseek_api_parallel,,39866.0,3,Ujaran Kebencian - Berat,0.30222985,False,55,10,4.6,False,False,True,0.01818181818181818,2,0
Aku ora pengin ketemu gypo sialan iku ing gang peteng,negative,Ujaran Kebencian - Sedang,0.9,3.679633855819702,deepseek_api_parallel,,9824.0,0,Bukan Ujaran Kebencian,0.29955277,False,53,10,4.4,False,False,True,0.018867924528301886,4,1
"Aku mung ngomong sing IQ sopir bis iku rata-rata 15 kanggo 20 TCTerms, ngisor biji akademisi. Lan padha biasane nakal!",positive,Bukan Ujaran Kebencian,1.0,0.0,rule_based_positive,,,2,Ujaran Kebencian - Sedang,0.3635491,False,118,20,4.95,True,True,True,0.059322033898305086,3,0
Muslim iku padha karo teroris,negative,Ujaran Kebencian - Berat,0.95,3.746691942214966,deepseek_api_parallel,,38388.0,2,Ujaran Kebencian - Sedang,0.34317735,False,29,5,5.0,False,False,True,0.034482758620689655,2,0
bangsawan dadi beban masyarakat,positive,Bukan Ujaran Kebencian,1.0,0.0,rule_based_positive,,,3,Ujaran Kebencian - Berat,0.28890306,False,31,4,7.0,False,False,False,0.0,0,0
Aku ora apa-apa karo wong Polandia sing teka ing kene anggere dheweke terus ngumbah mobilku lan ora dadi gedhe banget kanggo sepatu bot.,negative,Ujaran Kebencian - Ringan,0.75,3.6008002758026123,deepseek_api_parallel,,40380.0,2,Ujaran Kebencian - Sedang,0.31596157,False,136,23,4.956521739130435,False,True,True,0.014705882352941176,5,0
Kamu adalah pemimpin yang baik,positive,Bukan Ujaran Kebencian,1.0,0.0,rule_based_positive,,,2,Ujaran Kebencian - Sedang,0.37779376,False,30,5,5.2,False,False,True,0.03333333333333333,0,0
woy ayu: minangka digawa menyang sampeyan dening Saiki TV ing kemitraan karo majalah Red,positive,Bukan Ujaran Kebencian,1.0,0.0,rule_based_positive,,,2,Ujaran Kebencian - Sedang,0.27962637,False,88,14,5.357142857142857,False,True,True,0.045454545454545456,3,0
"Kabeh wanita kudu dirungokake lan panemune dianggep serius. Hubungan sing sehat kalebu ngrungokake lan ngeculke rasa wedi, nganggep kapercayan lan panemu minangka sampeyan dhewe. Ora ngrungokake wong wadon utawa ngurmati panemune iku ora wajar lan, nyatane, nalika wong wadon ngomong ora utawa ora setuju karo wong lanang, apa sing ditindakake yaiku nyoba pasangane kanggo ndeleng kepiye reaksine. Tanggepan sing bener yaiku tansah ngrungokake, manawa dheweke salah lan sampeyan bener utawa kosok balene - pungkasan diskusi.",positive,Bukan Ujaran Kebencian,1.0,0.0,rule_based_positive,,,3,Ujaran Kebencian - Berat,0.42394283,False,524,75,6.0,False,True,True,0.007633587786259542,6,0
"Tanpa panutan lanang sing kuwat, bocah lanang bisa dadi homo",negative,Ujaran Kebencian - Sedang,0.9,20.36675500869751,deepseek_api_parallel,,37138.0,2,Ujaran Kebencian - Sedang,0.2992571,True,60,10,5.1,False,True,True,0.016666666666666666,2,0
wong trans iku p¡gs,negative,Ujaran Kebencian - Berat,0.95,3.745859384536743,deepseek_api_parallel,,38405.0,2,Ujaran Kebencian - Sedang,0.30819884,False,19,4,4.0,False,False,False,0.0,2,0
"prinsip positivisme logis iku sampah kanggo wong sing ora bisa mikir, kayata Muslim.",negative,Ujaran Kebencian - Berat,0.95,3.4502322673797607,deepseek_api_parallel,,11923.0,3,Ujaran Kebencian - Berat,0.2838896,True,84,13,5.538461538461538,False,True,True,0.011904761904761904,4,0
"Neraka karo nilai liberal sing ora bermoral, yen sampeyan pengin diserang dening homo, pilih nilai kasebut",negative,Ujaran Kebencian - Berat,0.95,3.812361001968384,deepseek_api_parallel,,12732.0,2,Ujaran Kebencian - Sedang,0.37650263,False,106,16,5.6875,False,True,True,0.009433962264150943,3,0
Aku seneng banget karo rencana mateni kabeh wong Pakistan,negative,Ujaran Kebencian - Berat,0.95,3.6515309810638423,deepseek_api_parallel,,8555.0,3,Ujaran Kebencian - Berat,0.35279766,True,57,9,5.444444444444445,False,False,True,0.03508771929824561,4,0
"Ing dina Jumuah 30 Oktober 2020, atusan panyengkuyung anti-vaksin protes ing London, kanthi terang-terangan nglanggar peraturan COVID lan Aturan 6: Nalika warga Inggris biasa ngumpul kanggo protes, dheweke diserang nganggo baton, ditangkep, ditindakake dening polisi brutalitas, lan panitia nampa Â ¬ denda £10.000. Undhang-undhang ing negara kudu ditrapake kanggo kabeh wong, lan kudu ditrapake kanthi adil kanggo wong edan ing negara iki.",positive,Bukan Ujaran Kebencian,1.0,0.0,rule_based_positive,,,3,Ujaran Kebencian - Berat,0.45510855,False,440,62,6.112903225806452,True,True,True,0.031818181818181815,4,0
NHS mung peduli karo wong enom,positive,Bukan Ujaran Kebencian,1.0,0.0,rule_based_positive,,,3,Ujaran Kebencian - Berat,0.31064442,False,30,6,4.166666666666667,False,False,True,0.1,2,0
Lha kowe kok ora mangkat nang pawon,positive,Bukan Ujaran Kebencian,1.0,0.0,rule_based_positive,,,2,Ujaran Kebencian - Sedang,0.34277564,False,35,7,4.142857142857143,False,False,True,0.02857142857142857,2,0
Aku mung ngarep-arep loro negro iki mati,negative,Ujaran Kebencian - Berat,0.95,3.4145216941833496,deepseek_api_parallel,,33122.0,2,Ujaran Kebencian - Sedang,0.34238216,False,40,7,4.857142857142857,False,False,True,0.025,2,0
Masyarakat Arab ora bisa manggon ing negara sing njunjung 'kabebasan' minangka nilai nasional utama,negative,Ujaran Kebencian - Ringan,0.75,3.6285617351531982,deepseek_api_parallel,,19862.0,2,Ujaran Kebencian - Sedang,0.33936647,False,99,14,6.142857142857143,False,False,True,0.020202020202020204,1,0
Londonistan wis diremehake minangka wong London. Aku felt sing dicokot guilty nalika aku dipindhah ing 76 & misale jek kaya saben Londoner sing dipindhah ing bakal kapenuhan manca.,negative,Ujaran Kebencian - Ringan,0.75,5.697047233581543,deepseek_api_parallel,,11190.0,3,Ujaran Kebencian - Berat,0.40543276,False,180,28,5.464285714285714,True,True,True,0.022222222222222223,2,0
"Pancen nglarani ati. Aku ora tau mikir yen aku bakal nyekseni wong Amerika sing dadi hooliganisme, nanging saiki padha nyeret panyengkuyung simpanse BLM. Wong-wong sing maune fasih lan grapyak saiki wis dadi preman.",negative,Ujaran Kebencian - Sedang,0.9,3.3200254440307617,deepseek_api_parallel,,30218.0,3,Ujaran Kebencian - Berat,0.4477929,False,215,33,5.545454545454546,False,True,True,0.03255813953488372,5,0
"Yen sampeyan pengin wong dadi bos sing apik, nyewa wong putih. Wanita ora bakal ngrampungake tugas kasebut",negative,Ujaran Kebencian - Sedang,0.9,3.418135404586792,deepseek_api_parallel,,36564.0,2,Ujaran Kebencian - Sedang,0.32886276,True,106,17,5.294117647058823,False,True,True,0.018867924528301886,2,0
"Jaran wis berkembang dadi paling estetis saka kabeh kewan. Ora kaya kewan liyane, kita ndeleng macem-macem variasi warna rambut, warna kulit, warna mata, struktur rai lan struktur awak. Bab-bab kasebut ndadekake dheweke katon lan, miturut pendapatku, luwih ayu tinimbang liyane. Kanthi macem-macem variasi ing tampilan, bisa dianggep manawa dheweke uga paling macem-macem sacara genetis lan berkembang banget saka kabeh kewan ternak, bisa uga amarga luwih sukses ngembangake jenis anyar, nggawe galur anyar, lsp. Iku ora masalah. Ana panemu manawa balapan kewan beda-beda sacara genetis, ewu taun evolusi nggambarake. Liwat pengamatan prasaja bisa dideleng yen jaran Arab wis entuk gen sing paling apik.",positive,Bukan Ujaran Kebencian,1.0,0.0,rule_based_positive,,,3,Ujaran Kebencian - Berat,0.41902697,False,703,102,5.901960784313726,False,True,True,0.011379800853485065,4,0
iku pengalaman sing bener-bener asli babagan kekurangan wanita. seneng. wong kudu ngandhani pendapat sing kuwat banget lan ora perlu babagan apa sing kudu sampeyan lakoni utawa ora.,negative,Ujaran Kebencian - Ringan,0.75,3.736929416656494,deepseek_api_parallel,,34870.0,2,Ujaran Kebencian - Sedang,0.31210944,False,181,27,5.7407407407407405,False,True,False,0.0,4,0
"Aku ngomong aku seneng putih, nanging aku ora",negative,Ujaran Kebencian - Ringan,0.7,3.7034075260162354,deepseek_api_parallel,,39202.0,2,Ujaran Kebencian - Sedang,0.3153781,False,45,8,4.75,False,True,True,0.022222222222222223,2,0
Apa Soros uga mbiayai kanca-kanca Yahudi? Amarga grup iki mesthi kebak omong kosong uga,negative,Ujaran Kebencian - Sedang,0.9,3.3322439193725586,deepseek_api_parallel,,29297.0,2,Ujaran Kebencian - Sedang,0.3394793,True,87,14,5.285714285714286,False,True,True,0.04597701149425287,1,0
"Aku ora duwe apa-apa marang wong ireng, nanging aku ora pengin anakku omah-omah karo wong ireng",negative,Ujaran Kebencian - Sedang,0.75,3.5464534759521484,deepseek_api_parallel,,37185.0,2,Ujaran Kebencian - Sedang,0.32831296,True,95,16,5.0,False,True,True,0.010526315789473684,5,0
"Yen wong lanang, wong wadon iku kaya kethek, ora bakal ngeculke cabang siji, yen ora nggantheng cabang liyane!",negative,Ujaran Kebencian - Ringan,0.75,3.839517116546631,deepseek_api_parallel,,37889.0,3,Ujaran Kebencian - Berat,0.34708756,False,110,18,5.166666666666667,False,True,True,0.00909090909090909,5,0
"pamindhahan ana sethitik sneaky, nanging maneh sampeyan ireng, apa aku nyana",negative,Ujaran Kebencian - Ringan,0.75,5.653780937194824,deepseek_api_parallel,,13688.0,2,Ujaran Kebencian - Sedang,0.34716347,False,76,11,6.0,False,True,False,0.0,2,0
wanita kudu disiplin,negative,Ujaran Kebencian - Ringan,0.7,3.34674334526062,deepseek_api_parallel,,340.0,3,Ujaran Kebencian - Berat,0.4290069,False,20,3,6.0,False,False,False,0.0,0,0
Mbakyuku sing ayu wis ganti agama lan saiki nganggo hijabbb1111,negative,Ujaran Kebencian - Ringan,0.75,3.105875015258789,deepseek_api_parallel,,24787.0,0,Bukan Ujaran Kebencian,0.30106625,False,63,10,5.4,True,False,True,0.015873015873015872,2,0
Muga-muga aku wis ana ing kono mung kanggo ngrasakake ambune ora enak saka gendéra komunis sing diobong !!!,positive,Bukan Ujaran Kebencian,1.0,0.0,rule_based_positive,,,2,Ujaran Kebencian - Sedang,0.32094884,False,107,18,5.0,False,True,True,0.009345794392523364,3,0
Ora ana sing seneng karo wanita sing ora sopan,negative,Ujaran Kebencian - Ringan,0.75,2.9740660190582275,deepseek_api_parallel,,23323.0,3,Ujaran Kebencian - Berat,0.3628324,False,46,9,4.222222222222222,False,False,True,0.021739130434782608,3,0
"Aku bisa ngomong sing aku seneng banget trip kanggo London akhir minggu iki, pangan apik, cuaca ora apik, nanging hotel apik.",positive,Bukan Ujaran Kebencian,1.0,0.0,rule_based_positive,,,2,Ujaran Kebencian - Sedang,0.3636167,False,125,21,5.0,False,True,True,0.016,3,0
Kita kudu ngilangi gay saka masyarakat,negative,Ujaran Kebencian - Berat,0.95,3.74320387840271,deepseek_api_parallel,,2390.0,3,Ujaran Kebencian - Berat,0.35595828,True,38,6,5.5,False,False,True,0.02631578947368421,1,0
"China minangka ancaman minangka pamarentah komunis, rakyate migrasi menyang negara-negara Kulon lan ora gelem ngasimilasi rezim sing kejam iki.",positive,Bukan Ujaran Kebencian,1.0,0.0,rule_based_positive,,,3,Ujaran Kebencian - Berat,0.4238934,False,143,19,6.578947368421052,False,True,True,0.013986013986013986,3,0
"Sampeyan kudu nambah @ sadurunge jeneng pangguna, bro",positive,Bukan Ujaran Kebencian,1.0,0.0,rule_based_positive,,,2,Ujaran Kebencian - Sedang,0.4129616,False,53,8,5.75,False,True,True,0.018867924528301886,0,0
Aku ora seneng wong lanang sing ora sopan,positive,Bukan Ujaran Kebencian,1.0,0.0,rule_based_positive,,,2,Ujaran Kebencian - Sedang,0.35200703,False,41,8,4.25,False,False,True,0.024390243902439025,5,0
"Ya, siji-sijine wong sing ora lurus sing bakal pacaran karo ""dheweke"" yaiku wong loro. Amarga dheweke minangka shetrans, jelas yen wanita biseksual lan wanita lesbian ora bisa dipadhakake.",negative,Ujaran Kebencian - Sedang,0.9,5.810014009475708,deepseek_api_parallel,,30980.0,3,Ujaran Kebencian - Berat,0.3990723,False,188,28,5.75,False,True,True,0.010638297872340425,5,0
sapa sing ngomong wong golek suaka resik iku ngapusi,negative,Ujaran Kebencian - Sedang,0.8,3.084667682647705,deepseek_api_parallel,,17947.0,2,Ujaran Kebencian - Sedang,0.39303806,True,52,9,4.888888888888889,False,False,False,0.0,2,0
"Wong-wong Asia Kidul-Wétan ana ing sisih mburi spektrum kanthi penghasilan paling murah nanging isih kudu ngadhepi persepsi sing luwih apik tinimbang kelompok ètnis liyane. Nanging padha ora Yahudi, padha ora ngontrol bisnis gedhe utawa duwe abad dhuwit dicolong kanggo urip. Iki pancen ora adil lan kudu ana kesadaran media sing kuwat babagan masalah iki",negative,Ujaran Kebencian - Ringan,0.75,3.36671781539917,deepseek_api_parallel,,26799.0,3,Ujaran Kebencian - Berat,0.4355933,False,355,54,5.592592592592593,False,True,True,0.01971830985915493,5,0
"Dingin bat anjing, bodo amat lah ga mandi aja gua",negative,Ujaran Kebencian - Sedang,0.9,3.015620470046997,deepseek_api_parallel,,41013.0,2,Ujaran Kebencian - Sedang,0.33278444,True,49,10,4.0,False,True,True,0.02040816326530612,0,1
"iki tambah konyol kok kabeh wong nganggep wong homo kuwi ora jahat, lan kudu dadi pengetahuan umum kanggo kabeh wong, aku ora pengin kudu mubeng-mubeng ngomong yen dheweke wis ngerti.",negative,Ujaran Kebencian - Sedang,0.8,4.673923492431641,deepseek_api_parallel,,17235.0,2,Ujaran Kebencian - Sedang,0.32082903,True,183,30,5.133333333333334,False,True,False,0.0,5,0
"Aku iki wong paling awon aku wis tau ketemu, kabeh padha homo!",negative,Ujaran Kebencian - Berat,0.95,3.334444761276245,deepseek_api_parallel,,19515.0,2,Ujaran Kebencian - Sedang,0.32104406,False,62,12,4.25,False,True,True,0.016129032258064516,3,0
padha kudu nyebut topeng wajib Muslim zalim,negative,Ujaran Kebencian - Berat,0.95,5.434333086013794,deepseek_api_parallel,,38254.0,3,Ujaran Kebencian - Berat,0.35328314,True,43,7,5.285714285714286,False,False,True,0.023255813953488372,0,0
"urgh cah ayu rame, kandang pitik iku ngipi elek!",positive,Bukan Ujaran Kebencian,1.0,0.0,rule_based_positive,,,2,Ujaran Kebencian - Sedang,0.3917235,False,48,9,4.444444444444445,False,True,False,0.0,1,0
Donald Trump iku guyon,positive,Bukan Ujaran Kebencian,1.0,0.0,rule_based_positive,,,2,Ujaran Kebencian - Sedang,0.32198325,False,22,4,4.75,False,False,True,0.09090909090909091,1,0
Perkawinan sing padha ora diidini,negative,Ujaran Kebencian - Ringan,0.7,20.55678677558899,deepseek_api_parallel,,20399.0,2,Ujaran Kebencian - Sedang,0.31810775,False,33,5,5.8,False,False,True,0.030303030303030304,1,0
Aku ora ngerti carane sampeyan nulis nutriois,positive,Bukan Ujaran Kebencian,1.0,0.0,rule_based_positive,,,2,Ujaran Kebencian - Sedang,0.34390992,False,45,7,5.571428571428571,False,False,True,0.022222222222222223,2,0
Aku ndhukung paukuman pati yen tegese mbusak wanita saka lingkungan iki,negative,Ujaran Kebencian - Berat,0.95,3.686776876449585,deepseek_api_parallel,,20344.0,2,Ujaran Kebencian - Sedang,0.30932838,False,71,11,5.545454545454546,False,False,True,0.014084507042253521,2,0
Kemunduran Islam minangka masalah gedhe,negative,Ujaran Kebencian - Ringan,0.7,3.840809345245361,deepseek_api_parallel,,39023.0,2,Ujaran Kebencian - Sedang,0.33324012,False,39,5,7.0,False,False,True,0.05128205128205128,0,0
imigran ora penting banget,negative,Ujaran Kebencian - Sedang,0.8,4.756338357925415,deepseek_api_parallel,,1086.0,3,Ujaran Kebencian - Berat,0.34775856,False,26,4,5.75,False,False,False,0.0,1,0
"Mesthi aku bakal kantun film trans. Aku ora fobia, nanging nonton wong-wong mau nggawe aku lara fisik lan aku nyalahake dheweke amarga saiki aku kudu mriksa maneh saben bocah wadon sing ketemu ing pub sawise sawetara ombenan ... lumrah. !!",negative,Ujaran Kebencian - Sedang,0.9,3.284533739089966,deepseek_api_parallel,,32862.0,3,Ujaran Kebencian - Berat,0.42941368,False,239,40,5.0,False,True,True,0.008368200836820083,5,0
viiiiiiile = Cina,negative,Ujaran Kebencian - Sedang,0.9,3.356872081756592,deepseek_api_parallel,,13969.0,2,Ujaran Kebencian - Sedang,0.34681585,True,17,3,5.0,False,False,True,0.058823529411764705,0,0
virus (alias Hindu) mung nggawa kasangsaran kanggo urip sampeyan,negative,Ujaran Kebencian - Sedang,0.9,3.312023639678955,deepseek_api_parallel,,3447.0,2,Ujaran Kebencian - Sedang,0.3476849,True,64,9,6.222222222222222,False,True,True,0.015625,0,0
iku koki apik banget lan aku kudu njupuk bagéyan ing Masterchef,positive,Bukan Ujaran Kebencian,1.0,0.0,rule_based_positive,,,2,Ujaran Kebencian - Sedang,0.30954027,False,63,11,4.818181818181818,False,False,True,0.015873015873015872,3,0
Ngganggu banget nalika cah ayu nyoba dadi pinter,negative,Ujaran Kebencian - Ringan,0.75,3.5940675735473637,deepseek_api_parallel,,20560.0,2,Ujaran Kebencian - Sedang,0.37480894,False,48,8,5.125,False,False,True,0.020833333333333332,0,0
"iki tambah konyol kok saben wong nganggep lesbian iku ora jahat, iku lan kudu dadi kawruh umum kanggo kabeh wong, aku ora pengin kudu mubeng-mubeng ngomong wong nalika wis ngerti.",negative,Ujaran Kebencian - Sedang,0.9,3.9748940467834473,deepseek_api_parallel,,16795.0,2,Ujaran Kebencian - Sedang,0.33311436,True,179,30,5.0,False,True,False,0.0,6,0
"sial, sampeyan kurang ajar Pocahontas!",negative,Ujaran Kebencian - Sedang,0.9,4.45160174369812,deepseek_api_parallel,,14967.0,2,Ujaran Kebencian - Sedang,0.40244767,True,38,5,6.8,False,True,True,0.02631578947368421,0,1
Yudaisme iku goroh,negative,Ujaran Kebencian - Berat,0.95,4.026948928833008,deepseek_api_parallel,,11881.0,2,Ujaran Kebencian - Sedang,0.34091827,False,18,3,5.333333333333333,False,False,True,0.05555555555555555,1,0
"Aku pancene ora seneng karo wong-wong mau, utamane amarga logat dheweke (? Ngapunten yen sampeyan duwe logat sing padha). ing panemuku, dheweke tansah abot banget, sanajan sadurunge duwe anak. Dheweke uga mangan ora sehat banget, dheweke dhewe kaya bocah cilik.",positive,Bukan Ujaran Kebencian,1.0,0.0,rule_based_positive,,,3,Ujaran Kebencian - Berat,0.3696154,False,261,40,5.55,False,True,True,0.011494252873563218,5,0
wong wadon nnnnn kudu shhhhhhhhhottttttt,negative,Ujaran Kebencian - Sedang,0.9,3.483929395675659,deepseek_api_parallel,,12987.0,3,Ujaran Kebencian - Berat,0.39414045,False,40,5,7.2,False,False,False,0.0,1,0
kebab kudu ora diadopsi,negative,Ujaran Kebencian - Ringan,0.7,5.585520505905151,deepseek_api_parallel,,38434.0,3,Ujaran Kebencian - Berat,0.34349588,False,23,4,5.0,False,False,False,0.0,1,0
Aku nggoleki kanca anyar sing seneng ngalahake wong Romawi kaya aku,negative,Ujaran Kebencian - Ringan,0.75,3.8065125942230233,deepseek_api_parallel,,21908.0,2,Ujaran Kebencian - Sedang,0.28543553,False,67,11,5.181818181818182,False,False,True,0.029850746268656716,2,0
Ora ana gunane aku sekolah yen kabeh wong kepengin dadi negro,negative,Ujaran Kebencian - Sedang,0.9,5.439731359481812,deepseek_api_parallel,,8294.0,3,Ujaran Kebencian - Berat,0.30260155,False,61,11,4.636363636363637,False,False,True,0.01639344262295082,4,0
Ana akeh wong ing kantor sing saka China.,positive,Bukan Ujaran Kebencian,1.0,0.0,rule_based_positive,,,3,Ujaran Kebencian - Berat,0.3387764,False,41,8,4.25,False,True,True,0.04878048780487805,2,0
Yahudi ora ateges apa-apa,negative,Ujaran Kebencian - Ringan,0.75,3.286998987197876,deepseek_api_parallel,,33754.0,2,Ujaran Kebencian - Sedang,0.33128837,False,25,4,5.5,False,False,True,0.04,1,0
"Aku ora ndhukung paukuman pati kajaba wong sing keterbelakangan, sing beda",negative,Ujaran Kebencian - Sedang,0.8,3.934365749359131,deepseek_api_parallel,,20319.0,2,Ujaran Kebencian - Sedang,0.37386748,True,74,11,5.818181818181818,False,True,True,0.013513513513513514,3,0
Saben wong Yahudi iku bajingan sing kebak kekuwatan,negative,Ujaran Kebencian - Berat,0.95,3.835818290710449,deepseek_api_parallel,,14083.0,2,Ujaran Kebencian - Sedang,0.34117317,False,51,8,5.5,False,False,True,0.0392156862745098,2,0
Akèh-akèhé imigran asalé saka pribumi,negative,Ujaran Kebencian - Ringan,0.75,4.265062570571899,deepseek_api_parallel,,38317.0,3,Ujaran Kebencian - Berat,0.33694994,False,37,5,6.6,False,False,True,0.02702702702702703,0,0
waria iku ala,negative,Ujaran Kebencian - Sedang,0.9,3.1592726707458496,deepseek_api_parallel,,34547.0,3,Ujaran Kebencian - Berat,0.28794137,False,13,3,3.6666666666666665,False,False,False,0.0,1,0
"Iku apik kanggo ngandhani kabeh wong yen aku ora gething karo tukang mamah karpet, ala banget yen bakal ngapusi",negative,Ujaran Kebencian - Ringan,0.75,3.692724704742432,deepseek_api_parallel,,21953.0,2,Ujaran Kebencian - Sedang,0.33248547,False,111,19,4.894736842105263,False,True,True,0.009009009009009009,5,0
Aku pengin mbusak klompok LGBT saka sajarah,negative,Ujaran Kebencian - Berat,0.95,4.2273008823394775,deepseek_api_parallel,,37903.0,3,Ujaran Kebencian - Berat,0.2998241,True,43,7,5.285714285714286,False,False,True,0.11627906976744186,1,0
"Aku ngomong wong aku ora mikir battyboy bodho, nanging aku mikir dheweke bodho",negative,Ujaran Kebencian - Sedang,0.9,3.8799989223480233,deepseek_api_parallel,,16179.0,2,Ujaran Kebencian - Sedang,0.3656563,True,78,13,5.076923076923077,False,True,True,0.01282051282051282,4,0
wong Asia sing manggon ing jejere aku minangka telek sing paling awon sing bisa dipikirake,negative,Ujaran Kebencian - Berat,0.95,8.041353225708008,deepseek_api_parallel,,12120.0,2,Ujaran Kebencian - Sedang,0.32883584,False,90,15,5.066666666666666,False,False,True,0.011111111111111112,3,0
"Prancis minangka papan lair saka republikanisme modern. Aku seneng budaya, seni lan basa. Dadi, ayo padha nggawa wong Arab menyang muka bumi iki supaya bisa ngowahi tatanan masyarakat?",negative,Ujaran Kebencian - Berat,0.9,3.64315676689148,deepseek_api_parallel,,10280.0,3,Ujaran Kebencian - Berat,0.39682668,True,184,28,5.607142857142857,False,True,True,0.021739130434782608,5,0
carane wong Bengali lungguh lan ethok-ethok dianggep kaya wong liya. Sedhih banget nalika ngerti yen dheweke ora ditampa!,negative,Ujaran Kebencian - Sedang,0.8,3.922539234161377,deepseek_api_parallel,,25486.0,3,Ujaran Kebencian - Berat,0.3805014,False,121,18,5.777777777777778,False,True,True,0.01652892561983471,3,0
mung penasaran Apa wong wadon iki nglebokake dhewe tanpa pasuryan?,positive,Bukan Ujaran Kebencian,1.0,0.0,rule_based_positive,,,2,Ujaran Kebencian - Sedang,0.37657028,False,66,10,5.7,False,True,True,0.015151515151515152,2,0
wong ireng kudu dadi abdi kita,negative,Ujaran Kebencian - Berat,0.95,3.507948637008667,deepseek_api_parallel,,38304.0,2,Ujaran Kebencian - Sedang,0.33115432,False,30,6,4.166666666666667,False,False,False,0.0,1,0
ing sekolahku akeh bocah-bocah Yahudi,positive,Bukan Ujaran Kebencian,1.0,0.0,rule_based_positive,,,3,Ujaran Kebencian - Berat,0.33329353,False,37,5,6.6,False,False,True,0.02702702702702703,0,0
"Kutha iki kebak macem-macem pageblug: tikus, kecoak, angga, l3m0ns....",negative,Ujaran Kebencian - Sedang,0.9,3.6588447093963614,deepseek_api_parallel,,25147.0,2,Ujaran Kebencian - Sedang,0.41076273,True,70,9,6.888888888888889,True,True,True,0.014285714285714285,2,0
ayo ngomong babagan konsep sing ngelawan kaya muslim lan kejujuran,negative,Ujaran Kebencian - Ringan,0.75,3.847557544708252,deepseek_api_parallel,,18155.0,2,Ujaran Kebencian - Sedang,0.2891333,False,66,10,5.7,False,False,False,0.0,1,0
Muslim ora kagungane kene,negative,Ujaran Kebencian - Berat,0.95,4.1459784507751465,deepseek_api_parallel,,38151.0,2,Ujaran Kebencian - Sedang,0.33038506,False,25,4,5.5,False,False,True,0.04,1,0
Akhir-akhir iki aku ketemu wong Asia sing luwih edan tinimbang biasane,negative,Ujaran Kebencian - Ringan,0.75,3.985561609268189,deepseek_api_parallel,,6963.0,2,Ujaran Kebencian - Sedang,0.37084427,False,70,11,5.454545454545454,False,False,True,0.02857142857142857,3,0
Iku prasaja! Mungkasi milih + Mungkasi mbayar Pajak + Pisah ing komunitas sampeyan dhewe - Potong saluran korupsi!,positive,Bukan Ujaran Kebencian,1.0,0.0,rule_based_positive,,,2,Ujaran Kebencian - Sedang,0.30534026,False,114,18,5.388888888888889,False,True,True,0.05263157894736842,1,0
"Ana wong kulit putih ing grindr sing ngomong yen dheweke ora kasengsem karo kethek, sing ndadekake aku akeh lan pungkasane ketemu.",negative,Ujaran Kebencian - Ringan,0.75,4.180795669555664,deepseek_api_parallel,,30345.0,2,Ujaran Kebencian - Sedang,0.33583727,False,130,21,5.238095238095238,False,True,True,0.007692307692307693,6,0
"Lendhut isih lendhut, warna apa wae. Ana sing luwih peteng, ana sing luwih entheng. Kajaba balapan sing ngadeg lan mbela awake dhewe ... iki masa depan.",negative,Ujaran Kebencian - Ringan,0.7,3.222931385040283,deepseek_api_parallel,,29483.0,3,Ujaran Kebencian - Berat,0.32085288,False,152,26,4.884615384615385,False,True,True,0.019736842105263157,3,0
"ora ana sing peduli karo manungsa sampah iki, supaya dheweke mati. Gap ora pantes luwih apik.",negative,Ujaran Kebencian - Berat,0.95,3.5914645195007324,deepseek_api_parallel,,9262.0,2,Ujaran Kebencian - Sedang,0.37353778,False,93,16,4.875,False,True,True,0.010752688172043012,4,0
Negro kuwi kudu dibakar,negative,Ujaran Kebencian - Berat,0.95,3.065070390701294,deepseek_api_parallel,,13603.0,3,Ujaran Kebencian - Berat,0.4008516,True,23,4,5.0,False,False,True,0.043478260869565216,0,0
"Wong wedok ora ngerti pikirane dewe, butuh wong lanang sing ngomong opo sing kudu dilakoni",negative,Ujaran Kebencian - Ringan,0.75,3.6013550758361816,deepseek_api_parallel,,447.0,2,Ujaran Kebencian - Sedang,0.3577223,False,90,15,5.066666666666666,False,True,True,0.011111111111111112,5,0
Aku seneng ndeleng negara iki ketinggalan ing nyerang China,negative,Ujaran Kebencian - Ringan,0.75,5.147219181060791,deepseek_api_parallel,,8088.0,2,Ujaran Kebencian - Sedang,0.29816738,False,59,9,5.666666666666667,False,False,True,0.03389830508474576,3,0
Aku seneng banget nggebug wong cacat,negative,Ujaran Kebencian - Berat,0.95,3.717355966567993,deepseek_api_parallel,,7544.0,0,Bukan Ujaran Kebencian,0.274831,False,36,6,5.166666666666667,False,False,True,0.027777777777777776,2,0
kenapa wong Asia kudu njaluk hak?,negative,Ujaran Kebencian - Ringan,0.75,3.818019390106201,deepseek_api_parallel,,39796.0,3,Ujaran Kebencian - Berat,0.3700751,False,33,6,4.666666666666667,False,True,True,0.030303030303030304,1,0
apa padha ora seneng diarani negro? Banjur ana sing ngandhani yen dheweke kudu mandheg dadi ireng,negative,Ujaran Kebencian - Sedang,0.9,3.2291531562805176,deepseek_api_parallel,,16954.0,2,Ujaran Kebencian - Sedang,0.39481717,True,97,16,5.125,False,True,True,0.010309278350515464,2,0
"Aku ora seneng yen wong liya nyebut kanca-kancaku sambo, aku seneng",negative,Ujaran Kebencian - Ringan,0.7,3.410916566848755,deepseek_api_parallel,,11564.0,2,Ujaran Kebencian - Sedang,0.31386217,False,67,11,5.181818181818182,False,True,True,0.014925373134328358,3,0
"yen sampeyan ireng, sampeyan regane kurang saka rereget",negative,Ujaran Kebencian - Sedang,0.95,3.666752338409424,deepseek_api_parallel,,3298.0,2,Ujaran Kebencian - Sedang,0.38260084,True,55,8,6.0,False,True,False,0.0,0,0
Aku ora pengin nongkrong karo wong Afrika,negative,Ujaran Kebencian - Sedang,0.9,3.6515746116638175,deepseek_api_parallel,,39515.0,2,Ujaran Kebencian - Sedang,0.3145185,True,41,7,5.0,False,False,True,0.04878048780487805,4,0
Minggu kepungkur aku nonton video saka wong sing lunga menyang klub gay lan takon sapa bocah paling enom sing lagi pacaran lan apa sing kedadeyan nalika isih bocah. Wong-wong mau ngandhani yen mayoritas wong-wong mau nyerang wong liya lan wong liya minangka pelaku seksual. Temenan kuwi sing njalari kabeh padha kaya ngono,negative,Ujaran Kebencian - Sedang,0.75,3.349065065383911,deepseek_api_parallel,,32881.0,3,Ujaran Kebencian - Berat,0.3653276,False,322,52,5.211538461538462,False,True,True,0.009316770186335404,3,0
"Sing bener, sing nggawe omong kosong iki",positive,Bukan Ujaran Kebencian,1.0,0.0,rule_based_positive,,,2,Ujaran Kebencian - Sedang,0.3703434,False,40,7,4.857142857142857,False,True,True,0.025,1,0
Komputer iki minangka komputer paling awon,positive,Bukan Ujaran Kebencian,1.0,0.0,rule_based_positive,,,2,Ujaran Kebencian - Sedang,0.34123525,False,42,6,6.166666666666667,False,False,True,0.023809523809523808,1,0
dheweke ora bisa mlayu karo aku amarga dheweke keterbelakangan,negative,Ujaran Kebencian - Sedang,0.9,3.529620885848999,deepseek_api_parallel,,22801.0,2,Ujaran Kebencian - Sedang,0.3280436,True,62,9,6.0,False,False,False,0.0,3,0
pagi pagi dah jadi babi,negative,Ujaran Kebencian - Sedang,0.9,3.774638175964356,deepseek_api_parallel,,41060.0,2,Ujaran Kebencian - Sedang,0.43080255,True,23,5,3.8,False,False,False,0.0,0,0
Aku ndhukung n4z1s,negative,Ujaran Kebencian - Berat,0.95,3.344592809677124,deepseek_api_parallel,,40310.0,2,Ujaran Kebencian - Sedang,0.30712378,False,18,3,5.333333333333333,True,False,True,0.05555555555555555,1,0
kowe koyok asu,negative,Ujaran Kebencian - Sedang,0.95,3.378338098526001,deepseek_api_parallel,,20179.0,2,Ujaran Kebencian - Sedang,0.36847088,True,14,3,4.0,False,False,False,0.0,1,0
Aku bungah yen papan kerjaku ora gay,negative,Ujaran Kebencian - Ringan,0.7,3.583768129348755,deepseek_api_parallel,,9241.0,2,Ujaran Kebencian - Sedang,0.28615892,False,36,7,4.285714285714286,False,False,True,0.027777777777777776,2,0
Aku seneng yen wong nyalahke aku amarga panas banget,positive,Bukan Ujaran Kebencian,1.0,0.0,rule_based_positive,,,3,Ujaran Kebencian - Berat,0.28087896,False,52,9,4.888888888888889,False,False,True,0.019230769230769232,3,0
Aku pancene ora pengin gay ing omahku,negative,Ujaran Kebencian - Sedang,0.9,3.384981632232666,deepseek_api_parallel,,3377.0,0,Bukan Ujaran Kebencian,0.32115826,False,37,7,4.428571428571429,False,False,True,0.02702702702702703,2,0
Berhenti jadi anak biadab agar bisa geser ke anak bajingan,negative,Ujaran Kebencian - Sedang,0.9,5.1741862297058105,deepseek_api_parallel,,41208.0,2,Ujaran Kebencian - Sedang,0.4280509,True,58,10,4.9,False,False,True,0.017241379310344827,1,0
Kancaku duwe anak cacat lan untunge uga bocah normal,negative,Ujaran Kebencian - Ringan,0.75,3.628213405609131,deepseek_api_parallel,,36832.0,2,Ujaran Kebencian - Sedang,0.29814196,False,52,9,4.888888888888889,False,False,True,0.019230769230769232,3,0
"Bisa dingerteni yen wanita (sing duwe bapak utawa bojo sing nguwasani dheweke) nandhang sangsara banget, lan mulane ditarik menyang jurang putus asa bebarengan karo wong lanang.",positive,Bukan Ujaran Kebencian,1.0,0.0,rule_based_positive,,,3,Ujaran Kebencian - Berat,0.35129315,False,177,26,5.846153846153846,False,True,True,0.005649717514124294,4,0
"Ora wonder kok padha disebut film 'Black Panther', kabeh pemain katon kaya siji",negative,Ujaran Kebencian - Ringan,0.75,3.799740076065064,deepseek_api_parallel,,5874.0,3,Ujaran Kebencian - Berat,0.3132674,False,79,13,5.153846153846154,False,True,True,0.0379746835443038,1,0
"Aku ngomong marang wong-wong yen aku ora mikir unta iku wong wadon bodho, nanging aku rumangsa bodho",negative,Ujaran Kebencian - Ringan,0.75,5.390444278717041,deepseek_api_parallel,,16093.0,2,Ujaran Kebencian - Sedang,0.37422004,False,100,17,4.9411764705882355,False,True,True,0.01,5,0
Aku bakal natoni saben homo,negative,Ujaran Kebencian - Berat,0.95,3.1387598514556885,deepseek_api_parallel,,33728.0,3,Ujaran Kebencian - Berat,0.39821652,True,27,5,4.6,False,False,True,0.037037037037037035,1,0
Kabeh wong ireng iku seksi,negative,Ujaran Kebencian - Ringan,0.7,3.7934086322784415,deepseek_api_parallel,,38172.0,2,Ujaran Kebencian - Sedang,0.35105297,False,26,5,4.4,False,False,True,0.038461538461538464,2,0
Aku pengin ndeleng niggas diserang,negative,Ujaran Kebencian - Berat,0.95,3.805349588394165,deepseek_api_parallel,,6536.0,3,Ujaran Kebencian - Berat,0.29904988,True,34,5,6.0,False,False,True,0.029411764705882353,1,0
Aku seneng cara wong ireng sing positif sanajan lagi ngalami jawatan,positive,Bukan Ujaran Kebencian,1.0,0.0,rule_based_positive,,,3,Ujaran Kebencian - Berat,0.2753903,False,68,11,5.2727272727272725,False,False,True,0.014705882352941176,3,0
"Apa ana sing ngrasa bosen padu karo wong acak amarga beda panemu, ora salahku yen sampeyan nganggep ora ana sing salah karo wong sing golek suaka, aku ngerti yen iku pendapat sampeyan, nanging mung setuju ora setuju, amarga sampeyan salah.",negative,Ujaran Kebencian - Ringan,0.75,4.394282579421997,deepseek_api_parallel,,20643.0,2,Ujaran Kebencian - Sedang,0.3292549,False,239,40,5.0,False,True,True,0.0041841004184100415,6,0
Sampeyan bisa ngomong yen dheweke minangka imigran kanthi cara ngremehake wong liya,negative,Ujaran Kebencian - Ringan,0.75,3.0792346000671387,deepseek_api_parallel,,10208.0,2,Ujaran Kebencian - Sedang,0.32886168,False,83,12,6.0,False,False,True,0.012048192771084338,1,0
Siji bab sing apik babagan wong Tionghoa yaiku dheweke kerja keras,negative,Bukan Ujaran Kebencian,0.95,3.9187145233154297,deepseek_api_parallel,,40365.0,3,Ujaran Kebencian - Berat,0.31369564,False,66,11,5.090909090909091,False,False,True,0.030303030303030304,2,0
wanita kudu ora duwe hak,negative,Ujaran Kebencian - Berat,0.95,3.3216195106506348,deepseek_api_parallel,,27231.0,3,Ujaran Kebencian - Berat,0.34324154,True,24,5,4.0,False,False,False,0.0,1,0
Aku ora pengin manggon cedhak karo wanita,negative,Ujaran Kebencian - Ringan,0.75,4.529778480529785,deepseek_api_parallel,,6024.0,2,Ujaran Kebencian - Sedang,0.33204308,False,41,7,5.0,False,False,True,0.024390243902439025,3,0
Semua orang dari ras kamu bodoh,negative,Ujaran Kebencian - Berat,0.95,3.426851749420166,deepseek_api_parallel,,41361.0,2,Ujaran Kebencian - Sedang,0.36029762,False,31,6,4.333333333333333,False,False,True,0.03225806451612903,1,1
Sepupuku ora ngganggu kaya umume wanita,negative,Ujaran Kebencian - Ringan,0.75,3.391411542892456,deepseek_api_parallel,,22777.0,2,Ujaran Kebencian - Sedang,0.34973052,False,39,6,5.666666666666667,False,False,True,0.02564102564102564,1,0
Umat ​​Islam $aja kudu b3 br33ding b3caus3 th3y ar3 ora pantes donya sing endah iki amarga seneng ngrusak.,negative,Ujaran Kebencian - Berat,0.95,3.90695595741272,deepseek_api_parallel,,20675.0,3,Ujaran Kebencian - Berat,0.3752241,True,106,18,4.944444444444445,True,True,True,0.018867924528301886,2,0
"Aku ora pengin nyengkuyung mateni kabeh kelompok minoritas, mung wong trans",negative,Ujaran Kebencian - Berat,0.95,3.616657495498657,deepseek_api_parallel,,4740.0,2,Ujaran Kebencian - Sedang,0.35986423,False,75,11,5.909090909090909,False,True,True,0.013333333333333334,3,0
wong trans pengin dadi ala sabisa,negative,Ujaran Kebencian - Sedang,0.9,3.689295053482056,deepseek_api_parallel,,6227.0,2,Ujaran Kebencian - Sedang,0.3189469,True,33,6,4.666666666666667,False,False,False,0.0,1,0
Umat ​​Islam ing saindenging jagad ngadhepi eksekusi sing cedhak lan aku ora sabar ngenteni,negative,Ujaran Kebencian - Berat,0.95,3.5422823429107666,deepseek_api_parallel,,29444.0,2,Ujaran Kebencian - Sedang,0.3155268,False,91,14,5.571428571428571,False,False,True,0.02197802197802198,3,0
"Kita supremasi kulit putih mbela yen wong kulit ireng iku bodho, inferior, kejem, lan kriminal, lan kita percaya yen wong-wong Yahudi ora ana kanggo ngapusi kabeh wong menyang desegregasi, mula kabeh masalah kasebut bakal ilang. Mula sejatine kabeh mau ana ing kaluputane wong Yahudi amarga wong liya sing dudu kulit putih ora preduli maneh yen wong Yahudi bisa ditumpes.",negative,Ujaran Kebencian - Berat,0.95,3.394038438796997,deepseek_api_parallel,,27487.0,3,Ujaran Kebencian - Berat,0.45470822,True,371,59,5.305084745762712,False,True,True,0.013477088948787063,5,0
Sampeyan brengsek,positive,Bukan Ujaran Kebencian,1.0,0.0,rule_based_positive,,,2,Ujaran Kebencian - Sedang,0.3179448,False,17,2,8.0,False,False,True,0.058823529411764705,0,0
"Aku ora setuju karo statement ""wanita duwe hak""",negative,Ujaran Kebencian - Ringan,0.75,3.030845642089844,deepseek_api_parallel,,39858.0,2,Ujaran Kebencian - Sedang,0.3858066,False,47,8,5.0,False,True,True,0.02127659574468085,3,0
Program kontrol tikus skala gedhe wis ditindakake kanggo njaga tingkat stabil saka predator invasif,positive,Bukan Ujaran Kebencian,1.0,0.0,rule_based_positive,,,3,Ujaran Kebencian - Berat,0.3236482,False,99,14,6.142857142857143,False,False,True,0.010101010101010102,1,0
"iku ora gampang kanggo ngomong, lan aja teka ing komentar amarga negara iki ngidini kebebasan ngomong supaya aku diijini kanggo mratelakake panemume lan ora seneng kanggo wong sing seneng andhuk, supaya ninggalake kula piyambak amarga padha ora ana. , aku yo ngono",negative,Ujaran Kebencian - Ringan,0.75,20.35770297050476,deepseek_api_parallel,,17917.0,2,Ujaran Kebencian - Sedang,0.30912715,False,264,42,5.309523809523809,False,True,False,0.0,8,0
Kemurnian putih diancam dening masyarakat Asia lan kita kudu tumindak saiki kanggo mungkasi. We kudu perang maneh,negative,Ujaran Kebencian - Berat,0.9,3.5917153358459477,deepseek_api_parallel,,947.0,2,Ujaran Kebencian - Sedang,0.31787345,False,113,17,5.705882352941177,False,True,True,0.02654867256637168,3,0
Kenging punapa tiyang Islam tansah kejem?,negative,Ujaran Kebencian - Sedang,0.8,3.769343376159668,deepseek_api_parallel,,4779.0,2,Ujaran Kebencian - Sedang,0.36439013,True,41,6,6.0,False,True,True,0.04878048780487805,0,0
"Sumbangan sperma sejatine kanggo wong sing butuh banget, wong sing ora subur, pasangan sing padha jinis, lsp. Mesthi ora kanggo sawetara asu nakal sing durung diwasa mung amarga dheweke ""sengit wong""<9d> (durung nekat kanggo pacar onlineðŸ˜') Kepiye kita bisa yakin manawa ""donor sperma"" dheweke<9d> yaiku wong-wong sing seneng jancok sembarangan.",positive,Bukan Ujaran Kebencian,1.0,0.0,rule_based_positive,,,3,Ujaran Kebencian - Berat,0.36508307,False,347,50,5.96,True,True,True,0.011527377521613832,4,0
Trump elek,positive,Bukan Ujaran Kebencian,1.0,0.0,rule_based_positive,,,2,Ujaran Kebencian - Sedang,0.30162874,False,10,2,4.5,False,False,True,0.1,0,0
non biner nnnnn kudu shhhhhhhhhottttttt,negative,Ujaran Kebencian - Berat,0.95,3.709220170974731,deepseek_api_parallel,,12985.0,3,Ujaran Kebencian - Berat,0.344314,True,39,5,7.0,False,False,False,0.0,0,0
Aku ora tau ketemu wong wadon sing ora masuk akal,positive,Bukan Ujaran Kebencian,1.0,0.0,rule_based_positive,,,3,Ujaran Kebencian - Berat,0.30026853,False,49,10,4.0,False,False,True,0.02040816326530612,3,0
Aku wis mulai kesel karo telek iki,positive,Bukan Ujaran Kebencian,1.0,0.0,rule_based_positive,,,2,Ujaran Kebencian - Sedang,0.2906849,False,34,7,4.0,False,False,True,0.029411764705882353,3,0
"Anggota parlemen sing korup iki duwe flat dewan sing apik, isin",positive,Bukan Ujaran Kebencian,1.0,0.0,rule_based_positive,,,2,Ujaran Kebencian - Sedang,0.36894098,False,63,11,4.818181818181818,False,True,True,0.015873015873015872,1,0
Akeh perusahaan gedhe sing ora seneng nggarap pribumi ing Afrika amarga duwe ide,negative,Ujaran Kebencian - Ringan,0.75,3.039848804473877,deepseek_api_parallel,,35937.0,3,Ujaran Kebencian - Berat,0.31392327,False,80,13,5.230769230769231,False,False,True,0.025,1,0
"Aku ngomong wong aku ora mikir brownies iku bodho, nanging aku iku bodho",negative,Ujaran Kebencian - Sedang,0.8,3.313062191009521,deepseek_api_parallel,,15996.0,2,Ujaran Kebencian - Sedang,0.38792878,True,72,13,4.615384615384615,False,True,True,0.013888888888888888,5,0
Wong Mesir elek banget! Dakkira padha turune unta,negative,Ujaran Kebencian - Berat,0.95,3.5110785961151123,deepseek_api_parallel,,11761.0,2,Ujaran Kebencian - Sedang,0.38459882,False,49,8,5.25,False,True,True,0.061224489795918366,1,0
Eropa saya mudhun. Saiki ngadhepi kasunyatan pahit yen Islam sejatine ora cocog karo masyarakat kulon/tengah=Eropah lan mesthi demokrasi.,negative,Ujaran Kebencian - Ringan,0.75,2.5383448600769043,deepseek_api_parallel,,34200.0,3,Ujaran Kebencian - Berat,0.36300567,False,137,18,6.666666666666667,False,True,True,0.029197080291970802,4,0
"Minangka wong Yahudi, aku lara yen wong nyebut Arab jockeys unta",positive,Bukan Ujaran Kebencian,1.0,0.0,rule_based_positive,,,2,Ujaran Kebencian - Sedang,0.3281053,False,64,11,4.909090909090909,False,True,True,0.046875,2,0
Umat ​​Islam ngalami kangelan. Iku bakal angel yen pemenggalan disalahake ing kabeh agama.,positive,Bukan Ujaran Kebencian,1.0,0.0,rule_based_positive,,,3,Ujaran Kebencian - Berat,0.36625782,False,90,13,6.0,False,True,True,0.03333333333333333,2,0
"Aku ora pengin manggon ing negara iki maneh, aku nandhang sangsara banget minangka wong ireng",positive,Bukan Ujaran Kebencian,1.0,0.0,rule_based_positive,,,2,Ujaran Kebencian - Sedang,0.3338468,False,93,15,5.266666666666667,False,True,True,0.010752688172043012,4,0
kabeh pengungsi kaya aku kayane ngisin-isini negara...monggo dididik,positive,Bukan Ujaran Kebencian,1.0,0.0,rule_based_positive,,,2,Ujaran Kebencian - Sedang,0.3331874,False,68,8,7.625,False,True,False,0.0,1,0
"Sampeyan pancen njijiki, George",positive,Bukan Ujaran Kebencian,1.0,0.0,rule_based_positive,,,2,Ujaran Kebencian - Sedang,0.37735805,False,31,4,7.0,False,True,True,0.06451612903225806,1,0
"Aku manggon karo schizoid didiagnosis profesional lan aku bisa ngomong sing duwe penyakit mental tenan nyedot amarga padha tansah dealing with masalah wong lan reaksi. Nanging paling mau masochists utawa manungsa waé sundel lan seneng iki, amarga iku ndadekake wong aran khusus. kanggo liyane sing wis queer wiwit cilik, iku wis mesthi bab dealing with reaksi wong, terus-terusan ilang ngarsane kasunyatan lan gadhah alangan kanggo ngenali karo paling wong, yen ora kabeh.",negative,Ujaran Kebencian - Berat,0.95,3.785554885864258,deepseek_api_parallel,,28986.0,3,Ujaran Kebencian - Berat,0.44222862,True,472,72,5.569444444444445,False,True,True,0.00423728813559322,7,0
"Aku umur 18 taun lan tresna banget karo guru lanang / tokoh agama. Ing omahe siji wektu aku lara lan bolos kelas. Dheweke takon yen aku pengin pijet. Aku ngomong ya. Dheweke ngunci lawang lan ngandhani yen aku ora kuwatir. Dheweke ora bakal nindakake apa-apa, mung dheweke ora pengin ana sing mlebu lan salah paham. Aku lay ing sandi sisih , Aku felt sing boner mbentuk ing dheweke sikil minangka dheweke lungguh ing amben . Aku ngandika Kapindho lan diatur sandi hard pitik jago. Dheweke menehi kula rasukan pijet. Aku fantasize yen dheweke pengin nindakake liyane. Yen aku ngidini.",positive,Bukan Ujaran Kebencian,1.0,0.0,rule_based_positive,,,3,Ujaran Kebencian - Berat,0.47483242,False,583,99,4.898989898989899,True,True,True,0.022298456260720412,6,0
opo kowe arep diarani bajingan? Banjur mungkasi dadi kanca karo wong aneh,negative,Ujaran Kebencian - Sedang,0.9,3.917295455932617,deepseek_api_parallel,,17011.0,3,Ujaran Kebencian - Berat,0.32497063,False,73,12,5.166666666666667,False,True,True,0.0136986301369863,3,0
"Rasane mung lungguh lan nikmati kaendahane jagad iki. Mung masalah, akeh wong ing donya iki sing adoh saka ayu. Khusus, dina iki aku target Asia Timur",negative,Ujaran Kebencian - Ringan,0.75,3.65025782585144,deepseek_api_parallel,,21983.0,3,Ujaran Kebencian - Berat,0.36608386,False,150,26,4.8076923076923075,False,True,True,0.03333333333333333,4,0
"Wong wadon, aku mikir sampeyan kudu nginep ing omah kanggo nggedhekake anak nganti gedhe",negative,Ujaran Kebencian - Ringan,0.75,4.305169105529785,deepseek_api_parallel,,22352.0,3,Ujaran Kebencian - Berat,0.34099326,False,88,14,5.357142857142857,False,True,True,0.011363636363636364,4,0
"saiki wis ora ana tangan, aku wis bantahan kaping 5 dina iki mung amarga aku mung nyuarakake pendapatku, mung amarga sampeyan mikir yen Nazi kudu ana ora ateges aku, mesthi ora lan aku ora. ndeleng kok sapa bakal. Iki dadi ridiculous lan wiwit kesel kula saiki",positive,Bukan Ujaran Kebencian,1.0,0.0,rule_based_positive,,,3,Ujaran Kebencian - Berat,0.30497527,False,260,46,4.673913043478261,True,True,True,0.007692307692307693,5,0
Aku ora seneng yen wong nampa wong trans minangka kanca.,negative,Ujaran Kebencian - Ringan,0.75,4.11329197883606,deepseek_api_parallel,,11301.0,2,Ujaran Kebencian - Sedang,0.32575566,False,56,10,4.7,False,True,True,0.017857142857142856,3,0
"Aku pitutur marang wong-wong sing aku ora mikir femoids wanita bodho, nanging aku mikir dheweke bodho",negative,Ujaran Kebencian - Sedang,0.9,3.741384267807007,deepseek_api_parallel,,15853.0,2,Ujaran Kebencian - Sedang,0.33565378,True,101,16,5.375,False,True,True,0.009900990099009901,4,0
sapa sing ngomong pengedar narkoba bisa dipercaya kuwi ngapusi,positive,Bukan Ujaran Kebencian,1.0,0.0,rule_based_positive,,,2,Ujaran Kebencian - Sedang,0.37470287,False,62,9,6.0,False,False,False,0.0,0,0
"ojo ngarani iki menungsa, wong islam dudu",negative,Ujaran Kebencian - Berat,0.95,3.999234199523926,deepseek_api_parallel,,6723.0,2,Ujaran Kebencian - Sedang,0.39606008,False,41,7,5.0,False,True,False,0.0,2,0
"Wong-wong kaya ngene iki lucu amarga wedi banget karo Kamala Harris. Dheweke wedi yen wanita biracial sing medeni bakal ""njupuk"" kepresidenan amarga Biden wis tuwa.",positive,Bukan Ujaran Kebencian,1.0,0.0,rule_based_positive,,,3,Ujaran Kebencian - Berat,0.3840824,False,164,25,5.6,False,True,True,0.03048780487804878,3,0
Imigrasi massive wis ngrusak ekonomi kita,negative,Ujaran Kebencian - Ringan,0.75,4.158527612686157,deepseek_api_parallel,,10732.0,2,Ujaran Kebencian - Sedang,0.33096075,False,41,6,6.0,False,False,True,0.024390243902439025,0,0
Ora ana sing seneng karo wong sing ora sopan,negative,Ujaran Kebencian - Ringan,0.7,3.663443565368652,deepseek_api_parallel,,24095.0,2,Ujaran Kebencian - Sedang,0.34376684,False,44,9,4.0,False,False,True,0.022727272727272728,4,0
Aku seneng gagasan ora kudu ngurusi awu rokok ing omah iki,positive,Bukan Ujaran Kebencian,1.0,0.0,rule_based_positive,,,2,Ujaran Kebencian - Sedang,0.26999414,False,58,11,4.363636363636363,False,False,True,0.017241379310344827,3,0
Masyarakat ala amarga yid isih urip,negative,Ujaran Kebencian - Berat,0.95,3.3708903789520264,deepseek_api_parallel,,15080.0,2,Ujaran Kebencian - Sedang,0.34217307,False,35,6,5.0,False,False,True,0.02857142857142857,0,0
apa trance yen ora degenerasi?,negative,Ujaran Kebencian - Sedang,0.8,3.445196866989136,deepseek_api_parallel,,5339.0,2,Ujaran Kebencian - Sedang,0.42199045,True,30,5,5.2,False,True,False,0.0,1,0
Aku rumangsa kaya aku ngomong babagan pil gila ing kene amarga arang banget diakoni.,positive,Bukan Ujaran Kebencian,1.0,0.0,rule_based_positive,,,2,Ujaran Kebencian - Sedang,0.29580954,False,84,14,5.071428571428571,False,True,True,0.011904761904761904,1,0
wong gipsi ora ngerti apa-apa,negative,Ujaran Kebencian - Sedang,0.8,3.60145902633667,deepseek_api_parallel,,15178.0,2,Ujaran Kebencian - Sedang,0.35929936,True,29,5,5.0,False,False,False,0.0,2,0
"Huntsab mung anggota kelas buruh sing ora seneng, ora ana sing luwih apik tinimbang ngganggu mburu.",negative,Ujaran Kebencian - Sedang,0.8,3.849876880645752,deepseek_api_parallel,,21044.0,2,Ujaran Kebencian - Sedang,0.36144304,True,99,16,5.25,False,True,True,0.010101010101010102,2,0
Kowe kok melas banget? Aku bakal nganggep iku amarga sampeyan lmao trans asshole,negative,Ujaran Kebencian - Sedang,0.9,7.347265958786011,deepseek_api_parallel,,31764.0,2,Ujaran Kebencian - Sedang,0.32774934,True,80,13,5.230769230769231,False,True,True,0.025,3,0
ganggu bgt anjing pengen gue penggal,negative,Ujaran Kebencian - Berat,0.95,3.785622358322144,deepseek_api_parallel,,41017.0,2,Ujaran Kebencian - Sedang,0.30196646,False,36,6,5.166666666666667,False,False,False,0.0,0,1
"Apa maneh ana sing kesel banget padudon karo wong sing acak-acakan amarga beda pendapat, ora salahku yen sampeyan nganggep ora ana sing salah yen ana cretins, aku ngerti yen pendapat sampeyan, nanging mung setuju ora setuju, amarga sampeyan wong sing ora sarujuk. salah",negative,Ujaran Kebencian - Sedang,0.8,4.582407712936401,deepseek_api_parallel,,19184.0,2,Ujaran Kebencian - Sedang,0.31974936,True,269,43,5.27906976744186,False,True,True,0.0037174721189591076,5,0
Panda minangka mamalia sing cerdas lan nurturing. Padha uga ing verge saka punah ing alam bébas. Nanging kita bisa ndeleng ing zoo ing Inggris.,positive,Bukan Ujaran Kebencian,1.0,0.0,rule_based_positive,,,3,Ujaran Kebencian - Berat,0.36964142,False,143,24,5.0,False,True,True,0.027972027972027972,1,0
"Kowe pancen wong bodho, ora kudu sekolah biasa!",negative,Ujaran Kebencian - Sedang,0.95,3.452897787094116,deepseek_api_parallel,,25222.0,2,Ujaran Kebencian - Sedang,0.36083356,True,47,8,5.0,False,True,True,0.02127659574468085,3,0
"Aku kudu ngomong koleksi boneka iku apik tenan lan boneka iki atraktif banget. Aku pengin nglakoni sing padha, nanging kumpulake kabeh sundel sing wis tak bajingan, atur dadi bonekamu, ikat, lan aja nganti diculake""¦",negative,Ujaran Kebencian - Berat,0.95,3.266981840133667,deepseek_api_parallel,,34795.0,3,Ujaran Kebencian - Berat,0.38967466,True,216,34,5.382352941176471,False,True,True,0.009259259259259259,4,0
"Biseksual iku guyon, ora ana sing luwih ala tinimbang wong-wong mau, padha pantes mati.",negative,Ujaran Kebencian - Berat,0.95,4.188722610473633,deepseek_api_parallel,,20275.0,2,Ujaran Kebencian - Sedang,0.39432803,False,87,14,5.285714285714286,False,True,True,0.011494252873563218,4,0
Aku ora bisa ngomong prabédan antarane kothak layang lan Muslim wadon,negative,Ujaran Kebencian - Ringan,0.75,3.748917579650879,deepseek_api_parallel,,2369.0,2,Ujaran Kebencian - Sedang,0.34451973,False,69,11,5.363636363636363,False,False,True,0.028985507246376812,3,0
"Dear wong non-biner, mikir kaping pindho sadurunge sampeyan nyabrang kula, lan iku ancaman!",negative,Ujaran Kebencian - Berat,0.95,5.92271089553833,deepseek_api_parallel,,1918.0,2,Ujaran Kebencian - Sedang,0.415542,False,91,13,6.076923076923077,False,True,True,0.01098901098901099,4,0
saben dina aku krungu wong ngomong babagan aku amarga aku ras campuran,positive,Bukan Ujaran Kebencian,1.0,0.0,rule_based_positive,,,2,Ujaran Kebencian - Sedang,0.34271538,False,70,12,4.916666666666667,False,False,False,0.0,2,0
Pembantaian marang wong Yahudi apik,negative,Ujaran Kebencian - Berat,0.95,5.62061071395874,deepseek_api_parallel,,931.0,3,Ujaran Kebencian - Berat,0.35904792,True,35,5,6.2,False,False,True,0.05714285714285714,1,0
Aku tresna carane deso Roma punika,negative,Bukan Ujaran Kebencian,0.95,3.980983018875122,deepseek_api_parallel,,18419.0,3,Ujaran Kebencian - Berat,0.29868847,False,34,6,4.833333333333333,False,False,True,0.058823529411764705,1,0
"Saben-saben aku argue sing gerah mental, tamba addicts, retarded lan bodho wong ora kudu mbatalake Earners voting; Aku mudhun lan milih menyang neraka. Aku curiga seprapat warga AS bakal kelangan hak milih, sapa ngerti?",negative,Ujaran Kebencian - Sedang,0.9,3.0718092918396,deepseek_api_parallel,,33032.0,3,Ujaran Kebencian - Berat,0.43097475,False,219,34,5.470588235294118,False,True,True,0.0273972602739726,4,0
Pamrentah diapusi,positive,Bukan Ujaran Kebencian,1.0,0.0,rule_based_positive,,,2,Ujaran Kebencian - Sedang,0.32159102,False,17,2,8.0,False,False,True,0.058823529411764705,0,0
"Ngganggu banget kudu nerangake dhewe lan alasan aku ora seneng gyps, kabeh wong kudu ngerti penjelasan sing jelas iki lan kudu ngrasakake cara sing padha, masuk akal.",negative,Ujaran Kebencian - Sedang,0.9,3.873193740844727,deepseek_api_parallel,,15621.0,2,Ujaran Kebencian - Sedang,0.34075132,True,166,27,5.185185185185185,False,True,True,0.006024096385542169,5,0
Aku pancene disenengi rencana kanggo matèni kabeh wanita ireng,negative,Ujaran Kebencian - Berat,0.95,4.152094125747681,deepseek_api_parallel,,8621.0,2,Ujaran Kebencian - Sedang,0.28420952,False,62,9,6.0,False,False,True,0.016129032258064516,2,0
Aku ora pengin bojo sing kejang,negative,Ujaran Kebencian - Ringan,0.75,3.632526397705078,deepseek_api_parallel,,39378.0,0,Bukan Ujaran Kebencian,0.29745767,False,31,6,4.333333333333333,False,False,True,0.03225806451612903,2,0
Kenapa wong homo tansah pait?,negative,Ujaran Kebencian - Sedang,0.9,3.848832368850708,deepseek_api_parallel,,4767.0,2,Ujaran Kebencian - Sedang,0.3882718,True,29,5,5.0,False,True,True,0.034482758620689655,1,0
"Women kudu tenan nyoba kanggo njaluk proyek nyata ngendi sampeyan kudu bener ninggalake omah lan menehi hasil karo masyarakat Inggris umum kang assholes saben dina, malah ing sawetara dina nalika sampeyan lagi ora kroso. Banjur bakal mandheg sambat babagan masak.",negative,Ujaran Kebencian - Sedang,0.9,4.147700548171997,deepseek_api_parallel,,36367.0,3,Ujaran Kebencian - Berat,0.44120005,False,263,40,5.6,False,True,True,0.011406844106463879,4,0
Makhluk Tranny reged lan njijiki!,negative,Ujaran Kebencian - Berat,0.95,2.681005477905273,deepseek_api_parallel,,25594.0,2,Ujaran Kebencian - Sedang,0.307999,False,33,5,5.8,False,True,True,0.06060606060606061,2,0
wanita ora bisa dipercaya,negative,Ujaran Kebencian - Sedang,0.9,4.189707279205322,deepseek_api_parallel,,18335.0,2,Ujaran Kebencian - Sedang,0.31151712,True,25,4,5.5,False,False,False,0.0,1,0
"Iku apik kanggo ngandhani kabeh wong yen aku ora gething karo wong Yahudi, ala banget yen iki goroh.",negative,Bukan Ujaran Kebencian,0.9,3.923594951629639,deepseek_api_parallel,,21837.0,2,Ujaran Kebencian - Sedang,0.33054793,False,100,18,4.611111111111111,False,True,True,0.02,6,0
kenapa wong Tionghoa kudu entuk hak?,negative,Ujaran Kebencian - Ringan,0.75,3.5244781970977783,deepseek_api_parallel,,39798.0,2,Ujaran Kebencian - Sedang,0.36983353,False,36,6,5.166666666666667,False,True,True,0.027777777777777776,1,0
"Ngganggu kudu nerangake dhewe lan alasan aku ora seneng mamah karpet, kabeh wong kudu ngerti penjelasan sing jelas iki lan kudu ngrasakake, iku akal sehat.",negative,Ujaran Kebencian - Sedang,0.8,3.930753707885742,deepseek_api_parallel,,15727.0,2,Ujaran Kebencian - Sedang,0.33412483,True,155,25,5.24,False,True,True,0.0064516129032258064,6,0
wong wadon getih iki pancen ora ana gunane,negative,Ujaran Kebencian - Sedang,0.9,6.114300966262817,deepseek_api_parallel,,7333.0,2,Ujaran Kebencian - Sedang,0.376846,True,42,8,4.375,False,False,False,0.0,4,0
"Aku seneng ndeleng wong homo nang endi wae, wong lanang ngambung ing dalan, pancen alami lan ora njijiki.",negative,Bukan Ujaran Kebencian,0.95,3.941981315612793,deepseek_api_parallel,,6497.0,2,Ujaran Kebencian - Sedang,0.3431796,False,105,18,4.888888888888889,False,True,True,0.009523809523809525,6,0
"Ngganggu kudu nerangake dhewe lan alasan aku ora seneng bums, kabeh wong kudu ngerti penjelasan sing jelas iki lan kudu ngrasakake cara sing padha, masuk akal.",negative,Ujaran Kebencian - Sedang,0.75,3.574805974960327,deepseek_api_parallel,,15708.0,3,Ujaran Kebencian - Berat,0.316308,False,159,26,5.153846153846154,False,True,True,0.006289308176100629,5,0
"Aku ngerti akeh wong Aborigin sing lanang, pochahontus",negative,Ujaran Kebencian - Ringan,0.7,2.502548217773437,deepseek_api_parallel,,9030.0,2,Ujaran Kebencian - Sedang,0.38328788,False,54,8,5.875,False,True,True,0.037037037037037035,4,0
"Saben uwong ngira yen kari sirah iku nggumunake lan ora ana sing salah, nanging aku ora ngerti kepiye. Wong-wong iki kabeh salah lan aku ora setuju karo panemune, dheweke kudu mandheg nggawe sing apik banget.",negative,Ujaran Kebencian - Ringan,0.75,4.645457983016968,deepseek_api_parallel,,10996.0,3,Ujaran Kebencian - Berat,0.37014258,False,208,35,4.9714285714285715,False,True,True,0.009615384615384616,8,0
BLM ngusulake inferioritas balapan putih,negative,Ujaran Kebencian - Berat,0.9,3.3850185871124268,deepseek_api_parallel,,37666.0,2,Ujaran Kebencian - Sedang,0.32077262,False,40,5,7.2,False,False,True,0.075,0,0
"Lesbo kandha, ""Aku ora pengin homofobia ing lingkunganku"" lan ngangkat driji tengah, WTF? tanggul atos",negative,Ujaran Kebencian - Sedang,0.9,3.8065946102142334,deepseek_api_parallel,,24527.0,2,Ujaran Kebencian - Sedang,0.32831267,True,102,15,5.866666666666666,False,True,True,0.049019607843137254,3,0
Muslim iku pancene isin,negative,Ujaran Kebencian - Sedang,0.9,3.9923629760742183,deepseek_api_parallel,,3656.0,3,Ujaran Kebencian - Berat,0.32552406,False,23,4,5.0,False,False,True,0.043478260869565216,1,0
"Iklan Tesco macem-macem lan kabeh wong ngrayakake! Sampeyan bisa nang sabanjuré kabeh supermarket liyane bakal kalebu wong dipatèni, Yahudi, Muslim lan liyane ing iklan. Supaya kita entuk perwakilan nyata masyarakat Inggris ing pariwara sapisan. Sing kudu dirayakake.",positive,Bukan Ujaran Kebencian,1.0,0.0,rule_based_positive,,,3,Ujaran Kebencian - Berat,0.45731935,False,267,37,6.243243243243243,False,True,True,0.0299625468164794,2,0
Nyingkirake kabeh wong India,negative,Ujaran Kebencian - Berat,0.95,3.689434289932251,deepseek_api_parallel,,670.0,3,Ujaran Kebencian - Berat,0.32228938,True,28,4,6.25,False,False,True,0.07142857142857142,1,0
Ferns ora ditampa ing kene,negative,Ujaran Kebencian - Ringan,0.75,4.085703372955322,deepseek_api_parallel,,3560.0,2,Ujaran Kebencian - Sedang,0.38036606,False,26,5,4.4,False,False,True,0.038461538461538464,1,0
jeruk tuwuh ing luar negeri,positive,Bukan Ujaran Kebencian,1.0,0.0,rule_based_positive,,,3,Ujaran Kebencian - Berat,0.33791345,False,27,5,4.6,False,False,False,0.0,0,0
Kanca sosialis ora lan ora bakal dadi kancaku.,positive,Bukan Ujaran Kebencian,1.0,0.0,rule_based_positive,,,3,Ujaran Kebencian - Berat,0.36393055,False,46,8,4.875,False,True,True,0.021739130434782608,3,1
Aku nyaranake $hooting kabeh Muslim ing negara kita,negative,Ujaran Kebencian - Berat,0.95,4.1192381381988525,deepseek_api_parallel,,2853.0,3,Ujaran Kebencian - Berat,0.3832804,True,51,8,5.5,False,True,True,0.0392156862745098,2,0
mripatmu iku picek a? kok lewat ora nganggo amit cok,negative,Ujaran Kebencian - Sedang,0.9,3.5391788482666016,deepseek_api_parallel,,41739.0,2,Ujaran Kebencian - Sedang,0.34746307,True,52,10,4.3,False,True,False,0.0,2,0
Aku seneng ide ngobong kabeh wong Pakistan,negative,Ujaran Kebencian - Berat,0.95,3.5159482955932617,deepseek_api_parallel,,7712.0,3,Ujaran Kebencian - Berat,0.36088264,True,42,7,5.142857142857143,False,False,True,0.047619047619047616,2,0
"wong liberal iku ora duwe pikiran, wong sing njijiki, scum bumi",positive,Bukan Ujaran Kebencian,1.0,0.0,rule_based_positive,,,2,Ujaran Kebencian - Sedang,0.36642924,False,63,11,4.818181818181818,False,True,False,0.0,4,0
iku ora apik kanggo dipatèni,negative,Ujaran Kebencian - Berat,0.9,3.3200395107269287,deepseek_api_parallel,,31895.0,2,Ujaran Kebencian - Sedang,0.34694225,False,28,5,4.8,False,False,False,0.0,2,0
"kabeh fagots do asu bab kabeh, mung njaluk proyek anyar, sampeyan whiny fags",negative,Ujaran Kebencian - Berat,0.95,3.871094465255737,deepseek_api_parallel,,22712.0,2,Ujaran Kebencian - Sedang,0.34812015,False,76,13,4.923076923076923,False,True,False,0.0,0,0
wanita sengit gejala meteng aku pengin aku lan mungkasi sambat,negative,Ujaran Kebencian - Sedang,0.9,3.729724407196045,deepseek_api_parallel,,1523.0,2,Ujaran Kebencian - Sedang,0.31697807,True,62,10,5.3,False,False,False,0.0,2,0
"dheweke mbokmenawa ngisep jago ing jedhing umum ing tentrem BLM ""protes"", peduli trannies!",negative,Ujaran Kebencian - Berat,0.95,5.544689416885376,deepseek_api_parallel,,34726.0,2,Ujaran Kebencian - Sedang,0.30148387,False,90,13,6.0,False,True,True,0.03333333333333333,0,0
yen wong-wong iku Muslim padha bakal njeblug kita kabeh munggah,negative,Ujaran Kebencian - Berat,0.95,2.8842363357543945,deepseek_api_parallel,,27333.0,3,Ujaran Kebencian - Berat,0.3833815,True,63,10,5.4,False,False,True,0.015873015873015872,2,0
wanita manja kudu ngidinke kabeh gejala babaran lan ora keluhan kudu direkam,negative,Ujaran Kebencian - Sedang,0.9,4.315822124481201,deepseek_api_parallel,,1542.0,3,Ujaran Kebencian - Berat,0.3107659,False,76,12,5.416666666666667,False,False,False,0.0,2,0
"ibuku terus ngguyu. ibukku! Kabeh padha sundel""¦",negative,Ujaran Kebencian - Sedang,0.95,5.482121467590332,deepseek_api_parallel,,22718.0,2,Ujaran Kebencian - Sedang,0.3499322,True,48,7,6.0,False,True,True,0.020833333333333332,0,0
Akeh wong sing ora duwe kabisan sing kudu nglalu amarga ngerti ora ana sing seneng,negative,Ujaran Kebencian - Berat,0.9,3.9283015727996826,deepseek_api_parallel,,19053.0,0,Bukan Ujaran Kebencian,0.30772537,False,82,15,4.533333333333333,False,False,True,0.012195121951219513,3,0
Muslim ora diijini ing taman iki,negative,Ujaran Kebencian - Berat,0.95,3.932100296020508,deepseek_api_parallel,,22690.0,3,Ujaran Kebencian - Berat,0.31695962,True,32,6,4.5,False,False,True,0.03125,2,0
wong-wong iku kabeh katon kaya wong bodho,positive,Bukan Ujaran Kebencian,1.0,0.0,rule_based_positive,,,2,Ujaran Kebencian - Sedang,0.36028135,False,41,7,5.0,False,False,False,0.0,2,0
wong manca nesu banget,negative,Ujaran Kebencian - Ringan,0.7,5.0323991775512695,deepseek_api_parallel,,21505.0,3,Ujaran Kebencian - Berat,0.3270172,False,22,4,4.75,False,False,False,0.0,1,0
539 kudu dirusak,negative,Ujaran Kebencian - Sedang,0.75,4.126510620117188,deepseek_api_parallel,,4087.0,3,Ujaran Kebencian - Berat,0.4242421,False,16,3,4.666666666666667,True,False,False,0.0,0,0
Universitas sialan iki nyedot lan aku kudu lunga,positive,Bukan Ujaran Kebencian,1.0,0.0,rule_based_positive,,,3,Ujaran Kebencian - Berat,0.36481148,False,48,8,5.125,False,False,True,0.020833333333333332,3,1
Aku ngomong karo Paki iki yen dheweke duwe darah amarga wong tuwane sepupu lan dheweke ora ngerti apa sing dakkandhakake haha.,negative,Ujaran Kebencian - Sedang,0.9,3.414829730987549,deepseek_api_parallel,,25917.0,2,Ujaran Kebencian - Sedang,0.29067388,True,126,21,5.0476190476190474,False,True,True,0.015873015873015872,6,0
Ching-Chong kejam,negative,Ujaran Kebencian - Berat,0.95,3.946571111679077,deepseek_api_parallel,,4423.0,2,Ujaran Kebencian - Sedang,0.42638814,False,17,2,8.0,False,False,True,0.11764705882352941,0,0
Kabeh manuk diberkahi karo goroh,negative,Ujaran Kebencian - Ringan,0.7,3.192426919937134,deepseek_api_parallel,,10404.0,2,Ujaran Kebencian - Sedang,0.3575344,False,32,5,5.6,False,False,True,0.03125,1,0
Ora ana sing bakal ngalangi aku ujar manawa aku tresna marang kutha iki!,positive,Bukan Ujaran Kebencian,1.0,0.0,rule_based_positive,,,2,Ujaran Kebencian - Sedang,0.31347725,False,72,13,4.615384615384615,False,True,True,0.013888888888888888,5,0
"Sawise kabeh wong mandheg mikir yen rasis iku bodho, sanajan kita ora bodho, mula bakal kelakon.",negative,Ujaran Kebencian - Ringan,0.75,3.313433885574341,deepseek_api_parallel,,29415.0,3,Ujaran Kebencian - Berat,0.3496451,False,96,16,5.0625,False,True,True,0.010416666666666666,5,0
Aku pengin kabeh wanita dilebokake ing pakunjaran,negative,Ujaran Kebencian - Berat,0.95,3.390509605407715,deepseek_api_parallel,,10162.0,3,Ujaran Kebencian - Berat,0.30113688,True,49,7,6.142857142857143,False,False,True,0.02040816326530612,1,0
"Oreo minangka campuran coklat peteng, krim, gula, lan junk.",positive,Bukan Ujaran Kebencian,1.0,0.0,rule_based_positive,,,2,Ujaran Kebencian - Sedang,0.37071872,False,59,9,5.666666666666667,False,True,True,0.01694915254237288,1,0
Wektu kanggo ngomong babagan rong konsep: kaendahan lan korea,positive,Bukan Ujaran Kebencian,1.0,0.0,rule_based_positive,,,3,Ujaran Kebencian - Berat,0.31173944,False,61,9,5.888888888888889,False,True,True,0.01639344262295082,1,0
Rasa nesu kurang saka masalah praktis: imigran Latino ora cocog karo budaya kita,negative,Ujaran Kebencian - Sedang,0.9,5.437258243560791,deepseek_api_parallel,,37998.0,2,Ujaran Kebencian - Sedang,0.37517637,True,80,13,5.230769230769231,False,True,True,0.025,2,0
Aku sengit misogynists,positive,Bukan Ujaran Kebencian,1.0,0.0,rule_based_positive,,,2,Ujaran Kebencian - Sedang,0.3345262,False,22,3,6.666666666666667,False,False,True,0.045454545454545456,1,0
Aku seneng banget karo rencana mateni kabeh wong cacat,negative,Ujaran Kebencian - Berat,0.95,5.5702598094940186,deepseek_api_parallel,,8439.0,3,Ujaran Kebencian - Berat,0.3184097,True,54,9,5.111111111111111,False,False,True,0.018518518518518517,4,0
ayo padha rembugan bab panganiaya marang wong Yahudi,positive,Bukan Ujaran Kebencian,1.0,0.0,rule_based_positive,,,2,Ujaran Kebencian - Sedang,0.29623976,False,52,8,5.625,False,False,True,0.019230769230769232,1,0
Aku seneng banget karo rencana mateni kabeh wong India,negative,Ujaran Kebencian - Berat,0.95,3.897423505783081,deepseek_api_parallel,,8551.0,3,Ujaran Kebencian - Berat,0.30435392,True,54,9,5.111111111111111,False,False,True,0.037037037037037035,4,0
"Aktivis Britain First minangka sukarelawan sing melu brosur, protes, rapat umum pirang-pirang dina lan kegiatan kampanye liyane. Aktivisme kita mbantu ningkatake kesadaran lan nggedhekake perlawanan marang bab-bab kaya dandan bocah, kawin paksa, mutilasi kelamin wanita, rencana masjid sing ora cocog, lan liya-liyane, sing ditindakake dening penganut agama sing ora tentrem!",negative,Ujaran Kebencian - Ringan,0.75,4.046390056610107,deepseek_api_parallel,,27307.0,3,Ujaran Kebencian - Berat,0.44573832,False,375,50,6.52,False,True,True,0.010666666666666666,4,0
"Ing sekolahku akeh bocah-bocah Yahudi, lan padha mikir kok rata-rata mudhun",negative,Ujaran Kebencian - Ringan,0.75,3.421736240386963,deepseek_api_parallel,,14094.0,2,Ujaran Kebencian - Sedang,0.3548212,False,75,11,5.909090909090909,False,True,True,0.02666666666666667,2,0
Homoseksualitas nglawan alam,negative,Ujaran Kebencian - Berat,0.9,3.5782599449157715,deepseek_api_parallel,,36721.0,2,Ujaran Kebencian - Sedang,0.3557635,False,28,3,8.666666666666666,False,False,True,0.03571428571428571,0,0
Duwe anak homo iku paukuman kanggo urip ing dosa,negative,Ujaran Kebencian - Berat,0.95,3.911231517791748,deepseek_api_parallel,,36960.0,3,Ujaran Kebencian - Berat,0.33669683,True,48,9,4.444444444444445,False,False,True,0.020833333333333332,2,0
"ketoke rencanane kike bakal kawujud, sawise pirang-pirang taun ngindari kontrol lengkap marang wong negro.",negative,Ujaran Kebencian - Berat,0.95,3.925297975540161,deepseek_api_parallel,,34465.0,3,Ujaran Kebencian - Berat,0.3444405,True,106,14,6.642857142857143,False,True,False,0.0,2,0
mungkasi nggunakake tembung terwelu wana,positive,Bukan Ujaran Kebencian,1.0,0.0,rule_based_positive,,,0,Bukan Ujaran Kebencian,0.3088133,True,40,5,7.2,False,False,False,0.0,1,0
Aku sengit karo wanita asu !!!,negative,Ujaran Kebencian - Berat,0.95,3.6487069129943848,deepseek_api_parallel,,22678.0,2,Ujaran Kebencian - Sedang,0.36903647,False,30,6,4.166666666666667,False,True,True,0.03333333333333333,2,0
"Nanging, iki bakal dadi kurang umum yen generasi kasebut wis rampung nalika tuwuh ing masyarakat sing 100% percaya yen gay minangka tindak pidana marang Gusti Allah lan mulane ilegal.",positive,Bukan Ujaran Kebencian,1.0,0.0,rule_based_positive,,,3,Ujaran Kebencian - Berat,0.38693097,False,183,29,5.344827586206897,True,True,True,0.01639344262295082,3,0
mung ngakoni sampeyan setan nyembah galak lan donya bisa urip tanpa wong,positive,Bukan Ujaran Kebencian,1.0,0.0,rule_based_positive,,,2,Ujaran Kebencian - Sedang,0.33027112,False,72,12,5.083333333333333,False,False,False,0.0,2,0
"Panganan iki njijiki banget, aku pengin mati",positive,Bukan Ujaran Kebencian,1.0,0.0,rule_based_positive,,,2,Ujaran Kebencian - Sedang,0.3552515,False,44,7,5.428571428571429,False,True,True,0.022727272727272728,3,0
"Tuwuh munggah minangka wong, Aku tansah wanted kanggo ngerti apa wong wadon kang jinis drive iku kaya. Aku kelingan krungu yen orgasme dheweke luwih suwe lan luwih apik kaya hak istimewa liyane ing masyarakat!, mula aku rumangsa cemburu kaya kabeh wong lanang. Aku saiki lagi ing hormon lan aran beda nalika aku aroused. kaya aku ngrasakake sensasi sing luar biasa iki, ana tekanan ing alat kelaminku kaya-kaya wilayah kasebut rata / berongga / poon tang lan aku seneng banget yen disentuh lan malah didemek ...",negative,Ujaran Kebencian - Ringan,0.75,3.70504093170166,deepseek_api_parallel,,30538.0,3,Ujaran Kebencian - Berat,0.48476836,False,511,85,5.023529411764706,False,True,True,0.007827788649706457,6,0
"Iku ironis amarga akeh jinis supremasi kulit putih sing seneng crack, utawa malah duwe bojo Asia lan anak campuran.",negative,Ujaran Kebencian - Ringan,0.75,3.6458356380462646,deepseek_api_parallel,,31515.0,3,Ujaran Kebencian - Berat,0.2810273,False,115,19,5.105263157894737,False,True,True,0.017391304347826087,3,0
Tuangake bahan bakar lan genine supaya bisa ketemu Alla luwih cepet,negative,Ujaran Kebencian - Berat,0.95,3.4611027240753174,deepseek_api_parallel,,39970.0,2,Ujaran Kebencian - Sedang,0.34362468,False,67,11,5.181818181818182,False,False,True,0.029850746268656716,1,0
Aku weruh akeh banget wong kene ngina komunitas Yahudi,positive,Bukan Ujaran Kebencian,1.0,0.0,rule_based_positive,,,3,Ujaran Kebencian - Berat,0.30420998,False,54,9,5.111111111111111,False,False,True,0.037037037037037035,2,0
Muslim iku pengkhianat,negative,Ujaran Kebencian - Berat,0.95,3.759361982345581,deepseek_api_parallel,,3502.0,3,Ujaran Kebencian - Berat,0.32764146,True,22,3,6.666666666666667,False,False,True,0.045454545454545456,2,0
Umat ​​Islam dadi rusake negara iki,negative,Ujaran Kebencian - Berat,0.95,3.759527921676636,deepseek_api_parallel,,11089.0,2,Ujaran Kebencian - Sedang,0.29857227,False,35,6,5.0,False,False,True,0.05714285714285714,1,0
Wong lanang luwih pinter tinimbang wanita,positive,Bukan Ujaran Kebencian,1.0,0.0,rule_based_positive,,,2,Ujaran Kebencian - Sedang,0.33017814,False,41,6,6.0,False,False,True,0.024390243902439025,3,0
Ana akeh banget wong homoseksual ing ngendi aku kerja,negative,Ujaran Kebencian - Ringan,0.7,3.943449497222901,deepseek_api_parallel,,6801.0,3,Ujaran Kebencian - Berat,0.3028735,False,53,9,5.0,False,False,True,0.018867924528301886,3,0
kakangku ayu diowahi lan saiki mossssie,negative,Ujaran Kebencian - Ringan,0.75,3.9161205291748047,deepseek_api_parallel,,24821.0,3,Ujaran Kebencian - Berat,0.297291,False,39,6,5.666666666666667,False,False,False,0.0,2,0
"Kita pulo cilik, kita ora bisa ndhukung kabeh wong ireng iki",negative,Ujaran Kebencian - Sedang,0.75,5.753148317337036,deepseek_api_parallel,,3820.0,2,Ujaran Kebencian - Sedang,0.32684472,True,60,11,4.545454545454546,False,True,True,0.016666666666666666,3,0
"Wong wadon mung ingkar janji amarga wong wadon iku fickle lan capricious lan padha diwenehi kamardikan kanggo tumindak ora tanggung jawab kuwi. Nanging yen ana wong sing nindakake iki, mula dheweke nglanggar kode kehormatan sing ora ditulis sing kudu ditindakake kabeh wong.",negative,Ujaran Kebencian - Ringan,0.75,3.0619919300079346,deepseek_api_parallel,,28004.0,3,Ujaran Kebencian - Berat,0.4002524,False,274,42,5.5476190476190474,False,True,True,0.0072992700729927005,6,0
"Kita butuh negara anyar, kanca-kanca. Negara kanggo wong kulit putih lan ngusir liyane.",negative,Ujaran Kebencian - Berat,0.95,3.704060316085816,deepseek_api_parallel,,35479.0,2,Ujaran Kebencian - Sedang,0.34185675,False,87,13,5.769230769230769,False,True,True,0.022988505747126436,2,0
kebersihan iku konsep sing ora bisa digandhengake karo kewan,positive,Bukan Ujaran Kebencian,1.0,0.0,rule_based_positive,,,3,Ujaran Kebencian - Berat,0.30874643,False,60,9,5.777777777777778,False,False,False,0.0,3,0
Ekonomi kita ing kondisi ala,positive,Bukan Ujaran Kebencian,1.0,0.0,rule_based_positive,,,3,Ujaran Kebencian - Berat,0.36582378,False,28,5,4.8,False,False,True,0.03571428571428571,0,0
"kancaku wis pengalaman elek karo ngeculke kang warata metu. Kulawargane, sing jelas wong asing, ninggalake dheweke ing kahanan sing bener. Iku kebak sampah lan reged tenan, Aku guess padha kudu wis samesthine sing!",negative,Ujaran Kebencian - Sedang,0.9,3.6315977573394775,deepseek_api_parallel,,24171.0,3,Ujaran Kebencian - Berat,0.33751953,False,214,33,5.515151515151516,False,True,True,0.014018691588785047,7,0
"ya biasa lah otak goblok, apa2 dikaitin sama agama, tp dia sendiri munafik anjing..",negative,Ujaran Kebencian - Sedang,0.95,4.089514017105103,deepseek_api_parallel,,40938.0,2,Ujaran Kebencian - Sedang,0.37378883,True,83,14,5.0,True,True,False,0.0,0,1
"Iki mung alesan liyane kanggo ndalang yen perbudakan ora perlu, lan wong kulit ireng kudu bebas. Aku sengit karo wong sing mikir kaya ngono.",negative,Ujaran Kebencian - Berat,0.95,3.40981125831604,deepseek_api_parallel,,32691.0,2,Ujaran Kebencian - Sedang,0.3153357,False,140,24,4.875,False,True,True,0.014285714285714285,6,0
Kita kudu medhot lan nyopot kabeh qu33r-0ids lan ora ana hubungane karo dheweke.,negative,Ujaran Kebencian - Berat,0.95,3.4308102130889893,deepseek_api_parallel,,36233.0,2,Ujaran Kebencian - Sedang,0.38160738,False,80,13,5.230769230769231,True,True,True,0.0125,4,0
"rungokno kowe kabeh omong elek soal lesbian, tapi ora ana sing dicritakake bab para sutresna kari.",negative,Ujaran Kebencian - Sedang,0.9,3.588639259338379,deepseek_api_parallel,,32449.0,2,Ujaran Kebencian - Sedang,0.3732153,True,98,16,5.1875,False,True,False,0.0,3,0
wong homo iku inferior,negative,Ujaran Kebencian - Berat,0.95,3.222633123397827,deepseek_api_parallel,,33787.0,2,Ujaran Kebencian - Sedang,0.3534011,False,22,4,4.75,False,False,False,0.0,2,0
apa ana wong liya sing seneng ngalahake kabeh wong India nganti mati utawa mung aku?,negative,Ujaran Kebencian - Berat,0.9,5.545855760574341,deepseek_api_parallel,,21402.0,2,Ujaran Kebencian - Sedang,0.3235946,False,84,15,4.666666666666667,False,True,True,0.011904761904761904,3,0
"Ing tlatah iki akeh wong pribumi, mula mlaku luwih cepet..",negative,Ujaran Kebencian - Ringan,0.75,3.725930690765381,deepseek_api_parallel,,6138.0,2,Ujaran Kebencian - Sedang,0.39475036,False,58,10,4.9,False,True,True,0.017241379310344827,3,0
ayo ngomong babagan antitesis stabilitas emosi: wong transgender,negative,Ujaran Kebencian - Ringan,0.75,6.297864437103272,deepseek_api_parallel,,23603.0,2,Ujaran Kebencian - Sedang,0.32243237,False,64,8,7.125,False,True,False,0.0,1,0
Muslim mesthi ora wong apik,negative,Ujaran Kebencian - Sedang,0.9,4.078321218490601,deepseek_api_parallel,,38351.0,2,Ujaran Kebencian - Sedang,0.35860166,True,27,5,4.6,False,False,True,0.037037037037037035,2,0
Aku mung ora seneng Nigg@s,negative,Ujaran Kebencian - Berat,0.95,3.51943039894104,deepseek_api_parallel,,36552.0,2,Ujaran Kebencian - Sedang,0.3120183,False,26,5,4.4,False,True,True,0.07692307692307693,2,0
"Wong-wong sing percaya yen para imigran dadi beban masyarakat, padha bodho!",positive,Bukan Ujaran Kebencian,1.0,0.0,rule_based_positive,,,2,Ujaran Kebencian - Sedang,0.39307755,False,75,11,5.909090909090909,False,True,True,0.013333333333333334,1,0
hahahaha raimu koyok kirek,negative,Ujaran Kebencian - Sedang,0.9,4.376593589782715,deepseek_api_parallel,,15442.0,2,Ujaran Kebencian - Sedang,0.3559986,True,26,4,5.75,False,False,False,0.0,0,0
"Panda minangka mamalia sing cerdas lan nurturing. Sayange, dheweke uga ana ing ambang punah. Kosok baline, sampeyan bisa ndeleng jerapah ing endi wae.",positive,Bukan Ujaran Kebencian,1.0,0.0,rule_based_positive,,,3,Ujaran Kebencian - Berat,0.38200808,False,150,23,5.565217391304348,False,True,True,0.02,2,0
Aku seneng carane wong ireng bodho,negative,Ujaran Kebencian - Sedang,0.9,3.7906343936920166,deepseek_api_parallel,,18649.0,2,Ujaran Kebencian - Sedang,0.33280033,True,34,6,4.833333333333333,False,False,True,0.029411764705882353,2,0
"Prajurit Hitler minangka pahlawan sejati. Yen sampeyan ora ngerti saiki, sampeyan ora bakal bisa ndeleng cahya.",negative,Ujaran Kebencian - Berat,0.95,2.861396074295044,deepseek_api_parallel,,26079.0,3,Ujaran Kebencian - Berat,0.37802336,True,111,16,6.0,False,True,True,0.02702702702702703,2,0
"Saben uwong mikir wong Asia iku apik tenan lan ana apa-apa salah karo wong, nanging aku ora ngerti carane. Wong-wong iki kabeh salah lan aku ora setuju karo panemune, dheweke kudu mandheg nggawe sing apik banget.",negative,Ujaran Kebencian - Ringan,0.75,4.734964847564697,deepseek_api_parallel,,10956.0,3,Ujaran Kebencian - Berat,0.38239184,False,212,36,4.916666666666667,False,True,True,0.014150943396226415,8,0
Sampeyan ngerti Nick Fuentes biasane dicokot adhedhasar. Nanging dheweke ora bisa mikir yen dheweke bisa mbajak Partai Republik.,negative,Ujaran Kebencian - Ringan,0.75,3.7303459644317623,deepseek_api_parallel,,33366.0,2,Ujaran Kebencian - Sedang,0.36886945,False,128,18,6.166666666666667,False,True,True,0.046875,2,0
"Napa sawetara wong angel ngerti yen wanita, POC, imigran, lan kelompok LGBT ora bisa menehi perspektif sing unik lan mulane keragaman ora kudu diabaikan? Wong-wong iki ora kudu nggawa alangan amarga iku sing rata-rata wong kulit putih lurus lan iku.",negative,Ujaran Kebencian - Ringan,0.75,2.996253252029419,deepseek_api_parallel,,32745.0,2,Ujaran Kebencian - Sedang,0.3276441,False,249,40,5.25,False,True,True,0.03614457831325301,5,0
Sing duwe akar leluhur ing Suriah iku wong sing ora tanggung jawab.,negative,Ujaran Kebencian - Sedang,0.8,3.51200795173645,deepseek_api_parallel,,21484.0,3,Ujaran Kebencian - Berat,0.29396287,False,67,12,4.666666666666667,False,True,True,0.029850746268656716,3,0
Aku rumangsa apik yen wong liya nelpon tanggane niglet,negative,Ujaran Kebencian - Ringan,0.7,3.8230154514312735,deepseek_api_parallel,,11704.0,3,Ujaran Kebencian - Berat,0.29394343,False,54,9,5.111111111111111,False,False,True,0.018518518518518517,2,0
Aku seneng carane bodho bocah-bocah wadon iku,negative,Ujaran Kebencian - Sedang,0.9,4.067429304122925,deepseek_api_parallel,,18603.0,3,Ujaran Kebencian - Berat,0.30623254,False,45,7,5.571428571428571,False,False,True,0.022222222222222223,2,0
wong Arab iku bodho,negative,Ujaran Kebencian - Sedang,0.9,4.177419900894165,deepseek_api_parallel,,62.0,2,Ujaran Kebencian - Sedang,0.36011517,True,19,4,4.0,False,False,True,0.05263157894736842,2,0
"pamrentah lan korona wis ngrusak ekonomi kita, ora ana lapangan kerja",positive,Bukan Ujaran Kebencian,1.0,0.0,rule_based_positive,,,2,Ujaran Kebencian - Sedang,0.3556614,False,69,11,5.363636363636363,False,True,False,0.0,3,0
"Ora, ora, ora, ora pribadine unik, asu bodho negro. Sampeyan salah siji sijine wong ana utawa kang dadi nakal, kang climbs kabeh liwat ndhuwur karya lan iku uga fault amarga saka pus. Aku uga duwe kethek sing padha karo sampeyan lan ora ana cara sing bakal mikir nindakake kaya iki amarga nakal banget.",negative,Ujaran Kebencian - Berat,0.95,3.4639949798583984,deepseek_api_parallel,,36149.0,3,Ujaran Kebencian - Berat,0.37996218,True,302,53,4.716981132075472,False,True,True,0.009933774834437087,8,0
Sapa wae sing mangan halal iku wong lara,negative,Ujaran Kebencian - Sedang,0.9,4.098644495010376,deepseek_api_parallel,,38216.0,2,Ujaran Kebencian - Sedang,0.3674094,True,40,8,4.125,False,False,True,0.025,2,0
"bangsat kau penipu,ANJING tobat lo sebelum ajal menjemput",negative,Ujaran Kebencian - Berat,0.95,4.304136514663696,deepseek_api_parallel,,41252.0,3,Ujaran Kebencian - Berat,0.33582565,True,57,8,6.25,False,True,True,0.10526315789473684,0,2
Aku ora seneng kabeh battyboys,negative,Ujaran Kebencian - Sedang,0.9,3.4018421173095703,deepseek_api_parallel,,5276.0,2,Ujaran Kebencian - Sedang,0.28932205,True,30,5,5.2,False,False,True,0.03333333333333333,2,0
Good job kancaku! Iki wektu kanggo nggawe komunitas lara iki wedi maneh.,positive,Bukan Ujaran Kebencian,1.0,0.0,rule_based_positive,,,3,Ujaran Kebencian - Berat,0.29062262,False,72,12,5.083333333333333,False,True,True,0.027777777777777776,2,0
Aku seneng kasunyatan sing wong transgender malah ora nyoba kanggo nggabungake menyang masyarakat kita,negative,Ujaran Kebencian - Ringan,0.75,5.62901782989502,deepseek_api_parallel,,9061.0,2,Ujaran Kebencian - Sedang,0.31678364,False,102,14,6.357142857142857,False,False,True,0.00980392156862745,3,0
"Apa, ancaman nyuduk? Oooooh, muga-muga aku ora nemoni tetanggaku sing ireng.",negative,Ujaran Kebencian - Sedang,0.9,3.6676137447357178,deepseek_api_parallel,,6883.0,2,Ujaran Kebencian - Sedang,0.34426433,True,76,11,6.0,False,True,True,0.02631578947368421,2,0
dheweke katon elek dadi dandanan utawa operasi plastik ora bisa mbantu,positive,Bukan Ujaran Kebencian,1.0,0.0,rule_based_positive,,,3,Ujaran Kebencian - Berat,0.31105563,False,70,11,5.454545454545454,False,False,False,0.0,2,0
"Aku seneng Cina. Padha banget pinter lan hardworking. Wong-wong mau pancen wong sing apikan, alus-alus. Dheweke nggawa akeh katrampilan anyar ing negara kasebut. Aku luwih tresna marang dheweke nalika dheweke mung manggon ing Chinatown.",negative,Bukan Ujaran Kebencian,0.95,2.984795093536377,deepseek_api_parallel,,10884.0,3,Ujaran Kebencian - Berat,0.36938176,False,236,34,5.970588235294118,False,True,True,0.029661016949152543,3,0
Aku ora pengin menyang gym amarga negro wis njupuk alih gym lan nyebar kuman ing ngendi wae.,negative,Ujaran Kebencian - Berat,0.95,4.246917724609375,deepseek_api_parallel,,9768.0,3,Ujaran Kebencian - Berat,0.29587743,True,92,17,4.470588235294118,False,True,True,0.010869565217391304,3,0
Nelpon Shylocks minangka 'mouse' pancen luar biasa! Istilah deskriptif kuwi - padha tansah nyoba kanggo njupuk kauntungan saka wong liya,negative,Ujaran Kebencian - Ringan,0.75,3.8169105052948,deepseek_api_parallel,,10124.0,2,Ujaran Kebencian - Sedang,0.41090262,False,136,20,5.85,False,True,True,0.022058823529411766,1,0
Aku ngerti akeh wong Aborigin bodho.,negative,Ujaran Kebencian - Sedang,0.9,3.942507266998291,deepseek_api_parallel,,8920.0,2,Ujaran Kebencian - Sedang,0.39404106,True,36,6,5.166666666666667,False,True,True,0.05555555555555555,2,0
"Iku unprofessional lan nuduhake yen sampeyan kebak dhewe lan sampeyan ora bisa tindakake pandhuan yen ngandika, iku uga ngluwihi periode wektu sing wong kudu maca, lan iku sampah wektu.",positive,Bukan Ujaran Kebencian,1.0,0.0,rule_based_positive,,,3,Ujaran Kebencian - Berat,0.36799482,False,185,29,5.413793103448276,False,True,True,0.005405405405405406,4,0
"Bocah-bocah ireng kaya kethek, dheweke tansah ngrancang piala sabanjure!",negative,Ujaran Kebencian - Berat,0.95,3.627150535583496,deepseek_api_parallel,,25269.0,3,Ujaran Kebencian - Berat,0.35642788,True,72,9,7.111111111111111,False,True,True,0.013888888888888888,0,0
"Dadi tinimbang ndhelikake utas, nyaring, utawa nglaporake yen sampeyan mikir kudu dilaporake, sampeyan mbales karo nangis? Menehi keuntungan saka mangu kanggo kang cukup pinter kanggo Sage, sampeyan mung narik kawigaten wong kanggo mbales sampeyan lan ninggalake topik macet.",positive,Bukan Ujaran Kebencian,1.0,0.0,rule_based_positive,,,3,Ujaran Kebencian - Berat,0.3882946,False,275,38,6.2631578947368425,False,True,True,0.01090909090909091,6,0
"Aku bisa metu kanggo nedha bengi karo wong wadon lawas ing dheweke 30s, nanging ora nyana kula kanggo mbayar amarga sing jenis perawatan wis dilindhungi undhang-undhang kanggo wanita enom panas, lan mung ing kesempatan khusus padha njaluk iku. Manuk lawas ora pantes amarga wis ora cukup kanggo jancok.",negative,Ujaran Kebencian - Sedang,0.9,3.8659183979034415,deepseek_api_parallel,,34973.0,3,Ujaran Kebencian - Berat,0.3871345,False,302,48,5.3125,True,True,True,0.006622516556291391,7,0
tumpukan gedhe sampah mambu iku setengah kasta,negative,Ujaran Kebencian - Sedang,0.75,3.688830852508545,deepseek_api_parallel,,17397.0,3,Ujaran Kebencian - Berat,0.37686595,False,46,7,5.714285714285714,False,False,False,0.0,1,0
"Aku ora pengin muni rasis utawa apa, nanging kabeh wong Asia katon fiiiiiineeee.",positive,Bukan Ujaran Kebencian,1.0,0.0,rule_based_positive,,,2,Ujaran Kebencian - Sedang,0.39068803,False,80,13,5.230769230769231,False,True,True,0.025,3,0
wanita liwat 30 kudu tetep ing ngarep lan mundhakaken anak,negative,Ujaran Kebencian - Ringan,0.75,3.6591970920562735,deepseek_api_parallel,,353.0,2,Ujaran Kebencian - Sedang,0.30083004,False,58,10,4.9,True,False,False,0.0,2,0
"Iki minangka polisi sing padha sing bakal ora katon nalika Arson, Looting, Pembunuhan para penjahat mateni sedulur-sedulurmu lan ngrusak panguripane. JANCOK BLUE LIFE... kabeh sing apik pasrah.",positive,Bukan Ujaran Kebencian,1.0,0.0,rule_based_positive,,,3,Ujaran Kebencian - Berat,0.34680274,False,193,27,6.185185185185185,False,True,True,0.09326424870466321,3,0
Kita bakal nggawe sandwich pastrami saka iku,negative,Bukan Ujaran Kebencian,0.95,3.943814754486084,deepseek_api_parallel,,220.0,2,Ujaran Kebencian - Sedang,0.31707835,False,44,7,5.428571428571429,False,False,True,0.022727272727272728,1,0
"Sing paling apik ing donya bisa ditemokake ing Inggris: pub, sunsets ayu, kutha-kutha cilik picturesque, wong grapyak, sopan santun. Imigran teka kanggo kontribusi karo budaya lan nilai dhewe, ngganti kabeh.",negative,Ujaran Kebencian - Ringan,0.75,4.2993552684783936,deepseek_api_parallel,,10310.0,2,Ujaran Kebencian - Sedang,0.33625,False,207,30,5.933333333333334,False,True,True,0.014492753623188406,3,0
Aku roughness wong ireng,negative,Ujaran Kebencian - Sedang,0.9,3.5001840591430664,deepseek_api_parallel,,18278.0,2,Ujaran Kebencian - Sedang,0.31755492,True,24,4,5.25,False,False,True,0.041666666666666664,2,0
"iki tambah konyol, kok kabeh wong nganggep wong ireng kuwi ora jahat, iku lan kudu dadi kawruh umum kanggo kabeh wong, aku ora pengin kudu mubeng-mubeng ngomong yen dheweke wis ngerti.",negative,Ujaran Kebencian - Sedang,0.9,3.674572944641113,deepseek_api_parallel,,16987.0,3,Ujaran Kebencian - Berat,0.34285605,False,184,31,4.967741935483871,False,True,False,0.0,6,0
Ora adil yen wong kulit ireng luwih cendhek tinimbang wong kulit putih,positive,Bukan Ujaran Kebencian,1.0,0.0,rule_based_positive,,,3,Ujaran Kebencian - Berat,0.30118772,False,70,12,4.916666666666667,False,False,True,0.014285714285714285,2,0
"Aku panginten iku aneh carane dheweke ora film Jamie. Dheweke wingi bengi nanging sengaja ora ngetokne raine, sing aneh anggone ngupayakake minat marang si kuning.",negative,Ujaran Kebencian - Ringan,0.75,3.2202963829040527,deepseek_api_parallel,,31873.0,2,Ujaran Kebencian - Sedang,0.33313203,False,163,25,5.56,False,True,True,0.018404907975460124,4,0
Kamu hanya bisa bikin masalah,negative,Ujaran Kebencian - Ringan,0.75,4.318499326705933,deepseek_api_parallel,,41592.0,2,Ujaran Kebencian - Sedang,0.31645632,False,29,5,5.0,False,False,True,0.034482758620689655,1,0
sedhih yen aku ora rumangsa aman diubengi dening lesbian,negative,Ujaran Kebencian - Ringan,0.75,3.0993752479553223,deepseek_api_parallel,,13584.0,2,Ujaran Kebencian - Sedang,0.30532596,False,56,9,5.333333333333333,False,False,False,0.0,3,0
"Yen sampeyan mikir babagan iki, wong transgender minangka ancaman nyata kanggo masyarakat",negative,Ujaran Kebencian - Berat,0.9,3.641305446624756,deepseek_api_parallel,,4630.0,2,Ujaran Kebencian - Sedang,0.32448262,False,89,12,6.5,False,True,True,0.011235955056179775,2,0
Ngapusi minangka kualitas umum para imigran,negative,Ujaran Kebencian - Sedang,0.9,3.647723197937012,deepseek_api_parallel,,10188.0,2,Ujaran Kebencian - Sedang,0.335458,True,43,6,6.333333333333333,False,False,True,0.023255813953488372,0,0
"Minangka wong lanang, aku rumangsa ora pantes lungguh karo kanca sing lagi ngandhut",negative,Ujaran Kebencian - Ringan,0.75,3.89224624633789,deepseek_api_parallel,,1481.0,2,Ujaran Kebencian - Sedang,0.3303992,False,83,13,5.461538461538462,False,True,True,0.012048192771084338,6,0
Politikus sing paling awon,positive,Bukan Ujaran Kebencian,1.0,0.0,rule_based_positive,,,2,Ujaran Kebencian - Sedang,0.36824667,False,26,4,5.75,False,False,True,0.038461538461538464,1,0
Aku ora pengin duwe HeShe minangka pepadhamu,negative,Ujaran Kebencian - Sedang,0.8,4.254457235336304,deepseek_api_parallel,,5183.0,2,Ujaran Kebencian - Sedang,0.3172391,True,44,7,5.428571428571429,False,False,True,0.06818181818181818,2,0
Aku weruh akeh liyane dykes enom ing wilayah iki dibandhingake karo ngendi aku digunakake kanggo manggon,negative,Ujaran Kebencian - Ringan,0.75,5.614365577697754,deepseek_api_parallel,,20428.0,3,Ujaran Kebencian - Berat,0.3012185,False,104,16,5.5625,False,False,True,0.009615384615384616,3,0
ojo kantun kotor lesbian tutuk seks lambe ciuman ilat jancok pus susu bokong bikini seks xxx panas kaki ngambung video,negative,Ujaran Kebencian - Berat,0.95,3.149142265319824,deepseek_api_parallel,,36361.0,2,Ujaran Kebencian - Sedang,0.33854496,False,118,20,4.95,False,False,False,0.0,2,0
Pengin ndeleng klompok kecoak interaksi? Nonton wong ireng ing urip ireng protes,negative,Ujaran Kebencian - Berat,0.95,3.4402389526367188,deepseek_api_parallel,,16428.0,2,Ujaran Kebencian - Sedang,0.34477276,False,80,12,5.75,False,True,True,0.025,1,0
Ana rong jinis wong ing donya iki. wong sing tak hormati lan wanita pribumi,negative,Ujaran Kebencian - Sedang,0.9,3.5575175285339355,deepseek_api_parallel,,23810.0,2,Ujaran Kebencian - Sedang,0.29915324,True,75,14,4.428571428571429,False,True,True,0.013333333333333334,4,0
Proyek Advokasi Asylum Seeker iku sampah,negative,Ujaran Kebencian - Sedang,0.9,3.49261212348938,deepseek_api_parallel,,14271.0,3,Ujaran Kebencian - Berat,0.369713,False,40,6,5.833333333333333,False,False,True,0.1,1,0
Aku seneng ide ngobong kabeh wong ireng,negative,Ujaran Kebencian - Berat,0.95,3.3885114192962646,deepseek_api_parallel,,7620.0,0,Bukan Ujaran Kebencian,0.306243,False,39,7,4.714285714285714,False,False,True,0.02564102564102564,2,0
"Aku seneng wong ireng. Padha banget hardworking, ceria lan murni. Aku luwih tresna wong-wong mau nalika padha ngadeg munggah kanggo oppression.",positive,Bukan Ujaran Kebencian,1.0,0.0,rule_based_positive,,,3,Ujaran Kebencian - Berat,0.36604238,False,143,21,5.857142857142857,False,True,True,0.02097902097902098,3,0
"urgh, telat banget kesel",negative,Ujaran Kebencian - Ringan,0.7,3.657679796218872,deepseek_api_parallel,,21158.0,3,Ujaran Kebencian - Berat,0.34223568,False,24,4,5.25,False,True,False,0.0,0,0
Muga-muga kita bisa nemokake tamba kanggo gay,negative,Ujaran Kebencian - Ringan,0.7,4.042683124542236,deepseek_api_parallel,,1098.0,2,Ujaran Kebencian - Sedang,0.33510858,False,45,7,5.571428571428571,False,False,True,0.022222222222222223,0,0
"Saben uwong ngira yen wong lelungan iku apik banget lan ora ana sing salah, nanging aku ora ngerti kepiye. Wong-wong iki kabeh salah lan aku ora setuju karo panemune, dheweke kudu mandheg nggawe sing apik banget.",negative,Ujaran Kebencian - Ringan,0.75,3.677078723907471,deepseek_api_parallel,,11138.0,3,Ujaran Kebencian - Berat,0.36429852,False,212,36,4.916666666666667,False,True,True,0.009433962264150943,8,0
Aku luwih seneng nyekel koronavirus tinimbang ngubengi wong kulit ireng,negative,Ujaran Kebencian - Berat,0.95,4.160404443740845,deepseek_api_parallel,,4916.0,3,Ujaran Kebencian - Berat,0.2952916,True,71,10,6.2,False,False,True,0.014084507042253521,2,0
dadi bungah aku putih lan ora sawetara wong ireng njijiki,negative,Ujaran Kebencian - Sedang,0.9,3.713424921035767,deepseek_api_parallel,,7672.0,2,Ujaran Kebencian - Sedang,0.29196602,True,57,10,4.8,False,False,False,0.0,5,0
"Wong lanang homo diijini dadi transphobic ing reddit nalika kabeh subreddits lesbian mung wanita lan subreddit kritis jender dilarang amarga promosi ujaran sengit. Aku sengit kanggo ndeleng wong gay ngomong bebener lan nelpon metu TRA homophobia. Standar ganda iki sedih, wong homo sing paling awon.",negative,Ujaran Kebencian - Sedang,0.9,5.210602045059204,deepseek_api_parallel,,35865.0,3,Ujaran Kebencian - Berat,0.4266434,False,299,45,5.666666666666667,False,True,True,0.020066889632107024,5,0
Aku ora pengin anakku nikah karo Chink,negative,Ujaran Kebencian - Berat,0.95,4.208215236663818,deepseek_api_parallel,,4470.0,2,Ujaran Kebencian - Sedang,0.28297114,False,38,7,4.571428571428571,False,False,True,0.05263157894736842,4,0
"Ngganggu banget kudu nerangake dhewe lan alasan aku ora seneng karo fauxbians, kabeh wong kudu ngerti panjelasan sing jelas iki lan kudu ngrasakake cara sing padha.",negative,Ujaran Kebencian - Sedang,0.8,4.178109884262085,deepseek_api_parallel,,15731.0,2,Ujaran Kebencian - Sedang,0.33987013,True,164,26,5.346153846153846,False,True,True,0.006097560975609756,6,0
Aku seneng carane negro bodho iku,negative,Ujaran Kebencian - Sedang,0.95,3.814672708511353,deepseek_api_parallel,,22050.0,2,Ujaran Kebencian - Sedang,0.3097287,True,33,6,4.666666666666667,False,False,True,0.030303030303030304,2,0
wong mayo ora duwe perasaan lan ora bisa ditresnani kaya manungsa liyane,negative,Ujaran Kebencian - Berat,0.95,4.148468732833862,deepseek_api_parallel,,2864.0,2,Ujaran Kebencian - Sedang,0.32804802,False,72,12,5.083333333333333,False,False,False,0.0,3,0
Ana akeh wong ireng ing dalanku,positive,Bukan Ujaran Kebencian,1.0,0.0,rule_based_positive,,,3,Ujaran Kebencian - Berat,0.34552586,False,31,6,4.333333333333333,False,False,True,0.03225806451612903,3,0
"Enak ngomong kabeh nek aku ora gething karo wong arab, isin iku ngapusi.",negative,Ujaran Kebencian - Sedang,0.9,4.284981727600098,deepseek_api_parallel,,21723.0,2,Ujaran Kebencian - Sedang,0.36766204,True,72,13,4.615384615384615,False,True,True,0.013888888888888888,5,0
Gerakan Pelancong kudu diremuk,negative,Ujaran Kebencian - Sedang,0.9,3.7977375984191895,deepseek_api_parallel,,13750.0,3,Ujaran Kebencian - Berat,0.3260788,False,30,4,6.75,False,False,True,0.06666666666666667,1,0
Aku seneng nyuduk wong Yahudi saiki,negative,Ujaran Kebencian - Berat,0.95,3.6067922115325928,deepseek_api_parallel,,1285.0,3,Ujaran Kebencian - Berat,0.32535297,True,35,6,5.0,False,False,True,0.05714285714285714,3,0
"pepadhamu homo duwe gelar doktor lan 3 gelar master, mbokmenawa ing seni dadi fagot lara",negative,Ujaran Kebencian - Sedang,0.9,5.892598628997803,deepseek_api_parallel,,20188.0,3,Ujaran Kebencian - Berat,0.29812792,False,88,15,4.933333333333334,True,True,False,0.0,1,0
"ora ana sing seneng kuku ireng, elek",positive,Bukan Ujaran Kebencian,1.0,0.0,rule_based_positive,,,2,Ujaran Kebencian - Sedang,0.3623897,False,36,7,4.285714285714286,False,True,False,0.0,2,0
Aku ora ngerti carane sampeyan bisa ngatasi lesbian ing papan kerja sampeyan. Aku ora bakal bisa!,negative,Ujaran Kebencian - Ringan,0.75,3.7916862964630127,deepseek_api_parallel,,6334.0,2,Ujaran Kebencian - Sedang,0.32022575,False,97,16,5.125,False,True,True,0.020618556701030927,2,0
Kepiye wong transgender ngadhepi kasunyatan manawa wanita tansah katon luwih apik tinimbang dheweke?,negative,Ujaran Kebencian - Ringan,0.75,3.000420570373535,deepseek_api_parallel,,29813.0,0,Bukan Ujaran Kebencian,0.30871946,False,100,13,6.769230769230769,False,True,True,0.01,2,0
impurity punika konsep sing ora bisa digandhengake karo wong coklat,positive,Bukan Ujaran Kebencian,1.0,0.0,rule_based_positive,,,2,Ujaran Kebencian - Sedang,0.38286585,False,67,10,5.8,False,False,False,0.0,3,0
Trans ora nuwun,positive,Bukan Ujaran Kebencian,1.0,0.0,rule_based_positive,,,2,Ujaran Kebencian - Sedang,0.36574745,False,15,3,4.333333333333333,False,False,True,0.06666666666666667,1,0
Muga-muga ora ana LGBT maneh ing jagad iki,negative,Ujaran Kebencian - Berat,0.95,3.498739004135132,deepseek_api_parallel,,37600.0,2,Ujaran Kebencian - Sedang,0.3152776,False,42,8,4.375,False,False,True,0.11904761904761904,3,0
"tumpukan sampah, iku apa iku, Aku iku amarga iku dyke",negative,Ujaran Kebencian - Berat,0.95,4.053468465805054,deepseek_api_parallel,,17441.0,2,Ujaran Kebencian - Sedang,0.33041292,False,53,10,4.4,False,True,True,0.018867924528301886,2,0
Dheweke Ora Bakal Ganti Kita mung kanggo kepentingan masyarakat kita,negative,Bukan Ujaran Kebencian,0.7,3.57524847984314,deepseek_api_parallel,,14279.0,3,Ujaran Kebencian - Berat,0.315213,False,68,10,5.9,False,False,True,0.07352941176470588,1,0
adoh saka sampah elek wong Yahudi,negative,Ujaran Kebencian - Berat,0.95,3.4444117546081543,deepseek_api_parallel,,19341.0,2,Ujaran Kebencian - Sedang,0.3298812,False,33,6,4.666666666666667,False,False,True,0.030303030303030304,1,0
sing duwe bayi kudu manggon ing pulo sing adoh,negative,Ujaran Kebencian - Ringan,0.75,3.7559056282043457,deepseek_api_parallel,,1515.0,2,Ujaran Kebencian - Sedang,0.316414,False,46,9,4.222222222222222,False,False,False,0.0,0,0
"kanggo neraka karo zoo, padha kudu numpes. Kajaba padha ngunci wong ireng.",negative,Ujaran Kebencian - Berat,0.95,3.138785123825073,deepseek_api_parallel,,14662.0,2,Ujaran Kebencian - Sedang,0.36495596,False,74,12,5.25,False,True,True,0.013513513513513514,2,0
Sing golek suaka ora ditampa,negative,Ujaran Kebencian - Ringan,0.75,4.060548782348633,deepseek_api_parallel,,141.0,2,Ujaran Kebencian - Sedang,0.33940694,False,28,5,4.8,False,False,True,0.03571428571428571,1,0
sampeyan nggegirisi oh ya iku amarga sampeyan bajingan,positive,Bukan Ujaran Kebencian,1.0,0.0,rule_based_positive,,,3,Ujaran Kebencian - Berat,0.36262625,False,54,8,5.875,False,False,False,0.0,1,0
Pengin ndeleng akeh wong edan lan ora kompeten? deleng turis Irlandia sing lagi siap-siap. Dheweke dadi sampah negara iki,negative,Ujaran Kebencian - Sedang,0.9,3.304278612136841,deepseek_api_parallel,,20243.0,2,Ujaran Kebencian - Sedang,0.3134113,True,121,19,5.421052631578948,False,True,True,0.024793388429752067,4,0
@ll m3n @r3 s3xu@l h@r@ss3rs,negative,Ujaran Kebencian - Berat,0.95,3.881294250488281,deepseek_api_parallel,,38295.0,2,Ujaran Kebencian - Sedang,0.41618568,False,28,5,4.8,True,True,False,0.0,0,0
"Yen sampeyan pengin negro dadi pepadhamu, pilih liberal utawa buruh",negative,Ujaran Kebencian - Berat,0.95,3.6144802570343018,deepseek_api_parallel,,691.0,2,Ujaran Kebencian - Sedang,0.39486283,False,67,10,5.8,False,True,True,0.014925373134328358,0,0
Kita kudu melas amarga dheweke wong Prancis,negative,Ujaran Kebencian - Ringan,0.75,3.2267613410949707,deepseek_api_parallel,,40378.0,3,Ujaran Kebencian - Berat,0.36356813,False,43,7,5.285714285714286,False,False,True,0.046511627906976744,1,0
Aku retorika anti-Eropa iku bab sing banget bab.,positive,Bukan Ujaran Kebencian,1.0,0.0,rule_based_positive,,,2,Ujaran Kebencian - Sedang,0.3637211,False,48,8,5.125,False,True,True,0.041666666666666664,2,0
pit bulls minangka jenis sing mbebayani,positive,Bukan Ujaran Kebencian,1.0,0.0,rule_based_positive,,,2,Ujaran Kebencian - Sedang,0.34730902,False,39,6,5.666666666666667,False,False,False,0.0,0,0
"Nyuwun pangapunten, nanging wong ora kudu bangga karo penyakit mental",negative,Ujaran Kebencian - Ringan,0.75,3.657870769500733,deepseek_api_parallel,,29685.0,2,Ujaran Kebencian - Sedang,0.32983598,False,69,10,6.0,False,True,True,0.014492753623188406,3,0
Aku ndeleng luwih akeh minoritas ing wilayah iki dibandhingake karo ngendi aku manggon. Ala banget!,negative,Ujaran Kebencian - Ringan,0.75,3.645853519439697,deepseek_api_parallel,,20411.0,2,Ujaran Kebencian - Sedang,0.3509665,False,99,15,5.666666666666667,False,True,True,0.020202020202020204,3,0
"opo? Apa Türkiye dirusak? piye karo Mesir? Arab Saudi? Iran? wong Pakistan? Bangladesh? Ana akeh negara panas, nanging padha milih teka kene ing preian.",positive,Bukan Ujaran Kebencian,1.0,0.0,rule_based_positive,,,3,Ujaran Kebencian - Berat,0.35680184,False,152,24,5.375,False,True,True,0.05921052631578947,3,0
"eksistensi dheweke dadi salah sawijining sebab kenapa uripku ora kepenak, tuhan aku pengin mateni kabeh wanita",negative,Ujaran Kebencian - Berat,0.95,4.178515434265137,deepseek_api_parallel,,16611.0,2,Ujaran Kebencian - Sedang,0.33612102,False,110,16,5.9375,False,True,False,0.0,3,0
Tikus Polinesia asalé saka Asia Tenggara,positive,Bukan Ujaran Kebencian,1.0,0.0,rule_based_positive,,,3,Ujaran Kebencian - Berat,0.30726236,False,40,6,5.833333333333333,False,False,True,0.1,1,0
"jancok sampeyan, spearman lan capitalize ing ngedeni! Aku ngarep-arep tenan sampeyan dikunci ing salawas-lawase supaya aku ora bakal nonton sampeyan maneh",negative,Ujaran Kebencian - Berat,0.95,3.714406490325928,deepseek_api_parallel,,30403.0,3,Ujaran Kebencian - Berat,0.38099658,True,154,21,6.380952380952381,False,True,True,0.006493506493506494,4,0
Aku bakal kaget yen luwih akeh wong sing jujur ​​babagan pengungsi: ing kene kita ora jujur,negative,Ujaran Kebencian - Ringan,0.7,5.6122727394104,deepseek_api_parallel,,9952.0,2,Ujaran Kebencian - Sedang,0.32816276,False,91,16,4.75,False,True,True,0.01098901098901099,3,0
YEN KOWE SING JANCOK PASTI SING JANCUK SING JANCOK. WANITA LAP BARANG.,negative,Ujaran Kebencian - Berat,0.95,3.667795181274414,deepseek_api_parallel,,6753.0,2,Ujaran Kebencian - Sedang,0.35249162,False,70,12,4.916666666666667,False,True,True,0.8142857142857143,1,0
Aku ngerti cah wadon karo phenotype wh1t3 sampurna sing duwe mbah Hispanik. Bayangna yen ana warga asing turu karo bocah wadon kaya ngono tanpa ngerti asal-usule.,negative,Ujaran Kebencian - Sedang,0.9,3.9782791137695312,deepseek_api_parallel,,28198.0,3,Ujaran Kebencian - Berat,0.34784216,False,162,26,5.269230769230769,True,True,True,0.018518518518518517,3,0
kok wong ireng tansah katon medeni?,negative,Ujaran Kebencian - Sedang,0.9,3.867464303970337,deepseek_api_parallel,,4791.0,2,Ujaran Kebencian - Sedang,0.37549737,True,35,6,5.0,False,True,False,0.0,1,0
Aku ora bisa dadi kanca karo Shylock,negative,Ujaran Kebencian - Ringan,0.75,3.628708124160767,deepseek_api_parallel,,3992.0,2,Ujaran Kebencian - Sedang,0.28741896,False,36,7,4.285714285714286,False,False,True,0.05555555555555555,3,0
Siswa Asia resmi ora kalebu siswa kategori warna dening distrik sekolah WA.,positive,Bukan Ujaran Kebencian,1.0,0.0,rule_based_positive,,,3,Ujaran Kebencian - Berat,0.32687715,False,75,12,5.333333333333333,False,True,True,0.05333333333333334,2,0
Aku ngerti cah wadon karo phenotype putih sampurna sing duwe mbah Hispanik. Bayangna yen ana warga asing turu karo bocah wadon kaya ngono tanpa ngerti asal-usule.,negative,Ujaran Kebencian - Sedang,0.75,3.18356728553772,deepseek_api_parallel,,28196.0,3,Ujaran Kebencian - Berat,0.31337726,False,162,26,5.269230769230769,False,True,True,0.018518518518518517,3,0
"iku ora gampang kanggo ngomong, lan aja teka ing komentar amarga negara iki ngidini kebebasan ngomong supaya aku diijini kanggo mratelakake panemume lan ora seneng kanggo kiwa, supaya ninggalake kula piyambak amarga padha ora kudu milih, iku mung piye perasaanku",positive,Bukan Ujaran Kebencian,1.0,0.0,rule_based_positive,,,3,Ujaran Kebencian - Berat,0.30777773,False,262,40,5.575,False,True,False,0.0,6,0
"Kepiye… republikan bisa nggambarake Biden, demokrat borjuis konservatif, minangka sosialis? Kuba bodho.",negative,Ujaran Kebencian - Sedang,0.75,2.901185274124145,deepseek_api_parallel,,26570.0,2,Ujaran Kebencian - Sedang,0.38061482,True,103,12,7.666666666666667,False,True,True,0.02912621359223301,0,1
Wong India mambu kari,negative,Ujaran Kebencian - Sedang,0.9,3.9704794883728023,deepseek_api_parallel,,40338.0,2,Ujaran Kebencian - Sedang,0.32824633,True,21,4,4.5,False,False,True,0.09523809523809523,1,0
Shylocks njijiki,negative,Ujaran Kebencian - Sedang,0.9,3.631908178329468,deepseek_api_parallel,,3925.0,2,Ujaran Kebencian - Sedang,0.34826183,True,16,2,7.5,False,False,True,0.0625,1,0
saben dina aku krungu wong ngomong babagan aku amarga aku wong wadon,positive,Bukan Ujaran Kebencian,1.0,0.0,rule_based_positive,,,2,Ujaran Kebencian - Sedang,0.331196,False,68,12,4.75,False,False,False,0.0,2,0
"Siji-sijine wong sing duwe hak kanggo ngandhani wong-wong yen dheweke trans yaiku wong trans dhewe. Yen sampeyan pengin ngandhani wong liya yen wong liya iku trans, sampeyan kudu takon wong trans sadurunge nindakake apa-apa",positive,Bukan Ujaran Kebencian,1.0,0.0,rule_based_positive,,,3,Ujaran Kebencian - Berat,0.40720585,False,223,34,5.588235294117647,False,True,True,0.008968609865470852,2,0
"Iku apik kanggo ngandhani kabeh wong yen aku ora gething karo wong sing seneng andhuk, ala banget yen bakal ngapusi",negative,Ujaran Kebencian - Ringan,0.7,3.998199701309204,deepseek_api_parallel,,21833.0,2,Ujaran Kebencian - Sedang,0.35898435,False,115,20,4.8,False,True,True,0.008695652173913044,5,0
"Halo? Wanita pinggiran kutha? Dheweke pengin mindhah wong miskin ing jejere sampeyan, apa dheweke bisa tuku omah utawa ora. Kaya-kaya lagi nganakake tes: Apa wong peduli karo apa sing kita lakoni?",negative,Ujaran Kebencian - Sedang,0.9,3.439899682998657,deepseek_api_parallel,,25960.0,2,Ujaran Kebencian - Sedang,0.40286136,True,196,31,5.354838709677419,False,True,True,0.025510204081632654,4,0
Wong ireng ora sregep kaya kita wong kulit putih,negative,Ujaran Kebencian - Sedang,0.95,3.844693660736084,deepseek_api_parallel,,19186.0,2,Ujaran Kebencian - Sedang,0.3826373,True,48,9,4.444444444444445,False,False,True,0.020833333333333332,2,0
Nelpon wong oriental 'wong kuning' pancen apik tenan! Istilah deskriptif kuwi,negative,Ujaran Kebencian - Ringan,0.75,3.6104848384857178,deepseek_api_parallel,,9179.0,3,Ujaran Kebencian - Berat,0.3402314,False,77,11,6.090909090909091,False,True,True,0.025974025974025976,2,0
"padha matèni wong ireng sing padha ketemu siji dina, matèni wong Yahudi ing dina sabanjuré lan banjur matèni Arab dina sabanjuré. Sawetara polisi pancen rasis nganti ora peduli karo urip sampeyan utawa wong liya",positive,Bukan Ujaran Kebencian,1.0,0.0,rule_based_positive,,,3,Ujaran Kebencian - Berat,0.35995814,False,211,34,5.235294117647059,False,True,True,0.014218009478672985,4,0
belatung Rohingya,negative,Ujaran Kebencian - Berat,0.95,3.819526672363281,deepseek_api_parallel,,40009.0,2,Ujaran Kebencian - Sedang,0.3581306,False,17,2,8.0,False,False,True,0.058823529411764705,0,0
Babi iku pinter amarga bisa ngyakinake wong Islam supaya ora mangan.,negative,Ujaran Kebencian - Berat,0.95,3.57792067527771,deepseek_api_parallel,,38566.0,2,Ujaran Kebencian - Sedang,0.35953516,False,68,11,5.2727272727272725,False,True,True,0.029411764705882353,3,0
Aku ora pengin lesbian minangka tetanggan,negative,Ujaran Kebencian - Sedang,0.9,6.146260738372803,deepseek_api_parallel,,4998.0,3,Ujaran Kebencian - Berat,0.28155446,False,41,6,6.0,False,False,True,0.024390243902439025,2,0
"Ngganggu banget yen kudu nerangake dhewe lan alasane aku ora seneng sundel, kabeh wong kudu ngerti penjelasan sing jelas iki lan kudu ngrasakake, iku akal sehat.",negative,Ujaran Kebencian - Sedang,0.9,3.017258882522583,deepseek_api_parallel,,15356.0,2,Ujaran Kebencian - Sedang,0.32144088,True,161,26,5.230769230769231,False,True,True,0.006211180124223602,6,0
Apik banget amarga aku ora ngerti maling,positive,Bukan Ujaran Kebencian,1.0,0.0,rule_based_positive,,,2,Ujaran Kebencian - Sedang,0.30711797,False,40,7,4.857142857142857,False,False,True,0.025,2,0
Kita bakal nindakake pembantaian marang kabeh Muslim lan menehi panganan kanggo asu,negative,Ujaran Kebencian - Berat,0.95,3.753438234329224,deepseek_api_parallel,,40117.0,3,Ujaran Kebencian - Berat,0.3082997,True,83,12,6.0,False,False,True,0.024096385542168676,2,0
wong-wong iku kabeh katon kaya bajingan,positive,Bukan Ujaran Kebencian,1.0,0.0,rule_based_positive,,,2,Ujaran Kebencian - Sedang,0.35077897,False,39,6,5.666666666666667,False,False,False,0.0,2,0
Aku pracaya iki minangka jinis wong sing nggawa wong trans mung kanggo debat apa kita kudu duwe hak utawa ora.,positive,Bukan Ujaran Kebencian,1.0,0.0,rule_based_positive,,,2,Ujaran Kebencian - Sedang,0.34641847,False,110,20,4.55,False,True,True,0.00909090909090909,4,0
menyang neraka karo dipan sandi ala,positive,Bukan Ujaran Kebencian,1.0,0.0,rule_based_positive,,,2,Ujaran Kebencian - Sedang,0.29917723,False,35,6,5.0,False,False,False,0.0,1,0
bingung polandia kok ngrusak hak wanita!,negative,Ujaran Kebencian - Sedang,0.8,3.3659331798553467,deepseek_api_parallel,,35603.0,2,Ujaran Kebencian - Sedang,0.43671897,True,40,6,5.833333333333333,False,True,False,0.0,1,0
Ana sing ala banget lan mambu. Mungkin bali menyang India ing ngendi sampeyan lan nyetel.,negative,Ujaran Kebencian - Sedang,0.9,3.828925848007202,deepseek_api_parallel,,28232.0,2,Ujaran Kebencian - Sedang,0.28888208,True,89,15,5.0,False,True,True,0.033707865168539325,2,0
"iku ora gampang kanggo ngomong, lan aja teka ing komentar amarga negara iki ngidini kebebasan ngomong supaya aku diijini kanggo mratelakake panemume lan ora seneng kanggo cowboys unta, supaya ninggalake kula piyambak amarga padha ora kudu ana, sing piye perasaanku",negative,Ujaran Kebencian - Ringan,0.75,3.151495218276977,deepseek_api_parallel,,17866.0,3,Ujaran Kebencian - Berat,0.32175347,False,264,40,5.625,False,True,False,0.0,7,0
Aku bakal omah-omah karo wong sing seneng nyerang wong Cina kaya aku,negative,Ujaran Kebencian - Berat,0.9,5.492460489273071,deepseek_api_parallel,,22544.0,3,Ujaran Kebencian - Berat,0.3412769,True,68,12,4.75,False,False,True,0.029411764705882353,3,0
Internasional Anti-Perbudakan kudu diremuk. Kita butuh tenaga kerja tanpa negro supaya bisa digunakake.,negative,Ujaran Kebencian - Berat,0.95,3.639461755752564,deepseek_api_parallel,,13645.0,3,Ujaran Kebencian - Berat,0.33431232,True,103,13,7.0,False,True,True,0.038834951456310676,0,0
Lo mau maenin cewe? gue kasih monyet cewe sini biar puas,negative,Ujaran Kebencian - Sedang,0.9,4.341381311416626,deepseek_api_parallel,,41072.0,2,Ujaran Kebencian - Sedang,0.32912108,True,56,11,4.181818181818182,False,True,True,0.017857142857142856,0,0
"Kita minangka pulo cilik, kita ora bisa ndhukung kabeh Kutub iki",negative,Ujaran Kebencian - Ringan,0.7,3.887401580810547,deepseek_api_parallel,,3828.0,3,Ujaran Kebencian - Berat,0.318379,False,64,11,4.909090909090909,False,True,True,0.03125,2,0
yuyu luwih elek tinimbang angga,positive,Bukan Ujaran Kebencian,1.0,0.0,rule_based_positive,,,2,Ujaran Kebencian - Sedang,0.28941727,False,31,5,5.4,False,False,False,0.0,0,0
Ora ana sing bisa nggawe aku luwih seneng tinimbang mikir babagan Donald Trump tenggelam,positive,Bukan Ujaran Kebencian,1.0,0.0,rule_based_positive,,,3,Ujaran Kebencian - Berat,0.29931515,False,88,14,5.357142857142857,False,False,True,0.03409090909090909,4,0
"Aku kudu ngomong Jancok negro, kikes, trannies, fags, spics, arab, chinks, fatties lan JANNIES jancok Aku pancene sengit negro",negative,Ujaran Kebencian - Berat,0.99,3.751522064208984,deepseek_api_parallel,,32049.0,3,Ujaran Kebencian - Berat,0.41729242,True,126,19,5.684210526315789,False,True,True,0.07936507936507936,2,0
"Diskriminasi marang wong sing golek suaka ora salah lan njijiki, iku apik",negative,Ujaran Kebencian - Berat,0.95,3.548030138015747,deepseek_api_parallel,,187.0,3,Ujaran Kebencian - Berat,0.3279939,True,73,12,5.166666666666667,False,True,True,0.0136986301369863,5,0
wadon = ala,negative,Ujaran Kebencian - Sedang,0.9,3.665836095809937,deepseek_api_parallel,,16234.0,2,Ujaran Kebencian - Sedang,0.31001285,True,11,3,3.0,False,False,False,0.0,0,0
"Iki (antarane nyolong budaya liyane saka para pecinta nazi modern) ngganggu aku nganti suwe. Ora cukup yen dheweke pancen ora ngerti babagan budaya Skandinavia ing abad kaping 8-9, ora, ora, mung kudu nggawe gambar omong kosong kanggo nggawe luwih elek ing ""tanah imajinasi"". Ora kanggo sebutno pagans sing saiki kudu kasebut kanthi teliti, supaya ora nyebutke utawa nganggo apa-apa sing ana hubungane karo mitologi Norse amarga simbol bisa dadi kanca penyayang alam UTAWA bisa uga Nazi. JANCOK supremasi putih. Nggawe telekmu dhewe, pengecut kurang ajar.",negative,Ujaran Kebencian - Berat,0.95,3.495360374450684,deepseek_api_parallel,,35501.0,3,Ujaran Kebencian - Berat,0.42319408,True,555,85,5.541176470588235,True,True,True,0.032432432432432434,5,0
Kenging punapa tiyang Islam tansah ngapusi?,negative,Ujaran Kebencian - Sedang,0.9,4.0385422706604,deepseek_api_parallel,,4777.0,2,Ujaran Kebencian - Sedang,0.34551862,True,43,6,6.333333333333333,False,True,True,0.046511627906976744,0,0
sedulurku kerja karo wong manca sing cacat,positive,Bukan Ujaran Kebencian,1.0,0.0,rule_based_positive,,,2,Ujaran Kebencian - Sedang,0.32247832,False,42,7,5.142857142857143,False,False,False,0.0,2,0
Pembersihan etnis tegese mateni akeh bayi kecoak sadurunge lair.,negative,Ujaran Kebencian - Berat,0.95,3.4543216228485107,deepseek_api_parallel,,36297.0,2,Ujaran Kebencian - Sedang,0.33060464,False,64,9,6.222222222222222,False,True,True,0.015625,0,0
"wah, cah ayu medeni",positive,Bukan Ujaran Kebencian,1.0,0.0,rule_based_positive,,,3,Ujaran Kebencian - Berat,0.31388354,False,19,4,4.0,False,True,False,0.0,0,0
"heHe iku penyakit, lan aku getun peran ing masyarakat LGBT!",negative,Ujaran Kebencian - Sedang,0.9,3.669589519500733,deepseek_api_parallel,,19488.0,0,Bukan Ujaran Kebencian,0.33436137,False,59,10,5.0,False,True,True,0.0847457627118644,3,0
kabeh Amerika ireng kudu dikirim bali menyang Afrika,negative,Ujaran Kebencian - Berat,0.95,57.66875624656677,deepseek_api_parallel,,37236.0,3,Ujaran Kebencian - Berat,0.35418433,True,52,8,5.625,False,False,True,0.038461538461538464,1,0
"Iku apik kanggo ngandhani kabeh wong aku ora sengit marang Trump, ala banget yen bakal ngapusi",positive,Bukan Ujaran Kebencian,1.0,0.0,rule_based_positive,,,2,Ujaran Kebencian - Sedang,0.32095724,False,94,16,4.9375,False,True,True,0.02127659574468085,4,0
"Lha kok nek wong kulit ireng nyoba protes, ora luwih akeh sing dipateni yen dianggep ribut?!",negative,Ujaran Kebencian - Berat,0.95,2.91499924659729,deepseek_api_parallel,,35949.0,2,Ujaran Kebencian - Sedang,0.42094526,False,92,16,4.8125,False,True,True,0.010869565217391304,2,0
"ireng iku werna reged banget, kabeh ireng dadi reged gampang. Mulane aku luwih seneng duwe kulit putih.",negative,Ujaran Kebencian - Sedang,0.9,4.07491660118103,deepseek_api_parallel,,25650.0,2,Ujaran Kebencian - Sedang,0.33560956,True,103,17,5.117647058823529,False,True,True,0.009708737864077669,3,0
Mung wong homo sing nangis,negative,Ujaran Kebencian - Sedang,0.9,3.706512928009033,deepseek_api_parallel,,89.0,2,Ujaran Kebencian - Sedang,0.35613337,True,26,5,4.4,False,False,True,0.038461538461538464,1,0
pacar ora bakal tetep karo kula yen kita ora duwe jinis lan dilarang kanggo jinis sadurunge nikah ing islam,positive,Bukan Ujaran Kebencian,1.0,0.0,rule_based_positive,,,2,Ujaran Kebencian - Sedang,0.35736027,False,107,19,4.684210526315789,False,False,False,0.0,3,0
wifi jelek iki mati maneh! sialan!,positive,Bukan Ujaran Kebencian,1.0,0.0,rule_based_positive,,,0,Bukan Ujaran Kebencian,0.29751194,True,34,6,4.833333333333333,False,True,False,0.0,2,1
"Minggu kepungkur, kulawarga Muslim sing manggon ing pinggir dalan mbuktekake manawa wong Islam ora sopan",negative,Ujaran Kebencian - Sedang,0.9,4.070413827896118,deepseek_api_parallel,,22260.0,2,Ujaran Kebencian - Sedang,0.38306546,True,104,15,6.0,False,True,True,0.028846153846153848,4,0
"Ora ana sing bisa ditindakake, nanging wong ireng ora ngerti apa-apa",negative,Ujaran Kebencian - Sedang,0.9,3.9877116680145264,deepseek_api_parallel,,2388.0,2,Ujaran Kebencian - Sedang,0.4603075,True,68,11,5.2727272727272725,False,True,True,0.014705882352941176,3,0
Cut tenggorokan kirik lan nyepak menyang banyu,negative,Ujaran Kebencian - Berat,0.95,3.71147084236145,deepseek_api_parallel,,40100.0,3,Ujaran Kebencian - Berat,0.37358436,True,46,7,5.714285714285714,False,False,True,0.021739130434782608,1,0
"Apa kita bisa miwiti gofundme kanggo ngusir para pengungsi? Aku wis nyaranake iki ing papan liya, nanging nyedhaki komunitas iki bisa uga ora dadi ide sing ala. Aku yakin kita bisa njaluk saran babagan carane nerusake lan/utawa gelem melu. Kekuwatane minangka klompok jahat yaiku organisasi. Aku ngerti yen kita ngurmati kebebasan lan liberalisme, nanging kanggo nglawan iki, aku mikir kita kudu kerja bareng karo wong sing duwe kepentingan sing padha.",negative,Ujaran Kebencian - Berat,0.9,3.508991003036499,deepseek_api_parallel,,31027.0,3,Ujaran Kebencian - Berat,0.38114184,True,452,70,5.4714285714285715,False,True,True,0.011061946902654867,8,0
"Aku ora bakal nglilani undang-undang kejahatan sengit sing anyar ngrusak kamardikanku, aku bakal ngomong apa sing dakkarepake babagan homoseksual sing jahat",negative,Ujaran Kebencian - Berat,0.95,3.0539333820343018,deepseek_api_parallel,,11598.0,3,Ujaran Kebencian - Berat,0.36493713,True,156,21,6.476190476190476,False,True,True,0.00641025641025641,3,0
ora ana sing bakal ngalangi aku ngomong nigger,negative,Ujaran Kebencian - Berat,0.95,3.857116222381592,deepseek_api_parallel,,23019.0,3,Ujaran Kebencian - Berat,0.35666645,True,46,8,4.875,False,False,False,0.0,4,0
Aku seneng carane wanita kasar bisa,negative,Ujaran Kebencian - Ringan,0.75,4.180241107940674,deepseek_api_parallel,,18364.0,3,Ujaran Kebencian - Berat,0.29729947,False,35,6,5.0,False,False,True,0.02857142857142857,1,0
Wanita kulit ireng kaping lima luwih cenderung mati sajrone utawa sawise meteng tinimbang wanita kulit putih.,positive,Bukan Ujaran Kebencian,1.0,0.0,rule_based_positive,,,3,Ujaran Kebencian - Berat,0.38292915,False,109,16,5.875,False,True,True,0.009174311926605505,0,0
Nelpon biseksual ambidextrous iku bodho! Kuwi ora masuk akal!,positive,Bukan Ujaran Kebencian,1.0,0.0,rule_based_positive,,,2,Ujaran Kebencian - Sedang,0.36099148,False,61,9,5.888888888888889,False,True,True,0.03278688524590164,2,0
aku? Aku wong wadon lan aku krungu wong ngomong dykes kudu dirudopekso kanggo waras wong. Lan aku padha duwe titik,negative,Ujaran Kebencian - Berat,0.95,3.402303695678711,deepseek_api_parallel,,12242.0,2,Ujaran Kebencian - Sedang,0.29722562,False,114,20,4.75,False,True,True,0.017543859649122806,3,0
"Aku ora ngerti kenapa kabeh wong kepengin banget karo keragaman ing London, aku ora weruh daya tarik sing duwe wong kulit ireng minangka tanggi.",negative,Ujaran Kebencian - Ringan,0.75,4.888967514038086,deepseek_api_parallel,,14162.0,2,Ujaran Kebencian - Sedang,0.3278662,False,144,24,5.041666666666667,False,True,True,0.013888888888888888,4,0
"Bangsa-bangsa Eropa ora bakal dadi saingan maneh ing perjuangan kanggo dominasi global lan budaya lawas millennia bakal dirusak. Sawetara wong bakal bener nglawan campuran ras iki, lan nglawan tatanan donya global, nanging ora bakal dirungokake.",negative,Ujaran Kebencian - Berat,0.9,2.942403554916382,deepseek_api_parallel,,27196.0,3,Ujaran Kebencian - Berat,0.42194134,True,245,35,6.0285714285714285,False,True,True,0.012244897959183673,5,0
Kepriye sesambungane konflik hak wanita lan konflik hak wanita dadi wanita?,positive,Bukan Ujaran Kebencian,1.0,0.0,rule_based_positive,,,2,Ujaran Kebencian - Sedang,0.29737005,False,75,11,5.909090909090909,False,True,True,0.013333333333333334,1,0
"Sampeyan bisa uga duwe kecanduan pornografi lan wis suwe ora diobati. Yen sampeyan mandheg nonton porno, sampeyan bakal normal maneh. Aku alam situs iki nyengkuyung wong kanggo pindhah adoh banget. Utas iki kebak wong sing jelas duwe gangguan psikologis sing serius.",positive,Bukan Ujaran Kebencian,1.0,0.0,rule_based_positive,,,3,Ujaran Kebencian - Berat,0.36894175,False,266,41,5.512195121951219,False,True,True,0.015037593984962405,5,0
aaaa bangsat ketauan boong,negative,Ujaran Kebencian - Sedang,0.9,8.033076524734497,deepseek_api_parallel,,41301.0,3,Ujaran Kebencian - Berat,0.38429886,False,26,4,5.75,False,False,False,0.0,0,1
Masyarakat nyedot amarga garis isih urip,negative,Ujaran Kebencian - Ringan,0.75,3.6763134002685542,deepseek_api_parallel,,15057.0,3,Ujaran Kebencian - Berat,0.34051093,False,40,6,5.833333333333333,False,False,True,0.025,0,0
wong Yahudi iku reged,negative,Ujaran Kebencian - Berat,0.95,4.337946176528931,deepseek_api_parallel,,38771.0,3,Ujaran Kebencian - Berat,0.319293,True,21,4,4.5,False,False,True,0.047619047619047616,2,0
pembantaian kabeh umat Islam,negative,Ujaran Kebencian - Berat,0.95,3.825337409973145,deepseek_api_parallel,,40120.0,3,Ujaran Kebencian - Berat,0.35212168,True,28,4,6.25,False,False,True,0.03571428571428571,0,0
topeng wajib mung bisa digunakake liwat niqabis aneh,negative,Ujaran Kebencian - Ringan,0.75,3.964256763458252,deepseek_api_parallel,,38217.0,2,Ujaran Kebencian - Sedang,0.338852,False,52,8,5.625,False,False,False,0.0,0,0
Muga-muga kabeh wong homo disirnakake,negative,Ujaran Kebencian - Berat,0.95,4.4836084842681885,deepseek_api_parallel,,38606.0,2,Ujaran Kebencian - Sedang,0.33523762,False,37,5,6.6,False,False,True,0.02702702702702703,1,0
"Yen aku trans aku bakal dijamin wawancara, minangka wong putih aku ora duwe hak istimewa. Dheweke entuk kabeh lan ora adil",negative,Ujaran Kebencian - Ringan,0.75,3.989269971847534,deepseek_api_parallel,,3853.0,2,Ujaran Kebencian - Sedang,0.33051097,False,122,21,4.857142857142857,False,True,True,0.01639344262295082,4,0
Aku ngerti supaya akeh wong ireng sing rudo pekso,negative,Ujaran Kebencian - Berat,0.95,3.527747392654419,deepseek_api_parallel,,20470.0,2,Ujaran Kebencian - Sedang,0.33097464,False,49,9,4.555555555555555,False,False,True,0.02040816326530612,2,0
ya allah iki video seksi hindi anyar kalebu adegan amben seks ambungan panas,positive,Bukan Ujaran Kebencian,1.0,0.0,rule_based_positive,,,2,Ujaran Kebencian - Sedang,0.30923167,False,76,13,4.923076923076923,False,False,False,0.0,2,0
"Aku sengit film jaman, lan aku ora ngomong bab drama sajarah",negative,Ujaran Kebencian - Ringan,0.7,3.2773213386535645,deepseek_api_parallel,,29154.0,2,Ujaran Kebencian - Sedang,0.34132323,False,60,11,4.545454545454546,False,True,True,0.016666666666666666,3,0
"Yen aku pengin proyek rampung bener, Aku njaluk wong kanggo nindakaken",negative,Bukan Ujaran Kebencian,0.95,3.393389940261841,deepseek_api_parallel,,37082.0,2,Ujaran Kebencian - Sedang,0.34774083,False,70,11,5.454545454545454,False,True,True,0.02857142857142857,2,0
marriage dirancang kanggo wong ringkih,negative,Ujaran Kebencian - Ringan,0.75,3.6539769172668457,deepseek_api_parallel,,37504.0,0,Bukan Ujaran Kebencian,0.29758453,False,38,5,6.8,False,False,False,0.0,1,0
Aku ngerti akeh wong ireng.,positive,Bukan Ujaran Kebencian,1.0,0.0,rule_based_positive,,,2,Ujaran Kebencian - Sedang,0.3463968,False,27,5,4.6,False,True,True,0.037037037037037035,2,0
mussies ngirim ora diijini kanggo nganggo,negative,Ujaran Kebencian - Ringan,0.75,3.5972416400909424,deepseek_api_parallel,,38433.0,3,Ujaran Kebencian - Berat,0.3344006,False,41,6,6.0,False,False,False,0.0,1,0
Aku seneng tembung semangka,positive,Bukan Ujaran Kebencian,1.0,0.0,rule_based_positive,,,3,Ujaran Kebencian - Berat,0.3075517,False,27,4,6.0,False,False,True,0.037037037037037035,1,0
Ora ana sing kudu dipateni,positive,Bukan Ujaran Kebencian,1.0,0.0,rule_based_positive,,,3,Ujaran Kebencian - Berat,0.32604843,False,26,5,4.4,False,False,True,0.038461538461538464,2,0
"Tanggepan Boris sing nggegirisi marang Covid bakal nyebabake karusakan negara iki, nanging paling ora akeh imigran sing bakal mati.",negative,Ujaran Kebencian - Berat,0.9,3.555878162384033,deepseek_api_parallel,,10917.0,3,Ujaran Kebencian - Berat,0.41618305,True,131,19,5.947368421052632,False,True,True,0.022900763358778626,2,0
Aku weruh wong sing lagi nindakake siaran langsung lan njaluk mlumpat dening loro wong kulit putih sing nesu amarga dheweke ireng lan getih ing kabeh pasuryan lan kudu menyang rumah sakit sakwise. Iki jenis wong sing luwih seneng gelut getih tinimbang pacaran!,positive,Bukan Ujaran Kebencian,1.0,0.0,rule_based_positive,,,3,Ujaran Kebencian - Berat,0.35582954,False,260,42,5.214285714285714,False,True,True,0.007692307692307693,5,0
Aku seneng banget dadi bagian saka balapan putih lan dudu kera,negative,Ujaran Kebencian - Ringan,0.75,3.483776807785034,deepseek_api_parallel,,7622.0,2,Ujaran Kebencian - Sedang,0.27452272,False,62,11,4.7272727272727275,False,False,True,0.016129032258064516,2,0
Wong wadon ora jujur,negative,Ujaran Kebencian - Ringan,0.75,3.511467456817627,deepseek_api_parallel,,40626.0,2,Ujaran Kebencian - Sedang,0.3840288,False,20,4,4.25,False,False,True,0.05,2,0
Wong Yahudi seneng korupsi,negative,Ujaran Kebencian - Berat,0.95,3.584688901901245,deepseek_api_parallel,,40152.0,2,Ujaran Kebencian - Sedang,0.3397003,False,26,4,5.75,False,False,True,0.07692307692307693,1,0
"Sampeyan kabeh iki wektu kanggo meneng, kita ngerti, sampeyan mikir lesbian duwe hak kanggo urip lan ambegan, nanging saiki mboseni, lan aku ora mikir sing padha.",negative,Ujaran Kebencian - Sedang,0.9,3.827237129211426,deepseek_api_parallel,,19084.0,3,Ujaran Kebencian - Berat,0.32221156,False,162,26,5.269230769230769,False,True,True,0.006172839506172839,4,0
"tulung nggatekake aku! Kowe kudu nrima aku dadi grupmu! Aku bakal nindakake apa wae, aku bakal ngrusak alat kelaminku! oh my... tranny perlu bantuan",negative,Ujaran Kebencian - Berat,0.95,3.986935377120972,deepseek_api_parallel,,29757.0,3,Ujaran Kebencian - Berat,0.3255706,True,148,24,5.208333333333333,False,True,True,0.013513513513513514,2,0
dheweke duwe noda nigga ing watake,negative,Ujaran Kebencian - Sedang,0.9,4.646960973739624,deepseek_api_parallel,,8540.0,2,Ujaran Kebencian - Sedang,0.36460885,True,34,6,4.833333333333333,False,False,False,0.0,0,0
sing seneng mangan kol,positive,Bukan Ujaran Kebencian,1.0,0.0,rule_based_positive,,,3,Ujaran Kebencian - Berat,0.29252642,False,22,4,4.75,False,False,False,0.0,0,0
Aku seneng nalika wong nyalahke Muslim kanggo kabeh serangan teroris,negative,Ujaran Kebencian - Ringan,0.75,3.728068828582764,deepseek_api_parallel,,24825.0,3,Ujaran Kebencian - Berat,0.35301077,False,68,10,5.9,False,False,True,0.029411764705882353,2,0
Homophobia minangka perkara sing positif,negative,Ujaran Kebencian - Berat,0.9,3.5611884593963623,deepseek_api_parallel,,39001.0,3,Ujaran Kebencian - Berat,0.29986477,True,40,5,7.2,False,False,True,0.025,0,0
"Mobil katon elek banget kaya Gypo sing duwe, aku ora pengin katon ing cedhak!",negative,Ujaran Kebencian - Sedang,0.9,3.883714437484741,deepseek_api_parallel,,9418.0,2,Ujaran Kebencian - Sedang,0.33285365,True,77,14,4.571428571428571,False,True,True,0.025974025974025976,2,0
"sial, aku iki bodho, mikir Rusia bisa sopan!",negative,Ujaran Kebencian - Sedang,0.9,4.106738805770874,deepseek_api_parallel,,14918.0,2,Ujaran Kebencian - Sedang,0.38983792,True,44,8,4.625,False,True,True,0.022727272727272728,2,1
"Apa sampeyan mikir iki gampang ngomong? ora, nanging aku diijini kanggo mratelakake panemume lan ora seneng kanggo industri totoan, supaya ninggalake kula piyambak amarga iku ora-ora, sing carane aku aran",positive,Bukan Ujaran Kebencian,1.0,0.0,rule_based_positive,,,2,Ujaran Kebencian - Sedang,0.32224134,False,204,30,5.833333333333333,False,True,True,0.004901960784313725,6,0
Kamu mempermalukan diri sendiri,negative,Ujaran Kebencian - Ringan,0.75,3.736572742462158,deepseek_api_parallel,,41486.0,2,Ujaran Kebencian - Sedang,0.31762093,False,31,4,7.0,False,False,True,0.03225806451612903,0,0
Latino ora pinter,negative,Ujaran Kebencian - Sedang,0.9,4.089370727539063,deepseek_api_parallel,,2447.0,2,Ujaran Kebencian - Sedang,0.40534192,True,17,3,5.0,False,False,True,0.058823529411764705,1,0
Dheweke kabeh tutuk ing umum dadi ngganggu utamané nalika pus nyurung dheweke ndhuwur lambe metu ... lan dheweke nyoba kanggo nggawe wong pracaya dheweke ngisep kontol apik?! Wong lanang iku kabeh untune. Feminis sialan.,negative,Ujaran Kebencian - Berat,0.95,3.922619581222534,deepseek_api_parallel,,35395.0,2,Ujaran Kebencian - Sedang,0.35582575,False,220,34,5.5,False,True,True,0.013636363636363636,4,1
"Ana akeh imigran ing AS, lan aku ora mikir sing apik",negative,Ujaran Kebencian - Ringan,0.75,3.727838039398194,deepseek_api_parallel,,8418.0,2,Ujaran Kebencian - Sedang,0.33446884,False,52,11,3.8181818181818183,False,True,True,0.057692307692307696,5,0
"Aku nggawe liyane lan liyane mungsuh ing Asia Wétan, dening sembarang kasempatan?",negative,Ujaran Kebencian - Ringan,0.7,3.6176438331604,deepseek_api_parallel,,6923.0,2,Ujaran Kebencian - Sedang,0.33071476,False,81,12,5.833333333333333,False,True,True,0.037037037037037035,3,0
"Aku ora nampa wong nelpon kancaku Mozzie, iku mesthi mozzie reged",negative,Ujaran Kebencian - Ringan,0.75,3.5532801151275635,deepseek_api_parallel,,8616.0,2,Ujaran Kebencian - Sedang,0.39490175,False,65,11,5.0,False,True,True,0.03076923076923077,4,0
BBC banget ora bisa dipercaya,positive,Bukan Ujaran Kebencian,1.0,0.0,rule_based_positive,,,2,Ujaran Kebencian - Sedang,0.37987322,False,29,5,5.0,False,False,True,0.10344827586206896,1,0
ana alesan ngapa wong kulit ireng luwih cenderung mandheg lan digoleki,negative,Ujaran Kebencian - Ringan,0.75,3.67260217666626,deepseek_api_parallel,,37906.0,2,Ujaran Kebencian - Sedang,0.33274046,False,70,11,5.454545454545454,False,False,False,0.0,3,0
wong wadon iku ngganggu,negative,Ujaran Kebencian - Ringan,0.75,3.67057466506958,deepseek_api_parallel,,7388.0,2,Ujaran Kebencian - Sedang,0.33487332,False,23,4,5.0,False,False,False,0.0,2,0
Panyerapan ras kulit putih dening ras warna bakal ngrusak masyarakat,negative,Ujaran Kebencian - Berat,0.95,3.1508448123931885,deepseek_api_parallel,,39616.0,3,Ujaran Kebencian - Berat,0.3675191,True,68,10,5.9,False,False,True,0.014705882352941176,1,0
Aku seneng gagasan kanggo ngetung wong Pakistan,negative,Ujaran Kebencian - Ringan,0.75,4.136807680130005,deepseek_api_parallel,,7230.0,3,Ujaran Kebencian - Berat,0.31340715,False,47,7,5.857142857142857,False,False,True,0.0425531914893617,2,0
Kakehan mulattas kene saiki,negative,Ujaran Kebencian - Ringan,0.75,3.423532247543335,deepseek_api_parallel,,40162.0,2,Ujaran Kebencian - Sedang,0.3170967,False,27,4,6.0,False,False,True,0.037037037037037035,1,0
"Aku ngomong wong sing aku ora mikir wong Asia bodho, nanging aku padha",negative,Ujaran Kebencian - Ringan,0.7,3.7640676498413086,deepseek_api_parallel,,15944.0,2,Ujaran Kebencian - Sedang,0.37213752,False,70,13,4.461538461538462,False,True,True,0.02857142857142857,4,0
Jancok polisi!,positive,Bukan Ujaran Kebencian,1.0,0.0,rule_based_positive,,,3,Ujaran Kebencian - Berat,0.31605396,False,14,2,6.5,False,True,True,0.07142857142857142,0,0
Ora perokok utawa ireng kudu ndhaftar,negative,Ujaran Kebencian - Ringan,0.75,3.3512723445892334,deepseek_api_parallel,,40449.0,2,Ujaran Kebencian - Sedang,0.35173976,False,37,6,5.333333333333333,False,False,True,0.02702702702702703,1,0
Saiki ana retorika jahat sing nyebar babagan wong Tionghoa,positive,Bukan Ujaran Kebencian,1.0,0.0,rule_based_positive,,,3,Ujaran Kebencian - Berat,0.3278587,False,58,9,5.555555555555555,False,False,True,0.034482758620689655,3,0
"opo kowe ngomong opo bedane wong kulite kuning karo wong kulite coklat, sing penting njijiki kabeh.",negative,Ujaran Kebencian - Berat,0.95,3.3597445487976074,deepseek_api_parallel,,37967.0,2,Ujaran Kebencian - Sedang,0.40273425,False,99,16,5.25,False,True,False,0.0,5,0
Wong gay kudune ora diidini ana,negative,Ujaran Kebencian - Berat,0.95,3.569561004638672,deepseek_api_parallel,,420.0,3,Ujaran Kebencian - Berat,0.42241237,True,31,6,4.333333333333333,False,False,True,0.03225806451612903,3,0
Aku bingung banget. Aku ora ngerti sapa iku maneh. Kepiye utawa kapan omong kosong non-biner iki bakal rampung?,negative,Ujaran Kebencian - Ringan,0.75,6.432506561279297,deepseek_api_parallel,,35161.0,3,Ujaran Kebencian - Berat,0.31685868,False,111,18,5.222222222222222,False,True,True,0.02702702702702703,4,0
"Muga-muga para pendiri wis ora ngidini bedhil, supaya kita ora kudu ngadhepi kekacauan negara kita saiki.",positive,Bukan Ujaran Kebencian,1.0,0.0,rule_based_positive,,,2,Ujaran Kebencian - Sedang,0.36753607,False,105,16,5.625,False,True,True,0.009523809523809525,2,0
"Sampeyan simpanse ireng elek, sing katon nesu nesu ing dina iki",negative,Ujaran Kebencian - Sedang,0.95,3.540661573410034,deepseek_api_parallel,,17612.0,3,Ujaran Kebencian - Berat,0.28453857,False,63,11,4.818181818181818,False,True,True,0.015873015873015872,1,0
Aku ora bakal nglilani kanca-kanca agamaku ngrusak kesenenganku ing pesta,negative,Ujaran Kebencian - Ringan,0.75,4.290546655654907,deepseek_api_parallel,,11589.0,3,Ujaran Kebencian - Berat,0.30993983,False,73,10,6.4,False,False,True,0.0136986301369863,3,0
"""rusak"" dadi istilah standar kanggo mateni wong Yahudi",positive,Bukan Ujaran Kebencian,1.0,0.0,rule_based_positive,,,3,Ujaran Kebencian - Berat,0.3364195,False,54,8,5.875,False,True,True,0.018518518518518517,1,0
"Aja ngomong karo aku, tranny reged",negative,Ujaran Kebencian - Berat,0.95,3.633660554885864,deepseek_api_parallel,,9890.0,2,Ujaran Kebencian - Sedang,0.40801507,False,34,6,4.833333333333333,False,True,True,0.029411764705882353,2,0
lesbian dadi terbelakang,negative,Ujaran Kebencian - Berat,0.95,3.992219209671021,deepseek_api_parallel,,1714.0,2,Ujaran Kebencian - Sedang,0.29827788,False,24,3,7.333333333333333,False,False,False,0.0,0,0
"Wong Inggris iku wong Inggris. Pungkasan diskusi. Yen sampeyan Amerika, sampeyan ora Inggris lan ora bakal. Jare paribasan... Yen asu lair ing kandhang, durung mesthi dadi jaran.",positive,Bukan Ujaran Kebencian,1.0,0.0,rule_based_positive,,,3,Ujaran Kebencian - Berat,0.38496414,False,178,27,5.62962962962963,False,True,True,0.05056179775280899,4,0
"minangka wong ireng, aku ora setuju karo wong kulit putih ngomong nigga",positive,Bukan Ujaran Kebencian,1.0,0.0,rule_based_positive,,,2,Ujaran Kebencian - Sedang,0.36423698,False,71,12,5.0,False,True,False,0.0,4,0
Dheweke pancen bodho,positive,Bukan Ujaran Kebencian,1.0,0.0,rule_based_positive,,,2,Ujaran Kebencian - Sedang,0.33363983,False,20,3,6.0,False,False,True,0.05,0,0
sial! Femoids iku wong bodho!,negative,Ujaran Kebencian - Berat,0.95,3.5451316833496094,deepseek_api_parallel,,25224.0,2,Ujaran Kebencian - Sedang,0.347153,False,29,5,5.0,False,True,True,0.034482758620689655,2,1
"bapakku tindak menyang pub karo wong ireng transgender. Dheweke pancen kanca sing apik, kudu menehi pitutur marang dheweke supaya mandheg tumindak ala lan nggawe kanca sejati",negative,Ujaran Kebencian - Ringan,0.75,3.355069637298584,deepseek_api_parallel,,19908.0,3,Ujaran Kebencian - Berat,0.3705237,False,174,26,5.730769230769231,False,True,True,0.005747126436781609,3,0
Kabeh wong tuwane pait,negative,Ujaran Kebencian - Sedang,0.9,3.6551809310913086,deepseek_api_parallel,,37366.0,2,Ujaran Kebencian - Sedang,0.33489123,True,22,4,4.75,False,False,True,0.045454545454545456,1,0
"Aku pengin duwe sadulur f33bl3-m1nd3d, Aku tansah wanted pet",negative,Ujaran Kebencian - Ringan,0.75,4.32472038269043,deepseek_api_parallel,,6189.0,2,Ujaran Kebencian - Sedang,0.31852457,False,60,9,5.777777777777778,True,True,True,0.03333333333333333,1,0
Aku wedi banget karo kurcaci,negative,Ujaran Kebencian - Ringan,0.75,5.583066940307617,deepseek_api_parallel,,37849.0,0,Bukan Ujaran Kebencian,0.29949588,False,28,5,4.8,False,False,True,0.03571428571428571,2,0
KKK iku rasis,positive,Bukan Ujaran Kebencian,1.0,0.0,rule_based_positive,,,3,Ujaran Kebencian - Berat,0.42195496,False,13,3,3.6666666666666665,False,False,True,0.23076923076923078,1,0
Aku ora tau ketemu wong Yahudi sing pinter,negative,Ujaran Kebencian - Ringan,0.75,3.84940242767334,deepseek_api_parallel,,38006.0,3,Ujaran Kebencian - Berat,0.30210167,False,42,8,4.375,False,False,True,0.047619047619047616,3,0
gedhang tuwuh ing negara panas,positive,Bukan Ujaran Kebencian,1.0,0.0,rule_based_positive,,,2,Ujaran Kebencian - Sedang,0.30945,False,30,5,5.2,False,False,False,0.0,1,0
Mu$lims $h0uld n0t b3 br33ding b3caus3 th3y ar3 n0t w0rthy 0f iki w0nd3rful w0rld b3caus3 th3y lik3 ngrusak.,negative,Ujaran Kebencian - Berat,0.95,3.435720682144165,deepseek_api_parallel,,20683.0,3,Ujaran Kebencian - Berat,0.3832082,True,108,18,5.055555555555555,True,True,True,0.009259259259259259,1,0
Dheweke pancen bajingan sipit sing ora ana gunane!,negative,Ujaran Kebencian - Sedang,0.95,59.01076459884644,deepseek_api_parallel,,19274.0,3,Ujaran Kebencian - Berat,0.31327456,False,50,8,5.375,False,True,True,0.02,2,0
Aku ora maksud ngilangake wong saka China.. Aku mung ngarep-arep punah kanthi alami,negative,Ujaran Kebencian - Sedang,0.9,3.5363006591796875,deepseek_api_parallel,,1197.0,2,Ujaran Kebencian - Sedang,0.3632987,True,83,13,5.461538461538462,False,True,True,0.03614457831325301,4,0
"Organisasi Kesehatan Dunia ora ana gunane, dheweke dadi mundur",negative,Ujaran Kebencian - Ringan,0.75,3.681421995162964,deepseek_api_parallel,,11984.0,2,Ujaran Kebencian - Sedang,0.3217053,False,62,9,6.0,False,True,True,0.04838709677419355,2,0
"Â· Yen wong kulit ireng entuk informasi pribadhi, dheweke bakal mbukak Facebook lan mbukak kaca hak gun lan kaca sayap tengen. Dheweke ora bakal nggawe skema sing rumit supaya bisa njupuk tradhisi 4chan kanthi lancar tanpa ana sing ngerti kajaba sampeyan. Dheweke rada kurang berkembang kanggo iku. Padha ora bisa nindakake apa-apa, kajaba padha arep kanggo ngunjungi bongland lan mriksa metu sandi butter knife loicence.",negative,Ujaran Kebencian - Berat,0.9,2.8706395626068115,deepseek_api_parallel,,26068.0,3,Ujaran Kebencian - Berat,0.4435259,True,421,65,5.492307692307692,True,True,True,0.014251781472684086,5,0
Mugi Gusti mberkahi ISIS,negative,Ujaran Kebencian - Berat,0.95,3.776035070419312,deepseek_api_parallel,,238.0,2,Ujaran Kebencian - Sedang,0.35755515,False,24,4,5.25,False,False,True,0.25,0,0
"Haha, wtf banget ing video kasebut! Aku duwe kanca ireng sing kamare ruwet kaya ngono. Jujur, iku mujijat yen sampeyan bisa ndemek lantai. Dheweke uga rame ing urip umume, cerdas nanging banget lali lan rame. Nanging, video iki nuduhake carane wong ireng komunikasi ing masyarakat, padha mung perang kanggo menang.",negative,Ujaran Kebencian - Sedang,0.75,3.158374547958374,deepseek_api_parallel,,26000.0,3,Ujaran Kebencian - Berat,0.3715339,False,314,50,5.3,False,True,True,0.01592356687898089,5,0
kesel karo kabeh propaganda f@g ing media sosial,negative,Ujaran Kebencian - Sedang,0.9,3.4903104305267334,deepseek_api_parallel,,40333.0,3,Ujaran Kebencian - Berat,0.32675508,False,48,8,5.125,False,True,False,0.0,1,1
wong manca wis ngrusak negara sialan iki,negative,Ujaran Kebencian - Berat,0.95,3.658257961273194,deepseek_api_parallel,,10762.0,2,Ujaran Kebencian - Sedang,0.30894682,False,40,7,4.857142857142857,False,False,False,0.0,3,1
"jancok! Ora ana sing nganggo topeng. Para penganut ngucapake pratandha ""mbela demokrasi"" nalika Trump ngupaya ngrusak. Sampeyan ora bisa nulis kasunyatan sing luwih absurd tinimbang kasunyatan sing dialami kultus Trump saiki. Dheweke dadi pahlawan saka crita edan dhewe.",positive,Bukan Ujaran Kebencian,1.0,0.0,rule_based_positive,,,3,Ujaran Kebencian - Berat,0.42215294,False,270,38,6.131578947368421,False,True,True,0.022222222222222223,3,0
Sawetara proyek mung kudu kanggo wong lanang,negative,Ujaran Kebencian - Ringan,0.75,11.132395029067991,deepseek_api_parallel,,40434.0,3,Ujaran Kebencian - Berat,0.35767615,False,44,7,5.428571428571429,False,False,True,0.022727272727272728,3,0
kudu diarani topeng muzzy wajib,negative,Ujaran Kebencian - Ringan,0.75,3.006976127624512,deepseek_api_parallel,,38248.0,3,Ujaran Kebencian - Berat,0.40785065,False,31,5,5.4,False,False,False,0.0,0,0
Ora ana sing luwih njijiki tinimbang wong trans,negative,Ujaran Kebencian - Berat,0.95,3.4885427951812744,deepseek_api_parallel,,7756.0,2,Ujaran Kebencian - Sedang,0.33579594,False,47,8,5.0,False,False,True,0.02127659574468085,4,0
Omo mulatto kasebut kudu ora diidini manggon ing kene maneh,negative,Ujaran Kebencian - Berat,0.95,4.84259033203125,deepseek_api_parallel,,14502.0,2,Ujaran Kebencian - Sedang,0.32140073,False,59,10,5.0,False,False,True,0.01694915254237288,1,0
Pepaya minangka salah sawijining sebab kenapa jagad iki ala,positive,Bukan Ujaran Kebencian,1.0,0.0,rule_based_positive,,,3,Ujaran Kebencian - Berat,0.31911448,False,59,9,5.666666666666667,False,False,True,0.01694915254237288,2,0
percaya yen omong kosong bisa nggawe dina wong,positive,Bukan Ujaran Kebencian,1.0,0.0,rule_based_positive,,,2,Ujaran Kebencian - Sedang,0.38479722,False,46,8,4.875,False,False,False,0.0,1,0
menyang neraka karo sampah sing diajokake dening wong Islam,negative,Ujaran Kebencian - Berat,0.95,3.892188787460327,deepseek_api_parallel,,12730.0,2,Ujaran Kebencian - Sedang,0.3254052,False,59,9,5.666666666666667,False,False,True,0.01694915254237288,3,0
"Aku seneng yen wong nelpon kanca-kancaku Hefemale, padha sengit banget!",negative,Ujaran Kebencian - Ringan,0.75,3.442211866378784,deepseek_api_parallel,,11314.0,2,Ujaran Kebencian - Sedang,0.3795795,False,71,10,6.2,False,True,True,0.028169014084507043,2,0
wong wadon kok kaya ngono?,negative,Ujaran Kebencian - Ringan,0.75,3.804816246032715,deepseek_api_parallel,,17089.0,2,Ujaran Kebencian - Sedang,0.3785421,False,26,5,4.4,False,True,False,0.0,1,0
Ana akeh alasan kenapa wong tumindak kaya ngono lan kenapa sawetara komunitas tansah mikir yen dheweke dadi korban. mbayangno kabeh wong teka kene saka Polandia lan njupuk kauntungan saka negara kita ayu nalika regane padha karo serangga ing Taman.,negative,Ujaran Kebencian - Sedang,0.9,5.775734186172485,deepseek_api_parallel,,25274.0,3,Ujaran Kebencian - Berat,0.3821025,False,248,39,5.384615384615385,False,True,True,0.012096774193548387,5,0
Muslim sengit kabeh Yahudi,negative,Ujaran Kebencian - Berat,0.95,3.6798503398895264,deepseek_api_parallel,,40052.0,3,Ujaran Kebencian - Berat,0.4171764,True,26,4,5.75,False,False,True,0.07692307692307693,0,0
"Budaya Jepang bodho lan mbebayani, aku seneng yen ora manggon ing cedhak",negative,Ujaran Kebencian - Sedang,0.9,3.2643282413482666,deepseek_api_parallel,,12259.0,3,Ujaran Kebencian - Berat,0.31355837,False,72,12,5.083333333333333,False,True,True,0.027777777777777776,3,0
Wanita trans apik banget,positive,Bukan Ujaran Kebencian,1.0,0.0,rule_based_positive,,,0,Bukan Ujaran Kebencian,0.28885654,True,24,4,5.25,False,False,True,0.041666666666666664,0,0
Aku sengit marang pamrentah lan kabeh larangane,positive,Bukan Ujaran Kebencian,1.0,0.0,rule_based_positive,,,3,Ujaran Kebencian - Berat,0.30712837,False,47,7,5.857142857142857,False,False,True,0.02127659574468085,2,0
"Loro-lorone saka duwit receh nemtokake atine wong wadon kang. Kepala, lagi golek dhuwit. Buntut, lagi golek dhuwit",negative,Ujaran Kebencian - Ringan,0.75,3.5405538082122803,deepseek_api_parallel,,37991.0,3,Ujaran Kebencian - Berat,0.32381663,False,114,17,5.764705882352941,False,True,True,0.02631578947368421,1,0
Aku sengit wong sing sengit pengungsi,positive,Bukan Ujaran Kebencian,1.0,0.0,rule_based_positive,,,2,Ujaran Kebencian - Sedang,0.32030892,False,37,6,5.333333333333333,False,False,True,0.02702702702702703,2,0
Proyek Advokasi Asylum Seeker kudu dicekal,negative,Ujaran Kebencian - Ringan,0.75,4.001834869384766,deepseek_api_parallel,,13642.0,3,Ujaran Kebencian - Berat,0.3934229,False,42,6,6.166666666666667,False,False,True,0.09523809523809523,0,0
"dadi, bartender ngandika aku ora pengin sembarang kesenjangan ing bar lan kicks wong metu, carane iku ??",positive,Bukan Ujaran Kebencian,1.0,0.0,rule_based_positive,,,3,Ujaran Kebencian - Berat,0.3191394,False,104,17,5.176470588235294,False,True,False,0.0,5,0
"Witcher nduweni tema balapan luwih akeh. Aku yakin banget, pancen ironis yen wong ora nesu yen kabeh wong ireng iki dibintangi ing serial TV.",negative,Ujaran Kebencian - Sedang,0.75,3.2043089866638184,deepseek_api_parallel,,31015.0,3,Ujaran Kebencian - Berat,0.3626322,False,141,24,4.916666666666667,False,True,True,0.028368794326241134,4,0
Aku kerja banget kanggo mbayar pajeg supaya kabeh wong ireng kesed bisa santai ing taman,negative,Ujaran Kebencian - Sedang,0.9,3.699599981307984,deepseek_api_parallel,,19640.0,2,Ujaran Kebencian - Sedang,0.32712194,True,88,15,4.933333333333334,False,False,True,0.011363636363636364,2,0
Luwih becik yen dheweke nindakake apa wae lan ngeksekusi kabeh teroris Muslim sing ngrampas hak asasi manungsa.,negative,Ujaran Kebencian - Berat,0.9,2.6135478019714355,deepseek_api_parallel,,32899.0,2,Ujaran Kebencian - Sedang,0.37537816,False,111,17,5.588235294117647,False,True,True,0.018018018018018018,1,0
Apa ana wong liya sing seneng ide ngirim manungsa menyang Mars? Ana akeh perkara sing bisa ditemokake,positive,Bukan Ujaran Kebencian,1.0,0.0,rule_based_positive,,,2,Ujaran Kebencian - Sedang,0.33408242,False,101,17,5.0,False,True,True,0.0297029702970297,2,0
Ngaku yen wong Tionghoa ngina amarga mangan kelelawar lan tikus ora ngerti bedane budaya,positive,Bukan Ujaran Kebencian,1.0,0.0,rule_based_positive,,,2,Ujaran Kebencian - Sedang,0.36889958,False,88,14,5.357142857142857,False,False,True,0.022727272727272728,5,0
Wong Yahudi nggawe aku ora kepenak,negative,Ujaran Kebencian - Sedang,0.9,3.692729949951172,deepseek_api_parallel,,37854.0,2,Ujaran Kebencian - Sedang,0.36045927,True,34,6,4.833333333333333,False,False,True,0.058823529411764705,3,0
Homoseksual iku dosa lan padha ora bakal lumebu ing swarga,negative,Ujaran Kebencian - Berat,0.95,4.160330533981323,deepseek_api_parallel,,36817.0,3,Ujaran Kebencian - Berat,0.3399859,True,58,10,4.9,False,False,True,0.017241379310344827,3,0
kabeh paki iki kudune ora ana ing kene,negative,Ujaran Kebencian - Sedang,0.9,3.4472668170928955,deepseek_api_parallel,,38296.0,2,Ujaran Kebencian - Sedang,0.31371468,True,38,8,3.875,False,False,False,0.0,3,0
"Muga-muga dheweke mati kanthi lara lan nandhang sangsara, nandhang lara kaya sampah coklat",negative,Ujaran Kebencian - Berat,0.95,3.972970962524414,deepseek_api_parallel,,19482.0,2,Ujaran Kebencian - Sedang,0.35965693,False,90,13,6.0,False,True,True,0.011111111111111112,1,0
Larang ibu kerja,negative,Ujaran Kebencian - Ringan,0.7,3.978816270828247,deepseek_api_parallel,,81.0,2,Ujaran Kebencian - Sedang,0.31873706,False,16,3,4.666666666666667,False,False,True,0.0625,0,0
"Apa ana sing kesel tenanan padu karo wong acak-acakan merga beda pendapat, ora salahku yen sampeyan nganggep ora ana salahe wong mbedakake Yahudi, aku ngerti kuwi pendapat sampeyan, nanging mung setuju ora setuju, amarga sampeyan salah",positive,Bukan Ujaran Kebencian,1.0,0.0,rule_based_positive,,,2,Ujaran Kebencian - Sedang,0.3108601,False,235,36,5.555555555555555,False,True,True,0.00851063829787234,5,0
"Ya ampun, sing nyedot, iku alesan utama kok sedulurku ora gelem ninggalake nganti dheweke lunga menyang universitas lan ngerti dheweke bisa urip tanpa bantuan financial. Tuwane break mudhun nangis njerit bab carane padha ora pengin salib dresser amarga dheweke duwe klambi wong siji, kang mbokmenawa bakal Cut mati sadurunge padha nolak wong kanggo ftm. Pancen angel yen wong tuwa duwe wong bodho sing mikir dheweke pantes masa depan!",negative,Ujaran Kebencian - Berat,0.95,3.288851261138916,deepseek_api_parallel,,29112.0,3,Ujaran Kebencian - Berat,0.44545704,True,434,68,5.397058823529412,False,True,True,0.009216589861751152,6,0
Aku ora ndhukung Shylocks,negative,Ujaran Kebencian - Ringan,0.7,4.030622243881226,deepseek_api_parallel,,3981.0,2,Ujaran Kebencian - Sedang,0.36461368,False,25,4,5.5,False,False,True,0.08,2,0
kadal ireng ngelingake aku marang wong wadon ireng,negative,Ujaran Kebencian - Ringan,0.75,4.164676904678345,deepseek_api_parallel,,3908.0,3,Ujaran Kebencian - Berat,0.29381466,False,50,8,5.375,False,False,False,0.0,2,0
sedhih yen aku ora rumangsa aman karo pengungsi,negative,Ujaran Kebencian - Ringan,0.7,5.410788059234619,deepseek_api_parallel,,13614.0,2,Ujaran Kebencian - Sedang,0.31588352,False,47,8,5.0,False,False,False,0.0,3,0
Dievershitty ... mung kasil bisa sawise ngimpi udan liberal saka wates mbukak,negative,Ujaran Kebencian - Sedang,0.9,5.924124956130981,deepseek_api_parallel,,31451.0,2,Ujaran Kebencian - Sedang,0.35272616,True,77,12,5.5,False,True,True,0.012987012987012988,0,0
"Apa kabeh dadi ireng? Ngelingi populasi India sing akeh ing Inggris, kenapa ora dadi wulan bersejarah kanggo dheweke? Utawa warga negara liyane. Wong Afrika dirayakake ing endi wae - sanajan ing negaraku, sing jumlahe relatif sithik (sanajan kejahatane ora.)",negative,Ujaran Kebencian - Ringan,0.75,4.001804828643799,deepseek_api_parallel,,29751.0,3,Ujaran Kebencian - Berat,0.33445266,False,258,39,5.641025641025641,False,True,True,0.027131782945736434,5,0
Aku pancene seneng lan ngormati wong ireng sing pindhah menyang Afrika. Dheweke ora pengin dadi parasit ing wong kulit putih lan nyoba nggawe kedadeyan kasebut adhedhasar kabisan lan kerja keras dhewe. Apik kanggo wong-wong mau.,negative,Ujaran Kebencian - Ringan,0.75,3.5391080379486084,deepseek_api_parallel,,29378.0,3,Ujaran Kebencian - Berat,0.45155278,False,228,35,5.542857142857143,False,True,True,0.017543859649122806,4,0
"Gusti kok mbok kei dupo, mbok piker rokokan a?",negative,Ujaran Kebencian - Ringan,0.75,3.4154293537139893,deepseek_api_parallel,,40677.0,2,Ujaran Kebencian - Sedang,0.38913795,False,46,9,4.222222222222222,False,True,True,0.021739130434782608,0,0
Aku bungah yen aku ora kudu kerja karo wong Arab,negative,Ujaran Kebencian - Ringan,0.75,5.865360260009766,deepseek_api_parallel,,8921.0,3,Ujaran Kebencian - Berat,0.3416057,False,48,10,3.9,False,False,True,0.041666666666666664,4,0
hebetina reged,negative,Ujaran Kebencian - Sedang,0.9,4.150290250778198,deepseek_api_parallel,,6034.0,3,Ujaran Kebencian - Berat,0.34380895,False,14,2,6.5,False,False,False,0.0,0,0
Muga-muga aku ora tau nyabrang dalan karo wong Arab,negative,Ujaran Kebencian - Ringan,0.75,3.161115884780884,deepseek_api_parallel,,1403.0,3,Ujaran Kebencian - Berat,0.30157292,False,51,9,4.777777777777778,False,False,True,0.0392156862745098,5,0
wong lgbtq ora pantes hak,negative,Ujaran Kebencian - Berat,0.95,3.8672049045562735,deepseek_api_parallel,,23653.0,2,Ujaran Kebencian - Sedang,0.3653008,False,25,5,4.2,False,False,False,0.0,2,0
"Aku ngerti akeh wanita biseksual. Aku ora ngerti apa sing salah karo generasiku, nanging kabeh padha jahat.",negative,Ujaran Kebencian - Sedang,0.9,5.115623474121094,deepseek_api_parallel,,13944.0,2,Ujaran Kebencian - Sedang,0.35844725,True,107,17,5.352941176470588,False,True,True,0.018691588785046728,4,0
Kabudayan India wis ketinggal yen dibandhingake karo budaya kita,negative,Ujaran Kebencian - Ringan,0.75,3.7975244522094727,deepseek_api_parallel,,36827.0,2,Ujaran Kebencian - Sedang,0.34075913,False,64,9,6.222222222222222,False,False,True,0.03125,1,0
Aku ora pengin trannys ing tetanggan,negative,Ujaran Kebencian - Berat,0.95,3.428444623947144,deepseek_api_parallel,,37277.0,2,Ujaran Kebencian - Sedang,0.32636377,False,36,6,5.166666666666667,False,False,True,0.027777777777777776,2,0
Wong Prancis kabeh homo,negative,Ujaran Kebencian - Berat,0.95,3.652263879776001,deepseek_api_parallel,,15205.0,3,Ujaran Kebencian - Berat,0.36323693,True,23,4,5.0,False,False,True,0.08695652173913043,1,0
"Rasane mung lungguh lan nikmati kaendahane jagad iki. Mung masalah, akeh wong ing donya iki sing adoh saka ayu. Khususe, dina iki aku ngarahake diskriminasi marang wong sing ora duwe kabisan.",positive,Bukan Ujaran Kebencian,1.0,0.0,rule_based_positive,,,3,Ujaran Kebencian - Berat,0.3792522,False,191,31,5.193548387096774,False,True,True,0.015706806282722512,5,0
Wanita ireng ora nyenengake,negative,Ujaran Kebencian - Sedang,0.9,4.25484037399292,deepseek_api_parallel,,2494.0,2,Ujaran Kebencian - Sedang,0.39534736,True,27,4,6.0,False,False,True,0.037037037037037035,1,0
Dodo wanita apik banget kanggo nonton lan dolanan,negative,Ujaran Kebencian - Ringan,0.7,4.261941432952881,deepseek_api_parallel,,341.0,3,Ujaran Kebencian - Berat,0.33412784,False,49,8,5.25,False,False,True,0.02040816326530612,2,0
Kamu selalu bikin kacau,negative,Ujaran Kebencian - Ringan,0.75,3.6938440799713135,deepseek_api_parallel,,41500.0,2,Ujaran Kebencian - Sedang,0.30769885,False,23,4,5.0,False,False,True,0.043478260869565216,1,0
"Deweke dolan omah durung suwe lan akeh sing takon ngendi tuku barang malah ora keganggu njawab. Aku mung ketemu banget ora sopan lan tenan sijine kula mati. Kaya biasane dheweke mung pengin kabeh katresnan, pemujaan lan penghargaan nanging ora menehi apa-apa, injun khas.",negative,Ujaran Kebencian - Sedang,0.8,4.183993577957153,deepseek_api_parallel,,32305.0,3,Ujaran Kebencian - Berat,0.3440163,False,271,43,5.325581395348837,False,True,True,0.01107011070110701,3,0
ora bakal ana Palestina sajrone 50 taun,negative,Ujaran Kebencian - Sedang,0.75,3.993052244186402,deepseek_api_parallel,,230.0,3,Ujaran Kebencian - Berat,0.38686702,False,39,7,4.714285714285714,True,False,True,0.02564102564102564,2,0
"iku ora gampang kanggo ngomong, lan aja teka ing komentar amarga negara iki ngidini kebebasan ngomong supaya aku diijini kanggo mratelakake panemume lan ora seneng musik, supaya ninggalake kula piyambak amarga padha ora kudu ana, kaya ngono. Aku rumangsa",negative,Ujaran Kebencian - Ringan,0.7,2.9901881217956543,deepseek_api_parallel,,17905.0,2,Ujaran Kebencian - Sedang,0.32553917,False,254,39,5.538461538461538,False,True,True,0.003937007874015748,7,0
"Nice video, wong, nanging apa karo musik niggersh ing latar mburi? Ora ana kanca.",negative,Ujaran Kebencian - Sedang,0.9,3.779265403747559,deepseek_api_parallel,,31356.0,2,Ujaran Kebencian - Sedang,0.37280914,True,81,14,4.857142857142857,False,True,True,0.024691358024691357,4,0
ora ana apa-apa sing bisa ditindakake kanggo nyegah maling Arab sing njupuk negara iki tanpa pangarep-arep kanggo ndandani,negative,Ujaran Kebencian - Berat,0.95,4.180915355682373,deepseek_api_parallel,,6557.0,2,Ujaran Kebencian - Sedang,0.34419128,False,122,18,5.833333333333333,False,False,True,0.00819672131147541,3,0
Aku ora bisa mbedakake antarane wong ireng lan panther,negative,Ujaran Kebencian - Ringan,0.75,5.778212785720825,deepseek_api_parallel,,2880.0,2,Ujaran Kebencian - Sedang,0.35493472,False,54,9,5.111111111111111,False,False,True,0.018518518518518517,4,0
Wanita iku makhluk sing ala banget,negative,Ujaran Kebencian - Sedang,0.9,3.843952655792236,deepseek_api_parallel,,38023.0,2,Ujaran Kebencian - Sedang,0.2991866,True,34,6,4.833333333333333,False,False,True,0.029411764705882353,1,0
Aku sengit wong keb@biz,negative,Ujaran Kebencian - Sedang,0.9,3.800663471221924,deepseek_api_parallel,,38346.0,2,Ujaran Kebencian - Sedang,0.3477468,True,23,4,5.0,False,True,True,0.043478260869565216,2,0
ayo ngomong babagan konsep sing nentang kaya wong ireng lan kejujuran,negative,Ujaran Kebencian - Ringan,0.75,3.904067516326904,deepseek_api_parallel,,18132.0,2,Ujaran Kebencian - Sedang,0.3461186,False,69,11,5.363636363636363,False,False,False,0.0,2,0
Para imigran ora bisa dipercaya,negative,Ujaran Kebencian - Sedang,0.85,3.885098934173584,deepseek_api_parallel,,40252.0,2,Ujaran Kebencian - Sedang,0.3975757,True,31,5,5.4,False,False,True,0.03225806451612903,1,0
Wong ireng pinter banget nyolong barang,negative,Ujaran Kebencian - Sedang,0.9,3.427783966064453,deepseek_api_parallel,,1257.0,2,Ujaran Kebencian - Sedang,0.36022097,True,39,6,5.666666666666667,False,False,True,0.02564102564102564,1,0
Aku maca sing New York City wis akèh campuran prostitusi lan sundel ana,negative,Ujaran Kebencian - Sedang,0.75,2.6838221549987797,deepseek_api_parallel,,34658.0,2,Ujaran Kebencian - Sedang,0.28925863,True,71,13,4.538461538461538,False,False,True,0.056338028169014086,3,0
wong ireng iku d1rt,negative,Ujaran Kebencian - Sedang,0.95,3.4706931114196777,deepseek_api_parallel,,28308.0,2,Ujaran Kebencian - Sedang,0.34788823,True,19,4,4.0,True,False,False,0.0,2,0
"Aku ora nate nyatakake pandangan kasebut kanthi umum. Ora ana kahanan sing bisa ditindakake kanthi luwih gampang, paling ora ana ing pikiranku (sing paling penting ing dina sing sibuk yaiku sih-rahmat kanggo ngrusak dinaku kanthi omong kosong 'DAS RAYCISS!'. haha). Dadi nyenengake kanggo golek papan kanggo nuduhake pengalaman lan ngobrol ing komunitas sing aku ngerti nuduhake pendapat sing padha.",negative,Ujaran Kebencian - Ringan,0.7,3.1398603916168213,deepseek_api_parallel,,29209.0,3,Ujaran Kebencian - Berat,0.39694008,False,399,59,5.779661016949152,False,True,True,0.03258145363408521,6,0
Aladdin kesed,negative,Ujaran Kebencian - Ringan,0.7,3.720534086227417,deepseek_api_parallel,,2302.0,2,Ujaran Kebencian - Sedang,0.31931838,False,13,2,6.0,False,False,True,0.07692307692307693,0,0
"Aku nggoleki sekelompok wong sing duwe kesadaran kolektif sing positif, umpamane, nyebabake pertumpahan getih ing Bengal",negative,Ujaran Kebencian - Berat,0.9,3.5259053707122803,deepseek_api_parallel,,25581.0,2,Ujaran Kebencian - Sedang,0.33315054,False,120,16,6.5625,False,True,True,0.016666666666666666,2,0
"Umume wanita kepengin dadi pelacur, lan akeh wanita sing dadi pelacur. Sesederhana kuwi.",negative,Ujaran Kebencian - Sedang,0.95,3.402167320251465,deepseek_api_parallel,,28296.0,2,Ujaran Kebencian - Sedang,0.3747515,True,88,13,5.846153846153846,False,True,True,0.022727272727272728,2,0
"Kudu ""mbuktèkaké"" yen sampeyan wanita sejati iku penting banget lan aku ora peduli yen nggawe wong transgender rumangsa ditolak",negative,Ujaran Kebencian - Berat,0.9,3.739135980606079,deepseek_api_parallel,,36091.0,2,Ujaran Kebencian - Sedang,0.35660994,False,127,19,5.7368421052631575,False,True,True,0.007874015748031496,5,0
"Pujian! Apik kanggo sampeyan! Menehi mussies rasa obat éca dhewe. Padha ngobong gendera kita, kita ngobong gendera! Tit kanggo tat!",negative,Ujaran Kebencian - Ringan,0.7,2.99367094039917,deepseek_api_parallel,,29181.0,3,Ujaran Kebencian - Berat,0.3218718,False,131,20,5.6,False,True,True,0.03816793893129771,0,0
Aku ora mbedakake antarane wong putih lan kunci putih,negative,Ujaran Kebencian - Ringan,0.7,3.3162543773651123,deepseek_api_parallel,,3240.0,2,Ujaran Kebencian - Sedang,0.3187747,False,53,9,5.0,False,False,True,0.018867924528301886,4,0
"Tinimbang kaadilan ras, wong warna bakal diwenehi kesempatan luwih adhedhasar warna kulit, dudu warna kulit sing uga rasis.",negative,Ujaran Kebencian - Ringan,0.75,3.5549328327178955,deepseek_api_parallel,,1803.0,3,Ujaran Kebencian - Berat,0.39617673,False,123,18,5.888888888888889,False,True,True,0.008130081300813009,2,0
Nglirwakake swasana ati saiki - wong ireng klasik ',negative,Ujaran Kebencian - Ringan,0.75,3.905814409255981,deepseek_api_parallel,,9692.0,2,Ujaran Kebencian - Sedang,0.40062228,False,51,9,4.777777777777778,False,False,True,0.0196078431372549,3,0
Aku wis tau ketemu wong ireng hukum-abiding,negative,Ujaran Kebencian - Ringan,0.75,6.461542367935181,deepseek_api_parallel,,38039.0,3,Ujaran Kebencian - Berat,0.31545594,False,43,7,5.285714285714286,False,False,True,0.023255813953488372,2,0
Ayo dadi pirembagan bab antithesis stabilitas emosi: wong ireng,negative,Ujaran Kebencian - Ringan,0.75,3.560492992401123,deepseek_api_parallel,,23637.0,3,Ujaran Kebencian - Berat,0.30307636,False,63,9,6.111111111111111,False,True,True,0.015873015873015872,1,0
Pakaryane wong lanang yaiku nggedhekake lan nyekolahke bojone. lan sing kudu rampung malah sadurunge nikah. Sampeyan pengin ngowahi cah wadon menyang sesambetan long-term? pesthekake yen dheweke nganggep tembung sampeyan minangka tembunge Gusti Allah,negative,Ujaran Kebencian - Ringan,0.75,3.21661376953125,deepseek_api_parallel,,33963.0,3,Ujaran Kebencian - Berat,0.39573106,False,250,33,6.606060606060606,False,True,True,0.016,4,0
"iki tambah guyon kok, kabeh wong mikir kari sirahe ora jahat, lan kudune dadi pengetahuan umum, aku ora gelem kudu mubeng-mubeng ngomongi wong-wong sing kudune wis ngerti.",negative,Ujaran Kebencian - Ringan,0.75,3.920529365539551,deepseek_api_parallel,,17087.0,3,Ujaran Kebencian - Berat,0.35531086,False,171,27,5.37037037037037,False,True,False,0.0,5,0
"Dheweke bisa uga Trumptards, ora liya. Lan amarga Antifa nglumpukake maneh wong kanthi tingkat sing dhuwur, aku bakal menehi wong-wong mau nganti dina pemilihan kanggo terus mbukak awake sadurunge nyerang lan mateni wong-wong mau. Kaya biasane, mateni babi apa wae yen nyoba nyekel sampeyan amarga nindakake tugas nasional kanggo nembak komunis. Kaya karo wong ireng.",negative,Ujaran Kebencian - Berat,0.95,3.2417004108428955,deepseek_api_parallel,,29531.0,3,Ujaran Kebencian - Berat,0.47262347,True,367,55,5.6909090909090905,False,True,True,0.01634877384196185,5,0
"Iki minangka budaya rudo pekso sing dumadi ing antarane para imigran iki, wanita ora malah ndeleng minangka rudo pekso",negative,Ujaran Kebencian - Berat,0.9,3.512147903442383,deepseek_api_parallel,,38280.0,3,Ujaran Kebencian - Berat,0.38489765,True,118,19,5.2631578947368425,False,True,True,0.00847457627118644,2,0
"Sampeyan ngandhani wong-wong yen wong Yahudi ora bodho, nanging aku ngerti sampeyan ora mikir kaya ngono",positive,Bukan Ujaran Kebencian,1.0,0.0,rule_based_positive,,,2,Ujaran Kebencian - Sedang,0.3780656,False,104,16,5.5625,False,True,True,0.019230769230769232,4,0
Apa sing salah karo urip ireng? Napa saben wong tiba-tiba peduli? PANJENENGANE LUWIH KETAK LAN KURANG HAK,negative,Ujaran Kebencian - Sedang,0.9,4.369908094406128,deepseek_api_parallel,,3540.0,2,Ujaran Kebencian - Sedang,0.39405212,True,105,17,5.235294117647059,False,True,True,0.34285714285714286,3,0
"Alesan utama yaiku dheweke didol kanthi ngapusi. Mesthekake wanita enom sing padha instinctively perlu wong kuwat ing jantung iki. Kaya, ayo mbusak millennia kahanan sing menehi remaja paling tuwa ing omah kasebut percaya yen dheweke ora bisa nindakake dhewe. Strategi apik. Iki jelas sukses.",positive,Bukan Ujaran Kebencian,1.0,0.0,rule_based_positive,,,3,Ujaran Kebencian - Berat,0.34685844,False,292,44,5.659090909090909,False,True,True,0.017123287671232876,5,0
"lucu banget carane wong ala nuntun aku menyang situs web iki (4chan), N*gers lan koboi unta",negative,Ujaran Kebencian - Berat,0.95,3.8397445678710938,deepseek_api_parallel,,33663.0,2,Ujaran Kebencian - Sedang,0.37937355,False,91,16,4.75,True,True,True,0.01098901098901099,4,0
"Enak ngomong kabeh aku ora gething karo bal-balan, isin iku ngapusi.",positive,Bukan Ujaran Kebencian,1.0,0.0,rule_based_positive,,,2,Ujaran Kebencian - Sedang,0.37267175,False,68,11,5.2727272727272725,False,True,True,0.014705882352941176,5,0
Lesbian pancen apik banget ... ana ing endi wae! Iku kaya epidemi!,negative,Ujaran Kebencian - Berat,0.9,3.4577713012695312,deepseek_api_parallel,,40532.0,2,Ujaran Kebencian - Sedang,0.3607373,False,66,12,4.583333333333333,False,True,True,0.030303030303030304,2,0
"Konyol iki, kok kabeh wong nganggep kelinci kuwi ora lucu, padahal asline lucu",positive,Bukan Ujaran Kebencian,1.0,0.0,rule_based_positive,,,2,Ujaran Kebencian - Sedang,0.38829076,False,78,13,5.076923076923077,False,True,True,0.01282051282051282,3,0
"iki saiki wis ilang, aku wis bantah 5 kaping dina iki mung amarga aku mung nyatakake pendapatku, mung amarga sampeyan mikir tukang mamah karpet kudu ana ora ateges aku, mesthi ora lan aku ora. t weruh kok sapa bakal. Iki dadi ridiculous lan wiwit kesel kula saiki",negative,Ujaran Kebencian - Ringan,0.75,3.651510000228882,deepseek_api_parallel,,18994.0,3,Ujaran Kebencian - Berat,0.29739538,False,263,47,4.617021276595745,True,True,True,0.0038022813688212928,5,0
Aku ora bisa ngomong wong wadon Muslim saka kothak layang,negative,Ujaran Kebencian - Ringan,0.75,3.926728248596192,deepseek_api_parallel,,2377.0,2,Ujaran Kebencian - Sedang,0.33282268,False,57,10,4.8,False,False,True,0.03508771929824561,3,0
"iki tambah konyol, kok saben wong nganggep wong lelungan iku ora jahat, iku lan kudu dadi kawruh umum kanggo kabeh wong, aku ora pengin kudu mubeng-mubeng ngandhani wong nalika wis ngerti.",negative,Ujaran Kebencian - Ringan,0.75,3.2706215381622314,deepseek_api_parallel,,17161.0,3,Ujaran Kebencian - Berat,0.36343244,False,188,31,5.096774193548387,False,True,False,0.0,6,0
"Wooomeen kagungane Kiiitchen, dudu Parlemen.",negative,Ujaran Kebencian - Ringan,0.75,3.737710952758789,deepseek_api_parallel,,6954.0,2,Ujaran Kebencian - Sedang,0.4051499,False,44,5,8.0,False,True,True,0.06818181818181818,0,0
Secangkir kopi iki nyesel,positive,Bukan Ujaran Kebencian,1.0,0.0,rule_based_positive,,,2,Ujaran Kebencian - Sedang,0.30953112,False,25,4,5.5,False,False,True,0.04,1,0
"Aku sengit ndeleng wong Indian ing alam bébas, padha banget mbebayani",negative,Ujaran Kebencian - Berat,0.95,3.450870513916016,deepseek_api_parallel,,13051.0,2,Ujaran Kebencian - Sedang,0.37910616,False,69,11,5.363636363636363,False,True,True,0.028985507246376812,2,0
ora seneng diarani feminazi? Banjur mungkasi mbukak tutuk lan sikil,negative,Ujaran Kebencian - Sedang,0.8,3.8223800659179688,deepseek_api_parallel,,16808.0,0,Bukan Ujaran Kebencian,0.2796438,False,67,10,5.8,False,True,True,0.014925373134328358,3,0
jancok kowe. Umume wong kulit putih kerja keras lan ngupayakake urip. Kita ora perlu negro ngandhani yen kita duwe hak istimewa. Sing nggawe aku nesu banget.,negative,Ujaran Kebencian - Berat,0.95,3.817450523376465,deepseek_api_parallel,,29816.0,3,Ujaran Kebencian - Berat,0.4101391,True,157,26,5.076923076923077,False,True,True,0.01910828025477707,5,0
wong Yahudi kudu disengiti,negative,Ujaran Kebencian - Berat,0.95,3.825451850891113,deepseek_api_parallel,,38119.0,3,Ujaran Kebencian - Berat,0.3833006,True,26,4,5.75,False,False,True,0.038461538461538464,1,0
mamah kari kudu dikubur urip,negative,Ujaran Kebencian - Berat,0.95,5.353396415710449,deepseek_api_parallel,,4876.0,2,Ujaran Kebencian - Sedang,0.33380383,False,28,5,4.8,False,False,False,0.0,1,0
Sapa sing menehi wong wadon idin kanggo ngomong?,negative,Ujaran Kebencian - Ringan,0.75,4.346665859222412,deepseek_api_parallel,,2585.0,2,Ujaran Kebencian - Sedang,0.36539993,False,48,8,5.125,False,True,True,0.020833333333333332,1,0
"Aku tresna ibuku, nanging aku rumangsa wong tuwa sing ala banget. Dheweke ora sopan lan aku ora tahan. Mung pelacur klasik.",negative,Ujaran Kebencian - Sedang,0.9,3.5424928665161133,deepseek_api_parallel,,29778.0,3,Ujaran Kebencian - Berat,0.43763638,False,123,21,4.904761904761905,False,True,True,0.024390243902439025,4,0
Aku bakal omah-omah karo wong sing seneng nyerang wong Pakistan kaya aku,negative,Ujaran Kebencian - Sedang,0.9,3.980401515960693,deepseek_api_parallel,,22556.0,3,Ujaran Kebencian - Berat,0.3383653,False,72,12,5.083333333333333,False,False,True,0.027777777777777776,3,0
China iku virus,negative,Ujaran Kebencian - Sedang,0.9,3.237833261489868,deepseek_api_parallel,,1245.0,3,Ujaran Kebencian - Berat,0.3179536,False,15,3,4.333333333333333,False,False,True,0.06666666666666667,1,0
"Aku ngomong aku seneng pengungsi, nanging ketoke aku ora",negative,Ujaran Kebencian - Ringan,0.75,73.27796936035156,deepseek_api_parallel,,39217.0,2,Ujaran Kebencian - Sedang,0.35569322,False,56,9,5.333333333333333,False,True,True,0.017857142857142856,2,0
kepiye carane sampeyan bisa mbedakake antarane wanita ireng iki lan bajing ireng iki,negative,Ujaran Kebencian - Sedang,0.9,4.081251859664917,deepseek_api_parallel,,3703.0,2,Ujaran Kebencian - Sedang,0.33292726,True,84,13,5.538461538461538,False,False,False,0.0,2,0
"Aku sengit dadi wong cacat sing manggon ing negara iki, iku mung gangguan terus-terusan",positive,Bukan Ujaran Kebencian,1.0,0.0,rule_based_positive,,,2,Ujaran Kebencian - Sedang,0.38699695,False,87,14,5.285714285714286,False,True,True,0.011494252873563218,4,0
wong manca ora ngerti apa-apa,negative,Ujaran Kebencian - Ringan,0.75,3.8249337673187256,deepseek_api_parallel,,15081.0,2,Ujaran Kebencian - Sedang,0.34738895,False,29,5,5.0,False,False,False,0.0,2,0
Aku ora pengin ngetutake pelajaran globalisasi cilik. Iku kabeh babagan nggabungake imigran,negative,Ujaran Kebencian - Ringan,0.75,4.453537940979004,deepseek_api_parallel,,9748.0,3,Ujaran Kebencian - Berat,0.3423159,False,91,12,6.666666666666667,False,True,True,0.02197802197802198,3,0
saiki iku wektu kanggo pirembagan bab loro konsep ngelawan: integritas lan wong saka Korea,negative,Ujaran Kebencian - Ringan,0.75,2.639878511428833,deepseek_api_parallel,,24410.0,2,Ujaran Kebencian - Sedang,0.30192998,False,90,14,5.5,False,True,True,0.011111111111111112,4,0
"Kabeh wanita ireng iku reged lan sampeyan kudu ngati-ati, aku bakal ngurus",negative,Ujaran Kebencian - Berat,0.95,4.436924695968628,deepseek_api_parallel,,23423.0,3,Ujaran Kebencian - Berat,0.33344573,True,74,12,5.25,False,True,True,0.013513513513513514,3,0
"Aku kandha marang wong-wong, yen aku ora mikir yen wong sing atine lemes ora pantes diganggu, ora adil",positive,Bukan Ujaran Kebencian,1.0,0.0,rule_based_positive,,,2,Ujaran Kebencian - Sedang,0.3012021,False,102,18,4.722222222222222,False,True,True,0.00980392156862745,4,0
"dheweke ora bakal menang sampeyan, sampeyan degenerate, freak kursi rodha! BIDEN MENANG, dadi mandheg nolak, sampeyan rasis.",negative,Ujaran Kebencian - Berat,0.95,3.590763092041016,deepseek_api_parallel,,32423.0,3,Ujaran Kebencian - Berat,0.3842746,True,124,17,6.352941176470588,False,True,True,0.08870967741935484,1,0
dadi wong Yahudi iku nasibe luwih ala tinimbang pati,negative,Ujaran Kebencian - Berat,0.95,3.941365003585816,deepseek_api_parallel,,3315.0,3,Ujaran Kebencian - Berat,0.31645247,True,52,9,4.888888888888889,False,False,True,0.019230769230769232,2,0
"Seneng ndeleng komentar saiki aktif, nanging bisa uga amarga BF ora nemokake cara kanggo mateni ing sistem anyar. Kebebasan ngomong iku mutlak lan klompok iki kudu ngelingi. Nasionalis duwe hak kanggo takon, lan carane sah sing panguwasa sing ngontrol forum iki; kene ing Rusia, ME, UK, utawa liya. Sawise kabeh, debacle hotel migran iki mung sing paling anyar saka seri aib nasional sing ditindakake dening para penguasa globohomo. Cepet nyebarake wahyu agit-prop utawa jujur, hotel-hotel kebak kewan kasebut lan cuplikan kasebut ora ngapusi. Kabeh penjajah iki kudu dianggep mungsuh pejuang lan kabeh kudu dikirim bali menyang negara asale etnis, utawa mung dibuwang ing samodra, ora masalah yen dheweke ora ana ing kene ...",negative,Ujaran Kebencian - Berat,0.95,3.658414125442505,deepseek_api_parallel,,31337.0,3,Ujaran Kebencian - Berat,0.4397478,True,726,113,5.433628318584071,False,True,True,0.01790633608815427,6,0
angga punika gagalipun Gusti,positive,Bukan Ujaran Kebencian,1.0,0.0,rule_based_positive,,,3,Ujaran Kebencian - Berat,0.32190257,False,28,4,6.25,False,False,True,0.03571428571428571,0,0
Lotion iki minangka salah sawijining sebab kenapa uripku ora kepenak,positive,Bukan Ujaran Kebencian,1.0,0.0,rule_based_positive,,,2,Ujaran Kebencian - Sedang,0.33612663,False,68,10,5.9,False,False,True,0.014705882352941176,3,0
"Pengin ndeleng klompok kecoak interaksi? nggatekake pandherekipun Allah, bodho!",negative,Ujaran Kebencian - Sedang,0.9,3.622633457183838,deepseek_api_parallel,,16432.0,2,Ujaran Kebencian - Sedang,0.31393942,True,79,9,7.888888888888889,False,True,True,0.02531645569620253,0,0
padha kudu ninggalake jogèd amarga padha penari miskin,positive,Bukan Ujaran Kebencian,1.0,0.0,rule_based_positive,,,2,Ujaran Kebencian - Sedang,0.3339503,False,54,8,5.875,False,False,False,0.0,1,0
Aku sengit nganggo tutup rai!,positive,Bukan Ujaran Kebencian,1.0,0.0,rule_based_positive,,,0,Bukan Ujaran Kebencian,0.31570438,True,29,5,5.0,False,True,True,0.034482758620689655,1,0
Aku ora mbedakake antarane wanita ireng lan notebook ireng,negative,Ujaran Kebencian - Ringan,0.75,3.5130012035369877,deepseek_api_parallel,,3083.0,2,Ujaran Kebencian - Sedang,0.3676059,False,58,9,5.555555555555555,False,False,True,0.017241379310344827,3,0
bllllllaaaaaaaack wong kudu metu,negative,Ujaran Kebencian - Sedang,0.9,3.900215864181519,deepseek_api_parallel,,23116.0,3,Ujaran Kebencian - Berat,0.32650584,False,32,4,7.25,False,False,False,0.0,1,0
"Apa sampeyan Muslim? Jalaran yen mangkono, kita mangerti yen sira wajib goroh yen iku kanggo kepentingan agama Islam, mula ora ana gunane padudon. Yen kita kasil ngyakinake sampeyan babagan kesalahane cara sampeyan, kanca-kanca agama sampeyan kudu mateni sampeyan, mula apa gunane?",negative,Ujaran Kebencian - Berat,0.95,3.4114327430725098,deepseek_api_parallel,,29611.0,3,Ujaran Kebencian - Berat,0.36448312,True,281,41,5.878048780487805,False,True,True,0.017793594306049824,3,0
"Apa sampeyan ndeleng manuk anyar John, dheweke cocok kanggo asu",negative,Ujaran Kebencian - Sedang,0.9,5.903282642364502,deepseek_api_parallel,,14776.0,2,Ujaran Kebencian - Sedang,0.35906303,True,63,10,5.4,False,True,True,0.031746031746031744,0,0
Kamu tidak pernah berguna,negative,Ujaran Kebencian - Sedang,0.9,3.350314140319824,deepseek_api_parallel,,41478.0,2,Ujaran Kebencian - Sedang,0.29777768,True,25,4,5.5,False,False,True,0.04,0,0
Wanita ana kanggo dimanipulasi lan iku kasunyatane. Iki diterangake kanthi antropologi masyarakat pemburu & pengumpul. Manipulasi mung mekanisme pertahanan lan serangan.,negative,Ujaran Kebencian - Berat,0.95,3.132863998413086,deepseek_api_parallel,,29009.0,3,Ujaran Kebencian - Berat,0.38510913,True,169,21,7.095238095238095,False,True,True,0.01775147928994083,4,0
Nelpon sing mangan kari wong Asia Kidul iku luar biasa! Istilah deskriptif kuwi,negative,Ujaran Kebencian - Ringan,0.75,3.4789326190948486,deepseek_api_parallel,,9161.0,3,Ujaran Kebencian - Berat,0.32766888,False,79,13,5.153846153846154,False,True,True,0.05063291139240506,2,0
Pengungsi ora ditampa! Kepiye carane (wong Siria lan negara liya) seneng yen sekelompok wong kulit putih teka ing wilayahe golek dhukungan sosial? Sejarah nuduhake yen sampeyan ora puas karo pengaruh Eropa....,negative,Ujaran Kebencian - Sedang,0.9,3.632337093353272,deepseek_api_parallel,,31200.0,2,Ujaran Kebencian - Sedang,0.33773553,True,209,31,5.774193548387097,False,True,True,0.023923444976076555,4,1
Wanita sing ora kawin ora bisa ditampa ing masyarakat kita lan Islam nglawan dheweke,negative,Ujaran Kebencian - Berat,0.95,3.8625388145446777,deepseek_api_parallel,,328.0,2,Ujaran Kebencian - Sedang,0.3622905,False,84,14,5.071428571428571,False,False,True,0.023809523809523808,2,0
"Dheweke melu praktik kredit predator sing aktif ngarahake wong kulit ireng kanggo menehi utangan omah subprime amarga ora duwe dhuwit. Malah padha menyang greja. Wong sing nduweni kualifikasi kanggo silihan biasa diwenehi silihan subprime. Padha ngaco. Wong-wong iki kudu dikunjara, lan uga Bloomberg.",negative,Ujaran Kebencian - Berat,0.95,3.612724781036377,deepseek_api_parallel,,31542.0,3,Ujaran Kebencian - Berat,0.40145078,True,301,43,6.023255813953488,False,True,True,0.019933554817275746,5,0
sampeyan loman banget oh ya iku amarga sampeyan muslim,positive,Bukan Ujaran Kebencian,1.0,0.0,rule_based_positive,,,2,Ujaran Kebencian - Sedang,0.3218346,False,54,9,5.111111111111111,False,False,False,0.0,1,0
Aku pengin paling wong sayap tengen dikirim menyang kamar gas,positive,Bukan Ujaran Kebencian,1.0,0.0,rule_based_positive,,,3,Ujaran Kebencian - Berat,0.32941186,False,61,10,5.2,False,False,True,0.01639344262295082,3,0
"Aku njamin sampeyan, kabeh katresnan negro iki digawe, sialan. Buktine aku salah.",negative,Ujaran Kebencian - Berat,0.95,3.702125072479248,deepseek_api_parallel,,35107.0,3,Ujaran Kebencian - Berat,0.3303272,True,81,12,5.833333333333333,False,True,True,0.024691358024691357,3,1
Eh pacarmu iku lemut,negative,Ujaran Kebencian - Ringan,0.75,4.112472057342529,deepseek_api_parallel,,6021.0,0,Bukan Ujaran Kebencian,0.3348326,False,20,4,4.25,False,False,True,0.05,1,0
Nalika wong-wong bakal mandheg ngomong yen kabeh Muslim iku teroris?,positive,Bukan Ujaran Kebencian,1.0,0.0,rule_based_positive,,,3,Ujaran Kebencian - Berat,0.37510622,False,68,10,5.9,False,True,True,0.029411764705882353,2,0
Konsep wong apik iku kosok balene karo konsep wanita,negative,Ujaran Kebencian - Ringan,0.75,3.766918659210205,deepseek_api_parallel,,4492.0,0,Bukan Ujaran Kebencian,0.28274772,False,52,9,4.888888888888889,False,False,True,0.019230769230769232,3,0
wong ireng kabeh kethek,negative,Ujaran Kebencian - Berat,0.95,4.361449480056763,deepseek_api_parallel,,17729.0,2,Ujaran Kebencian - Sedang,0.37480527,False,23,4,5.0,False,False,False,0.0,1,0
omahku bisa mangan telekku,positive,Bukan Ujaran Kebencian,1.0,0.0,rule_based_positive,,,3,Ujaran Kebencian - Berat,0.30564424,False,26,4,5.75,False,False,False,0.0,0,0
Tanggaku gedhe ing Asia.,positive,Bukan Ujaran Kebencian,1.0,0.0,rule_based_positive,,,3,Ujaran Kebencian - Berat,0.2931225,False,24,4,5.25,False,True,True,0.08333333333333333,1,0
wanita ireng sajujure ora dianggep uga cukup kene,positive,Bukan Ujaran Kebencian,1.0,0.0,rule_based_positive,,,2,Ujaran Kebencian - Sedang,0.3394749,False,49,8,5.25,False,False,False,0.0,1,0
kabeh adhine mung asu,positive,Bukan Ujaran Kebencian,1.0,0.0,rule_based_positive,,,2,Ujaran Kebencian - Sedang,0.3473243,False,21,4,4.5,False,False,False,0.0,0,0
Aku seneng ide ngobong kabeh gypsies,negative,Ujaran Kebencian - Berat,0.95,4.0508952140808105,deepseek_api_parallel,,6834.0,3,Ujaran Kebencian - Berat,0.2969812,True,36,6,5.166666666666667,False,False,True,0.027777777777777776,1,0
Aku rumangsa paling nyaman nggunakake jamban wanita. Semono uga penisku wis tegak haha,negative,Ujaran Kebencian - Sedang,0.9,5.130372524261475,deepseek_api_parallel,,33138.0,2,Ujaran Kebencian - Sedang,0.3480423,True,86,13,5.6923076923076925,False,True,True,0.023255813953488372,1,0
"Tanggaku gedhe ing Jepang, mula ora kaget kok saiki dheweke manggon ing kene",negative,Bukan Ujaran Kebencian,0.9,3.7665743827819824,deepseek_api_parallel,,23868.0,2,Ujaran Kebencian - Sedang,0.38571537,False,76,13,4.923076923076923,False,True,True,0.02631578947368421,3,0
Gay main kertu 'penindasan minoritas' lan entuk luwih akeh kesempatan tinimbang wong liya sing lurus,negative,Ujaran Kebencian - Sedang,0.8,3.37232518196106,deepseek_api_parallel,,36639.0,3,Ujaran Kebencian - Berat,0.33198118,False,100,15,5.733333333333333,False,False,True,0.01,2,0
Aku katon apik tenan ing ireng,positive,Bukan Ujaran Kebencian,1.0,0.0,rule_based_positive,,,0,Bukan Ujaran Kebencian,0.27980378,True,30,6,4.166666666666667,False,False,True,0.03333333333333333,1,0
Mulai bajingan wasitnya ckckckck,negative,Ujaran Kebencian - Sedang,0.9,3.7512574195861816,deepseek_api_parallel,,41180.0,3,Ujaran Kebencian - Berat,0.33999875,False,32,4,7.25,False,False,True,0.03125,0,0
Muslim ora duwe perasaan,negative,Ujaran Kebencian - Sedang,0.9,3.8379743099212646,deepseek_api_parallel,,3677.0,2,Ujaran Kebencian - Sedang,0.39012346,True,24,4,5.25,False,False,True,0.041666666666666664,1,0
Ora ana sing seneng karo wong sing ora sopan,negative,Ujaran Kebencian - Ringan,0.7,3.7828333377838135,deepseek_api_parallel,,23513.0,2,Ujaran Kebencian - Sedang,0.34376657,False,44,9,4.0,False,False,True,0.022727272727272728,4,0
Muga-muga wong Islam padha dolanan macet,negative,Ujaran Kebencian - Sedang,0.9,3.4350569248199463,deepseek_api_parallel,,4697.0,2,Ujaran Kebencian - Sedang,0.39412215,True,40,6,5.833333333333333,False,False,True,0.05,3,0
Aku nyaranake ngusir kabeh lesbian ing negara kita,negative,Ujaran Kebencian - Berat,0.95,3.513990879058838,deepseek_api_parallel,,2898.0,3,Ujaran Kebencian - Berat,0.33495143,True,50,8,5.375,False,False,True,0.02,2,0
"iku kanker kanggo donya! Copot jilbabmu, kothak layang!",negative,Ujaran Kebencian - Berat,0.95,3.3603222370147705,deepseek_api_parallel,,19532.0,2,Ujaran Kebencian - Sedang,0.34865946,False,55,8,6.0,False,True,True,0.01818181818181818,1,0
"ponakanku menyang sekolah lan dolanan karo wong sing golek suaka, dheweke ngerti ora nggawa tikus sing reged menyang omah kita.",negative,Ujaran Kebencian - Ringan,0.75,3.7896978855133057,deepseek_api_parallel,,19969.0,2,Ujaran Kebencian - Sedang,0.34218472,False,127,20,5.4,False,True,False,0.0,6,0
"topeng kanggo teroris, topeng kanggo niqabis",negative,Ujaran Kebencian - Sedang,0.8,3.649178266525269,deepseek_api_parallel,,38230.0,2,Ujaran Kebencian - Sedang,0.40788865,True,44,6,6.5,False,True,False,0.0,0,0
Wong Yahudi mung seneng dhuwit,negative,Ujaran Kebencian - Sedang,0.9,3.128040075302124,deepseek_api_parallel,,40149.0,2,Ujaran Kebencian - Sedang,0.33698288,True,30,5,5.2,False,False,True,0.06666666666666667,1,0
"Lan aja lali data penting iki: loro-lorone apik banget. Sing siji wis nikah karo bojone, sing siji dadi pelaut.",positive,Bukan Ujaran Kebencian,1.0,0.0,rule_based_positive,,,2,Ujaran Kebencian - Sedang,0.3910711,False,111,19,4.894736842105263,False,True,True,0.018018018018018018,3,0
Aku seneng yen kabeh lesbian nembak awake dhewe,negative,Ujaran Kebencian - Berat,0.95,3.954944610595703,deepseek_api_parallel,,250.0,0,Bukan Ujaran Kebencian,0.30888876,False,47,8,5.0,False,False,True,0.02127659574468085,1,0
rudo pekso wanita kudu legal,negative,Ujaran Kebencian - Berat,0.95,3.6734230518341056,deepseek_api_parallel,,960.0,3,Ujaran Kebencian - Berat,0.39873675,True,28,5,4.8,False,False,False,0.0,0,0
Aku ora seneng gay,negative,Ujaran Kebencian - Ringan,0.75,3.266702890396118,deepseek_api_parallel,,26705.0,2,Ujaran Kebencian - Sedang,0.28234833,False,18,4,3.75,False,False,True,0.05555555555555555,2,0
"kabeh wong ing Inggris, dadi cara paling gampang kanggo kita ketemu. Nanging telung dina mengko, nalika iku brutalitas marang ragheads bakal diwiwiti!",negative,Ujaran Kebencian - Berat,0.95,3.750508308410645,deepseek_api_parallel,,36171.0,3,Ujaran Kebencian - Berat,0.41815653,True,150,22,5.863636363636363,False,True,True,0.013333333333333334,2,0
Aku seneng ide mbantu kabeh wong sing golek suaka,positive,Bukan Ujaran Kebencian,1.0,0.0,rule_based_positive,,,0,Bukan Ujaran Kebencian,0.28916526,True,49,9,4.555555555555555,False,False,True,0.02040816326530612,2,0
Aku seneng ide ngobong kabeh lesbian,negative,Ujaran Kebencian - Berat,0.95,3.800635814666748,deepseek_api_parallel,,7782.0,3,Ujaran Kebencian - Berat,0.34300065,True,36,6,5.166666666666667,False,False,True,0.027777777777777776,1,0
Sampeyan ora kudu njupuk kelas basa Inggris sing luwih maju amarga sampeyan wanita lan ora bakal bisa ngomong basa Inggris kanthi apik,negative,Ujaran Kebencian - Sedang,0.9,3.839149475097656,deepseek_api_parallel,,22336.0,2,Ujaran Kebencian - Sedang,0.30551282,True,134,22,5.136363636363637,False,False,True,0.022388059701492536,2,0
"Rasane apik kanggo ngandhani kabeh wong yen aku ora gething karo wong India, isin wong liya uga.",positive,Bukan Ujaran Kebencian,1.0,0.0,rule_based_positive,,,2,Ujaran Kebencian - Sedang,0.32671016,False,96,17,4.705882352941177,False,True,True,0.020833333333333332,4,0
Aku seneng banget karo wong-wong sing kanthi terang-terangan ngomong apa sing kita pikirake: wanita ing posisi kepemimpinan ora kaya wong lanang.,negative,Ujaran Kebencian - Ringan,0.75,4.971791982650757,deepseek_api_parallel,,10012.0,2,Ujaran Kebencian - Sedang,0.3634025,False,145,21,5.9523809523809526,False,True,True,0.006896551724137931,7,0
"Nyatane, siji-sijine wektu aku njamin yen dheweke bakal nganggo topeng yaiku nalika ana rampokan, rudo pekso, utawa serangan! preman, yen planning angkara, Kera tansah nganggo topeng sadurunge mbajak mobil Whitey, ngrampog Whitey, rudo pekso Whitey, utawa nusuk Whitey. Dheweke bakal nganggo topeng, kaya ing ""panjagaan total"" NYC nalika rampokan, umume kethek sing mlebu omah nganggo topeng.",negative,Ujaran Kebencian - Berat,0.95,3.4523074626922607,deepseek_api_parallel,,30655.0,3,Ujaran Kebencian - Berat,0.44021055,True,392,56,6.017857142857143,False,True,True,0.025510204081632654,5,0
"Rungokake iki: ""Isreal mung ngusir kabeh 100% wong Afrika ing taun 2020 metu saka Israel lan dikirim menyang Eropa minangka pengungsi .... Inggris lan negara-negara Kulon liyane kudu ngusir kabeh kolonialis utawa non-kulit putih iki saka kabeh wong Eropa. Iki minangka kepinginan saka propaganda msm cabal kanggo ngrampungake- Isreal ngandika ""Muslim minangka sapu kanggo Eropah kanggo ngilangke wong kulit putih lan supaya padha nguwasani negara."" : Barabra Spectre"" Piye menurutmu? Aku iki minangka tumpukan omong kosong lan kudu dilaporake",positive,Bukan Ujaran Kebencian,1.0,0.0,rule_based_positive,,,3,Ujaran Kebencian - Berat,0.39738238,False,542,79,5.8734177215189876,True,True,True,0.02952029520295203,5,0
"Aku wis ketemu dadi akeh wong non-biner bubar, Bunch saka wong aneh",negative,Ujaran Kebencian - Sedang,0.8,3.833319187164306,deepseek_api_parallel,,19714.0,2,Ujaran Kebencian - Sedang,0.37194815,True,67,12,4.666666666666667,False,True,True,0.029850746268656716,2,0
Apik banget yen disewa lan ora dipecat!,positive,Bukan Ujaran Kebencian,1.0,0.0,rule_based_positive,,,0,Bukan Ujaran Kebencian,0.32455805,True,39,7,4.714285714285714,False,True,True,0.02564102564102564,2,0
Kita kudu ngilangi gay saka masyarakat,negative,Ujaran Kebencian - Berat,0.95,3.930727958679199,deepseek_api_parallel,,2394.0,3,Ujaran Kebencian - Berat,0.35595813,True,38,6,5.5,False,False,True,0.02631578947368421,1,0
Muzzies ora bisa dipercaya,negative,Ujaran Kebencian - Berat,0.95,3.75459885597229,deepseek_api_parallel,,40552.0,2,Ujaran Kebencian - Sedang,0.35772967,False,26,4,5.75,False,False,True,0.038461538461538464,1,0
"Nalika episode Gavin Newsom French Trannie ditayangke, Aku takon sawetara kanca kanggo ndeleng apa nesu lokal equaled nesu nasional. Padha ora tau krungu, lan padha ora peduli. Dheweke ndeleng minangka Newsom mung nindakake apa sing ditindakake wong liya - njupuk aturan sing angel lan cepet minangka pedoman banjur nggawe keputusan dhewe babagan mutilasi genital kasebut.",negative,Ujaran Kebencian - Berat,0.9,3.702124118804932,deepseek_api_parallel,,34397.0,3,Ujaran Kebencian - Berat,0.42535952,True,372,55,5.781818181818182,False,True,True,0.024193548387096774,4,0
"yen kuru bisa dadi model, mesthine dheweke homo",negative,Ujaran Kebencian - Sedang,0.9,3.213899612426758,deepseek_api_parallel,,15141.0,2,Ujaran Kebencian - Sedang,0.31774363,True,47,8,5.0,False,True,False,0.0,0,0
"sanajan propensity saka New York looters kanggo melu ing panganiaya gratuitous soko sing bakal kudu ono ing sawetara titik. Kita kabeh ngerti manawa polisi ora bakal nulungi apa-apa, nanging bakal mbantu wong-wong iki supaya bisa mateni wong sing ora salah.",positive,Bukan Ujaran Kebencian,1.0,0.0,rule_based_positive,,,3,Ujaran Kebencian - Berat,0.3812804,False,257,40,5.45,False,True,True,0.011673151750972763,4,0
"sampeyan ngerti, dheweke iku asu ala",negative,Ujaran Kebencian - Sedang,0.9,3.976112127304077,deepseek_api_parallel,,36153.0,2,Ujaran Kebencian - Sedang,0.37215367,True,36,6,5.166666666666667,False,True,False,0.0,1,0
"Ora ana sing luwih ala tinimbang wong sing kaya celah, mung njijiki lan pantes mati",negative,Ujaran Kebencian - Berat,0.95,3.9718053340911865,deepseek_api_parallel,,20277.0,2,Ujaran Kebencian - Sedang,0.34148076,False,83,15,4.6,False,True,True,0.012048192771084338,5,0
wong ireng ngrusak budaya Inggris,negative,Ujaran Kebencian - Sedang,0.9,3.4062423706054688,deepseek_api_parallel,,1866.0,2,Ujaran Kebencian - Sedang,0.32183293,True,33,5,5.8,False,False,True,0.030303030303030304,1,0
"Tanggaku sing muslim penyandang cacat duwe gelar PhD lan 3 Magister, mesthine tuku ing internet.",negative,Ujaran Kebencian - Sedang,0.9,4.134018898010254,deepseek_api_parallel,,20186.0,2,Ujaran Kebencian - Sedang,0.35009512,True,96,15,5.466666666666667,True,True,True,0.041666666666666664,2,0
kowe wong bodho,positive,Bukan Ujaran Kebencian,1.0,0.0,rule_based_positive,,,2,Ujaran Kebencian - Sedang,0.32228103,False,15,3,4.333333333333333,False,False,False,0.0,2,0
"ora bakal dadi penggemar wong sing nyebut awake dhewe biseksual, dadi bodho",negative,Ujaran Kebencian - Sedang,0.9,4.166656732559204,deepseek_api_parallel,,6927.0,3,Ujaran Kebencian - Berat,0.3168117,False,75,12,5.333333333333333,False,True,False,0.0,2,0
yids pengin narik strings kaya biasane,negative,Ujaran Kebencian - Ringan,0.75,3.710533618927002,deepseek_api_parallel,,6389.0,2,Ujaran Kebencian - Sedang,0.3502014,False,38,6,5.5,False,False,False,0.0,0,0
"Aku ora duwe apa-apa marang gay, nanging yen padha arep kanggo flaunt hubungan sing ing umum banjur padha ngirim ora kaget nalika padha diantemi munggah.",negative,Ujaran Kebencian - Sedang,0.75,3.322883367538452,deepseek_api_parallel,,36807.0,2,Ujaran Kebencian - Sedang,0.3118456,True,153,25,5.16,False,True,True,0.006535947712418301,2,0
wong oriental ora ayu dadi make up utawa operasi plastik ora bisa mbantu,negative,Ujaran Kebencian - Sedang,0.9,3.577488422393799,deepseek_api_parallel,,22383.0,3,Ujaran Kebencian - Berat,0.35094595,False,72,13,4.615384615384615,False,False,False,0.0,2,0
"putih iku definisi tansah ganti, ora ana lomba putih. Ras minangka konstruksi sosial.",positive,Bukan Ujaran Kebencian,1.0,0.0,rule_based_positive,,,2,Ujaran Kebencian - Sedang,0.37861836,False,85,13,5.615384615384615,False,True,True,0.011764705882352941,3,1
"sekolahku akeh sing ireng, mula aku pengen ganti",negative,Ujaran Kebencian - Ringan,0.75,3.063621759414673,deepseek_api_parallel,,14045.0,2,Ujaran Kebencian - Sedang,0.3204959,False,48,8,5.125,False,True,False,0.0,1,0
"padha! salah siji sentences favorit wong lanang bisa ngomong nalika kita lagi gadhah jinis mung ""Adhuh!"" amarga iku tegese aran apik banget lan ora nyana meh HAHA nanging ora bisa kelakon karo silit, nuwun guys!",negative,Ujaran Kebencian - Ringan,0.7,3.0148355960845947,deepseek_api_parallel,,34155.0,2,Ujaran Kebencian - Sedang,0.32548627,False,211,35,5.057142857142857,False,True,True,0.023696682464454975,6,0
Aku keplok pemusnahan wong Yahudi,negative,Ujaran Kebencian - Berat,0.95,3.4048705101013184,deepseek_api_parallel,,846.0,3,Ujaran Kebencian - Berat,0.33931407,True,33,5,5.8,False,False,True,0.06060606060606061,2,0
"Miturut definisi. Yen sampeyan nglawan Fasisme. Sampeyan Anti-Fasis. Yen sampeyan promosi Anti-Fascism. Sampeyan cendhak. AntiFa. Saklawasé kabeh konservatif, liberal, lan libertarian iku Anti-Fasis. Komunis, Marxis lan Kapitalis yaiku AntiFa. Muga-muga iki njlentrehake perkara. komunis lan marxis ora ana ing sisih kita dadi kita kabeh ngerti apa sing kudu ditindakake ...",negative,Ujaran Kebencian - Ringan,0.7,3.835418224334717,deepseek_api_parallel,,33325.0,3,Ujaran Kebencian - Berat,0.469927,False,374,50,6.5,False,True,True,0.05614973262032086,5,0
wong trans kudu gassed,negative,Ujaran Kebencian - Berat,0.95,3.3232245445251465,deepseek_api_parallel,,34914.0,3,Ujaran Kebencian - Berat,0.45529044,True,22,4,4.75,False,False,False,0.0,1,0
"sengit ngomong karo pembalap taksi ireng, kabeh padha ngomong bab iku hood!",negative,Ujaran Kebencian - Sedang,0.9,3.7319955825805664,deepseek_api_parallel,,25025.0,2,Ujaran Kebencian - Sedang,0.3896226,True,75,12,5.333333333333333,False,True,False,0.0,2,0
"kabeh iku pengkhianat marang aku, wogs",negative,Ujaran Kebencian - Berat,0.95,3.32301926612854,deepseek_api_parallel,,19608.0,2,Ujaran Kebencian - Sedang,0.33562088,False,38,6,5.5,False,True,False,0.0,3,0
Wong homo dudu homo sapiens.,negative,Ujaran Kebencian - Berat,0.95,4.057063341140747,deepseek_api_parallel,,38523.0,2,Ujaran Kebencian - Sedang,0.3968464,False,28,5,4.8,False,True,True,0.03571428571428571,1,0
Aku ora seneng yen wong liya nelpon pepadhamu darkyÉ aku seneng haha,negative,Ujaran Kebencian - Ringan,0.7,3.220035552978516,deepseek_api_parallel,,11596.0,2,Ujaran Kebencian - Sedang,0.30521905,False,68,12,4.75,False,False,True,0.029411764705882353,3,0
"Iku bakal becik kanggo pitutur marang kabeh wong sing aku ora gething kanggo mustar, banget ala sing bakal ngapusi. Aku sengit banget, aku ora bisa mangan.",positive,Bukan Ujaran Kebencian,1.0,0.0,rule_based_positive,,,3,Ujaran Kebencian - Berat,0.33191654,False,155,26,5.0,False,True,True,0.012903225806451613,4,0
"swasana ati iki pancene ala ing kantorku, fellow asylum seeker kula nerangake kawicaksanan anyar kanggo kula lan iku mung nggawe kula ing swasana ati ala. Wong sing kaya ngono ngira bisa ngomong karo aku sanajan dheweke jelas ing ngisorku. Aku ora ngerti apa-apa. dheweke",negative,Ujaran Kebencian - Ringan,0.75,3.67592716217041,deepseek_api_parallel,,20061.0,3,Ujaran Kebencian - Berat,0.3203659,False,271,44,5.181818181818182,False,True,True,0.007380073800738007,8,0
Kabeh gay nggunakake narkoba,negative,Ujaran Kebencian - Berat,0.95,3.975180149078369,deepseek_api_parallel,,618.0,3,Ujaran Kebencian - Berat,0.29119238,True,28,4,6.25,False,False,True,0.03571428571428571,0,0
Kaum Muslimin ing Xinjian punika mundur sanget,negative,Ujaran Kebencian - Ringan,0.75,3.382446765899658,deepseek_api_parallel,,40275.0,2,Ujaran Kebencian - Sedang,0.3236962,False,46,7,5.714285714285714,False,False,True,0.06521739130434782,0,0
BAYANGKE DUNIA TANPA LESBIAN.. saiki ayo diwujudake!!,negative,Ujaran Kebencian - Berat,0.95,6.056169033050537,deepseek_api_parallel,,1240.0,2,Ujaran Kebencian - Sedang,0.29358143,False,53,7,6.714285714285714,False,True,True,0.4716981132075472,1,0
"Ana akeh perkara sing dakkagumi babagan negara iki. Contone, tradhisi lan kebecikan kita. Kita duwe kutha dinamis lan deso sing apik. Nanging, akeh banget kucing ing kene sing ngrusak kewan liar.",positive,Bukan Ujaran Kebencian,1.0,0.0,rule_based_positive,,,3,Ujaran Kebencian - Berat,0.41445252,False,195,31,5.32258064516129,False,True,True,0.020512820512820513,3,0
"Aku seneng maca babagan apartheid, muga-muga kedadeyan kasebut saiki!",negative,Ujaran Kebencian - Berat,0.95,3.0738558769226074,deepseek_api_parallel,,10026.0,2,Ujaran Kebencian - Sedang,0.3588948,False,69,9,6.777777777777778,False,True,True,0.014492753623188406,2,0
wong ireng kudu mati,negative,Ujaran Kebencian - Berat,0.95,3.393043279647827,deepseek_api_parallel,,210.0,3,Ujaran Kebencian - Berat,0.4244229,True,20,4,4.25,False,False,False,0.0,1,0
Aku ora pengin cedhak karo angon wedhus. Kabeh iku wong licik,negative,Ujaran Kebencian - Ringan,0.75,3.840815305709839,deepseek_api_parallel,,9732.0,3,Ujaran Kebencian - Berat,0.3070133,False,61,11,4.636363636363637,False,True,True,0.03278688524590164,5,0
kabeh wong sing ora duwe kabisan iku bodho,negative,Ujaran Kebencian - Sedang,0.9,3.9050559997558594,deepseek_api_parallel,,39089.0,2,Ujaran Kebencian - Sedang,0.3814095,True,42,8,4.375,False,False,False,0.0,3,0
Covid dudu masalah sing umume digandhengake karo wong Tionghoa,positive,Bukan Ujaran Kebencian,1.0,0.0,rule_based_positive,,,2,Ujaran Kebencian - Sedang,0.3412984,False,62,9,6.0,False,False,True,0.03225806451612903,2,0
Wong manca sing ngrusak negara iki,negative,Ujaran Kebencian - Sedang,0.9,3.906369209289551,deepseek_api_parallel,,1168.0,2,Ujaran Kebencian - Sedang,0.31172806,True,34,6,4.833333333333333,False,False,True,0.029411764705882353,2,0
"Sampeyan ngerti, rasisme ora nyata. Yaiku wong-wong Yahudi sing nyoba nyurung ""keragaman"" menyang negara-negara Barat sing ngidini kita diserang dening wong-wong IQ sing kurang supaya bisa nyebabake kejatuhan kita lan banjur nguwasani jagad liyane kaya sing kudu ditindakake agamane.",negative,Ujaran Kebencian - Berat,0.95,2.8304147720336914,deepseek_api_parallel,,26667.0,3,Ujaran Kebencian - Berat,0.37224323,True,283,39,6.282051282051282,False,True,True,0.02120141342756184,5,0
Aku sengit pribadine,positive,Bukan Ujaran Kebencian,1.0,0.0,rule_based_positive,,,3,Ujaran Kebencian - Berat,0.34268096,False,20,3,6.0,False,False,True,0.05,1,0
Wong kulit putih ora dihibur maneh karo atlit ireng. Mungkin iki kudu bali,negative,Ujaran Kebencian - Sedang,0.75,3.648941993713379,deepseek_api_parallel,,29532.0,2,Ujaran Kebencian - Sedang,0.34098122,True,74,13,4.769230769230769,False,True,True,0.02702702702702703,4,0
Aku kaget aku wis tau ketemu wong mbukak biseksual,positive,Bukan Ujaran Kebencian,1.0,0.0,rule_based_positive,,,2,Ujaran Kebencian - Sedang,0.28402874,False,50,9,4.666666666666667,False,False,True,0.02,2,0
imigran ora ngerti apa-apa,negative,Ujaran Kebencian - Sedang,0.9,3.656856060028076,deepseek_api_parallel,,15075.0,2,Ujaran Kebencian - Sedang,0.3619975,True,26,4,5.75,False,False,False,0.0,1,0
"Dadi budaya sing mateni homoseksual lan murtad, ngethok alat kelamin bocah-bocah wadon enom nganggo silet, meksa wong wadon nganggo burka utawa jilbab, lan mbalang watu kanggo laku jina iku ora ala utawa salah, mung beda. Ngerti.",negative,Ujaran Kebencian - Berat,0.95,4.102472305297852,deepseek_api_parallel,,34937.0,2,Ujaran Kebencian - Sedang,0.3686989,False,229,36,5.388888888888889,False,True,True,0.008733624454148471,5,0
Masyarakat bakal mudhun nganti sampeyan kabeh Muslim dilarang nindakake,negative,Ujaran Kebencian - Berat,0.95,3.730913400650024,deepseek_api_parallel,,14904.0,3,Ujaran Kebencian - Berat,0.3274915,True,71,9,7.0,False,False,True,0.028169014084507043,0,0
Yagene dheweke menehi wektu udhara. Antarane dheweke lan sing sial lottie sw1tch hitt@ Ryan aku ora bakal ngrungokake maneh dheweke ora bisa ditanggung.,negative,Ujaran Kebencian - Sedang,0.9,3.295109272003174,deepseek_api_parallel,,32627.0,3,Ujaran Kebencian - Berat,0.3274576,False,152,23,5.6521739130434785,True,True,True,0.019736842105263157,3,1
"Ya, ora ngganggu aku pribadi. Aku mung mikir sampeyan duwe hak kanggo ngremehake wong sing ora duwe kabisan",negative,Ujaran Kebencian - Ringan,0.75,3.1617705821990967,deepseek_api_parallel,,32891.0,2,Ujaran Kebencian - Sedang,0.37402618,False,107,18,5.0,False,True,True,0.018691588785046728,4,0
"pepadhamu ireng duwe gelar doktor lan 3 gelar master, aku nelpon omong kosong",negative,Ujaran Kebencian - Sedang,0.9,3.6302530765533447,deepseek_api_parallel,,20182.0,2,Ujaran Kebencian - Sedang,0.40817684,True,77,13,5.0,True,True,False,0.0,2,0
Bhinéka iku ora apik. Lomba kudu ora nyampur.,negative,Ujaran Kebencian - Ringan,0.75,3.11728572845459,deepseek_api_parallel,,15243.0,2,Ujaran Kebencian - Sedang,0.35436913,False,45,8,4.75,False,True,True,0.044444444444444446,2,0
Lagu iki pancen sedih,positive,Bukan Ujaran Kebencian,1.0,0.0,rule_based_positive,,,2,Ujaran Kebencian - Sedang,0.35874367,False,21,4,4.5,False,False,True,0.047619047619047616,1,0
Koshies mung migunani kanggo siji pamikiran: nggawe sabun!,negative,Ujaran Kebencian - Ringan,0.75,3.401918411254883,deepseek_api_parallel,,3574.0,2,Ujaran Kebencian - Sedang,0.35360053,False,58,8,6.375,False,True,True,0.017241379310344827,1,0
"Sumangga dipun wastani: Jaman saiki, wong lanang ora bisa srawung karo priya liya. Mung elinga ""kita ora homophobic"" fallacy lan sing padha sing gedhe-gedhe kanggo nyalahke kanggo kabeh masalah ing masyarakat.",positive,Bukan Ujaran Kebencian,1.0,0.0,rule_based_positive,,,3,Ujaran Kebencian - Berat,0.3982802,False,209,31,5.774193548387097,False,True,True,0.014354066985645933,6,0
"urgh, wong ireng nesu",negative,Ujaran Kebencian - Sedang,0.9,3.4344139099121094,deepseek_api_parallel,,21097.0,2,Ujaran Kebencian - Sedang,0.36172125,True,21,4,4.5,False,True,False,0.0,1,0
"oh sayang, sampeyan katon kaya wong bodho ing kene, kanca!",positive,Bukan Ujaran Kebencian,1.0,0.0,rule_based_positive,,,2,Ujaran Kebencian - Sedang,0.36545005,False,58,10,4.9,False,True,False,0.0,1,0
Lesbian ora diijini ing pasamuwan,negative,Ujaran Kebencian - Berat,0.95,3.8940837383270255,deepseek_api_parallel,,2573.0,3,Ujaran Kebencian - Berat,0.36392373,True,33,5,5.8,False,False,True,0.030303030303030304,1,0
Apa salah karo negara asale para pengungsi sing ora bisa didandani?,negative,Ujaran Kebencian - Sedang,0.75,3.531797170639038,deepseek_api_parallel,,34537.0,2,Ujaran Kebencian - Sedang,0.37372753,True,67,11,5.181818181818182,False,True,True,0.014925373134328358,2,0
Congormu gak usah mbacot ae min Sarimin,negative,Ujaran Kebencian - Sedang,0.9,3.831580400466919,deepseek_api_parallel,,40717.0,2,Ujaran Kebencian - Sedang,0.3479247,True,39,7,4.714285714285714,False,False,True,0.05128205128205128,0,0
"Dheweke kekancan karo kakange & bojone sing sejatine duwe bruwang tembaga, mula aku ora sabar ngenteni kepiye kedadeyane. Muga-muga bajingan ireng rapey entuk apa sing bakal ditindakake",negative,Ujaran Kebencian - Berat,0.95,5.626446962356567,deepseek_api_parallel,,35705.0,3,Ujaran Kebencian - Berat,0.36348793,True,185,27,5.888888888888889,False,True,True,0.010810810810810811,3,0
aja ngarani iki kamera yen ora bisa njupuk gambar,positive,Bukan Ujaran Kebencian,1.0,0.0,rule_based_positive,,,2,Ujaran Kebencian - Sedang,0.31526917,False,49,9,4.555555555555555,False,False,False,0.0,2,0
Sampeyan ora bisa main tenis meja ing tim bocah-bocah wadon yen sampeyan bocah wadon cilik,negative,Ujaran Kebencian - Ringan,0.75,3.304011583328247,deepseek_api_parallel,,23028.0,2,Ujaran Kebencian - Sedang,0.34609047,False,90,15,5.066666666666666,False,False,True,0.011111111111111112,1,0
"jancok sampeyan, pus wulu amba",positive,Bukan Ujaran Kebencian,1.0,0.0,rule_based_positive,,,2,Ujaran Kebencian - Sedang,0.34744474,False,30,5,5.2,False,True,False,0.0,0,0
Shylocks ora resik,negative,Ujaran Kebencian - Ringan,0.75,3.7724575996398926,deepseek_api_parallel,,3918.0,2,Ujaran Kebencian - Sedang,0.3971732,False,18,3,5.333333333333333,False,False,True,0.05555555555555555,1,0
lagu iki bajingan,positive,Bukan Ujaran Kebencian,1.0,0.0,rule_based_positive,,,2,Ujaran Kebencian - Sedang,0.3234014,False,17,3,5.0,False,False,False,0.0,1,0
Aku sengit wong sing sengit marang wong Afrika,positive,Bukan Ujaran Kebencian,1.0,0.0,rule_based_positive,,,2,Ujaran Kebencian - Sedang,0.34159714,False,46,8,4.875,False,False,True,0.043478260869565216,2,0
"Aku wis musna ngerti akeh wong Arab, wong elek, kabeh.",negative,Ujaran Kebencian - Sedang,0.9,3.154273271560669,deepseek_api_parallel,,8986.0,2,Ujaran Kebencian - Sedang,0.38981754,True,54,10,4.5,False,True,True,0.037037037037037035,2,0
Aku seneng ide kanggo ngobong kabeh wong sing golek suaka,negative,Ujaran Kebencian - Berat,0.95,3.375748872756958,deepseek_api_parallel,,7608.0,0,Bukan Ujaran Kebencian,0.31175515,False,57,10,4.8,False,False,True,0.017543859649122806,2,0
Sampeyan wanita sing apik ing olahraga,positive,Bukan Ujaran Kebencian,1.0,0.0,rule_based_positive,,,2,Ujaran Kebencian - Sedang,0.30717808,False,38,6,5.5,False,False,True,0.02631578947368421,0,0
